calendar_date,inflow_cny,outflow_cny,transaction_count,ending_balance_cny,day_cut_basis,source_last_transaction_id,reconciliation_status,calendar_source,calendar_inference_status,is_bank_workday,business_step,target_date,execution_status
2024-01-01,6630000.00,0.00,1,6630000.00,last_posted_transaction_or_prior_closing_balance,synb1_txn_95c3179d8b8a63f08ba69ed6,trusted,cn_public_2022_2026_cycles_1_0,public_schedule_without_transaction_override,False,,,complete
2024-01-02,0.00,0.00,0,6630000.00,last_posted_transaction_or_prior_closing_balance,,trusted,cn_public_2022_2026_cycles_1_0,public_schedule_without_transaction_override,True,1,2024-01-03,complete
2024-01-03,0.00,0.00,0,6630000.00,last_posted_transaction_or_prior_closing_balance,,trusted,cn_public_2022_2026_cycles_1_0,public_schedule_without_transaction_override,True,2,2024-01-04,complete
2024-01-04,0.00,0.00,0,6630000.00,last_posted_transaction_or_prior_closing_balance,,trusted,cn_public_2022_2026_cycles_1_0,public_schedule_without_transaction_override,True,3,2024-01-05,complete
2024-01-05,9012.88,42752.74,3,6596260.14,last_posted_transaction_or_prior_closing_balance,synb1_txn_c3624cc925a19521c410b384,trusted,cn_public_2022_2026_cycles_1_0,public_schedule_without_transaction_override,True,4,2024-01-08,complete
2024-01-06,0.00,0.00,0,6596260.14,last_posted_transaction_or_prior_closing_balance,,trusted,cn_public_2022_2026_cycles_1_0,public_schedule_without_transaction_override,False,,,complete
2024-01-07,113250.33,125000.00,2,6584510.47,last_posted_transaction_or_prior_closing_balance,synb1_txn_bac3fcc05efaa10ceecb07c0,trusted,cn_public_2022_2026_cycles_1_0,public_schedule_without_transaction_override,False,,,complete
2024-01-08,33745.27,0.00,1,6618255.74,last_posted_transaction_or_prior_closing_balance,synb1_txn_f4be7f816fb46d2a2e54a8e3,trusted,cn_public_2022_2026_cycles_1_0,public_schedule_without_transaction_override,True,5,2024-01-09,complete
2024-01-09,0.00,0.00,0,6618255.74,last_posted_transaction_or_prior_closing_balance,,trusted,cn_public_2022_2026_cycles_1_0,public_schedule_without_transaction_override,True,6,2024-01-10,complete
2024-01-10,0.00,696506.68,1,5921749.06,last_posted_transaction_or_prior_closing_balance,synb1_txn_eb23c50c2234e304d9913f6d,trusted,cn_public_2022_2026_cycles_1_0,public_schedule_without_transaction_override,True,7,2024-01-11,complete
2024-01-11,7085.29,3871.73,2,5924962.62,last_posted_transaction_or_prior_closing_balance,synb1_txn_aee2afd61ac9b7e22effdddf,trusted,cn_public_2022_2026_cycles_1_0,public_schedule_without_transaction_override,True,8,2024-01-12,complete
2024-01-12,0.00,0.00,0,5924962.62,last_posted_transaction_or_prior_closing_balance,,trusted,cn_public_2022_2026_cycles_1_0,public_schedule_without_transaction_override,True,9,2024-01-15,complete
2024-01-13,0.00,0.00,0,5924962.62,last_posted_transaction_or_prior_closing_balance,,trusted,cn_public_2022_2026_cycles_1_0,public_schedule_without_transaction_override,False,,,complete
2024-01-14,0.00,0.00,0,5924962.62,last_posted_transaction_or_prior_closing_balance,,trusted,cn_public_2022_2026_cycles_1_0,public_schedule_without_transaction_override,False,,,complete
2024-01-15,0.00,0.00,0,5924962.62,last_posted_transaction_or_prior_closing_balance,,trusted,cn_public_2022_2026_cycles_1_0,public_schedule_without_transaction_override,True,10,2024-01-16,complete
2024-01-16,127198.94,0.00,1,6052161.56,last_posted_transaction_or_prior_closing_balance,synb1_txn_9078d4992e6e5dcc7b38e653,trusted,cn_public_2022_2026_cycles_1_0,public_schedule_without_transaction_override,True,11,2024-01-17,complete
2024-01-17,0.00,0.00,0,6052161.56,last_posted_transaction_or_prior_closing_balance,,trusted,cn_public_2022_2026_cycles_1_0,public_schedule_without_transaction_override,True,12,2024-01-18,complete
2024-01-18,1351.05,0.00,1,6053512.61,last_posted_transaction_or_prior_closing_balance,synb1_txn_d1d90c60cf2ed6bc92b45565,trusted,cn_public_2022_2026_cycles_1_0,public_schedule_without_transaction_override,True,13,2024-01-19,complete
2024-01-19,0.00,0.00,0,6053512.61,last_posted_transaction_or_prior_closing_balance,,trusted,cn_public_2022_2026_cycles_1_0,public_schedule_without_transaction_override,True,14,2024-01-22,complete
2024-01-20,0.00,0.00,0,6053512.61,last_posted_transaction_or_prior_closing_balance,,trusted,cn_public_2022_2026_cycles_1_0,public_schedule_without_transaction_override,False,,,complete
2024-01-21,0.00,21302.55,1,6032210.06,last_posted_transaction_or_prior_closing_balance,synb1_txn_de5e6ed44669d5534fe4fb35,trusted,cn_public_2022_2026_cycles_1_0,public_schedule_without_transaction_override,False,,,complete
2024-01-22,0.00,0.00,0,6032210.06,last_posted_transaction_or_prior_closing_balance,,trusted,cn_public_2022_2026_cycles_1_0,public_schedule_without_transaction_override,True,15,2024-01-23,complete
2024-01-23,0.00,620000.00,1,5412210.06,last_posted_transaction_or_prior_closing_balance,synb1_txn_e0139285a499d6a658b62afe,trusted,cn_public_2022_2026_cycles_1_0,public_schedule_without_transaction_override,True,16,2024-01-24,complete
2024-01-24,11187.92,4247.26,2,5419150.72,last_posted_transaction_or_prior_closing_balance,synb1_txn_4c4bc9011445061222c87168,trusted,cn_public_2022_2026_cycles_1_0,public_schedule_without_transaction_override,True,17,2024-01-25,complete
2024-01-25,33756.32,0.00,1,5452907.04,last_posted_transaction_or_prior_closing_balance,synb1_txn_a73c022b7f2b95a0a8893299,trusted,cn_public_2022_2026_cycles_1_0,public_schedule_without_transaction_override,True,18,2024-01-26,complete
2024-01-26,0.00,0.00,0,5452907.04,last_posted_transaction_or_prior_closing_balance,,trusted,cn_public_2022_2026_cycles_1_0,public_schedule_without_transaction_override,True,19,2024-01-29,complete
2024-01-27,0.00,0.00,0,5452907.04,last_posted_transaction_or_prior_closing_balance,,trusted,cn_public_2022_2026_cycles_1_0,public_schedule_without_transaction_override,False,,,complete
2024-01-28,0.00,0.00,0,5452907.04,last_posted_transaction_or_prior_closing_balance,,trusted,cn_public_2022_2026_cycles_1_0,public_schedule_without_transaction_override,False,,,complete
2024-01-29,0.00,0.00,0,5452907.04,last_posted_transaction_or_prior_closing_balance,,trusted,cn_public_2022_2026_cycles_1_0,public_schedule_without_transaction_override,True,20,2024-01-30,complete
2024-01-30,0.00,0.00,0,5452907.04,last_posted_transaction_or_prior_closing_balance,,trusted,cn_public_2022_2026_cycles_1_0,public_schedule_without_transaction_override,True,21,2024-01-31,complete
2024-01-31,0.00,0.00,0,5452907.04,last_posted_transaction_or_prior_closing_balance,,trusted,cn_public_2022_2026_cycles_1_0,public_schedule_without_transaction_override,True,22,2024-02-01,complete
2024-02-01,0.00,0.00,0,5452907.04,last_posted_transaction_or_prior_closing_balance,,trusted,cn_public_2022_2026_cycles_1_0,public_schedule_without_transaction_override,True,23,2024-02-02,complete
2024-02-02,89454.18,126661.28,2,5415699.94,last_posted_transaction_or_prior_closing_balance,synb1_txn_eff357519ceea3dae4216216,trusted,cn_public_2022_2026_cycles_1_0,public_schedule_without_transaction_override,True,24,2024-02-04,complete
2024-02-03,0.00,79917.41,2,5335782.53,last_posted_transaction_or_prior_closing_balance,synb1_txn_ba5f0ada1e74e0cb3e99fdb3,trusted,cn_public_2022_2026_cycles_1_0,public_schedule_without_transaction_override,False,,,complete
2024-02-04,51397.37,0.00,1,5387179.90,last_posted_transaction_or_prior_closing_balance,synb1_txn_1071fe891a4f1549878c3157,trusted,cn_public_2022_2026_cycles_1_0,public_schedule_without_transaction_override,True,25,2024-02-05,complete
2024-02-05,0.00,106165.89,2,5281014.01,last_posted_transaction_or_prior_closing_balance,synb1_txn_ae6b7339fa9c1d46e49d4aef,trusted,cn_public_2022_2026_cycles_1_0,public_schedule_without_transaction_override,True,26,2024-02-06,complete
2024-02-06,0.00,0.00,0,5281014.01,last_posted_transaction_or_prior_closing_balance,,trusted,cn_public_2022_2026_cycles_1_0,public_schedule_without_transaction_override,True,27,2024-02-07,complete
2024-02-07,0.00,125000.00,1,5156014.01,last_posted_transaction_or_prior_closing_balance,synb1_txn_f583cbce8aa0cec558bcfbc2,trusted,cn_public_2022_2026_cycles_1_0,public_schedule_without_transaction_override,True,28,2024-02-08,complete
2024-02-08,0.00,14649.53,1,5141364.48,last_posted_transaction_or_prior_closing_balance,synb1_txn_3528850b5c06c66828735817,trusted,cn_public_2022_2026_cycles_1_0,public_schedule_without_transaction_override,True,29,2024-02-09,complete
2024-02-09,0.00,0.00,0,5141364.48,last_posted_transaction_or_prior_closing_balance,,trusted,cn_public_2022_2026_cycles_1_0,public_schedule_without_transaction_override,True,30,2024-02-18,complete
2024-02-10,0.00,0.00,0,5141364.48,last_posted_transaction_or_prior_closing_balance,,trusted,cn_public_2022_2026_cycles_1_0,public_schedule_without_transaction_override,False,,,complete
2024-02-11,0.00,0.00,0,5141364.48,last_posted_transaction_or_prior_closing_balance,,trusted,cn_public_2022_2026_cycles_1_0,public_schedule_without_transaction_override,False,,,complete
2024-02-12,0.00,0.00,0,5141364.48,last_posted_transaction_or_prior_closing_balance,,trusted,cn_public_2022_2026_cycles_1_0,public_schedule_without_transaction_override,False,,,complete
2024-02-13,118556.77,0.00,1,5259921.25,last_posted_transaction_or_prior_closing_balance,synb1_txn_13675656d1e15f42aeb46677,trusted,cn_public_2022_2026_cycles_1_0,public_schedule_without_transaction_override,False,,,complete
2024-02-14,0.00,0.00,0,5259921.25,last_posted_transaction_or_prior_closing_balance,,trusted,cn_public_2022_2026_cycles_1_0,public_schedule_without_transaction_override,False,,,complete
2024-02-15,120343.15,0.00,1,5380264.40,last_posted_transaction_or_prior_closing_balance,synb1_txn_7c2d8a1d3dc2e9338a7dfd14,trusted,cn_public_2022_2026_cycles_1_0,public_schedule_without_transaction_override,False,,,complete
2024-02-16,0.00,0.00,0,5380264.40,last_posted_transaction_or_prior_closing_balance,,trusted,cn_public_2022_2026_cycles_1_0,public_schedule_without_transaction_override,False,,,complete
2024-02-17,0.00,53298.08,1,5326966.32,last_posted_transaction_or_prior_closing_balance,synb1_txn_647b1e142d7fe82bc49a87ec,trusted,cn_public_2022_2026_cycles_1_0,public_schedule_without_transaction_override,False,,,complete
2024-02-18,0.00,8975.68,2,5317990.64,last_posted_transaction_or_prior_closing_balance,synb1_txn_59f41277ac67a37973be6b3a,trusted,cn_public_2022_2026_cycles_1_0,public_schedule_without_transaction_override,True,31,2024-02-19,complete
2024-02-19,52128.44,0.00,1,5370119.08,last_posted_transaction_or_prior_closing_balance,synb1_txn_e543a0a27d22dc214522c6dd,trusted,cn_public_2022_2026_cycles_1_0,public_schedule_without_transaction_override,True,32,2024-02-20,complete
2024-02-20,0.00,480000.00,1,4890119.08,last_posted_transaction_or_prior_closing_balance,synb1_txn_00e93a274f591cd58903a925,trusted,cn_public_2022_2026_cycles_1_0,public_schedule_without_transaction_override,True,33,2024-02-21,complete
2024-02-21,136457.90,0.00,1,5026576.98,last_posted_transaction_or_prior_closing_balance,synb1_txn_a98d538f936cb03c25fbcceb,trusted,cn_public_2022_2026_cycles_1_0,public_schedule_without_transaction_override,True,34,2024-02-22,complete
2024-02-22,0.00,0.00,0,5026576.98,last_posted_transaction_or_prior_closing_balance,,trusted,cn_public_2022_2026_cycles_1_0,public_schedule_without_transaction_override,True,35,2024-02-23,complete
2024-02-23,19373.46,3322.82,2,5042627.62,last_posted_transaction_or_prior_closing_balance,synb1_txn_c12f225195668b48d2158f0c,trusted,cn_public_2022_2026_cycles_1_0,public_schedule_without_transaction_override,True,36,2024-02-26,complete
2024-02-24,1469.01,571400.19,2,4472696.44,last_posted_transaction_or_prior_closing_balance,synb1_txn_e25c90692020a0e18bff90a3,trusted,cn_public_2022_2026_cycles_1_0,public_schedule_without_transaction_override,False,,,complete
2024-02-25,0.00,0.00,0,4472696.44,last_posted_transaction_or_prior_closing_balance,,trusted,cn_public_2022_2026_cycles_1_0,public_schedule_without_transaction_override,False,,,complete
2024-02-26,306929.72,0.00,1,4779626.16,last_posted_transaction_or_prior_closing_balance,synb1_txn_523c45d6094637408a4cb0c2,trusted,cn_public_2022_2026_cycles_1_0,public_schedule_without_transaction_override,True,37,2024-02-27,complete
2024-02-27,0.00,0.00,0,4779626.16,last_posted_transaction_or_prior_closing_balance,,trusted,cn_public_2022_2026_cycles_1_0,public_schedule_without_transaction_override,True,38,2024-02-28,complete
2024-02-28,0.00,0.00,0,4779626.16,last_posted_transaction_or_prior_closing_balance,,trusted,cn_public_2022_2026_cycles_1_0,public_schedule_without_transaction_override,True,39,2024-02-29,complete
2024-02-29,0.00,0.00,0,4779626.16,last_posted_transaction_or_prior_closing_balance,,trusted,cn_public_2022_2026_cycles_1_0,public_schedule_without_transaction_override,True,40,2024-03-01,complete
2024-03-01,0.00,0.00,0,4779626.16,last_posted_transaction_or_prior_closing_balance,,trusted,cn_public_2022_2026_cycles_1_0,public_schedule_without_transaction_override,True,41,2024-03-04,complete
2024-03-02,0.00,105118.14,1,4674508.02,last_posted_transaction_or_prior_closing_balance,synb1_txn_847daa309f7d5e8a56b46201,trusted,cn_public_2022_2026_cycles_1_0,public_schedule_without_transaction_override,False,,,complete
2024-03-03,6098.69,0.00,1,4680606.71,last_posted_transaction_or_prior_closing_balance,synb1_txn_337ccb58a9ce7e2aa7a97f85,trusted,cn_public_2022_2026_cycles_1_0,public_schedule_without_transaction_override,False,,,complete
2024-03-04,98757.46,0.00,1,4779364.17,last_posted_transaction_or_prior_closing_balance,synb1_txn_6de96d7490d64c31f2e47632,trusted,cn_public_2022_2026_cycles_1_0,public_schedule_without_transaction_override,True,42,2024-03-05,complete
2024-03-05,0.00,26000.00,1,4753364.17,last_posted_transaction_or_prior_closing_balance,synb1_txn_bce1fee3eeea9edbdc233afa,trusted,cn_public_2022_2026_cycles_1_0,public_schedule_without_transaction_override,True,43,2024-03-06,complete
2024-03-06,52046.72,188920.62,2,4616490.27,last_posted_transaction_or_prior_closing_balance,synb1_txn_5d2571184204dffc01a9f3e8,trusted,cn_public_2022_2026_cycles_1_0,public_schedule_without_transaction_override,True,44,2024-03-07,complete
2024-03-07,0.00,125000.00,1,4491490.27,last_posted_transaction_or_prior_closing_balance,synb1_txn_a2757d7d641f58e6469c4061,trusted,cn_public_2022_2026_cycles_1_0,public_schedule_without_transaction_override,True,45,2024-03-08,complete
2024-03-08,126592.69,7206.48,2,4610876.48,last_posted_transaction_or_prior_closing_balance,synb1_txn_3fdeaef1e577b16c581e9c7a,trusted,cn_public_2022_2026_cycles_1_0,public_schedule_without_transaction_override,True,46,2024-03-11,complete
2024-03-09,104630.88,22204.75,3,4693302.61,last_posted_transaction_or_prior_closing_balance,synb1_txn_61f5b4b5644f9f1e227a0b83,trusted,cn_public_2022_2026_cycles_1_0,public_schedule_without_transaction_override,False,,,complete
2024-03-10,0.00,0.00,0,4693302.61,last_posted_transaction_or_prior_closing_balance,,trusted,cn_public_2022_2026_cycles_1_0,public_schedule_without_transaction_override,False,,,complete
2024-03-11,184369.06,51073.39,2,4826598.28,last_posted_transaction_or_prior_closing_balance,synb1_txn_21b1e7a874728b9072b56da0,trusted,cn_public_2022_2026_cycles_1_0,public_schedule_without_transaction_override,True,47,2024-03-12,complete
2024-03-12,4459.59,107750.26,4,4723307.61,last_posted_transaction_or_prior_closing_balance,synb1_txn_e7c350890b84d79b7fb581f8,trusted,cn_public_2022_2026_cycles_1_0,public_schedule_without_transaction_override,True,48,2024-03-13,complete
2024-03-13,0.00,0.00,0,4723307.61,last_posted_transaction_or_prior_closing_balance,,trusted,cn_public_2022_2026_cycles_1_0,public_schedule_without_transaction_override,True,49,2024-03-14,complete
2024-03-14,0.00,0.00,0,4723307.61,last_posted_transaction_or_prior_closing_balance,,trusted,cn_public_2022_2026_cycles_1_0,public_schedule_without_transaction_override,True,50,2024-03-15,complete
2024-03-15,0.00,0.00,0,4723307.61,last_posted_transaction_or_prior_closing_balance,,trusted,cn_public_2022_2026_cycles_1_0,public_schedule_without_transaction_override,True,51,2024-03-18,complete
2024-03-16,0.00,12674.00,1,4710633.61,last_posted_transaction_or_prior_closing_balance,synb1_txn_0b5a8f520abb404264ec2e4a,trusted,cn_public_2022_2026_cycles_1_0,public_schedule_without_transaction_override,False,,,complete
2024-03-17,48604.91,0.00,1,4759238.52,last_posted_transaction_or_prior_closing_balance,synb1_txn_db455d4b0fd3243d5a3c63d2,trusted,cn_public_2022_2026_cycles_1_0,public_schedule_without_transaction_override,False,,,complete
2024-03-18,10715.22,11501.28,3,4758452.46,last_posted_transaction_or_prior_closing_balance,synb1_txn_dc9d027b584fb63468e5eeab,trusted,cn_public_2022_2026_cycles_1_0,public_schedule_without_transaction_override,True,52,2024-03-19,complete
2024-03-19,18258.76,85322.22,3,4691389.00,last_posted_transaction_or_prior_closing_balance,synb1_txn_4e82e09f9c6825dd8398705a,trusted,cn_public_2022_2026_cycles_1_0,public_schedule_without_transaction_override,True,53,2024-03-20,complete
2024-03-20,51029.44,0.00,1,4742418.44,last_posted_transaction_or_prior_closing_balance,synb1_txn_b7966459ddb70f12089cb2f2,trusted,cn_public_2022_2026_cycles_1_0,public_schedule_without_transaction_override,True,54,2024-03-21,complete
2024-03-21,0.00,1119.52,1,4741298.92,last_posted_transaction_or_prior_closing_balance,synb1_txn_6fea88c5dc83fdf98eef4c72,trusted,cn_public_2022_2026_cycles_1_0,public_schedule_without_transaction_override,True,55,2024-03-22,complete
2024-03-22,0.00,0.00,0,4741298.92,last_posted_transaction_or_prior_closing_balance,,trusted,cn_public_2022_2026_cycles_1_0,public_schedule_without_transaction_override,True,56,2024-03-25,complete
2024-03-23,26066.27,0.00,1,4767365.19,last_posted_transaction_or_prior_closing_balance,synb1_txn_54895313748dbab52b89c8b6,trusted,cn_public_2022_2026_cycles_1_0,public_schedule_without_transaction_override,False,,,complete
2024-03-24,0.00,0.00,0,4767365.19,last_posted_transaction_or_prior_closing_balance,,trusted,cn_public_2022_2026_cycles_1_0,public_schedule_without_transaction_override,False,,,complete
2024-03-25,0.00,19782.30,1,4747582.89,last_posted_transaction_or_prior_closing_balance,synb1_txn_6e24e1b076e779676c7852c6,trusted,cn_public_2022_2026_cycles_1_0,public_schedule_without_transaction_override,True,57,2024-03-26,complete
2024-03-26,0.00,0.00,0,4747582.89,last_posted_transaction_or_prior_closing_balance,,trusted,cn_public_2022_2026_cycles_1_0,public_schedule_without_transaction_override,True,58,2024-03-27,complete
2024-03-27,0.00,0.00,0,4747582.89,last_posted_transaction_or_prior_closing_balance,,trusted,cn_public_2022_2026_cycles_1_0,public_schedule_without_transaction_override,True,59,2024-03-28,complete
2024-03-28,97324.31,0.00,2,4844907.20,last_posted_transaction_or_prior_closing_balance,synb1_txn_e910d3f4c6db0c1fb065f9a0,trusted,cn_public_2022_2026_cycles_1_0,public_schedule_without_transaction_override,True,60,2024-03-29,complete
2024-03-29,0.00,0.00,0,4844907.20,last_posted_transaction_or_prior_closing_balance,,trusted,cn_public_2022_2026_cycles_1_0,public_schedule_without_transaction_override,True,61,2024-04-01,complete
2024-03-30,0.00,0.00,0,4844907.20,last_posted_transaction_or_prior_closing_balance,,trusted,cn_public_2022_2026_cycles_1_0,public_schedule_without_transaction_override,False,,,complete
2024-03-31,0.00,0.00,0,4844907.20,last_posted_transaction_or_prior_closing_balance,,trusted,cn_public_2022_2026_cycles_1_0,public_schedule_without_transaction_override,False,,,complete
2024-04-01,0.00,0.00,0,4844907.20,last_posted_transaction_or_prior_closing_balance,,trusted,cn_public_2022_2026_cycles_1_0,public_schedule_without_transaction_override,True,62,2024-04-02,complete
2024-04-02,232785.11,0.00,1,5077692.31,last_posted_transaction_or_prior_closing_balance,synb1_txn_47cca0f3b752f544bb6f73a8,trusted,cn_public_2022_2026_cycles_1_0,public_schedule_without_transaction_override,True,63,2024-04-03,complete
2024-04-03,0.00,0.00,0,5077692.31,last_posted_transaction_or_prior_closing_balance,,trusted,cn_public_2022_2026_cycles_1_0,public_schedule_without_transaction_override,True,64,2024-04-07,complete
2024-04-04,0.00,0.00,0,5077692.31,last_posted_transaction_or_prior_closing_balance,,trusted,cn_public_2022_2026_cycles_1_0,public_schedule_without_transaction_override,False,,,complete
2024-04-05,0.00,26000.00,1,5051692.31,last_posted_transaction_or_prior_closing_balance,synb1_txn_0c71a928d881b74a2a2a3452,trusted,cn_public_2022_2026_cycles_1_0,public_schedule_without_transaction_override,False,,,complete
2024-04-06,0.00,0.00,0,5051692.31,last_posted_transaction_or_prior_closing_balance,,trusted,cn_public_2022_2026_cycles_1_0,public_schedule_without_transaction_override,False,,,complete
2024-04-07,86805.85,125000.00,2,5013498.16,last_posted_transaction_or_prior_closing_balance,synb1_txn_205e72cac1ef782dd6740f3b,trusted,cn_public_2022_2026_cycles_1_0,public_schedule_without_transaction_override,True,65,2024-04-08,complete
2024-04-08,0.00,16007.05,1,4997491.11,last_posted_transaction_or_prior_closing_balance,synb1_txn_90c8a61be8ea604b41b25869,trusted,cn_public_2022_2026_cycles_1_0,public_schedule_without_transaction_override,True,66,2024-04-09,complete
2024-04-09,0.00,159176.87,1,4838314.24,last_posted_transaction_or_prior_closing_balance,synb1_txn_13cca83ebcc813436af84fce,trusted,cn_public_2022_2026_cycles_1_0,public_schedule_without_transaction_override,True,67,2024-04-10,complete
2024-04-10,12235.45,32140.43,2,4818409.26,last_posted_transaction_or_prior_closing_balance,synb1_txn_412af5fb6dd3f03f34d6d836,trusted,cn_public_2022_2026_cycles_1_0,public_schedule_without_transaction_override,True,68,2024-04-11,complete
2024-04-11,0.00,0.00,0,4818409.26,last_posted_transaction_or_prior_closing_balance,,trusted,cn_public_2022_2026_cycles_1_0,public_schedule_without_transaction_override,True,69,2024-04-12,complete
2024-04-12,0.00,1582.66,1,4816826.60,last_posted_transaction_or_prior_closing_balance,synb1_txn_4ffe60bf655b0bf37da9b5fd,trusted,cn_public_2022_2026_cycles_1_0,public_schedule_without_transaction_override,True,70,2024-04-15,complete
2024-04-13,0.00,0.00,0,4816826.60,last_posted_transaction_or_prior_closing_balance,,trusted,cn_public_2022_2026_cycles_1_0,public_schedule_without_transaction_override,False,,,complete
2024-04-14,30667.87,0.00,1,4847494.47,last_posted_transaction_or_prior_closing_balance,synb1_txn_f67504d7ccd6d728b434db0e,trusted,cn_public_2022_2026_cycles_1_0,public_schedule_without_transaction_override,False,,,complete
2024-04-15,0.00,27227.66,2,4820266.81,last_posted_transaction_or_prior_closing_balance,synb1_txn_3c7aa8664dc27ec54e8bb528,trusted,cn_public_2022_2026_cycles_1_0,public_schedule_without_transaction_override,True,71,2024-04-16,complete
2024-04-16,12832.35,3247.70,2,4829851.46,last_posted_transaction_or_prior_closing_balance,synb1_txn_5dba338f8a2200438267236c,trusted,cn_public_2022_2026_cycles_1_0,public_schedule_without_transaction_override,True,72,2024-04-17,complete
2024-04-17,0.00,52832.21,1,4777019.25,last_posted_transaction_or_prior_closing_balance,synb1_txn_6c7cdca59f9a970357aebe32,trusted,cn_public_2022_2026_cycles_1_0,public_schedule_without_transaction_override,True,73,2024-04-18,complete
2024-04-18,0.00,6222.72,2,4770796.53,last_posted_transaction_or_prior_closing_balance,synb1_txn_20811536f25b9466ae518f44,trusted,cn_public_2022_2026_cycles_1_0,public_schedule_without_transaction_override,True,74,2024-04-19,complete
2024-04-19,0.00,0.00,0,4770796.53,last_posted_transaction_or_prior_closing_balance,,trusted,cn_public_2022_2026_cycles_1_0,public_schedule_without_transaction_override,True,75,2024-04-22,complete
2024-04-20,0.00,0.00,0,4770796.53,last_posted_transaction_or_prior_closing_balance,,trusted,cn_public_2022_2026_cycles_1_0,public_schedule_without_transaction_override,False,,,complete
2024-04-21,0.00,19343.82,1,4751452.71,last_posted_transaction_or_prior_closing_balance,synb1_txn_bbd97b325c1611679f6d4606,trusted,cn_public_2022_2026_cycles_1_0,public_schedule_without_transaction_override,False,,,complete
2024-04-22,0.00,0.00,0,4751452.71,last_posted_transaction_or_prior_closing_balance,,trusted,cn_public_2022_2026_cycles_1_0,public_schedule_without_transaction_override,True,76,2024-04-23,complete
2024-04-23,0.00,0.00,0,4751452.71,last_posted_transaction_or_prior_closing_balance,,trusted,cn_public_2022_2026_cycles_1_0,public_schedule_without_transaction_override,True,77,2024-04-24,complete
2024-04-24,0.00,0.00,0,4751452.71,last_posted_transaction_or_prior_closing_balance,,trusted,cn_public_2022_2026_cycles_1_0,public_schedule_without_transaction_override,True,78,2024-04-25,complete
2024-04-25,0.00,0.00,0,4751452.71,last_posted_transaction_or_prior_closing_balance,,trusted,cn_public_2022_2026_cycles_1_0,public_schedule_without_transaction_override,True,79,2024-04-26,complete
2024-04-26,0.00,0.00,0,4751452.71,last_posted_transaction_or_prior_closing_balance,,trusted,cn_public_2022_2026_cycles_1_0,public_schedule_without_transaction_override,True,80,2024-04-28,complete
2024-04-27,58893.37,0.00,2,4810346.08,last_posted_transaction_or_prior_closing_balance,synb1_txn_b686e01490c32ffa1238a830,trusted,cn_public_2022_2026_cycles_1_0,public_schedule_without_transaction_override,False,,,complete
2024-04-28,0.00,0.00,0,4810346.08,last_posted_transaction_or_prior_closing_balance,,trusted,cn_public_2022_2026_cycles_1_0,public_schedule_without_transaction_override,True,81,2024-04-29,complete
2024-04-29,0.00,0.00,0,4810346.08,last_posted_transaction_or_prior_closing_balance,,trusted,cn_public_2022_2026_cycles_1_0,public_schedule_without_transaction_override,True,82,2024-04-30,complete
2024-04-30,0.00,0.00,0,4810346.08,last_posted_transaction_or_prior_closing_balance,,trusted,cn_public_2022_2026_cycles_1_0,public_schedule_without_transaction_override,True,83,2024-05-06,complete
2024-05-01,0.00,0.00,0,4810346.08,last_posted_transaction_or_prior_closing_balance,,trusted,cn_public_2022_2026_cycles_1_0,public_schedule_without_transaction_override,False,,,complete
2024-05-02,0.00,91660.85,2,4718685.23,last_posted_transaction_or_prior_closing_balance,synb1_txn_309e437844b0d4ab3b533a4b,trusted,cn_public_2022_2026_cycles_1_0,public_schedule_without_transaction_override,False,,,complete
2024-05-03,0.00,0.00,0,4718685.23,last_posted_transaction_or_prior_closing_balance,,trusted,cn_public_2022_2026_cycles_1_0,public_schedule_without_transaction_override,False,,,complete
2024-05-04,0.00,953.63,1,4717731.60,last_posted_transaction_or_prior_closing_balance,synb1_txn_6c7d07c817e41f852bd042b4,trusted,cn_public_2022_2026_cycles_1_0,public_schedule_without_transaction_override,False,,,complete
2024-05-05,65574.78,26000.00,2,4757306.38,last_posted_transaction_or_prior_closing_balance,synb1_txn_40a1d7dbac1cd30414b3c623,trusted,cn_public_2022_2026_cycles_1_0,public_schedule_without_transaction_override,False,,,complete
2024-05-06,0.00,0.00,0,4757306.38,last_posted_transaction_or_prior_closing_balance,,trusted,cn_public_2022_2026_cycles_1_0,public_schedule_without_transaction_override,True,84,2024-05-07,complete
2024-05-07,0.00,292377.72,2,4464928.66,last_posted_transaction_or_prior_closing_balance,synb1_txn_1810f8f927f18d257799aaa9,trusted,cn_public_2022_2026_cycles_1_0,public_schedule_without_transaction_override,True,85,2024-05-08,complete
2024-05-08,396624.13,410482.45,2,4451070.34,last_posted_transaction_or_prior_closing_balance,synb1_txn_2c9840dc34c1bcb619dc2be1,trusted,cn_public_2022_2026_cycles_1_0,public_schedule_without_transaction_override,True,86,2024-05-09,complete
2024-05-09,0.00,0.00,0,4451070.34,last_posted_transaction_or_prior_closing_balance,,trusted,cn_public_2022_2026_cycles_1_0,public_schedule_without_transaction_override,True,87,2024-05-10,complete
2024-05-10,0.00,15311.57,1,4435758.77,last_posted_transaction_or_prior_closing_balance,synb1_txn_34f60a7264f5a88929a36d5a,trusted,cn_public_2022_2026_cycles_1_0,public_schedule_without_transaction_override,True,88,2024-05-11,complete
2024-05-11,13338.51,472.06,2,4448625.22,last_posted_transaction_or_prior_closing_balance,synb1_txn_beb62c8775e17232a1244b21,trusted,cn_public_2022_2026_cycles_1_0,public_schedule_without_transaction_override,True,89,2024-05-13,complete
2024-05-12,184740.58,0.00,1,4633365.80,last_posted_transaction_or_prior_closing_balance,synb1_txn_e7a495c6bdf2b0e512616063,trusted,cn_public_2022_2026_cycles_1_0,public_schedule_without_transaction_override,False,,,complete
2024-05-13,0.00,0.00,0,4633365.80,last_posted_transaction_or_prior_closing_balance,,trusted,cn_public_2022_2026_cycles_1_0,public_schedule_without_transaction_override,True,90,2024-05-14,complete
2024-05-14,74950.54,898.45,4,4707417.89,last_posted_transaction_or_prior_closing_balance,synb1_txn_f2f9a5fc5cf42d47c46ee980,trusted,cn_public_2022_2026_cycles_1_0,public_schedule_without_transaction_override,True,91,2024-05-15,complete
2024-05-15,0.00,0.00,0,4707417.89,last_posted_transaction_or_prior_closing_balance,,trusted,cn_public_2022_2026_cycles_1_0,public_schedule_without_transaction_override,True,92,2024-05-16,complete
2024-05-16,21979.62,6043.27,2,4723354.24,last_posted_transaction_or_prior_closing_balance,synb1_txn_9b224cc8be427d97949feb11,trusted,cn_public_2022_2026_cycles_1_0,public_schedule_without_transaction_override,True,93,2024-05-17,complete
2024-05-17,0.00,1269.39,1,4722084.85,last_posted_transaction_or_prior_closing_balance,synb1_txn_402e63a3d0ce5781e9f2c447,trusted,cn_public_2022_2026_cycles_1_0,public_schedule_without_transaction_override,True,94,2024-05-20,complete
2024-05-18,0.00,0.00,0,4722084.85,last_posted_transaction_or_prior_closing_balance,,trusted,cn_public_2022_2026_cycles_1_0,public_schedule_without_transaction_override,False,,,complete
2024-05-19,18606.70,0.00,1,4740691.55,last_posted_transaction_or_prior_closing_balance,synb1_txn_fc6885e8c5658bd64faf5799,trusted,cn_public_2022_2026_cycles_1_0,public_schedule_without_transaction_override,False,,,complete
2024-05-20,518032.10,3227.28,4,5255496.37,last_posted_transaction_or_prior_closing_balance,synb1_txn_23fd293e3ffc55603dd7bc78,trusted,cn_public_2022_2026_cycles_1_0,public_schedule_without_transaction_override,True,95,2024-05-21,complete
2024-05-21,0.00,0.00,0,5255496.37,last_posted_transaction_or_prior_closing_balance,,trusted,cn_public_2022_2026_cycles_1_0,public_schedule_without_transaction_override,True,96,2024-05-22,complete
2024-05-22,143251.04,20798.65,3,5377948.76,last_posted_transaction_or_prior_closing_balance,synb1_txn_2855e83768dfb938f63e1b90,trusted,cn_public_2022_2026_cycles_1_0,public_schedule_without_transaction_override,True,97,2024-05-23,complete
2024-05-23,0.00,0.00,0,5377948.76,last_posted_transaction_or_prior_closing_balance,,trusted,cn_public_2022_2026_cycles_1_0,public_schedule_without_transaction_override,True,98,2024-05-24,complete
2024-05-24,0.00,0.00,0,5377948.76,last_posted_transaction_or_prior_closing_balance,,trusted,cn_public_2022_2026_cycles_1_0,public_schedule_without_transaction_override,True,99,2024-05-27,complete
2024-05-25,0.00,7608.19,1,5370340.57,last_posted_transaction_or_prior_closing_balance,synb1_txn_aa94b0a746d1d3015c979b9d,trusted,cn_public_2022_2026_cycles_1_0,public_schedule_without_transaction_override,False,,,complete
2024-05-26,0.00,0.00,0,5370340.57,last_posted_transaction_or_prior_closing_balance,,trusted,cn_public_2022_2026_cycles_1_0,public_schedule_without_transaction_override,False,,,complete
2024-05-27,0.00,1714.43,1,5368626.14,last_posted_transaction_or_prior_closing_balance,synb1_txn_68368def48eb43f7f4f83f3a,trusted,cn_public_2022_2026_cycles_1_0,public_schedule_without_transaction_override,True,100,2024-05-28,complete
2024-05-28,0.00,0.00,0,5368626.14,last_posted_transaction_or_prior_closing_balance,,trusted,cn_public_2022_2026_cycles_1_0,public_schedule_without_transaction_override,True,101,2024-05-29,complete
2024-05-29,0.00,0.00,0,5368626.14,last_posted_transaction_or_prior_closing_balance,,trusted,cn_public_2022_2026_cycles_1_0,public_schedule_without_transaction_override,True,102,2024-05-30,complete
2024-05-30,0.00,0.00,0,5368626.14,last_posted_transaction_or_prior_closing_balance,,trusted,cn_public_2022_2026_cycles_1_0,public_schedule_without_transaction_override,True,103,2024-05-31,complete
2024-05-31,0.00,0.00,0,5368626.14,last_posted_transaction_or_prior_closing_balance,,trusted,cn_public_2022_2026_cycles_1_0,public_schedule_without_transaction_override,True,104,2024-06-03,complete
2024-06-01,0.00,0.00,0,5368626.14,last_posted_transaction_or_prior_closing_balance,,trusted,cn_public_2022_2026_cycles_1_0,public_schedule_without_transaction_override,False,,,complete
2024-06-02,0.00,13440.16,1,5355185.98,last_posted_transaction_or_prior_closing_balance,synb1_txn_f72e5d32b22bc447858f56aa,trusted,cn_public_2022_2026_cycles_1_0,public_schedule_without_transaction_override,False,,,complete
2024-06-03,0.00,0.00,0,5355185.98,last_posted_transaction_or_prior_closing_balance,,trusted,cn_public_2022_2026_cycles_1_0,public_schedule_without_transaction_override,True,105,2024-06-04,complete
2024-06-04,113945.33,0.00,1,5469131.31,last_posted_transaction_or_prior_closing_balance,synb1_txn_3b7f4d15976e3cd88f035297,trusted,cn_public_2022_2026_cycles_1_0,public_schedule_without_transaction_override,True,106,2024-06-05,complete
2024-06-05,0.00,26000.00,1,5443131.31,last_posted_transaction_or_prior_closing_balance,synb1_txn_338912fdf0389344dca2976e,trusted,cn_public_2022_2026_cycles_1_0,public_schedule_without_transaction_override,True,107,2024-06-06,complete
2024-06-06,456669.34,1080.37,2,5898720.28,last_posted_transaction_or_prior_closing_balance,synb1_txn_0206cdec33b7b5b137b67b21,trusted,cn_public_2022_2026_cycles_1_0,public_schedule_without_transaction_override,True,108,2024-06-07,complete
2024-06-07,18635.25,112000.00,2,5805355.53,last_posted_transaction_or_prior_closing_balance,synb1_txn_6c9a1e2af18fbf3c2e6dd24a,trusted,cn_public_2022_2026_cycles_1_0,public_schedule_without_transaction_override,True,109,2024-06-11,complete
2024-06-08,0.00,2858.28,1,5802497.25,last_posted_transaction_or_prior_closing_balance,synb1_txn_3c2364a5fee52213bf9c812a,trusted,cn_public_2022_2026_cycles_1_0,public_schedule_without_transaction_override,False,,,complete
2024-06-09,0.00,338529.43,2,5463967.82,last_posted_transaction_or_prior_closing_balance,synb1_txn_552f7cedffc586248f63705f,trusted,cn_public_2022_2026_cycles_1_0,public_schedule_without_transaction_override,False,,,complete
2024-06-10,0.00,0.00,0,5463967.82,last_posted_transaction_or_prior_closing_balance,,trusted,cn_public_2022_2026_cycles_1_0,public_schedule_without_transaction_override,False,,,complete
2024-06-11,0.00,0.00,0,5463967.82,last_posted_transaction_or_prior_closing_balance,,trusted,cn_public_2022_2026_cycles_1_0,public_schedule_without_transaction_override,True,110,2024-06-12,complete
2024-06-12,0.00,0.00,0,5463967.82,last_posted_transaction_or_prior_closing_balance,,trusted,cn_public_2022_2026_cycles_1_0,public_schedule_without_transaction_override,True,111,2024-06-13,complete
2024-06-13,0.00,78615.80,1,5385352.02,last_posted_transaction_or_prior_closing_balance,synb1_txn_66873110222d619231fe1dbd,trusted,cn_public_2022_2026_cycles_1_0,public_schedule_without_transaction_override,True,112,2024-06-14,complete
2024-06-14,145562.57,0.00,1,5530914.59,last_posted_transaction_or_prior_closing_balance,synb1_txn_e71df51ba5a5e00cf8a91c99,trusted,cn_public_2022_2026_cycles_1_0,public_schedule_without_transaction_override,True,113,2024-06-17,complete
2024-06-15,0.00,0.00,0,5530914.59,last_posted_transaction_or_prior_closing_balance,,trusted,cn_public_2022_2026_cycles_1_0,public_schedule_without_transaction_override,False,,,complete
2024-06-16,0.00,0.00,0,5530914.59,last_posted_transaction_or_prior_closing_balance,,trusted,cn_public_2022_2026_cycles_1_0,public_schedule_without_transaction_override,False,,,complete
2024-06-17,0.00,25073.19,2,5505841.40,last_posted_transaction_or_prior_closing_balance,synb1_txn_ef29d29dbecf66fabdde5111,trusted,cn_public_2022_2026_cycles_1_0,public_schedule_without_transaction_override,True,114,2024-06-18,complete
2024-06-18,0.00,118107.68,3,5387733.72,last_posted_transaction_or_prior_closing_balance,synb1_txn_23b8c0a961fdbc5b86e0ffb5,trusted,cn_public_2022_2026_cycles_1_0,public_schedule_without_transaction_override,True,115,2024-06-19,complete
2024-06-19,0.00,0.00,0,5387733.72,last_posted_transaction_or_prior_closing_balance,,trusted,cn_public_2022_2026_cycles_1_0,public_schedule_without_transaction_override,True,116,2024-06-20,complete
2024-06-20,52297.53,160843.73,2,5279187.52,last_posted_transaction_or_prior_closing_balance,synb1_txn_f527cde6090678cdab8bf1e7,trusted,cn_public_2022_2026_cycles_1_0,public_schedule_without_transaction_override,True,117,2024-06-21,complete
2024-06-21,0.00,0.00,0,5279187.52,last_posted_transaction_or_prior_closing_balance,,trusted,cn_public_2022_2026_cycles_1_0,public_schedule_without_transaction_override,True,118,2024-06-24,complete
2024-06-22,0.00,84885.13,2,5194302.39,last_posted_transaction_or_prior_closing_balance,synb1_txn_da3501fde3bcda4497b27424,trusted,cn_public_2022_2026_cycles_1_0,public_schedule_without_transaction_override,False,,,complete
2024-06-23,42744.25,0.00,1,5237046.64,last_posted_transaction_or_prior_closing_balance,synb1_txn_3e2572e869949d0a70c8ee89,trusted,cn_public_2022_2026_cycles_1_0,public_schedule_without_transaction_override,False,,,complete
2024-06-24,121116.24,0.00,1,5358162.88,last_posted_transaction_or_prior_closing_balance,synb1_txn_256263ac45289d8a7c777d72,trusted,cn_public_2022_2026_cycles_1_0,public_schedule_without_transaction_override,True,119,2024-06-25,complete
2024-06-25,9585.38,8385.25,2,5359363.01,last_posted_transaction_or_prior_closing_balance,synb1_txn_f3b57c3ff012777d3fb410d7,trusted,cn_public_2022_2026_cycles_1_0,public_schedule_without_transaction_override,True,120,2024-06-26,complete
2024-06-26,0.00,154807.60,1,5204555.41,last_posted_transaction_or_prior_closing_balance,synb1_txn_95c0f2435556e96a4fda6254,trusted,cn_public_2022_2026_cycles_1_0,public_schedule_without_transaction_override,True,121,2024-06-27,complete
2024-06-27,156917.70,155806.88,3,5205666.23,last_posted_transaction_or_prior_closing_balance,synb1_txn_6713efbbcfff0a39ea0a39f5,trusted,cn_public_2022_2026_cycles_1_0,public_schedule_without_transaction_override,True,122,2024-06-28,complete
2024-06-28,504416.41,0.00,2,5710082.64,last_posted_transaction_or_prior_closing_balance,synb1_txn_b3f21cc6ba59541bc58f3788,trusted,cn_public_2022_2026_cycles_1_0,public_schedule_without_transaction_override,True,123,2024-07-01,complete
2024-06-29,0.00,0.00,0,5710082.64,last_posted_transaction_or_prior_closing_balance,,trusted,cn_public_2022_2026_cycles_1_0,public_schedule_without_transaction_override,False,,,complete
2024-06-30,0.00,0.00,0,5710082.64,last_posted_transaction_or_prior_closing_balance,,trusted,cn_public_2022_2026_cycles_1_0,public_schedule_without_transaction_override,False,,,complete
2024-07-01,0.00,0.00,0,5710082.64,last_posted_transaction_or_prior_closing_balance,,trusted,cn_public_2022_2026_cycles_1_0,public_schedule_without_transaction_override,True,124,2024-07-02,complete
2024-07-02,101961.95,51321.09,2,5760723.50,last_posted_transaction_or_prior_closing_balance,synb1_txn_45c3c1914eb38b1e80921fdf,trusted,cn_public_2022_2026_cycles_1_0,public_schedule_without_transaction_override,True,125,2024-07-03,complete
2024-07-03,15417.09,0.00,1,5776140.59,last_posted_transaction_or_prior_closing_balance,synb1_txn_8ae98d6d7ac172c79c70ea3e,trusted,cn_public_2022_2026_cycles_1_0,public_schedule_without_transaction_override,True,126,2024-07-04,complete
2024-07-04,437011.68,311758.73,2,5901393.54,last_posted_transaction_or_prior_closing_balance,synb1_txn_daa97e35b0ec527a9fb49836,trusted,cn_public_2022_2026_cycles_1_0,public_schedule_without_transaction_override,True,127,2024-07-05,complete
2024-07-05,53846.12,26000.00,2,5929239.66,last_posted_transaction_or_prior_closing_balance,synb1_txn_bea0576ddd1348ad8f13aafa,trusted,cn_public_2022_2026_cycles_1_0,public_schedule_without_transaction_override,True,128,2024-07-08,complete
2024-07-06,0.00,0.00,0,5929239.66,last_posted_transaction_or_prior_closing_balance,,trusted,cn_public_2022_2026_cycles_1_0,public_schedule_without_transaction_override,False,,,complete
2024-07-07,0.00,245500.93,2,5683738.73,last_posted_transaction_or_prior_closing_balance,synb1_txn_5c3e5b2ded814d5a1fda2eb7,trusted,cn_public_2022_2026_cycles_1_0,public_schedule_without_transaction_override,False,,,complete
2024-07-08,11158.60,32636.96,2,5662260.37,last_posted_transaction_or_prior_closing_balance,synb1_txn_439e82b31e5f7d5d62be28f5,trusted,cn_public_2022_2026_cycles_1_0,public_schedule_without_transaction_override,True,129,2024-07-09,complete
2024-07-09,98300.12,10386.64,2,5750173.85,last_posted_transaction_or_prior_closing_balance,synb1_txn_131fafc0425f417d780f55e2,trusted,cn_public_2022_2026_cycles_1_0,public_schedule_without_transaction_override,True,130,2024-07-10,complete
2024-07-10,0.00,0.00,0,5750173.85,last_posted_transaction_or_prior_closing_balance,,trusted,cn_public_2022_2026_cycles_1_0,public_schedule_without_transaction_override,True,131,2024-07-11,complete
2024-07-11,0.00,0.00,0,5750173.85,last_posted_transaction_or_prior_closing_balance,,trusted,cn_public_2022_2026_cycles_1_0,public_schedule_without_transaction_override,True,132,2024-07-12,complete
2024-07-12,0.00,0.00,0,5750173.85,last_posted_transaction_or_prior_closing_balance,,trusted,cn_public_2022_2026_cycles_1_0,public_schedule_without_transaction_override,True,133,2024-07-15,complete
2024-07-13,123167.83,0.00,1,5873341.68,last_posted_transaction_or_prior_closing_balance,synb1_txn_907cae7913df9fb0ec8a8492,trusted,cn_public_2022_2026_cycles_1_0,public_schedule_without_transaction_override,False,,,complete
2024-07-14,62257.45,3613.36,2,5931985.77,last_posted_transaction_or_prior_closing_balance,synb1_txn_45a66add6e4e522e52e6d49f,trusted,cn_public_2022_2026_cycles_1_0,public_schedule_without_transaction_override,False,,,complete
2024-07-15,0.00,0.00,0,5931985.77,last_posted_transaction_or_prior_closing_balance,,trusted,cn_public_2022_2026_cycles_1_0,public_schedule_without_transaction_override,True,134,2024-07-16,complete
2024-07-16,0.00,0.00,0,5931985.77,last_posted_transaction_or_prior_closing_balance,,trusted,cn_public_2022_2026_cycles_1_0,public_schedule_without_transaction_override,True,135,2024-07-17,complete
2024-07-17,147182.49,0.00,1,6079168.26,last_posted_transaction_or_prior_closing_balance,synb1_txn_a9316411826b8bf8f9dcfad9,trusted,cn_public_2022_2026_cycles_1_0,public_schedule_without_transaction_override,True,136,2024-07-18,complete
2024-07-18,0.00,126069.66,4,5953098.60,last_posted_transaction_or_prior_closing_balance,synb1_txn_a4fe3e63bb47c31be6cec417,trusted,cn_public_2022_2026_cycles_1_0,public_schedule_without_transaction_override,True,137,2024-07-19,complete
2024-07-19,275682.65,0.00,2,6228781.25,last_posted_transaction_or_prior_closing_balance,synb1_txn_4fe02b0d19276a27670bbae5,trusted,cn_public_2022_2026_cycles_1_0,public_schedule_without_transaction_override,True,138,2024-07-22,complete
2024-07-20,68480.04,0.00,1,6297261.29,last_posted_transaction_or_prior_closing_balance,synb1_txn_faa1b497b6aedc01dc42757d,trusted,cn_public_2022_2026_cycles_1_0,public_schedule_without_transaction_override,False,,,complete
2024-07-21,0.00,0.00,0,6297261.29,last_posted_transaction_or_prior_closing_balance,,trusted,cn_public_2022_2026_cycles_1_0,public_schedule_without_transaction_override,False,,,complete
2024-07-22,0.00,0.00,0,6297261.29,last_posted_transaction_or_prior_closing_balance,,trusted,cn_public_2022_2026_cycles_1_0,public_schedule_without_transaction_override,True,139,2024-07-23,complete
2024-07-23,0.00,28346.14,1,6268915.15,last_posted_transaction_or_prior_closing_balance,synb1_txn_52c5f8f8783e9dd79908e3bc,trusted,cn_public_2022_2026_cycles_1_0,public_schedule_without_transaction_override,True,140,2024-07-24,complete
2024-07-24,0.00,3633.10,1,6265282.05,last_posted_transaction_or_prior_closing_balance,synb1_txn_a8a1a2670d0c389a5d3e26c7,trusted,cn_public_2022_2026_cycles_1_0,public_schedule_without_transaction_override,True,141,2024-07-25,complete
2024-07-25,0.00,0.00,0,6265282.05,last_posted_transaction_or_prior_closing_balance,,trusted,cn_public_2022_2026_cycles_1_0,public_schedule_without_transaction_override,True,142,2024-07-26,complete
2024-07-26,182935.32,0.00,1,6448217.37,last_posted_transaction_or_prior_closing_balance,synb1_txn_7b50c46476c0a4940f987462,trusted,cn_public_2022_2026_cycles_1_0,public_schedule_without_transaction_override,True,143,2024-07-29,complete
2024-07-27,0.00,0.00,0,6448217.37,last_posted_transaction_or_prior_closing_balance,,trusted,cn_public_2022_2026_cycles_1_0,public_schedule_without_transaction_override,False,,,complete
2024-07-28,108.66,396468.36,2,6051857.67,last_posted_transaction_or_prior_closing_balance,synb1_txn_6faa94faadb78dfac97aea24,trusted,cn_public_2022_2026_cycles_1_0,public_schedule_without_transaction_override,False,,,complete
2024-07-29,0.00,0.00,0,6051857.67,last_posted_transaction_or_prior_closing_balance,,trusted,cn_public_2022_2026_cycles_1_0,public_schedule_without_transaction_override,True,144,2024-07-30,complete
2024-07-30,0.00,0.00,0,6051857.67,last_posted_transaction_or_prior_closing_balance,,trusted,cn_public_2022_2026_cycles_1_0,public_schedule_without_transaction_override,True,145,2024-07-31,complete
2024-07-31,0.00,0.00,0,6051857.67,last_posted_transaction_or_prior_closing_balance,,trusted,cn_public_2022_2026_cycles_1_0,public_schedule_without_transaction_override,True,146,2024-08-01,complete
2024-08-01,0.00,0.00,0,6051857.67,last_posted_transaction_or_prior_closing_balance,,trusted,cn_public_2022_2026_cycles_1_0,public_schedule_without_transaction_override,True,147,2024-08-02,complete
2024-08-02,11851.64,0.00,1,6063709.31,last_posted_transaction_or_prior_closing_balance,synb1_txn_34759d8225c7a640689a0bd4,trusted,cn_public_2022_2026_cycles_1_0,public_schedule_without_transaction_override,True,148,2024-08-05,complete
2024-08-03,386347.98,0.00,2,6450057.29,last_posted_transaction_or_prior_closing_balance,synb1_txn_7bf6fc922ef872cc4c4582f3,trusted,cn_public_2022_2026_cycles_1_0,public_schedule_without_transaction_override,False,,,complete
2024-08-04,0.00,0.00,0,6450057.29,last_posted_transaction_or_prior_closing_balance,,trusted,cn_public_2022_2026_cycles_1_0,public_schedule_without_transaction_override,False,,,complete
2024-08-05,0.00,26000.00,1,6424057.29,last_posted_transaction_or_prior_closing_balance,synb1_txn_b4fe366d0fd0485823f48910,trusted,cn_public_2022_2026_cycles_1_0,public_schedule_without_transaction_override,True,149,2024-08-06,complete
2024-08-06,107323.65,14344.24,2,6517036.70,last_posted_transaction_or_prior_closing_balance,synb1_txn_461f25c8096aee02c5aeb140,trusted,cn_public_2022_2026_cycles_1_0,public_schedule_without_transaction_override,True,150,2024-08-07,complete
2024-08-07,0.00,143787.79,2,6373248.91,last_posted_transaction_or_prior_closing_balance,synb1_txn_132689fdac94e3683be1233c,trusted,cn_public_2022_2026_cycles_1_0,public_schedule_without_transaction_override,True,151,2024-08-08,complete
2024-08-08,321293.51,0.00,1,6694542.42,last_posted_transaction_or_prior_closing_balance,synb1_txn_0bee530142fd44f116711c2d,trusted,cn_public_2022_2026_cycles_1_0,public_schedule_without_transaction_override,True,152,2024-08-09,complete
2024-08-09,48741.76,0.00,2,6743284.18,last_posted_transaction_or_prior_closing_balance,synb1_txn_8b6ad4bc9a89dde9b7b07271,trusted,cn_public_2022_2026_cycles_1_0,public_schedule_without_transaction_override,True,153,2024-08-12,complete
2024-08-10,197.40,0.00,1,6743481.58,last_posted_transaction_or_prior_closing_balance,synb1_txn_8a91242d0991008de97e7031,trusted,cn_public_2022_2026_cycles_1_0,public_schedule_without_transaction_override,False,,,complete
2024-08-11,60375.76,0.00,1,6803857.34,last_posted_transaction_or_prior_closing_balance,synb1_txn_af2683b74b07c931d86c9c31,trusted,cn_public_2022_2026_cycles_1_0,public_schedule_without_transaction_override,False,,,complete
2024-08-12,0.00,0.00,0,6803857.34,last_posted_transaction_or_prior_closing_balance,,trusted,cn_public_2022_2026_cycles_1_0,public_schedule_without_transaction_override,True,154,2024-08-13,complete
2024-08-13,12010.31,95578.10,4,6720289.55,last_posted_transaction_or_prior_closing_balance,synb1_txn_9efaa07220ae8a30e4d890ff,trusted,cn_public_2022_2026_cycles_1_0,public_schedule_without_transaction_override,True,155,2024-08-14,complete
2024-08-14,0.00,2058.35,1,6718231.20,last_posted_transaction_or_prior_closing_balance,synb1_txn_0da9f97aa476f097b6a84f16,trusted,cn_public_2022_2026_cycles_1_0,public_schedule_without_transaction_override,True,156,2024-08-15,complete
2024-08-15,10923.58,39773.08,2,6689381.70,last_posted_transaction_or_prior_closing_balance,synb1_txn_e8f9009933f2c6a9c07c1894,trusted,cn_public_2022_2026_cycles_1_0,public_schedule_without_transaction_override,True,157,2024-08-16,complete
2024-08-16,0.00,0.00,0,6689381.70,last_posted_transaction_or_prior_closing_balance,,trusted,cn_public_2022_2026_cycles_1_0,public_schedule_without_transaction_override,True,158,2024-08-19,complete
2024-08-17,0.00,115442.00,3,6573939.70,last_posted_transaction_or_prior_closing_balance,synb1_txn_3887b43babf83e4405500aa9,trusted,cn_public_2022_2026_cycles_1_0,public_schedule_without_transaction_override,False,,,complete
2024-08-18,0.00,5512.71,1,6568426.99,last_posted_transaction_or_prior_closing_balance,synb1_txn_1d54c66fc3f1dfa26236f244,trusted,cn_public_2022_2026_cycles_1_0,public_schedule_without_transaction_override,False,,,complete
2024-08-19,0.00,98612.08,3,6469814.91,last_posted_transaction_or_prior_closing_balance,synb1_txn_55509c57b9bc6cf39c193357,trusted,cn_public_2022_2026_cycles_1_0,public_schedule_without_transaction_override,True,159,2024-08-20,complete
2024-08-20,0.00,56505.80,1,6413309.11,last_posted_transaction_or_prior_closing_balance,synb1_txn_8345e356b79df5a1d7a9aa15,trusted,cn_public_2022_2026_cycles_1_0,public_schedule_without_transaction_override,True,160,2024-08-21,complete
2024-08-21,0.00,0.00,0,6413309.11,last_posted_transaction_or_prior_closing_balance,,trusted,cn_public_2022_2026_cycles_1_0,public_schedule_without_transaction_override,True,161,2024-08-22,complete
2024-08-22,0.00,0.00,0,6413309.11,last_posted_transaction_or_prior_closing_balance,,trusted,cn_public_2022_2026_cycles_1_0,public_schedule_without_transaction_override,True,162,2024-08-23,complete
2024-08-23,0.00,0.00,0,6413309.11,last_posted_transaction_or_prior_closing_balance,,trusted,cn_public_2022_2026_cycles_1_0,public_schedule_without_transaction_override,True,163,2024-08-26,complete
2024-08-24,0.00,278335.04,2,6134974.07,last_posted_transaction_or_prior_closing_balance,synb1_txn_7122fab46744f74dca293b4f,trusted,cn_public_2022_2026_cycles_1_0,public_schedule_without_transaction_override,False,,,complete
2024-08-25,20276.73,0.00,1,6155250.80,last_posted_transaction_or_prior_closing_balance,synb1_txn_3a0836d5321c2e4efa29cc41,trusted,cn_public_2022_2026_cycles_1_0,public_schedule_without_transaction_override,False,,,complete
2024-08-26,0.00,0.00,0,6155250.80,last_posted_transaction_or_prior_closing_balance,,trusted,cn_public_2022_2026_cycles_1_0,public_schedule_without_transaction_override,True,164,2024-08-27,complete
2024-08-27,0.00,81206.63,1,6074044.17,last_posted_transaction_or_prior_closing_balance,synb1_txn_f1928c9691fee47342455a21,trusted,cn_public_2022_2026_cycles_1_0,public_schedule_without_transaction_override,True,165,2024-08-28,complete
2024-08-28,80787.68,0.00,1,6154831.85,last_posted_transaction_or_prior_closing_balance,synb1_txn_a97f626239024b1f50036ed2,trusted,cn_public_2022_2026_cycles_1_0,public_schedule_without_transaction_override,True,166,2024-08-29,complete
2024-08-29,0.00,0.00,0,6154831.85,last_posted_transaction_or_prior_closing_balance,,trusted,cn_public_2022_2026_cycles_1_0,public_schedule_without_transaction_override,True,167,2024-08-30,complete
2024-08-30,0.00,0.00,0,6154831.85,last_posted_transaction_or_prior_closing_balance,,trusted,cn_public_2022_2026_cycles_1_0,public_schedule_without_transaction_override,True,168,2024-09-02,complete
2024-08-31,0.00,0.00,0,6154831.85,last_posted_transaction_or_prior_closing_balance,,trusted,cn_public_2022_2026_cycles_1_0,public_schedule_without_transaction_override,False,,,complete
2024-09-01,0.00,0.00,0,6154831.85,last_posted_transaction_or_prior_closing_balance,,trusted,cn_public_2022_2026_cycles_1_0,public_schedule_without_transaction_override,False,,,complete
2024-09-02,0.00,0.00,0,6154831.85,last_posted_transaction_or_prior_closing_balance,,trusted,cn_public_2022_2026_cycles_1_0,public_schedule_without_transaction_override,True,169,2024-09-03,complete
2024-09-03,0.00,0.00,0,6154831.85,last_posted_transaction_or_prior_closing_balance,,trusted,cn_public_2022_2026_cycles_1_0,public_schedule_without_transaction_override,True,170,2024-09-04,complete
2024-09-04,0.00,24151.42,2,6130680.43,last_posted_transaction_or_prior_closing_balance,synb1_txn_2d9afee7460fe7b50847103f,trusted,cn_public_2022_2026_cycles_1_0,public_schedule_without_transaction_override,True,171,2024-09-05,complete
2024-09-05,0.00,26000.00,1,6104680.43,last_posted_transaction_or_prior_closing_balance,synb1_txn_671ce361d41448a5622fc37d,trusted,cn_public_2022_2026_cycles_1_0,public_schedule_without_transaction_override,True,172,2024-09-06,complete
2024-09-06,0.00,16824.13,2,6087856.30,last_posted_transaction_or_prior_closing_balance,synb1_txn_9a8eaff9ec61ee92f646a679,trusted,cn_public_2022_2026_cycles_1_0,public_schedule_without_transaction_override,True,173,2024-09-09,complete
2024-09-07,14109.63,127000.00,3,5974965.93,last_posted_transaction_or_prior_closing_balance,synb1_txn_2bd0cfad50be65293d7df637,trusted,cn_public_2022_2026_cycles_1_0,public_schedule_without_transaction_override,False,,,complete
2024-09-08,0.00,22498.04,1,5952467.89,last_posted_transaction_or_prior_closing_balance,synb1_txn_68ca2b8cd20b4c5b7b4be3c9,trusted,cn_public_2022_2026_cycles_1_0,public_schedule_without_transaction_override,False,,,complete
2024-09-09,0.00,0.00,0,5952467.89,last_posted_transaction_or_prior_closing_balance,,trusted,cn_public_2022_2026_cycles_1_0,public_schedule_without_transaction_override,True,174,2024-09-10,complete
2024-09-10,0.00,0.00,0,5952467.89,last_posted_transaction_or_prior_closing_balance,,trusted,cn_public_2022_2026_cycles_1_0,public_schedule_without_transaction_override,True,175,2024-09-11,complete
2024-09-11,0.00,0.00,0,5952467.89,last_posted_transaction_or_prior_closing_balance,,trusted,cn_public_2022_2026_cycles_1_0,public_schedule_without_transaction_override,True,176,2024-09-12,complete
2024-09-12,2837.04,0.00,2,5955304.93,last_posted_transaction_or_prior_closing_balance,synb1_txn_80c63c79c3489c14b73fa3fd,trusted,cn_public_2022_2026_cycles_1_0,public_schedule_without_transaction_override,True,177,2024-09-13,complete
2024-09-13,0.00,1122.84,1,5954182.09,last_posted_transaction_or_prior_closing_balance,synb1_txn_fde3f13075b201a0508b8c9c,trusted,cn_public_2022_2026_cycles_1_0,public_schedule_without_transaction_override,True,178,2024-09-14,complete
2024-09-14,217497.50,64617.63,2,6107061.96,last_posted_transaction_or_prior_closing_balance,synb1_txn_a778f554bdb7f929ff7771bc,trusted,cn_public_2022_2026_cycles_1_0,public_schedule_without_transaction_override,True,179,2024-09-18,complete
2024-09-15,14829.33,2000.75,2,6119890.54,last_posted_transaction_or_prior_closing_balance,synb1_txn_0d113b53fd998dc69a72c42a,trusted,cn_public_2022_2026_cycles_1_0,public_schedule_without_transaction_override,False,,,complete
2024-09-16,218681.67,0.00,1,6338572.21,last_posted_transaction_or_prior_closing_balance,synb1_txn_d8337e3472754fdd56442b4f,trusted,cn_public_2022_2026_cycles_1_0,public_schedule_without_transaction_override,False,,,complete
2024-09-17,196.28,126939.38,3,6211829.11,last_posted_transaction_or_prior_closing_balance,synb1_txn_af2ecbcf6d704702c5811582,trusted,cn_public_2022_2026_cycles_1_0,public_schedule_without_transaction_override,False,,,complete
2024-09-18,21718.52,298833.97,6,5934713.66,last_posted_transaction_or_prior_closing_balance,synb1_txn_abb599e61b8dc0d6a7509d96,trusted,cn_public_2022_2026_cycles_1_0,public_schedule_without_transaction_override,True,180,2024-09-19,complete
2024-09-19,0.00,0.00,0,5934713.66,last_posted_transaction_or_prior_closing_balance,,trusted,cn_public_2022_2026_cycles_1_0,public_schedule_without_transaction_override,True,181,2024-09-20,complete
2024-09-20,0.00,0.00,0,5934713.66,last_posted_transaction_or_prior_closing_balance,,trusted,cn_public_2022_2026_cycles_1_0,public_schedule_without_transaction_override,True,182,2024-09-23,complete
2024-09-21,0.00,0.00,0,5934713.66,last_posted_transaction_or_prior_closing_balance,,trusted,cn_public_2022_2026_cycles_1_0,public_schedule_without_transaction_override,False,,,complete
2024-09-22,0.00,0.00,0,5934713.66,last_posted_transaction_or_prior_closing_balance,,trusted,cn_public_2022_2026_cycles_1_0,public_schedule_without_transaction_override,False,,,complete
2024-09-23,12989.00,14728.91,3,5932973.75,last_posted_transaction_or_prior_closing_balance,synb1_txn_acb8af824ce1a5aad7a47d37,trusted,cn_public_2022_2026_cycles_1_0,public_schedule_without_transaction_override,True,183,2024-09-24,complete
2024-09-24,0.00,14712.92,2,5918260.83,last_posted_transaction_or_prior_closing_balance,synb1_txn_d993efee0b5f211941f3b500,trusted,cn_public_2022_2026_cycles_1_0,public_schedule_without_transaction_override,True,184,2024-09-25,complete
2024-09-25,0.00,185662.98,1,5732597.85,last_posted_transaction_or_prior_closing_balance,synb1_txn_299afc5d96939eb6e4e6b562,trusted,cn_public_2022_2026_cycles_1_0,public_schedule_without_transaction_override,True,185,2024-09-26,complete
2024-09-26,41135.03,0.00,1,5773732.88,last_posted_transaction_or_prior_closing_balance,synb1_txn_b6e138ca0c02f00cc4435231,trusted,cn_public_2022_2026_cycles_1_0,public_schedule_without_transaction_override,True,186,2024-09-27,complete
2024-09-27,0.00,106518.49,1,5667214.39,last_posted_transaction_or_prior_closing_balance,synb1_txn_a5adaa5629210ee9d8fb5d0f,trusted,cn_public_2022_2026_cycles_1_0,public_schedule_without_transaction_override,True,187,2024-09-29,complete
2024-09-28,0.00,0.00,0,5667214.39,last_posted_transaction_or_prior_closing_balance,,trusted,cn_public_2022_2026_cycles_1_0,public_schedule_without_transaction_override,False,,,complete
2024-09-29,0.00,0.00,0,5667214.39,last_posted_transaction_or_prior_closing_balance,,trusted,cn_public_2022_2026_cycles_1_0,public_schedule_without_transaction_override,True,188,2024-09-30,complete
2024-09-30,0.00,0.00,0,5667214.39,last_posted_transaction_or_prior_closing_balance,,trusted,cn_public_2022_2026_cycles_1_0,public_schedule_without_transaction_override,True,189,2024-10-08,complete
2024-10-01,0.00,0.00,0,5667214.39,last_posted_transaction_or_prior_closing_balance,,trusted,cn_public_2022_2026_cycles_1_0,public_schedule_without_transaction_override,False,,,complete
2024-10-02,0.00,16554.19,2,5650660.20,last_posted_transaction_or_prior_closing_balance,synb1_txn_ef5cb66d47526982fa0f3713,trusted,cn_public_2022_2026_cycles_1_0,public_schedule_without_transaction_override,False,,,complete
2024-10-03,0.00,46035.40,1,5604624.80,last_posted_transaction_or_prior_closing_balance,synb1_txn_5a9193b402b4b70f98e4ac64,trusted,cn_public_2022_2026_cycles_1_0,public_schedule_without_transaction_override,False,,,complete
2024-10-04,8177.42,85585.49,2,5527216.73,last_posted_transaction_or_prior_closing_balance,synb1_txn_ab1e4dbac9afc20fce5aa263,trusted,cn_public_2022_2026_cycles_1_0,public_schedule_without_transaction_override,False,,,complete
2024-10-05,0.00,28989.51,2,5498227.22,last_posted_transaction_or_prior_closing_balance,synb1_txn_5cd84c2e2ab145dc139f5d0d,trusted,cn_public_2022_2026_cycles_1_0,public_schedule_without_transaction_override,False,,,complete
2024-10-06,44080.10,0.00,1,5542307.32,last_posted_transaction_or_prior_closing_balance,synb1_txn_95f8d27a084c82272601bdf5,trusted,cn_public_2022_2026_cycles_1_0,public_schedule_without_transaction_override,False,,,complete
2024-10-07,0.00,127000.00,1,5415307.32,last_posted_transaction_or_prior_closing_balance,synb1_txn_4ed2c91b550d460465ccefcf,trusted,cn_public_2022_2026_cycles_1_0,public_schedule_without_transaction_override,False,,,complete
2024-10-08,0.00,39361.79,1,5375945.53,last_posted_transaction_or_prior_closing_balance,synb1_txn_b4260947e07d77c812c0bc4a,trusted,cn_public_2022_2026_cycles_1_0,public_schedule_without_transaction_override,True,190,2024-10-09,complete
2024-10-09,0.00,0.00,0,5375945.53,last_posted_transaction_or_prior_closing_balance,,trusted,cn_public_2022_2026_cycles_1_0,public_schedule_without_transaction_override,True,191,2024-10-10,complete
2024-10-10,187314.99,75020.66,3,5488239.86,last_posted_transaction_or_prior_closing_balance,synb1_txn_4b6a9c54292c7dd24a856c4b,trusted,cn_public_2022_2026_cycles_1_0,public_schedule_without_transaction_override,True,192,2024-10-11,complete
2024-10-11,0.00,0.00,0,5488239.86,last_posted_transaction_or_prior_closing_balance,,trusted,cn_public_2022_2026_cycles_1_0,public_schedule_without_transaction_override,True,193,2024-10-12,complete
2024-10-12,0.00,0.00,0,5488239.86,last_posted_transaction_or_prior_closing_balance,,trusted,cn_public_2022_2026_cycles_1_0,public_schedule_without_transaction_override,True,194,2024-10-14,complete
2024-10-13,0.00,0.00,0,5488239.86,last_posted_transaction_or_prior_closing_balance,,trusted,cn_public_2022_2026_cycles_1_0,public_schedule_without_transaction_override,False,,,complete
2024-10-14,0.00,0.00,0,5488239.86,last_posted_transaction_or_prior_closing_balance,,trusted,cn_public_2022_2026_cycles_1_0,public_schedule_without_transaction_override,True,195,2024-10-15,complete
2024-10-15,1874.31,0.00,1,5490114.17,last_posted_transaction_or_prior_closing_balance,synb1_txn_76313d1f14e83b6f8bd4e19f,trusted,cn_public_2022_2026_cycles_1_0,public_schedule_without_transaction_override,True,196,2024-10-16,complete
2024-10-16,0.00,0.00,0,5490114.17,last_posted_transaction_or_prior_closing_balance,,trusted,cn_public_2022_2026_cycles_1_0,public_schedule_without_transaction_override,True,197,2024-10-17,complete
2024-10-17,0.00,15809.45,2,5474304.72,last_posted_transaction_or_prior_closing_balance,synb1_txn_18da763d0e50d3a09eab31fd,trusted,cn_public_2022_2026_cycles_1_0,public_schedule_without_transaction_override,True,198,2024-10-18,complete
2024-10-18,0.00,82443.62,3,5391861.10,last_posted_transaction_or_prior_closing_balance,synb1_txn_f2f2197a59a0839ddb641455,trusted,cn_public_2022_2026_cycles_1_0,public_schedule_without_transaction_override,True,199,2024-10-21,complete
2024-10-19,95070.97,21490.82,3,5465441.25,last_posted_transaction_or_prior_closing_balance,synb1_txn_49b5e7dc61ad6ebc1775c177,trusted,cn_public_2022_2026_cycles_1_0,public_schedule_without_transaction_override,False,,,complete
2024-10-20,32496.77,0.00,2,5497938.02,last_posted_transaction_or_prior_closing_balance,synb1_txn_c7d49f04083fc34ba84846ab,trusted,cn_public_2022_2026_cycles_1_0,public_schedule_without_transaction_override,False,,,complete
2024-10-21,84543.82,0.00,2,5582481.84,last_posted_transaction_or_prior_closing_balance,synb1_txn_fe0ce563cfe6e8b5c977f675,trusted,cn_public_2022_2026_cycles_1_0,public_schedule_without_transaction_override,True,200,2024-10-22,complete
2024-10-22,0.00,31902.45,1,5550579.39,last_posted_transaction_or_prior_closing_balance,synb1_txn_e88e35b9a177e1d4683d7afa,trusted,cn_public_2022_2026_cycles_1_0,public_schedule_without_transaction_override,True,201,2024-10-23,complete
2024-10-23,23421.95,0.00,1,5574001.34,last_posted_transaction_or_prior_closing_balance,synb1_txn_cca9b6d9cc60f964b436de9a,trusted,cn_public_2022_2026_cycles_1_0,public_schedule_without_transaction_override,True,202,2024-10-24,complete
2024-10-24,0.00,0.00,0,5574001.34,last_posted_transaction_or_prior_closing_balance,,trusted,cn_public_2022_2026_cycles_1_0,public_schedule_without_transaction_override,True,203,2024-10-25,complete
2024-10-25,40575.77,0.00,1,5614577.11,last_posted_transaction_or_prior_closing_balance,synb1_txn_bb6927d1745ed7d2ceb63a02,trusted,cn_public_2022_2026_cycles_1_0,public_schedule_without_transaction_override,True,204,2024-10-28,complete
2024-10-26,86223.90,1291.18,2,5699509.83,last_posted_transaction_or_prior_closing_balance,synb1_txn_208f71f26e8b896a614ab84a,trusted,cn_public_2022_2026_cycles_1_0,public_schedule_without_transaction_override,False,,,complete
2024-10-27,0.00,0.00,0,5699509.83,last_posted_transaction_or_prior_closing_balance,,trusted,cn_public_2022_2026_cycles_1_0,public_schedule_without_transaction_override,False,,,complete
2024-10-28,0.00,0.00,0,5699509.83,last_posted_transaction_or_prior_closing_balance,,trusted,cn_public_2022_2026_cycles_1_0,public_schedule_without_transaction_override,True,205,2024-10-29,complete
2024-10-29,0.00,0.00,0,5699509.83,last_posted_transaction_or_prior_closing_balance,,trusted,cn_public_2022_2026_cycles_1_0,public_schedule_without_transaction_override,True,206,2024-10-30,complete
2024-10-30,0.00,0.00,0,5699509.83,last_posted_transaction_or_prior_closing_balance,,trusted,cn_public_2022_2026_cycles_1_0,public_schedule_without_transaction_override,True,207,2024-10-31,complete
2024-10-31,0.00,0.00,0,5699509.83,last_posted_transaction_or_prior_closing_balance,,trusted,cn_public_2022_2026_cycles_1_0,public_schedule_without_transaction_override,True,208,2024-11-01,complete
2024-11-01,0.00,0.00,0,5699509.83,last_posted_transaction_or_prior_closing_balance,,trusted,cn_public_2022_2026_cycles_1_0,public_schedule_without_transaction_override,True,209,2024-11-04,complete
2024-11-02,0.00,0.00,0,5699509.83,last_posted_transaction_or_prior_closing_balance,,trusted,cn_public_2022_2026_cycles_1_0,public_schedule_without_transaction_override,False,,,complete
2024-11-03,29169.79,6507.04,3,5722172.58,last_posted_transaction_or_prior_closing_balance,synb1_txn_80e3fc0a2019ce6661826ab9,trusted,cn_public_2022_2026_cycles_1_0,public_schedule_without_transaction_override,False,,,complete
2024-11-04,0.00,650.09,1,5721522.49,last_posted_transaction_or_prior_closing_balance,synb1_txn_caa17c13f8e302e4e370474e,trusted,cn_public_2022_2026_cycles_1_0,public_schedule_without_transaction_override,True,210,2024-11-05,complete
2024-11-05,0.00,38218.44,3,5683304.05,last_posted_transaction_or_prior_closing_balance,synb1_txn_c77ff043969221dde519595a,trusted,cn_public_2022_2026_cycles_1_0,public_schedule_without_transaction_override,True,211,2024-11-06,complete
2024-11-06,0.00,10645.46,1,5672658.59,last_posted_transaction_or_prior_closing_balance,synb1_txn_1bf3d3f8f4cd6fcaee8452e2,trusted,cn_public_2022_2026_cycles_1_0,public_schedule_without_transaction_override,True,212,2024-11-07,complete
2024-11-07,0.00,127000.00,1,5545658.59,last_posted_transaction_or_prior_closing_balance,synb1_txn_0c9a0dbfb0a0d978e0f5c3d7,trusted,cn_public_2022_2026_cycles_1_0,public_schedule_without_transaction_override,True,213,2024-11-08,complete
2024-11-08,0.00,12190.38,1,5533468.21,last_posted_transaction_or_prior_closing_balance,synb1_txn_074c66bc275026904fc48c1a,trusted,cn_public_2022_2026_cycles_1_0,public_schedule_without_transaction_override,True,214,2024-11-11,complete
2024-11-09,10346.13,266802.39,3,5277011.95,last_posted_transaction_or_prior_closing_balance,synb1_txn_824320a50a87fa525d70138a,trusted,cn_public_2022_2026_cycles_1_0,public_schedule_without_transaction_override,False,,,complete
2024-11-10,0.00,0.00,0,5277011.95,last_posted_transaction_or_prior_closing_balance,,trusted,cn_public_2022_2026_cycles_1_0,public_schedule_without_transaction_override,False,,,complete
2024-11-11,0.00,405573.35,1,4871438.60,last_posted_transaction_or_prior_closing_balance,synb1_txn_1e7ab62cb3f5f44e99b485dd,trusted,cn_public_2022_2026_cycles_1_0,public_schedule_without_transaction_override,True,215,2024-11-12,complete
2024-11-12,0.00,0.00,0,4871438.60,last_posted_transaction_or_prior_closing_balance,,trusted,cn_public_2022_2026_cycles_1_0,public_schedule_without_transaction_override,True,216,2024-11-13,complete
2024-11-13,243736.88,0.00,3,5115175.48,last_posted_transaction_or_prior_closing_balance,synb1_txn_5398539f64fd1f24c7b09b9d,trusted,cn_public_2022_2026_cycles_1_0,public_schedule_without_transaction_override,True,217,2024-11-14,complete
2024-11-14,19984.35,0.00,1,5135159.83,last_posted_transaction_or_prior_closing_balance,synb1_txn_e0cda2a17063fbe7f44241a2,trusted,cn_public_2022_2026_cycles_1_0,public_schedule_without_transaction_override,True,218,2024-11-15,complete
2024-11-15,0.00,0.00,0,5135159.83,last_posted_transaction_or_prior_closing_balance,,trusted,cn_public_2022_2026_cycles_1_0,public_schedule_without_transaction_override,True,219,2024-11-18,complete
2024-11-16,153534.04,0.00,1,5288693.87,last_posted_transaction_or_prior_closing_balance,synb1_txn_9234e50a850a14001b9471d1,trusted,cn_public_2022_2026_cycles_1_0,public_schedule_without_transaction_override,False,,,complete
2024-11-17,0.00,895.36,1,5287798.51,last_posted_transaction_or_prior_closing_balance,synb1_txn_27a65eeb6060dfa368240f9e,trusted,cn_public_2022_2026_cycles_1_0,public_schedule_without_transaction_override,False,,,complete
2024-11-18,0.00,3609.76,2,5284188.75,last_posted_transaction_or_prior_closing_balance,synb1_txn_a6dc8730ef1802d8f15c5278,trusted,cn_public_2022_2026_cycles_1_0,public_schedule_without_transaction_override,True,220,2024-11-19,complete
2024-11-19,0.00,58163.27,1,5226025.48,last_posted_transaction_or_prior_closing_balance,synb1_txn_ffe3d242000e2af85d2e324f,trusted,cn_public_2022_2026_cycles_1_0,public_schedule_without_transaction_override,True,221,2024-11-20,complete
2024-11-20,0.00,0.00,0,5226025.48,last_posted_transaction_or_prior_closing_balance,,trusted,cn_public_2022_2026_cycles_1_0,public_schedule_without_transaction_override,True,222,2024-11-21,complete
2024-11-21,3266.92,0.00,1,5229292.40,last_posted_transaction_or_prior_closing_balance,synb1_txn_fe10a21bee22954ac058d9f8,trusted,cn_public_2022_2026_cycles_1_0,public_schedule_without_transaction_override,True,223,2024-11-22,complete
2024-11-22,125565.22,9576.03,2,5345281.59,last_posted_transaction_or_prior_closing_balance,synb1_txn_3b7514ac2036df27afcb7944,trusted,cn_public_2022_2026_cycles_1_0,public_schedule_without_transaction_override,True,224,2024-11-25,complete
2024-11-23,1366.67,0.00,1,5346648.26,last_posted_transaction_or_prior_closing_balance,synb1_txn_047a04d6b0367e835cf91233,trusted,cn_public_2022_2026_cycles_1_0,public_schedule_without_transaction_override,False,,,complete
2024-11-24,0.00,0.00,0,5346648.26,last_posted_transaction_or_prior_closing_balance,,trusted,cn_public_2022_2026_cycles_1_0,public_schedule_without_transaction_override,False,,,complete
2024-11-25,0.00,0.00,0,5346648.26,last_posted_transaction_or_prior_closing_balance,,trusted,cn_public_2022_2026_cycles_1_0,public_schedule_without_transaction_override,True,225,2024-11-26,complete
2024-11-26,0.00,1224.18,1,5345424.08,last_posted_transaction_or_prior_closing_balance,synb1_txn_ce1d920983978b2ca032224b,trusted,cn_public_2022_2026_cycles_1_0,public_schedule_without_transaction_override,True,226,2024-11-27,complete
2024-11-27,0.00,29104.01,2,5316320.07,last_posted_transaction_or_prior_closing_balance,synb1_txn_50733dd51951fcb509db9641,trusted,cn_public_2022_2026_cycles_1_0,public_schedule_without_transaction_override,True,227,2024-11-28,complete
2024-11-28,0.00,0.00,0,5316320.07,last_posted_transaction_or_prior_closing_balance,,trusted,cn_public_2022_2026_cycles_1_0,public_schedule_without_transaction_override,True,228,2024-11-29,complete
2024-11-29,0.00,0.00,0,5316320.07,last_posted_transaction_or_prior_closing_balance,,trusted,cn_public_2022_2026_cycles_1_0,public_schedule_without_transaction_override,True,229,2024-12-02,complete
2024-11-30,0.00,0.00,0,5316320.07,last_posted_transaction_or_prior_closing_balance,,trusted,cn_public_2022_2026_cycles_1_0,public_schedule_without_transaction_override,False,,,complete
2024-12-01,0.00,0.00,0,5316320.07,last_posted_transaction_or_prior_closing_balance,,trusted,cn_public_2022_2026_cycles_1_0,public_schedule_without_transaction_override,False,,,complete
2024-12-02,74982.17,592.82,2,5390709.42,last_posted_transaction_or_prior_closing_balance,synb1_txn_2279e46eef89c6fc9ced8f44,trusted,cn_public_2022_2026_cycles_1_0,public_schedule_without_transaction_override,True,230,2024-12-03,complete
2024-12-03,0.00,216302.25,1,5174407.17,last_posted_transaction_or_prior_closing_balance,synb1_txn_82f829fea25a18a56022e6fa,trusted,cn_public_2022_2026_cycles_1_0,public_schedule_without_transaction_override,True,231,2024-12-04,complete
2024-12-04,0.00,0.00,0,5174407.17,last_posted_transaction_or_prior_closing_balance,,trusted,cn_public_2022_2026_cycles_1_0,public_schedule_without_transaction_override,True,232,2024-12-05,complete
2024-12-05,0.00,26000.00,1,5148407.17,last_posted_transaction_or_prior_closing_balance,synb1_txn_737517f36638c4ac8cce3d06,trusted,cn_public_2022_2026_cycles_1_0,public_schedule_without_transaction_override,True,233,2024-12-06,complete
2024-12-06,0.00,0.00,0,5148407.17,last_posted_transaction_or_prior_closing_balance,,trusted,cn_public_2022_2026_cycles_1_0,public_schedule_without_transaction_override,True,234,2024-12-09,complete
2024-12-07,4489.96,132299.76,3,5020597.37,last_posted_transaction_or_prior_closing_balance,synb1_txn_b188ba7b9b2aaf47398a9306,trusted,cn_public_2022_2026_cycles_1_0,public_schedule_without_transaction_override,False,,,complete
2024-12-08,15616.06,0.00,1,5036213.43,last_posted_transaction_or_prior_closing_balance,synb1_txn_0da2433b2c5dd89187eb1967,trusted,cn_public_2022_2026_cycles_1_0,public_schedule_without_transaction_override,False,,,complete
2024-12-09,0.00,0.00,0,5036213.43,last_posted_transaction_or_prior_closing_balance,,trusted,cn_public_2022_2026_cycles_1_0,public_schedule_without_transaction_override,True,235,2024-12-10,complete
2024-12-10,30139.81,0.00,1,5066353.24,last_posted_transaction_or_prior_closing_balance,synb1_txn_0179b359eba98b46fb465302,trusted,cn_public_2022_2026_cycles_1_0,public_schedule_without_transaction_override,True,236,2024-12-11,complete
2024-12-11,4362.13,0.00,1,5070715.37,last_posted_transaction_or_prior_closing_balance,synb1_txn_bd32dd48e221b7f3227b59f7,trusted,cn_public_2022_2026_cycles_1_0,public_schedule_without_transaction_override,True,237,2024-12-12,complete
2024-12-12,0.00,10248.41,1,5060466.96,last_posted_transaction_or_prior_closing_balance,synb1_txn_e5e22e0d245e468805308b36,trusted,cn_public_2022_2026_cycles_1_0,public_schedule_without_transaction_override,True,238,2024-12-13,complete
2024-12-13,67537.33,0.00,1,5128004.29,last_posted_transaction_or_prior_closing_balance,synb1_txn_a1d0e187e90826e6d99dc71c,trusted,cn_public_2022_2026_cycles_1_0,public_schedule_without_transaction_override,True,239,2024-12-16,complete
2024-12-14,27330.26,0.00,1,5155334.55,last_posted_transaction_or_prior_closing_balance,synb1_txn_a250fb1f08ab21fc5a558f56,trusted,cn_public_2022_2026_cycles_1_0,public_schedule_without_transaction_override,False,,,complete
2024-12-15,77350.65,4435.27,3,5228249.93,last_posted_transaction_or_prior_closing_balance,synb1_txn_765449895ab9368389b02ae0,trusted,cn_public_2022_2026_cycles_1_0,public_schedule_without_transaction_override,False,,,complete
2024-12-16,11.72,0.00,1,5228261.65,last_posted_transaction_or_prior_closing_balance,synb1_txn_ddaa7154037c19f39a166a2a,trusted,cn_public_2022_2026_cycles_1_0,public_schedule_without_transaction_override,True,240,2024-12-17,complete
2024-12-17,0.00,1646.25,1,5226615.40,last_posted_transaction_or_prior_closing_balance,synb1_txn_58b167c9cd4519b2bc25db93,trusted,cn_public_2022_2026_cycles_1_0,public_schedule_without_transaction_override,True,241,2024-12-18,complete
2024-12-18,6859.65,11410.56,3,5222064.49,last_posted_transaction_or_prior_closing_balance,synb1_txn_4a77b3a0d89e17bd66db7046,trusted,cn_public_2022_2026_cycles_1_0,public_schedule_without_transaction_override,True,242,2024-12-19,complete
2024-12-19,91180.74,7809.87,4,5305435.36,last_posted_transaction_or_prior_closing_balance,synb1_txn_d976ee00a464b051ac2936d8,trusted,cn_public_2022_2026_cycles_1_0,public_schedule_without_transaction_override,True,243,2024-12-20,complete
2024-12-20,0.00,0.00,0,5305435.36,last_posted_transaction_or_prior_closing_balance,,trusted,cn_public_2022_2026_cycles_1_0,public_schedule_without_transaction_override,True,244,2024-12-23,complete
2024-12-21,308845.71,169492.61,3,5444788.46,last_posted_transaction_or_prior_closing_balance,synb1_txn_d42400cd758cff2285f16c96,trusted,cn_public_2022_2026_cycles_1_0,public_schedule_without_transaction_override,False,,,complete
2024-12-22,0.00,47001.75,1,5397786.71,last_posted_transaction_or_prior_closing_balance,synb1_txn_74184e7efb7ac71106a0f6b1,trusted,cn_public_2022_2026_cycles_1_0,public_schedule_without_transaction_override,False,,,complete
2024-12-23,61915.81,0.00,2,5459702.52,last_posted_transaction_or_prior_closing_balance,synb1_txn_1d465fddce90fae2b1700f69,trusted,cn_public_2022_2026_cycles_1_0,public_schedule_without_transaction_override,True,245,2024-12-24,complete
2024-12-24,0.00,5859.01,1,5453843.51,last_posted_transaction_or_prior_closing_balance,synb1_txn_c2a5fe378572c5a3c7a48ab4,trusted,cn_public_2022_2026_cycles_1_0,public_schedule_without_transaction_override,True,246,2024-12-25,complete
2024-12-25,0.00,0.00,0,5453843.51,last_posted_transaction_or_prior_closing_balance,,trusted,cn_public_2022_2026_cycles_1_0,public_schedule_without_transaction_override,True,247,2024-12-26,complete
2024-12-26,0.00,0.00,0,5453843.51,last_posted_transaction_or_prior_closing_balance,,trusted,cn_public_2022_2026_cycles_1_0,public_schedule_without_transaction_override,True,248,2024-12-27,complete
2024-12-27,0.00,0.00,0,5453843.51,last_posted_transaction_or_prior_closing_balance,,trusted,cn_public_2022_2026_cycles_1_0,public_schedule_without_transaction_override,True,249,2024-12-30,complete
2024-12-28,0.00,0.00,0,5453843.51,last_posted_transaction_or_prior_closing_balance,,trusted,cn_public_2022_2026_cycles_1_0,public_schedule_without_transaction_override,False,,,complete
2024-12-29,0.00,0.00,0,5453843.51,last_posted_transaction_or_prior_closing_balance,,trusted,cn_public_2022_2026_cycles_1_0,public_schedule_without_transaction_override,False,,,complete
2024-12-30,0.00,0.00,0,5453843.51,last_posted_transaction_or_prior_closing_balance,,trusted,cn_public_2022_2026_cycles_1_0,public_schedule_without_transaction_override,True,250,2024-12-31,complete
2024-12-31,0.00,0.00,0,5453843.51,last_posted_transaction_or_prior_closing_balance,,trusted,cn_public_2022_2026_cycles_1_0,public_schedule_without_transaction_override,True,251,2025-01-02,complete
2025-01-01,0.00,0.00,0,5453843.51,last_posted_transaction_or_prior_closing_balance,,trusted,cn_public_2022_2026_cycles_1_0,public_schedule_without_transaction_override,False,,,complete
2025-01-02,48625.97,1607.50,2,5500861.98,last_posted_transaction_or_prior_closing_balance,synb1_txn_14f397a785a6f180ec8290d1,trusted,cn_public_2022_2026_cycles_1_0,public_schedule_without_transaction_override,True,252,2025-01-03,complete
2025-01-03,0.00,0.00,0,5500861.98,last_posted_transaction_or_prior_closing_balance,,trusted,cn_public_2022_2026_cycles_1_0,public_schedule_without_transaction_override,True,253,2025-01-06,complete
2025-01-04,0.00,0.00,0,5500861.98,last_posted_transaction_or_prior_closing_balance,,trusted,cn_public_2022_2026_cycles_1_0,public_schedule_without_transaction_override,False,,,complete
2025-01-05,0.00,26000.00,1,5474861.98,last_posted_transaction_or_prior_closing_balance,synb1_txn_890710257da1fe7f7b71319c,trusted,cn_public_2022_2026_cycles_1_0,public_schedule_without_transaction_override,False,,,complete
2025-01-06,40957.92,0.00,1,5515819.90,last_posted_transaction_or_prior_closing_balance,synb1_txn_194ffd881cd97821bf235926,trusted,cn_public_2022_2026_cycles_1_0,public_schedule_without_transaction_override,True,254,2025-01-07,complete
2025-01-07,32749.15,127000.00,2,5421569.05,last_posted_transaction_or_prior_closing_balance,synb1_txn_9a425859fb87bcdc14fa0e80,trusted,cn_public_2022_2026_cycles_1_0,public_schedule_without_transaction_override,True,255,2025-01-08,complete
2025-01-08,11814.53,0.00,1,5433383.58,last_posted_transaction_or_prior_closing_balance,synb1_txn_e55a342b74791aa5b04aee1a,trusted,cn_public_2022_2026_cycles_1_0,public_schedule_without_transaction_override,True,256,2025-01-09,complete
2025-01-09,0.00,31210.21,1,5402173.37,last_posted_transaction_or_prior_closing_balance,synb1_txn_693928c1b40a8cb2f3c1ba05,trusted,cn_public_2022_2026_cycles_1_0,public_schedule_without_transaction_override,True,257,2025-01-10,complete
2025-01-10,19393.45,0.00,1,5421566.82,last_posted_transaction_or_prior_closing_balance,synb1_txn_344688ae2485af37a1644406,trusted,cn_public_2022_2026_cycles_1_0,public_schedule_without_transaction_override,True,258,2025-01-13,complete
2025-01-11,267535.70,0.00,1,5689102.52,last_posted_transaction_or_prior_closing_balance,synb1_txn_362de6c6c010b7a3b76bfc10,trusted,cn_public_2022_2026_cycles_1_0,public_schedule_without_transaction_override,False,,,complete
2025-01-12,0.00,0.00,0,5689102.52,last_posted_transaction_or_prior_closing_balance,,trusted,cn_public_2022_2026_cycles_1_0,public_schedule_without_transaction_override,False,,,complete
2025-01-13,0.00,46231.73,1,5642870.79,last_posted_transaction_or_prior_closing_balance,synb1_txn_17cfc4e31a91cf9744e1f4a5,trusted,cn_public_2022_2026_cycles_1_0,public_schedule_without_transaction_override,True,259,2025-01-14,complete
2025-01-14,0.00,405532.23,1,5237338.56,last_posted_transaction_or_prior_closing_balance,synb1_txn_39561d44dd4ecee95e01cd34,trusted,cn_public_2022_2026_cycles_1_0,public_schedule_without_transaction_override,True,260,2025-01-15,complete
2025-01-15,0.00,0.00,0,5237338.56,last_posted_transaction_or_prior_closing_balance,,trusted,cn_public_2022_2026_cycles_1_0,public_schedule_without_transaction_override,True,261,2025-01-16,complete
2025-01-16,0.00,2897.54,1,5234441.02,last_posted_transaction_or_prior_closing_balance,synb1_txn_14763243dbf9a6dd05916186,trusted,cn_public_2022_2026_cycles_1_0,public_schedule_without_transaction_override,True,262,2025-01-17,complete
2025-01-17,0.00,1912.41,1,5232528.61,last_posted_transaction_or_prior_closing_balance,synb1_txn_c91413ad98d5883e209551a0,trusted,cn_public_2022_2026_cycles_1_0,public_schedule_without_transaction_override,True,263,2025-01-20,complete
2025-01-18,0.00,127434.53,1,5105094.08,last_posted_transaction_or_prior_closing_balance,synb1_txn_9363cf7395126017ef9cbf60,trusted,cn_public_2022_2026_cycles_1_0,public_schedule_without_transaction_override,False,,,complete
2025-01-19,0.00,0.00,0,5105094.08,last_posted_transaction_or_prior_closing_balance,,trusted,cn_public_2022_2026_cycles_1_0,public_schedule_without_transaction_override,False,,,complete
2025-01-20,0.00,27341.60,4,5077752.48,last_posted_transaction_or_prior_closing_balance,synb1_txn_bb257b7f651d230b2e945a0e,trusted,cn_public_2022_2026_cycles_1_0,public_schedule_without_transaction_override,True,264,2025-01-21,complete
2025-01-21,0.00,0.00,0,5077752.48,last_posted_transaction_or_prior_closing_balance,,trusted,cn_public_2022_2026_cycles_1_0,public_schedule_without_transaction_override,True,265,2025-01-22,complete
2025-01-22,33327.44,19594.27,3,5091485.65,last_posted_transaction_or_prior_closing_balance,synb1_txn_d925d1ab0c32093fc32ab734,trusted,cn_public_2022_2026_cycles_1_0,public_schedule_without_transaction_override,True,266,2025-01-23,complete
2025-01-23,0.00,0.00,0,5091485.65,last_posted_transaction_or_prior_closing_balance,,trusted,cn_public_2022_2026_cycles_1_0,public_schedule_without_transaction_override,True,267,2025-01-24,complete
2025-01-24,73237.35,0.00,2,5164723.00,last_posted_transaction_or_prior_closing_balance,synb1_txn_3f4729b98d81f947485e4076,trusted,cn_public_2022_2026_cycles_1_0,public_schedule_without_transaction_override,True,268,2025-01-26,complete
2025-01-25,0.00,69967.82,1,5094755.18,last_posted_transaction_or_prior_closing_balance,synb1_txn_108a8ce86af744d9d55cc64b,trusted,cn_public_2022_2026_cycles_1_0,public_schedule_without_transaction_override,False,,,complete
2025-01-26,31993.26,0.00,1,5126748.44,last_posted_transaction_or_prior_closing_balance,synb1_txn_74063acbeec6e8bef1cc31bd,trusted,cn_public_2022_2026_cycles_1_0,public_schedule_without_transaction_override,True,269,2025-01-27,complete
2025-01-27,5119.71,0.00,1,5131868.15,last_posted_transaction_or_prior_closing_balance,synb1_txn_1ebf753f4fba68c5e71f020e,trusted,cn_public_2022_2026_cycles_1_0,public_schedule_without_transaction_override,True,270,2025-02-05,complete
2025-01-28,711.52,0.00,1,5132579.67,last_posted_transaction_or_prior_closing_balance,synb1_txn_5d6fb61fce632becc09ef180,trusted,cn_public_2022_2026_cycles_1_0,public_schedule_without_transaction_override,False,,,complete
2025-01-29,0.00,0.00,0,5132579.67,last_posted_transaction_or_prior_closing_balance,,trusted,cn_public_2022_2026_cycles_1_0,public_schedule_without_transaction_override,False,,,complete
2025-01-30,0.00,0.00,0,5132579.67,last_posted_transaction_or_prior_closing_balance,,trusted,cn_public_2022_2026_cycles_1_0,public_schedule_without_transaction_override,False,,,complete
2025-01-31,0.00,0.00,0,5132579.67,last_posted_transaction_or_prior_closing_balance,,trusted,cn_public_2022_2026_cycles_1_0,public_schedule_without_transaction_override,False,,,complete
2025-02-01,0.00,0.00,0,5132579.67,last_posted_transaction_or_prior_closing_balance,,trusted,cn_public_2022_2026_cycles_1_0,public_schedule_without_transaction_override,False,,,complete
2025-02-02,167925.35,32880.95,3,5267624.07,last_posted_transaction_or_prior_closing_balance,synb1_txn_ae805d0f9d38a9e17e4d1ac5,trusted,cn_public_2022_2026_cycles_1_0,public_schedule_without_transaction_override,False,,,complete
2025-02-03,234389.59,78361.52,2,5423652.14,last_posted_transaction_or_prior_closing_balance,synb1_txn_6b0c9a110d982ca0d4aa44d9,trusted,cn_public_2022_2026_cycles_1_0,public_schedule_without_transaction_override,False,,,complete
2025-02-04,0.00,0.00,0,5423652.14,last_posted_transaction_or_prior_closing_balance,,trusted,cn_public_2022_2026_cycles_1_0,public_schedule_without_transaction_override,False,,,complete
2025-02-05,4355.15,26000.00,2,5402007.29,last_posted_transaction_or_prior_closing_balance,synb1_txn_638f8a9a9a9c9b29d7e19974,trusted,cn_public_2022_2026_cycles_1_0,public_schedule_without_transaction_override,True,271,2025-02-06,complete
2025-02-06,0.00,98308.96,1,5303698.33,last_posted_transaction_or_prior_closing_balance,synb1_txn_928179882da99c2179328e88,trusted,cn_public_2022_2026_cycles_1_0,public_schedule_without_transaction_override,True,272,2025-02-07,complete
2025-02-07,0.00,127325.22,2,5176373.11,last_posted_transaction_or_prior_closing_balance,synb1_txn_6c181d4b9ac53211763d5f9a,trusted,cn_public_2022_2026_cycles_1_0,public_schedule_without_transaction_override,True,273,2025-02-08,complete
2025-02-08,0.00,0.00,0,5176373.11,last_posted_transaction_or_prior_closing_balance,,trusted,cn_public_2022_2026_cycles_1_0,public_schedule_without_transaction_override,True,274,2025-02-10,complete
2025-02-09,0.00,253262.21,2,4923110.90,last_posted_transaction_or_prior_closing_balance,synb1_txn_d1e0e1d4fb82a007035c477a,trusted,cn_public_2022_2026_cycles_1_0,public_schedule_without_transaction_override,False,,,complete
2025-02-10,0.00,0.00,0,4923110.90,last_posted_transaction_or_prior_closing_balance,,trusted,cn_public_2022_2026_cycles_1_0,public_schedule_without_transaction_override,True,275,2025-02-11,complete
2025-02-11,0.00,0.00,0,4923110.90,last_posted_transaction_or_prior_closing_balance,,trusted,cn_public_2022_2026_cycles_1_0,public_schedule_without_transaction_override,True,276,2025-02-12,complete
2025-02-12,0.00,0.00,0,4923110.90,last_posted_transaction_or_prior_closing_balance,,trusted,cn_public_2022_2026_cycles_1_0,public_schedule_without_transaction_override,True,277,2025-02-13,complete
2025-02-13,22107.91,4190.17,2,4941028.64,last_posted_transaction_or_prior_closing_balance,synb1_txn_95871158dc6d3ca7822bf4af,trusted,cn_public_2022_2026_cycles_1_0,public_schedule_without_transaction_override,True,278,2025-02-14,complete
2025-02-14,0.00,0.00,0,4941028.64,last_posted_transaction_or_prior_closing_balance,,trusted,cn_public_2022_2026_cycles_1_0,public_schedule_without_transaction_override,True,279,2025-02-17,complete
2025-02-15,0.00,0.00,0,4941028.64,last_posted_transaction_or_prior_closing_balance,,trusted,cn_public_2022_2026_cycles_1_0,public_schedule_without_transaction_override,False,,,complete
2025-02-16,0.00,0.00,0,4941028.64,last_posted_transaction_or_prior_closing_balance,,trusted,cn_public_2022_2026_cycles_1_0,public_schedule_without_transaction_override,False,,,complete
2025-02-17,35665.49,0.00,1,4976694.13,last_posted_transaction_or_prior_closing_balance,synb1_txn_c50953586a749d9fb6f62774,trusted,cn_public_2022_2026_cycles_1_0,public_schedule_without_transaction_override,True,280,2025-02-18,complete
2025-02-18,0.00,9983.68,2,4966710.45,last_posted_transaction_or_prior_closing_balance,synb1_txn_b71e99ec06b9f8ef3a65fddc,trusted,cn_public_2022_2026_cycles_1_0,public_schedule_without_transaction_override,True,281,2025-02-19,complete
2025-02-19,0.00,44050.97,1,4922659.48,last_posted_transaction_or_prior_closing_balance,synb1_txn_19e8f1ebea2f007478a76b97,trusted,cn_public_2022_2026_cycles_1_0,public_schedule_without_transaction_override,True,282,2025-02-20,complete
2025-02-20,150496.97,0.00,3,5073156.45,last_posted_transaction_or_prior_closing_balance,synb1_txn_25e9ecca5b722db8ae90c24c,trusted,cn_public_2022_2026_cycles_1_0,public_schedule_without_transaction_override,True,283,2025-02-21,complete
2025-02-21,16229.27,0.00,1,5089385.72,last_posted_transaction_or_prior_closing_balance,synb1_txn_1a59914fa5efb496fce0bc47,trusted,cn_public_2022_2026_cycles_1_0,public_schedule_without_transaction_override,True,284,2025-02-24,complete
2025-02-22,0.00,0.00,0,5089385.72,last_posted_transaction_or_prior_closing_balance,,trusted,cn_public_2022_2026_cycles_1_0,public_schedule_without_transaction_override,False,,,complete
2025-02-23,0.00,11788.75,1,5077596.97,last_posted_transaction_or_prior_closing_balance,synb1_txn_762b5e48094822ede5b816bd,trusted,cn_public_2022_2026_cycles_1_0,public_schedule_without_transaction_override,False,,,complete
2025-02-24,0.00,0.00,0,5077596.97,last_posted_transaction_or_prior_closing_balance,,trusted,cn_public_2022_2026_cycles_1_0,public_schedule_without_transaction_override,True,285,2025-02-25,complete
2025-02-25,0.00,0.00,0,5077596.97,last_posted_transaction_or_prior_closing_balance,,trusted,cn_public_2022_2026_cycles_1_0,public_schedule_without_transaction_override,True,286,2025-02-26,complete
2025-02-26,20635.97,10211.25,2,5088021.69,last_posted_transaction_or_prior_closing_balance,synb1_txn_8bbd029a8ef9b45382050af6,trusted,cn_public_2022_2026_cycles_1_0,public_schedule_without_transaction_override,True,287,2025-02-27,complete
2025-02-27,0.00,0.00,0,5088021.69,last_posted_transaction_or_prior_closing_balance,,trusted,cn_public_2022_2026_cycles_1_0,public_schedule_without_transaction_override,True,288,2025-02-28,complete
2025-02-28,86074.30,0.00,1,5174095.99,last_posted_transaction_or_prior_closing_balance,synb1_txn_7ea2082a833bb8a5fdab74ec,trusted,cn_public_2022_2026_cycles_1_0,public_schedule_without_transaction_override,True,289,2025-03-03,complete
2025-03-01,0.00,0.00,0,5174095.99,last_posted_transaction_or_prior_closing_balance,,trusted,cn_public_2022_2026_cycles_1_0,public_schedule_without_transaction_override,False,,,complete
2025-03-02,0.00,144483.43,1,5029612.56,last_posted_transaction_or_prior_closing_balance,synb1_txn_ea05b755d588f6abb807dc6d,trusted,cn_public_2022_2026_cycles_1_0,public_schedule_without_transaction_override,False,,,complete
2025-03-03,0.00,0.00,0,5029612.56,last_posted_transaction_or_prior_closing_balance,,trusted,cn_public_2022_2026_cycles_1_0,public_schedule_without_transaction_override,True,290,2025-03-04,complete
2025-03-04,0.00,0.00,0,5029612.56,last_posted_transaction_or_prior_closing_balance,,trusted,cn_public_2022_2026_cycles_1_0,public_schedule_without_transaction_override,True,291,2025-03-05,complete
2025-03-05,36839.44,26000.00,2,5040452.00,last_posted_transaction_or_prior_closing_balance,synb1_txn_7712f818f7cdbea102bc2da5,trusted,cn_public_2022_2026_cycles_1_0,public_schedule_without_transaction_override,True,292,2025-03-06,complete
2025-03-06,0.00,0.00,0,5040452.00,last_posted_transaction_or_prior_closing_balance,,trusted,cn_public_2022_2026_cycles_1_0,public_schedule_without_transaction_override,True,293,2025-03-07,complete
2025-03-07,0.00,131070.52,2,4909381.48,last_posted_transaction_or_prior_closing_balance,synb1_txn_fe13eb7dea7064e442b32e7d,trusted,cn_public_2022_2026_cycles_1_0,public_schedule_without_transaction_override,True,294,2025-03-10,complete
2025-03-08,143369.94,72282.44,2,4980468.98,last_posted_transaction_or_prior_closing_balance,synb1_txn_3227953454d95773a25b5184,trusted,cn_public_2022_2026_cycles_1_0,public_schedule_without_transaction_override,False,,,complete
2025-03-09,129410.01,91972.46,2,5017906.53,last_posted_transaction_or_prior_closing_balance,synb1_txn_b82d148585928bab39bdb27e,trusted,cn_public_2022_2026_cycles_1_0,public_schedule_without_transaction_override,False,,,complete
2025-03-10,10952.50,0.00,1,5028859.03,last_posted_transaction_or_prior_closing_balance,synb1_txn_30719cfdd9b632a5337fb53e,trusted,cn_public_2022_2026_cycles_1_0,public_schedule_without_transaction_override,True,295,2025-03-11,complete
2025-03-11,0.00,0.00,0,5028859.03,last_posted_transaction_or_prior_closing_balance,,trusted,cn_public_2022_2026_cycles_1_0,public_schedule_without_transaction_override,True,296,2025-03-12,complete
2025-03-12,53808.31,1571.67,2,5081095.67,last_posted_transaction_or_prior_closing_balance,synb1_txn_5ae36e54bcedddf1c228d61d,trusted,cn_public_2022_2026_cycles_1_0,public_schedule_without_transaction_override,True,297,2025-03-13,complete
2025-03-13,0.00,2545.11,1,5078550.56,last_posted_transaction_or_prior_closing_balance,synb1_txn_e5f173f7d9b359ee68707b60,trusted,cn_public_2022_2026_cycles_1_0,public_schedule_without_transaction_override,True,298,2025-03-14,complete
2025-03-14,0.00,0.00,0,5078550.56,last_posted_transaction_or_prior_closing_balance,,trusted,cn_public_2022_2026_cycles_1_0,public_schedule_without_transaction_override,True,299,2025-03-17,complete
2025-03-15,0.00,0.00,0,5078550.56,last_posted_transaction_or_prior_closing_balance,,trusted,cn_public_2022_2026_cycles_1_0,public_schedule_without_transaction_override,False,,,complete
2025-03-16,31741.12,0.00,1,5110291.68,last_posted_transaction_or_prior_closing_balance,synb1_txn_55215dc4dcdcc2d70514f63c,trusted,cn_public_2022_2026_cycles_1_0,public_schedule_without_transaction_override,False,,,complete
2025-03-17,0.00,0.00,0,5110291.68,last_posted_transaction_or_prior_closing_balance,,trusted,cn_public_2022_2026_cycles_1_0,public_schedule_without_transaction_override,True,300,2025-03-18,complete
2025-03-18,15324.96,5458.88,3,5120157.76,last_posted_transaction_or_prior_closing_balance,synb1_txn_89544a7120d886e25d11f8e0,trusted,cn_public_2022_2026_cycles_1_0,public_schedule_without_transaction_override,True,301,2025-03-19,complete
2025-03-19,3670.14,0.00,1,5123827.90,last_posted_transaction_or_prior_closing_balance,synb1_txn_1466f336bcf5051e632bbbc8,trusted,cn_public_2022_2026_cycles_1_0,public_schedule_without_transaction_override,True,302,2025-03-20,complete
2025-03-20,0.00,0.00,0,5123827.90,last_posted_transaction_or_prior_closing_balance,,trusted,cn_public_2022_2026_cycles_1_0,public_schedule_without_transaction_override,True,303,2025-03-21,complete
2025-03-21,68233.46,10611.20,3,5181450.16,last_posted_transaction_or_prior_closing_balance,synb1_txn_7e150d8f8b50e1d3c5a11c33,trusted,cn_public_2022_2026_cycles_1_0,public_schedule_without_transaction_override,True,304,2025-03-24,complete
2025-03-22,0.00,129040.43,2,5052409.73,last_posted_transaction_or_prior_closing_balance,synb1_txn_e783cc2c0060f27aa6f90d42,trusted,cn_public_2022_2026_cycles_1_0,public_schedule_without_transaction_override,False,,,complete
2025-03-23,0.00,12904.45,1,5039505.28,last_posted_transaction_or_prior_closing_balance,synb1_txn_6be355c1e5d7c45abd6a98d5,trusted,cn_public_2022_2026_cycles_1_0,public_schedule_without_transaction_override,False,,,complete
2025-03-24,151462.72,0.00,1,5190968.00,last_posted_transaction_or_prior_closing_balance,synb1_txn_7a80a64e59af6b9bdabd33d5,trusted,cn_public_2022_2026_cycles_1_0,public_schedule_without_transaction_override,True,305,2025-03-25,complete
2025-03-25,0.00,0.00,0,5190968.00,last_posted_transaction_or_prior_closing_balance,,trusted,cn_public_2022_2026_cycles_1_0,public_schedule_without_transaction_override,True,306,2025-03-26,complete
2025-03-26,9909.17,0.00,1,5200877.17,last_posted_transaction_or_prior_closing_balance,synb1_txn_d3efc00a54b61b26fa8768ad,trusted,cn_public_2022_2026_cycles_1_0,public_schedule_without_transaction_override,True,307,2025-03-27,complete
2025-03-27,0.00,0.00,0,5200877.17,last_posted_transaction_or_prior_closing_balance,,trusted,cn_public_2022_2026_cycles_1_0,public_schedule_without_transaction_override,True,308,2025-03-28,complete
2025-03-28,21082.23,348154.29,2,4873805.11,last_posted_transaction_or_prior_closing_balance,synb1_txn_341acfa3530bff8b1b8b9f67,trusted,cn_public_2022_2026_cycles_1_0,public_schedule_without_transaction_override,True,309,2025-03-31,complete
2025-03-29,0.00,0.00,0,4873805.11,last_posted_transaction_or_prior_closing_balance,,trusted,cn_public_2022_2026_cycles_1_0,public_schedule_without_transaction_override,False,,,complete
2025-03-30,0.00,0.00,0,4873805.11,last_posted_transaction_or_prior_closing_balance,,trusted,cn_public_2022_2026_cycles_1_0,public_schedule_without_transaction_override,False,,,complete
2025-03-31,0.00,0.00,0,4873805.11,last_posted_transaction_or_prior_closing_balance,,trusted,cn_public_2022_2026_cycles_1_0,public_schedule_without_transaction_override,True,310,2025-04-01,complete
2025-04-01,0.00,0.00,0,4873805.11,last_posted_transaction_or_prior_closing_balance,,trusted,cn_public_2022_2026_cycles_1_0,public_schedule_without_transaction_override,True,311,2025-04-02,complete
2025-04-02,0.00,0.00,0,4873805.11,last_posted_transaction_or_prior_closing_balance,,trusted,cn_public_2022_2026_cycles_1_0,public_schedule_without_transaction_override,True,312,2025-04-03,complete
2025-04-03,217585.32,0.00,3,5091390.43,last_posted_transaction_or_prior_closing_balance,synb1_txn_12fd1584c9a2abfe7fd21073,trusted,cn_public_2022_2026_cycles_1_0,public_schedule_without_transaction_override,True,313,2025-04-07,complete
2025-04-04,0.00,0.00,0,5091390.43,last_posted_transaction_or_prior_closing_balance,,trusted,cn_public_2022_2026_cycles_1_0,public_schedule_without_transaction_override,False,,,complete
2025-04-05,4334.79,26000.00,2,5069725.22,last_posted_transaction_or_prior_closing_balance,synb1_txn_d4e0790c1446529c74e8e112,trusted,cn_public_2022_2026_cycles_1_0,public_schedule_without_transaction_override,False,,,complete
2025-04-06,0.00,177094.43,1,4892630.79,last_posted_transaction_or_prior_closing_balance,synb1_txn_44d2396072543efa880163d2,trusted,cn_public_2022_2026_cycles_1_0,public_schedule_without_transaction_override,False,,,complete
2025-04-07,16314.77,271031.22,3,4637914.34,last_posted_transaction_or_prior_closing_balance,synb1_txn_ee443efeb377af20f2d1de12,trusted,cn_public_2022_2026_cycles_1_0,public_schedule_without_transaction_override,True,314,2025-04-08,complete
2025-04-08,0.00,0.00,0,4637914.34,last_posted_transaction_or_prior_closing_balance,,trusted,cn_public_2022_2026_cycles_1_0,public_schedule_without_transaction_override,True,315,2025-04-09,complete
2025-04-09,0.00,0.00,0,4637914.34,last_posted_transaction_or_prior_closing_balance,,trusted,cn_public_2022_2026_cycles_1_0,public_schedule_without_transaction_override,True,316,2025-04-10,complete
2025-04-10,125181.91,38539.43,3,4724556.82,last_posted_transaction_or_prior_closing_balance,synb1_txn_901e49f050c84bb97bcbf916,trusted,cn_public_2022_2026_cycles_1_0,public_schedule_without_transaction_override,True,317,2025-04-11,complete
2025-04-11,0.00,0.00,0,4724556.82,last_posted_transaction_or_prior_closing_balance,,trusted,cn_public_2022_2026_cycles_1_0,public_schedule_without_transaction_override,True,318,2025-04-14,complete
2025-04-12,0.00,130967.50,1,4593589.32,last_posted_transaction_or_prior_closing_balance,synb1_txn_1f9b067ba9057ccc151205b4,trusted,cn_public_2022_2026_cycles_1_0,public_schedule_without_transaction_override,False,,,complete
2025-04-13,0.00,0.00,0,4593589.32,last_posted_transaction_or_prior_closing_balance,,trusted,cn_public_2022_2026_cycles_1_0,public_schedule_without_transaction_override,False,,,complete
2025-04-14,147252.43,0.00,1,4740841.75,last_posted_transaction_or_prior_closing_balance,synb1_txn_2a6f27c667fe2e9e300f796a,trusted,cn_public_2022_2026_cycles_1_0,public_schedule_without_transaction_override,True,319,2025-04-15,complete
2025-04-15,0.00,1253.36,1,4739588.39,last_posted_transaction_or_prior_closing_balance,synb1_txn_3e606c6cfcc9fc76227aad10,trusted,cn_public_2022_2026_cycles_1_0,public_schedule_without_transaction_override,True,320,2025-04-16,complete
2025-04-16,152251.23,1267.67,2,4890571.95,last_posted_transaction_or_prior_closing_balance,synb1_txn_821838557d5e435fe0680762,trusted,cn_public_2022_2026_cycles_1_0,public_schedule_without_transaction_override,True,321,2025-04-17,complete
2025-04-17,124594.35,931.53,2,5014234.77,last_posted_transaction_or_prior_closing_balance,synb1_txn_aeec39231e9a3d585fda3ee9,trusted,cn_public_2022_2026_cycles_1_0,public_schedule_without_transaction_override,True,322,2025-04-18,complete
2025-04-18,0.00,11011.84,2,5003222.93,last_posted_transaction_or_prior_closing_balance,synb1_txn_5330e39a76ebc53c9c6bbcef,trusted,cn_public_2022_2026_cycles_1_0,public_schedule_without_transaction_override,True,323,2025-04-21,complete
2025-04-19,0.00,16719.23,1,4986503.70,last_posted_transaction_or_prior_closing_balance,synb1_txn_3201b17788e71db63ea8a02d,trusted,cn_public_2022_2026_cycles_1_0,public_schedule_without_transaction_override,False,,,complete
2025-04-20,1531.54,0.00,1,4988035.24,last_posted_transaction_or_prior_closing_balance,synb1_txn_8d13f915de1b592701d10d56,trusted,cn_public_2022_2026_cycles_1_0,public_schedule_without_transaction_override,False,,,complete
2025-04-21,0.00,0.00,0,4988035.24,last_posted_transaction_or_prior_closing_balance,,trusted,cn_public_2022_2026_cycles_1_0,public_schedule_without_transaction_override,True,324,2025-04-22,complete
2025-04-22,0.00,0.00,0,4988035.24,last_posted_transaction_or_prior_closing_balance,,trusted,cn_public_2022_2026_cycles_1_0,public_schedule_without_transaction_override,True,325,2025-04-23,complete
2025-04-23,0.00,0.00,0,4988035.24,last_posted_transaction_or_prior_closing_balance,,trusted,cn_public_2022_2026_cycles_1_0,public_schedule_without_transaction_override,True,326,2025-04-24,complete
2025-04-24,227859.66,412118.76,3,4803776.14,last_posted_transaction_or_prior_closing_balance,synb1_txn_7fec2e4a234ff70543f55a90,trusted,cn_public_2022_2026_cycles_1_0,public_schedule_without_transaction_override,True,327,2025-04-25,complete
2025-04-25,0.00,0.00,0,4803776.14,last_posted_transaction_or_prior_closing_balance,,trusted,cn_public_2022_2026_cycles_1_0,public_schedule_without_transaction_override,True,328,2025-04-27,complete
2025-04-26,0.00,46008.50,1,4757767.64,last_posted_transaction_or_prior_closing_balance,synb1_txn_4ad73cd8a3382dced48b000a,trusted,cn_public_2022_2026_cycles_1_0,public_schedule_without_transaction_override,False,,,complete
2025-04-27,0.00,0.00,0,4757767.64,last_posted_transaction_or_prior_closing_balance,,trusted,cn_public_2022_2026_cycles_1_0,public_schedule_without_transaction_override,True,329,2025-04-28,complete
2025-04-28,0.00,1812.37,1,4755955.27,last_posted_transaction_or_prior_closing_balance,synb1_txn_1a64b71256b78b547e33b2d8,trusted,cn_public_2022_2026_cycles_1_0,public_schedule_without_transaction_override,True,330,2025-04-29,complete
2025-04-29,0.00,0.00,0,4755955.27,last_posted_transaction_or_prior_closing_balance,,trusted,cn_public_2022_2026_cycles_1_0,public_schedule_without_transaction_override,True,331,2025-04-30,complete
2025-04-30,0.00,0.00,0,4755955.27,last_posted_transaction_or_prior_closing_balance,,trusted,cn_public_2022_2026_cycles_1_0,public_schedule_without_transaction_override,True,332,2025-05-06,complete
2025-05-01,0.00,0.00,0,4755955.27,last_posted_transaction_or_prior_closing_balance,,trusted,cn_public_2022_2026_cycles_1_0,public_schedule_without_transaction_override,False,,,complete
2025-05-02,0.00,0.00,0,4755955.27,last_posted_transaction_or_prior_closing_balance,,trusted,cn_public_2022_2026_cycles_1_0,public_schedule_without_transaction_override,False,,,complete
2025-05-03,0.00,0.00,0,4755955.27,last_posted_transaction_or_prior_closing_balance,,trusted,cn_public_2022_2026_cycles_1_0,public_schedule_without_transaction_override,False,,,complete
2025-05-04,0.00,0.00,0,4755955.27,last_posted_transaction_or_prior_closing_balance,,trusted,cn_public_2022_2026_cycles_1_0,public_schedule_without_transaction_override,False,,,complete
2025-05-05,0.00,26000.00,1,4729955.27,last_posted_transaction_or_prior_closing_balance,synb1_txn_cad019da9f5743b74d30ed4c,trusted,cn_public_2022_2026_cycles_1_0,public_schedule_without_transaction_override,False,,,complete
2025-05-06,15397.24,47370.65,2,4697981.86,last_posted_transaction_or_prior_closing_balance,synb1_txn_432205eef74a7f89f29078fa,trusted,cn_public_2022_2026_cycles_1_0,public_schedule_without_transaction_override,True,333,2025-05-07,complete
2025-05-07,0.00,113000.00,1,4584981.86,last_posted_transaction_or_prior_closing_balance,synb1_txn_ceb66b8ea0d8d2294eb80a60,trusted,cn_public_2022_2026_cycles_1_0,public_schedule_without_transaction_override,True,334,2025-05-08,complete
2025-05-08,0.00,9257.44,1,4575724.42,last_posted_transaction_or_prior_closing_balance,synb1_txn_f9943cf2bcb359d1a895aaad,trusted,cn_public_2022_2026_cycles_1_0,public_schedule_without_transaction_override,True,335,2025-05-09,complete
2025-05-09,1392.92,0.00,1,4577117.34,last_posted_transaction_or_prior_closing_balance,synb1_txn_0fd3c994fedf039c10280666,trusted,cn_public_2022_2026_cycles_1_0,public_schedule_without_transaction_override,True,336,2025-05-12,complete
2025-05-10,218067.76,0.00,2,4795185.10,last_posted_transaction_or_prior_closing_balance,synb1_txn_859c62ddf99a376b0d42ed57,trusted,cn_public_2022_2026_cycles_1_0,public_schedule_without_transaction_override,False,,,complete
2025-05-11,0.00,4521.82,1,4790663.28,last_posted_transaction_or_prior_closing_balance,synb1_txn_00e3e086dc67cbb7c36d75b7,trusted,cn_public_2022_2026_cycles_1_0,public_schedule_without_transaction_override,False,,,complete
2025-05-12,0.00,0.00,0,4790663.28,last_posted_transaction_or_prior_closing_balance,,trusted,cn_public_2022_2026_cycles_1_0,public_schedule_without_transaction_override,True,337,2025-05-13,complete
2025-05-13,0.00,128831.96,1,4661831.32,last_posted_transaction_or_prior_closing_balance,synb1_txn_84906d2dac660cab0f5a764f,trusted,cn_public_2022_2026_cycles_1_0,public_schedule_without_transaction_override,True,338,2025-05-14,complete
2025-05-14,471624.60,1528.00,4,5131927.92,last_posted_transaction_or_prior_closing_balance,synb1_txn_c8654c84d67952273f8840e4,trusted,cn_public_2022_2026_cycles_1_0,public_schedule_without_transaction_override,True,339,2025-05-15,complete
2025-05-15,0.00,0.00,0,5131927.92,last_posted_transaction_or_prior_closing_balance,,trusted,cn_public_2022_2026_cycles_1_0,public_schedule_without_transaction_override,True,340,2025-05-16,complete
2025-05-16,0.00,18192.14,1,5113735.78,last_posted_transaction_or_prior_closing_balance,synb1_txn_a7297970623fe1a9c7dc962b,trusted,cn_public_2022_2026_cycles_1_0,public_schedule_without_transaction_override,True,341,2025-05-19,complete
2025-05-17,80445.37,0.00,1,5194181.15,last_posted_transaction_or_prior_closing_balance,synb1_txn_a60a2a372cb46597bd0288eb,trusted,cn_public_2022_2026_cycles_1_0,public_schedule_without_transaction_override,False,,,complete
2025-05-18,9388.74,0.00,1,5203569.89,last_posted_transaction_or_prior_closing_balance,synb1_txn_1818b0591162cef208568d21,trusted,cn_public_2022_2026_cycles_1_0,public_schedule_without_transaction_override,False,,,complete
2025-05-19,0.00,48665.74,3,5154904.15,last_posted_transaction_or_prior_closing_balance,synb1_txn_9d50e884505d9c4f94e4da44,trusted,cn_public_2022_2026_cycles_1_0,public_schedule_without_transaction_override,True,342,2025-05-20,complete
2025-05-20,0.00,4499.43,2,5150404.72,last_posted_transaction_or_prior_closing_balance,synb1_txn_fb8cbcd2fe758350d8852747,trusted,cn_public_2022_2026_cycles_1_0,public_schedule_without_transaction_override,True,343,2025-05-21,complete
2025-05-21,345574.73,455796.87,3,5040182.58,last_posted_transaction_or_prior_closing_balance,synb1_txn_be8c1ea3f1eec4f64476c7e8,trusted,cn_public_2022_2026_cycles_1_0,public_schedule_without_transaction_override,True,344,2025-05-22,complete
2025-05-22,0.00,0.00,0,5040182.58,last_posted_transaction_or_prior_closing_balance,,trusted,cn_public_2022_2026_cycles_1_0,public_schedule_without_transaction_override,True,345,2025-05-23,complete
2025-05-23,0.00,0.00,0,5040182.58,last_posted_transaction_or_prior_closing_balance,,trusted,cn_public_2022_2026_cycles_1_0,public_schedule_without_transaction_override,True,346,2025-05-26,complete
2025-05-24,0.00,0.00,0,5040182.58,last_posted_transaction_or_prior_closing_balance,,trusted,cn_public_2022_2026_cycles_1_0,public_schedule_without_transaction_override,False,,,complete
2025-05-25,21967.33,4666.24,2,5057483.67,last_posted_transaction_or_prior_closing_balance,synb1_txn_2e7b6aa94a4228615f81b1cf,trusted,cn_public_2022_2026_cycles_1_0,public_schedule_without_transaction_override,False,,,complete
2025-05-26,86677.29,0.00,1,5144160.96,last_posted_transaction_or_prior_closing_balance,synb1_txn_5346104f6cb5f7ccb0f4bcac,trusted,cn_public_2022_2026_cycles_1_0,public_schedule_without_transaction_override,True,347,2025-05-27,complete
2025-05-27,331509.69,0.00,1,5475670.65,last_posted_transaction_or_prior_closing_balance,synb1_txn_5fae781f1240efd6f966bb3d,trusted,cn_public_2022_2026_cycles_1_0,public_schedule_without_transaction_override,True,348,2025-05-28,complete
2025-05-28,8080.33,812.51,2,5482938.47,last_posted_transaction_or_prior_closing_balance,synb1_txn_27bb15bb714a29b16a16a03c,trusted,cn_public_2022_2026_cycles_1_0,public_schedule_without_transaction_override,True,349,2025-05-29,complete
2025-05-29,0.00,0.00,0,5482938.47,last_posted_transaction_or_prior_closing_balance,,trusted,cn_public_2022_2026_cycles_1_0,public_schedule_without_transaction_override,True,350,2025-05-30,complete
2025-05-30,0.00,0.00,0,5482938.47,last_posted_transaction_or_prior_closing_balance,,trusted,cn_public_2022_2026_cycles_1_0,public_schedule_without_transaction_override,True,351,2025-06-03,complete
2025-05-31,0.00,0.00,0,5482938.47,last_posted_transaction_or_prior_closing_balance,,trusted,cn_public_2022_2026_cycles_1_0,public_schedule_without_transaction_override,False,,,complete
2025-06-01,0.00,0.00,0,5482938.47,last_posted_transaction_or_prior_closing_balance,,trusted,cn_public_2022_2026_cycles_1_0,public_schedule_without_transaction_override,False,,,complete
2025-06-02,0.00,0.00,0,5482938.47,last_posted_transaction_or_prior_closing_balance,,trusted,cn_public_2022_2026_cycles_1_0,public_schedule_without_transaction_override,False,,,complete
2025-06-03,0.00,66676.43,1,5416262.04,last_posted_transaction_or_prior_closing_balance,synb1_txn_382d191c66cb2a9383222fd7,trusted,cn_public_2022_2026_cycles_1_0,public_schedule_without_transaction_override,True,352,2025-06-04,complete
2025-06-04,0.00,0.00,0,5416262.04,last_posted_transaction_or_prior_closing_balance,,trusted,cn_public_2022_2026_cycles_1_0,public_schedule_without_transaction_override,True,353,2025-06-05,complete
2025-06-05,0.00,26000.00,1,5390262.04,last_posted_transaction_or_prior_closing_balance,synb1_txn_8630a565afdf648a3f709a9a,trusted,cn_public_2022_2026_cycles_1_0,public_schedule_without_transaction_override,True,354,2025-06-06,complete
2025-06-06,0.00,39310.35,1,5350951.69,last_posted_transaction_or_prior_closing_balance,synb1_txn_0764bd9d1d8b6895827940ef,trusted,cn_public_2022_2026_cycles_1_0,public_schedule_without_transaction_override,True,355,2025-06-09,complete
2025-06-07,75839.26,113000.00,2,5313790.95,last_posted_transaction_or_prior_closing_balance,synb1_txn_40568411b6d2e6cdbf79c1ec,trusted,cn_public_2022_2026_cycles_1_0,public_schedule_without_transaction_override,False,,,complete
2025-06-08,0.00,27039.00,1,5286751.95,last_posted_transaction_or_prior_closing_balance,synb1_txn_644ea420e56c5d6f0ff06dde,trusted,cn_public_2022_2026_cycles_1_0,public_schedule_without_transaction_override,False,,,complete
2025-06-09,0.00,0.00,0,5286751.95,last_posted_transaction_or_prior_closing_balance,,trusted,cn_public_2022_2026_cycles_1_0,public_schedule_without_transaction_override,True,356,2025-06-10,complete
2025-06-10,0.00,0.00,0,5286751.95,last_posted_transaction_or_prior_closing_balance,,trusted,cn_public_2022_2026_cycles_1_0,public_schedule_without_transaction_override,True,357,2025-06-11,complete
2025-06-11,706.95,170648.72,2,5116810.18,last_posted_transaction_or_prior_closing_balance,synb1_txn_e833efc01a29797503eb1f9d,trusted,cn_public_2022_2026_cycles_1_0,public_schedule_without_transaction_override,True,358,2025-06-12,complete
2025-06-12,827501.16,84316.54,3,5859994.80,last_posted_transaction_or_prior_closing_balance,synb1_txn_60495663324da695661c9b73,trusted,cn_public_2022_2026_cycles_1_0,public_schedule_without_transaction_override,True,359,2025-06-13,complete
2025-06-13,0.00,0.00,0,5859994.80,last_posted_transaction_or_prior_closing_balance,,trusted,cn_public_2022_2026_cycles_1_0,public_schedule_without_transaction_override,True,360,2025-06-16,complete
2025-06-14,0.00,156778.94,2,5703215.86,last_posted_transaction_or_prior_closing_balance,synb1_txn_16f50f99b0fd4af7706e46fc,trusted,cn_public_2022_2026_cycles_1_0,public_schedule_without_transaction_override,False,,,complete
2025-06-15,0.00,160138.76,1,5543077.10,last_posted_transaction_or_prior_closing_balance,synb1_txn_77bc98eb4f56a7334510605d,trusted,cn_public_2022_2026_cycles_1_0,public_schedule_without_transaction_override,False,,,complete
2025-06-16,0.00,14257.21,1,5528819.89,last_posted_transaction_or_prior_closing_balance,synb1_txn_6bbdc469c44fd6586f178924,trusted,cn_public_2022_2026_cycles_1_0,public_schedule_without_transaction_override,True,361,2025-06-17,complete
2025-06-17,0.00,12732.25,2,5516087.64,last_posted_transaction_or_prior_closing_balance,synb1_txn_0a515210e14b1b64430082c7,trusted,cn_public_2022_2026_cycles_1_0,public_schedule_without_transaction_override,True,362,2025-06-18,complete
2025-06-18,0.00,76011.32,3,5440076.32,last_posted_transaction_or_prior_closing_balance,synb1_txn_da3b122b02a0eb1aeea1482f,trusted,cn_public_2022_2026_cycles_1_0,public_schedule_without_transaction_override,True,363,2025-06-19,complete
2025-06-19,228803.88,18780.41,2,5650099.79,last_posted_transaction_or_prior_closing_balance,synb1_txn_1cbc964e01f3648b1d462292,trusted,cn_public_2022_2026_cycles_1_0,public_schedule_without_transaction_override,True,364,2025-06-20,complete
2025-06-20,0.00,0.00,0,5650099.79,last_posted_transaction_or_prior_closing_balance,,trusted,cn_public_2022_2026_cycles_1_0,public_schedule_without_transaction_override,True,365,2025-06-23,complete
2025-06-21,0.00,0.00,0,5650099.79,last_posted_transaction_or_prior_closing_balance,,trusted,cn_public_2022_2026_cycles_1_0,public_schedule_without_transaction_override,False,,,complete
2025-06-22,0.00,32082.60,2,5618017.19,last_posted_transaction_or_prior_closing_balance,synb1_txn_1bb25a2b333a6eb025281c28,trusted,cn_public_2022_2026_cycles_1_0,public_schedule_without_transaction_override,False,,,complete
2025-06-23,0.00,0.00,0,5618017.19,last_posted_transaction_or_prior_closing_balance,,trusted,cn_public_2022_2026_cycles_1_0,public_schedule_without_transaction_override,True,366,2025-06-24,complete
2025-06-24,0.00,0.00,0,5618017.19,last_posted_transaction_or_prior_closing_balance,,trusted,cn_public_2022_2026_cycles_1_0,public_schedule_without_transaction_override,True,367,2025-06-25,complete
2025-06-25,17915.56,0.00,1,5635932.75,last_posted_transaction_or_prior_closing_balance,synb1_txn_8a9e446aac79a95b31667db3,trusted,cn_public_2022_2026_cycles_1_0,public_schedule_without_transaction_override,True,368,2025-06-26,complete
2025-06-26,194658.42,0.00,1,5830591.17,last_posted_transaction_or_prior_closing_balance,synb1_txn_71589264175bee2afd11301b,trusted,cn_public_2022_2026_cycles_1_0,public_schedule_without_transaction_override,True,369,2025-06-27,complete
2025-06-27,53726.96,1021.07,2,5883297.06,last_posted_transaction_or_prior_closing_balance,synb1_txn_e757e5d7ba9510d792eb71c3,trusted,cn_public_2022_2026_cycles_1_0,public_schedule_without_transaction_override,True,370,2025-06-30,complete
2025-06-28,146431.81,185309.88,2,5844418.99,last_posted_transaction_or_prior_closing_balance,synb1_txn_59de1ae2289e0b2c8fc1aad8,trusted,cn_public_2022_2026_cycles_1_0,public_schedule_without_transaction_override,False,,,complete
2025-06-29,0.00,0.00,0,5844418.99,last_posted_transaction_or_prior_closing_balance,,trusted,cn_public_2022_2026_cycles_1_0,public_schedule_without_transaction_override,False,,,complete
2025-06-30,0.00,0.00,0,5844418.99,last_posted_transaction_or_prior_closing_balance,,trusted,cn_public_2022_2026_cycles_1_0,public_schedule_without_transaction_override,True,371,2025-07-01,complete
2025-07-01,0.00,0.00,0,5844418.99,last_posted_transaction_or_prior_closing_balance,,trusted,cn_public_2022_2026_cycles_1_0,public_schedule_without_transaction_override,True,372,2025-07-02,complete
2025-07-02,0.00,142261.38,1,5702157.61,last_posted_transaction_or_prior_closing_balance,synb1_txn_0f39416651fb9d4bd3d3353d,trusted,cn_public_2022_2026_cycles_1_0,public_schedule_without_transaction_override,True,373,2025-07-03,complete
2025-07-03,1136.98,0.00,1,5703294.59,last_posted_transaction_or_prior_closing_balance,synb1_txn_2ed3ea7156367f7772568317,trusted,cn_public_2022_2026_cycles_1_0,public_schedule_without_transaction_override,True,374,2025-07-04,complete
2025-07-04,337316.18,7137.16,4,6033473.61,last_posted_transaction_or_prior_closing_balance,synb1_txn_0a2ef6820210593e15f78be3,trusted,cn_public_2022_2026_cycles_1_0,public_schedule_without_transaction_override,True,375,2025-07-07,complete
2025-07-05,0.00,34786.16,2,5998687.45,last_posted_transaction_or_prior_closing_balance,synb1_txn_e9a51f698bf935702ca3311f,trusted,cn_public_2022_2026_cycles_1_0,public_schedule_without_transaction_override,False,,,complete
2025-07-06,816097.95,0.00,2,6814785.40,last_posted_transaction_or_prior_closing_balance,synb1_txn_d8de4f242cb80e25d91a2589,trusted,cn_public_2022_2026_cycles_1_0,public_schedule_without_transaction_override,False,,,complete
2025-07-07,0.00,113000.00,1,6701785.40,last_posted_transaction_or_prior_closing_balance,synb1_txn_c32d9bb3b0fa67378315cc80,trusted,cn_public_2022_2026_cycles_1_0,public_schedule_without_transaction_override,True,376,2025-07-08,complete
2025-07-08,0.00,0.00,0,6701785.40,last_posted_transaction_or_prior_closing_balance,,trusted,cn_public_2022_2026_cycles_1_0,public_schedule_without_transaction_override,True,377,2025-07-09,complete
2025-07-09,0.00,0.00,0,6701785.40,last_posted_transaction_or_prior_closing_balance,,trusted,cn_public_2022_2026_cycles_1_0,public_schedule_without_transaction_override,True,378,2025-07-10,complete
2025-07-10,0.00,0.00,0,6701785.40,last_posted_transaction_or_prior_closing_balance,,trusted,cn_public_2022_2026_cycles_1_0,public_schedule_without_transaction_override,True,379,2025-07-11,complete
2025-07-11,126687.16,647139.60,2,6181332.96,last_posted_transaction_or_prior_closing_balance,synb1_txn_add6d468b48eef5df42f615c,trusted,cn_public_2022_2026_cycles_1_0,public_schedule_without_transaction_override,True,380,2025-07-14,complete
2025-07-12,0.00,0.00,0,6181332.96,last_posted_transaction_or_prior_closing_balance,,trusted,cn_public_2022_2026_cycles_1_0,public_schedule_without_transaction_override,False,,,complete
2025-07-13,82362.75,0.00,1,6263695.71,last_posted_transaction_or_prior_closing_balance,synb1_txn_72ba43e529a0c9eb55317ff5,trusted,cn_public_2022_2026_cycles_1_0,public_schedule_without_transaction_override,False,,,complete
2025-07-14,0.00,0.00,0,6263695.71,last_posted_transaction_or_prior_closing_balance,,trusted,cn_public_2022_2026_cycles_1_0,public_schedule_without_transaction_override,True,381,2025-07-15,complete
2025-07-15,8882.01,14046.80,3,6258530.92,last_posted_transaction_or_prior_closing_balance,synb1_txn_0a76974e073a130dcda4be2a,trusted,cn_public_2022_2026_cycles_1_0,public_schedule_without_transaction_override,True,382,2025-07-16,complete
2025-07-16,0.00,0.00,0,6258530.92,last_posted_transaction_or_prior_closing_balance,,trusted,cn_public_2022_2026_cycles_1_0,public_schedule_without_transaction_override,True,383,2025-07-17,complete
2025-07-17,0.00,0.00,0,6258530.92,last_posted_transaction_or_prior_closing_balance,,trusted,cn_public_2022_2026_cycles_1_0,public_schedule_without_transaction_override,True,384,2025-07-18,complete
2025-07-18,0.00,97975.77,3,6160555.15,last_posted_transaction_or_prior_closing_balance,synb1_txn_40170366db92018b7807b9e8,trusted,cn_public_2022_2026_cycles_1_0,public_schedule_without_transaction_override,True,385,2025-07-21,complete
2025-07-19,0.00,0.00,0,6160555.15,last_posted_transaction_or_prior_closing_balance,,trusted,cn_public_2022_2026_cycles_1_0,public_schedule_without_transaction_override,False,,,complete
2025-07-20,0.00,0.00,0,6160555.15,last_posted_transaction_or_prior_closing_balance,,trusted,cn_public_2022_2026_cycles_1_0,public_schedule_without_transaction_override,False,,,complete
2025-07-21,130943.38,3717.01,2,6287781.52,last_posted_transaction_or_prior_closing_balance,synb1_txn_c026c962337084c649fc00c7,trusted,cn_public_2022_2026_cycles_1_0,public_schedule_without_transaction_override,True,386,2025-07-22,complete
2025-07-22,0.00,225043.32,1,6062738.20,last_posted_transaction_or_prior_closing_balance,synb1_txn_79a53aac312302b6305d4413,trusted,cn_public_2022_2026_cycles_1_0,public_schedule_without_transaction_override,True,387,2025-07-23,complete
2025-07-23,0.00,5369.56,1,6057368.64,last_posted_transaction_or_prior_closing_balance,synb1_txn_c5a845e46045b27811feb622,trusted,cn_public_2022_2026_cycles_1_0,public_schedule_without_transaction_override,True,388,2025-07-24,complete
2025-07-24,0.00,0.00,0,6057368.64,last_posted_transaction_or_prior_closing_balance,,trusted,cn_public_2022_2026_cycles_1_0,public_schedule_without_transaction_override,True,389,2025-07-25,complete
2025-07-25,0.00,0.00,0,6057368.64,last_posted_transaction_or_prior_closing_balance,,trusted,cn_public_2022_2026_cycles_1_0,public_schedule_without_transaction_override,True,390,2025-07-28,complete
2025-07-26,0.00,3477.09,1,6053891.55,last_posted_transaction_or_prior_closing_balance,synb1_txn_d0c33adf332936c75c2037c4,trusted,cn_public_2022_2026_cycles_1_0,public_schedule_without_transaction_override,False,,,complete
2025-07-27,0.00,0.00,0,6053891.55,last_posted_transaction_or_prior_closing_balance,,trusted,cn_public_2022_2026_cycles_1_0,public_schedule_without_transaction_override,False,,,complete
2025-07-28,125165.59,0.00,1,6179057.14,last_posted_transaction_or_prior_closing_balance,synb1_txn_4b9cfb20e62c1a7dcd5798cc,trusted,cn_public_2022_2026_cycles_1_0,public_schedule_without_transaction_override,True,391,2025-07-29,complete
2025-07-29,0.00,0.00,0,6179057.14,last_posted_transaction_or_prior_closing_balance,,trusted,cn_public_2022_2026_cycles_1_0,public_schedule_without_transaction_override,True,392,2025-07-30,complete
2025-07-30,0.00,0.00,0,6179057.14,last_posted_transaction_or_prior_closing_balance,,trusted,cn_public_2022_2026_cycles_1_0,public_schedule_without_transaction_override,True,393,2025-07-31,complete
2025-07-31,0.00,0.00,0,6179057.14,last_posted_transaction_or_prior_closing_balance,,trusted,cn_public_2022_2026_cycles_1_0,public_schedule_without_transaction_override,True,394,2025-08-01,complete
2025-08-01,0.00,0.00,0,6179057.14,last_posted_transaction_or_prior_closing_balance,,trusted,cn_public_2022_2026_cycles_1_0,public_schedule_without_transaction_override,True,395,2025-08-04,complete
2025-08-02,0.00,0.00,0,6179057.14,last_posted_transaction_or_prior_closing_balance,,trusted,cn_public_2022_2026_cycles_1_0,public_schedule_without_transaction_override,False,,,complete
2025-08-03,0.00,0.00,0,6179057.14,last_posted_transaction_or_prior_closing_balance,,trusted,cn_public_2022_2026_cycles_1_0,public_schedule_without_transaction_override,False,,,complete
2025-08-04,26120.78,0.00,1,6205177.92,last_posted_transaction_or_prior_closing_balance,synb1_txn_bb73315775d05e62b28d4dd5,trusted,cn_public_2022_2026_cycles_1_0,public_schedule_without_transaction_override,True,396,2025-08-05,complete
2025-08-05,0.00,26000.00,1,6179177.92,last_posted_transaction_or_prior_closing_balance,synb1_txn_32120a55da5d9ccec87fae5c,trusted,cn_public_2022_2026_cycles_1_0,public_schedule_without_transaction_override,True,397,2025-08-06,complete
2025-08-06,100896.54,0.00,1,6280074.46,last_posted_transaction_or_prior_closing_balance,synb1_txn_98432e08f384fa7706e78e26,trusted,cn_public_2022_2026_cycles_1_0,public_schedule_without_transaction_override,True,398,2025-08-07,complete
2025-08-07,635735.52,113000.00,2,6802809.98,last_posted_transaction_or_prior_closing_balance,synb1_txn_ea41efcab7bb7e2512ea5847,trusted,cn_public_2022_2026_cycles_1_0,public_schedule_without_transaction_override,True,399,2025-08-08,complete
2025-08-08,40123.00,50237.56,2,6792695.42,last_posted_transaction_or_prior_closing_balance,synb1_txn_9848e47c8dc224d52210a8e6,trusted,cn_public_2022_2026_cycles_1_0,public_schedule_without_transaction_override,True,400,2025-08-11,complete
2025-08-09,0.00,0.00,0,6792695.42,last_posted_transaction_or_prior_closing_balance,,trusted,cn_public_2022_2026_cycles_1_0,public_schedule_without_transaction_override,False,,,complete
2025-08-10,0.00,12232.19,1,6780463.23,last_posted_transaction_or_prior_closing_balance,synb1_txn_c5f5dfc6203858b9744b00e1,trusted,cn_public_2022_2026_cycles_1_0,public_schedule_without_transaction_override,False,,,complete
2025-08-11,131686.61,285350.09,3,6626799.75,last_posted_transaction_or_prior_closing_balance,synb1_txn_7b55bd1c10d5d1967d948dec,trusted,cn_public_2022_2026_cycles_1_0,public_schedule_without_transaction_override,True,401,2025-08-12,complete
2025-08-12,0.00,0.00,0,6626799.75,last_posted_transaction_or_prior_closing_balance,,trusted,cn_public_2022_2026_cycles_1_0,public_schedule_without_transaction_override,True,402,2025-08-13,complete
2025-08-13,0.00,0.00,0,6626799.75,last_posted_transaction_or_prior_closing_balance,,trusted,cn_public_2022_2026_cycles_1_0,public_schedule_without_transaction_override,True,403,2025-08-14,complete
2025-08-14,57114.05,249433.38,3,6434480.42,last_posted_transaction_or_prior_closing_balance,synb1_txn_9782f1d378b3fb0ea5232ed6,trusted,cn_public_2022_2026_cycles_1_0,public_schedule_without_transaction_override,True,404,2025-08-15,complete
2025-08-15,0.00,0.00,0,6434480.42,last_posted_transaction_or_prior_closing_balance,,trusted,cn_public_2022_2026_cycles_1_0,public_schedule_without_transaction_override,True,405,2025-08-18,complete
2025-08-16,0.00,0.00,0,6434480.42,last_posted_transaction_or_prior_closing_balance,,trusted,cn_public_2022_2026_cycles_1_0,public_schedule_without_transaction_override,False,,,complete
2025-08-17,40086.76,193312.39,4,6281254.79,last_posted_transaction_or_prior_closing_balance,synb1_txn_5689adde560dbac5bb9fbf17,trusted,cn_public_2022_2026_cycles_1_0,public_schedule_without_transaction_override,False,,,complete
2025-08-18,0.00,97522.39,3,6183732.40,last_posted_transaction_or_prior_closing_balance,synb1_txn_f71e2f731c1b86359f47a108,trusted,cn_public_2022_2026_cycles_1_0,public_schedule_without_transaction_override,True,406,2025-08-19,complete
2025-08-19,0.00,0.00,0,6183732.40,last_posted_transaction_or_prior_closing_balance,,trusted,cn_public_2022_2026_cycles_1_0,public_schedule_without_transaction_override,True,407,2025-08-20,complete
2025-08-20,0.00,1385.16,1,6182347.24,last_posted_transaction_or_prior_closing_balance,synb1_txn_fbd34456356fd286322c44fc,trusted,cn_public_2022_2026_cycles_1_0,public_schedule_without_transaction_override,True,408,2025-08-21,complete
2025-08-21,46730.39,0.00,1,6229077.63,last_posted_transaction_or_prior_closing_balance,synb1_txn_3cff2b5e316618c3d9c02817,trusted,cn_public_2022_2026_cycles_1_0,public_schedule_without_transaction_override,True,409,2025-08-22,complete
2025-08-22,0.00,0.00,0,6229077.63,last_posted_transaction_or_prior_closing_balance,,trusted,cn_public_2022_2026_cycles_1_0,public_schedule_without_transaction_override,True,410,2025-08-25,complete
2025-08-23,0.00,0.00,0,6229077.63,last_posted_transaction_or_prior_closing_balance,,trusted,cn_public_2022_2026_cycles_1_0,public_schedule_without_transaction_override,False,,,complete
2025-08-24,0.00,0.00,0,6229077.63,last_posted_transaction_or_prior_closing_balance,,trusted,cn_public_2022_2026_cycles_1_0,public_schedule_without_transaction_override,False,,,complete
2025-08-25,87933.91,14311.25,2,6302700.29,last_posted_transaction_or_prior_closing_balance,synb1_txn_84b6f1f852c20813acd313ef,trusted,cn_public_2022_2026_cycles_1_0,public_schedule_without_transaction_override,True,411,2025-08-26,complete
2025-08-26,0.00,0.00,0,6302700.29,last_posted_transaction_or_prior_closing_balance,,trusted,cn_public_2022_2026_cycles_1_0,public_schedule_without_transaction_override,True,412,2025-08-27,complete
2025-08-27,208523.97,124277.02,4,6386947.24,last_posted_transaction_or_prior_closing_balance,synb1_txn_1b877586aca1e45c799c11ba,trusted,cn_public_2022_2026_cycles_1_0,public_schedule_without_transaction_override,True,413,2025-08-28,complete
2025-08-28,40844.47,0.00,1,6427791.71,last_posted_transaction_or_prior_closing_balance,synb1_txn_d281c3c5f29072c8f88f3643,trusted,cn_public_2022_2026_cycles_1_0,public_schedule_without_transaction_override,True,414,2025-08-29,complete
2025-08-29,0.00,0.00,0,6427791.71,last_posted_transaction_or_prior_closing_balance,,trusted,cn_public_2022_2026_cycles_1_0,public_schedule_without_transaction_override,True,415,2025-09-01,complete
2025-08-30,0.00,0.00,0,6427791.71,last_posted_transaction_or_prior_closing_balance,,trusted,cn_public_2022_2026_cycles_1_0,public_schedule_without_transaction_override,False,,,complete
2025-08-31,0.00,0.00,0,6427791.71,last_posted_transaction_or_prior_closing_balance,,trusted,cn_public_2022_2026_cycles_1_0,public_schedule_without_transaction_override,False,,,complete
2025-09-01,0.00,0.00,0,6427791.71,last_posted_transaction_or_prior_closing_balance,,trusted,cn_public_2022_2026_cycles_1_0,public_schedule_without_transaction_override,True,416,2025-09-02,complete
2025-09-02,0.00,0.00,0,6427791.71,last_posted_transaction_or_prior_closing_balance,,trusted,cn_public_2022_2026_cycles_1_0,public_schedule_without_transaction_override,True,417,2025-09-03,complete
2025-09-03,0.00,0.00,0,6427791.71,last_posted_transaction_or_prior_closing_balance,,trusted,cn_public_2022_2026_cycles_1_0,public_schedule_without_transaction_override,True,418,2025-09-04,complete
2025-09-04,190629.49,9975.79,3,6608445.41,last_posted_transaction_or_prior_closing_balance,synb1_txn_94064ea03b9a2924cbb8ca16,trusted,cn_public_2022_2026_cycles_1_0,public_schedule_without_transaction_override,True,419,2025-09-05,complete
2025-09-05,69734.36,33722.43,3,6644457.34,last_posted_transaction_or_prior_closing_balance,synb1_txn_fdaf031b595c3a2e3c62d3a7,trusted,cn_public_2022_2026_cycles_1_0,public_schedule_without_transaction_override,True,420,2025-09-08,complete
2025-09-06,93219.02,324756.66,4,6412919.70,last_posted_transaction_or_prior_closing_balance,synb1_txn_e9eb66f29bbff00977cd343d,trusted,cn_public_2022_2026_cycles_1_0,public_schedule_without_transaction_override,False,,,complete
2025-09-07,0.00,117524.21,2,6295395.49,last_posted_transaction_or_prior_closing_balance,synb1_txn_287b56a185d0c41157bddbd0,trusted,cn_public_2022_2026_cycles_1_0,public_schedule_without_transaction_override,False,,,complete
2025-09-08,0.00,0.00,0,6295395.49,last_posted_transaction_or_prior_closing_balance,,trusted,cn_public_2022_2026_cycles_1_0,public_schedule_without_transaction_override,True,421,2025-09-09,complete
2025-09-09,0.00,0.00,0,6295395.49,last_posted_transaction_or_prior_closing_balance,,trusted,cn_public_2022_2026_cycles_1_0,public_schedule_without_transaction_override,True,422,2025-09-10,complete
2025-09-10,0.00,0.00,0,6295395.49,last_posted_transaction_or_prior_closing_balance,,trusted,cn_public_2022_2026_cycles_1_0,public_schedule_without_transaction_override,True,423,2025-09-11,complete
2025-09-11,0.00,0.00,0,6295395.49,last_posted_transaction_or_prior_closing_balance,,trusted,cn_public_2022_2026_cycles_1_0,public_schedule_without_transaction_override,True,424,2025-09-12,complete
2025-09-12,158020.61,0.00,2,6453416.10,last_posted_transaction_or_prior_closing_balance,synb1_txn_bf4d85fe782ea047d5fa869b,trusted,cn_public_2022_2026_cycles_1_0,public_schedule_without_transaction_override,True,425,2025-09-15,complete
2025-09-13,0.00,0.00,0,6453416.10,last_posted_transaction_or_prior_closing_balance,,trusted,cn_public_2022_2026_cycles_1_0,public_schedule_without_transaction_override,False,,,complete
2025-09-14,0.00,0.00,0,6453416.10,last_posted_transaction_or_prior_closing_balance,,trusted,cn_public_2022_2026_cycles_1_0,public_schedule_without_transaction_override,False,,,complete
2025-09-15,0.00,24403.62,1,6429012.48,last_posted_transaction_or_prior_closing_balance,synb1_txn_252bdf5b6875df1ee42a7de7,trusted,cn_public_2022_2026_cycles_1_0,public_schedule_without_transaction_override,True,426,2025-09-16,complete
2025-09-16,0.00,0.00,0,6429012.48,last_posted_transaction_or_prior_closing_balance,,trusted,cn_public_2022_2026_cycles_1_0,public_schedule_without_transaction_override,True,427,2025-09-17,complete
2025-09-17,0.00,0.00,0,6429012.48,last_posted_transaction_or_prior_closing_balance,,trusted,cn_public_2022_2026_cycles_1_0,public_schedule_without_transaction_override,True,428,2025-09-18,complete
2025-09-18,178177.41,72400.50,4,6534789.39,last_posted_transaction_or_prior_closing_balance,synb1_txn_979049cb5cc240dc80b080aa,trusted,cn_public_2022_2026_cycles_1_0,public_schedule_without_transaction_override,True,429,2025-09-19,complete
2025-09-19,0.00,15660.95,1,6519128.44,last_posted_transaction_or_prior_closing_balance,synb1_txn_7e1a12dcfc0ec9e68d4123a6,trusted,cn_public_2022_2026_cycles_1_0,public_schedule_without_transaction_override,True,430,2025-09-22,complete
2025-09-20,0.00,113523.58,1,6405604.86,last_posted_transaction_or_prior_closing_balance,synb1_txn_4f8c62ae45f0f5ebd3fa044d,trusted,cn_public_2022_2026_cycles_1_0,public_schedule_without_transaction_override,False,,,complete
2025-09-21,0.00,38810.00,1,6366794.86,last_posted_transaction_or_prior_closing_balance,synb1_txn_1b407b7e85ef5f7244fb7080,trusted,cn_public_2022_2026_cycles_1_0,public_schedule_without_transaction_override,False,,,complete
2025-09-22,0.00,92913.76,1,6273881.10,last_posted_transaction_or_prior_closing_balance,synb1_txn_665b740d38ff445f1b1063a9,trusted,cn_public_2022_2026_cycles_1_0,public_schedule_without_transaction_override,True,431,2025-09-23,complete
2025-09-23,111169.05,0.00,2,6385050.15,last_posted_transaction_or_prior_closing_balance,synb1_txn_40357d04ac2fc6c423d9446d,trusted,cn_public_2022_2026_cycles_1_0,public_schedule_without_transaction_override,True,432,2025-09-24,complete
2025-09-24,204096.01,105229.42,3,6483916.74,last_posted_transaction_or_prior_closing_balance,synb1_txn_dd7ff40430d676eb49f0ca05,trusted,cn_public_2022_2026_cycles_1_0,public_schedule_without_transaction_override,True,433,2025-09-25,complete
2025-09-25,0.00,0.00,0,6483916.74,last_posted_transaction_or_prior_closing_balance,,trusted,cn_public_2022_2026_cycles_1_0,public_schedule_without_transaction_override,True,434,2025-09-26,complete
2025-09-26,118093.19,0.00,1,6602009.93,last_posted_transaction_or_prior_closing_balance,synb1_txn_48cb5ff71d7230392bf0459a,trusted,cn_public_2022_2026_cycles_1_0,public_schedule_without_transaction_override,True,435,2025-09-28,complete
2025-09-27,44372.86,0.00,2,6646382.79,last_posted_transaction_or_prior_closing_balance,synb1_txn_da69b6383bf453c8e08f561b,trusted,cn_public_2022_2026_cycles_1_0,public_schedule_without_transaction_override,False,,,complete
2025-09-28,0.00,31198.46,2,6615184.33,last_posted_transaction_or_prior_closing_balance,synb1_txn_b7c9bfad680cc11c8a1fbe4a,trusted,cn_public_2022_2026_cycles_1_0,public_schedule_without_transaction_override,True,436,2025-09-29,complete
2025-09-29,0.00,0.00,0,6615184.33,last_posted_transaction_or_prior_closing_balance,,trusted,cn_public_2022_2026_cycles_1_0,public_schedule_without_transaction_override,True,437,2025-09-30,complete
2025-09-30,0.00,0.00,0,6615184.33,last_posted_transaction_or_prior_closing_balance,,trusted,cn_public_2022_2026_cycles_1_0,public_schedule_without_transaction_override,True,438,2025-10-09,complete
2025-10-01,0.00,0.00,0,6615184.33,last_posted_transaction_or_prior_closing_balance,,trusted,cn_public_2022_2026_cycles_1_0,public_schedule_without_transaction_override,False,,,complete
2025-10-02,0.00,0.00,0,6615184.33,last_posted_transaction_or_prior_closing_balance,,trusted,cn_public_2022_2026_cycles_1_0,public_schedule_without_transaction_override,False,,,complete
2025-10-03,0.00,0.00,0,6615184.33,last_posted_transaction_or_prior_closing_balance,,trusted,cn_public_2022_2026_cycles_1_0,public_schedule_without_transaction_override,False,,,complete
2025-10-04,3930.58,0.00,1,6619114.91,last_posted_transaction_or_prior_closing_balance,synb1_txn_0ab80e44fbc41b9180f4b234,trusted,cn_public_2022_2026_cycles_1_0,public_schedule_without_transaction_override,False,,,complete
2025-10-05,0.00,32828.00,2,6586286.91,last_posted_transaction_or_prior_closing_balance,synb1_txn_d608f40d019c737b484a03ef,trusted,cn_public_2022_2026_cycles_1_0,public_schedule_without_transaction_override,False,,,complete
2025-10-06,0.00,0.00,0,6586286.91,last_posted_transaction_or_prior_closing_balance,,trusted,cn_public_2022_2026_cycles_1_0,public_schedule_without_transaction_override,False,,,complete
2025-10-07,0.00,136140.80,2,6450146.11,last_posted_transaction_or_prior_closing_balance,synb1_txn_7cb2e0fd005070676342f4c8,trusted,cn_public_2022_2026_cycles_1_0,public_schedule_without_transaction_override,False,,,complete
2025-10-08,0.00,0.00,0,6450146.11,last_posted_transaction_or_prior_closing_balance,,trusted,cn_public_2022_2026_cycles_1_0,public_schedule_without_transaction_override,False,,,complete
2025-10-09,39483.58,0.00,2,6489629.69,last_posted_transaction_or_prior_closing_balance,synb1_txn_5e0a640691069109931aefd6,trusted,cn_public_2022_2026_cycles_1_0,public_schedule_without_transaction_override,True,439,2025-10-10,complete
2025-10-10,0.00,0.00,0,6489629.69,last_posted_transaction_or_prior_closing_balance,,trusted,cn_public_2022_2026_cycles_1_0,public_schedule_without_transaction_override,True,440,2025-10-11,complete
2025-10-11,26016.81,0.00,1,6515646.50,last_posted_transaction_or_prior_closing_balance,synb1_txn_e6a9d1ce0f465862170f61e8,trusted,cn_public_2022_2026_cycles_1_0,public_schedule_without_transaction_override,True,441,2025-10-13,complete
2025-10-12,203272.94,3904.28,3,6715015.16,last_posted_transaction_or_prior_closing_balance,synb1_txn_534b48dd6315d147e56f01e3,trusted,cn_public_2022_2026_cycles_1_0,public_schedule_without_transaction_override,False,,,complete
2025-10-13,69012.08,10827.35,2,6773199.89,last_posted_transaction_or_prior_closing_balance,synb1_txn_3e15170dea2ae18f6d8175a2,trusted,cn_public_2022_2026_cycles_1_0,public_schedule_without_transaction_override,True,442,2025-10-14,complete
2025-10-14,106967.65,4825.30,2,6875342.24,last_posted_transaction_or_prior_closing_balance,synb1_txn_4f09ce7fbde7e68a2ec02ce5,trusted,cn_public_2022_2026_cycles_1_0,public_schedule_without_transaction_override,True,443,2025-10-15,complete
2025-10-15,66938.24,25320.18,2,6916960.30,last_posted_transaction_or_prior_closing_balance,synb1_txn_f02f5a1db6ed092022fb3597,trusted,cn_public_2022_2026_cycles_1_0,public_schedule_without_transaction_override,True,444,2025-10-16,complete
2025-10-16,0.00,0.00,0,6916960.30,last_posted_transaction_or_prior_closing_balance,,trusted,cn_public_2022_2026_cycles_1_0,public_schedule_without_transaction_override,True,445,2025-10-17,complete
2025-10-17,0.00,0.00,0,6916960.30,last_posted_transaction_or_prior_closing_balance,,trusted,cn_public_2022_2026_cycles_1_0,public_schedule_without_transaction_override,True,446,2025-10-20,complete
2025-10-18,0.00,6941.85,1,6910018.45,last_posted_transaction_or_prior_closing_balance,synb1_txn_f24720482963900532cded53,trusted,cn_public_2022_2026_cycles_1_0,public_schedule_without_transaction_override,False,,,complete
2025-10-19,0.00,0.00,0,6910018.45,last_posted_transaction_or_prior_closing_balance,,trusted,cn_public_2022_2026_cycles_1_0,public_schedule_without_transaction_override,False,,,complete
2025-10-20,71359.09,54662.17,4,6926715.37,last_posted_transaction_or_prior_closing_balance,synb1_txn_278b89eb2f5c1903bc5cb469,trusted,cn_public_2022_2026_cycles_1_0,public_schedule_without_transaction_override,True,447,2025-10-21,complete
2025-10-21,0.00,3653.87,1,6923061.50,last_posted_transaction_or_prior_closing_balance,synb1_txn_b4ee995101b378611276a058,trusted,cn_public_2022_2026_cycles_1_0,public_schedule_without_transaction_override,True,448,2025-10-22,complete
2025-10-22,0.00,0.00,0,6923061.50,last_posted_transaction_or_prior_closing_balance,,trusted,cn_public_2022_2026_cycles_1_0,public_schedule_without_transaction_override,True,449,2025-10-23,complete
2025-10-23,0.00,0.00,0,6923061.50,last_posted_transaction_or_prior_closing_balance,,trusted,cn_public_2022_2026_cycles_1_0,public_schedule_without_transaction_override,True,450,2025-10-24,complete
2025-10-24,17869.13,0.00,1,6940930.63,last_posted_transaction_or_prior_closing_balance,synb1_txn_d687b886fb6eb409ddd4ac0b,trusted,cn_public_2022_2026_cycles_1_0,public_schedule_without_transaction_override,True,451,2025-10-27,complete
2025-10-25,49053.90,359346.90,3,6630637.63,last_posted_transaction_or_prior_closing_balance,synb1_txn_d00069baa659203a4d579347,trusted,cn_public_2022_2026_cycles_1_0,public_schedule_without_transaction_override,False,,,complete
2025-10-26,0.00,0.00,0,6630637.63,last_posted_transaction_or_prior_closing_balance,,trusted,cn_public_2022_2026_cycles_1_0,public_schedule_without_transaction_override,False,,,complete
2025-10-27,0.00,0.00,0,6630637.63,last_posted_transaction_or_prior_closing_balance,,trusted,cn_public_2022_2026_cycles_1_0,public_schedule_without_transaction_override,True,452,2025-10-28,complete
2025-10-28,0.00,9080.43,1,6621557.20,last_posted_transaction_or_prior_closing_balance,synb1_txn_fca21d38713aeb226c98d279,trusted,cn_public_2022_2026_cycles_1_0,public_schedule_without_transaction_override,True,453,2025-10-29,complete
2025-10-29,0.00,0.00,0,6621557.20,last_posted_transaction_or_prior_closing_balance,,trusted,cn_public_2022_2026_cycles_1_0,public_schedule_without_transaction_override,True,454,2025-10-30,complete
2025-10-30,0.00,0.00,0,6621557.20,last_posted_transaction_or_prior_closing_balance,,trusted,cn_public_2022_2026_cycles_1_0,public_schedule_without_transaction_override,True,455,2025-10-31,complete
2025-10-31,0.00,0.00,0,6621557.20,last_posted_transaction_or_prior_closing_balance,,trusted,cn_public_2022_2026_cycles_1_0,public_schedule_without_transaction_override,True,456,2025-11-03,complete
2025-11-01,0.00,0.00,0,6621557.20,last_posted_transaction_or_prior_closing_balance,,trusted,cn_public_2022_2026_cycles_1_0,public_schedule_without_transaction_override,False,,,complete
2025-11-02,0.00,0.00,0,6621557.20,last_posted_transaction_or_prior_closing_balance,,trusted,cn_public_2022_2026_cycles_1_0,public_schedule_without_transaction_override,False,,,complete
2025-11-03,0.00,0.00,0,6621557.20,last_posted_transaction_or_prior_closing_balance,,trusted,cn_public_2022_2026_cycles_1_0,public_schedule_without_transaction_override,True,457,2025-11-04,complete
2025-11-04,0.00,0.00,0,6621557.20,last_posted_transaction_or_prior_closing_balance,,trusted,cn_public_2022_2026_cycles_1_0,public_schedule_without_transaction_override,True,458,2025-11-05,complete
2025-11-05,0.00,26000.00,1,6595557.20,last_posted_transaction_or_prior_closing_balance,synb1_txn_b9aff4aca9676d143e482143,trusted,cn_public_2022_2026_cycles_1_0,public_schedule_without_transaction_override,True,459,2025-11-06,complete
2025-11-06,0.00,88938.44,3,6506618.76,last_posted_transaction_or_prior_closing_balance,synb1_txn_50cf08cab310b345a514fc90,trusted,cn_public_2022_2026_cycles_1_0,public_schedule_without_transaction_override,True,460,2025-11-07,complete
2025-11-07,43159.86,262607.22,3,6287171.40,last_posted_transaction_or_prior_closing_balance,synb1_txn_76d4b925403a76ed5c456525,trusted,cn_public_2022_2026_cycles_1_0,public_schedule_without_transaction_override,True,461,2025-11-10,complete
2025-11-08,75384.20,0.00,1,6362555.60,last_posted_transaction_or_prior_closing_balance,synb1_txn_3a11b04634fc72f880d41ce5,trusted,cn_public_2022_2026_cycles_1_0,public_schedule_without_transaction_override,False,,,complete
2025-11-09,12829.07,0.00,1,6375384.67,last_posted_transaction_or_prior_closing_balance,synb1_txn_e5e11bd32e32011c37a20d92,trusted,cn_public_2022_2026_cycles_1_0,public_schedule_without_transaction_override,False,,,complete
2025-11-10,0.00,45629.38,2,6329755.29,last_posted_transaction_or_prior_closing_balance,synb1_txn_a6d2fe32386c3a1c5937bcaa,trusted,cn_public_2022_2026_cycles_1_0,public_schedule_without_transaction_override,True,462,2025-11-11,complete
2025-11-11,66116.97,59729.60,4,6336142.66,last_posted_transaction_or_prior_closing_balance,synb1_txn_86d2441adafed8489326f4e8,trusted,cn_public_2022_2026_cycles_1_0,public_schedule_without_transaction_override,True,463,2025-11-12,complete
2025-11-12,399561.41,0.00,1,6735704.07,last_posted_transaction_or_prior_closing_balance,synb1_txn_3d69ca7d49b055425109f78a,trusted,cn_public_2022_2026_cycles_1_0,public_schedule_without_transaction_override,True,464,2025-11-13,complete
2025-11-13,78989.39,0.00,1,6814693.46,last_posted_transaction_or_prior_closing_balance,synb1_txn_4769d324b1489d069ab47fee,trusted,cn_public_2022_2026_cycles_1_0,public_schedule_without_transaction_override,True,465,2025-11-14,complete
2025-11-14,0.00,1032.96,1,6813660.50,last_posted_transaction_or_prior_closing_balance,synb1_txn_6f5967be26d5a8132c693837,trusted,cn_public_2022_2026_cycles_1_0,public_schedule_without_transaction_override,True,466,2025-11-17,complete
2025-11-15,0.00,25708.97,3,6787951.53,last_posted_transaction_or_prior_closing_balance,synb1_txn_37eede655a1a92e47a707117,trusted,cn_public_2022_2026_cycles_1_0,public_schedule_without_transaction_override,False,,,complete
2025-11-16,0.00,0.00,0,6787951.53,last_posted_transaction_or_prior_closing_balance,,trusted,cn_public_2022_2026_cycles_1_0,public_schedule_without_transaction_override,False,,,complete
2025-11-17,0.00,159855.35,2,6628096.18,last_posted_transaction_or_prior_closing_balance,synb1_txn_e2a99d63afab8efd344e240f,trusted,cn_public_2022_2026_cycles_1_0,public_schedule_without_transaction_override,True,467,2025-11-18,complete
2025-11-18,0.00,4986.24,2,6623109.94,last_posted_transaction_or_prior_closing_balance,synb1_txn_ae1a7aea066fb2ee8e66251d,trusted,cn_public_2022_2026_cycles_1_0,public_schedule_without_transaction_override,True,468,2025-11-19,complete
2025-11-19,0.00,0.00,0,6623109.94,last_posted_transaction_or_prior_closing_balance,,trusted,cn_public_2022_2026_cycles_1_0,public_schedule_without_transaction_override,True,469,2025-11-20,complete
2025-11-20,20314.75,0.00,1,6643424.69,last_posted_transaction_or_prior_closing_balance,synb1_txn_aaf4a1d3bd1f1e69a94d9578,trusted,cn_public_2022_2026_cycles_1_0,public_schedule_without_transaction_override,True,470,2025-11-21,complete
2025-11-21,0.00,0.00,0,6643424.69,last_posted_transaction_or_prior_closing_balance,,trusted,cn_public_2022_2026_cycles_1_0,public_schedule_without_transaction_override,True,471,2025-11-24,complete
2025-11-22,99129.70,0.00,2,6742554.39,last_posted_transaction_or_prior_closing_balance,synb1_txn_233c1426a5cc806b8afc3baa,trusted,cn_public_2022_2026_cycles_1_0,public_schedule_without_transaction_override,False,,,complete
2025-11-23,0.00,0.00,0,6742554.39,last_posted_transaction_or_prior_closing_balance,,trusted,cn_public_2022_2026_cycles_1_0,public_schedule_without_transaction_override,False,,,complete
2025-11-24,39422.65,0.00,1,6781977.04,last_posted_transaction_or_prior_closing_balance,synb1_txn_13c014bf374c705930e379e5,trusted,cn_public_2022_2026_cycles_1_0,public_schedule_without_transaction_override,True,472,2025-11-25,complete
2025-11-25,0.00,0.00,0,6781977.04,last_posted_transaction_or_prior_closing_balance,,trusted,cn_public_2022_2026_cycles_1_0,public_schedule_without_transaction_override,True,473,2025-11-26,complete
2025-11-26,0.00,0.00,0,6781977.04,last_posted_transaction_or_prior_closing_balance,,trusted,cn_public_2022_2026_cycles_1_0,public_schedule_without_transaction_override,True,474,2025-11-27,complete
2025-11-27,0.00,0.00,0,6781977.04,last_posted_transaction_or_prior_closing_balance,,trusted,cn_public_2022_2026_cycles_1_0,public_schedule_without_transaction_override,True,475,2025-11-28,complete
2025-11-28,0.00,0.00,0,6781977.04,last_posted_transaction_or_prior_closing_balance,,trusted,cn_public_2022_2026_cycles_1_0,public_schedule_without_transaction_override,True,476,2025-12-01,complete
2025-11-29,0.00,0.00,0,6781977.04,last_posted_transaction_or_prior_closing_balance,,trusted,cn_public_2022_2026_cycles_1_0,public_schedule_without_transaction_override,False,,,complete
2025-11-30,0.00,0.00,0,6781977.04,last_posted_transaction_or_prior_closing_balance,,trusted,cn_public_2022_2026_cycles_1_0,public_schedule_without_transaction_override,False,,,complete
2025-12-01,0.00,0.00,0,6781977.04,last_posted_transaction_or_prior_closing_balance,,trusted,cn_public_2022_2026_cycles_1_0,public_schedule_without_transaction_override,True,477,2025-12-02,complete
2025-12-02,135419.59,0.00,1,6917396.63,last_posted_transaction_or_prior_closing_balance,synb1_txn_c220a29eba6f743e1a2c5d6e,trusted,cn_public_2022_2026_cycles_1_0,public_schedule_without_transaction_override,True,478,2025-12-03,complete
2025-12-03,0.00,0.00,0,6917396.63,last_posted_transaction_or_prior_closing_balance,,trusted,cn_public_2022_2026_cycles_1_0,public_schedule_without_transaction_override,True,479,2025-12-04,complete
2025-12-04,0.00,0.00,0,6917396.63,last_posted_transaction_or_prior_closing_balance,,trusted,cn_public_2022_2026_cycles_1_0,public_schedule_without_transaction_override,True,480,2025-12-05,complete
2025-12-05,62395.79,79144.99,5,6900647.43,last_posted_transaction_or_prior_closing_balance,synb1_txn_aec56839a90b361d05f9675f,trusted,cn_public_2022_2026_cycles_1_0,public_schedule_without_transaction_override,True,481,2025-12-08,complete
2025-12-06,0.00,0.00,0,6900647.43,last_posted_transaction_or_prior_closing_balance,,trusted,cn_public_2022_2026_cycles_1_0,public_schedule_without_transaction_override,False,,,complete
2025-12-07,0.00,113121.27,2,6787526.16,last_posted_transaction_or_prior_closing_balance,synb1_txn_ffc2d94cb3e79d502a001406,trusted,cn_public_2022_2026_cycles_1_0,public_schedule_without_transaction_override,False,,,complete
2025-12-08,0.00,0.00,0,6787526.16,last_posted_transaction_or_prior_closing_balance,,trusted,cn_public_2022_2026_cycles_1_0,public_schedule_without_transaction_override,True,482,2025-12-09,complete
2025-12-09,240022.65,0.00,1,7027548.81,last_posted_transaction_or_prior_closing_balance,synb1_txn_90e853a5aa471d4bbe788e26,trusted,cn_public_2022_2026_cycles_1_0,public_schedule_without_transaction_override,True,483,2025-12-10,complete
2025-12-10,0.00,195971.40,1,6831577.41,last_posted_transaction_or_prior_closing_balance,synb1_txn_36ef775755faa5970a93aa7d,trusted,cn_public_2022_2026_cycles_1_0,public_schedule_without_transaction_override,True,484,2025-12-11,complete
2025-12-11,0.00,3807.23,1,6827770.18,last_posted_transaction_or_prior_closing_balance,synb1_txn_4be5a39f58670c60f90fac11,trusted,cn_public_2022_2026_cycles_1_0,public_schedule_without_transaction_override,True,485,2025-12-12,complete
2025-12-12,96925.64,181248.50,2,6743447.32,last_posted_transaction_or_prior_closing_balance,synb1_txn_0a26ef9fae20242b6713e938,trusted,cn_public_2022_2026_cycles_1_0,public_schedule_without_transaction_override,True,486,2025-12-15,complete
2025-12-13,100626.10,0.00,2,6844073.42,last_posted_transaction_or_prior_closing_balance,synb1_txn_2f2ff0961a979e1e7c874ec2,trusted,cn_public_2022_2026_cycles_1_0,public_schedule_without_transaction_override,False,,,complete
2025-12-14,0.00,0.00,0,6844073.42,last_posted_transaction_or_prior_closing_balance,,trusted,cn_public_2022_2026_cycles_1_0,public_schedule_without_transaction_override,False,,,complete
2025-12-15,45497.61,0.00,2,6889571.03,last_posted_transaction_or_prior_closing_balance,synb1_txn_fed3178d8d214459c259fd48,trusted,cn_public_2022_2026_cycles_1_0,public_schedule_without_transaction_override,True,487,2025-12-16,complete
2025-12-16,0.00,0.00,0,6889571.03,last_posted_transaction_or_prior_closing_balance,,trusted,cn_public_2022_2026_cycles_1_0,public_schedule_without_transaction_override,True,488,2025-12-17,complete
2025-12-17,25633.79,0.00,1,6915204.82,last_posted_transaction_or_prior_closing_balance,synb1_txn_73c569968502eb6513b25f97,trusted,cn_public_2022_2026_cycles_1_0,public_schedule_without_transaction_override,True,489,2025-12-18,complete
2025-12-18,0.00,48258.23,3,6866946.59,last_posted_transaction_or_prior_closing_balance,synb1_txn_f0839defebcb735c77ceb6d1,trusted,cn_public_2022_2026_cycles_1_0,public_schedule_without_transaction_override,True,490,2025-12-19,complete
2025-12-19,61083.11,0.00,1,6928029.70,last_posted_transaction_or_prior_closing_balance,synb1_txn_8f3dc8322f9d426043d59d8d,trusted,cn_public_2022_2026_cycles_1_0,public_schedule_without_transaction_override,True,491,2025-12-22,complete
2025-12-20,98321.77,0.00,1,7026351.47,last_posted_transaction_or_prior_closing_balance,synb1_txn_79f566d81e6eb63fa95107ee,trusted,cn_public_2022_2026_cycles_1_0,public_schedule_without_transaction_override,False,,,complete
2025-12-21,0.00,0.00,0,7026351.47,last_posted_transaction_or_prior_closing_balance,,trusted,cn_public_2022_2026_cycles_1_0,public_schedule_without_transaction_override,False,,,complete
2025-12-22,0.00,0.00,0,7026351.47,last_posted_transaction_or_prior_closing_balance,,trusted,cn_public_2022_2026_cycles_1_0,public_schedule_without_transaction_override,True,492,2025-12-23,complete
2025-12-23,0.00,838.92,1,7025512.55,last_posted_transaction_or_prior_closing_balance,synb1_txn_f17b2e1fbfeedfd89796a268,trusted,cn_public_2022_2026_cycles_1_0,public_schedule_without_transaction_override,True,493,2025-12-24,complete
2025-12-24,0.00,0.00,0,7025512.55,last_posted_transaction_or_prior_closing_balance,,trusted,cn_public_2022_2026_cycles_1_0,public_schedule_without_transaction_override,True,494,2025-12-25,complete
2025-12-25,22173.69,248683.66,2,6799002.58,last_posted_transaction_or_prior_closing_balance,synb1_txn_43a770d2179085c2630997d0,trusted,cn_public_2022_2026_cycles_1_0,public_schedule_without_transaction_override,True,495,2025-12-26,complete
2025-12-26,1000.42,1749.63,2,6798253.37,last_posted_transaction_or_prior_closing_balance,synb1_txn_a98f94ee545c82b49b421725,trusted,cn_public_2022_2026_cycles_1_0,public_schedule_without_transaction_override,True,496,2025-12-29,complete
2025-12-27,0.00,0.00,0,6798253.37,last_posted_transaction_or_prior_closing_balance,,trusted,cn_public_2022_2026_cycles_1_0,public_schedule_without_transaction_override,False,,,complete
2025-12-28,161839.84,0.00,1,6960093.21,last_posted_transaction_or_prior_closing_balance,synb1_txn_789f2c0d587741e3e39b2e3e,trusted,cn_public_2022_2026_cycles_1_0,public_schedule_without_transaction_override,False,,,complete
2025-12-29,0.00,0.00,0,6960093.21,last_posted_transaction_or_prior_closing_balance,,trusted,cn_public_2022_2026_cycles_1_0,public_schedule_without_transaction_override,True,497,2025-12-30,complete
2025-12-30,0.00,0.00,0,6960093.21,last_posted_transaction_or_prior_closing_balance,,trusted,cn_public_2022_2026_cycles_1_0,public_schedule_without_transaction_override,True,498,2025-12-31,complete
2025-12-31,0.00,0.00,0,6960093.21,last_posted_transaction_or_prior_closing_balance,,trusted,cn_public_2022_2026_cycles_1_0,public_schedule_without_transaction_override,True,499,2026-01-04,complete
