calendar_date,inflow_cny,outflow_cny,transaction_count,ending_balance_cny,day_cut_basis,source_last_transaction_id,reconciliation_status,calendar_source,calendar_inference_status,is_bank_workday,business_step,target_date,execution_status
2025-01-01,240935.46,8611.87,2,232323.59,last_posted_transaction_or_prior_closing_balance,synb1_txn_58f58bccbe7e39f54fe918f8,trusted,historical_transaction_override,historical_transaction_override,True,1,2025-01-02,complete
2025-01-02,0.00,44759.94,1,187563.65,last_posted_transaction_or_prior_closing_balance,synb1_txn_8b508e8440ed7a240a0efb09,trusted,weekday_rule,base_calendar,True,2,2025-01-03,complete
2025-01-03,0.00,0.00,0,187563.65,last_posted_transaction_or_prior_closing_balance,,trusted,weekday_rule,base_calendar,True,3,2025-01-06,complete
2025-01-04,0.00,0.00,0,187563.65,last_posted_transaction_or_prior_closing_balance,,trusted,weekday_rule,base_calendar,False,,,complete
2025-01-05,0.00,0.00,0,187563.65,last_posted_transaction_or_prior_closing_balance,,trusted,weekday_rule,base_calendar,False,,,complete
2025-01-06,0.00,0.00,0,187563.65,last_posted_transaction_or_prior_closing_balance,,trusted,weekday_rule,base_calendar,True,4,2025-01-07,complete
2025-01-07,0.00,0.00,0,187563.65,last_posted_transaction_or_prior_closing_balance,,trusted,weekday_rule,base_calendar,True,5,2025-01-08,complete
2025-01-08,0.00,0.00,0,187563.65,last_posted_transaction_or_prior_closing_balance,,trusted,weekday_rule,base_calendar,True,6,2025-01-09,complete
2025-01-09,0.00,0.00,0,187563.65,last_posted_transaction_or_prior_closing_balance,,trusted,weekday_rule,base_calendar,True,7,2025-01-10,complete
2025-01-10,0.00,0.00,0,187563.65,last_posted_transaction_or_prior_closing_balance,,trusted,weekday_rule,base_calendar,True,8,2025-01-12,complete
2025-01-11,0.00,0.00,0,187563.65,last_posted_transaction_or_prior_closing_balance,,trusted,weekday_rule,base_calendar,False,,,complete
2025-01-12,0.00,1706.95,1,185856.70,last_posted_transaction_or_prior_closing_balance,synb1_txn_9e3c2bd04ed953e24c7f247d,trusted,historical_transaction_override,historical_transaction_override,True,9,2025-01-13,complete
2025-01-13,0.00,0.00,0,185856.70,last_posted_transaction_or_prior_closing_balance,,trusted,weekday_rule,base_calendar,True,10,2025-01-14,complete
2025-01-14,0.00,0.00,0,185856.70,last_posted_transaction_or_prior_closing_balance,,trusted,weekday_rule,base_calendar,True,11,2025-01-15,complete
2025-01-15,0.00,0.00,0,185856.70,last_posted_transaction_or_prior_closing_balance,,trusted,weekday_rule,base_calendar,True,12,2025-01-16,complete
2025-01-16,0.00,0.00,0,185856.70,last_posted_transaction_or_prior_closing_balance,,trusted,weekday_rule,base_calendar,True,13,2025-01-17,complete
2025-01-17,89528.06,8414.87,2,266969.89,last_posted_transaction_or_prior_closing_balance,synb1_txn_c8c272caac73a56f6c2a10ae,trusted,weekday_rule,base_calendar,True,14,2025-01-18,complete
2025-01-18,0.00,55629.02,1,211340.87,last_posted_transaction_or_prior_closing_balance,synb1_txn_d2547007550ae5aadde67e81,trusted,historical_transaction_override,historical_transaction_override,True,15,2025-01-19,complete
2025-01-19,0.00,8986.26,2,202354.61,last_posted_transaction_or_prior_closing_balance,synb1_txn_ac25cb7c8b45ce4e68132b26,trusted,historical_transaction_override,historical_transaction_override,True,16,2025-01-20,complete
2025-01-20,172497.25,1704.83,3,373147.03,last_posted_transaction_or_prior_closing_balance,synb1_txn_6fc1b732f13c8c0ecc72e8c9,trusted,weekday_rule,base_calendar,True,17,2025-01-21,complete
2025-01-21,0.00,0.00,0,373147.03,last_posted_transaction_or_prior_closing_balance,,trusted,weekday_rule,base_calendar,True,18,2025-01-22,complete
2025-01-22,0.00,1951.31,1,371195.72,last_posted_transaction_or_prior_closing_balance,synb1_txn_81ad0fbaa26c43fb43daceec,trusted,weekday_rule,base_calendar,True,19,2025-01-23,complete
2025-01-23,0.00,0.00,0,371195.72,last_posted_transaction_or_prior_closing_balance,,trusted,weekday_rule,base_calendar,True,20,2025-01-24,complete
2025-01-24,0.00,0.00,0,371195.72,last_posted_transaction_or_prior_closing_balance,,trusted,weekday_rule,base_calendar,True,21,2025-01-26,complete
2025-01-25,0.00,0.00,0,371195.72,last_posted_transaction_or_prior_closing_balance,,trusted,weekday_rule,base_calendar,False,,,complete
2025-01-26,0.00,0.00,0,371195.72,last_posted_transaction_or_prior_closing_balance,,trusted,gov_cn_2025_holiday_schedule_v1,base_calendar,True,22,2025-01-27,complete
2025-01-27,86582.69,9149.59,2,448628.82,last_posted_transaction_or_prior_closing_balance,synb1_txn_47d53e33d3ab3904fced7bd3,trusted,weekday_rule,base_calendar,True,23,2025-01-28,complete
2025-01-28,0.00,57576.61,1,391052.21,last_posted_transaction_or_prior_closing_balance,synb1_txn_9006a2630a23e63fdfdacd01,trusted,historical_transaction_override,historical_transaction_override,True,24,2025-01-30,complete
2025-01-29,0.00,0.00,0,391052.21,last_posted_transaction_or_prior_closing_balance,,trusted,gov_cn_2025_holiday_schedule_v1,base_calendar,False,,,complete
2025-01-30,0.00,46505.88,1,344546.33,last_posted_transaction_or_prior_closing_balance,synb1_txn_59f794dafcef89729191b1e9,trusted,historical_transaction_override,historical_transaction_override,True,25,2025-02-04,complete
2025-01-31,0.00,0.00,0,344546.33,last_posted_transaction_or_prior_closing_balance,,trusted,gov_cn_2025_holiday_schedule_v1,base_calendar,False,,,complete
2025-02-01,0.00,0.00,0,344546.33,last_posted_transaction_or_prior_closing_balance,,trusted,gov_cn_2025_holiday_schedule_v1,base_calendar,False,,,complete
2025-02-02,0.00,0.00,0,344546.33,last_posted_transaction_or_prior_closing_balance,,trusted,gov_cn_2025_holiday_schedule_v1,base_calendar,False,,,complete
2025-02-03,0.00,0.00,0,344546.33,last_posted_transaction_or_prior_closing_balance,,trusted,gov_cn_2025_holiday_schedule_v1,base_calendar,False,,,complete
2025-02-04,0.00,88142.92,2,256403.41,last_posted_transaction_or_prior_closing_balance,synb1_txn_7d1315b748258ee052da38ab,trusted,historical_transaction_override,historical_transaction_override,True,26,2025-02-05,complete
2025-02-05,0.00,0.00,0,256403.41,last_posted_transaction_or_prior_closing_balance,,trusted,weekday_rule,base_calendar,True,27,2025-02-06,complete
2025-02-06,0.00,0.00,0,256403.41,last_posted_transaction_or_prior_closing_balance,,trusted,weekday_rule,base_calendar,True,28,2025-02-07,complete
2025-02-07,0.00,0.00,0,256403.41,last_posted_transaction_or_prior_closing_balance,,trusted,weekday_rule,base_calendar,True,29,2025-02-08,complete
2025-02-08,0.00,92762.72,1,163640.69,last_posted_transaction_or_prior_closing_balance,synb1_txn_64a19671f133f96b32e4a7a0,trusted,gov_cn_2025_holiday_schedule_v1,base_calendar,True,30,2025-02-09,complete
2025-02-09,42292.61,0.00,1,205933.30,last_posted_transaction_or_prior_closing_balance,synb1_txn_eb8e78a8ecf9b8757b7fb37e,trusted,historical_transaction_override,historical_transaction_override,True,31,2025-02-10,complete
2025-02-10,0.00,1655.99,1,204277.31,last_posted_transaction_or_prior_closing_balance,synb1_txn_c4f9306df3620b7379ec39d4,trusted,weekday_rule,base_calendar,True,32,2025-02-11,complete
2025-02-11,0.00,78613.61,2,125663.70,last_posted_transaction_or_prior_closing_balance,synb1_txn_a4a774f778e1a32f0be91c67,trusted,weekday_rule,base_calendar,True,33,2025-02-12,complete
2025-02-12,0.00,0.00,0,125663.70,last_posted_transaction_or_prior_closing_balance,,trusted,weekday_rule,base_calendar,True,34,2025-02-13,complete
2025-02-13,0.00,0.00,0,125663.70,last_posted_transaction_or_prior_closing_balance,,trusted,weekday_rule,base_calendar,True,35,2025-02-14,complete
2025-02-14,0.00,9266.11,1,116397.59,last_posted_transaction_or_prior_closing_balance,synb1_txn_e3d1a012f38c082b9d4ecad3,trusted,weekday_rule,base_calendar,True,36,2025-02-15,complete
2025-02-15,0.00,1776.35,1,114621.24,last_posted_transaction_or_prior_closing_balance,synb1_txn_edd4f8fffe0dc5bad4e761d1,trusted,historical_transaction_override,historical_transaction_override,True,37,2025-02-16,complete
2025-02-16,58188.19,8297.49,2,164511.94,last_posted_transaction_or_prior_closing_balance,synb1_txn_ea673250b03d47465a31972a,trusted,historical_transaction_override,historical_transaction_override,True,38,2025-02-17,complete
2025-02-17,0.00,0.00,0,164511.94,last_posted_transaction_or_prior_closing_balance,,trusted,weekday_rule,base_calendar,True,39,2025-02-18,complete
2025-02-18,56859.78,8495.51,2,212876.21,last_posted_transaction_or_prior_closing_balance,synb1_txn_e9c87d5562c7981a7da30847,trusted,weekday_rule,base_calendar,True,40,2025-02-19,complete
2025-02-19,0.00,0.00,0,212876.21,last_posted_transaction_or_prior_closing_balance,,trusted,weekday_rule,base_calendar,True,41,2025-02-20,complete
2025-02-20,60110.36,0.00,1,272986.57,last_posted_transaction_or_prior_closing_balance,synb1_txn_2f36689fe38fc30dbac64e03,trusted,weekday_rule,base_calendar,True,42,2025-02-21,complete
2025-02-21,0.00,0.00,0,272986.57,last_posted_transaction_or_prior_closing_balance,,trusted,weekday_rule,base_calendar,True,43,2025-02-24,complete
2025-02-22,0.00,0.00,0,272986.57,last_posted_transaction_or_prior_closing_balance,,trusted,weekday_rule,base_calendar,False,,,complete
2025-02-23,0.00,0.00,0,272986.57,last_posted_transaction_or_prior_closing_balance,,trusted,weekday_rule,base_calendar,False,,,complete
2025-02-24,0.00,0.00,0,272986.57,last_posted_transaction_or_prior_closing_balance,,trusted,weekday_rule,base_calendar,True,44,2025-02-25,complete
2025-02-25,0.00,0.00,0,272986.57,last_posted_transaction_or_prior_closing_balance,,trusted,weekday_rule,base_calendar,True,45,2025-02-26,complete
2025-02-26,0.00,93374.54,2,179612.03,last_posted_transaction_or_prior_closing_balance,synb1_txn_d63cd639ef6d4a23d3920fbc,trusted,weekday_rule,base_calendar,True,46,2025-02-27,complete
2025-02-27,0.00,0.00,0,179612.03,last_posted_transaction_or_prior_closing_balance,,trusted,weekday_rule,base_calendar,True,47,2025-02-28,complete
2025-02-28,0.00,15063.34,3,164548.69,last_posted_transaction_or_prior_closing_balance,synb1_txn_4049df7d293290820c035b7d,trusted,weekday_rule,base_calendar,True,48,2025-03-02,complete
2025-03-01,0.00,0.00,0,164548.69,last_posted_transaction_or_prior_closing_balance,,trusted,weekday_rule,base_calendar,False,,,complete
2025-03-02,144059.30,0.00,1,308607.99,last_posted_transaction_or_prior_closing_balance,synb1_txn_1711300f039357f067a01afa,trusted,historical_transaction_override,historical_transaction_override,True,49,2025-03-03,complete
2025-03-03,0.00,7336.98,1,301271.01,last_posted_transaction_or_prior_closing_balance,synb1_txn_9258e8e1ca105691b6e3f5c3,trusted,weekday_rule,base_calendar,True,50,2025-03-04,complete
2025-03-04,0.00,0.00,0,301271.01,last_posted_transaction_or_prior_closing_balance,,trusted,weekday_rule,base_calendar,True,51,2025-03-05,complete
2025-03-05,0.00,9608.70,2,291662.31,last_posted_transaction_or_prior_closing_balance,synb1_txn_688e3df8636600db3a3a3d3e,trusted,weekday_rule,base_calendar,True,52,2025-03-06,complete
2025-03-06,0.00,1461.87,1,290200.44,last_posted_transaction_or_prior_closing_balance,synb1_txn_00d33eaa02a68ac5b5b507c3,trusted,weekday_rule,base_calendar,True,53,2025-03-07,complete
2025-03-07,0.00,143267.48,2,146932.96,last_posted_transaction_or_prior_closing_balance,synb1_txn_ddbc140b2fa3bb9d8821ab77,trusted,weekday_rule,base_calendar,True,54,2025-03-10,complete
2025-03-08,0.00,0.00,0,146932.96,last_posted_transaction_or_prior_closing_balance,,trusted,weekday_rule,base_calendar,False,,,complete
2025-03-09,0.00,0.00,0,146932.96,last_posted_transaction_or_prior_closing_balance,,trusted,weekday_rule,base_calendar,False,,,complete
2025-03-10,0.00,0.00,0,146932.96,last_posted_transaction_or_prior_closing_balance,,trusted,weekday_rule,base_calendar,True,55,2025-03-11,complete
2025-03-11,0.00,50724.96,1,96208.00,last_posted_transaction_or_prior_closing_balance,synb1_txn_f018e7197baf62e61671dfea,trusted,weekday_rule,base_calendar,True,56,2025-03-12,complete
2025-03-12,0.00,0.00,0,96208.00,last_posted_transaction_or_prior_closing_balance,,trusted,weekday_rule,base_calendar,True,57,2025-03-13,complete
2025-03-13,0.00,0.00,0,96208.00,last_posted_transaction_or_prior_closing_balance,,trusted,weekday_rule,base_calendar,True,58,2025-03-14,complete
2025-03-14,0.00,10039.53,1,86168.47,last_posted_transaction_or_prior_closing_balance,synb1_txn_41e3814b391822283e02ac77,trusted,weekday_rule,base_calendar,True,59,2025-03-16,complete
2025-03-15,0.00,0.00,0,86168.47,last_posted_transaction_or_prior_closing_balance,,trusted,weekday_rule,base_calendar,False,,,complete
2025-03-16,0.00,69408.47,1,16760.00,last_posted_transaction_or_prior_closing_balance,synb1_txn_929e1aed41aad1714cc6166c,trusted,historical_transaction_override,historical_transaction_override,True,60,2025-03-17,complete
2025-03-17,0.00,0.00,0,16760.00,last_posted_transaction_or_prior_closing_balance,,trusted,weekday_rule,base_calendar,True,61,2025-03-18,complete
2025-03-18,0.00,0.00,0,16760.00,last_posted_transaction_or_prior_closing_balance,,trusted,weekday_rule,base_calendar,True,62,2025-03-19,complete
2025-03-19,118352.10,0.00,1,135112.10,last_posted_transaction_or_prior_closing_balance,synb1_txn_c1d33412a85fe132abbe3d78,trusted,weekday_rule,base_calendar,True,63,2025-03-20,complete
2025-03-20,0.00,0.00,0,135112.10,last_posted_transaction_or_prior_closing_balance,,trusted,weekday_rule,base_calendar,True,64,2025-03-21,complete
2025-03-21,0.00,0.00,0,135112.10,last_posted_transaction_or_prior_closing_balance,,trusted,weekday_rule,base_calendar,True,65,2025-03-24,complete
2025-03-22,0.00,0.00,0,135112.10,last_posted_transaction_or_prior_closing_balance,,trusted,weekday_rule,base_calendar,False,,,complete
2025-03-23,0.00,0.00,0,135112.10,last_posted_transaction_or_prior_closing_balance,,trusted,weekday_rule,base_calendar,False,,,complete
2025-03-24,0.00,0.00,0,135112.10,last_posted_transaction_or_prior_closing_balance,,trusted,weekday_rule,base_calendar,True,66,2025-03-25,complete
2025-03-25,0.00,1598.42,1,133513.68,last_posted_transaction_or_prior_closing_balance,synb1_txn_28a6bddc8663dcc51c14221b,trusted,weekday_rule,base_calendar,True,67,2025-03-26,complete
2025-03-26,0.00,8465.48,1,125048.20,last_posted_transaction_or_prior_closing_balance,synb1_txn_b0c19621b26d8fc471456be9,trusted,weekday_rule,base_calendar,True,68,2025-03-27,complete
2025-03-27,120586.92,2014.70,2,243620.42,last_posted_transaction_or_prior_closing_balance,synb1_txn_13385c66114293587c62bf00,trusted,weekday_rule,base_calendar,True,69,2025-03-28,complete
2025-03-28,124521.30,15981.17,4,352160.55,last_posted_transaction_or_prior_closing_balance,synb1_txn_908d9d9722645cc76d285f04,trusted,weekday_rule,base_calendar,True,70,2025-03-31,complete
2025-03-29,0.00,0.00,0,352160.55,last_posted_transaction_or_prior_closing_balance,,trusted,weekday_rule,base_calendar,False,,,complete
2025-03-30,0.00,0.00,0,352160.55,last_posted_transaction_or_prior_closing_balance,,trusted,weekday_rule,base_calendar,False,,,complete
2025-03-31,0.00,0.00,0,352160.55,last_posted_transaction_or_prior_closing_balance,,trusted,weekday_rule,base_calendar,True,71,2025-04-01,complete
2025-04-01,0.00,0.00,0,352160.55,last_posted_transaction_or_prior_closing_balance,,trusted,weekday_rule,base_calendar,True,72,2025-04-02,complete
2025-04-02,0.00,7454.99,1,344705.56,last_posted_transaction_or_prior_closing_balance,synb1_txn_bb2eaf749a98f80a52fed301,trusted,weekday_rule,base_calendar,True,73,2025-04-03,complete
2025-04-03,103677.69,0.00,1,448383.25,last_posted_transaction_or_prior_closing_balance,synb1_txn_a5cd5cfb08da81fdd55c9019,trusted,weekday_rule,base_calendar,True,74,2025-04-05,complete
2025-04-04,0.00,0.00,0,448383.25,last_posted_transaction_or_prior_closing_balance,,trusted,gov_cn_2025_holiday_schedule_v1,base_calendar,False,,,complete
2025-04-05,90224.96,0.00,1,538608.21,last_posted_transaction_or_prior_closing_balance,synb1_txn_9933089bfd662dd760e5be35,trusted,historical_transaction_override,historical_transaction_override,True,75,2025-04-07,complete
2025-04-06,0.00,0.00,0,538608.21,last_posted_transaction_or_prior_closing_balance,,trusted,gov_cn_2025_holiday_schedule_v1,base_calendar,False,,,complete
2025-04-07,0.00,9079.33,1,529528.88,last_posted_transaction_or_prior_closing_balance,synb1_txn_7b75d654408ab3b67140c898,trusted,weekday_rule,base_calendar,True,76,2025-04-08,complete
2025-04-08,0.00,0.00,0,529528.88,last_posted_transaction_or_prior_closing_balance,,trusted,weekday_rule,base_calendar,True,77,2025-04-09,complete
2025-04-09,0.00,77726.72,2,451802.16,last_posted_transaction_or_prior_closing_balance,synb1_txn_ff8913d1ecd54f8b283880ac,trusted,weekday_rule,base_calendar,True,78,2025-04-10,complete
2025-04-10,79484.99,9255.01,2,522032.14,last_posted_transaction_or_prior_closing_balance,synb1_txn_60ac680fef72e5e71760e6ec,trusted,weekday_rule,base_calendar,True,79,2025-04-11,complete
2025-04-11,0.00,0.00,0,522032.14,last_posted_transaction_or_prior_closing_balance,,trusted,weekday_rule,base_calendar,True,80,2025-04-12,complete
2025-04-12,0.00,70561.95,1,451470.19,last_posted_transaction_or_prior_closing_balance,synb1_txn_b76507948fe32d57bd79a912,trusted,historical_transaction_override,historical_transaction_override,True,81,2025-04-13,complete
2025-04-13,0.00,60382.16,1,391088.03,last_posted_transaction_or_prior_closing_balance,synb1_txn_d171e24c91a5f091f471b16b,trusted,historical_transaction_override,historical_transaction_override,True,82,2025-04-14,complete
2025-04-14,0.00,1806.19,1,389281.84,last_posted_transaction_or_prior_closing_balance,synb1_txn_8e19573ea3f99dd1aa5f4ff8,trusted,weekday_rule,base_calendar,True,83,2025-04-15,complete
2025-04-15,0.00,0.00,0,389281.84,last_posted_transaction_or_prior_closing_balance,,trusted,weekday_rule,base_calendar,True,84,2025-04-16,complete
2025-04-16,0.00,0.00,0,389281.84,last_posted_transaction_or_prior_closing_balance,,trusted,weekday_rule,base_calendar,True,85,2025-04-17,complete
2025-04-17,0.00,0.00,0,389281.84,last_posted_transaction_or_prior_closing_balance,,trusted,weekday_rule,base_calendar,True,86,2025-04-18,complete
2025-04-18,0.00,0.00,0,389281.84,last_posted_transaction_or_prior_closing_balance,,trusted,weekday_rule,base_calendar,True,87,2025-04-21,complete
2025-04-19,0.00,0.00,0,389281.84,last_posted_transaction_or_prior_closing_balance,,trusted,weekday_rule,base_calendar,False,,,complete
2025-04-20,0.00,0.00,0,389281.84,last_posted_transaction_or_prior_closing_balance,,trusted,weekday_rule,base_calendar,False,,,complete
2025-04-21,0.00,0.00,0,389281.84,last_posted_transaction_or_prior_closing_balance,,trusted,weekday_rule,base_calendar,True,88,2025-04-22,complete
2025-04-22,0.00,0.00,0,389281.84,last_posted_transaction_or_prior_closing_balance,,trusted,weekday_rule,base_calendar,True,89,2025-04-23,complete
2025-04-23,89030.60,0.00,1,478312.44,last_posted_transaction_or_prior_closing_balance,synb1_txn_2fad91122fe7b5a20e1b7841,trusted,weekday_rule,base_calendar,True,90,2025-04-24,complete
2025-04-24,0.00,0.00,0,478312.44,last_posted_transaction_or_prior_closing_balance,,trusted,weekday_rule,base_calendar,True,91,2025-04-25,complete
2025-04-25,0.00,1549.98,1,476762.46,last_posted_transaction_or_prior_closing_balance,synb1_txn_b34ec7fe1b4282d6893b66cc,trusted,weekday_rule,base_calendar,True,92,2025-04-26,complete
2025-04-26,0.00,2119.36,1,474643.10,last_posted_transaction_or_prior_closing_balance,synb1_txn_18330ac927458e0747f7f62a,trusted,historical_transaction_override,historical_transaction_override,True,93,2025-04-27,complete
2025-04-27,0.00,0.00,0,474643.10,last_posted_transaction_or_prior_closing_balance,,trusted,gov_cn_2025_holiday_schedule_v1,base_calendar,True,94,2025-04-28,complete
2025-04-28,0.00,15990.08,3,458653.02,last_posted_transaction_or_prior_closing_balance,synb1_txn_6143f9874181c298a6508ea5,trusted,weekday_rule,base_calendar,True,95,2025-04-29,complete
2025-04-29,0.00,61899.88,2,396753.14,last_posted_transaction_or_prior_closing_balance,synb1_txn_a53c677a0d4b5883e81fc844,trusted,weekday_rule,base_calendar,True,96,2025-04-30,complete
2025-04-30,0.00,0.00,0,396753.14,last_posted_transaction_or_prior_closing_balance,,trusted,weekday_rule,base_calendar,True,97,2025-05-03,complete
2025-05-01,0.00,0.00,0,396753.14,last_posted_transaction_or_prior_closing_balance,,trusted,gov_cn_2025_holiday_schedule_v1,base_calendar,False,,,complete
2025-05-02,0.00,0.00,0,396753.14,last_posted_transaction_or_prior_closing_balance,,trusted,gov_cn_2025_holiday_schedule_v1,base_calendar,False,,,complete
2025-05-03,0.00,7969.98,1,388783.16,last_posted_transaction_or_prior_closing_balance,synb1_txn_8f9932fe4de1aec22fa0cff1,trusted,historical_transaction_override,historical_transaction_override,True,98,2025-05-04,complete
2025-05-04,0.00,1902.59,1,386880.57,last_posted_transaction_or_prior_closing_balance,synb1_txn_e8a89d81f8e86eeb9bdfdac9,trusted,historical_transaction_override,historical_transaction_override,True,99,2025-05-06,complete
2025-05-05,0.00,0.00,0,386880.57,last_posted_transaction_or_prior_closing_balance,,trusted,gov_cn_2025_holiday_schedule_v1,base_calendar,False,,,complete
2025-05-06,0.00,0.00,0,386880.57,last_posted_transaction_or_prior_closing_balance,,trusted,weekday_rule,base_calendar,True,100,2025-05-07,complete
2025-05-07,0.00,0.00,0,386880.57,last_posted_transaction_or_prior_closing_balance,,trusted,weekday_rule,base_calendar,True,101,2025-05-08,complete
2025-05-08,0.00,57883.72,1,328996.85,last_posted_transaction_or_prior_closing_balance,synb1_txn_b0a47c39ff22335dc51ce211,trusted,weekday_rule,base_calendar,True,102,2025-05-09,complete
2025-05-09,0.00,9936.65,2,319060.20,last_posted_transaction_or_prior_closing_balance,synb1_txn_6696e5617c76ba34d425aedf,trusted,weekday_rule,base_calendar,True,103,2025-05-12,complete
2025-05-10,0.00,0.00,0,319060.20,last_posted_transaction_or_prior_closing_balance,,trusted,weekday_rule,base_calendar,False,,,complete
2025-05-11,0.00,0.00,0,319060.20,last_posted_transaction_or_prior_closing_balance,,trusted,weekday_rule,base_calendar,False,,,complete
2025-05-12,0.00,1801.28,1,317258.92,last_posted_transaction_or_prior_closing_balance,synb1_txn_1080511bc01d516a8d54f3c5,trusted,weekday_rule,base_calendar,True,104,2025-05-13,complete
2025-05-13,0.00,0.00,0,317258.92,last_posted_transaction_or_prior_closing_balance,,trusted,weekday_rule,base_calendar,True,105,2025-05-14,complete
2025-05-14,0.00,0.00,0,317258.92,last_posted_transaction_or_prior_closing_balance,,trusted,weekday_rule,base_calendar,True,106,2025-05-15,complete
2025-05-15,0.00,0.00,0,317258.92,last_posted_transaction_or_prior_closing_balance,,trusted,weekday_rule,base_calendar,True,107,2025-05-16,complete
2025-05-16,96225.37,0.00,1,413484.29,last_posted_transaction_or_prior_closing_balance,synb1_txn_4b9a3323bdc82c91f113c670,trusted,weekday_rule,base_calendar,True,108,2025-05-19,complete
2025-05-17,0.00,0.00,0,413484.29,last_posted_transaction_or_prior_closing_balance,,trusted,weekday_rule,base_calendar,False,,,complete
2025-05-18,0.00,0.00,0,413484.29,last_posted_transaction_or_prior_closing_balance,,trusted,weekday_rule,base_calendar,False,,,complete
2025-05-19,0.00,0.00,0,413484.29,last_posted_transaction_or_prior_closing_balance,,trusted,weekday_rule,base_calendar,True,109,2025-05-20,complete
2025-05-20,90591.22,68266.47,3,435809.04,last_posted_transaction_or_prior_closing_balance,synb1_txn_ced836950953857e99816b1e,trusted,weekday_rule,base_calendar,True,110,2025-05-21,complete
2025-05-21,0.00,0.00,0,435809.04,last_posted_transaction_or_prior_closing_balance,,trusted,weekday_rule,base_calendar,True,111,2025-05-22,complete
2025-05-22,0.00,0.00,0,435809.04,last_posted_transaction_or_prior_closing_balance,,trusted,weekday_rule,base_calendar,True,112,2025-05-23,complete
2025-05-23,0.00,69243.58,1,366565.46,last_posted_transaction_or_prior_closing_balance,synb1_txn_8e86cf88e582770851328480,trusted,weekday_rule,base_calendar,True,113,2025-05-26,complete
2025-05-24,0.00,0.00,0,366565.46,last_posted_transaction_or_prior_closing_balance,,trusted,weekday_rule,base_calendar,False,,,complete
2025-05-25,0.00,0.00,0,366565.46,last_posted_transaction_or_prior_closing_balance,,trusted,weekday_rule,base_calendar,False,,,complete
2025-05-26,0.00,0.00,0,366565.46,last_posted_transaction_or_prior_closing_balance,,trusted,weekday_rule,base_calendar,True,114,2025-05-27,complete
2025-05-27,0.00,77653.33,2,288912.13,last_posted_transaction_or_prior_closing_balance,synb1_txn_561f2e7a68b1c37b8784fcfb,trusted,weekday_rule,base_calendar,True,115,2025-05-28,complete
2025-05-28,0.00,15981.17,3,272930.96,last_posted_transaction_or_prior_closing_balance,synb1_txn_3235b6649e4d9e0c4c167f62,trusted,weekday_rule,base_calendar,True,116,2025-05-29,complete
2025-05-29,0.00,8786.55,1,264144.41,last_posted_transaction_or_prior_closing_balance,synb1_txn_faa0507cfd40371e049ecf2b,trusted,weekday_rule,base_calendar,True,117,2025-05-30,complete
2025-05-30,71682.79,0.00,1,335827.20,last_posted_transaction_or_prior_closing_balance,synb1_txn_8bfbb9a2ab3f5a0e92d74233,trusted,weekday_rule,base_calendar,True,118,2025-05-31,complete
2025-05-31,103516.62,0.00,1,439343.82,last_posted_transaction_or_prior_closing_balance,synb1_txn_1f9e3c8182f34dd11aa65b74,trusted,historical_transaction_override,historical_transaction_override,True,119,2025-06-01,complete
2025-06-01,0.00,8681.91,1,430661.91,last_posted_transaction_or_prior_closing_balance,synb1_txn_60e0cf02d6fb07a54907ee62,trusted,historical_transaction_override,historical_transaction_override,True,120,2025-06-03,complete
2025-06-02,0.00,0.00,0,430661.91,last_posted_transaction_or_prior_closing_balance,,trusted,gov_cn_2025_holiday_schedule_v1,base_calendar,False,,,complete
2025-06-03,0.00,0.00,0,430661.91,last_posted_transaction_or_prior_closing_balance,,trusted,weekday_rule,base_calendar,True,121,2025-06-04,complete
2025-06-04,0.00,8553.05,1,422108.86,last_posted_transaction_or_prior_closing_balance,synb1_txn_245e2d2ee845b48e6a420f08,trusted,weekday_rule,base_calendar,True,122,2025-06-05,complete
2025-06-05,0.00,0.00,0,422108.86,last_posted_transaction_or_prior_closing_balance,,trusted,weekday_rule,base_calendar,True,123,2025-06-06,complete
2025-06-06,0.00,0.00,0,422108.86,last_posted_transaction_or_prior_closing_balance,,trusted,weekday_rule,base_calendar,True,124,2025-06-07,complete
2025-06-07,0.00,65695.81,2,356413.05,last_posted_transaction_or_prior_closing_balance,synb1_txn_e3b39cb0d8b8609f31dfa807,trusted,historical_transaction_override,historical_transaction_override,True,125,2025-06-08,complete
2025-06-08,104521.23,0.00,1,460934.28,last_posted_transaction_or_prior_closing_balance,synb1_txn_260beddae84ac5db4f6c053b,trusted,historical_transaction_override,historical_transaction_override,True,126,2025-06-09,complete
2025-06-09,0.00,0.00,0,460934.28,last_posted_transaction_or_prior_closing_balance,,trusted,weekday_rule,base_calendar,True,127,2025-06-10,complete
2025-06-10,0.00,0.00,0,460934.28,last_posted_transaction_or_prior_closing_balance,,trusted,weekday_rule,base_calendar,True,128,2025-06-11,complete
2025-06-11,0.00,8443.05,1,452491.23,last_posted_transaction_or_prior_closing_balance,synb1_txn_bfbc87069376dd7b03c3d3f9,trusted,weekday_rule,base_calendar,True,129,2025-06-12,complete
2025-06-12,0.00,7841.99,1,444649.24,last_posted_transaction_or_prior_closing_balance,synb1_txn_39fa259c52a95cb9fbfed851,trusted,weekday_rule,base_calendar,True,130,2025-06-13,complete
2025-06-13,0.00,0.00,0,444649.24,last_posted_transaction_or_prior_closing_balance,,trusted,weekday_rule,base_calendar,True,131,2025-06-15,complete
2025-06-14,0.00,0.00,0,444649.24,last_posted_transaction_or_prior_closing_balance,,trusted,weekday_rule,base_calendar,False,,,complete
2025-06-15,0.00,56944.74,1,387704.50,last_posted_transaction_or_prior_closing_balance,synb1_txn_aa3cd6ac42a4639a3252557e,trusted,historical_transaction_override,historical_transaction_override,True,132,2025-06-16,complete
2025-06-16,0.00,0.00,0,387704.50,last_posted_transaction_or_prior_closing_balance,,trusted,weekday_rule,base_calendar,True,133,2025-06-17,complete
2025-06-17,0.00,0.00,0,387704.50,last_posted_transaction_or_prior_closing_balance,,trusted,weekday_rule,base_calendar,True,134,2025-06-18,complete
2025-06-18,0.00,0.00,0,387704.50,last_posted_transaction_or_prior_closing_balance,,trusted,weekday_rule,base_calendar,True,135,2025-06-19,complete
2025-06-19,0.00,0.00,0,387704.50,last_posted_transaction_or_prior_closing_balance,,trusted,weekday_rule,base_calendar,True,136,2025-06-20,complete
2025-06-20,0.00,0.00,0,387704.50,last_posted_transaction_or_prior_closing_balance,,trusted,weekday_rule,base_calendar,True,137,2025-06-23,complete
2025-06-21,0.00,0.00,0,387704.50,last_posted_transaction_or_prior_closing_balance,,trusted,weekday_rule,base_calendar,False,,,complete
2025-06-22,0.00,0.00,0,387704.50,last_posted_transaction_or_prior_closing_balance,,trusted,weekday_rule,base_calendar,False,,,complete
2025-06-23,0.00,0.00,0,387704.50,last_posted_transaction_or_prior_closing_balance,,trusted,weekday_rule,base_calendar,True,138,2025-06-24,complete
2025-06-24,0.00,0.00,0,387704.50,last_posted_transaction_or_prior_closing_balance,,trusted,weekday_rule,base_calendar,True,139,2025-06-25,complete
2025-06-25,90998.39,3613.32,3,475089.57,last_posted_transaction_or_prior_closing_balance,synb1_txn_a2ae3a982245de5701ae65b9,trusted,weekday_rule,base_calendar,True,140,2025-06-26,complete
2025-06-26,84049.79,68371.41,2,490767.95,last_posted_transaction_or_prior_closing_balance,synb1_txn_d896afce2c58196267fb6463,trusted,weekday_rule,base_calendar,True,141,2025-06-27,complete
2025-06-27,0.00,1474.17,1,489293.78,last_posted_transaction_or_prior_closing_balance,synb1_txn_c0809df295b81b0aa9ae49b8,trusted,weekday_rule,base_calendar,True,142,2025-06-28,complete
2025-06-28,81776.19,0.00,1,571069.97,last_posted_transaction_or_prior_closing_balance,synb1_txn_909db14f49ebe5fd6aa0daac,trusted,historical_transaction_override,historical_transaction_override,True,143,2025-06-29,complete
2025-06-29,0.00,71176.36,1,499893.61,last_posted_transaction_or_prior_closing_balance,synb1_txn_92ca1c4eff05fee0f6943cce,trusted,historical_transaction_override,historical_transaction_override,True,144,2025-06-30,complete
2025-06-30,0.00,15954.44,3,483939.17,last_posted_transaction_or_prior_closing_balance,synb1_txn_408eed09862851ffc01f504e,trusted,weekday_rule,base_calendar,True,145,2025-07-01,complete
2025-07-01,0.00,8039.13,1,475900.04,last_posted_transaction_or_prior_closing_balance,synb1_txn_fb214ffe8285d19bd4230f8c,trusted,weekday_rule,base_calendar,True,146,2025-07-02,complete
2025-07-02,0.00,0.00,0,475900.04,last_posted_transaction_or_prior_closing_balance,,trusted,weekday_rule,base_calendar,True,147,2025-07-03,complete
2025-07-03,0.00,1680.56,1,474219.48,last_posted_transaction_or_prior_closing_balance,synb1_txn_4ff1495ef12fdb4088921414,trusted,weekday_rule,base_calendar,True,148,2025-07-04,complete
2025-07-04,0.00,0.00,0,474219.48,last_posted_transaction_or_prior_closing_balance,,trusted,weekday_rule,base_calendar,True,149,2025-07-05,complete
2025-07-05,104359.25,1607.23,2,576971.50,last_posted_transaction_or_prior_closing_balance,synb1_txn_d95a9875daa72decde6cd1e6,trusted,historical_transaction_override,historical_transaction_override,True,150,2025-07-07,complete
2025-07-06,0.00,0.00,0,576971.50,last_posted_transaction_or_prior_closing_balance,,trusted,weekday_rule,base_calendar,False,,,complete
2025-07-07,90151.51,0.00,1,667123.01,last_posted_transaction_or_prior_closing_balance,synb1_txn_1ac2e9de42f1b39117db4f0b,trusted,weekday_rule,base_calendar,True,151,2025-07-08,complete
2025-07-08,0.00,0.00,0,667123.01,last_posted_transaction_or_prior_closing_balance,,trusted,weekday_rule,base_calendar,True,152,2025-07-09,complete
2025-07-09,0.00,0.00,0,667123.01,last_posted_transaction_or_prior_closing_balance,,trusted,weekday_rule,base_calendar,True,153,2025-07-10,complete
2025-07-10,0.00,0.00,0,667123.01,last_posted_transaction_or_prior_closing_balance,,trusted,weekday_rule,base_calendar,True,154,2025-07-11,complete
2025-07-11,0.00,0.00,0,667123.01,last_posted_transaction_or_prior_closing_balance,,trusted,weekday_rule,base_calendar,True,155,2025-07-13,complete
2025-07-12,0.00,0.00,0,667123.01,last_posted_transaction_or_prior_closing_balance,,trusted,weekday_rule,base_calendar,False,,,complete
2025-07-13,0.00,2111.54,1,665011.47,last_posted_transaction_or_prior_closing_balance,synb1_txn_832aafe9ea1be647e0829b80,trusted,historical_transaction_override,historical_transaction_override,True,156,2025-07-14,complete
2025-07-14,85405.64,70794.09,2,679623.02,last_posted_transaction_or_prior_closing_balance,synb1_txn_c18ef11abdee4df67fb6c669,trusted,weekday_rule,base_calendar,True,157,2025-07-15,complete
2025-07-15,0.00,0.00,0,679623.02,last_posted_transaction_or_prior_closing_balance,,trusted,weekday_rule,base_calendar,True,158,2025-07-16,complete
2025-07-16,0.00,0.00,0,679623.02,last_posted_transaction_or_prior_closing_balance,,trusted,weekday_rule,base_calendar,True,159,2025-07-17,complete
2025-07-17,0.00,0.00,0,679623.02,last_posted_transaction_or_prior_closing_balance,,trusted,weekday_rule,base_calendar,True,160,2025-07-18,complete
2025-07-18,0.00,0.00,0,679623.02,last_posted_transaction_or_prior_closing_balance,,trusted,weekday_rule,base_calendar,True,161,2025-07-19,complete
2025-07-19,0.00,10631.34,2,668991.68,last_posted_transaction_or_prior_closing_balance,synb1_txn_a028f54c1db277ea538ae5be,trusted,historical_transaction_override,historical_transaction_override,True,162,2025-07-20,complete
2025-07-20,0.00,71386.97,1,597604.71,last_posted_transaction_or_prior_closing_balance,synb1_txn_e69fc29ab3ba1f79968cd52e,trusted,historical_transaction_override,historical_transaction_override,True,163,2025-07-21,complete
2025-07-21,0.00,0.00,0,597604.71,last_posted_transaction_or_prior_closing_balance,,trusted,weekday_rule,base_calendar,True,164,2025-07-22,complete
2025-07-22,80490.64,65657.70,3,612437.65,last_posted_transaction_or_prior_closing_balance,synb1_txn_1c03e0f1ff092e00331b2502,trusted,weekday_rule,base_calendar,True,165,2025-07-23,complete
2025-07-23,0.00,57985.21,1,554452.44,last_posted_transaction_or_prior_closing_balance,synb1_txn_cb00dd9f546996acef3b3d12,trusted,weekday_rule,base_calendar,True,166,2025-07-24,complete
2025-07-24,0.00,0.00,0,554452.44,last_posted_transaction_or_prior_closing_balance,,trusted,weekday_rule,base_calendar,True,167,2025-07-25,complete
2025-07-25,0.00,9083.09,1,545369.35,last_posted_transaction_or_prior_closing_balance,synb1_txn_c4f9508deeee47e66f3ce383,trusted,weekday_rule,base_calendar,True,168,2025-07-28,complete
2025-07-26,0.00,0.00,0,545369.35,last_posted_transaction_or_prior_closing_balance,,trusted,weekday_rule,base_calendar,False,,,complete
2025-07-27,0.00,0.00,0,545369.35,last_posted_transaction_or_prior_closing_balance,,trusted,weekday_rule,base_calendar,False,,,complete
2025-07-28,0.00,15909.88,3,529459.47,last_posted_transaction_or_prior_closing_balance,synb1_txn_dd8fcfe0477d2fef12418ced,trusted,weekday_rule,base_calendar,True,169,2025-07-29,complete
2025-07-29,0.00,0.00,0,529459.47,last_posted_transaction_or_prior_closing_balance,,trusted,weekday_rule,base_calendar,True,170,2025-07-30,complete
2025-07-30,0.00,0.00,0,529459.47,last_posted_transaction_or_prior_closing_balance,,trusted,weekday_rule,base_calendar,True,171,2025-07-31,complete
2025-07-31,0.00,0.00,0,529459.47,last_posted_transaction_or_prior_closing_balance,,trusted,weekday_rule,base_calendar,True,172,2025-08-01,complete
2025-08-01,0.00,0.00,0,529459.47,last_posted_transaction_or_prior_closing_balance,,trusted,weekday_rule,base_calendar,True,173,2025-08-02,complete
2025-08-02,95997.09,0.00,1,625456.56,last_posted_transaction_or_prior_closing_balance,synb1_txn_444539f4ff09d7d9416cc812,trusted,historical_transaction_override,historical_transaction_override,True,174,2025-08-04,complete
2025-08-03,0.00,0.00,0,625456.56,last_posted_transaction_or_prior_closing_balance,,trusted,weekday_rule,base_calendar,False,,,complete
2025-08-04,0.00,0.00,0,625456.56,last_posted_transaction_or_prior_closing_balance,,trusted,weekday_rule,base_calendar,True,175,2025-08-05,complete
2025-08-05,0.00,0.00,0,625456.56,last_posted_transaction_or_prior_closing_balance,,trusted,weekday_rule,base_calendar,True,176,2025-08-06,complete
2025-08-06,0.00,7438.97,1,618017.59,last_posted_transaction_or_prior_closing_balance,synb1_txn_07a4e6b78b14b37ffa64f6b7,trusted,weekday_rule,base_calendar,True,177,2025-08-07,complete
2025-08-07,0.00,1746.57,1,616271.02,last_posted_transaction_or_prior_closing_balance,synb1_txn_c3ebee7d1c8be6d47aaaab4f,trusted,weekday_rule,base_calendar,True,178,2025-08-08,complete
2025-08-08,0.00,0.00,0,616271.02,last_posted_transaction_or_prior_closing_balance,,trusted,weekday_rule,base_calendar,True,179,2025-08-10,complete
2025-08-09,0.00,0.00,0,616271.02,last_posted_transaction_or_prior_closing_balance,,trusted,weekday_rule,base_calendar,False,,,complete
2025-08-10,92185.51,0.00,1,708456.53,last_posted_transaction_or_prior_closing_balance,synb1_txn_28ed0cbc04c8e9c590669bdd,trusted,historical_transaction_override,historical_transaction_override,True,180,2025-08-11,complete
2025-08-11,0.00,0.00,0,708456.53,last_posted_transaction_or_prior_closing_balance,,trusted,weekday_rule,base_calendar,True,181,2025-08-12,complete
2025-08-12,0.00,59837.27,1,648619.26,last_posted_transaction_or_prior_closing_balance,synb1_txn_11ebb9720c8d517c9890c975,trusted,weekday_rule,base_calendar,True,182,2025-08-13,complete
2025-08-13,0.00,0.00,0,648619.26,last_posted_transaction_or_prior_closing_balance,,trusted,weekday_rule,base_calendar,True,183,2025-08-14,complete
2025-08-14,0.00,1763.37,1,646855.89,last_posted_transaction_or_prior_closing_balance,synb1_txn_572ad346088a3054c61f0fdd,trusted,weekday_rule,base_calendar,True,184,2025-08-15,complete
2025-08-15,0.00,0.00,0,646855.89,last_posted_transaction_or_prior_closing_balance,,trusted,weekday_rule,base_calendar,True,185,2025-08-18,complete
2025-08-16,0.00,0.00,0,646855.89,last_posted_transaction_or_prior_closing_balance,,trusted,weekday_rule,base_calendar,False,,,complete
2025-08-17,0.00,0.00,0,646855.89,last_posted_transaction_or_prior_closing_balance,,trusted,weekday_rule,base_calendar,False,,,complete
2025-08-18,0.00,17094.55,2,629761.34,last_posted_transaction_or_prior_closing_balance,synb1_txn_7c08de351c9e321ccaa9c865,trusted,weekday_rule,base_calendar,True,186,2025-08-19,complete
2025-08-19,0.00,0.00,0,629761.34,last_posted_transaction_or_prior_closing_balance,,trusted,weekday_rule,base_calendar,True,187,2025-08-20,complete
2025-08-20,0.00,1821.63,1,627939.71,last_posted_transaction_or_prior_closing_balance,synb1_txn_29a8537788ea539d8efc6f7f,trusted,weekday_rule,base_calendar,True,188,2025-08-21,complete
2025-08-21,0.00,0.00,0,627939.71,last_posted_transaction_or_prior_closing_balance,,trusted,weekday_rule,base_calendar,True,189,2025-08-22,complete
2025-08-22,0.00,0.00,0,627939.71,last_posted_transaction_or_prior_closing_balance,,trusted,weekday_rule,base_calendar,True,190,2025-08-23,complete
2025-08-23,0.00,8986.48,1,618953.23,last_posted_transaction_or_prior_closing_balance,synb1_txn_6d42fa4f3e148bebbd6607f0,trusted,historical_transaction_override,historical_transaction_override,True,191,2025-08-24,complete
2025-08-24,0.00,1674.11,1,617279.12,last_posted_transaction_or_prior_closing_balance,synb1_txn_31692008950eb4a806af92ad,trusted,historical_transaction_override,historical_transaction_override,True,192,2025-08-25,complete
2025-08-25,82089.53,53932.56,2,645436.09,last_posted_transaction_or_prior_closing_balance,synb1_txn_ceb3d8b556dd9b6a714cf395,trusted,weekday_rule,base_calendar,True,193,2025-08-26,complete
2025-08-26,0.00,68600.87,1,576835.22,last_posted_transaction_or_prior_closing_balance,synb1_txn_5468c9837952021fe2c95c61,trusted,weekday_rule,base_calendar,True,194,2025-08-27,complete
2025-08-27,0.00,71598.47,1,505236.75,last_posted_transaction_or_prior_closing_balance,synb1_txn_50e874d84a01b60fb0cac077,trusted,weekday_rule,base_calendar,True,195,2025-08-28,complete
2025-08-28,0.00,15847.51,3,489389.24,last_posted_transaction_or_prior_closing_balance,synb1_txn_ecaa568e48b51d45d995768e,trusted,weekday_rule,base_calendar,True,196,2025-08-29,complete
2025-08-29,0.00,0.00,0,489389.24,last_posted_transaction_or_prior_closing_balance,,trusted,weekday_rule,base_calendar,True,197,2025-08-31,complete
2025-08-30,0.00,0.00,0,489389.24,last_posted_transaction_or_prior_closing_balance,,trusted,weekday_rule,base_calendar,False,,,complete
2025-08-31,88928.19,0.00,1,578317.43,last_posted_transaction_or_prior_closing_balance,synb1_txn_481857cf97cf58a9874d3248,trusted,historical_transaction_override,historical_transaction_override,True,198,2025-09-01,complete
2025-09-01,0.00,0.00,0,578317.43,last_posted_transaction_or_prior_closing_balance,,trusted,weekday_rule,base_calendar,True,199,2025-09-02,complete
2025-09-02,0.00,72126.11,1,506191.32,last_posted_transaction_or_prior_closing_balance,synb1_txn_ec3c1ca942104ca292e4d98c,trusted,weekday_rule,base_calendar,True,200,2025-09-03,complete
2025-09-03,0.00,0.00,0,506191.32,last_posted_transaction_or_prior_closing_balance,,trusted,weekday_rule,base_calendar,True,201,2025-09-04,complete
2025-09-04,0.00,9223.68,1,496967.64,last_posted_transaction_or_prior_closing_balance,synb1_txn_477a3bf07cf969aa6254eaed,trusted,weekday_rule,base_calendar,True,202,2025-09-05,complete
2025-09-05,0.00,0.00,0,496967.64,last_posted_transaction_or_prior_closing_balance,,trusted,weekday_rule,base_calendar,True,203,2025-09-06,complete
2025-09-06,0.00,58108.62,1,438859.02,last_posted_transaction_or_prior_closing_balance,synb1_txn_4e006d1b5ceb8ff313f8abde,trusted,historical_transaction_override,historical_transaction_override,True,204,2025-09-07,complete
2025-09-07,0.00,8265.05,1,430593.97,last_posted_transaction_or_prior_closing_balance,synb1_txn_6aa71aa34d25486aa705212c,trusted,historical_transaction_override,historical_transaction_override,True,205,2025-09-08,complete
2025-09-08,0.00,2003.30,1,428590.67,last_posted_transaction_or_prior_closing_balance,synb1_txn_6cdf0b4c57efc2785e807daf,trusted,weekday_rule,base_calendar,True,206,2025-09-09,complete
2025-09-09,0.00,0.00,0,428590.67,last_posted_transaction_or_prior_closing_balance,,trusted,weekday_rule,base_calendar,True,207,2025-09-10,complete
2025-09-10,0.00,3192.32,2,425398.35,last_posted_transaction_or_prior_closing_balance,synb1_txn_e431103155d3c0a1b1f38324,trusted,weekday_rule,base_calendar,True,208,2025-09-11,complete
2025-09-11,0.00,71963.80,1,353434.55,last_posted_transaction_or_prior_closing_balance,synb1_txn_38cc36fe1b6ed39775afbe44,trusted,weekday_rule,base_calendar,True,209,2025-09-12,complete
2025-09-12,0.00,0.00,0,353434.55,last_posted_transaction_or_prior_closing_balance,,trusted,weekday_rule,base_calendar,True,210,2025-09-15,complete
2025-09-13,0.00,0.00,0,353434.55,last_posted_transaction_or_prior_closing_balance,,trusted,weekday_rule,base_calendar,False,,,complete
2025-09-14,0.00,0.00,0,353434.55,last_posted_transaction_or_prior_closing_balance,,trusted,weekday_rule,base_calendar,False,,,complete
2025-09-15,0.00,7394.08,1,346040.47,last_posted_transaction_or_prior_closing_balance,synb1_txn_5168d06e34df79a67774d8b1,trusted,weekday_rule,base_calendar,True,211,2025-09-16,complete
2025-09-16,0.00,0.00,0,346040.47,last_posted_transaction_or_prior_closing_balance,,trusted,weekday_rule,base_calendar,True,212,2025-09-17,complete
2025-09-17,85888.33,0.00,1,431928.80,last_posted_transaction_or_prior_closing_balance,synb1_txn_9971ddc5bd73ca27e61d7b73,trusted,weekday_rule,base_calendar,True,213,2025-09-18,complete
2025-09-18,0.00,56485.47,1,375443.33,last_posted_transaction_or_prior_closing_balance,synb1_txn_348c4900008fe85d6a594cda,trusted,weekday_rule,base_calendar,True,214,2025-09-19,complete
2025-09-19,0.00,1810.06,1,373633.27,last_posted_transaction_or_prior_closing_balance,synb1_txn_6a8b260f25f5d6005eae05be,trusted,weekday_rule,base_calendar,True,215,2025-09-22,complete
2025-09-20,0.00,0.00,0,373633.27,last_posted_transaction_or_prior_closing_balance,,trusted,weekday_rule,base_calendar,False,,,complete
2025-09-21,0.00,0.00,0,373633.27,last_posted_transaction_or_prior_closing_balance,,trusted,weekday_rule,base_calendar,False,,,complete
2025-09-22,105525.60,0.00,1,479158.87,last_posted_transaction_or_prior_closing_balance,synb1_txn_b296c8c1e1f1d19ca828b44b,trusted,weekday_rule,base_calendar,True,216,2025-09-23,complete
2025-09-23,0.00,0.00,0,479158.87,last_posted_transaction_or_prior_closing_balance,,trusted,weekday_rule,base_calendar,True,217,2025-09-24,complete
2025-09-24,0.00,8637.19,1,470521.68,last_posted_transaction_or_prior_closing_balance,synb1_txn_64f0c69c83c874095f82f364,trusted,weekday_rule,base_calendar,True,218,2025-09-25,complete
2025-09-25,0.00,0.00,0,470521.68,last_posted_transaction_or_prior_closing_balance,,trusted,weekday_rule,base_calendar,True,219,2025-09-26,complete
2025-09-26,0.00,0.00,0,470521.68,last_posted_transaction_or_prior_closing_balance,,trusted,weekday_rule,base_calendar,True,220,2025-09-27,complete
2025-09-27,181864.79,0.00,2,652386.47,last_posted_transaction_or_prior_closing_balance,synb1_txn_1f71d7d315aa371c0917ecbb,trusted,historical_transaction_override,historical_transaction_override,True,221,2025-09-28,complete
2025-09-28,0.00,15767.31,3,636619.16,last_posted_transaction_or_prior_closing_balance,synb1_txn_56557b27988ab65f4018afb1,trusted,gov_cn_2025_holiday_schedule_v1,base_calendar,True,222,2025-09-29,complete
2025-09-29,0.00,0.00,0,636619.16,last_posted_transaction_or_prior_closing_balance,,trusted,weekday_rule,base_calendar,True,223,2025-09-30,complete
2025-09-30,0.00,0.00,0,636619.16,last_posted_transaction_or_prior_closing_balance,,trusted,weekday_rule,base_calendar,True,224,2025-10-06,complete
2025-10-01,0.00,0.00,0,636619.16,last_posted_transaction_or_prior_closing_balance,,trusted,gov_cn_2025_holiday_schedule_v1,base_calendar,False,,,complete
2025-10-02,0.00,0.00,0,636619.16,last_posted_transaction_or_prior_closing_balance,,trusted,gov_cn_2025_holiday_schedule_v1,base_calendar,False,,,complete
2025-10-03,0.00,0.00,0,636619.16,last_posted_transaction_or_prior_closing_balance,,trusted,gov_cn_2025_holiday_schedule_v1,base_calendar,False,,,complete
2025-10-04,0.00,0.00,0,636619.16,last_posted_transaction_or_prior_closing_balance,,trusted,gov_cn_2025_holiday_schedule_v1,base_calendar,False,,,complete
2025-10-05,0.00,0.00,0,636619.16,last_posted_transaction_or_prior_closing_balance,,trusted,gov_cn_2025_holiday_schedule_v1,base_calendar,False,,,complete
2025-10-06,0.00,67321.91,1,569297.25,last_posted_transaction_or_prior_closing_balance,synb1_txn_a34ff6975ad7ed0a3a7e27f6,trusted,historical_transaction_override,historical_transaction_override,True,225,2025-10-07,complete
2025-10-07,84621.90,9792.19,2,644126.96,last_posted_transaction_or_prior_closing_balance,synb1_txn_4cd179e6b7cc411cf4fb7f17,trusted,historical_transaction_override,historical_transaction_override,True,226,2025-10-08,complete
2025-10-08,96220.53,0.00,1,740347.49,last_posted_transaction_or_prior_closing_balance,synb1_txn_1b6e34064f90b7cbf9c9bdb4,trusted,historical_transaction_override,historical_transaction_override,True,227,2025-10-09,complete
2025-10-09,0.00,63979.72,1,676367.77,last_posted_transaction_or_prior_closing_balance,synb1_txn_65c298729e6ff19e867debee,trusted,weekday_rule,base_calendar,True,228,2025-10-10,complete
2025-10-10,0.00,65799.55,1,610568.22,last_posted_transaction_or_prior_closing_balance,synb1_txn_81505e72e6033c9109d350a6,trusted,weekday_rule,base_calendar,True,229,2025-10-11,complete
2025-10-11,0.00,7880.18,1,602688.04,last_posted_transaction_or_prior_closing_balance,synb1_txn_e70c9ac0b917d3e007072335,trusted,gov_cn_2025_holiday_schedule_v1,base_calendar,True,230,2025-10-12,complete
2025-10-12,0.00,9614.81,2,593073.23,last_posted_transaction_or_prior_closing_balance,synb1_txn_b1681bed726324453473c373,trusted,historical_transaction_override,historical_transaction_override,True,231,2025-10-13,complete
2025-10-13,0.00,0.00,0,593073.23,last_posted_transaction_or_prior_closing_balance,,trusted,weekday_rule,base_calendar,True,232,2025-10-14,complete
2025-10-14,0.00,7875.67,1,585197.56,last_posted_transaction_or_prior_closing_balance,synb1_txn_75f54a2cb9aebc126ce65e7f,trusted,weekday_rule,base_calendar,True,233,2025-10-15,complete
2025-10-15,121670.72,67409.40,2,639458.88,last_posted_transaction_or_prior_closing_balance,synb1_txn_ab5697c8233ea7bdbc63ad42,trusted,weekday_rule,base_calendar,True,234,2025-10-16,complete
2025-10-16,0.00,1842.12,1,637616.76,last_posted_transaction_or_prior_closing_balance,synb1_txn_dfb66a2e25713f898ed392fa,trusted,weekday_rule,base_calendar,True,235,2025-10-17,complete
2025-10-17,0.00,1823.71,1,635793.05,last_posted_transaction_or_prior_closing_balance,synb1_txn_d37f19919ab0809e2739c203,trusted,weekday_rule,base_calendar,True,236,2025-10-19,complete
2025-10-18,0.00,0.00,0,635793.05,last_posted_transaction_or_prior_closing_balance,,trusted,weekday_rule,base_calendar,False,,,complete
2025-10-19,0.00,1697.00,1,634096.05,last_posted_transaction_or_prior_closing_balance,synb1_txn_44ab3e93d61491fd94f82b68,trusted,historical_transaction_override,historical_transaction_override,True,237,2025-10-20,complete
2025-10-20,0.00,0.00,0,634096.05,last_posted_transaction_or_prior_closing_balance,,trusted,weekday_rule,base_calendar,True,238,2025-10-21,complete
2025-10-21,0.00,0.00,0,634096.05,last_posted_transaction_or_prior_closing_balance,,trusted,weekday_rule,base_calendar,True,239,2025-10-22,complete
2025-10-22,85112.13,0.00,1,719208.18,last_posted_transaction_or_prior_closing_balance,synb1_txn_26d51b65cc0f208e702340b0,trusted,weekday_rule,base_calendar,True,240,2025-10-23,complete
2025-10-23,0.00,0.00,0,719208.18,last_posted_transaction_or_prior_closing_balance,,trusted,weekday_rule,base_calendar,True,241,2025-10-24,complete
2025-10-24,0.00,0.00,0,719208.18,last_posted_transaction_or_prior_closing_balance,,trusted,weekday_rule,base_calendar,True,242,2025-10-27,complete
2025-10-25,0.00,0.00,0,719208.18,last_posted_transaction_or_prior_closing_balance,,trusted,weekday_rule,base_calendar,False,,,complete
2025-10-26,0.00,0.00,0,719208.18,last_posted_transaction_or_prior_closing_balance,,trusted,weekday_rule,base_calendar,False,,,complete
2025-10-27,0.00,0.00,0,719208.18,last_posted_transaction_or_prior_closing_balance,,trusted,weekday_rule,base_calendar,True,243,2025-10-28,complete
2025-10-28,0.00,16702.96,3,702505.22,last_posted_transaction_or_prior_closing_balance,synb1_txn_1b33261d334c1494248feace,trusted,weekday_rule,base_calendar,True,244,2025-10-29,complete
2025-10-29,0.00,0.00,0,702505.22,last_posted_transaction_or_prior_closing_balance,,trusted,weekday_rule,base_calendar,True,245,2025-10-30,complete
2025-10-30,0.00,0.00,0,702505.22,last_posted_transaction_or_prior_closing_balance,,trusted,weekday_rule,base_calendar,True,246,2025-10-31,complete
2025-10-31,0.00,0.00,0,702505.22,last_posted_transaction_or_prior_closing_balance,,trusted,weekday_rule,base_calendar,True,247,2025-11-03,complete
2025-11-01,0.00,0.00,0,702505.22,last_posted_transaction_or_prior_closing_balance,,trusted,weekday_rule,base_calendar,False,,,complete
2025-11-02,0.00,0.00,0,702505.22,last_posted_transaction_or_prior_closing_balance,,trusted,weekday_rule,base_calendar,False,,,complete
2025-11-03,99856.89,8622.67,2,793739.44,last_posted_transaction_or_prior_closing_balance,synb1_txn_329dec733178a262594d04b7,trusted,weekday_rule,base_calendar,True,248,2025-11-04,complete
2025-11-04,0.00,0.00,0,793739.44,last_posted_transaction_or_prior_closing_balance,,trusted,weekday_rule,base_calendar,True,249,2025-11-05,complete
2025-11-05,0.00,8944.32,1,784795.12,last_posted_transaction_or_prior_closing_balance,synb1_txn_5caf23814796342238668799,trusted,weekday_rule,base_calendar,True,250,2025-11-06,complete
2025-11-06,0.00,0.00,0,784795.12,last_posted_transaction_or_prior_closing_balance,,trusted,weekday_rule,base_calendar,True,251,2025-11-07,complete
2025-11-07,0.00,0.00,0,784795.12,last_posted_transaction_or_prior_closing_balance,,trusted,weekday_rule,base_calendar,True,252,2025-11-08,complete
2025-11-08,0.00,77057.36,1,707737.76,last_posted_transaction_or_prior_closing_balance,synb1_txn_86c02951cb0db2073a74c9a6,trusted,historical_transaction_override,historical_transaction_override,True,253,2025-11-09,complete
2025-11-09,0.00,6719.13,1,701018.63,last_posted_transaction_or_prior_closing_balance,synb1_txn_4f724fe6587f22afb2effd25,trusted,historical_transaction_override,historical_transaction_override,True,254,2025-11-10,complete
2025-11-10,93249.06,0.00,1,794267.69,last_posted_transaction_or_prior_closing_balance,synb1_txn_02e3ffa1c8aaa137ca86fa4c,trusted,weekday_rule,base_calendar,True,255,2025-11-11,complete
2025-11-11,0.00,0.00,0,794267.69,last_posted_transaction_or_prior_closing_balance,,trusted,weekday_rule,base_calendar,True,256,2025-11-12,complete
2025-11-12,0.00,0.00,0,794267.69,last_posted_transaction_or_prior_closing_balance,,trusted,weekday_rule,base_calendar,True,257,2025-11-13,complete
2025-11-13,0.00,64051.73,1,730215.96,last_posted_transaction_or_prior_closing_balance,synb1_txn_c5869dcbcbaa6be4d8106594,trusted,weekday_rule,base_calendar,True,258,2025-11-14,complete
2025-11-14,0.00,1382.19,1,728833.77,last_posted_transaction_or_prior_closing_balance,synb1_txn_ffa9ea1c2b3b16ed2e648a86,trusted,weekday_rule,base_calendar,True,259,2025-11-17,complete
2025-11-15,0.00,0.00,0,728833.77,last_posted_transaction_or_prior_closing_balance,,trusted,weekday_rule,base_calendar,False,,,complete
2025-11-16,0.00,0.00,0,728833.77,last_posted_transaction_or_prior_closing_balance,,trusted,weekday_rule,base_calendar,False,,,complete
2025-11-17,0.00,0.00,0,728833.77,last_posted_transaction_or_prior_closing_balance,,trusted,weekday_rule,base_calendar,True,260,2025-11-18,complete
2025-11-18,0.00,0.00,0,728833.77,last_posted_transaction_or_prior_closing_balance,,trusted,weekday_rule,base_calendar,True,261,2025-11-19,complete
2025-11-19,0.00,0.00,0,728833.77,last_posted_transaction_or_prior_closing_balance,,trusted,weekday_rule,base_calendar,True,262,2025-11-20,complete
2025-11-20,0.00,0.00,0,728833.77,last_posted_transaction_or_prior_closing_balance,,trusted,weekday_rule,base_calendar,True,263,2025-11-21,complete
2025-11-21,112838.97,0.00,1,841672.74,last_posted_transaction_or_prior_closing_balance,synb1_txn_17e5d9f4a5a972ff43cf601d,trusted,weekday_rule,base_calendar,True,264,2025-11-24,complete
2025-11-22,0.00,0.00,0,841672.74,last_posted_transaction_or_prior_closing_balance,,trusted,weekday_rule,base_calendar,False,,,complete
2025-11-23,0.00,0.00,0,841672.74,last_posted_transaction_or_prior_closing_balance,,trusted,weekday_rule,base_calendar,False,,,complete
2025-11-24,0.00,80859.34,2,760813.40,last_posted_transaction_or_prior_closing_balance,synb1_txn_2a7f2fbe9a53c04b53e47479,trusted,weekday_rule,base_calendar,True,265,2025-11-25,complete
2025-11-25,0.00,1914.13,1,758899.27,last_posted_transaction_or_prior_closing_balance,synb1_txn_ea89f69720af60f05fc9f175,trusted,weekday_rule,base_calendar,True,266,2025-11-26,complete
2025-11-26,0.00,0.00,0,758899.27,last_posted_transaction_or_prior_closing_balance,,trusted,weekday_rule,base_calendar,True,267,2025-11-27,complete
2025-11-27,0.00,61495.36,1,697403.91,last_posted_transaction_or_prior_closing_balance,synb1_txn_83ea8269167828a5212a8414,trusted,weekday_rule,base_calendar,True,268,2025-11-28,complete
2025-11-28,96295.08,26890.31,5,766808.68,last_posted_transaction_or_prior_closing_balance,synb1_txn_48e5cbd8d436972a9be9984e,trusted,weekday_rule,base_calendar,True,269,2025-11-30,complete
2025-11-29,0.00,0.00,0,766808.68,last_posted_transaction_or_prior_closing_balance,,trusted,weekday_rule,base_calendar,False,,,complete
2025-11-30,0.00,1900.96,1,764907.72,last_posted_transaction_or_prior_closing_balance,synb1_txn_a25254fe4de2e68a7c445697,trusted,historical_transaction_override,historical_transaction_override,True,270,2025-12-01,complete
2025-12-01,0.00,63388.17,2,701519.55,last_posted_transaction_or_prior_closing_balance,synb1_txn_c30ab2d806b52876b8086e4f,trusted,weekday_rule,base_calendar,True,271,2025-12-02,complete
2025-12-02,0.00,0.00,0,701519.55,last_posted_transaction_or_prior_closing_balance,,trusted,weekday_rule,base_calendar,True,272,2025-12-03,complete
2025-12-03,101134.85,0.00,1,802654.40,last_posted_transaction_or_prior_closing_balance,synb1_txn_fbcc86fa931c7f5f4a7a95d4,trusted,weekday_rule,base_calendar,True,273,2025-12-04,complete
2025-12-04,106597.22,0.00,1,909251.62,last_posted_transaction_or_prior_closing_balance,synb1_txn_15bd1a55f8306d61d8d41696,trusted,weekday_rule,base_calendar,True,274,2025-12-05,complete
2025-12-05,0.00,18178.16,3,891073.46,last_posted_transaction_or_prior_closing_balance,synb1_txn_2c026b731d228c198839ce92,trusted,weekday_rule,base_calendar,True,275,2025-12-08,complete
2025-12-06,0.00,0.00,0,891073.46,last_posted_transaction_or_prior_closing_balance,,trusted,weekday_rule,base_calendar,False,,,complete
2025-12-07,0.00,0.00,0,891073.46,last_posted_transaction_or_prior_closing_balance,,trusted,weekday_rule,base_calendar,False,,,complete
2025-12-08,0.00,0.00,0,891073.46,last_posted_transaction_or_prior_closing_balance,,trusted,weekday_rule,base_calendar,True,276,2025-12-09,complete
2025-12-09,0.00,0.00,0,891073.46,last_posted_transaction_or_prior_closing_balance,,trusted,weekday_rule,base_calendar,True,277,2025-12-10,complete
2025-12-10,0.00,7713.68,1,883359.78,last_posted_transaction_or_prior_closing_balance,synb1_txn_2d4b1fbbf03b1d39579e5e8c,trusted,weekday_rule,base_calendar,True,278,2025-12-11,complete
2025-12-11,0.00,0.00,0,883359.78,last_posted_transaction_or_prior_closing_balance,,trusted,weekday_rule,base_calendar,True,279,2025-12-12,complete
2025-12-12,0.00,0.00,0,883359.78,last_posted_transaction_or_prior_closing_balance,,trusted,weekday_rule,base_calendar,True,280,2025-12-15,complete
2025-12-13,0.00,0.00,0,883359.78,last_posted_transaction_or_prior_closing_balance,,trusted,weekday_rule,base_calendar,False,,,complete
2025-12-14,0.00,0.00,0,883359.78,last_posted_transaction_or_prior_closing_balance,,trusted,weekday_rule,base_calendar,False,,,complete
2025-12-15,0.00,0.00,0,883359.78,last_posted_transaction_or_prior_closing_balance,,trusted,weekday_rule,base_calendar,True,281,2025-12-16,complete
2025-12-16,0.00,77971.83,1,805387.95,last_posted_transaction_or_prior_closing_balance,synb1_txn_08398d70705f337ac7f644a1,trusted,weekday_rule,base_calendar,True,282,2025-12-17,complete
2025-12-17,0.00,0.00,0,805387.95,last_posted_transaction_or_prior_closing_balance,,trusted,weekday_rule,base_calendar,True,283,2025-12-18,complete
2025-12-18,0.00,0.00,0,805387.95,last_posted_transaction_or_prior_closing_balance,,trusted,weekday_rule,base_calendar,True,284,2025-12-19,complete
2025-12-19,0.00,0.00,0,805387.95,last_posted_transaction_or_prior_closing_balance,,trusted,weekday_rule,base_calendar,True,285,2025-12-22,complete
2025-12-20,0.00,0.00,0,805387.95,last_posted_transaction_or_prior_closing_balance,,trusted,weekday_rule,base_calendar,False,,,complete
2025-12-21,0.00,0.00,0,805387.95,last_posted_transaction_or_prior_closing_balance,,trusted,weekday_rule,base_calendar,False,,,complete
2025-12-22,0.00,70475.77,1,734912.18,last_posted_transaction_or_prior_closing_balance,synb1_txn_73b403355fcc58030695da9d,trusted,weekday_rule,base_calendar,True,286,2025-12-23,complete
2025-12-23,0.00,0.00,0,734912.18,last_posted_transaction_or_prior_closing_balance,,trusted,weekday_rule,base_calendar,True,287,2025-12-24,complete
2025-12-24,0.00,1806.57,1,733105.61,last_posted_transaction_or_prior_closing_balance,synb1_txn_db09294653f8dd769c19b4f9,trusted,weekday_rule,base_calendar,True,288,2025-12-25,complete
2025-12-25,106930.88,0.00,1,840036.49,last_posted_transaction_or_prior_closing_balance,synb1_txn_e8c5f5e7f6343e8ecee9a2fb,trusted,weekday_rule,base_calendar,True,289,2025-12-26,complete
2025-12-26,0.00,0.00,0,840036.49,last_posted_transaction_or_prior_closing_balance,,trusted,weekday_rule,base_calendar,True,290,2025-12-27,complete
2025-12-27,0.00,85361.11,1,754675.38,last_posted_transaction_or_prior_closing_balance,synb1_txn_6b30f10a913d27f7313ebff8,trusted,historical_transaction_override,historical_transaction_override,True,291,2025-12-28,complete
2025-12-28,102459.93,0.00,1,857135.31,last_posted_transaction_or_prior_closing_balance,synb1_txn_bdab486ab3bac55140f3b290,trusted,historical_transaction_override,historical_transaction_override,True,292,2025-12-29,complete
2025-12-29,0.00,18627.72,3,838507.59,last_posted_transaction_or_prior_closing_balance,synb1_txn_682885abce0efe2949934f35,trusted,weekday_rule,base_calendar,True,293,2025-12-30,complete
2025-12-30,0.00,0.00,0,838507.59,last_posted_transaction_or_prior_closing_balance,,trusted,weekday_rule,base_calendar,True,294,2025-12-31,complete
2025-12-31,0.00,11059.12,2,827448.47,last_posted_transaction_or_prior_closing_balance,synb1_txn_0ec258ca5b1bac6bbd41fd02,trusted,weekday_rule,base_calendar,True,295,2026-01-01,complete
2026-01-01,0.00,1423.72,1,826024.75,last_posted_transaction_or_prior_closing_balance,synb1_txn_9be2da866feb80296f508cdc,trusted,historical_transaction_override,historical_transaction_override,True,296,2026-01-03,complete
2026-01-02,0.00,0.00,0,826024.75,last_posted_transaction_or_prior_closing_balance,,trusted,gov_cn_2026_holiday_schedule_v1,base_calendar,False,,,complete
2026-01-03,0.00,6888.79,1,819135.96,last_posted_transaction_or_prior_closing_balance,synb1_txn_9b32fdd08e876278b03aff8e,trusted,historical_transaction_override,historical_transaction_override,True,297,2026-01-04,complete
2026-01-04,0.00,80419.55,1,738716.41,last_posted_transaction_or_prior_closing_balance,synb1_txn_da4a7e93df5392e08dc7cff3,trusted,gov_cn_2026_holiday_schedule_v1,base_calendar,True,298,2026-01-05,complete
2026-01-05,106233.88,0.00,1,844950.29,last_posted_transaction_or_prior_closing_balance,synb1_txn_7325c5be3899f0338a5cb3ff,trusted,weekday_rule,base_calendar,True,299,2026-01-06,complete
2026-01-06,0.00,79010.45,1,765939.84,last_posted_transaction_or_prior_closing_balance,synb1_txn_2d3fa642b0228b4779bb8d1d,trusted,weekday_rule,base_calendar,True,300,2026-01-07,complete
2026-01-07,0.00,0.00,0,765939.84,last_posted_transaction_or_prior_closing_balance,,trusted,weekday_rule,base_calendar,True,301,2026-01-08,complete
2026-01-08,0.00,0.00,0,765939.84,last_posted_transaction_or_prior_closing_balance,,trusted,weekday_rule,base_calendar,True,302,2026-01-09,complete
2026-01-09,0.00,0.00,0,765939.84,last_posted_transaction_or_prior_closing_balance,,trusted,weekday_rule,base_calendar,True,303,2026-01-10,complete
2026-01-10,0.00,8166.79,1,757773.05,last_posted_transaction_or_prior_closing_balance,synb1_txn_b61ed30abbaaf96ac4565f36,trusted,historical_transaction_override,historical_transaction_override,True,304,2026-01-12,complete
2026-01-11,0.00,0.00,0,757773.05,last_posted_transaction_or_prior_closing_balance,,trusted,weekday_rule,base_calendar,False,,,complete
2026-01-12,0.00,0.00,0,757773.05,last_posted_transaction_or_prior_closing_balance,,trusted,weekday_rule,base_calendar,True,305,2026-01-13,complete
2026-01-13,0.00,73066.67,2,684706.38,last_posted_transaction_or_prior_closing_balance,synb1_txn_1e56536285a75ca7b8ffc5f5,trusted,weekday_rule,base_calendar,True,306,2026-01-14,complete
2026-01-14,0.00,0.00,0,684706.38,last_posted_transaction_or_prior_closing_balance,,trusted,weekday_rule,base_calendar,True,307,2026-01-15,complete
2026-01-15,0.00,0.00,0,684706.38,last_posted_transaction_or_prior_closing_balance,,trusted,weekday_rule,base_calendar,True,308,2026-01-16,complete
2026-01-16,0.00,74101.80,1,610604.58,last_posted_transaction_or_prior_closing_balance,synb1_txn_e3dba0485c8353e6dcc13c10,trusted,weekday_rule,base_calendar,True,309,2026-01-17,complete
2026-01-17,0.00,9724.39,1,600880.19,last_posted_transaction_or_prior_closing_balance,synb1_txn_0eb5a1dc9f661e2b7a9cbc00,trusted,historical_transaction_override,historical_transaction_override,True,310,2026-01-18,complete
2026-01-18,0.00,10721.25,2,590158.94,last_posted_transaction_or_prior_closing_balance,synb1_txn_6ac6a33619eb6d2cefe09bd8,trusted,historical_transaction_override,historical_transaction_override,True,311,2026-01-19,complete
2026-01-19,94609.30,0.00,1,684768.24,last_posted_transaction_or_prior_closing_balance,synb1_txn_34548bb6e2e902bab61774c8,trusted,weekday_rule,base_calendar,True,312,2026-01-20,complete
2026-01-20,0.00,0.00,0,684768.24,last_posted_transaction_or_prior_closing_balance,,trusted,weekday_rule,base_calendar,True,313,2026-01-21,complete
2026-01-21,0.00,0.00,0,684768.24,last_posted_transaction_or_prior_closing_balance,,trusted,weekday_rule,base_calendar,True,314,2026-01-22,complete
2026-01-22,0.00,0.00,0,684768.24,last_posted_transaction_or_prior_closing_balance,,trusted,weekday_rule,base_calendar,True,315,2026-01-23,complete
2026-01-23,0.00,0.00,0,684768.24,last_posted_transaction_or_prior_closing_balance,,trusted,weekday_rule,base_calendar,True,316,2026-01-26,complete
2026-01-24,0.00,0.00,0,684768.24,last_posted_transaction_or_prior_closing_balance,,trusted,weekday_rule,base_calendar,False,,,complete
2026-01-25,0.00,0.00,0,684768.24,last_posted_transaction_or_prior_closing_balance,,trusted,weekday_rule,base_calendar,False,,,complete
2026-01-26,126235.94,0.00,1,811004.18,last_posted_transaction_or_prior_closing_balance,synb1_txn_a23229f44a9132d5068a331a,trusted,weekday_rule,base_calendar,True,317,2026-01-27,complete
2026-01-27,0.00,0.00,0,811004.18,last_posted_transaction_or_prior_closing_balance,,trusted,weekday_rule,base_calendar,True,318,2026-01-28,complete
2026-01-28,0.00,21341.59,4,789662.59,last_posted_transaction_or_prior_closing_balance,synb1_txn_e33c65cd20f66038799b5bcb,trusted,weekday_rule,base_calendar,True,319,2026-01-29,complete
2026-01-29,0.00,0.00,0,789662.59,last_posted_transaction_or_prior_closing_balance,,trusted,weekday_rule,base_calendar,True,320,2026-01-30,complete
2026-01-30,105194.80,0.00,1,894857.39,last_posted_transaction_or_prior_closing_balance,synb1_txn_3fbee889ec92fb381b967039,trusted,weekday_rule,base_calendar,True,321,2026-02-02,complete
2026-01-31,0.00,0.00,0,894857.39,last_posted_transaction_or_prior_closing_balance,,trusted,weekday_rule,base_calendar,False,,,complete
2026-02-01,0.00,0.00,0,894857.39,last_posted_transaction_or_prior_closing_balance,,trusted,weekday_rule,base_calendar,False,,,complete
2026-02-02,0.00,73061.78,1,821795.61,last_posted_transaction_or_prior_closing_balance,synb1_txn_41b020097cf262d895a6cdb4,trusted,weekday_rule,base_calendar,True,322,2026-02-03,complete
2026-02-03,0.00,1469.76,1,820325.85,last_posted_transaction_or_prior_closing_balance,synb1_txn_d73ffcafb69a2fb3912d78c1,trusted,weekday_rule,base_calendar,True,323,2026-02-04,complete
2026-02-04,0.00,1481.53,1,818844.32,last_posted_transaction_or_prior_closing_balance,synb1_txn_013fac9d05020c3d1bfff78a,trusted,weekday_rule,base_calendar,True,324,2026-02-05,complete
2026-02-05,0.00,0.00,0,818844.32,last_posted_transaction_or_prior_closing_balance,,trusted,weekday_rule,base_calendar,True,325,2026-02-06,complete
2026-02-06,0.00,0.00,0,818844.32,last_posted_transaction_or_prior_closing_balance,,trusted,weekday_rule,base_calendar,True,326,2026-02-07,complete
2026-02-07,68564.14,8286.92,2,879121.54,last_posted_transaction_or_prior_closing_balance,synb1_txn_10bd9571c9e7c7c90c92ae73,trusted,historical_transaction_override,historical_transaction_override,True,327,2026-02-09,complete
2026-02-08,0.00,0.00,0,879121.54,last_posted_transaction_or_prior_closing_balance,,trusted,weekday_rule,base_calendar,False,,,complete
2026-02-09,0.00,0.00,0,879121.54,last_posted_transaction_or_prior_closing_balance,,trusted,weekday_rule,base_calendar,True,328,2026-02-10,complete
2026-02-10,0.00,0.00,0,879121.54,last_posted_transaction_or_prior_closing_balance,,trusted,weekday_rule,base_calendar,True,329,2026-02-11,complete
2026-02-11,0.00,88739.49,2,790382.05,last_posted_transaction_or_prior_closing_balance,synb1_txn_de521cccbb01087c0d2621a3,trusted,weekday_rule,base_calendar,True,330,2026-02-12,complete
2026-02-12,0.00,83326.94,1,707055.11,last_posted_transaction_or_prior_closing_balance,synb1_txn_ce6e9f906b7dc59be67cb467,trusted,weekday_rule,base_calendar,True,331,2026-02-13,complete
2026-02-13,0.00,0.00,0,707055.11,last_posted_transaction_or_prior_closing_balance,,trusted,weekday_rule,base_calendar,True,332,2026-02-14,complete
2026-02-14,0.00,0.00,0,707055.11,last_posted_transaction_or_prior_closing_balance,,trusted,gov_cn_2026_holiday_schedule_v1,base_calendar,True,333,2026-02-17,complete
2026-02-15,0.00,0.00,0,707055.11,last_posted_transaction_or_prior_closing_balance,,trusted,gov_cn_2026_holiday_schedule_v1,base_calendar,False,,,complete
2026-02-16,0.00,0.00,0,707055.11,last_posted_transaction_or_prior_closing_balance,,trusted,gov_cn_2026_holiday_schedule_v1,base_calendar,False,,,complete
2026-02-17,62054.56,88082.75,2,681026.92,last_posted_transaction_or_prior_closing_balance,synb1_txn_9658da3ed80128f14b05ed12,trusted,historical_transaction_override,historical_transaction_override,True,334,2026-02-18,complete
2026-02-18,0.00,7205.32,1,673821.60,last_posted_transaction_or_prior_closing_balance,synb1_txn_1b76aa9507d791562c8be7ff,trusted,historical_transaction_override,historical_transaction_override,True,335,2026-02-24,complete
2026-02-19,0.00,0.00,0,673821.60,last_posted_transaction_or_prior_closing_balance,,trusted,gov_cn_2026_holiday_schedule_v1,base_calendar,False,,,complete
2026-02-20,0.00,0.00,0,673821.60,last_posted_transaction_or_prior_closing_balance,,trusted,gov_cn_2026_holiday_schedule_v1,base_calendar,False,,,complete
2026-02-21,0.00,0.00,0,673821.60,last_posted_transaction_or_prior_closing_balance,,trusted,gov_cn_2026_holiday_schedule_v1,base_calendar,False,,,complete
2026-02-22,0.00,0.00,0,673821.60,last_posted_transaction_or_prior_closing_balance,,trusted,gov_cn_2026_holiday_schedule_v1,base_calendar,False,,,complete
2026-02-23,0.00,0.00,0,673821.60,last_posted_transaction_or_prior_closing_balance,,trusted,gov_cn_2026_holiday_schedule_v1,base_calendar,False,,,complete
2026-02-24,70373.15,0.00,1,744194.75,last_posted_transaction_or_prior_closing_balance,synb1_txn_0052928df24278fb631e6c5a,trusted,weekday_rule,base_calendar,True,336,2026-02-25,complete
2026-02-25,0.00,1907.27,1,742287.48,last_posted_transaction_or_prior_closing_balance,synb1_txn_fd849455f9e0f350b02de92a,trusted,weekday_rule,base_calendar,True,337,2026-02-26,complete
2026-02-26,67624.02,18027.76,3,791883.74,last_posted_transaction_or_prior_closing_balance,synb1_txn_458a10f8ddf29a8dfd4385b3,trusted,weekday_rule,base_calendar,True,338,2026-02-27,complete
2026-02-27,0.00,0.00,0,791883.74,last_posted_transaction_or_prior_closing_balance,,trusted,weekday_rule,base_calendar,True,339,2026-02-28,complete
2026-02-28,0.00,20623.77,3,771259.97,last_posted_transaction_or_prior_closing_balance,synb1_txn_8a7aa9d00afa7aeef04ed250,trusted,gov_cn_2026_holiday_schedule_v1,base_calendar,True,340,2026-03-01,complete
2026-03-01,0.00,16972.93,2,754287.04,last_posted_transaction_or_prior_closing_balance,synb1_txn_d308abb54e6d729211607b16,trusted,historical_transaction_override,historical_transaction_override,True,341,2026-03-02,complete
2026-03-02,0.00,0.00,0,754287.04,last_posted_transaction_or_prior_closing_balance,,trusted,weekday_rule,base_calendar,True,342,2026-03-03,complete
2026-03-03,0.00,0.00,0,754287.04,last_posted_transaction_or_prior_closing_balance,,trusted,weekday_rule,base_calendar,True,343,2026-03-04,complete
2026-03-04,0.00,0.00,0,754287.04,last_posted_transaction_or_prior_closing_balance,,trusted,weekday_rule,base_calendar,True,344,2026-03-05,complete
2026-03-05,0.00,0.00,0,754287.04,last_posted_transaction_or_prior_closing_balance,,trusted,weekday_rule,base_calendar,True,345,2026-03-06,complete
2026-03-06,0.00,1851.47,1,752435.57,last_posted_transaction_or_prior_closing_balance,synb1_txn_9386e92d8c7809f332de2d29,trusted,weekday_rule,base_calendar,True,346,2026-03-08,complete
2026-03-07,0.00,0.00,0,752435.57,last_posted_transaction_or_prior_closing_balance,,trusted,weekday_rule,base_calendar,False,,,complete
2026-03-08,0.00,77062.40,1,675373.17,last_posted_transaction_or_prior_closing_balance,synb1_txn_daddfe8884d3d6c615a8f048,trusted,historical_transaction_override,historical_transaction_override,True,347,2026-03-09,complete
2026-03-09,0.00,8394.05,1,666979.12,last_posted_transaction_or_prior_closing_balance,synb1_txn_31b7f5cfc835a1d6db7e27e4,trusted,weekday_rule,base_calendar,True,348,2026-03-10,complete
2026-03-10,139035.08,0.00,1,806014.20,last_posted_transaction_or_prior_closing_balance,synb1_txn_b98cddcf56ef71674e9e5cba,trusted,weekday_rule,base_calendar,True,349,2026-03-11,complete
2026-03-11,160322.67,89161.88,2,877174.99,last_posted_transaction_or_prior_closing_balance,synb1_txn_ddc83191d4d22a7d38515a75,trusted,weekday_rule,base_calendar,True,350,2026-03-12,complete
2026-03-12,0.00,87767.48,1,789407.51,last_posted_transaction_or_prior_closing_balance,synb1_txn_fa86dc86637b1fba03633e15,trusted,weekday_rule,base_calendar,True,351,2026-03-13,complete
2026-03-13,0.00,0.00,0,789407.51,last_posted_transaction_or_prior_closing_balance,,trusted,weekday_rule,base_calendar,True,352,2026-03-14,complete
2026-03-14,0.00,1834.60,1,787572.91,last_posted_transaction_or_prior_closing_balance,synb1_txn_2c7013aeeae560e558cfdd54,trusted,historical_transaction_override,historical_transaction_override,True,353,2026-03-16,complete
2026-03-15,0.00,0.00,0,787572.91,last_posted_transaction_or_prior_closing_balance,,trusted,weekday_rule,base_calendar,False,,,complete
2026-03-16,0.00,8153.02,1,779419.89,last_posted_transaction_or_prior_closing_balance,synb1_txn_45e7f5fa8f43554dd16db396,trusted,weekday_rule,base_calendar,True,354,2026-03-17,complete
2026-03-17,0.00,0.00,0,779419.89,last_posted_transaction_or_prior_closing_balance,,trusted,weekday_rule,base_calendar,True,355,2026-03-18,complete
2026-03-18,0.00,77380.12,1,702039.77,last_posted_transaction_or_prior_closing_balance,synb1_txn_7999b4ad5c22d1bbdcb352c5,trusted,weekday_rule,base_calendar,True,356,2026-03-19,complete
2026-03-19,169323.13,1739.24,2,869623.66,last_posted_transaction_or_prior_closing_balance,synb1_txn_856803c020ad5428d2b8a195,trusted,weekday_rule,base_calendar,True,357,2026-03-20,complete
2026-03-20,0.00,0.00,0,869623.66,last_posted_transaction_or_prior_closing_balance,,trusted,weekday_rule,base_calendar,True,358,2026-03-22,complete
2026-03-21,0.00,0.00,0,869623.66,last_posted_transaction_or_prior_closing_balance,,trusted,weekday_rule,base_calendar,False,,,complete
2026-03-22,156614.61,0.00,1,1026238.27,last_posted_transaction_or_prior_closing_balance,synb1_txn_4d40db89fe6555eb05848bcd,trusted,historical_transaction_override,historical_transaction_override,True,359,2026-03-23,complete
2026-03-23,0.00,0.00,0,1026238.27,last_posted_transaction_or_prior_closing_balance,,trusted,weekday_rule,base_calendar,True,360,2026-03-24,complete
2026-03-24,0.00,0.00,0,1026238.27,last_posted_transaction_or_prior_closing_balance,,trusted,weekday_rule,base_calendar,True,361,2026-03-25,complete
2026-03-25,0.00,0.00,0,1026238.27,last_posted_transaction_or_prior_closing_balance,,trusted,weekday_rule,base_calendar,True,362,2026-03-26,complete
2026-03-26,0.00,1580.37,1,1024657.90,last_posted_transaction_or_prior_closing_balance,synb1_txn_e0012e035dd994246b3b19f2,trusted,weekday_rule,base_calendar,True,363,2026-03-27,complete
2026-03-27,0.00,0.00,0,1024657.90,last_posted_transaction_or_prior_closing_balance,,trusted,weekday_rule,base_calendar,True,364,2026-03-30,complete
2026-03-28,0.00,0.00,0,1024657.90,last_posted_transaction_or_prior_closing_balance,,trusted,weekday_rule,base_calendar,False,,,complete
2026-03-29,0.00,0.00,0,1024657.90,last_posted_transaction_or_prior_closing_balance,,trusted,weekday_rule,base_calendar,False,,,complete
2026-03-30,0.00,21648.54,3,1003009.36,last_posted_transaction_or_prior_closing_balance,synb1_txn_88209f849eef3f96ab3711dc,trusted,weekday_rule,base_calendar,True,365,2026-03-31,complete
2026-03-31,0.00,0.00,0,1003009.36,last_posted_transaction_or_prior_closing_balance,,trusted,weekday_rule,base_calendar,True,366,2026-04-01,complete
2026-04-01,0.00,0.00,0,1003009.36,last_posted_transaction_or_prior_closing_balance,,trusted,weekday_rule,base_calendar,True,367,2026-04-02,complete
2026-04-02,0.00,0.00,0,1003009.36,last_posted_transaction_or_prior_closing_balance,,trusted,weekday_rule,base_calendar,True,368,2026-04-03,complete
2026-04-03,0.00,8150.31,1,994859.05,last_posted_transaction_or_prior_closing_balance,synb1_txn_7e7db6f79911a83464317f93,trusted,weekday_rule,base_calendar,True,369,2026-04-05,complete
2026-04-04,0.00,0.00,0,994859.05,last_posted_transaction_or_prior_closing_balance,,trusted,gov_cn_2026_holiday_schedule_v1,base_calendar,False,,,complete
2026-04-05,109227.04,0.00,1,1104086.09,last_posted_transaction_or_prior_closing_balance,synb1_txn_25ce405e78adb03b17cf7d43,trusted,historical_transaction_override,historical_transaction_override,True,370,2026-04-07,complete
2026-04-06,0.00,0.00,0,1104086.09,last_posted_transaction_or_prior_closing_balance,,trusted,gov_cn_2026_holiday_schedule_v1,base_calendar,False,,,complete
2026-04-07,0.00,0.00,0,1104086.09,last_posted_transaction_or_prior_closing_balance,,trusted,weekday_rule,base_calendar,True,371,2026-04-08,complete
2026-04-08,0.00,0.00,0,1104086.09,last_posted_transaction_or_prior_closing_balance,,trusted,weekday_rule,base_calendar,True,372,2026-04-09,complete
2026-04-09,0.00,0.00,0,1104086.09,last_posted_transaction_or_prior_closing_balance,,trusted,weekday_rule,base_calendar,True,373,2026-04-10,complete
2026-04-10,0.00,0.00,0,1104086.09,last_posted_transaction_or_prior_closing_balance,,trusted,weekday_rule,base_calendar,True,374,2026-04-12,complete
2026-04-11,0.00,0.00,0,1104086.09,last_posted_transaction_or_prior_closing_balance,,trusted,weekday_rule,base_calendar,False,,,complete
2026-04-12,113152.00,0.00,1,1217238.09,last_posted_transaction_or_prior_closing_balance,synb1_txn_c379132b1a37a7de17277749,trusted,historical_transaction_override,historical_transaction_override,True,375,2026-04-13,complete
2026-04-13,0.00,0.00,0,1217238.09,last_posted_transaction_or_prior_closing_balance,,trusted,weekday_rule,base_calendar,True,376,2026-04-14,complete
2026-04-14,0.00,0.00,0,1217238.09,last_posted_transaction_or_prior_closing_balance,,trusted,weekday_rule,base_calendar,True,377,2026-04-15,complete
2026-04-15,0.00,0.00,0,1217238.09,last_posted_transaction_or_prior_closing_balance,,trusted,weekday_rule,base_calendar,True,378,2026-04-16,complete
2026-04-16,0.00,7720.54,1,1209517.55,last_posted_transaction_or_prior_closing_balance,synb1_txn_d696789d9e3aba0765805c0d,trusted,weekday_rule,base_calendar,True,379,2026-04-17,complete
2026-04-17,0.00,0.00,0,1209517.55,last_posted_transaction_or_prior_closing_balance,,trusted,weekday_rule,base_calendar,True,380,2026-04-18,complete
2026-04-18,0.00,3039.94,2,1206477.61,last_posted_transaction_or_prior_closing_balance,synb1_txn_e1be4f09f368658e1a909176,trusted,historical_transaction_override,historical_transaction_override,True,381,2026-04-19,complete
2026-04-19,122086.30,70608.54,2,1257955.37,last_posted_transaction_or_prior_closing_balance,synb1_txn_e77ee300be6dfaf5a652daf1,trusted,historical_transaction_override,historical_transaction_override,True,382,2026-04-20,complete
2026-04-20,0.00,164053.79,2,1093901.58,last_posted_transaction_or_prior_closing_balance,synb1_txn_8c900a8be5a5f7d89b8801d0,trusted,weekday_rule,base_calendar,True,383,2026-04-21,complete
2026-04-21,0.00,0.00,0,1093901.58,last_posted_transaction_or_prior_closing_balance,,trusted,weekday_rule,base_calendar,True,384,2026-04-22,complete
2026-04-22,0.00,8996.24,1,1084905.34,last_posted_transaction_or_prior_closing_balance,synb1_txn_7adc3e4f3605c5b1b68101cb,trusted,weekday_rule,base_calendar,True,385,2026-04-23,complete
2026-04-23,0.00,0.00,0,1084905.34,last_posted_transaction_or_prior_closing_balance,,trusted,weekday_rule,base_calendar,True,386,2026-04-24,complete
2026-04-24,0.00,0.00,0,1084905.34,last_posted_transaction_or_prior_closing_balance,,trusted,weekday_rule,base_calendar,True,387,2026-04-25,complete
2026-04-25,0.00,8652.91,1,1076252.43,last_posted_transaction_or_prior_closing_balance,synb1_txn_6a213d1b8b70fa73039b7017,trusted,historical_transaction_override,historical_transaction_override,True,388,2026-04-26,complete
2026-04-26,0.00,1967.24,1,1074285.19,last_posted_transaction_or_prior_closing_balance,synb1_txn_c649a33e0a63f234a1d2c450,trusted,historical_transaction_override,historical_transaction_override,True,389,2026-04-27,complete
2026-04-27,0.00,89367.26,1,984917.93,last_posted_transaction_or_prior_closing_balance,synb1_txn_06edd344cba62ce617910d54,trusted,weekday_rule,base_calendar,True,390,2026-04-28,complete
2026-04-28,0.00,21550.52,3,963367.41,last_posted_transaction_or_prior_closing_balance,synb1_txn_a7332309362ab1e78f74603e,trusted,weekday_rule,base_calendar,True,391,2026-04-29,complete
2026-04-29,100009.86,0.00,1,1063377.27,last_posted_transaction_or_prior_closing_balance,synb1_txn_7f9a20be453cc1f42a886b29,trusted,weekday_rule,base_calendar,True,392,2026-04-30,complete
2026-04-30,0.00,1998.50,1,1061378.77,last_posted_transaction_or_prior_closing_balance,synb1_txn_06c40f94fa4855415f65f9eb,trusted,weekday_rule,base_calendar,True,393,2026-05-03,complete
2026-05-01,0.00,0.00,0,1061378.77,last_posted_transaction_or_prior_closing_balance,,trusted,gov_cn_2026_holiday_schedule_v1,base_calendar,False,,,complete
2026-05-02,0.00,0.00,0,1061378.77,last_posted_transaction_or_prior_closing_balance,,trusted,gov_cn_2026_holiday_schedule_v1,base_calendar,False,,,complete
2026-05-03,118738.24,0.00,1,1180117.01,last_posted_transaction_or_prior_closing_balance,synb1_txn_e5e76400d5d03a398227b0a7,trusted,historical_transaction_override,historical_transaction_override,True,394,2026-05-04,complete
2026-05-04,0.00,8523.93,1,1171593.08,last_posted_transaction_or_prior_closing_balance,synb1_txn_01dffc9f491c1ead406986d7,trusted,historical_transaction_override,historical_transaction_override,True,395,2026-05-05,complete
2026-05-05,0.00,9287.89,1,1162305.19,last_posted_transaction_or_prior_closing_balance,synb1_txn_cc0690606b6a5c60de09d7ba,trusted,historical_transaction_override,historical_transaction_override,True,396,2026-05-06,complete
2026-05-06,0.00,7823.03,1,1154482.16,last_posted_transaction_or_prior_closing_balance,synb1_txn_d9f90b15ccc481e3c396ffaf,trusted,weekday_rule,base_calendar,True,397,2026-05-07,complete
2026-05-07,0.00,0.00,0,1154482.16,last_posted_transaction_or_prior_closing_balance,,trusted,weekday_rule,base_calendar,True,398,2026-05-08,complete
2026-05-08,0.00,87898.16,1,1066584.00,last_posted_transaction_or_prior_closing_balance,synb1_txn_58570836d19576be3729b37c,trusted,weekday_rule,base_calendar,True,399,2026-05-09,complete
2026-05-09,0.00,0.00,0,1066584.00,last_posted_transaction_or_prior_closing_balance,,trusted,gov_cn_2026_holiday_schedule_v1,base_calendar,True,400,2026-05-11,complete
2026-05-10,0.00,0.00,0,1066584.00,last_posted_transaction_or_prior_closing_balance,,trusted,weekday_rule,base_calendar,False,,,complete
2026-05-11,0.00,1775.39,1,1064808.61,last_posted_transaction_or_prior_closing_balance,synb1_txn_15ec7ea97e9d83d5fd5c4dc3,trusted,weekday_rule,base_calendar,True,401,2026-05-12,complete
2026-05-12,0.00,68303.58,1,996505.03,last_posted_transaction_or_prior_closing_balance,synb1_txn_636260a52c49670c78cb1b74,trusted,weekday_rule,base_calendar,True,402,2026-05-13,complete
2026-05-13,99019.09,1695.40,2,1093828.72,last_posted_transaction_or_prior_closing_balance,synb1_txn_42ad09711c875efce1396323,trusted,weekday_rule,base_calendar,True,403,2026-05-14,complete
2026-05-14,0.00,77479.50,1,1016349.22,last_posted_transaction_or_prior_closing_balance,synb1_txn_57a5dba7b96441841ab3ad15,trusted,weekday_rule,base_calendar,True,404,2026-05-15,complete
2026-05-15,0.00,0.00,0,1016349.22,last_posted_transaction_or_prior_closing_balance,,trusted,weekday_rule,base_calendar,True,405,2026-05-17,complete
2026-05-16,0.00,0.00,0,1016349.22,last_posted_transaction_or_prior_closing_balance,,trusted,weekday_rule,base_calendar,False,,,complete
2026-05-17,0.00,1445.33,1,1014903.89,last_posted_transaction_or_prior_closing_balance,synb1_txn_376f70f73e515ca7efd1b720,trusted,historical_transaction_override,historical_transaction_override,True,406,2026-05-18,complete
2026-05-18,0.00,0.00,0,1014903.89,last_posted_transaction_or_prior_closing_balance,,trusted,weekday_rule,base_calendar,True,407,2026-05-19,complete
2026-05-19,0.00,0.00,0,1014903.89,last_posted_transaction_or_prior_closing_balance,,trusted,weekday_rule,base_calendar,True,408,2026-05-20,complete
2026-05-20,0.00,2089.56,1,1012814.33,last_posted_transaction_or_prior_closing_balance,synb1_txn_18dfbb4125fc408aa7309165,trusted,weekday_rule,base_calendar,True,409,2026-05-21,complete
2026-05-21,0.00,7885.15,1,1004929.18,last_posted_transaction_or_prior_closing_balance,synb1_txn_14148f7964b1a0e4ea0a279f,trusted,weekday_rule,base_calendar,True,410,2026-05-22,complete
2026-05-22,0.00,0.00,0,1004929.18,last_posted_transaction_or_prior_closing_balance,,trusted,weekday_rule,base_calendar,True,411,2026-05-25,complete
2026-05-23,0.00,0.00,0,1004929.18,last_posted_transaction_or_prior_closing_balance,,trusted,weekday_rule,base_calendar,False,,,complete
2026-05-24,0.00,0.00,0,1004929.18,last_posted_transaction_or_prior_closing_balance,,trusted,weekday_rule,base_calendar,False,,,complete
2026-05-25,0.00,0.00,0,1004929.18,last_posted_transaction_or_prior_closing_balance,,trusted,weekday_rule,base_calendar,True,412,2026-05-26,complete
2026-05-26,0.00,0.00,0,1004929.18,last_posted_transaction_or_prior_closing_balance,,trusted,weekday_rule,base_calendar,True,413,2026-05-27,complete
2026-05-27,121101.73,0.00,1,1126030.91,last_posted_transaction_or_prior_closing_balance,synb1_txn_d17cbe5b200f2d333879e665,trusted,weekday_rule,base_calendar,True,414,2026-05-28,complete
2026-05-28,0.00,110677.19,4,1015353.72,last_posted_transaction_or_prior_closing_balance,synb1_txn_bbba72dd7297bd37a26785eb,trusted,weekday_rule,base_calendar,True,415,2026-05-29,complete
2026-05-29,103604.94,0.00,1,1118958.66,last_posted_transaction_or_prior_closing_balance,synb1_txn_18b695b8e4d622fa1f22df1d,trusted,weekday_rule,base_calendar,True,416,2026-06-01,complete
2026-05-30,0.00,0.00,0,1118958.66,last_posted_transaction_or_prior_closing_balance,,trusted,weekday_rule,base_calendar,False,,,complete
2026-05-31,0.00,0.00,0,1118958.66,last_posted_transaction_or_prior_closing_balance,,trusted,weekday_rule,base_calendar,False,,,complete
2026-06-01,0.00,0.00,0,1118958.66,last_posted_transaction_or_prior_closing_balance,,trusted,weekday_rule,base_calendar,True,417,2026-06-02,complete
2026-06-02,0.00,0.00,0,1118958.66,last_posted_transaction_or_prior_closing_balance,,trusted,weekday_rule,base_calendar,True,418,2026-06-03,complete
2026-06-03,0.00,0.00,0,1118958.66,last_posted_transaction_or_prior_closing_balance,,trusted,weekday_rule,base_calendar,True,419,2026-06-04,complete
2026-06-04,0.00,0.00,0,1118958.66,last_posted_transaction_or_prior_closing_balance,,trusted,weekday_rule,base_calendar,True,420,2026-06-05,complete
2026-06-05,0.00,0.00,0,1118958.66,last_posted_transaction_or_prior_closing_balance,,trusted,weekday_rule,base_calendar,True,421,2026-06-06,complete
2026-06-06,0.00,7764.66,1,1111194.00,last_posted_transaction_or_prior_closing_balance,synb1_txn_afc08f45b3831e72049f085f,trusted,historical_transaction_override,historical_transaction_override,True,422,2026-06-08,complete
2026-06-07,0.00,0.00,0,1111194.00,last_posted_transaction_or_prior_closing_balance,,trusted,weekday_rule,base_calendar,False,,,complete
2026-06-08,0.00,0.00,0,1111194.00,last_posted_transaction_or_prior_closing_balance,,trusted,weekday_rule,base_calendar,True,423,2026-06-09,complete
2026-06-09,0.00,65930.53,1,1045263.47,last_posted_transaction_or_prior_closing_balance,synb1_txn_db21e6a15a87f1d9550047f9,trusted,weekday_rule,base_calendar,True,424,2026-06-10,complete
2026-06-10,0.00,0.00,0,1045263.47,last_posted_transaction_or_prior_closing_balance,,trusted,weekday_rule,base_calendar,True,425,2026-06-11,complete
2026-06-11,0.00,0.00,0,1045263.47,last_posted_transaction_or_prior_closing_balance,,trusted,weekday_rule,base_calendar,True,426,2026-06-12,complete
2026-06-12,96695.05,0.00,1,1141958.52,last_posted_transaction_or_prior_closing_balance,synb1_txn_340574b71a6e17c99502b0b9,trusted,weekday_rule,base_calendar,True,427,2026-06-13,complete
2026-06-13,104214.37,0.00,1,1246172.89,last_posted_transaction_or_prior_closing_balance,synb1_txn_aa32dec7ff4041fc414ad77f,trusted,historical_transaction_override,historical_transaction_override,True,428,2026-06-14,complete
2026-06-14,0.00,1481.16,1,1244691.73,last_posted_transaction_or_prior_closing_balance,synb1_txn_c4d1a1cc914ddece12b27b19,trusted,historical_transaction_override,historical_transaction_override,True,429,2026-06-15,complete
2026-06-15,0.00,1717.45,1,1242974.28,last_posted_transaction_or_prior_closing_balance,synb1_txn_b40071aa1b8b7a98cbefcce7,trusted,weekday_rule,base_calendar,True,430,2026-06-16,complete
2026-06-16,0.00,0.00,0,1242974.28,last_posted_transaction_or_prior_closing_balance,,trusted,weekday_rule,base_calendar,True,431,2026-06-17,complete
2026-06-17,0.00,0.00,0,1242974.28,last_posted_transaction_or_prior_closing_balance,,trusted,weekday_rule,base_calendar,True,432,2026-06-18,complete
2026-06-18,0.00,0.00,0,1242974.28,last_posted_transaction_or_prior_closing_balance,,trusted,weekday_rule,base_calendar,True,433,2026-06-20,complete
2026-06-19,0.00,0.00,0,1242974.28,last_posted_transaction_or_prior_closing_balance,,trusted,gov_cn_2026_holiday_schedule_v1,base_calendar,False,,,complete
2026-06-20,0.00,9139.21,1,1233835.07,last_posted_transaction_or_prior_closing_balance,synb1_txn_0cf06050162960c9e1b0ed66,trusted,historical_transaction_override,historical_transaction_override,True,434,2026-06-21,complete
2026-06-21,0.00,82788.70,1,1151046.37,last_posted_transaction_or_prior_closing_balance,synb1_txn_8bb1430d656e73f0fa7fa2b9,trusted,historical_transaction_override,historical_transaction_override,True,435,2026-06-22,complete
2026-06-22,0.00,0.00,0,1151046.37,last_posted_transaction_or_prior_closing_balance,,trusted,weekday_rule,base_calendar,True,436,2026-06-23,complete
2026-06-23,0.00,0.00,0,1151046.37,last_posted_transaction_or_prior_closing_balance,,trusted,weekday_rule,base_calendar,True,437,2026-06-24,complete
2026-06-24,0.00,2141.56,1,1148904.81,last_posted_transaction_or_prior_closing_balance,synb1_txn_8e0cae0363f4125a02c85285,trusted,weekday_rule,base_calendar,True,438,2026-06-25,complete
2026-06-25,0.00,86930.82,3,1061973.99,last_posted_transaction_or_prior_closing_balance,synb1_txn_e54ac227a5273028bf549b1f,trusted,weekday_rule,base_calendar,True,439,2026-06-26,complete
2026-06-26,112675.06,92789.97,2,1081859.08,last_posted_transaction_or_prior_closing_balance,synb1_txn_bb6ad32d5bd59116521c92f7,trusted,weekday_rule,base_calendar,True,440,2026-06-27,complete
2026-06-27,126600.16,0.00,1,1208459.24,last_posted_transaction_or_prior_closing_balance,synb1_txn_72c8f3fd83e867534b3c2b9d,trusted,historical_transaction_override,historical_transaction_override,True,441,2026-06-28,complete
2026-06-28,0.00,7500.54,1,1200958.70,last_posted_transaction_or_prior_closing_balance,synb1_txn_2893d0b0dba84c27fb41b8c5,trusted,historical_transaction_override,historical_transaction_override,True,442,2026-06-29,complete
2026-06-29,0.00,21301.01,3,1179657.69,last_posted_transaction_or_prior_closing_balance,synb1_txn_e5c5f9964c761d5149a19625,trusted,weekday_rule,base_calendar,True,443,2026-06-30,complete
2026-06-30,0.00,0.00,0,1179657.69,last_posted_transaction_or_prior_closing_balance,,trusted,weekday_rule,base_calendar,True,444,2026-07-01,complete
2026-07-01,0.00,76542.43,1,1103115.26,last_posted_transaction_or_prior_closing_balance,synb1_txn_d07ffa76bc5569c8ae993bda,trusted,weekday_rule,base_calendar,True,445,2026-07-02,complete
2026-07-02,0.00,0.00,0,1103115.26,last_posted_transaction_or_prior_closing_balance,,trusted,weekday_rule,base_calendar,True,446,2026-07-03,complete
2026-07-03,0.00,89374.00,1,1013741.26,last_posted_transaction_or_prior_closing_balance,synb1_txn_8301f66a4512c92e36f02ba6,trusted,weekday_rule,base_calendar,True,447,2026-07-04,complete
2026-07-04,0.00,10746.18,3,1002995.08,last_posted_transaction_or_prior_closing_balance,synb1_txn_39a51440e4517e7434e75b5c,trusted,historical_transaction_override,historical_transaction_override,True,448,2026-07-05,complete
2026-07-05,0.00,12842.08,3,990153.00,last_posted_transaction_or_prior_closing_balance,synb1_txn_de1ea28468d11d20a96fb8a9,trusted,historical_transaction_override,historical_transaction_override,True,449,2026-07-06,complete
2026-07-06,0.00,0.00,0,990153.00,last_posted_transaction_or_prior_closing_balance,,trusted,weekday_rule,base_calendar,True,450,2026-07-07,complete
2026-07-07,0.00,0.00,0,990153.00,last_posted_transaction_or_prior_closing_balance,,trusted,weekday_rule,base_calendar,True,451,2026-07-08,complete
2026-07-08,0.00,75887.36,1,914265.64,last_posted_transaction_or_prior_closing_balance,synb1_txn_9369d348525facda8f3fd8ee,trusted,weekday_rule,base_calendar,True,452,2026-07-09,complete
2026-07-09,0.00,0.00,0,914265.64,last_posted_transaction_or_prior_closing_balance,,trusted,weekday_rule,base_calendar,True,453,2026-07-10,complete
2026-07-10,0.00,0.00,0,914265.64,last_posted_transaction_or_prior_closing_balance,,trusted,weekday_rule,base_calendar,True,454,2026-07-11,complete
2026-07-11,116045.33,0.00,1,1030310.97,last_posted_transaction_or_prior_closing_balance,synb1_txn_21ed1b093db32ccefed0b79a,trusted,historical_transaction_override,historical_transaction_override,True,455,2026-07-13,complete
2026-07-12,0.00,0.00,0,1030310.97,last_posted_transaction_or_prior_closing_balance,,trusted,weekday_rule,base_calendar,False,,,complete
2026-07-13,0.00,0.00,0,1030310.97,last_posted_transaction_or_prior_closing_balance,,trusted,weekday_rule,base_calendar,True,456,2026-07-14,complete
2026-07-14,0.00,0.00,0,1030310.97,last_posted_transaction_or_prior_closing_balance,,trusted,weekday_rule,base_calendar,True,457,2026-07-15,complete
2026-07-15,0.00,0.00,0,1030310.97,last_posted_transaction_or_prior_closing_balance,,trusted,weekday_rule,base_calendar,True,458,2026-07-16,complete
2026-07-16,0.00,7103.60,1,1023207.37,last_posted_transaction_or_prior_closing_balance,synb1_txn_809e32b53653db4c0d3e3e86,trusted,weekday_rule,base_calendar,True,459,2026-07-17,complete
2026-07-17,0.00,0.00,0,1023207.37,last_posted_transaction_or_prior_closing_balance,,trusted,weekday_rule,base_calendar,True,460,2026-07-18,complete
2026-07-18,0.00,9833.82,1,1013373.55,last_posted_transaction_or_prior_closing_balance,synb1_txn_3fb0e4b515979c8dcc34fbc0,trusted,historical_transaction_override,historical_transaction_override,True,461,2026-07-20,complete
2026-07-19,0.00,0.00,0,1013373.55,last_posted_transaction_or_prior_closing_balance,,trusted,weekday_rule,base_calendar,False,,,complete
2026-07-20,0.00,0.00,0,1013373.55,last_posted_transaction_or_prior_closing_balance,,trusted,weekday_rule,base_calendar,True,462,2026-07-21,complete
2026-07-21,0.00,0.00,0,1013373.55,last_posted_transaction_or_prior_closing_balance,,trusted,weekday_rule,base_calendar,True,463,2026-07-22,complete
2026-07-22,0.00,0.00,0,1013373.55,last_posted_transaction_or_prior_closing_balance,,trusted,weekday_rule,base_calendar,True,464,2026-07-23,complete
2026-07-23,0.00,0.00,0,1013373.55,last_posted_transaction_or_prior_closing_balance,,trusted,weekday_rule,base_calendar,True,465,2026-07-24,complete
2026-07-24,111453.15,0.00,1,1124826.70,last_posted_transaction_or_prior_closing_balance,synb1_txn_1709ce9b4a740e110a520aae,trusted,weekday_rule,base_calendar,True,466,2026-07-25,complete
2026-07-25,0.00,72165.05,1,1052661.65,last_posted_transaction_or_prior_closing_balance,synb1_txn_2ca2a91bf7159db19874a23f,trusted,historical_transaction_override,historical_transaction_override,True,467,2026-07-27,complete
2026-07-26,0.00,0.00,0,1052661.65,last_posted_transaction_or_prior_closing_balance,,trusted,weekday_rule,base_calendar,False,,,complete
2026-07-27,0.00,0.00,0,1052661.65,last_posted_transaction_or_prior_closing_balance,,trusted,weekday_rule,base_calendar,True,468,2026-07-28,complete
2026-07-28,0.00,21149.53,3,1031512.12,last_posted_transaction_or_prior_closing_balance,synb1_txn_5bad200ebce81fe5b9f3b7e9,trusted,weekday_rule,base_calendar,True,469,2026-07-29,complete
2026-07-29,0.00,0.00,0,1031512.12,last_posted_transaction_or_prior_closing_balance,,trusted,weekday_rule,base_calendar,True,470,2026-07-30,complete
2026-07-30,95937.14,0.00,1,1127449.26,last_posted_transaction_or_prior_closing_balance,synb1_txn_bc1e41e5f0095208bc3cbfbe,trusted,weekday_rule,base_calendar,True,471,2026-07-31,complete
2026-07-31,114201.50,0.00,1,1241650.76,last_posted_transaction_or_prior_closing_balance,synb1_txn_652fe788426ed19d1de63c04,trusted,weekday_rule,base_calendar,True,472,2026-08-01,complete
2026-08-01,0.00,1686.39,1,1239964.37,last_posted_transaction_or_prior_closing_balance,synb1_txn_c3c2bd8c00c3834f8bd36fdd,trusted,historical_transaction_override,historical_transaction_override,True,473,2026-08-03,complete
2026-08-02,0.00,0.00,0,1239964.37,last_posted_transaction_or_prior_closing_balance,,trusted,weekday_rule,base_calendar,False,,,complete
2026-08-03,0.00,0.00,0,1239964.37,last_posted_transaction_or_prior_closing_balance,,trusted,weekday_rule,base_calendar,True,474,2026-08-04,complete
2026-08-04,113329.15,1614.47,2,1351679.05,last_posted_transaction_or_prior_closing_balance,synb1_txn_291622390023d7327582b9c0,trusted,weekday_rule,base_calendar,True,475,2026-08-05,complete
2026-08-05,0.00,9230.30,1,1342448.75,last_posted_transaction_or_prior_closing_balance,synb1_txn_028b1a9feadc195c7d911b6b,trusted,weekday_rule,base_calendar,True,476,2026-08-06,complete
2026-08-06,0.00,11110.68,2,1331338.07,last_posted_transaction_or_prior_closing_balance,synb1_txn_5be81611cd09dad2c6d44a5e,trusted,weekday_rule,base_calendar,True,477,2026-08-07,complete
2026-08-07,0.00,0.00,0,1331338.07,last_posted_transaction_or_prior_closing_balance,,trusted,weekday_rule,base_calendar,True,478,2026-08-10,complete
2026-08-08,0.00,0.00,0,1331338.07,last_posted_transaction_or_prior_closing_balance,,trusted,weekday_rule,base_calendar,False,,,complete
2026-08-09,0.00,0.00,0,1331338.07,last_posted_transaction_or_prior_closing_balance,,trusted,weekday_rule,base_calendar,False,,,complete
2026-08-10,0.00,0.00,0,1331338.07,last_posted_transaction_or_prior_closing_balance,,trusted,weekday_rule,base_calendar,True,479,2026-08-11,complete
2026-08-11,0.00,0.00,0,1331338.07,last_posted_transaction_or_prior_closing_balance,,trusted,weekday_rule,base_calendar,True,480,2026-08-12,complete
2026-08-12,0.00,0.00,0,1331338.07,last_posted_transaction_or_prior_closing_balance,,trusted,weekday_rule,base_calendar,True,481,2026-08-13,complete
2026-08-13,0.00,71915.13,1,1259422.94,last_posted_transaction_or_prior_closing_balance,synb1_txn_9a569b5628b980677b973f0d,trusted,weekday_rule,base_calendar,True,482,2026-08-14,complete
2026-08-14,0.00,0.00,0,1259422.94,last_posted_transaction_or_prior_closing_balance,,trusted,weekday_rule,base_calendar,True,483,2026-08-15,complete
2026-08-15,0.00,163282.52,2,1096140.42,last_posted_transaction_or_prior_closing_balance,synb1_txn_68cf6101f634d543e1e17b50,trusted,historical_transaction_override,historical_transaction_override,True,484,2026-08-17,complete
2026-08-16,0.00,0.00,0,1096140.42,last_posted_transaction_or_prior_closing_balance,,trusted,weekday_rule,base_calendar,False,,,complete
2026-08-17,0.00,0.00,0,1096140.42,last_posted_transaction_or_prior_closing_balance,,trusted,weekday_rule,base_calendar,True,485,2026-08-18,complete
2026-08-18,124702.72,8148.74,3,1212694.40,last_posted_transaction_or_prior_closing_balance,synb1_txn_fb666a51b5c77bbd746dcfb0,trusted,weekday_rule,base_calendar,True,486,2026-08-19,complete
2026-08-19,0.00,0.00,0,1212694.40,last_posted_transaction_or_prior_closing_balance,,trusted,weekday_rule,base_calendar,True,487,2026-08-20,complete
2026-08-20,0.00,0.00,0,1212694.40,last_posted_transaction_or_prior_closing_balance,,trusted,weekday_rule,base_calendar,True,488,2026-08-21,complete
2026-08-21,0.00,0.00,0,1212694.40,last_posted_transaction_or_prior_closing_balance,,trusted,weekday_rule,base_calendar,True,489,2026-08-24,complete
2026-08-22,0.00,0.00,0,1212694.40,last_posted_transaction_or_prior_closing_balance,,trusted,weekday_rule,base_calendar,False,,,complete
2026-08-23,0.00,0.00,0,1212694.40,last_posted_transaction_or_prior_closing_balance,,trusted,weekday_rule,base_calendar,False,,,complete
2026-08-24,0.00,0.00,0,1212694.40,last_posted_transaction_or_prior_closing_balance,,trusted,weekday_rule,base_calendar,True,490,2026-08-25,complete
2026-08-25,0.00,8735.10,1,1203959.30,last_posted_transaction_or_prior_closing_balance,synb1_txn_d9883c4c806f91bf3e395e0c,trusted,weekday_rule,base_calendar,True,491,2026-08-26,complete
2026-08-26,101235.27,0.00,1,1305194.57,last_posted_transaction_or_prior_closing_balance,synb1_txn_59f6b436f82dc7ae5c38ab3f,trusted,weekday_rule,base_calendar,True,492,2026-08-27,complete
2026-08-27,0.00,0.00,0,1305194.57,last_posted_transaction_or_prior_closing_balance,,trusted,weekday_rule,base_calendar,True,493,2026-08-28,complete
2026-08-28,95554.30,20980.22,4,1379768.65,last_posted_transaction_or_prior_closing_balance,synb1_txn_da53960b3e32682e245371c2,trusted,weekday_rule,base_calendar,True,494,2026-08-31,complete
2026-08-29,0.00,0.00,0,1379768.65,last_posted_transaction_or_prior_closing_balance,,trusted,weekday_rule,base_calendar,False,,,complete
2026-08-30,0.00,0.00,0,1379768.65,last_posted_transaction_or_prior_closing_balance,,trusted,weekday_rule,base_calendar,False,,,complete
2026-08-31,0.00,72092.21,1,1307676.44,last_posted_transaction_or_prior_closing_balance,synb1_txn_4d7437723376502c82b7c79c,trusted,weekday_rule,base_calendar,True,495,2026-09-01,complete
2026-09-01,0.00,0.00,0,1307676.44,last_posted_transaction_or_prior_closing_balance,,trusted,weekday_rule,base_calendar,True,496,2026-09-02,complete
2026-09-02,0.00,0.00,0,1307676.44,last_posted_transaction_or_prior_closing_balance,,trusted,weekday_rule,base_calendar,True,497,2026-09-03,complete
2026-09-03,0.00,0.00,0,1307676.44,last_posted_transaction_or_prior_closing_balance,,trusted,weekday_rule,base_calendar,True,498,2026-09-04,complete
2026-09-04,0.00,0.00,0,1307676.44,last_posted_transaction_or_prior_closing_balance,,trusted,weekday_rule,base_calendar,True,499,2026-09-06,complete
2026-09-05,0.00,0.00,0,1307676.44,last_posted_transaction_or_prior_closing_balance,,trusted,weekday_rule,base_calendar,False,,,complete
2026-09-06,0.00,1848.18,1,1305828.26,last_posted_transaction_or_prior_closing_balance,synb1_txn_a16bd032e8c9bf62cb21b549,trusted,historical_transaction_override,historical_transaction_override,True,500,2026-09-07,complete
2026-09-07,0.00,0.00,0,1305828.26,last_posted_transaction_or_prior_closing_balance,,trusted,weekday_rule,base_calendar,True,501,2026-09-08,complete
2026-09-08,0.00,0.00,0,1305828.26,last_posted_transaction_or_prior_closing_balance,,trusted,weekday_rule,base_calendar,True,502,2026-09-09,complete
2026-09-09,118778.22,8336.31,2,1416270.17,last_posted_transaction_or_prior_closing_balance,synb1_txn_dae82d662a445c42950794af,trusted,weekday_rule,base_calendar,True,503,2026-09-10,complete
2026-09-10,0.00,87800.36,2,1328469.81,last_posted_transaction_or_prior_closing_balance,synb1_txn_f82c9d9e91a7a424e635b707,trusted,weekday_rule,base_calendar,True,504,2026-09-11,complete
2026-09-11,96456.51,0.00,1,1424926.32,last_posted_transaction_or_prior_closing_balance,synb1_txn_0e4399538820a30ddbf2ebcb,trusted,weekday_rule,base_calendar,True,505,2026-09-14,complete
2026-09-12,0.00,0.00,0,1424926.32,last_posted_transaction_or_prior_closing_balance,,trusted,weekday_rule,base_calendar,False,,,complete
2026-09-13,0.00,0.00,0,1424926.32,last_posted_transaction_or_prior_closing_balance,,trusted,weekday_rule,base_calendar,False,,,complete
2026-09-14,0.00,0.00,0,1424926.32,last_posted_transaction_or_prior_closing_balance,,trusted,weekday_rule,base_calendar,True,506,2026-09-15,complete
2026-09-15,0.00,1710.24,1,1423216.08,last_posted_transaction_or_prior_closing_balance,synb1_txn_8fa2fac7aed3c3422339ddde,trusted,weekday_rule,base_calendar,True,507,2026-09-16,complete
2026-09-16,0.00,0.00,0,1423216.08,last_posted_transaction_or_prior_closing_balance,,trusted,weekday_rule,base_calendar,True,508,2026-09-17,complete
2026-09-17,0.00,0.00,0,1423216.08,last_posted_transaction_or_prior_closing_balance,,trusted,weekday_rule,base_calendar,True,509,2026-09-18,complete
2026-09-18,0.00,72418.96,1,1350797.12,last_posted_transaction_or_prior_closing_balance,synb1_txn_8a2cb97cb805c8ad2e4c8596,trusted,weekday_rule,base_calendar,True,510,2026-09-19,complete
2026-09-19,117762.51,0.00,1,1468559.63,last_posted_transaction_or_prior_closing_balance,synb1_txn_583e3c127724e67596befebe,trusted,historical_transaction_override,historical_transaction_override,True,511,2026-09-20,complete
2026-09-20,0.00,0.00,0,1468559.63,last_posted_transaction_or_prior_closing_balance,,trusted,gov_cn_2026_holiday_schedule_v1,base_calendar,True,512,2026-09-21,complete
2026-09-21,0.00,0.00,0,1468559.63,last_posted_transaction_or_prior_closing_balance,,trusted,weekday_rule,base_calendar,True,513,2026-09-22,complete
2026-09-22,117511.56,1515.05,2,1584556.14,last_posted_transaction_or_prior_closing_balance,synb1_txn_8eb12fe350411a28ca7e335a,trusted,weekday_rule,base_calendar,True,514,2026-09-23,complete
2026-09-23,0.00,76955.86,1,1507600.28,last_posted_transaction_or_prior_closing_balance,synb1_txn_9cd7b2fa969c245cb08a09e5,trusted,weekday_rule,base_calendar,True,515,2026-09-24,complete
2026-09-24,0.00,18265.21,2,1489335.07,last_posted_transaction_or_prior_closing_balance,synb1_txn_29e8f071507554e1950bdc6b,trusted,weekday_rule,base_calendar,True,516,2026-09-28,complete
2026-09-25,0.00,0.00,0,1489335.07,last_posted_transaction_or_prior_closing_balance,,trusted,gov_cn_2026_holiday_schedule_v1,base_calendar,False,,,complete
2026-09-26,0.00,0.00,0,1489335.07,last_posted_transaction_or_prior_closing_balance,,trusted,gov_cn_2026_holiday_schedule_v1,base_calendar,False,,,complete
2026-09-27,0.00,0.00,0,1489335.07,last_posted_transaction_or_prior_closing_balance,,trusted,gov_cn_2026_holiday_schedule_v1,base_calendar,False,,,complete
2026-09-28,0.00,20793.09,3,1468541.98,last_posted_transaction_or_prior_closing_balance,synb1_txn_41a611667c68eb29860bb96e,trusted,weekday_rule,base_calendar,True,517,2026-09-29,complete
2026-09-29,0.00,83685.71,2,1384856.27,last_posted_transaction_or_prior_closing_balance,synb1_txn_17bdb7a059fcb131dc7d2bd7,trusted,weekday_rule,base_calendar,True,518,2026-09-30,complete
2026-09-30,0.00,0.00,0,1384856.27,last_posted_transaction_or_prior_closing_balance,,trusted,weekday_rule,base_calendar,True,519,2026-10-02,complete
2026-10-01,0.00,0.00,0,1384856.27,last_posted_transaction_or_prior_closing_balance,,trusted,gov_cn_2026_holiday_schedule_v1,base_calendar,False,,,complete
2026-10-02,101023.69,1907.95,2,1483972.01,last_posted_transaction_or_prior_closing_balance,synb1_txn_49d9a36e679ec7b7d7fb9339,trusted,historical_transaction_override,historical_transaction_override,True,520,2026-10-03,complete
2026-10-03,0.00,81252.91,1,1402719.10,last_posted_transaction_or_prior_closing_balance,synb1_txn_b7d4064383fc539253db7752,trusted,historical_transaction_override,historical_transaction_override,True,521,2026-10-05,complete
2026-10-04,0.00,0.00,0,1402719.10,last_posted_transaction_or_prior_closing_balance,,trusted,gov_cn_2026_holiday_schedule_v1,base_calendar,False,,,complete
2026-10-05,0.00,9130.35,1,1393588.75,last_posted_transaction_or_prior_closing_balance,synb1_txn_b322215f353fcb7c57686034,trusted,historical_transaction_override,historical_transaction_override,True,522,2026-10-06,complete
2026-10-06,118477.94,1710.13,2,1510356.56,last_posted_transaction_or_prior_closing_balance,synb1_txn_435d4efe4e2ea61b420fe55c,trusted,historical_transaction_override,historical_transaction_override,True,523,2026-10-08,complete
2026-10-07,0.00,0.00,0,1510356.56,last_posted_transaction_or_prior_closing_balance,,trusted,gov_cn_2026_holiday_schedule_v1,base_calendar,False,,,complete
2026-10-08,0.00,0.00,0,1510356.56,last_posted_transaction_or_prior_closing_balance,,trusted,weekday_rule,base_calendar,True,524,2026-10-09,complete
2026-10-09,0.00,0.00,0,1510356.56,last_posted_transaction_or_prior_closing_balance,,trusted,weekday_rule,base_calendar,True,525,2026-10-10,complete
2026-10-10,0.00,0.00,0,1510356.56,last_posted_transaction_or_prior_closing_balance,,trusted,gov_cn_2026_holiday_schedule_v1,base_calendar,True,526,2026-10-11,complete
2026-10-11,0.00,9240.30,1,1501116.26,last_posted_transaction_or_prior_closing_balance,synb1_txn_dd6924ef549b2b5906dcc495,trusted,historical_transaction_override,historical_transaction_override,True,527,2026-10-12,complete
2026-10-12,0.00,9491.85,2,1491624.41,last_posted_transaction_or_prior_closing_balance,synb1_txn_62ae94f447ea1cdb37b0cfbd,trusted,weekday_rule,base_calendar,True,528,2026-10-13,complete
2026-10-13,0.00,73665.83,1,1417958.58,last_posted_transaction_or_prior_closing_balance,synb1_txn_962e4a3067d0e4aa6f1a6a29,trusted,weekday_rule,base_calendar,True,529,2026-10-14,complete
2026-10-14,0.00,0.00,0,1417958.58,last_posted_transaction_or_prior_closing_balance,,trusted,weekday_rule,base_calendar,True,530,2026-10-15,complete
2026-10-15,0.00,0.00,0,1417958.58,last_posted_transaction_or_prior_closing_balance,,trusted,weekday_rule,base_calendar,True,531,2026-10-16,complete
2026-10-16,0.00,0.00,0,1417958.58,last_posted_transaction_or_prior_closing_balance,,trusted,weekday_rule,base_calendar,True,532,2026-10-19,complete
2026-10-17,0.00,0.00,0,1417958.58,last_posted_transaction_or_prior_closing_balance,,trusted,weekday_rule,base_calendar,False,,,complete
2026-10-18,0.00,0.00,0,1417958.58,last_posted_transaction_or_prior_closing_balance,,trusted,weekday_rule,base_calendar,False,,,complete
2026-10-19,0.00,0.00,0,1417958.58,last_posted_transaction_or_prior_closing_balance,,trusted,weekday_rule,base_calendar,True,533,2026-10-20,complete
2026-10-20,0.00,0.00,0,1417958.58,last_posted_transaction_or_prior_closing_balance,,trusted,weekday_rule,base_calendar,True,534,2026-10-21,complete
2026-10-21,0.00,1549.43,1,1416409.15,last_posted_transaction_or_prior_closing_balance,synb1_txn_cf987fad4303489b42cf5b81,trusted,weekday_rule,base_calendar,True,535,2026-10-22,complete
2026-10-22,0.00,0.00,0,1416409.15,last_posted_transaction_or_prior_closing_balance,,trusted,weekday_rule,base_calendar,True,536,2026-10-23,complete
2026-10-23,0.00,7495.67,1,1408913.48,last_posted_transaction_or_prior_closing_balance,synb1_txn_9d0675f473252265664d61c0,trusted,weekday_rule,base_calendar,True,537,2026-10-25,complete
2026-10-24,0.00,0.00,0,1408913.48,last_posted_transaction_or_prior_closing_balance,,trusted,weekday_rule,base_calendar,False,,,complete
2026-10-25,0.00,73007.41,1,1335906.07,last_posted_transaction_or_prior_closing_balance,synb1_txn_335bdd999f4a1072bbd5eb2d,trusted,historical_transaction_override,historical_transaction_override,True,538,2026-10-26,complete
2026-10-26,0.00,0.00,0,1335906.07,last_posted_transaction_or_prior_closing_balance,,trusted,weekday_rule,base_calendar,True,539,2026-10-27,complete
2026-10-27,0.00,0.00,0,1335906.07,last_posted_transaction_or_prior_closing_balance,,trusted,weekday_rule,base_calendar,True,540,2026-10-28,complete
2026-10-28,0.00,111984.82,4,1223921.25,last_posted_transaction_or_prior_closing_balance,synb1_txn_507e373f01f5c10adacfe181,trusted,weekday_rule,base_calendar,True,541,2026-10-29,complete
2026-10-29,116753.39,0.00,1,1340674.64,last_posted_transaction_or_prior_closing_balance,synb1_txn_5cb163075244d63527187404,trusted,weekday_rule,base_calendar,True,542,2026-10-30,complete
2026-10-30,0.00,0.00,0,1340674.64,last_posted_transaction_or_prior_closing_balance,,trusted,weekday_rule,base_calendar,True,543,2026-10-31,complete
2026-10-31,130209.30,0.00,1,1470883.94,last_posted_transaction_or_prior_closing_balance,synb1_txn_dd953712969e799d6446a3c5,trusted,historical_transaction_override,historical_transaction_override,True,544,2026-11-02,complete
2026-11-01,0.00,0.00,0,1470883.94,last_posted_transaction_or_prior_closing_balance,,trusted,weekday_rule,base_calendar,False,,,complete
2026-11-02,0.00,0.00,0,1470883.94,last_posted_transaction_or_prior_closing_balance,,trusted,weekday_rule,base_calendar,True,545,2026-11-03,complete
2026-11-03,0.00,0.00,0,1470883.94,last_posted_transaction_or_prior_closing_balance,,trusted,weekday_rule,base_calendar,True,546,2026-11-04,complete
2026-11-04,0.00,0.00,0,1470883.94,last_posted_transaction_or_prior_closing_balance,,trusted,weekday_rule,base_calendar,True,547,2026-11-05,complete
2026-11-05,0.00,7069.49,1,1463814.45,last_posted_transaction_or_prior_closing_balance,synb1_txn_a2ec71f7139b9f1ad85b4c2d,trusted,weekday_rule,base_calendar,True,548,2026-11-06,complete
2026-11-06,115731.41,0.00,1,1579545.86,last_posted_transaction_or_prior_closing_balance,synb1_txn_fed5b653b72efc7e513b6763,trusted,weekday_rule,base_calendar,True,549,2026-11-08,complete
2026-11-07,0.00,0.00,0,1579545.86,last_posted_transaction_or_prior_closing_balance,,trusted,weekday_rule,base_calendar,False,,,complete
2026-11-08,0.00,1544.41,1,1578001.45,last_posted_transaction_or_prior_closing_balance,synb1_txn_29b9b6558a2c6124e3edb916,trusted,historical_transaction_override,historical_transaction_override,True,550,2026-11-09,complete
2026-11-09,0.00,0.00,0,1578001.45,last_posted_transaction_or_prior_closing_balance,,trusted,weekday_rule,base_calendar,True,551,2026-11-10,complete
2026-11-10,121865.99,84221.78,2,1615645.66,last_posted_transaction_or_prior_closing_balance,synb1_txn_427cc443ff33d56c3466e3f5,trusted,weekday_rule,base_calendar,True,552,2026-11-11,complete
2026-11-11,0.00,0.00,0,1615645.66,last_posted_transaction_or_prior_closing_balance,,trusted,weekday_rule,base_calendar,True,553,2026-11-12,complete
2026-11-12,0.00,2104.59,1,1613541.07,last_posted_transaction_or_prior_closing_balance,synb1_txn_56fd311a345a7a80fac3bdbe,trusted,weekday_rule,base_calendar,True,554,2026-11-13,complete
2026-11-13,0.00,8774.84,1,1604766.23,last_posted_transaction_or_prior_closing_balance,synb1_txn_2d5ed5ebf80681426e3c604f,trusted,weekday_rule,base_calendar,True,555,2026-11-14,complete
2026-11-14,0.00,89968.67,1,1514797.56,last_posted_transaction_or_prior_closing_balance,synb1_txn_53c29f2583a0167be7f9bfce,trusted,historical_transaction_override,historical_transaction_override,True,556,2026-11-16,complete
2026-11-15,0.00,0.00,0,1514797.56,last_posted_transaction_or_prior_closing_balance,,trusted,weekday_rule,base_calendar,False,,,complete
2026-11-16,0.00,0.00,0,1514797.56,last_posted_transaction_or_prior_closing_balance,,trusted,weekday_rule,base_calendar,True,557,2026-11-17,complete
2026-11-17,0.00,0.00,0,1514797.56,last_posted_transaction_or_prior_closing_balance,,trusted,weekday_rule,base_calendar,True,558,2026-11-18,complete
2026-11-18,0.00,0.00,0,1514797.56,last_posted_transaction_or_prior_closing_balance,,trusted,weekday_rule,base_calendar,True,559,2026-11-19,complete
2026-11-19,122430.34,1544.03,2,1635683.87,last_posted_transaction_or_prior_closing_balance,synb1_txn_e763a4cb2e68a4d954d52c15,trusted,weekday_rule,base_calendar,True,560,2026-11-20,complete
2026-11-20,0.00,0.00,0,1635683.87,last_posted_transaction_or_prior_closing_balance,,trusted,weekday_rule,base_calendar,True,561,2026-11-22,complete
2026-11-21,0.00,0.00,0,1635683.87,last_posted_transaction_or_prior_closing_balance,,trusted,weekday_rule,base_calendar,False,,,complete
2026-11-22,0.00,88662.91,1,1547020.96,last_posted_transaction_or_prior_closing_balance,synb1_txn_5e4d8994439356a4a078fbac,trusted,historical_transaction_override,historical_transaction_override,True,562,2026-11-23,complete
2026-11-23,0.00,1812.65,1,1545208.31,last_posted_transaction_or_prior_closing_balance,synb1_txn_a2792dc9f9eec867d4e7f187,trusted,weekday_rule,base_calendar,True,563,2026-11-24,complete
2026-11-24,0.00,0.00,0,1545208.31,last_posted_transaction_or_prior_closing_balance,,trusted,weekday_rule,base_calendar,True,564,2026-11-25,complete
2026-11-25,0.00,0.00,0,1545208.31,last_posted_transaction_or_prior_closing_balance,,trusted,weekday_rule,base_calendar,True,565,2026-11-26,complete
2026-11-26,0.00,0.00,0,1545208.31,last_posted_transaction_or_prior_closing_balance,,trusted,weekday_rule,base_calendar,True,566,2026-11-27,complete
2026-11-27,0.00,17675.67,2,1527532.64,last_posted_transaction_or_prior_closing_balance,synb1_txn_a48bbd408bd6e123c031435b,trusted,weekday_rule,base_calendar,True,567,2026-11-28,complete
2026-11-28,122660.26,74944.78,2,1575248.12,last_posted_transaction_or_prior_closing_balance,synb1_txn_8ea037c7f2182f06c22bb0ad,trusted,historical_transaction_override,historical_transaction_override,True,568,2026-11-30,complete
2026-11-29,0.00,0.00,0,1575248.12,last_posted_transaction_or_prior_closing_balance,,trusted,weekday_rule,base_calendar,False,,,complete
2026-11-30,0.00,22896.07,3,1552352.05,last_posted_transaction_or_prior_closing_balance,synb1_txn_765f4b9aa0581d6e61c6d183,trusted,weekday_rule,base_calendar,True,569,2026-12-01,complete
2026-12-01,0.00,0.00,0,1552352.05,last_posted_transaction_or_prior_closing_balance,,trusted,weekday_rule,base_calendar,True,570,2026-12-02,complete
2026-12-02,0.00,7592.70,1,1544759.35,last_posted_transaction_or_prior_closing_balance,synb1_txn_b7cd50cbd7ff2c4f38cc2af8,trusted,weekday_rule,base_calendar,True,571,2026-12-03,complete
2026-12-03,0.00,0.00,0,1544759.35,last_posted_transaction_or_prior_closing_balance,,trusted,weekday_rule,base_calendar,True,572,2026-12-04,complete
2026-12-04,0.00,0.00,0,1544759.35,last_posted_transaction_or_prior_closing_balance,,trusted,weekday_rule,base_calendar,True,573,2026-12-07,complete
2026-12-05,0.00,0.00,0,1544759.35,last_posted_transaction_or_prior_closing_balance,,trusted,weekday_rule,base_calendar,False,,,complete
2026-12-06,0.00,0.00,0,1544759.35,last_posted_transaction_or_prior_closing_balance,,trusted,weekday_rule,base_calendar,False,,,complete
2026-12-07,0.00,0.00,0,1544759.35,last_posted_transaction_or_prior_closing_balance,,trusted,weekday_rule,base_calendar,True,574,2026-12-08,complete
2026-12-08,0.00,11031.53,2,1533727.82,last_posted_transaction_or_prior_closing_balance,synb1_txn_09b3d3b4a86911a078bf34fe,trusted,weekday_rule,base_calendar,True,575,2026-12-09,complete
2026-12-09,0.00,0.00,0,1533727.82,last_posted_transaction_or_prior_closing_balance,,trusted,weekday_rule,base_calendar,True,576,2026-12-10,complete
2026-12-10,0.00,0.00,0,1533727.82,last_posted_transaction_or_prior_closing_balance,,trusted,weekday_rule,base_calendar,True,577,2026-12-11,complete
2026-12-11,0.00,0.00,0,1533727.82,last_posted_transaction_or_prior_closing_balance,,trusted,weekday_rule,base_calendar,True,578,2026-12-12,complete
2026-12-12,0.00,1813.53,1,1531914.29,last_posted_transaction_or_prior_closing_balance,synb1_txn_d87bb31f304c53975e8e7bb5,trusted,historical_transaction_override,historical_transaction_override,True,579,2026-12-14,complete
2026-12-13,0.00,0.00,0,1531914.29,last_posted_transaction_or_prior_closing_balance,,trusted,weekday_rule,base_calendar,False,,,complete
2026-12-14,0.00,1676.75,1,1530237.54,last_posted_transaction_or_prior_closing_balance,synb1_txn_5fc86744b1a2d546d5ab5400,trusted,weekday_rule,base_calendar,True,580,2026-12-15,complete
2026-12-15,0.00,91646.16,2,1438591.38,last_posted_transaction_or_prior_closing_balance,synb1_txn_a2fd27a083bf19dbef3c3a36,trusted,weekday_rule,base_calendar,True,581,2026-12-16,complete
2026-12-16,0.00,9623.11,1,1428968.27,last_posted_transaction_or_prior_closing_balance,synb1_txn_8942a713bbc07dc41d1f8aab,trusted,weekday_rule,base_calendar,True,582,2026-12-17,complete
2026-12-17,0.00,0.00,0,1428968.27,last_posted_transaction_or_prior_closing_balance,,trusted,weekday_rule,base_calendar,True,583,2026-12-18,complete
2026-12-18,0.00,77523.43,1,1351444.84,last_posted_transaction_or_prior_closing_balance,synb1_txn_8265e22969b5dcfd47893f35,trusted,weekday_rule,base_calendar,True,584,2026-12-20,complete
2026-12-19,0.00,0.00,0,1351444.84,last_posted_transaction_or_prior_closing_balance,,trusted,weekday_rule,base_calendar,False,,,complete
2026-12-20,0.00,6939.46,1,1344505.38,last_posted_transaction_or_prior_closing_balance,synb1_txn_9778d11102c4ee3cdd42877a,trusted,historical_transaction_override,historical_transaction_override,True,585,2026-12-21,complete
2026-12-21,129233.59,0.00,1,1473738.97,last_posted_transaction_or_prior_closing_balance,synb1_txn_b1633dfb9a76e834ed0399bb,trusted,weekday_rule,base_calendar,True,586,2026-12-22,complete
2026-12-22,0.00,0.00,0,1473738.97,last_posted_transaction_or_prior_closing_balance,,trusted,weekday_rule,base_calendar,True,587,2026-12-23,complete
2026-12-23,0.00,0.00,0,1473738.97,last_posted_transaction_or_prior_closing_balance,,trusted,weekday_rule,base_calendar,True,588,2026-12-24,complete
2026-12-24,120710.05,0.00,1,1594449.02,last_posted_transaction_or_prior_closing_balance,synb1_txn_f427eac6b492f41046667db4,trusted,weekday_rule,base_calendar,True,589,2026-12-25,complete
2026-12-25,0.00,0.00,0,1594449.02,last_posted_transaction_or_prior_closing_balance,,trusted,weekday_rule,base_calendar,True,590,2026-12-26,complete
2026-12-26,116180.14,0.00,1,1710629.16,last_posted_transaction_or_prior_closing_balance,synb1_txn_2b6438beedff7557d71bd670,trusted,historical_transaction_override,historical_transaction_override,True,591,2026-12-27,complete
2026-12-27,0.00,88798.49,1,1621830.67,last_posted_transaction_or_prior_closing_balance,synb1_txn_4e40d16c30f28d26b76ed327,trusted,historical_transaction_override,historical_transaction_override,True,592,2026-12-28,complete
2026-12-28,0.00,23974.30,3,1597856.37,last_posted_transaction_or_prior_closing_balance,synb1_txn_65dcdb91de83e5be5034b987,trusted,weekday_rule,base_calendar,True,593,2026-12-29,complete
2026-12-29,0.00,0.00,0,1597856.37,last_posted_transaction_or_prior_closing_balance,,trusted,weekday_rule,base_calendar,True,594,2026-12-30,complete
2026-12-30,0.00,0.00,0,1597856.37,last_posted_transaction_or_prior_closing_balance,,trusted,weekday_rule,base_calendar,True,595,2026-12-31,complete
2026-12-31,133056.06,97303.07,2,1633609.36,last_posted_transaction_or_prior_closing_balance,synb1_txn_c98a150b242f72753b8025b6,trusted,weekday_rule,base_calendar,True,596,2027-01-01,complete
