calendar_date,inflow_cny,outflow_cny,transaction_count,ending_balance_cny,day_cut_basis,source_last_transaction_id,reconciliation_status,calendar_source,calendar_inference_status,is_bank_workday,business_step,target_date,execution_status
2024-01-01,3600000.00,0.00,1,3600000.00,last_posted_transaction_or_prior_closing_balance,synb1_txn_4f2a9a958e8731273a7837ee,trusted,weekday_rule,base_calendar,True,1,2024-01-02,complete
2024-01-02,0.00,0.00,0,3600000.00,last_posted_transaction_or_prior_closing_balance,,trusted,weekday_rule,base_calendar,True,2,2024-01-03,complete
2024-01-03,0.00,107651.42,2,3492348.58,last_posted_transaction_or_prior_closing_balance,synb1_txn_c17cf87aba3eb3b9e452dc38,trusted,weekday_rule,base_calendar,True,3,2024-01-04,complete
2024-01-04,0.00,0.00,0,3492348.58,last_posted_transaction_or_prior_closing_balance,,trusted,weekday_rule,base_calendar,True,4,2024-01-05,complete
2024-01-05,0.00,0.00,0,3492348.58,last_posted_transaction_or_prior_closing_balance,,trusted,weekday_rule,base_calendar,True,5,2024-01-07,complete
2024-01-06,0.00,0.00,0,3492348.58,last_posted_transaction_or_prior_closing_balance,,trusted,weekday_rule,base_calendar,False,,,complete
2024-01-07,0.00,161135.13,1,3331213.45,last_posted_transaction_or_prior_closing_balance,synb1_txn_c35045bea4e86b81f9b609cd,trusted,historical_transaction_override,historical_transaction_override,True,6,2024-01-08,complete
2024-01-08,0.00,0.00,0,3331213.45,last_posted_transaction_or_prior_closing_balance,,trusted,weekday_rule,base_calendar,True,7,2024-01-09,complete
2024-01-09,0.00,0.00,0,3331213.45,last_posted_transaction_or_prior_closing_balance,,trusted,weekday_rule,base_calendar,True,8,2024-01-10,complete
2024-01-10,0.00,56620.11,1,3274593.34,last_posted_transaction_or_prior_closing_balance,synb1_txn_1484c69ac578096edf3b2e4e,trusted,weekday_rule,base_calendar,True,9,2024-01-11,complete
2024-01-11,0.00,0.00,0,3274593.34,last_posted_transaction_or_prior_closing_balance,,trusted,weekday_rule,base_calendar,True,10,2024-01-12,complete
2024-01-12,0.00,0.00,0,3274593.34,last_posted_transaction_or_prior_closing_balance,,trusted,weekday_rule,base_calendar,True,11,2024-01-13,complete
2024-01-13,0.00,28310.09,1,3246283.25,last_posted_transaction_or_prior_closing_balance,synb1_txn_a10c6169cf3d39bb82b2a7fc,trusted,historical_transaction_override,historical_transaction_override,True,12,2024-01-15,complete
2024-01-14,0.00,0.00,0,3246283.25,last_posted_transaction_or_prior_closing_balance,,trusted,weekday_rule,base_calendar,False,,,complete
2024-01-15,0.00,56620.11,1,3189663.14,last_posted_transaction_or_prior_closing_balance,synb1_txn_27af04e83ca232191042ef88,trusted,weekday_rule,base_calendar,True,13,2024-01-16,complete
2024-01-16,0.00,0.00,0,3189663.14,last_posted_transaction_or_prior_closing_balance,,trusted,weekday_rule,base_calendar,True,14,2024-01-17,complete
2024-01-17,0.00,0.00,0,3189663.14,last_posted_transaction_or_prior_closing_balance,,trusted,weekday_rule,base_calendar,True,15,2024-01-18,complete
2024-01-18,0.00,0.00,0,3189663.14,last_posted_transaction_or_prior_closing_balance,,trusted,weekday_rule,base_calendar,True,16,2024-01-19,complete
2024-01-19,0.00,0.00,0,3189663.14,last_posted_transaction_or_prior_closing_balance,,trusted,weekday_rule,base_calendar,True,17,2024-01-20,complete
2024-01-20,0.00,30669.22,1,3158993.92,last_posted_transaction_or_prior_closing_balance,synb1_txn_2d8e14dd9ce60de9055ce2ba,trusted,historical_transaction_override,historical_transaction_override,True,18,2024-01-22,complete
2024-01-21,0.00,0.00,0,3158993.92,last_posted_transaction_or_prior_closing_balance,,trusted,weekday_rule,base_calendar,False,,,complete
2024-01-22,0.00,66056.80,1,3092937.12,last_posted_transaction_or_prior_closing_balance,synb1_txn_62702fbeb656a83b46bd0946,trusted,weekday_rule,base_calendar,True,19,2024-01-23,complete
2024-01-23,0.00,0.00,0,3092937.12,last_posted_transaction_or_prior_closing_balance,,trusted,weekday_rule,base_calendar,True,20,2024-01-24,complete
2024-01-24,0.00,0.00,0,3092937.12,last_posted_transaction_or_prior_closing_balance,,trusted,weekday_rule,base_calendar,True,21,2024-01-25,complete
2024-01-25,212142.85,78887.26,2,3226192.71,last_posted_transaction_or_prior_closing_balance,synb1_txn_9f74b52cec52016779a4533a,trusted,weekday_rule,base_calendar,True,22,2024-01-26,complete
2024-01-26,0.00,42465.08,1,3183727.63,last_posted_transaction_or_prior_closing_balance,synb1_txn_1c89026a623136432760ceac,trusted,weekday_rule,base_calendar,True,23,2024-01-29,complete
2024-01-27,0.00,0.00,0,3183727.63,last_posted_transaction_or_prior_closing_balance,,trusted,weekday_rule,base_calendar,False,,,complete
2024-01-28,0.00,0.00,0,3183727.63,last_posted_transaction_or_prior_closing_balance,,trusted,weekday_rule,base_calendar,False,,,complete
2024-01-29,0.00,0.00,0,3183727.63,last_posted_transaction_or_prior_closing_balance,,trusted,weekday_rule,base_calendar,True,24,2024-01-30,complete
2024-01-30,0.00,0.00,0,3183727.63,last_posted_transaction_or_prior_closing_balance,,trusted,weekday_rule,base_calendar,True,25,2024-01-31,complete
2024-01-31,0.00,0.00,0,3183727.63,last_posted_transaction_or_prior_closing_balance,,trusted,weekday_rule,base_calendar,True,26,2024-02-01,complete
2024-02-01,0.00,0.00,0,3183727.63,last_posted_transaction_or_prior_closing_balance,,trusted,weekday_rule,base_calendar,True,27,2024-02-02,complete
2024-02-02,0.00,0.00,0,3183727.63,last_posted_transaction_or_prior_closing_balance,,trusted,weekday_rule,base_calendar,True,28,2024-02-03,complete
2024-02-03,0.00,47651.42,1,3136076.21,last_posted_transaction_or_prior_closing_balance,synb1_txn_aecd007c8fcc3068375302fc,trusted,historical_transaction_override,historical_transaction_override,True,29,2024-02-04,complete
2024-02-04,125357.14,0.00,1,3261433.35,last_posted_transaction_or_prior_closing_balance,synb1_txn_0f31a3026ac3c4be9ef47006,trusted,historical_transaction_override,historical_transaction_override,True,30,2024-02-05,complete
2024-02-05,0.00,0.00,0,3261433.35,last_posted_transaction_or_prior_closing_balance,,trusted,weekday_rule,base_calendar,True,31,2024-02-06,complete
2024-02-06,202500.01,0.00,1,3463933.36,last_posted_transaction_or_prior_closing_balance,synb1_txn_eed10490c8466e0129904772,trusted,weekday_rule,base_calendar,True,32,2024-02-07,complete
2024-02-07,0.00,161135.13,1,3302798.23,last_posted_transaction_or_prior_closing_balance,synb1_txn_445a6357fbc058f3ff08ff07,trusted,weekday_rule,base_calendar,True,33,2024-02-08,complete
2024-02-08,0.00,28310.05,1,3274488.18,last_posted_transaction_or_prior_closing_balance,synb1_txn_231819309cc56aac5ec53912,trusted,weekday_rule,base_calendar,True,34,2024-02-09,complete
2024-02-09,0.00,0.00,0,3274488.18,last_posted_transaction_or_prior_closing_balance,,trusted,weekday_rule,base_calendar,True,35,2024-02-10,complete
2024-02-10,0.00,74124.17,2,3200364.01,last_posted_transaction_or_prior_closing_balance,synb1_txn_10d78e80ff65f263f3b5a580,trusted,historical_transaction_override,historical_transaction_override,True,36,2024-02-12,complete
2024-02-11,0.00,0.00,0,3200364.01,last_posted_transaction_or_prior_closing_balance,,trusted,weekday_rule,base_calendar,False,,,complete
2024-02-12,0.00,36377.43,1,3163986.58,last_posted_transaction_or_prior_closing_balance,synb1_txn_5ca42adb9c164f38ae4b40ad,trusted,weekday_rule,base_calendar,True,37,2024-02-13,complete
2024-02-13,0.00,0.00,0,3163986.58,last_posted_transaction_or_prior_closing_balance,,trusted,weekday_rule,base_calendar,True,38,2024-02-14,complete
2024-02-14,0.00,0.00,0,3163986.58,last_posted_transaction_or_prior_closing_balance,,trusted,weekday_rule,base_calendar,True,39,2024-02-15,complete
2024-02-15,0.00,0.00,0,3163986.58,last_posted_transaction_or_prior_closing_balance,,trusted,weekday_rule,base_calendar,True,40,2024-02-16,complete
2024-02-16,0.00,0.00,0,3163986.58,last_posted_transaction_or_prior_closing_balance,,trusted,weekday_rule,base_calendar,True,41,2024-02-17,complete
2024-02-17,0.00,19401.29,1,3144585.29,last_posted_transaction_or_prior_closing_balance,synb1_txn_0d2af23e323996028ba3639f,trusted,historical_transaction_override,historical_transaction_override,True,42,2024-02-19,complete
2024-02-18,0.00,0.00,0,3144585.29,last_posted_transaction_or_prior_closing_balance,,trusted,weekday_rule,base_calendar,False,,,complete
2024-02-19,0.00,65479.38,1,3079105.91,last_posted_transaction_or_prior_closing_balance,synb1_txn_478c2f050a5d65ad09b07cc7,trusted,weekday_rule,base_calendar,True,43,2024-02-20,complete
2024-02-20,0.00,0.00,0,3079105.91,last_posted_transaction_or_prior_closing_balance,,trusted,weekday_rule,base_calendar,True,44,2024-02-21,complete
2024-02-21,0.00,46078.11,1,3033027.80,last_posted_transaction_or_prior_closing_balance,synb1_txn_9d324114d2125525a94210f4,trusted,weekday_rule,base_calendar,True,45,2024-02-22,complete
2024-02-22,0.00,0.00,0,3033027.80,last_posted_transaction_or_prior_closing_balance,,trusted,weekday_rule,base_calendar,True,46,2024-02-23,complete
2024-02-23,0.00,60629.05,1,2972398.75,last_posted_transaction_or_prior_closing_balance,synb1_txn_f232584ff07e3a59b6815525,trusted,weekday_rule,base_calendar,True,47,2024-02-24,complete
2024-02-24,112075.47,0.00,1,3084474.22,last_posted_transaction_or_prior_closing_balance,synb1_txn_e4c38848921c74bed209aa82,trusted,historical_transaction_override,historical_transaction_override,True,48,2024-02-25,complete
2024-02-25,0.00,78887.26,1,3005586.96,last_posted_transaction_or_prior_closing_balance,synb1_txn_5b621faff5dc9518127077fa,trusted,historical_transaction_override,historical_transaction_override,True,49,2024-02-26,complete
2024-02-26,0.00,0.00,0,3005586.96,last_posted_transaction_or_prior_closing_balance,,trusted,weekday_rule,base_calendar,True,50,2024-02-27,complete
2024-02-27,0.00,0.00,0,3005586.96,last_posted_transaction_or_prior_closing_balance,,trusted,weekday_rule,base_calendar,True,51,2024-02-28,complete
2024-02-28,0.00,6048.00,2,2999538.96,last_posted_transaction_or_prior_closing_balance,synb1_txn_d8c8d27735d4c91088e0e4fb,trusted,weekday_rule,base_calendar,True,52,2024-02-29,complete
2024-02-29,0.00,0.00,0,2999538.96,last_posted_transaction_or_prior_closing_balance,,trusted,weekday_rule,base_calendar,True,53,2024-03-01,complete
2024-03-01,0.00,0.00,0,2999538.96,last_posted_transaction_or_prior_closing_balance,,trusted,weekday_rule,base_calendar,True,54,2024-03-03,complete
2024-03-02,0.00,0.00,0,2999538.96,last_posted_transaction_or_prior_closing_balance,,trusted,weekday_rule,base_calendar,False,,,complete
2024-03-03,0.00,47651.42,1,2951887.54,last_posted_transaction_or_prior_closing_balance,synb1_txn_0d81ada244b3fdf06643bb76,trusted,historical_transaction_override,historical_transaction_override,True,55,2024-03-04,complete
2024-03-04,0.00,0.00,0,2951887.54,last_posted_transaction_or_prior_closing_balance,,trusted,weekday_rule,base_calendar,True,56,2024-03-05,complete
2024-03-05,0.00,0.00,0,2951887.54,last_posted_transaction_or_prior_closing_balance,,trusted,weekday_rule,base_calendar,True,57,2024-03-06,complete
2024-03-06,0.00,0.00,0,2951887.54,last_posted_transaction_or_prior_closing_balance,,trusted,weekday_rule,base_calendar,True,58,2024-03-07,complete
2024-03-07,224150.94,264925.03,4,2911113.45,last_posted_transaction_or_prior_closing_balance,synb1_txn_a8c5cefc2d55093e90a7dc48,trusted,weekday_rule,base_calendar,True,59,2024-03-08,complete
2024-03-08,0.00,0.00,0,2911113.45,last_posted_transaction_or_prior_closing_balance,,trusted,weekday_rule,base_calendar,True,60,2024-03-09,complete
2024-03-09,0.00,74160.75,2,2836952.70,last_posted_transaction_or_prior_closing_balance,synb1_txn_0fb9c6c8caa208957dfbf209,trusted,historical_transaction_override,historical_transaction_override,True,61,2024-03-11,complete
2024-03-10,0.00,0.00,0,2836952.70,last_posted_transaction_or_prior_closing_balance,,trusted,weekday_rule,base_calendar,False,,,complete
2024-03-11,0.00,0.00,0,2836952.70,last_posted_transaction_or_prior_closing_balance,,trusted,weekday_rule,base_calendar,True,62,2024-03-12,complete
2024-03-12,0.00,0.00,0,2836952.70,last_posted_transaction_or_prior_closing_balance,,trusted,weekday_rule,base_calendar,True,63,2024-03-13,complete
2024-03-13,0.00,0.00,0,2836952.70,last_posted_transaction_or_prior_closing_balance,,trusted,weekday_rule,base_calendar,True,64,2024-03-14,complete
2024-03-14,0.00,0.00,0,2836952.70,last_posted_transaction_or_prior_closing_balance,,trusted,weekday_rule,base_calendar,True,65,2024-03-15,complete
2024-03-15,0.00,0.00,0,2836952.70,last_posted_transaction_or_prior_closing_balance,,trusted,weekday_rule,base_calendar,True,66,2024-03-18,complete
2024-03-16,0.00,0.00,0,2836952.70,last_posted_transaction_or_prior_closing_balance,,trusted,weekday_rule,base_calendar,False,,,complete
2024-03-17,0.00,0.00,0,2836952.70,last_posted_transaction_or_prior_closing_balance,,trusted,weekday_rule,base_calendar,False,,,complete
2024-03-18,180000.01,37695.45,2,2979257.26,last_posted_transaction_or_prior_closing_balance,synb1_txn_f1dd56d89cf186c3f7d40469,trusted,weekday_rule,base_calendar,True,67,2024-03-19,complete
2024-03-19,0.00,0.00,0,2979257.26,last_posted_transaction_or_prior_closing_balance,,trusted,weekday_rule,base_calendar,True,68,2024-03-20,complete
2024-03-20,0.00,30156.36,1,2949100.90,last_posted_transaction_or_prior_closing_balance,synb1_txn_40febee9619ade37bce85a68,trusted,weekday_rule,base_calendar,True,69,2024-03-21,complete
2024-03-21,0.00,0.00,0,2949100.90,last_posted_transaction_or_prior_closing_balance,,trusted,weekday_rule,base_calendar,True,70,2024-03-22,complete
2024-03-22,0.00,0.00,0,2949100.90,last_posted_transaction_or_prior_closing_balance,,trusted,weekday_rule,base_calendar,True,71,2024-03-25,complete
2024-03-23,0.00,0.00,0,2949100.90,last_posted_transaction_or_prior_closing_balance,,trusted,weekday_rule,base_calendar,False,,,complete
2024-03-24,0.00,0.00,0,2949100.90,last_posted_transaction_or_prior_closing_balance,,trusted,weekday_rule,base_calendar,False,,,complete
2024-03-25,203773.59,78887.26,2,3073987.23,last_posted_transaction_or_prior_closing_balance,synb1_txn_b8329a4819dd1c7658844ed1,trusted,weekday_rule,base_calendar,True,72,2024-03-26,complete
2024-03-26,0.00,0.00,0,3073987.23,last_posted_transaction_or_prior_closing_balance,,trusted,weekday_rule,base_calendar,True,73,2024-03-27,complete
2024-03-27,0.00,0.00,0,3073987.23,last_posted_transaction_or_prior_closing_balance,,trusted,weekday_rule,base_calendar,True,74,2024-03-28,complete
2024-03-28,0.00,6048.00,2,3067939.23,last_posted_transaction_or_prior_closing_balance,synb1_txn_28f6dea814068ea6491222bd,trusted,weekday_rule,base_calendar,True,75,2024-03-29,complete
2024-03-29,0.00,0.00,0,3067939.23,last_posted_transaction_or_prior_closing_balance,,trusted,weekday_rule,base_calendar,True,76,2024-03-30,complete
2024-03-30,0.00,60312.78,1,3007626.45,last_posted_transaction_or_prior_closing_balance,synb1_txn_33c3c841670cdbef831be976,trusted,historical_transaction_override,historical_transaction_override,True,77,2024-04-01,complete
2024-03-31,0.00,0.00,0,3007626.45,last_posted_transaction_or_prior_closing_balance,,trusted,weekday_rule,base_calendar,False,,,complete
2024-04-01,0.00,35182.42,1,2972444.03,last_posted_transaction_or_prior_closing_balance,synb1_txn_815da9e7bda0e78472a9098b,trusted,weekday_rule,base_calendar,True,78,2024-04-02,complete
2024-04-02,0.00,37695.45,1,2934748.58,last_posted_transaction_or_prior_closing_balance,synb1_txn_70ac2f5e8c51f0406b45e164,trusted,weekday_rule,base_calendar,True,79,2024-04-03,complete
2024-04-03,0.00,47651.42,1,2887097.16,last_posted_transaction_or_prior_closing_balance,synb1_txn_865e50529d5ae8852c187505,trusted,weekday_rule,base_calendar,True,80,2024-04-04,complete
2024-04-04,232941.17,82028.37,3,3038009.96,last_posted_transaction_or_prior_closing_balance,synb1_txn_67440f99cd1429bee855cd76,trusted,weekday_rule,base_calendar,True,81,2024-04-05,complete
2024-04-05,0.00,0.00,0,3038009.96,last_posted_transaction_or_prior_closing_balance,,trusted,weekday_rule,base_calendar,True,82,2024-04-06,complete
2024-04-06,0.00,74124.80,1,2963885.16,last_posted_transaction_or_prior_closing_balance,synb1_txn_0dafb1d0f53441a0031ed4cd,trusted,historical_transaction_override,historical_transaction_override,True,83,2024-04-07,complete
2024-04-07,0.00,161135.13,1,2802750.03,last_posted_transaction_or_prior_closing_balance,synb1_txn_1dc44eb3088f208e4fdf05a1,trusted,historical_transaction_override,historical_transaction_override,True,84,2024-04-08,complete
2024-04-08,0.00,0.00,0,2802750.03,last_posted_transaction_or_prior_closing_balance,,trusted,weekday_rule,base_calendar,True,85,2024-04-09,complete
2024-04-09,0.00,0.00,0,2802750.03,last_posted_transaction_or_prior_closing_balance,,trusted,weekday_rule,base_calendar,True,86,2024-04-10,complete
2024-04-10,0.00,0.00,0,2802750.03,last_posted_transaction_or_prior_closing_balance,,trusted,weekday_rule,base_calendar,True,87,2024-04-11,complete
2024-04-11,0.00,0.00,0,2802750.03,last_posted_transaction_or_prior_closing_balance,,trusted,weekday_rule,base_calendar,True,88,2024-04-12,complete
2024-04-12,0.00,0.00,0,2802750.03,last_posted_transaction_or_prior_closing_balance,,trusted,weekday_rule,base_calendar,True,89,2024-04-15,complete
2024-04-13,0.00,0.00,0,2802750.03,last_posted_transaction_or_prior_closing_balance,,trusted,weekday_rule,base_calendar,False,,,complete
2024-04-14,0.00,0.00,0,2802750.03,last_posted_transaction_or_prior_closing_balance,,trusted,weekday_rule,base_calendar,False,,,complete
2024-04-15,0.00,26473.14,1,2776276.89,last_posted_transaction_or_prior_closing_balance,synb1_txn_d42a1c11c37330c68df24c7c,trusted,weekday_rule,base_calendar,True,90,2024-04-16,complete
2024-04-16,0.00,0.00,0,2776276.89,last_posted_transaction_or_prior_closing_balance,,trusted,weekday_rule,base_calendar,True,91,2024-04-17,complete
2024-04-17,166153.84,66182.86,2,2876247.87,last_posted_transaction_or_prior_closing_balance,synb1_txn_0d4036054f015a272d7d01c0,trusted,weekday_rule,base_calendar,True,92,2024-04-18,complete
2024-04-18,0.00,0.00,0,2876247.87,last_posted_transaction_or_prior_closing_balance,,trusted,weekday_rule,base_calendar,True,93,2024-04-19,complete
2024-04-19,0.00,0.00,0,2876247.87,last_posted_transaction_or_prior_closing_balance,,trusted,weekday_rule,base_calendar,True,94,2024-04-22,complete
2024-04-20,0.00,0.00,0,2876247.87,last_posted_transaction_or_prior_closing_balance,,trusted,weekday_rule,base_calendar,False,,,complete
2024-04-21,0.00,0.00,0,2876247.87,last_posted_transaction_or_prior_closing_balance,,trusted,weekday_rule,base_calendar,False,,,complete
2024-04-22,127058.82,0.00,1,3003306.69,last_posted_transaction_or_prior_closing_balance,synb1_txn_80cb7fab9fa732ded5785442,trusted,weekday_rule,base_calendar,True,95,2024-04-23,complete
2024-04-23,0.00,0.00,0,3003306.69,last_posted_transaction_or_prior_closing_balance,,trusted,weekday_rule,base_calendar,True,96,2024-04-24,complete
2024-04-24,0.00,0.00,0,3003306.69,last_posted_transaction_or_prior_closing_balance,,trusted,weekday_rule,base_calendar,True,97,2024-04-25,complete
2024-04-25,0.00,78887.26,1,2924419.43,last_posted_transaction_or_prior_closing_balance,synb1_txn_0043f9dad96eb2ef29e095f1,trusted,weekday_rule,base_calendar,True,98,2024-04-26,complete
2024-04-26,0.00,0.00,0,2924419.43,last_posted_transaction_or_prior_closing_balance,,trusted,weekday_rule,base_calendar,True,99,2024-04-27,complete
2024-04-27,224307.70,58240.91,2,3090486.22,last_posted_transaction_or_prior_closing_balance,synb1_txn_3ffdb2d8e801cf1911391899,trusted,historical_transaction_override,historical_transaction_override,True,100,2024-04-29,complete
2024-04-28,0.00,0.00,0,3090486.22,last_posted_transaction_or_prior_closing_balance,,trusted,weekday_rule,base_calendar,False,,,complete
2024-04-29,0.00,35168.45,3,3055317.77,last_posted_transaction_or_prior_closing_balance,synb1_txn_1590b787e621e3137e48eabb,trusted,weekday_rule,base_calendar,True,101,2024-04-30,complete
2024-04-30,0.00,0.00,0,3055317.77,last_posted_transaction_or_prior_closing_balance,,trusted,weekday_rule,base_calendar,True,102,2024-05-01,complete
2024-05-01,0.00,0.00,0,3055317.77,last_posted_transaction_or_prior_closing_balance,,trusted,weekday_rule,base_calendar,True,103,2024-05-02,complete
2024-05-02,0.00,0.00,0,3055317.77,last_posted_transaction_or_prior_closing_balance,,trusted,weekday_rule,base_calendar,True,104,2024-05-03,complete
2024-05-03,0.00,47651.42,1,3007666.35,last_posted_transaction_or_prior_closing_balance,synb1_txn_babcc394fa7a389603541b0b,trusted,weekday_rule,base_calendar,True,105,2024-05-06,complete
2024-05-04,0.00,0.00,0,3007666.35,last_posted_transaction_or_prior_closing_balance,,trusted,weekday_rule,base_calendar,False,,,complete
2024-05-05,0.00,0.00,0,3007666.35,last_posted_transaction_or_prior_closing_balance,,trusted,weekday_rule,base_calendar,False,,,complete
2024-05-06,0.00,0.00,0,3007666.35,last_posted_transaction_or_prior_closing_balance,,trusted,weekday_rule,base_calendar,True,106,2024-05-07,complete
2024-05-07,0.00,161135.13,1,2846531.22,last_posted_transaction_or_prior_closing_balance,synb1_txn_b3ec124d2e547136e9242ccb,trusted,weekday_rule,base_calendar,True,107,2024-05-08,complete
2024-05-08,0.00,0.00,0,2846531.22,last_posted_transaction_or_prior_closing_balance,,trusted,weekday_rule,base_calendar,True,108,2024-05-09,complete
2024-05-09,0.00,0.00,0,2846531.22,last_posted_transaction_or_prior_closing_balance,,trusted,weekday_rule,base_calendar,True,109,2024-05-10,complete
2024-05-10,0.00,0.00,0,2846531.22,last_posted_transaction_or_prior_closing_balance,,trusted,weekday_rule,base_calendar,True,110,2024-05-12,complete
2024-05-11,0.00,0.00,0,2846531.22,last_posted_transaction_or_prior_closing_balance,,trusted,weekday_rule,base_calendar,False,,,complete
2024-05-12,0.00,39303.79,1,2807227.43,last_posted_transaction_or_prior_closing_balance,synb1_txn_0819de476437c15a2283f769,trusted,historical_transaction_override,historical_transaction_override,True,111,2024-05-13,complete
2024-05-13,0.00,0.00,0,2807227.43,last_posted_transaction_or_prior_closing_balance,,trusted,weekday_rule,base_calendar,True,112,2024-05-14,complete
2024-05-14,0.00,43927.77,1,2763299.66,last_posted_transaction_or_prior_closing_balance,synb1_txn_4d22076c575f4f61e15fae7c,trusted,weekday_rule,base_calendar,True,113,2024-05-15,complete
2024-05-15,0.00,0.00,0,2763299.66,last_posted_transaction_or_prior_closing_balance,,trusted,weekday_rule,base_calendar,True,114,2024-05-16,complete
2024-05-16,104516.12,23825.87,2,2843989.91,last_posted_transaction_or_prior_closing_balance,synb1_txn_0820cbfc1aa8de3e58419a32,trusted,weekday_rule,base_calendar,True,115,2024-05-17,complete
2024-05-17,0.00,32367.86,1,2811622.05,last_posted_transaction_or_prior_closing_balance,synb1_txn_86a51e33fa1bf4f74083d4dd,trusted,weekday_rule,base_calendar,True,116,2024-05-18,complete
2024-05-18,0.00,37062.40,1,2774559.65,last_posted_transaction_or_prior_closing_balance,synb1_txn_d6511dd2cf1f62d32efeccbf,trusted,historical_transaction_override,historical_transaction_override,True,117,2024-05-19,complete
2024-05-19,0.00,43927.77,1,2730631.88,last_posted_transaction_or_prior_closing_balance,synb1_txn_282c8dd9841c42fb9d951e26,trusted,historical_transaction_override,historical_transaction_override,True,118,2024-05-20,complete
2024-05-20,0.00,0.00,0,2730631.88,last_posted_transaction_or_prior_closing_balance,,trusted,weekday_rule,base_calendar,True,119,2024-05-21,complete
2024-05-21,0.00,0.00,0,2730631.88,last_posted_transaction_or_prior_closing_balance,,trusted,weekday_rule,base_calendar,True,120,2024-05-22,complete
2024-05-22,149538.46,0.00,1,2880170.34,last_posted_transaction_or_prior_closing_balance,synb1_txn_20b76a8b155a1d78b7e6325f,trusted,weekday_rule,base_calendar,True,121,2024-05-23,complete
2024-05-23,0.00,0.00,0,2880170.34,last_posted_transaction_or_prior_closing_balance,,trusted,weekday_rule,base_calendar,True,122,2024-05-24,complete
2024-05-24,0.00,57799.70,1,2822370.64,last_posted_transaction_or_prior_closing_balance,synb1_txn_ec676b6ce9fd6a903d94a49f,trusted,weekday_rule,base_calendar,True,123,2024-05-25,complete
2024-05-25,0.00,78887.26,1,2743483.38,last_posted_transaction_or_prior_closing_balance,synb1_txn_eb78f98ee0c0c22b41b15db2,trusted,historical_transaction_override,historical_transaction_override,True,124,2024-05-26,complete
2024-05-26,243870.96,36991.80,2,2950362.54,last_posted_transaction_or_prior_closing_balance,synb1_txn_6424bf4e09dd0f1fd68682d6,trusted,historical_transaction_override,historical_transaction_override,True,125,2024-05-27,complete
2024-05-27,0.00,0.00,0,2950362.54,last_posted_transaction_or_prior_closing_balance,,trusted,weekday_rule,base_calendar,True,126,2024-05-28,complete
2024-05-28,0.00,6048.00,2,2944314.54,last_posted_transaction_or_prior_closing_balance,synb1_txn_186f9b63e1853f3dfb0c61cc,trusted,weekday_rule,base_calendar,True,127,2024-05-29,complete
2024-05-29,0.00,0.00,0,2944314.54,last_posted_transaction_or_prior_closing_balance,,trusted,weekday_rule,base_calendar,True,128,2024-05-30,complete
2024-05-30,0.00,0.00,0,2944314.54,last_posted_transaction_or_prior_closing_balance,,trusted,weekday_rule,base_calendar,True,129,2024-05-31,complete
2024-05-31,0.00,0.00,0,2944314.54,last_posted_transaction_or_prior_closing_balance,,trusted,weekday_rule,base_calendar,True,130,2024-06-03,complete
2024-06-01,0.00,0.00,0,2944314.54,last_posted_transaction_or_prior_closing_balance,,trusted,weekday_rule,base_calendar,False,,,complete
2024-06-02,0.00,0.00,0,2944314.54,last_posted_transaction_or_prior_closing_balance,,trusted,weekday_rule,base_calendar,False,,,complete
2024-06-03,0.00,47651.42,1,2896663.12,last_posted_transaction_or_prior_closing_balance,synb1_txn_9f7d1f915d16afb8b1e59d42,trusted,weekday_rule,base_calendar,True,131,2024-06-04,complete
2024-06-04,0.00,0.00,0,2896663.12,last_posted_transaction_or_prior_closing_balance,,trusted,weekday_rule,base_calendar,True,132,2024-06-05,complete
2024-06-05,191612.92,0.00,1,3088276.04,last_posted_transaction_or_prior_closing_balance,synb1_txn_f582bcad05dc4aaec0f1c7ec,trusted,weekday_rule,base_calendar,True,133,2024-06-06,complete
2024-06-06,0.00,0.00,0,3088276.04,last_posted_transaction_or_prior_closing_balance,,trusted,weekday_rule,base_calendar,True,134,2024-06-07,complete
2024-06-07,0.00,161135.13,1,2927140.91,last_posted_transaction_or_prior_closing_balance,synb1_txn_037499a58162aaecffc7f6bd,trusted,weekday_rule,base_calendar,True,135,2024-06-09,complete
2024-06-08,0.00,0.00,0,2927140.91,last_posted_transaction_or_prior_closing_balance,,trusted,weekday_rule,base_calendar,False,,,complete
2024-06-09,0.00,38229.72,1,2888911.19,last_posted_transaction_or_prior_closing_balance,synb1_txn_605c513caaf3cd2d2dcd21e3,trusted,historical_transaction_override,historical_transaction_override,True,136,2024-06-10,complete
2024-06-10,0.00,0.00,0,2888911.19,last_posted_transaction_or_prior_closing_balance,,trusted,weekday_rule,base_calendar,True,137,2024-06-11,complete
2024-06-11,0.00,0.00,0,2888911.19,last_posted_transaction_or_prior_closing_balance,,trusted,weekday_rule,base_calendar,True,138,2024-06-12,complete
2024-06-12,0.00,62423.67,1,2826487.52,last_posted_transaction_or_prior_closing_balance,synb1_txn_8415026254d6b26471912573,trusted,weekday_rule,base_calendar,True,139,2024-06-13,complete
2024-06-13,0.00,0.00,0,2826487.52,last_posted_transaction_or_prior_closing_balance,,trusted,weekday_rule,base_calendar,True,140,2024-06-14,complete
2024-06-14,0.00,79208.34,2,2747279.18,last_posted_transaction_or_prior_closing_balance,synb1_txn_48cea33498b8df159ebb8433,trusted,weekday_rule,base_calendar,True,141,2024-06-16,complete
2024-06-15,0.00,0.00,0,2747279.18,last_posted_transaction_or_prior_closing_balance,,trusted,weekday_rule,base_calendar,False,,,complete
2024-06-16,0.00,21845.55,1,2725433.63,last_posted_transaction_or_prior_closing_balance,synb1_txn_80399e78d7cac56c06a11f35,trusted,historical_transaction_override,historical_transaction_override,True,142,2024-06-17,complete
2024-06-17,0.00,0.00,0,2725433.63,last_posted_transaction_or_prior_closing_balance,,trusted,weekday_rule,base_calendar,True,143,2024-06-18,complete
2024-06-18,0.00,0.00,0,2725433.63,last_posted_transaction_or_prior_closing_balance,,trusted,weekday_rule,base_calendar,True,144,2024-06-19,complete
2024-06-19,0.00,0.00,0,2725433.63,last_posted_transaction_or_prior_closing_balance,,trusted,weekday_rule,base_calendar,True,145,2024-06-20,complete
2024-06-20,0.00,0.00,0,2725433.63,last_posted_transaction_or_prior_closing_balance,,trusted,weekday_rule,base_calendar,True,146,2024-06-21,complete
2024-06-21,0.00,35499.02,1,2689934.61,last_posted_transaction_or_prior_closing_balance,synb1_txn_243ea1147d4fab56c03b46b3,trusted,weekday_rule,base_calendar,True,147,2024-06-23,complete
2024-06-22,0.00,0.00,0,2689934.61,last_posted_transaction_or_prior_closing_balance,,trusted,weekday_rule,base_calendar,False,,,complete
2024-06-23,0.00,32768.33,1,2657166.28,last_posted_transaction_or_prior_closing_balance,synb1_txn_f228b4c4dd5fdfd549c6590f,trusted,historical_transaction_override,historical_transaction_override,True,148,2024-06-24,complete
2024-06-24,0.00,0.00,0,2657166.28,last_posted_transaction_or_prior_closing_balance,,trusted,weekday_rule,base_calendar,True,149,2024-06-25,complete
2024-06-25,220909.09,141693.26,3,2736382.11,last_posted_transaction_or_prior_closing_balance,synb1_txn_a6f7a02f324c547b1d030976,trusted,weekday_rule,base_calendar,True,150,2024-06-26,complete
2024-06-26,0.00,0.00,0,2736382.11,last_posted_transaction_or_prior_closing_balance,,trusted,weekday_rule,base_calendar,True,151,2024-06-27,complete
2024-06-27,0.00,0.00,0,2736382.11,last_posted_transaction_or_prior_closing_balance,,trusted,weekday_rule,base_calendar,True,152,2024-06-28,complete
2024-06-28,0.00,6048.00,2,2730334.11,last_posted_transaction_or_prior_closing_balance,synb1_txn_f5d635d1fb828296f3cea3f9,trusted,weekday_rule,base_calendar,True,153,2024-07-01,complete
2024-06-29,0.00,0.00,0,2730334.11,last_posted_transaction_or_prior_closing_balance,,trusted,weekday_rule,base_calendar,False,,,complete
2024-06-30,0.00,0.00,0,2730334.11,last_posted_transaction_or_prior_closing_balance,,trusted,weekday_rule,base_calendar,False,,,complete
2024-07-01,0.00,0.00,0,2730334.11,last_posted_transaction_or_prior_closing_balance,,trusted,weekday_rule,base_calendar,True,154,2024-07-02,complete
2024-07-02,0.00,0.00,0,2730334.11,last_posted_transaction_or_prior_closing_balance,,trusted,weekday_rule,base_calendar,True,155,2024-07-03,complete
2024-07-03,0.00,47651.42,1,2682682.69,last_posted_transaction_or_prior_closing_balance,synb1_txn_610ae255dfc75de2d2ccfa82,trusted,weekday_rule,base_calendar,True,156,2024-07-04,complete
2024-07-04,0.00,0.00,0,2682682.69,last_posted_transaction_or_prior_closing_balance,,trusted,weekday_rule,base_calendar,True,157,2024-07-05,complete
2024-07-05,184090.90,0.00,1,2866773.59,last_posted_transaction_or_prior_closing_balance,synb1_txn_507cb9210a0796196e3c5316,trusted,weekday_rule,base_calendar,True,158,2024-07-07,complete
2024-07-06,0.00,0.00,0,2866773.59,last_posted_transaction_or_prior_closing_balance,,trusted,weekday_rule,base_calendar,False,,,complete
2024-07-07,0.00,161135.13,1,2705638.46,last_posted_transaction_or_prior_closing_balance,synb1_txn_2daa56932bee7370d11e06fe,trusted,historical_transaction_override,historical_transaction_override,True,159,2024-07-08,complete
2024-07-08,0.00,0.00,0,2705638.46,last_posted_transaction_or_prior_closing_balance,,trusted,weekday_rule,base_calendar,True,160,2024-07-09,complete
2024-07-09,0.00,0.00,0,2705638.46,last_posted_transaction_or_prior_closing_balance,,trusted,weekday_rule,base_calendar,True,161,2024-07-10,complete
2024-07-10,0.00,57344.58,1,2648293.88,last_posted_transaction_or_prior_closing_balance,synb1_txn_f7368673345388151ee4c7fc,trusted,weekday_rule,base_calendar,True,162,2024-07-11,complete
2024-07-11,0.00,83231.56,1,2565062.32,last_posted_transaction_or_prior_closing_balance,synb1_txn_71760e10ce56a5fb453bd2d7,trusted,weekday_rule,base_calendar,True,163,2024-07-12,complete
2024-07-12,0.00,49152.50,1,2515909.82,last_posted_transaction_or_prior_closing_balance,synb1_txn_ff5eeda3211dc6ae16317686,trusted,weekday_rule,base_calendar,True,164,2024-07-13,complete
2024-07-13,0.00,124847.35,1,2391062.47,last_posted_transaction_or_prior_closing_balance,synb1_txn_9204a333fd64989151fd7321,trusted,historical_transaction_override,historical_transaction_override,True,165,2024-07-15,complete
2024-07-14,0.00,0.00,0,2391062.47,last_posted_transaction_or_prior_closing_balance,,trusted,weekday_rule,base_calendar,False,,,complete
2024-07-15,0.00,0.00,0,2391062.47,last_posted_transaction_or_prior_closing_balance,,trusted,weekday_rule,base_calendar,True,166,2024-07-16,complete
2024-07-16,0.00,0.00,0,2391062.47,last_posted_transaction_or_prior_closing_balance,,trusted,weekday_rule,base_calendar,True,167,2024-07-17,complete
2024-07-17,135000.01,0.00,1,2526062.48,last_posted_transaction_or_prior_closing_balance,synb1_txn_26b1ee2da4aaf1a64da29fd9,trusted,weekday_rule,base_calendar,True,168,2024-07-18,complete
2024-07-18,0.00,78607.59,1,2447454.89,last_posted_transaction_or_prior_closing_balance,synb1_txn_8cd0fe2fbb190e09712fd100,trusted,weekday_rule,base_calendar,True,169,2024-07-19,complete
2024-07-19,0.00,0.00,0,2447454.89,last_posted_transaction_or_prior_closing_balance,,trusted,weekday_rule,base_calendar,True,170,2024-07-22,complete
2024-07-20,0.00,0.00,0,2447454.89,last_posted_transaction_or_prior_closing_balance,,trusted,weekday_rule,base_calendar,False,,,complete
2024-07-21,0.00,0.00,0,2447454.89,last_posted_transaction_or_prior_closing_balance,,trusted,weekday_rule,base_calendar,False,,,complete
2024-07-22,0.00,92479.52,1,2354975.37,last_posted_transaction_or_prior_closing_balance,synb1_txn_122aa20e4b63f9ce20d49f4e,trusted,weekday_rule,base_calendar,True,171,2024-07-23,complete
2024-07-23,0.00,0.00,0,2354975.37,last_posted_transaction_or_prior_closing_balance,,trusted,weekday_rule,base_calendar,True,172,2024-07-24,complete
2024-07-24,0.00,110975.42,1,2243999.95,last_posted_transaction_or_prior_closing_balance,synb1_txn_650baaf8727325c95c32075b,trusted,weekday_rule,base_calendar,True,173,2024-07-25,complete
2024-07-25,0.00,78887.26,1,2165112.69,last_posted_transaction_or_prior_closing_balance,synb1_txn_7e2987a9e0699cd4edb84cf5,trusted,weekday_rule,base_calendar,True,174,2024-07-26,complete
2024-07-26,0.00,0.00,0,2165112.69,last_posted_transaction_or_prior_closing_balance,,trusted,weekday_rule,base_calendar,True,175,2024-07-29,complete
2024-07-27,0.00,0.00,0,2165112.69,last_posted_transaction_or_prior_closing_balance,,trusted,weekday_rule,base_calendar,False,,,complete
2024-07-28,0.00,0.00,0,2165112.69,last_posted_transaction_or_prior_closing_balance,,trusted,weekday_rule,base_calendar,False,,,complete
2024-07-29,0.00,6048.00,2,2159064.69,last_posted_transaction_or_prior_closing_balance,synb1_txn_cd4bc53ff561a34e531140da,trusted,weekday_rule,base_calendar,True,176,2024-07-30,complete
2024-07-30,0.00,0.00,0,2159064.69,last_posted_transaction_or_prior_closing_balance,,trusted,weekday_rule,base_calendar,True,177,2024-07-31,complete
2024-07-31,0.00,0.00,0,2159064.69,last_posted_transaction_or_prior_closing_balance,,trusted,weekday_rule,base_calendar,True,178,2024-08-01,complete
2024-08-01,0.00,0.00,0,2159064.69,last_posted_transaction_or_prior_closing_balance,,trusted,weekday_rule,base_calendar,True,179,2024-08-02,complete
2024-08-02,0.00,0.00,0,2159064.69,last_posted_transaction_or_prior_closing_balance,,trusted,weekday_rule,base_calendar,True,180,2024-08-03,complete
2024-08-03,188081.63,130883.02,3,2216263.30,last_posted_transaction_or_prior_closing_balance,synb1_txn_d81a0ebdcf608433dc43bf8e,trusted,historical_transaction_override,historical_transaction_override,True,181,2024-08-05,complete
2024-08-04,0.00,0.00,0,2216263.30,last_posted_transaction_or_prior_closing_balance,,trusted,weekday_rule,base_calendar,False,,,complete
2024-08-05,0.00,0.00,0,2216263.30,last_posted_transaction_or_prior_closing_balance,,trusted,weekday_rule,base_calendar,True,182,2024-08-06,complete
2024-08-06,0.00,83231.56,1,2133031.74,last_posted_transaction_or_prior_closing_balance,synb1_txn_faf5d728e1457a0fd6cecffb,trusted,weekday_rule,base_calendar,True,183,2024-08-07,complete
2024-08-07,0.00,161135.13,1,1971896.61,last_posted_transaction_or_prior_closing_balance,synb1_txn_e984f90eb5baec11d7e001be,trusted,weekday_rule,base_calendar,True,184,2024-08-08,complete
2024-08-08,0.00,211469.82,2,1760426.79,last_posted_transaction_or_prior_closing_balance,synb1_txn_bb27be7de7d403f80ccd167a,trusted,weekday_rule,base_calendar,True,185,2024-08-09,complete
2024-08-09,0.00,0.00,0,1760426.79,last_posted_transaction_or_prior_closing_balance,,trusted,weekday_rule,base_calendar,True,186,2024-08-10,complete
2024-08-10,0.00,49322.41,1,1711104.38,last_posted_transaction_or_prior_closing_balance,synb1_txn_22c396cbcd0a1374a971ed92,trusted,historical_transaction_override,historical_transaction_override,True,187,2024-08-12,complete
2024-08-11,0.00,0.00,0,1711104.38,last_posted_transaction_or_prior_closing_balance,,trusted,weekday_rule,base_calendar,False,,,complete
2024-08-12,0.00,0.00,0,1711104.38,last_posted_transaction_or_prior_closing_balance,,trusted,weekday_rule,base_calendar,True,188,2024-08-13,complete
2024-08-13,0.00,0.00,0,1711104.38,last_posted_transaction_or_prior_closing_balance,,trusted,weekday_rule,base_calendar,True,189,2024-08-14,complete
2024-08-14,0.00,0.00,0,1711104.38,last_posted_transaction_or_prior_closing_balance,,trusted,weekday_rule,base_calendar,True,190,2024-08-15,complete
2024-08-15,611265.30,0.00,1,2322369.68,last_posted_transaction_or_prior_closing_balance,synb1_txn_9d1d60b0e25a27d2276eb4c9,trusted,weekday_rule,base_calendar,True,191,2024-08-16,complete
2024-08-16,0.00,0.00,0,2322369.68,last_posted_transaction_or_prior_closing_balance,,trusted,weekday_rule,base_calendar,True,192,2024-08-19,complete
2024-08-17,0.00,0.00,0,2322369.68,last_posted_transaction_or_prior_closing_balance,,trusted,weekday_rule,base_calendar,False,,,complete
2024-08-18,0.00,0.00,0,2322369.68,last_posted_transaction_or_prior_closing_balance,,trusted,weekday_rule,base_calendar,False,,,complete
2024-08-19,0.00,64119.13,1,2258250.55,last_posted_transaction_or_prior_closing_balance,synb1_txn_f7f4e918835375e552715f58,trusted,weekday_rule,base_calendar,True,193,2024-08-20,complete
2024-08-20,0.00,0.00,0,2258250.55,last_posted_transaction_or_prior_closing_balance,,trusted,weekday_rule,base_calendar,True,194,2024-08-21,complete
2024-08-21,0.00,98644.82,1,2159605.73,last_posted_transaction_or_prior_closing_balance,synb1_txn_72316c6944037d38fe300c78,trusted,weekday_rule,base_calendar,True,195,2024-08-22,complete
2024-08-22,0.00,0.00,0,2159605.73,last_posted_transaction_or_prior_closing_balance,,trusted,weekday_rule,base_calendar,True,196,2024-08-23,complete
2024-08-23,0.00,0.00,0,2159605.73,last_posted_transaction_or_prior_closing_balance,,trusted,weekday_rule,base_calendar,True,197,2024-08-25,complete
2024-08-24,0.00,0.00,0,2159605.73,last_posted_transaction_or_prior_closing_balance,,trusted,weekday_rule,base_calendar,False,,,complete
2024-08-25,0.00,78887.26,1,2080718.47,last_posted_transaction_or_prior_closing_balance,synb1_txn_e49ca6c44d3cf6debaf7ae8c,trusted,historical_transaction_override,historical_transaction_override,True,198,2024-08-26,complete
2024-08-26,0.00,0.00,0,2080718.47,last_posted_transaction_or_prior_closing_balance,,trusted,weekday_rule,base_calendar,True,199,2024-08-27,complete
2024-08-27,0.00,0.00,0,2080718.47,last_posted_transaction_or_prior_closing_balance,,trusted,weekday_rule,base_calendar,True,200,2024-08-28,complete
2024-08-28,167563.65,35029.92,4,2213252.20,last_posted_transaction_or_prior_closing_balance,synb1_txn_f193c69dda5784a481ddcb99,trusted,weekday_rule,base_calendar,True,201,2024-08-29,complete
2024-08-29,0.00,0.00,0,2213252.20,last_posted_transaction_or_prior_closing_balance,,trusted,weekday_rule,base_calendar,True,202,2024-08-30,complete
2024-08-30,0.00,0.00,0,2213252.20,last_posted_transaction_or_prior_closing_balance,,trusted,weekday_rule,base_calendar,True,203,2024-08-31,complete
2024-08-31,0.00,73983.61,1,2139268.59,last_posted_transaction_or_prior_closing_balance,synb1_txn_7040b16eee2aa6a73aa45abc,trusted,historical_transaction_override,historical_transaction_override,True,204,2024-09-01,complete
2024-09-01,0.00,138102.78,1,2001165.81,last_posted_transaction_or_prior_closing_balance,synb1_txn_822e1b43d0508fdb00486a6a,trusted,historical_transaction_override,historical_transaction_override,True,205,2024-09-02,complete
2024-09-02,352653.07,138102.74,2,2215716.14,last_posted_transaction_or_prior_closing_balance,synb1_txn_531b643e239ad77f058e5ef1,trusted,weekday_rule,base_calendar,True,206,2024-09-03,complete
2024-09-03,0.00,155946.33,3,2059769.81,last_posted_transaction_or_prior_closing_balance,synb1_txn_7b0a5ec663acb333ace17fed,trusted,weekday_rule,base_calendar,True,207,2024-09-04,complete
2024-09-04,0.00,0.00,0,2059769.81,last_posted_transaction_or_prior_closing_balance,,trusted,weekday_rule,base_calendar,True,208,2024-09-05,complete
2024-09-05,0.00,134028.28,1,1925741.53,last_posted_transaction_or_prior_closing_balance,synb1_txn_e1b7e0f1fa9938b3f1ab81a1,trusted,weekday_rule,base_calendar,True,209,2024-09-06,complete
2024-09-06,0.00,0.00,0,1925741.53,last_posted_transaction_or_prior_closing_balance,,trusted,weekday_rule,base_calendar,True,210,2024-09-07,complete
2024-09-07,0.00,161135.13,1,1764606.40,last_posted_transaction_or_prior_closing_balance,synb1_txn_4cae24d73a78d3dc888bdb8d,trusted,historical_transaction_override,historical_transaction_override,True,211,2024-09-09,complete
2024-09-08,0.00,0.00,0,1764606.40,last_posted_transaction_or_prior_closing_balance,,trusted,weekday_rule,base_calendar,False,,,complete
2024-09-09,0.00,0.00,0,1764606.40,last_posted_transaction_or_prior_closing_balance,,trusted,weekday_rule,base_calendar,True,212,2024-09-10,complete
2024-09-10,0.00,0.00,0,1764606.40,last_posted_transaction_or_prior_closing_balance,,trusted,weekday_rule,base_calendar,True,213,2024-09-11,complete
2024-09-11,0.00,0.00,0,1764606.40,last_posted_transaction_or_prior_closing_balance,,trusted,weekday_rule,base_calendar,True,214,2024-09-12,complete
2024-09-12,0.00,0.00,0,1764606.40,last_posted_transaction_or_prior_closing_balance,,trusted,weekday_rule,base_calendar,True,215,2024-09-13,complete
2024-09-13,0.00,0.00,0,1764606.40,last_posted_transaction_or_prior_closing_balance,,trusted,weekday_rule,base_calendar,True,216,2024-09-14,complete
2024-09-14,502690.90,0.00,1,2267297.30,last_posted_transaction_or_prior_closing_balance,synb1_txn_8f38dfea40d61470a2bdad18,trusted,historical_transaction_override,historical_transaction_override,True,217,2024-09-16,complete
2024-09-15,0.00,0.00,0,2267297.30,last_posted_transaction_or_prior_closing_balance,,trusted,weekday_rule,base_calendar,False,,,complete
2024-09-16,0.00,53611.31,1,2213685.99,last_posted_transaction_or_prior_closing_balance,synb1_txn_eade476b1de4c7452a1c7689,trusted,weekday_rule,base_calendar,True,218,2024-09-17,complete
2024-09-17,464516.14,0.00,1,2678202.13,last_posted_transaction_or_prior_closing_balance,synb1_txn_76b7f5d773b6fb0dea0f836b,trusted,weekday_rule,base_calendar,True,219,2024-09-18,complete
2024-09-18,0.00,58972.44,1,2619229.69,last_posted_transaction_or_prior_closing_balance,synb1_txn_4339c1c4f417f3f9bb58ebe6,trusted,weekday_rule,base_calendar,True,220,2024-09-19,complete
2024-09-19,0.00,0.00,0,2619229.69,last_posted_transaction_or_prior_closing_balance,,trusted,weekday_rule,base_calendar,True,221,2024-09-20,complete
2024-09-20,0.00,0.00,0,2619229.69,last_posted_transaction_or_prior_closing_balance,,trusted,weekday_rule,base_calendar,True,222,2024-09-23,complete
2024-09-21,0.00,0.00,0,2619229.69,last_posted_transaction_or_prior_closing_balance,,trusted,weekday_rule,base_calendar,False,,,complete
2024-09-22,0.00,0.00,0,2619229.69,last_posted_transaction_or_prior_closing_balance,,trusted,weekday_rule,base_calendar,False,,,complete
2024-09-23,0.00,0.00,0,2619229.69,last_posted_transaction_or_prior_closing_balance,,trusted,weekday_rule,base_calendar,True,223,2024-09-24,complete
2024-09-24,0.00,0.00,0,2619229.69,last_posted_transaction_or_prior_closing_balance,,trusted,weekday_rule,base_calendar,True,224,2024-09-25,complete
2024-09-25,0.00,78887.26,1,2540342.43,last_posted_transaction_or_prior_closing_balance,synb1_txn_8a86795d428a7121654861ce,trusted,weekday_rule,base_calendar,True,225,2024-09-26,complete
2024-09-26,0.00,0.00,0,2540342.43,last_posted_transaction_or_prior_closing_balance,,trusted,weekday_rule,base_calendar,True,226,2024-09-27,complete
2024-09-27,445935.48,0.00,1,2986277.91,last_posted_transaction_or_prior_closing_balance,synb1_txn_8ca578cff5a30052f6721e5a,trusted,weekday_rule,base_calendar,True,227,2024-09-28,complete
2024-09-28,0.00,128667.15,1,2857610.76,last_posted_transaction_or_prior_closing_balance,synb1_txn_f33054ad88e6e41eab09684c,trusted,historical_transaction_override,historical_transaction_override,True,228,2024-09-30,complete
2024-09-29,0.00,0.00,0,2857610.76,last_posted_transaction_or_prior_closing_balance,,trusted,weekday_rule,base_calendar,False,,,complete
2024-09-30,0.00,115446.89,4,2742163.87,last_posted_transaction_or_prior_closing_balance,synb1_txn_56d32774faf696ebe6be0b1e,trusted,weekday_rule,base_calendar,True,229,2024-10-01,complete
2024-10-01,0.00,0.00,0,2742163.87,last_posted_transaction_or_prior_closing_balance,,trusted,weekday_rule,base_calendar,True,230,2024-10-02,complete
2024-10-02,481745.45,104810.12,2,3119099.20,last_posted_transaction_or_prior_closing_balance,synb1_txn_399081c8c0fe6b255262d5cf,trusted,weekday_rule,base_calendar,True,231,2024-10-03,complete
2024-10-03,0.00,47651.42,1,3071447.78,last_posted_transaction_or_prior_closing_balance,synb1_txn_d214d97656ff51869bf3ca18,trusted,weekday_rule,base_calendar,True,232,2024-10-04,complete
2024-10-04,0.00,0.00,0,3071447.78,last_posted_transaction_or_prior_closing_balance,,trusted,weekday_rule,base_calendar,True,233,2024-10-07,complete
2024-10-05,0.00,0.00,0,3071447.78,last_posted_transaction_or_prior_closing_balance,,trusted,weekday_rule,base_calendar,False,,,complete
2024-10-06,0.00,0.00,0,3071447.78,last_posted_transaction_or_prior_closing_balance,,trusted,weekday_rule,base_calendar,False,,,complete
2024-10-07,0.00,161135.13,1,2910312.65,last_posted_transaction_or_prior_closing_balance,synb1_txn_86de3b16f618d429ecbb354c,trusted,weekday_rule,base_calendar,True,234,2024-10-08,complete
2024-10-08,0.00,0.00,0,2910312.65,last_posted_transaction_or_prior_closing_balance,,trusted,weekday_rule,base_calendar,True,235,2024-10-09,complete
2024-10-09,0.00,0.00,0,2910312.65,last_posted_transaction_or_prior_closing_balance,,trusted,weekday_rule,base_calendar,True,236,2024-10-10,complete
2024-10-10,0.00,0.00,0,2910312.65,last_posted_transaction_or_prior_closing_balance,,trusted,weekday_rule,base_calendar,True,237,2024-10-11,complete
2024-10-11,0.00,166463.15,1,2743849.50,last_posted_transaction_or_prior_closing_balance,synb1_txn_3fca5bca2ab2c42d97e0eb05,trusted,weekday_rule,base_calendar,True,238,2024-10-13,complete
2024-10-12,0.00,0.00,0,2743849.50,last_posted_transaction_or_prior_closing_balance,,trusted,weekday_rule,base_calendar,False,,,complete
2024-10-13,0.00,92479.52,1,2651369.98,last_posted_transaction_or_prior_closing_balance,synb1_txn_d6828f5da615bdb7fa7f336b,trusted,historical_transaction_override,historical_transaction_override,True,239,2024-10-14,complete
2024-10-14,0.00,0.00,0,2651369.98,last_posted_transaction_or_prior_closing_balance,,trusted,weekday_rule,base_calendar,True,240,2024-10-15,complete
2024-10-15,0.00,0.00,0,2651369.98,last_posted_transaction_or_prior_closing_balance,,trusted,weekday_rule,base_calendar,True,241,2024-10-16,complete
2024-10-16,0.00,0.00,0,2651369.98,last_posted_transaction_or_prior_closing_balance,,trusted,weekday_rule,base_calendar,True,242,2024-10-17,complete
2024-10-17,0.00,134028.28,1,2517341.70,last_posted_transaction_or_prior_closing_balance,synb1_txn_4994585985c122ca2907ca83,trusted,weekday_rule,base_calendar,True,243,2024-10-18,complete
2024-10-18,0.00,55487.71,1,2461853.99,last_posted_transaction_or_prior_closing_balance,synb1_txn_04256539722f6a2c7e09b118,trusted,weekday_rule,base_calendar,True,244,2024-10-19,complete
2024-10-19,0.00,91139.23,1,2370714.76,last_posted_transaction_or_prior_closing_balance,synb1_txn_3c4aef8b351bde32706e77ad,trusted,historical_transaction_override,historical_transaction_override,True,245,2024-10-21,complete
2024-10-20,0.00,0.00,0,2370714.76,last_posted_transaction_or_prior_closing_balance,,trusted,weekday_rule,base_calendar,False,,,complete
2024-10-21,0.00,0.00,0,2370714.76,last_posted_transaction_or_prior_closing_balance,,trusted,weekday_rule,base_calendar,True,246,2024-10-22,complete
2024-10-22,0.00,0.00,0,2370714.76,last_posted_transaction_or_prior_closing_balance,,trusted,weekday_rule,base_calendar,True,247,2024-10-23,complete
2024-10-23,0.00,0.00,0,2370714.76,last_posted_transaction_or_prior_closing_balance,,trusted,weekday_rule,base_calendar,True,248,2024-10-24,complete
2024-10-24,0.00,0.00,0,2370714.76,last_posted_transaction_or_prior_closing_balance,,trusted,weekday_rule,base_calendar,True,249,2024-10-25,complete
2024-10-25,0.00,128209.67,2,2242505.09,last_posted_transaction_or_prior_closing_balance,synb1_txn_901f1500936380f73cffb315,trusted,weekday_rule,base_calendar,True,250,2024-10-26,complete
2024-10-26,529920.00,0.00,2,2772425.09,last_posted_transaction_or_prior_closing_balance,synb1_txn_af5a5ed508689bcdae403fc8,trusted,historical_transaction_override,historical_transaction_override,True,251,2024-10-27,complete
2024-10-27,0.00,141801.93,1,2630623.16,last_posted_transaction_or_prior_closing_balance,synb1_txn_9cc822959782d0ce98def05b,trusted,historical_transaction_override,historical_transaction_override,True,252,2024-10-28,complete
2024-10-28,0.00,35029.92,3,2595593.24,last_posted_transaction_or_prior_closing_balance,synb1_txn_f4a7147660b8d5fe2df6ca08,trusted,weekday_rule,base_calendar,True,253,2024-10-29,complete
2024-10-29,0.00,0.00,0,2595593.24,last_posted_transaction_or_prior_closing_balance,,trusted,weekday_rule,base_calendar,True,254,2024-10-30,complete
2024-10-30,0.00,0.00,0,2595593.24,last_posted_transaction_or_prior_closing_balance,,trusted,weekday_rule,base_calendar,True,255,2024-10-31,complete
2024-10-31,0.00,0.00,0,2595593.24,last_posted_transaction_or_prior_closing_balance,,trusted,weekday_rule,base_calendar,True,256,2024-11-01,complete
2024-11-01,241548.38,0.00,1,2837141.62,last_posted_transaction_or_prior_closing_balance,synb1_txn_2775a56e43cd4b9260727160,trusted,weekday_rule,base_calendar,True,257,2024-11-03,complete
2024-11-02,0.00,0.00,0,2837141.62,last_posted_transaction_or_prior_closing_balance,,trusted,weekday_rule,base_calendar,False,,,complete
2024-11-03,0.00,47651.42,1,2789490.20,last_posted_transaction_or_prior_closing_balance,synb1_txn_645cfcba6c62ebf74a621e29,trusted,historical_transaction_override,historical_transaction_override,True,258,2024-11-04,complete
2024-11-04,0.00,0.00,0,2789490.20,last_posted_transaction_or_prior_closing_balance,,trusted,weekday_rule,base_calendar,True,259,2024-11-05,complete
2024-11-05,622080.00,0.00,1,3411570.20,last_posted_transaction_or_prior_closing_balance,synb1_txn_fab02ba51890d4982b40b713,trusted,weekday_rule,base_calendar,True,260,2024-11-06,complete
2024-11-06,0.00,0.00,0,3411570.20,last_posted_transaction_or_prior_closing_balance,,trusted,weekday_rule,base_calendar,True,261,2024-11-07,complete
2024-11-07,0.00,161135.13,1,3250435.07,last_posted_transaction_or_prior_closing_balance,synb1_txn_30e5bf94d5357f0cac7518d9,trusted,weekday_rule,base_calendar,True,262,2024-11-08,complete
2024-11-08,0.00,0.00,0,3250435.07,last_posted_transaction_or_prior_closing_balance,,trusted,weekday_rule,base_calendar,True,263,2024-11-10,complete
2024-11-09,0.00,0.00,0,3250435.07,last_posted_transaction_or_prior_closing_balance,,trusted,weekday_rule,base_calendar,False,,,complete
2024-11-10,0.00,126173.60,1,3124261.47,last_posted_transaction_or_prior_closing_balance,synb1_txn_235fbe0027ffd2c5f37d6d28,trusted,historical_transaction_override,historical_transaction_override,True,264,2024-11-11,complete
2024-11-11,0.00,0.00,0,3124261.47,last_posted_transaction_or_prior_closing_balance,,trusted,weekday_rule,base_calendar,True,265,2024-11-12,complete
2024-11-12,0.00,0.00,0,3124261.47,last_posted_transaction_or_prior_closing_balance,,trusted,weekday_rule,base_calendar,True,266,2024-11-13,complete
2024-11-13,0.00,73983.61,1,3050277.86,last_posted_transaction_or_prior_closing_balance,synb1_txn_c4739fabe32ff3cd491589ef,trusted,weekday_rule,base_calendar,True,267,2024-11-14,complete
2024-11-14,0.00,0.00,0,3050277.86,last_posted_transaction_or_prior_closing_balance,,trusted,weekday_rule,base_calendar,True,268,2024-11-15,complete
2024-11-15,0.00,210337.13,2,2839940.73,last_posted_transaction_or_prior_closing_balance,synb1_txn_0fbd5b23009c53ae31e2fc60,trusted,weekday_rule,base_calendar,True,269,2024-11-17,complete
2024-11-16,0.00,0.00,0,2839940.73,last_posted_transaction_or_prior_closing_balance,,trusted,weekday_rule,base_calendar,False,,,complete
2024-11-17,0.00,57351.64,1,2782589.09,last_posted_transaction_or_prior_closing_balance,synb1_txn_a99a3dd457d24c25fd1b4ce5,trusted,historical_transaction_override,historical_transaction_override,True,270,2024-11-18,complete
2024-11-18,0.00,0.00,0,2782589.09,last_posted_transaction_or_prior_closing_balance,,trusted,weekday_rule,base_calendar,True,271,2024-11-19,complete
2024-11-19,0.00,0.00,0,2782589.09,last_posted_transaction_or_prior_closing_balance,,trusted,weekday_rule,base_calendar,True,272,2024-11-20,complete
2024-11-20,0.00,45881.34,1,2736707.75,last_posted_transaction_or_prior_closing_balance,synb1_txn_b2010785f1d34c9de5ece98d,trusted,weekday_rule,base_calendar,True,273,2024-11-21,complete
2024-11-21,0.00,0.00,0,2736707.75,last_posted_transaction_or_prior_closing_balance,,trusted,weekday_rule,base_calendar,True,274,2024-11-22,complete
2024-11-22,0.00,114703.28,1,2622004.47,last_posted_transaction_or_prior_closing_balance,synb1_txn_986fdd0ce1b51a0410a66d9a,trusted,weekday_rule,base_calendar,True,275,2024-11-25,complete
2024-11-23,0.00,0.00,0,2622004.47,last_posted_transaction_or_prior_closing_balance,,trusted,weekday_rule,base_calendar,False,,,complete
2024-11-24,0.00,0.00,0,2622004.47,last_posted_transaction_or_prior_closing_balance,,trusted,weekday_rule,base_calendar,False,,,complete
2024-11-25,599040.00,78887.26,2,3142157.21,last_posted_transaction_or_prior_closing_balance,synb1_txn_1d59cf4d008259eac4abbba5,trusted,weekday_rule,base_calendar,True,276,2024-11-26,complete
2024-11-26,0.00,57351.64,1,3084805.57,last_posted_transaction_or_prior_closing_balance,synb1_txn_330b40f7fb83b7913f930d4f,trusted,weekday_rule,base_calendar,True,277,2024-11-27,complete
2024-11-27,0.00,0.00,0,3084805.57,last_posted_transaction_or_prior_closing_balance,,trusted,weekday_rule,base_calendar,True,278,2024-11-28,complete
2024-11-28,0.00,35029.92,3,3049775.65,last_posted_transaction_or_prior_closing_balance,synb1_txn_87d87d3b0b81e469d2e4b273,trusted,weekday_rule,base_calendar,True,279,2024-11-29,complete
2024-11-29,0.00,0.00,0,3049775.65,last_posted_transaction_or_prior_closing_balance,,trusted,weekday_rule,base_calendar,True,280,2024-12-02,complete
2024-11-30,0.00,0.00,0,3049775.65,last_posted_transaction_or_prior_closing_balance,,trusted,weekday_rule,base_calendar,False,,,complete
2024-12-01,0.00,0.00,0,3049775.65,last_posted_transaction_or_prior_closing_balance,,trusted,weekday_rule,base_calendar,False,,,complete
2024-12-02,0.00,0.00,0,3049775.65,last_posted_transaction_or_prior_closing_balance,,trusted,weekday_rule,base_calendar,True,281,2024-12-03,complete
2024-12-03,0.00,47651.42,1,3002124.23,last_posted_transaction_or_prior_closing_balance,synb1_txn_190a964fb1213186732f4334,trusted,weekday_rule,base_calendar,True,282,2024-12-04,complete
2024-12-04,0.00,0.00,0,3002124.23,last_posted_transaction_or_prior_closing_balance,,trusted,weekday_rule,base_calendar,True,283,2024-12-05,complete
2024-12-05,276480.00,0.00,1,3278604.23,last_posted_transaction_or_prior_closing_balance,synb1_txn_9b9453bdfc1a5d91c7b02bba,trusted,weekday_rule,base_calendar,True,284,2024-12-06,complete
2024-12-06,0.00,0.00,0,3278604.23,last_posted_transaction_or_prior_closing_balance,,trusted,weekday_rule,base_calendar,True,285,2024-12-07,complete
2024-12-07,276480.00,161135.13,2,3393949.10,last_posted_transaction_or_prior_closing_balance,synb1_txn_c328c59243cb9e9be36e6ce9,trusted,historical_transaction_override,historical_transaction_override,True,286,2024-12-09,complete
2024-12-08,0.00,0.00,0,3393949.10,last_posted_transaction_or_prior_closing_balance,,trusted,weekday_rule,base_calendar,False,,,complete
2024-12-09,0.00,0.00,0,3393949.10,last_posted_transaction_or_prior_closing_balance,,trusted,weekday_rule,base_calendar,True,287,2024-12-10,complete
2024-12-10,0.00,0.00,0,3393949.10,last_posted_transaction_or_prior_closing_balance,,trusted,weekday_rule,base_calendar,True,288,2024-12-11,complete
2024-12-11,0.00,131908.77,1,3262040.33,last_posted_transaction_or_prior_closing_balance,synb1_txn_789717e83c1a2f104570ec75,trusted,weekday_rule,base_calendar,True,289,2024-12-12,complete
2024-12-12,0.00,116549.53,1,3145490.80,last_posted_transaction_or_prior_closing_balance,synb1_txn_b1b35c476e98eaab203b3dcd,trusted,weekday_rule,base_calendar,True,290,2024-12-13,complete
2024-12-13,0.00,51616.47,1,3093874.33,last_posted_transaction_or_prior_closing_balance,synb1_txn_702ff17abc53ae8b03ccf00d,trusted,weekday_rule,base_calendar,True,291,2024-12-14,complete
2024-12-14,0.00,106414.79,1,2987459.54,last_posted_transaction_or_prior_closing_balance,synb1_txn_dd1c64793fae197ec947735d,trusted,historical_transaction_override,historical_transaction_override,True,292,2024-12-16,complete
2024-12-15,0.00,0.00,0,2987459.54,last_posted_transaction_or_prior_closing_balance,,trusted,weekday_rule,base_calendar,False,,,complete
2024-12-16,0.00,0.00,0,2987459.54,last_posted_transaction_or_prior_closing_balance,,trusted,weekday_rule,base_calendar,True,293,2024-12-17,complete
2024-12-17,0.00,91212.67,1,2896246.87,last_posted_transaction_or_prior_closing_balance,synb1_txn_5b7c086046ea91a9da579450,trusted,weekday_rule,base_calendar,True,294,2024-12-18,complete
2024-12-18,0.00,0.00,0,2896246.87,last_posted_transaction_or_prior_closing_balance,,trusted,weekday_rule,base_calendar,True,295,2024-12-19,complete
2024-12-19,0.00,45606.33,1,2850640.54,last_posted_transaction_or_prior_closing_balance,synb1_txn_3f3671258d5e3a8b11609be9,trusted,weekday_rule,base_calendar,True,296,2024-12-20,complete
2024-12-20,0.00,0.00,0,2850640.54,last_posted_transaction_or_prior_closing_balance,,trusted,weekday_rule,base_calendar,True,297,2024-12-23,complete
2024-12-21,0.00,0.00,0,2850640.54,last_posted_transaction_or_prior_closing_balance,,trusted,weekday_rule,base_calendar,False,,,complete
2024-12-22,0.00,0.00,0,2850640.54,last_posted_transaction_or_prior_closing_balance,,trusted,weekday_rule,base_calendar,False,,,complete
2024-12-23,0.00,81077.93,1,2769562.61,last_posted_transaction_or_prior_closing_balance,synb1_txn_c1f08f92f226cdd34a9dbce7,trusted,weekday_rule,base_calendar,True,298,2024-12-24,complete
2024-12-24,329142.85,0.00,1,3098705.46,last_posted_transaction_or_prior_closing_balance,synb1_txn_82c14df0390f8a2e4370b9cf,trusted,weekday_rule,base_calendar,True,299,2024-12-25,complete
2024-12-25,0.00,195436.79,2,2903268.67,last_posted_transaction_or_prior_closing_balance,synb1_txn_c09139976485249c1c6603f6,trusted,weekday_rule,base_calendar,True,300,2024-12-26,complete
2024-12-26,0.00,0.00,0,2903268.67,last_posted_transaction_or_prior_closing_balance,,trusted,weekday_rule,base_calendar,True,301,2024-12-27,complete
2024-12-27,0.00,0.00,0,2903268.67,last_posted_transaction_or_prior_closing_balance,,trusted,weekday_rule,base_calendar,True,302,2024-12-30,complete
2024-12-28,0.00,0.00,0,2903268.67,last_posted_transaction_or_prior_closing_balance,,trusted,weekday_rule,base_calendar,False,,,complete
2024-12-29,0.00,0.00,0,2903268.67,last_posted_transaction_or_prior_closing_balance,,trusted,weekday_rule,base_calendar,False,,,complete
2024-12-30,0.00,35029.92,3,2868238.75,last_posted_transaction_or_prior_closing_balance,synb1_txn_bc26a1ee5ae772f8fff6ed0a,trusted,weekday_rule,base_calendar,True,303,2024-12-31,complete
2024-12-31,0.00,0.00,0,2868238.75,last_posted_transaction_or_prior_closing_balance,,trusted,weekday_rule,base_calendar,True,304,2025-01-02,complete
2025-01-01,0.00,0.00,0,2868238.75,last_posted_transaction_or_prior_closing_balance,,trusted,gov_cn_2025_holiday_schedule_v1,base_calendar,False,,,complete
2025-01-02,0.00,0.00,0,2868238.75,last_posted_transaction_or_prior_closing_balance,,trusted,weekday_rule,base_calendar,True,305,2025-01-03,complete
2025-01-03,0.00,47651.42,1,2820587.33,last_posted_transaction_or_prior_closing_balance,synb1_txn_90b9e301e3ce82245d5d25fd,trusted,weekday_rule,base_calendar,True,306,2025-01-05,complete
2025-01-04,0.00,0.00,0,2820587.33,last_posted_transaction_or_prior_closing_balance,,trusted,weekday_rule,base_calendar,False,,,complete
2025-01-05,329142.85,141886.42,2,3007843.76,last_posted_transaction_or_prior_closing_balance,synb1_txn_f1df655dac3202c181d36c28,trusted,historical_transaction_override,historical_transaction_override,True,307,2025-01-06,complete
2025-01-06,0.00,0.00,0,3007843.76,last_posted_transaction_or_prior_closing_balance,,trusted,weekday_rule,base_calendar,True,308,2025-01-07,complete
2025-01-07,0.00,249405.50,3,2758438.26,last_posted_transaction_or_prior_closing_balance,synb1_txn_4e1d0a4daf2844f0f4bc7226,trusted,weekday_rule,base_calendar,True,309,2025-01-08,complete
2025-01-08,0.00,0.00,0,2758438.26,last_posted_transaction_or_prior_closing_balance,,trusted,weekday_rule,base_calendar,True,310,2025-01-09,complete
2025-01-09,0.00,71597.04,1,2686841.22,last_posted_transaction_or_prior_closing_balance,synb1_txn_90b3bcbed36a1d70783dfd33,trusted,weekday_rule,base_calendar,True,311,2025-01-10,complete
2025-01-10,0.00,0.00,0,2686841.22,last_posted_transaction_or_prior_closing_balance,,trusted,weekday_rule,base_calendar,True,312,2025-01-13,complete
2025-01-11,0.00,0.00,0,2686841.22,last_posted_transaction_or_prior_closing_balance,,trusted,weekday_rule,base_calendar,False,,,complete
2025-01-12,0.00,0.00,0,2686841.22,last_posted_transaction_or_prior_closing_balance,,trusted,weekday_rule,base_calendar,False,,,complete
2025-01-13,0.00,0.00,0,2686841.22,last_posted_transaction_or_prior_closing_balance,,trusted,weekday_rule,base_calendar,True,313,2025-01-14,complete
2025-01-14,0.00,0.00,0,2686841.22,last_posted_transaction_or_prior_closing_balance,,trusted,weekday_rule,base_calendar,True,314,2025-01-15,complete
2025-01-15,0.00,0.00,0,2686841.22,last_posted_transaction_or_prior_closing_balance,,trusted,weekday_rule,base_calendar,True,315,2025-01-16,complete
2025-01-16,0.00,0.00,0,2686841.22,last_posted_transaction_or_prior_closing_balance,,trusted,weekday_rule,base_calendar,True,316,2025-01-17,complete
2025-01-17,0.00,0.00,0,2686841.22,last_posted_transaction_or_prior_closing_balance,,trusted,weekday_rule,base_calendar,True,317,2025-01-18,complete
2025-01-18,240000.00,0.00,1,2926841.22,last_posted_transaction_or_prior_closing_balance,synb1_txn_0bab9783e6bcb6cbad48ac30,trusted,historical_transaction_override,historical_transaction_override,True,318,2025-01-20,complete
2025-01-19,0.00,0.00,0,2926841.22,last_posted_transaction_or_prior_closing_balance,,trusted,weekday_rule,base_calendar,False,,,complete
2025-01-20,0.00,119328.41,1,2807512.81,last_posted_transaction_or_prior_closing_balance,synb1_txn_a675bbef1ecf1223a3bf877b,trusted,weekday_rule,base_calendar,True,319,2025-01-21,complete
2025-01-21,0.00,0.00,0,2807512.81,last_posted_transaction_or_prior_closing_balance,,trusted,weekday_rule,base_calendar,True,320,2025-01-22,complete
2025-01-22,0.00,105009.00,1,2702503.81,last_posted_transaction_or_prior_closing_balance,synb1_txn_db6802a8eca8d164d7db1bb8,trusted,weekday_rule,base_calendar,True,321,2025-01-23,complete
2025-01-23,493714.30,0.00,1,3196218.11,last_posted_transaction_or_prior_closing_balance,synb1_txn_5cf03de52649485ee9652b23,trusted,weekday_rule,base_calendar,True,322,2025-01-24,complete
2025-01-24,0.00,0.00,0,3196218.11,last_posted_transaction_or_prior_closing_balance,,trusted,weekday_rule,base_calendar,True,323,2025-01-25,complete
2025-01-25,0.00,78887.26,1,3117330.85,last_posted_transaction_or_prior_closing_balance,synb1_txn_9ff1756f2235355d67cedc9d,trusted,historical_transaction_override,historical_transaction_override,True,324,2025-01-26,complete
2025-01-26,0.00,0.00,0,3117330.85,last_posted_transaction_or_prior_closing_balance,,trusted,gov_cn_2025_holiday_schedule_v1,base_calendar,True,325,2025-01-27,complete
2025-01-27,0.00,0.00,0,3117330.85,last_posted_transaction_or_prior_closing_balance,,trusted,weekday_rule,base_calendar,True,326,2025-02-01,complete
2025-01-28,0.00,0.00,0,3117330.85,last_posted_transaction_or_prior_closing_balance,,trusted,gov_cn_2025_holiday_schedule_v1,base_calendar,False,,,complete
2025-01-29,0.00,0.00,0,3117330.85,last_posted_transaction_or_prior_closing_balance,,trusted,gov_cn_2025_holiday_schedule_v1,base_calendar,False,,,complete
2025-01-30,0.00,0.00,0,3117330.85,last_posted_transaction_or_prior_closing_balance,,trusted,gov_cn_2025_holiday_schedule_v1,base_calendar,False,,,complete
2025-01-31,0.00,0.00,0,3117330.85,last_posted_transaction_or_prior_closing_balance,,trusted,gov_cn_2025_holiday_schedule_v1,base_calendar,False,,,complete
2025-02-01,0.00,109782.13,1,3007548.72,last_posted_transaction_or_prior_closing_balance,synb1_txn_4d28a0c9fdcd04821433ac5f,trusted,historical_transaction_override,historical_transaction_override,True,327,2025-02-02,complete
2025-02-02,0.00,90689.59,1,2916859.13,last_posted_transaction_or_prior_closing_balance,synb1_txn_5655343e6cf5c88c61fe517d,trusted,historical_transaction_override,historical_transaction_override,True,328,2025-02-03,complete
2025-02-03,0.00,171752.96,2,2745106.17,last_posted_transaction_or_prior_closing_balance,synb1_txn_6ec5e4b8709583f5199e1fd5,trusted,historical_transaction_override,historical_transaction_override,True,329,2025-02-04,complete
2025-02-04,528000.00,137069.26,3,3136036.91,last_posted_transaction_or_prior_closing_balance,synb1_txn_61d61c019e269bf6e755655c,trusted,historical_transaction_override,historical_transaction_override,True,330,2025-02-05,complete
2025-02-05,0.00,35029.92,3,3101006.99,last_posted_transaction_or_prior_closing_balance,synb1_txn_a76499286e8a6c757150b980,trusted,weekday_rule,base_calendar,True,331,2025-02-06,complete
2025-02-06,0.00,72019.44,1,3028987.55,last_posted_transaction_or_prior_closing_balance,synb1_txn_aeebd07210b6befde29b322b,trusted,weekday_rule,base_calendar,True,332,2025-02-07,complete
2025-02-07,0.00,161135.13,1,2867852.42,last_posted_transaction_or_prior_closing_balance,synb1_txn_c47c35796305a7bd5da38570,trusted,weekday_rule,base_calendar,True,333,2025-02-08,complete
2025-02-08,0.00,0.00,0,2867852.42,last_posted_transaction_or_prior_closing_balance,,trusted,gov_cn_2025_holiday_schedule_v1,base_calendar,True,334,2025-02-10,complete
2025-02-09,0.00,0.00,0,2867852.42,last_posted_transaction_or_prior_closing_balance,,trusted,weekday_rule,base_calendar,False,,,complete
2025-02-10,0.00,0.00,0,2867852.42,last_posted_transaction_or_prior_closing_balance,,trusted,weekday_rule,base_calendar,True,335,2025-02-11,complete
2025-02-11,0.00,0.00,0,2867852.42,last_posted_transaction_or_prior_closing_balance,,trusted,weekday_rule,base_calendar,True,336,2025-02-12,complete
2025-02-12,0.00,0.00,0,2867852.42,last_posted_transaction_or_prior_closing_balance,,trusted,weekday_rule,base_calendar,True,337,2025-02-13,complete
2025-02-13,0.00,0.00,0,2867852.42,last_posted_transaction_or_prior_closing_balance,,trusted,weekday_rule,base_calendar,True,338,2025-02-14,complete
2025-02-14,0.00,0.00,0,2867852.42,last_posted_transaction_or_prior_closing_balance,,trusted,weekday_rule,base_calendar,True,339,2025-02-15,complete
2025-02-15,0.00,98208.39,1,2769644.03,last_posted_transaction_or_prior_closing_balance,synb1_txn_527cc03f19dffc8ab24e80ba,trusted,historical_transaction_override,historical_transaction_override,True,340,2025-02-17,complete
2025-02-16,0.00,0.00,0,2769644.03,last_posted_transaction_or_prior_closing_balance,,trusted,weekday_rule,base_calendar,False,,,complete
2025-02-17,391245.28,117850.00,2,3043039.31,last_posted_transaction_or_prior_closing_balance,synb1_txn_190a45741a1bb9cc5eacebb4,trusted,weekday_rule,base_calendar,True,341,2025-02-18,complete
2025-02-18,0.00,0.00,0,3043039.31,last_posted_transaction_or_prior_closing_balance,,trusted,weekday_rule,base_calendar,True,342,2025-02-19,complete
2025-02-19,0.00,0.00,0,3043039.31,last_posted_transaction_or_prior_closing_balance,,trusted,weekday_rule,base_calendar,True,343,2025-02-20,complete
2025-02-20,0.00,0.00,0,3043039.31,last_posted_transaction_or_prior_closing_balance,,trusted,weekday_rule,base_calendar,True,344,2025-02-21,complete
2025-02-21,0.00,0.00,0,3043039.31,last_posted_transaction_or_prior_closing_balance,,trusted,weekday_rule,base_calendar,True,345,2025-02-22,complete
2025-02-22,384000.00,0.00,1,3427039.31,last_posted_transaction_or_prior_closing_balance,synb1_txn_985685d84e96d4ca238dbde0,trusted,historical_transaction_override,historical_transaction_override,True,346,2025-02-24,complete
2025-02-23,0.00,0.00,0,3427039.31,last_posted_transaction_or_prior_closing_balance,,trusted,weekday_rule,base_calendar,False,,,complete
2025-02-24,0.00,0.00,0,3427039.31,last_posted_transaction_or_prior_closing_balance,,trusted,weekday_rule,base_calendar,True,347,2025-02-25,complete
2025-02-25,0.00,78887.26,1,3348152.05,last_posted_transaction_or_prior_closing_balance,synb1_txn_fd958d1921da0821a4c847e7,trusted,weekday_rule,base_calendar,True,348,2025-02-26,complete
2025-02-26,0.00,0.00,0,3348152.05,last_posted_transaction_or_prior_closing_balance,,trusted,weekday_rule,base_calendar,True,349,2025-02-27,complete
2025-02-27,304301.89,0.00,1,3652453.94,last_posted_transaction_or_prior_closing_balance,synb1_txn_403f207761a279b4b4872d70,trusted,weekday_rule,base_calendar,True,350,2025-02-28,complete
2025-02-28,0.00,35029.92,3,3617424.02,last_posted_transaction_or_prior_closing_balance,synb1_txn_f446bdeb196a8ef3ae23e229,trusted,weekday_rule,base_calendar,True,351,2025-03-01,complete
2025-03-01,0.00,104755.56,1,3512668.46,last_posted_transaction_or_prior_closing_balance,synb1_txn_7b32cdb5c77105b94476215d,trusted,historical_transaction_override,historical_transaction_override,True,352,2025-03-03,complete
2025-03-02,0.00,0.00,0,3512668.46,last_posted_transaction_or_prior_closing_balance,,trusted,weekday_rule,base_calendar,False,,,complete
2025-03-03,0.00,224871.37,3,3287797.09,last_posted_transaction_or_prior_closing_balance,synb1_txn_b6d2764106981f4632c53061,trusted,weekday_rule,base_calendar,True,353,2025-03-04,complete
2025-03-04,0.00,85113.89,1,3202683.20,last_posted_transaction_or_prior_closing_balance,synb1_txn_ed839e3fb78b89d0d7357417,trusted,weekday_rule,base_calendar,True,354,2025-03-05,complete
2025-03-05,0.00,0.00,0,3202683.20,last_posted_transaction_or_prior_closing_balance,,trusted,weekday_rule,base_calendar,True,355,2025-03-06,complete
2025-03-06,0.00,0.00,0,3202683.20,last_posted_transaction_or_prior_closing_balance,,trusted,weekday_rule,base_calendar,True,356,2025-03-07,complete
2025-03-07,0.00,161135.13,1,3041548.07,last_posted_transaction_or_prior_closing_balance,synb1_txn_c3979225f795b1e22564b5e6,trusted,weekday_rule,base_calendar,True,357,2025-03-10,complete
2025-03-08,0.00,0.00,0,3041548.07,last_posted_transaction_or_prior_closing_balance,,trusted,weekday_rule,base_calendar,False,,,complete
2025-03-09,0.00,0.00,0,3041548.07,last_posted_transaction_or_prior_closing_balance,,trusted,weekday_rule,base_calendar,False,,,complete
2025-03-10,0.00,0.00,0,3041548.07,last_posted_transaction_or_prior_closing_balance,,trusted,weekday_rule,base_calendar,True,358,2025-03-11,complete
2025-03-11,0.00,0.00,0,3041548.07,last_posted_transaction_or_prior_closing_balance,,trusted,weekday_rule,base_calendar,True,359,2025-03-12,complete
2025-03-12,0.00,129291.75,1,2912256.32,last_posted_transaction_or_prior_closing_balance,synb1_txn_031e9c534e6f4537cab5e1ce,trusted,weekday_rule,base_calendar,True,360,2025-03-13,complete
2025-03-13,0.00,0.00,0,2912256.32,last_posted_transaction_or_prior_closing_balance,,trusted,weekday_rule,base_calendar,True,361,2025-03-14,complete
2025-03-14,0.00,86194.50,1,2826061.82,last_posted_transaction_or_prior_closing_balance,synb1_txn_74a30729fdc984923e3ab132,trusted,weekday_rule,base_calendar,True,362,2025-03-16,complete
2025-03-15,0.00,0.00,0,2826061.82,last_posted_transaction_or_prior_closing_balance,,trusted,weekday_rule,base_calendar,False,,,complete
2025-03-16,351457.62,0.00,1,3177519.44,last_posted_transaction_or_prior_closing_balance,synb1_txn_48899b1ac94ab4e0d6d24f58,trusted,historical_transaction_override,historical_transaction_override,True,363,2025-03-17,complete
2025-03-17,0.00,0.00,0,3177519.44,last_posted_transaction_or_prior_closing_balance,,trusted,weekday_rule,base_calendar,True,364,2025-03-18,complete
2025-03-18,0.00,0.00,0,3177519.44,last_posted_transaction_or_prior_closing_balance,,trusted,weekday_rule,base_calendar,True,365,2025-03-19,complete
2025-03-19,0.00,57463.00,1,3120056.44,last_posted_transaction_or_prior_closing_balance,synb1_txn_3a532a9c9e2e3b87cc22a501,trusted,weekday_rule,base_calendar,True,366,2025-03-20,complete
2025-03-20,0.00,98208.33,1,3021848.11,last_posted_transaction_or_prior_closing_balance,synb1_txn_41ab876224e69e52b7107852,trusted,weekday_rule,base_calendar,True,367,2025-03-21,complete
2025-03-21,0.00,0.00,0,3021848.11,last_posted_transaction_or_prior_closing_balance,,trusted,weekday_rule,base_calendar,True,368,2025-03-24,complete
2025-03-22,0.00,0.00,0,3021848.11,last_posted_transaction_or_prior_closing_balance,,trusted,weekday_rule,base_calendar,False,,,complete
2025-03-23,0.00,0.00,0,3021848.11,last_posted_transaction_or_prior_closing_balance,,trusted,weekday_rule,base_calendar,False,,,complete
2025-03-24,456452.83,71828.79,2,3406472.15,last_posted_transaction_or_prior_closing_balance,synb1_txn_7146d28eeff3b5cbe914a987,trusted,weekday_rule,base_calendar,True,369,2025-03-25,complete
2025-03-25,0.00,78887.26,1,3327584.89,last_posted_transaction_or_prior_closing_balance,synb1_txn_7d7b4c5b7fa1a80983bf8099,trusted,weekday_rule,base_calendar,True,370,2025-03-26,complete
2025-03-26,370983.05,79011.62,2,3619556.32,last_posted_transaction_or_prior_closing_balance,synb1_txn_19b7416f36063abebb83ada8,trusted,weekday_rule,base_calendar,True,371,2025-03-27,complete
2025-03-27,0.00,0.00,0,3619556.32,last_posted_transaction_or_prior_closing_balance,,trusted,weekday_rule,base_calendar,True,372,2025-03-28,complete
2025-03-28,0.00,35029.92,3,3584526.40,last_posted_transaction_or_prior_closing_balance,synb1_txn_a0905c96a1c23b0b869b7852,trusted,weekday_rule,base_calendar,True,373,2025-03-31,complete
2025-03-29,0.00,0.00,0,3584526.40,last_posted_transaction_or_prior_closing_balance,,trusted,weekday_rule,base_calendar,False,,,complete
2025-03-30,0.00,0.00,0,3584526.40,last_posted_transaction_or_prior_closing_balance,,trusted,weekday_rule,base_calendar,False,,,complete
2025-03-31,0.00,0.00,0,3584526.40,last_posted_transaction_or_prior_closing_balance,,trusted,weekday_rule,base_calendar,True,374,2025-04-01,complete
2025-04-01,0.00,0.00,0,3584526.40,last_posted_transaction_or_prior_closing_balance,,trusted,weekday_rule,base_calendar,True,375,2025-04-02,complete
2025-04-02,0.00,0.00,0,3584526.40,last_posted_transaction_or_prior_closing_balance,,trusted,weekday_rule,base_calendar,True,376,2025-04-03,complete
2025-04-03,0.00,47651.42,1,3536874.98,last_posted_transaction_or_prior_closing_balance,synb1_txn_0d16ec73c6dd84576ef8bd5d,trusted,weekday_rule,base_calendar,True,377,2025-04-05,complete
2025-04-04,0.00,0.00,0,3536874.98,last_posted_transaction_or_prior_closing_balance,,trusted,gov_cn_2025_holiday_schedule_v1,base_calendar,False,,,complete
2025-04-05,429559.33,0.00,1,3966434.31,last_posted_transaction_or_prior_closing_balance,synb1_txn_3e850f90d72dfe0ef2b2321d,trusted,historical_transaction_override,historical_transaction_override,True,378,2025-04-07,complete
2025-04-06,0.00,0.00,0,3966434.31,last_posted_transaction_or_prior_closing_balance,,trusted,gov_cn_2025_holiday_schedule_v1,base_calendar,False,,,complete
2025-04-07,0.00,161135.13,1,3805299.18,last_posted_transaction_or_prior_closing_balance,synb1_txn_029753f965d92e953e91393d,trusted,weekday_rule,base_calendar,True,379,2025-04-08,complete
2025-04-08,0.00,0.00,0,3805299.18,last_posted_transaction_or_prior_closing_balance,,trusted,weekday_rule,base_calendar,True,380,2025-04-09,complete
2025-04-09,0.00,50158.38,1,3755140.80,last_posted_transaction_or_prior_closing_balance,synb1_txn_604301111b5764916486eb89,trusted,weekday_rule,base_calendar,True,381,2025-04-10,complete
2025-04-10,0.00,0.00,0,3755140.80,last_posted_transaction_or_prior_closing_balance,,trusted,weekday_rule,base_calendar,True,382,2025-04-11,complete
2025-04-11,0.00,87777.17,1,3667363.63,last_posted_transaction_or_prior_closing_balance,synb1_txn_33e859179d53bc4b36b387ca,trusted,weekday_rule,base_calendar,True,383,2025-04-14,complete
2025-04-12,0.00,0.00,0,3667363.63,last_posted_transaction_or_prior_closing_balance,,trusted,weekday_rule,base_calendar,False,,,complete
2025-04-13,0.00,0.00,0,3667363.63,last_posted_transaction_or_prior_closing_balance,,trusted,weekday_rule,base_calendar,False,,,complete
2025-04-14,0.00,136474.63,1,3530889.00,last_posted_transaction_or_prior_closing_balance,synb1_txn_fe4bd6f015bc6008e361e3d2,trusted,weekday_rule,base_calendar,True,384,2025-04-15,complete
2025-04-15,0.00,0.00,0,3530889.00,last_posted_transaction_or_prior_closing_balance,,trusted,weekday_rule,base_calendar,True,385,2025-04-16,complete
2025-04-16,0.00,163258.22,2,3367630.78,last_posted_transaction_or_prior_closing_balance,synb1_txn_9e69ea9dae9a9d0f0af6eae8,trusted,weekday_rule,base_calendar,True,386,2025-04-17,complete
2025-04-17,0.00,0.00,0,3367630.78,last_posted_transaction_or_prior_closing_balance,,trusted,weekday_rule,base_calendar,True,387,2025-04-18,complete
2025-04-18,0.00,119126.16,1,3248504.62,last_posted_transaction_or_prior_closing_balance,synb1_txn_d6115c8b91561b1fd967ab83,trusted,weekday_rule,base_calendar,True,388,2025-04-21,complete
2025-04-19,0.00,0.00,0,3248504.62,last_posted_transaction_or_prior_closing_balance,,trusted,weekday_rule,base_calendar,False,,,complete
2025-04-20,0.00,0.00,0,3248504.62,last_posted_transaction_or_prior_closing_balance,,trusted,weekday_rule,base_calendar,False,,,complete
2025-04-21,0.00,175554.34,1,3072950.28,last_posted_transaction_or_prior_closing_balance,synb1_txn_1fb64be2a16e7d0063b06168,trusted,weekday_rule,base_calendar,True,389,2025-04-22,complete
2025-04-22,0.00,0.00,0,3072950.28,last_posted_transaction_or_prior_closing_balance,,trusted,weekday_rule,base_calendar,True,390,2025-04-23,complete
2025-04-23,0.00,68967.77,1,3003982.51,last_posted_transaction_or_prior_closing_balance,synb1_txn_09b092bece588dd73852c8b1,trusted,weekday_rule,base_calendar,True,391,2025-04-24,complete
2025-04-24,0.00,0.00,0,3003982.51,last_posted_transaction_or_prior_closing_balance,,trusted,weekday_rule,base_calendar,True,392,2025-04-25,complete
2025-04-25,429176.47,78887.26,2,3354271.72,last_posted_transaction_or_prior_closing_balance,synb1_txn_318bece738e95e38ce20df75,trusted,weekday_rule,base_calendar,True,393,2025-04-27,complete
2025-04-26,0.00,0.00,0,3354271.72,last_posted_transaction_or_prior_closing_balance,,trusted,weekday_rule,base_calendar,False,,,complete
2025-04-27,0.00,0.00,0,3354271.72,last_posted_transaction_or_prior_closing_balance,,trusted,gov_cn_2025_holiday_schedule_v1,base_calendar,True,394,2025-04-28,complete
2025-04-28,0.00,35029.92,3,3319241.80,last_posted_transaction_or_prior_closing_balance,synb1_txn_b22e5cabb7dba8551834c956,trusted,weekday_rule,base_calendar,True,395,2025-04-29,complete
2025-04-29,0.00,0.00,0,3319241.80,last_posted_transaction_or_prior_closing_balance,,trusted,weekday_rule,base_calendar,True,396,2025-04-30,complete
2025-04-30,0.00,0.00,0,3319241.80,last_posted_transaction_or_prior_closing_balance,,trusted,weekday_rule,base_calendar,True,397,2025-05-03,complete
2025-05-01,0.00,0.00,0,3319241.80,last_posted_transaction_or_prior_closing_balance,,trusted,gov_cn_2025_holiday_schedule_v1,base_calendar,False,,,complete
2025-05-02,0.00,0.00,0,3319241.80,last_posted_transaction_or_prior_closing_balance,,trusted,gov_cn_2025_holiday_schedule_v1,base_calendar,False,,,complete
2025-05-03,0.00,47651.42,1,3271590.38,last_posted_transaction_or_prior_closing_balance,synb1_txn_f80a79f87f002cf8698d8756,trusted,historical_transaction_override,historical_transaction_override,True,398,2025-05-05,complete
2025-05-04,0.00,0.00,0,3271590.38,last_posted_transaction_or_prior_closing_balance,,trusted,gov_cn_2025_holiday_schedule_v1,base_calendar,False,,,complete
2025-05-05,451764.70,0.00,1,3723355.08,last_posted_transaction_or_prior_closing_balance,synb1_txn_7b577acc4a9818bd680674bd,trusted,historical_transaction_override,historical_transaction_override,True,399,2025-05-06,complete
2025-05-06,0.00,0.00,0,3723355.08,last_posted_transaction_or_prior_closing_balance,,trusted,weekday_rule,base_calendar,True,400,2025-05-07,complete
2025-05-07,0.00,161135.13,1,3562219.95,last_posted_transaction_or_prior_closing_balance,synb1_txn_c3295adadfb5550e045292cc,trusted,weekday_rule,base_calendar,True,401,2025-05-08,complete
2025-05-08,0.00,0.00,0,3562219.95,last_posted_transaction_or_prior_closing_balance,,trusted,weekday_rule,base_calendar,True,402,2025-05-09,complete
2025-05-09,0.00,0.00,0,3562219.95,last_posted_transaction_or_prior_closing_balance,,trusted,weekday_rule,base_calendar,True,403,2025-05-10,complete
2025-05-10,0.00,62698.01,1,3499521.94,last_posted_transaction_or_prior_closing_balance,synb1_txn_8f1477299e9c6780116bd3c8,trusted,historical_transaction_override,historical_transaction_override,True,404,2025-05-11,complete
2025-05-11,0.00,32367.87,1,3467154.07,last_posted_transaction_or_prior_closing_balance,synb1_txn_6a74bffdec73a567b41c5b52,trusted,historical_transaction_override,historical_transaction_override,True,405,2025-05-12,complete
2025-05-12,0.00,112856.36,1,3354297.71,last_posted_transaction_or_prior_closing_balance,synb1_txn_f8078bcb88f80bfe3beeb667,trusted,weekday_rule,base_calendar,True,406,2025-05-13,complete
2025-05-13,0.00,45314.96,1,3308982.75,last_posted_transaction_or_prior_closing_balance,synb1_txn_8714b73bf7609020c25d20c4,trusted,weekday_rule,base_calendar,True,407,2025-05-14,complete
2025-05-14,0.00,0.00,0,3308982.75,last_posted_transaction_or_prior_closing_balance,,trusted,weekday_rule,base_calendar,True,408,2025-05-15,complete
2025-05-15,0.00,0.00,0,3308982.75,last_posted_transaction_or_prior_closing_balance,,trusted,weekday_rule,base_calendar,True,409,2025-05-16,complete
2025-05-16,0.00,0.00,0,3308982.75,last_posted_transaction_or_prior_closing_balance,,trusted,weekday_rule,base_calendar,True,410,2025-05-17,complete
2025-05-17,271058.83,0.00,1,3580041.58,last_posted_transaction_or_prior_closing_balance,synb1_txn_74e08c7f65ec2878d4dfa616,trusted,historical_transaction_override,historical_transaction_override,True,411,2025-05-18,complete
2025-05-18,0.00,34525.68,1,3545515.90,last_posted_transaction_or_prior_closing_balance,synb1_txn_178fa740e36ec030a551b62b,trusted,historical_transaction_override,historical_transaction_override,True,412,2025-05-19,complete
2025-05-19,0.00,0.00,0,3545515.90,last_posted_transaction_or_prior_closing_balance,,trusted,weekday_rule,base_calendar,True,413,2025-05-20,complete
2025-05-20,0.00,34525.68,1,3510990.22,last_posted_transaction_or_prior_closing_balance,synb1_txn_8c930bb1f0f67924adb6cab1,trusted,weekday_rule,base_calendar,True,414,2025-05-21,complete
2025-05-21,0.00,0.00,0,3510990.22,last_posted_transaction_or_prior_closing_balance,,trusted,weekday_rule,base_calendar,True,415,2025-05-22,complete
2025-05-22,0.00,0.00,0,3510990.22,last_posted_transaction_or_prior_closing_balance,,trusted,weekday_rule,base_calendar,True,416,2025-05-23,complete
2025-05-23,0.00,0.00,0,3510990.22,last_posted_transaction_or_prior_closing_balance,,trusted,weekday_rule,base_calendar,True,417,2025-05-24,complete
2025-05-24,0.00,38841.39,1,3472148.83,last_posted_transaction_or_prior_closing_balance,synb1_txn_2028f8ab4a0ad1c8d93249a2,trusted,historical_transaction_override,historical_transaction_override,True,418,2025-05-25,complete
2025-05-25,0.00,78887.26,1,3393261.57,last_posted_transaction_or_prior_closing_balance,synb1_txn_6cadaa7f1a8717156c438b84,trusted,historical_transaction_override,historical_transaction_override,True,419,2025-05-26,complete
2025-05-26,0.00,36683.54,1,3356578.03,last_posted_transaction_or_prior_closing_balance,synb1_txn_889f33deab452eb3a004e0ea,trusted,weekday_rule,base_calendar,True,420,2025-05-27,complete
2025-05-27,0.00,0.00,0,3356578.03,last_posted_transaction_or_prior_closing_balance,,trusted,weekday_rule,base_calendar,True,421,2025-05-28,complete
2025-05-28,0.00,35029.92,3,3321548.11,last_posted_transaction_or_prior_closing_balance,synb1_txn_cc66c1eb2eebfafd27712310,trusted,weekday_rule,base_calendar,True,422,2025-05-29,complete
2025-05-29,0.00,0.00,0,3321548.11,last_posted_transaction_or_prior_closing_balance,,trusted,weekday_rule,base_calendar,True,423,2025-05-30,complete
2025-05-30,0.00,0.00,0,3321548.11,last_posted_transaction_or_prior_closing_balance,,trusted,weekday_rule,base_calendar,True,424,2025-06-03,complete
2025-05-31,0.00,0.00,0,3321548.11,last_posted_transaction_or_prior_closing_balance,,trusted,gov_cn_2025_holiday_schedule_v1,base_calendar,False,,,complete
2025-06-01,0.00,0.00,0,3321548.11,last_posted_transaction_or_prior_closing_balance,,trusted,gov_cn_2025_holiday_schedule_v1,base_calendar,False,,,complete
2025-06-02,0.00,0.00,0,3321548.11,last_posted_transaction_or_prior_closing_balance,,trusted,gov_cn_2025_holiday_schedule_v1,base_calendar,False,,,complete
2025-06-03,109963.63,47651.42,2,3383860.32,last_posted_transaction_or_prior_closing_balance,synb1_txn_f437cd6368fbcdbd83d6fe0d,trusted,weekday_rule,base_calendar,True,425,2025-06-04,complete
2025-06-04,0.00,0.00,0,3383860.32,last_posted_transaction_or_prior_closing_balance,,trusted,weekday_rule,base_calendar,True,426,2025-06-05,complete
2025-06-05,0.00,0.00,0,3383860.32,last_posted_transaction_or_prior_closing_balance,,trusted,weekday_rule,base_calendar,True,427,2025-06-06,complete
2025-06-06,0.00,45314.96,1,3338545.36,last_posted_transaction_or_prior_closing_balance,synb1_txn_51a974877433649d5aae1172,trusted,weekday_rule,base_calendar,True,428,2025-06-07,complete
2025-06-07,0.00,161135.13,1,3177410.23,last_posted_transaction_or_prior_closing_balance,synb1_txn_d715ea6142478a427aadb73b,trusted,historical_transaction_override,historical_transaction_override,True,429,2025-06-08,complete
2025-06-08,0.00,82905.62,2,3094504.61,last_posted_transaction_or_prior_closing_balance,synb1_txn_d7b55d3fbc58431912c38612,trusted,historical_transaction_override,historical_transaction_override,True,430,2025-06-09,complete
2025-06-09,0.00,0.00,0,3094504.61,last_posted_transaction_or_prior_closing_balance,,trusted,weekday_rule,base_calendar,True,431,2025-06-10,complete
2025-06-10,0.00,43294.55,1,3051210.06,last_posted_transaction_or_prior_closing_balance,synb1_txn_528a1ce987afad2573419f22,trusted,weekday_rule,base_calendar,True,432,2025-06-11,complete
2025-06-11,0.00,0.00,0,3051210.06,last_posted_transaction_or_prior_closing_balance,,trusted,weekday_rule,base_calendar,True,433,2025-06-12,complete
2025-06-12,0.00,0.00,0,3051210.06,last_posted_transaction_or_prior_closing_balance,,trusted,weekday_rule,base_calendar,True,434,2025-06-13,complete
2025-06-13,0.00,0.00,0,3051210.06,last_posted_transaction_or_prior_closing_balance,,trusted,weekday_rule,base_calendar,True,435,2025-06-15,complete
2025-06-14,0.00,0.00,0,3051210.06,last_posted_transaction_or_prior_closing_balance,,trusted,weekday_rule,base_calendar,False,,,complete
2025-06-15,256581.81,0.00,1,3307791.87,last_posted_transaction_or_prior_closing_balance,synb1_txn_f8ba0f494e352f199d35ec20,trusted,historical_transaction_override,historical_transaction_override,True,436,2025-06-16,complete
2025-06-16,0.00,0.00,0,3307791.87,last_posted_transaction_or_prior_closing_balance,,trusted,weekday_rule,base_calendar,True,437,2025-06-17,complete
2025-06-17,0.00,32986.32,1,3274805.55,last_posted_transaction_or_prior_closing_balance,synb1_txn_361b6fa3762cac60a814e10d,trusted,weekday_rule,base_calendar,True,438,2025-06-18,complete
2025-06-18,0.00,0.00,0,3274805.55,last_posted_transaction_or_prior_closing_balance,,trusted,weekday_rule,base_calendar,True,439,2025-06-19,complete
2025-06-19,0.00,41232.95,1,3233572.60,last_posted_transaction_or_prior_closing_balance,synb1_txn_d24683e0842a8b1e4c77dc8c,trusted,weekday_rule,base_calendar,True,440,2025-06-20,complete
2025-06-20,0.00,0.00,0,3233572.60,last_posted_transaction_or_prior_closing_balance,,trusted,weekday_rule,base_calendar,True,441,2025-06-21,complete
2025-06-21,0.00,41232.90,1,3192339.70,last_posted_transaction_or_prior_closing_balance,synb1_txn_c95182a979a4d8e49fe540b1,trusted,historical_transaction_override,historical_transaction_override,True,442,2025-06-23,complete
2025-06-22,0.00,0.00,0,3192339.70,last_posted_transaction_or_prior_closing_balance,,trusted,weekday_rule,base_calendar,False,,,complete
2025-06-23,0.00,0.00,0,3192339.70,last_posted_transaction_or_prior_closing_balance,,trusted,weekday_rule,base_calendar,True,443,2025-06-24,complete
2025-06-24,0.00,0.00,0,3192339.70,last_posted_transaction_or_prior_closing_balance,,trusted,weekday_rule,base_calendar,True,444,2025-06-25,complete
2025-06-25,0.00,78887.26,1,3113452.44,last_posted_transaction_or_prior_closing_balance,synb1_txn_c5bea692050e18c4d2d66582,trusted,weekday_rule,base_calendar,True,445,2025-06-26,complete
2025-06-26,0.00,0.00,0,3113452.44,last_posted_transaction_or_prior_closing_balance,,trusted,weekday_rule,base_calendar,True,446,2025-06-27,complete
2025-06-27,0.00,0.00,0,3113452.44,last_posted_transaction_or_prior_closing_balance,,trusted,weekday_rule,base_calendar,True,447,2025-06-28,complete
2025-06-28,94500.00,0.00,1,3207952.44,last_posted_transaction_or_prior_closing_balance,synb1_txn_b581e3273b42fc822414bc60,trusted,historical_transaction_override,historical_transaction_override,True,448,2025-06-30,complete
2025-06-29,0.00,0.00,0,3207952.44,last_posted_transaction_or_prior_closing_balance,,trusted,weekday_rule,base_calendar,False,,,complete
2025-06-30,0.00,5644.80,2,3202307.64,last_posted_transaction_or_prior_closing_balance,synb1_txn_064af33e66a9ac3d07203fd5,trusted,weekday_rule,base_calendar,True,449,2025-07-01,complete
2025-07-01,0.00,0.00,0,3202307.64,last_posted_transaction_or_prior_closing_balance,,trusted,weekday_rule,base_calendar,True,450,2025-07-02,complete
2025-07-02,0.00,0.00,0,3202307.64,last_posted_transaction_or_prior_closing_balance,,trusted,weekday_rule,base_calendar,True,451,2025-07-03,complete
2025-07-03,137454.56,84761.03,3,3255001.17,last_posted_transaction_or_prior_closing_balance,synb1_txn_4da8002816fdae35cf64125b,trusted,weekday_rule,base_calendar,True,452,2025-07-04,complete
2025-07-04,0.00,49479.48,1,3205521.69,last_posted_transaction_or_prior_closing_balance,synb1_txn_b799785018f50db51bdce6ee,trusted,weekday_rule,base_calendar,True,453,2025-07-05,complete
2025-07-05,0.00,45164.41,1,3160357.28,last_posted_transaction_or_prior_closing_balance,synb1_txn_6ec9e0aec11c2ce6dbfbfd7f,trusted,historical_transaction_override,historical_transaction_override,True,454,2025-07-06,complete
2025-07-06,0.00,51541.13,1,3108816.15,last_posted_transaction_or_prior_closing_balance,synb1_txn_d19d6ea5a4dd591428c59d42,trusted,historical_transaction_override,historical_transaction_override,True,455,2025-07-07,complete
2025-07-07,0.00,204417.69,2,2904398.46,last_posted_transaction_or_prior_closing_balance,synb1_txn_287ce14e04ab06082c4a1f15,trusted,weekday_rule,base_calendar,True,456,2025-07-08,complete
2025-07-08,0.00,0.00,0,2904398.46,last_posted_transaction_or_prior_closing_balance,,trusted,weekday_rule,base_calendar,True,457,2025-07-09,complete
2025-07-09,0.00,0.00,0,2904398.46,last_posted_transaction_or_prior_closing_balance,,trusted,weekday_rule,base_calendar,True,458,2025-07-10,complete
2025-07-10,0.00,0.00,0,2904398.46,last_posted_transaction_or_prior_closing_balance,,trusted,weekday_rule,base_calendar,True,459,2025-07-11,complete
2025-07-11,0.00,0.00,0,2904398.46,last_posted_transaction_or_prior_closing_balance,,trusted,weekday_rule,base_calendar,True,460,2025-07-14,complete
2025-07-12,0.00,0.00,0,2904398.46,last_posted_transaction_or_prior_closing_balance,,trusted,weekday_rule,base_calendar,False,,,complete
2025-07-13,0.00,0.00,0,2904398.46,last_posted_transaction_or_prior_closing_balance,,trusted,weekday_rule,base_calendar,False,,,complete
2025-07-14,0.00,0.00,0,2904398.46,last_posted_transaction_or_prior_closing_balance,,trusted,weekday_rule,base_calendar,True,461,2025-07-15,complete
2025-07-15,283500.00,0.00,1,3187898.46,last_posted_transaction_or_prior_closing_balance,synb1_txn_7df68970ccbb51ecc9289d39,trusted,weekday_rule,base_calendar,True,462,2025-07-16,complete
2025-07-16,0.00,35755.16,1,3152143.30,last_posted_transaction_or_prior_closing_balance,synb1_txn_37c9d8ab4a8e7db7c90d197a,trusted,weekday_rule,base_calendar,True,463,2025-07-17,complete
2025-07-17,252000.01,0.00,1,3404143.31,last_posted_transaction_or_prior_closing_balance,synb1_txn_a89524ce25f935a9c1641d49,trusted,weekday_rule,base_calendar,True,464,2025-07-18,complete
2025-07-18,0.00,22582.20,1,3381561.11,last_posted_transaction_or_prior_closing_balance,synb1_txn_1fd9bf6cce535fba98efc5d2,trusted,weekday_rule,base_calendar,True,465,2025-07-21,complete
2025-07-19,0.00,0.00,0,3381561.11,last_posted_transaction_or_prior_closing_balance,,trusted,weekday_rule,base_calendar,False,,,complete
2025-07-20,0.00,0.00,0,3381561.11,last_posted_transaction_or_prior_closing_balance,,trusted,weekday_rule,base_calendar,False,,,complete
2025-07-21,0.00,0.00,0,3381561.11,last_posted_transaction_or_prior_closing_balance,,trusted,weekday_rule,base_calendar,True,466,2025-07-22,complete
2025-07-22,0.00,0.00,0,3381561.11,last_posted_transaction_or_prior_closing_balance,,trusted,weekday_rule,base_calendar,True,467,2025-07-23,complete
2025-07-23,0.00,0.00,0,3381561.11,last_posted_transaction_or_prior_closing_balance,,trusted,weekday_rule,base_calendar,True,468,2025-07-24,complete
2025-07-24,0.00,0.00,0,3381561.11,last_posted_transaction_or_prior_closing_balance,,trusted,weekday_rule,base_calendar,True,469,2025-07-25,complete
2025-07-25,0.00,78887.26,1,3302673.85,last_posted_transaction_or_prior_closing_balance,synb1_txn_a397a76b62dfa8d5981f37c6,trusted,weekday_rule,base_calendar,True,470,2025-07-27,complete
2025-07-26,0.00,0.00,0,3302673.85,last_posted_transaction_or_prior_closing_balance,,trusted,weekday_rule,base_calendar,False,,,complete
2025-07-27,114545.45,0.00,1,3417219.30,last_posted_transaction_or_prior_closing_balance,synb1_txn_e39a560520db3fdb6bd16422,trusted,historical_transaction_override,historical_transaction_override,True,471,2025-07-28,complete
2025-07-28,0.00,48927.41,3,3368291.89,last_posted_transaction_or_prior_closing_balance,synb1_txn_51b451a97921561a7a51e229,trusted,weekday_rule,base_calendar,True,472,2025-07-29,complete
2025-07-29,0.00,0.00,0,3368291.89,last_posted_transaction_or_prior_closing_balance,,trusted,weekday_rule,base_calendar,True,473,2025-07-30,complete
2025-07-30,0.00,43282.56,1,3325009.33,last_posted_transaction_or_prior_closing_balance,synb1_txn_35b7ce8e47225cd06510d715,trusted,weekday_rule,base_calendar,True,474,2025-07-31,complete
2025-07-31,0.00,0.00,0,3325009.33,last_posted_transaction_or_prior_closing_balance,,trusted,weekday_rule,base_calendar,True,475,2025-08-01,complete
2025-08-01,0.00,0.00,0,3325009.33,last_posted_transaction_or_prior_closing_balance,,trusted,weekday_rule,base_calendar,True,476,2025-08-02,complete
2025-08-02,126000.00,71767.54,3,3379241.79,last_posted_transaction_or_prior_closing_balance,synb1_txn_56f1879d02a03ff355f8bba5,trusted,historical_transaction_override,historical_transaction_override,True,477,2025-08-03,complete
2025-08-03,0.00,47651.42,1,3331590.37,last_posted_transaction_or_prior_closing_balance,synb1_txn_23e8b88b190c20a929369749,trusted,historical_transaction_override,historical_transaction_override,True,478,2025-08-04,complete
2025-08-04,0.00,32600.69,1,3298989.68,last_posted_transaction_or_prior_closing_balance,synb1_txn_b3fc37796b211ddfbeb57d61,trusted,weekday_rule,base_calendar,True,479,2025-08-05,complete
2025-08-05,0.00,0.00,0,3298989.68,last_posted_transaction_or_prior_closing_balance,,trusted,weekday_rule,base_calendar,True,480,2025-08-06,complete
2025-08-06,0.00,0.00,0,3298989.68,last_posted_transaction_or_prior_closing_balance,,trusted,weekday_rule,base_calendar,True,481,2025-08-07,complete
2025-08-07,0.00,161135.13,1,3137854.55,last_posted_transaction_or_prior_closing_balance,synb1_txn_0a65a7935d37d976dfb75e4f,trusted,weekday_rule,base_calendar,True,482,2025-08-08,complete
2025-08-08,0.00,0.00,0,3137854.55,last_posted_transaction_or_prior_closing_balance,,trusted,weekday_rule,base_calendar,True,483,2025-08-11,complete
2025-08-09,0.00,0.00,0,3137854.55,last_posted_transaction_or_prior_closing_balance,,trusted,weekday_rule,base_calendar,False,,,complete
2025-08-10,0.00,0.00,0,3137854.55,last_posted_transaction_or_prior_closing_balance,,trusted,weekday_rule,base_calendar,False,,,complete
2025-08-11,0.00,0.00,0,3137854.55,last_posted_transaction_or_prior_closing_balance,,trusted,weekday_rule,base_calendar,True,484,2025-08-12,complete
2025-08-12,0.00,0.00,0,3137854.55,last_posted_transaction_or_prior_closing_balance,,trusted,weekday_rule,base_calendar,True,485,2025-08-13,complete
2025-08-13,0.00,65201.38,1,3072653.17,last_posted_transaction_or_prior_closing_balance,synb1_txn_4c2af669a850a47a8f5205af,trusted,weekday_rule,base_calendar,True,486,2025-08-14,complete
2025-08-14,0.00,0.00,0,3072653.17,last_posted_transaction_or_prior_closing_balance,,trusted,weekday_rule,base_calendar,True,487,2025-08-15,complete
2025-08-15,0.00,58215.52,1,3014437.65,last_posted_transaction_or_prior_closing_balance,synb1_txn_09cc5a0c6b9332bd2f4fedcc,trusted,weekday_rule,base_calendar,True,488,2025-08-18,complete
2025-08-16,0.00,0.00,0,3014437.65,last_posted_transaction_or_prior_closing_balance,,trusted,weekday_rule,base_calendar,False,,,complete
2025-08-17,0.00,0.00,0,3014437.65,last_posted_transaction_or_prior_closing_balance,,trusted,weekday_rule,base_calendar,False,,,complete
2025-08-18,0.00,39518.86,1,2974918.79,last_posted_transaction_or_prior_closing_balance,synb1_txn_8884c39852aac7bb44484306,trusted,weekday_rule,base_calendar,True,489,2025-08-19,complete
2025-08-19,0.00,0.00,0,2974918.79,last_posted_transaction_or_prior_closing_balance,,trusted,weekday_rule,base_calendar,True,490,2025-08-20,complete
2025-08-20,0.00,0.00,0,2974918.79,last_posted_transaction_or_prior_closing_balance,,trusted,weekday_rule,base_calendar,True,491,2025-08-21,complete
2025-08-21,0.00,0.00,0,2974918.79,last_posted_transaction_or_prior_closing_balance,,trusted,weekday_rule,base_calendar,True,492,2025-08-22,complete
2025-08-22,0.00,0.00,0,2974918.79,last_posted_transaction_or_prior_closing_balance,,trusted,weekday_rule,base_calendar,True,493,2025-08-25,complete
2025-08-23,0.00,0.00,0,2974918.79,last_posted_transaction_or_prior_closing_balance,,trusted,weekday_rule,base_calendar,False,,,complete
2025-08-24,0.00,0.00,0,2974918.79,last_posted_transaction_or_prior_closing_balance,,trusted,weekday_rule,base_calendar,False,,,complete
2025-08-25,0.00,99844.84,2,2875073.95,last_posted_transaction_or_prior_closing_balance,synb1_txn_6b95bb184e36f5d37ea9b9f4,trusted,weekday_rule,base_calendar,True,494,2025-08-26,complete
2025-08-26,411600.00,0.00,2,3286673.95,last_posted_transaction_or_prior_closing_balance,synb1_txn_12861291b45b0d3294e91048,trusted,weekday_rule,base_calendar,True,495,2025-08-27,complete
2025-08-27,0.00,53558.28,1,3233115.67,last_posted_transaction_or_prior_closing_balance,synb1_txn_e9cebea88491e765a4685fe0,trusted,weekday_rule,base_calendar,True,496,2025-08-28,complete
2025-08-28,0.00,5644.80,2,3227470.87,last_posted_transaction_or_prior_closing_balance,synb1_txn_705f49eb3b72362c7563b96f,trusted,weekday_rule,base_calendar,True,497,2025-08-29,complete
2025-08-29,0.00,0.00,0,3227470.87,last_posted_transaction_or_prior_closing_balance,,trusted,weekday_rule,base_calendar,True,498,2025-08-31,complete
2025-08-30,0.00,0.00,0,3227470.87,last_posted_transaction_or_prior_closing_balance,,trusted,weekday_rule,base_calendar,False,,,complete
2025-08-31,137454.54,0.00,1,3364925.41,last_posted_transaction_or_prior_closing_balance,synb1_txn_22bccea0e4295907b7fc5a50,trusted,historical_transaction_override,historical_transaction_override,True,499,2025-09-01,complete
2025-09-01,0.00,0.00,0,3364925.41,last_posted_transaction_or_prior_closing_balance,,trusted,weekday_rule,base_calendar,True,500,2025-09-02,complete
2025-09-02,0.00,0.00,0,3364925.41,last_posted_transaction_or_prior_closing_balance,,trusted,weekday_rule,base_calendar,True,501,2025-09-03,complete
2025-09-03,0.00,47651.42,1,3317273.99,last_posted_transaction_or_prior_closing_balance,synb1_txn_67dd8f9a586c6c0747e0afe8,trusted,weekday_rule,base_calendar,True,502,2025-09-04,complete
2025-09-04,0.00,0.00,0,3317273.99,last_posted_transaction_or_prior_closing_balance,,trusted,weekday_rule,base_calendar,True,503,2025-09-05,complete
2025-09-05,92400.00,0.00,1,3409673.99,last_posted_transaction_or_prior_closing_balance,synb1_txn_d740b0b1e9bfe155105153c6,trusted,weekday_rule,base_calendar,True,504,2025-09-07,complete
2025-09-06,0.00,0.00,0,3409673.99,last_posted_transaction_or_prior_closing_balance,,trusted,weekday_rule,base_calendar,False,,,complete
2025-09-07,0.00,161135.13,1,3248538.86,last_posted_transaction_or_prior_closing_balance,synb1_txn_b271d0fedcf8b6a028e93cbe,trusted,historical_transaction_override,historical_transaction_override,True,505,2025-09-08,complete
2025-09-08,0.00,0.00,0,3248538.86,last_posted_transaction_or_prior_closing_balance,,trusted,weekday_rule,base_calendar,True,506,2025-09-09,complete
2025-09-09,0.00,0.00,0,3248538.86,last_posted_transaction_or_prior_closing_balance,,trusted,weekday_rule,base_calendar,True,507,2025-09-10,complete
2025-09-10,0.00,60500.62,1,3188038.24,last_posted_transaction_or_prior_closing_balance,synb1_txn_c04ad1e42f72036d0aeb1c47,trusted,weekday_rule,base_calendar,True,508,2025-09-11,complete
2025-09-11,0.00,0.00,0,3188038.24,last_posted_transaction_or_prior_closing_balance,,trusted,weekday_rule,base_calendar,True,509,2025-09-12,complete
2025-09-12,0.00,27225.27,1,3160812.97,last_posted_transaction_or_prior_closing_balance,synb1_txn_d382868c9b1bfa657ff8299b,trusted,weekday_rule,base_calendar,True,510,2025-09-13,complete
2025-09-13,0.00,44243.84,1,3116569.13,last_posted_transaction_or_prior_closing_balance,synb1_txn_c9eb7179ae1112b99f4e841d,trusted,historical_transaction_override,historical_transaction_override,True,511,2025-09-15,complete
2025-09-14,0.00,0.00,0,3116569.13,last_posted_transaction_or_prior_closing_balance,,trusted,weekday_rule,base_calendar,False,,,complete
2025-09-15,0.00,73318.96,2,3043250.17,last_posted_transaction_or_prior_closing_balance,synb1_txn_e3bd206cf88e18387d604da3,trusted,weekday_rule,base_calendar,True,512,2025-09-16,complete
2025-09-16,0.00,0.00,0,3043250.17,last_posted_transaction_or_prior_closing_balance,,trusted,weekday_rule,base_calendar,True,513,2025-09-17,complete
2025-09-17,0.00,57475.58,1,2985774.59,last_posted_transaction_or_prior_closing_balance,synb1_txn_b01e07adf3c9613a3b72b105,trusted,weekday_rule,base_calendar,True,514,2025-09-18,complete
2025-09-18,0.00,0.00,0,2985774.59,last_posted_transaction_or_prior_closing_balance,,trusted,weekday_rule,base_calendar,True,515,2025-09-19,complete
2025-09-19,0.00,0.00,0,2985774.59,last_posted_transaction_or_prior_closing_balance,,trusted,weekday_rule,base_calendar,True,516,2025-09-22,complete
2025-09-20,0.00,0.00,0,2985774.59,last_posted_transaction_or_prior_closing_balance,,trusted,weekday_rule,base_calendar,False,,,complete
2025-09-21,0.00,0.00,0,2985774.59,last_posted_transaction_or_prior_closing_balance,,trusted,weekday_rule,base_calendar,False,,,complete
2025-09-22,0.00,24200.24,1,2961574.35,last_posted_transaction_or_prior_closing_balance,synb1_txn_9cd8e1335057f30da1f1ecf8,trusted,weekday_rule,base_calendar,True,517,2025-09-23,complete
2025-09-23,0.00,0.00,0,2961574.35,last_posted_transaction_or_prior_closing_balance,,trusted,weekday_rule,base_calendar,True,518,2025-09-24,complete
2025-09-24,0.00,36300.37,1,2925273.98,last_posted_transaction_or_prior_closing_balance,synb1_txn_6197eaf5f3359a6f88787719,trusted,weekday_rule,base_calendar,True,519,2025-09-25,complete
2025-09-25,171574.46,78887.26,2,3017961.18,last_posted_transaction_or_prior_closing_balance,synb1_txn_6cf5e045485d20ecc3e02304,trusted,weekday_rule,base_calendar,True,520,2025-09-26,complete
2025-09-26,0.00,0.00,0,3017961.18,last_posted_transaction_or_prior_closing_balance,,trusted,weekday_rule,base_calendar,True,521,2025-09-28,complete
2025-09-27,0.00,0.00,0,3017961.18,last_posted_transaction_or_prior_closing_balance,,trusted,weekday_rule,base_calendar,False,,,complete
2025-09-28,0.00,5644.80,2,3012316.38,last_posted_transaction_or_prior_closing_balance,synb1_txn_a3e6c87025b5efae946dc9eb,trusted,gov_cn_2025_holiday_schedule_v1,base_calendar,True,522,2025-09-29,complete
2025-09-29,0.00,0.00,0,3012316.38,last_posted_transaction_or_prior_closing_balance,,trusted,weekday_rule,base_calendar,True,523,2025-09-30,complete
2025-09-30,0.00,0.00,0,3012316.38,last_posted_transaction_or_prior_closing_balance,,trusted,weekday_rule,base_calendar,True,524,2025-10-03,complete
2025-10-01,0.00,0.00,0,3012316.38,last_posted_transaction_or_prior_closing_balance,,trusted,gov_cn_2025_holiday_schedule_v1,base_calendar,False,,,complete
2025-10-02,0.00,0.00,0,3012316.38,last_posted_transaction_or_prior_closing_balance,,trusted,gov_cn_2025_holiday_schedule_v1,base_calendar,False,,,complete
2025-10-03,0.00,47651.42,1,2964664.96,last_posted_transaction_or_prior_closing_balance,synb1_txn_6790bb410095c6698a08cf15,trusted,historical_transaction_override,historical_transaction_override,True,525,2025-10-05,complete
2025-10-04,0.00,0.00,0,2964664.96,last_posted_transaction_or_prior_closing_balance,,trusted,gov_cn_2025_holiday_schedule_v1,base_calendar,False,,,complete
2025-10-05,225191.48,0.00,1,3189856.44,last_posted_transaction_or_prior_closing_balance,synb1_txn_d8eddcd0d6daa633f2eb1bdd,trusted,historical_transaction_override,historical_transaction_override,True,526,2025-10-07,complete
2025-10-06,0.00,0.00,0,3189856.44,last_posted_transaction_or_prior_closing_balance,,trusted,gov_cn_2025_holiday_schedule_v1,base_calendar,False,,,complete
2025-10-07,107234.06,161135.13,2,3135955.37,last_posted_transaction_or_prior_closing_balance,synb1_txn_2b83ad5e3fc4267ff61aae1a,trusted,historical_transaction_override,historical_transaction_override,True,527,2025-10-09,complete
2025-10-08,0.00,0.00,0,3135955.37,last_posted_transaction_or_prior_closing_balance,,trusted,gov_cn_2025_holiday_schedule_v1,base_calendar,False,,,complete
2025-10-09,0.00,0.00,0,3135955.37,last_posted_transaction_or_prior_closing_balance,,trusted,weekday_rule,base_calendar,True,528,2025-10-10,complete
2025-10-10,0.00,0.00,0,3135955.37,last_posted_transaction_or_prior_closing_balance,,trusted,weekday_rule,base_calendar,True,529,2025-10-11,complete
2025-10-11,0.00,45375.46,1,3090579.91,last_posted_transaction_or_prior_closing_balance,synb1_txn_e1731d3518f24e40c3fec233,trusted,gov_cn_2025_holiday_schedule_v1,base_calendar,True,530,2025-10-12,complete
2025-10-12,0.00,20357.12,1,3070222.79,last_posted_transaction_or_prior_closing_balance,synb1_txn_17c9abe1d3d5cdacaa1d88d8,trusted,historical_transaction_override,historical_transaction_override,True,531,2025-10-13,complete
2025-10-13,0.00,27225.27,1,3042997.52,last_posted_transaction_or_prior_closing_balance,synb1_txn_e67a1efb8920030153f2dad2,trusted,weekday_rule,base_calendar,True,532,2025-10-14,complete
2025-10-14,0.00,36642.82,1,3006354.70,last_posted_transaction_or_prior_closing_balance,synb1_txn_b4fe10a46a06dbafa09f6a4f,trusted,weekday_rule,base_calendar,True,533,2025-10-15,complete
2025-10-15,0.00,0.00,0,3006354.70,last_posted_transaction_or_prior_closing_balance,,trusted,weekday_rule,base_calendar,True,534,2025-10-16,complete
2025-10-16,0.00,0.00,0,3006354.70,last_posted_transaction_or_prior_closing_balance,,trusted,weekday_rule,base_calendar,True,535,2025-10-17,complete
2025-10-17,0.00,0.00,0,3006354.70,last_posted_transaction_or_prior_closing_balance,,trusted,weekday_rule,base_calendar,True,536,2025-10-19,complete
2025-10-18,0.00,0.00,0,3006354.70,last_posted_transaction_or_prior_closing_balance,,trusted,weekday_rule,base_calendar,False,,,complete
2025-10-19,0.00,42749.96,1,2963604.74,last_posted_transaction_or_prior_closing_balance,synb1_txn_0ffc4c08c70b28c7c079a0cb,trusted,historical_transaction_override,historical_transaction_override,True,537,2025-10-20,complete
2025-10-20,0.00,0.00,0,2963604.74,last_posted_transaction_or_prior_closing_balance,,trusted,weekday_rule,base_calendar,True,538,2025-10-21,complete
2025-10-21,0.00,52928.53,1,2910676.21,last_posted_transaction_or_prior_closing_balance,synb1_txn_10f16ac43fd4374068a007d1,trusted,weekday_rule,base_calendar,True,539,2025-10-22,complete
2025-10-22,0.00,0.00,0,2910676.21,last_posted_transaction_or_prior_closing_balance,,trusted,weekday_rule,base_calendar,True,540,2025-10-23,complete
2025-10-23,0.00,20357.16,1,2890319.05,last_posted_transaction_or_prior_closing_balance,synb1_txn_428dc6f46f7ac08535e40d71,trusted,weekday_rule,base_calendar,True,541,2025-10-24,complete
2025-10-24,117957.44,0.00,1,3008276.49,last_posted_transaction_or_prior_closing_balance,synb1_txn_7ef21267abace695dd7f14c2,trusted,weekday_rule,base_calendar,True,542,2025-10-25,complete
2025-10-25,0.00,131815.79,2,2876460.70,last_posted_transaction_or_prior_closing_balance,synb1_txn_15f38b7792049f2fa1a8f822,trusted,historical_transaction_override,historical_transaction_override,True,543,2025-10-27,complete
2025-10-26,0.00,0.00,0,2876460.70,last_posted_transaction_or_prior_closing_balance,,trusted,weekday_rule,base_calendar,False,,,complete
2025-10-27,0.00,0.00,0,2876460.70,last_posted_transaction_or_prior_closing_balance,,trusted,weekday_rule,base_calendar,True,544,2025-10-28,complete
2025-10-28,0.00,5644.80,2,2870815.90,last_posted_transaction_or_prior_closing_balance,synb1_txn_193e186c726e09f04567554f,trusted,weekday_rule,base_calendar,True,545,2025-10-29,complete
2025-10-29,0.00,0.00,0,2870815.90,last_posted_transaction_or_prior_closing_balance,,trusted,weekday_rule,base_calendar,True,546,2025-10-30,complete
2025-10-30,0.00,0.00,0,2870815.90,last_posted_transaction_or_prior_closing_balance,,trusted,weekday_rule,base_calendar,True,547,2025-10-31,complete
2025-10-31,0.00,0.00,0,2870815.90,last_posted_transaction_or_prior_closing_balance,,trusted,weekday_rule,base_calendar,True,548,2025-11-03,complete
2025-11-01,0.00,0.00,0,2870815.90,last_posted_transaction_or_prior_closing_balance,,trusted,weekday_rule,base_calendar,False,,,complete
2025-11-02,0.00,0.00,0,2870815.90,last_posted_transaction_or_prior_closing_balance,,trusted,weekday_rule,base_calendar,False,,,complete
2025-11-03,0.00,47651.42,1,2823164.48,last_posted_transaction_or_prior_closing_balance,synb1_txn_5cb71c78a2deb61d12a0801f,trusted,weekday_rule,base_calendar,True,549,2025-11-04,complete
2025-11-04,0.00,0.00,0,2823164.48,last_posted_transaction_or_prior_closing_balance,,trusted,weekday_rule,base_calendar,True,550,2025-11-05,complete
2025-11-05,128680.85,0.00,1,2951845.33,last_posted_transaction_or_prior_closing_balance,synb1_txn_73a8f34086f1dc8635b94ed3,trusted,weekday_rule,base_calendar,True,551,2025-11-06,complete
2025-11-06,0.00,0.00,0,2951845.33,last_posted_transaction_or_prior_closing_balance,,trusted,weekday_rule,base_calendar,True,552,2025-11-07,complete
2025-11-07,0.00,203885.09,2,2747960.24,last_posted_transaction_or_prior_closing_balance,synb1_txn_9f0b796bce87319c7fe9662d,trusted,weekday_rule,base_calendar,True,553,2025-11-09,complete
2025-11-08,0.00,0.00,0,2747960.24,last_posted_transaction_or_prior_closing_balance,,trusted,weekday_rule,base_calendar,False,,,complete
2025-11-09,0.00,76867.28,2,2671092.96,last_posted_transaction_or_prior_closing_balance,synb1_txn_b136724e07d392d32590ea18,trusted,historical_transaction_override,historical_transaction_override,True,554,2025-11-10,complete
2025-11-10,0.00,0.00,0,2671092.96,last_posted_transaction_or_prior_closing_balance,,trusted,weekday_rule,base_calendar,True,555,2025-11-11,complete
2025-11-11,0.00,46239.76,1,2624853.20,last_posted_transaction_or_prior_closing_balance,synb1_txn_4894137a350c9aa99982a77d,trusted,weekday_rule,base_calendar,True,556,2025-11-12,complete
2025-11-12,0.00,0.00,0,2624853.20,last_posted_transaction_or_prior_closing_balance,,trusted,weekday_rule,base_calendar,True,557,2025-11-13,complete
2025-11-13,0.00,0.00,0,2624853.20,last_posted_transaction_or_prior_closing_balance,,trusted,weekday_rule,base_calendar,True,558,2025-11-14,complete
2025-11-14,0.00,0.00,0,2624853.20,last_posted_transaction_or_prior_closing_balance,,trusted,weekday_rule,base_calendar,True,559,2025-11-17,complete
2025-11-15,0.00,0.00,0,2624853.20,last_posted_transaction_or_prior_closing_balance,,trusted,weekday_rule,base_calendar,False,,,complete
2025-11-16,0.00,0.00,0,2624853.20,last_posted_transaction_or_prior_closing_balance,,trusted,weekday_rule,base_calendar,False,,,complete
2025-11-17,0.00,0.00,0,2624853.20,last_posted_transaction_or_prior_closing_balance,,trusted,weekday_rule,base_calendar,True,560,2025-11-18,complete
2025-11-18,135692.32,0.00,1,2760545.52,last_posted_transaction_or_prior_closing_balance,synb1_txn_cbb8d663353ac4963933798e,trusted,weekday_rule,base_calendar,True,561,2025-11-19,complete
2025-11-19,0.00,0.00,0,2760545.52,last_posted_transaction_or_prior_closing_balance,,trusted,weekday_rule,base_calendar,True,562,2025-11-20,complete
2025-11-20,0.00,43806.08,1,2716739.44,last_posted_transaction_or_prior_closing_balance,synb1_txn_cba53fe730fd1c5243933274,trusted,weekday_rule,base_calendar,True,563,2025-11-21,complete
2025-11-21,0.00,0.00,0,2716739.44,last_posted_transaction_or_prior_closing_balance,,trusted,weekday_rule,base_calendar,True,564,2025-11-22,complete
2025-11-22,0.00,51107.10,1,2665632.34,last_posted_transaction_or_prior_closing_balance,synb1_txn_9eb0b4b0ea792eb447dd948b,trusted,historical_transaction_override,historical_transaction_override,True,565,2025-11-23,complete
2025-11-23,257361.71,0.00,1,2922994.05,last_posted_transaction_or_prior_closing_balance,synb1_txn_98bb12557adc7eeeecbe0a05,trusted,historical_transaction_override,historical_transaction_override,True,566,2025-11-24,complete
2025-11-24,0.00,0.00,0,2922994.05,last_posted_transaction_or_prior_closing_balance,,trusted,weekday_rule,base_calendar,True,567,2025-11-25,complete
2025-11-25,0.00,78887.26,1,2844106.79,last_posted_transaction_or_prior_closing_balance,synb1_txn_ed5cc5dfd05b34cc5bd43389,trusted,weekday_rule,base_calendar,True,568,2025-11-26,complete
2025-11-26,0.00,0.00,0,2844106.79,last_posted_transaction_or_prior_closing_balance,,trusted,weekday_rule,base_calendar,True,569,2025-11-27,complete
2025-11-27,0.00,0.00,0,2844106.79,last_posted_transaction_or_prior_closing_balance,,trusted,weekday_rule,base_calendar,True,570,2025-11-28,complete
2025-11-28,0.00,5644.80,2,2838461.99,last_posted_transaction_or_prior_closing_balance,synb1_txn_627942e5cb5f5ddcf1517400,trusted,weekday_rule,base_calendar,True,571,2025-12-01,complete
2025-11-29,0.00,0.00,0,2838461.99,last_posted_transaction_or_prior_closing_balance,,trusted,weekday_rule,base_calendar,False,,,complete
2025-11-30,0.00,0.00,0,2838461.99,last_posted_transaction_or_prior_closing_balance,,trusted,weekday_rule,base_calendar,False,,,complete
2025-12-01,0.00,0.00,0,2838461.99,last_posted_transaction_or_prior_closing_balance,,trusted,weekday_rule,base_calendar,True,572,2025-12-02,complete
2025-12-02,0.00,53540.80,1,2784921.19,last_posted_transaction_or_prior_closing_balance,synb1_txn_13fddcb7dba35d78de01cd4b,trusted,weekday_rule,base_calendar,True,573,2025-12-03,complete
2025-12-03,0.00,47651.42,1,2737269.77,last_posted_transaction_or_prior_closing_balance,synb1_txn_37cf9c31b534a84771abf985,trusted,weekday_rule,base_calendar,True,574,2025-12-04,complete
2025-12-04,0.00,34071.40,1,2703198.37,last_posted_transaction_or_prior_closing_balance,synb1_txn_07247348274a741da12cb8a4,trusted,weekday_rule,base_calendar,True,575,2025-12-05,complete
2025-12-05,135692.30,51107.10,2,2787783.57,last_posted_transaction_or_prior_closing_balance,synb1_txn_57717f46bbc867af32119946,trusted,weekday_rule,base_calendar,True,576,2025-12-06,complete
2025-12-06,0.00,32367.83,1,2755415.74,last_posted_transaction_or_prior_closing_balance,synb1_txn_61a79b998fa6274c1a96afa1,trusted,historical_transaction_override,historical_transaction_override,True,577,2025-12-07,complete
2025-12-07,0.00,183038.17,2,2572377.57,last_posted_transaction_or_prior_closing_balance,synb1_txn_2e5759f576b610772794fb35,trusted,historical_transaction_override,historical_transaction_override,True,578,2025-12-08,complete
2025-12-08,0.00,53946.38,1,2518431.19,last_posted_transaction_or_prior_closing_balance,synb1_txn_6639e5a3b1165d42431f8ad2,trusted,weekday_rule,base_calendar,True,579,2025-12-09,complete
2025-12-09,0.00,0.00,0,2518431.19,last_posted_transaction_or_prior_closing_balance,,trusted,weekday_rule,base_calendar,True,580,2025-12-10,complete
2025-12-10,0.00,0.00,0,2518431.19,last_posted_transaction_or_prior_closing_balance,,trusted,weekday_rule,base_calendar,True,581,2025-12-11,complete
2025-12-11,0.00,0.00,0,2518431.19,last_posted_transaction_or_prior_closing_balance,,trusted,weekday_rule,base_calendar,True,582,2025-12-12,complete
2025-12-12,0.00,0.00,0,2518431.19,last_posted_transaction_or_prior_closing_balance,,trusted,weekday_rule,base_calendar,True,583,2025-12-15,complete
2025-12-13,0.00,0.00,0,2518431.19,last_posted_transaction_or_prior_closing_balance,,trusted,weekday_rule,base_calendar,False,,,complete
2025-12-14,0.00,0.00,0,2518431.19,last_posted_transaction_or_prior_closing_balance,,trusted,weekday_rule,base_calendar,False,,,complete
2025-12-15,0.00,0.00,0,2518431.19,last_posted_transaction_or_prior_closing_balance,,trusted,weekday_rule,base_calendar,True,584,2025-12-16,complete
2025-12-16,0.00,0.00,0,2518431.19,last_posted_transaction_or_prior_closing_balance,,trusted,weekday_rule,base_calendar,True,585,2025-12-17,complete
2025-12-17,138782.60,29670.51,2,2627543.28,last_posted_transaction_or_prior_closing_balance,synb1_txn_c50cf7003aaa84a540019161,trusted,weekday_rule,base_calendar,True,586,2025-12-18,complete
2025-12-18,0.00,0.00,0,2627543.28,last_posted_transaction_or_prior_closing_balance,,trusted,weekday_rule,base_calendar,True,587,2025-12-19,complete
2025-12-19,0.00,75524.94,1,2552018.34,last_posted_transaction_or_prior_closing_balance,synb1_txn_c60814187298d90de236f411,trusted,weekday_rule,base_calendar,True,588,2025-12-22,complete
2025-12-20,0.00,0.00,0,2552018.34,last_posted_transaction_or_prior_closing_balance,,trusted,weekday_rule,base_calendar,False,,,complete
2025-12-21,0.00,0.00,0,2552018.34,last_posted_transaction_or_prior_closing_balance,,trusted,weekday_rule,base_calendar,False,,,complete
2025-12-22,0.00,0.00,0,2552018.34,last_posted_transaction_or_prior_closing_balance,,trusted,weekday_rule,base_calendar,True,589,2025-12-23,complete
2025-12-23,232615.38,0.00,1,2784633.72,last_posted_transaction_or_prior_closing_balance,synb1_txn_cb144073100a59ef787bb983,trusted,weekday_rule,base_calendar,True,590,2025-12-24,complete
2025-12-24,0.00,0.00,0,2784633.72,last_posted_transaction_or_prior_closing_balance,,trusted,weekday_rule,base_calendar,True,591,2025-12-25,complete
2025-12-25,0.00,78887.26,1,2705746.46,last_posted_transaction_or_prior_closing_balance,synb1_txn_e58836be36af80e5b1a11224,trusted,weekday_rule,base_calendar,True,592,2025-12-26,complete
2025-12-26,0.00,0.00,0,2705746.46,last_posted_transaction_or_prior_closing_balance,,trusted,weekday_rule,base_calendar,True,593,2025-12-27,complete
2025-12-27,175304.36,0.00,1,2881050.82,last_posted_transaction_or_prior_closing_balance,synb1_txn_bb179d6b8bd489b32861e2c6,trusted,historical_transaction_override,historical_transaction_override,True,594,2025-12-29,complete
2025-12-28,0.00,0.00,0,2881050.82,last_posted_transaction_or_prior_closing_balance,,trusted,weekday_rule,base_calendar,False,,,complete
2025-12-29,0.00,43407.27,3,2837643.55,last_posted_transaction_or_prior_closing_balance,synb1_txn_68397775f897565bbfd25dc3,trusted,weekday_rule,base_calendar,True,595,2025-12-30,complete
2025-12-30,0.00,0.00,0,2837643.55,last_posted_transaction_or_prior_closing_balance,,trusted,weekday_rule,base_calendar,True,596,2025-12-31,complete
2025-12-31,0.00,26973.19,1,2810670.36,last_posted_transaction_or_prior_closing_balance,synb1_txn_7cea892aecb90ea9a053f516,trusted,weekday_rule,base_calendar,True,597,2026-01-04,complete
