calendar_date,inflow_cny,outflow_cny,transaction_count,ending_balance_cny,day_cut_basis,source_last_transaction_id,reconciliation_status,calendar_source,calendar_inference_status,is_bank_workday,business_step,target_date,execution_status
2025-01-01,873895.63,0.00,1,873895.63,last_posted_transaction_or_prior_closing_balance,synb1_txn_997f1fe1ec86a5746925f562,trusted,historical_transaction_override,historical_transaction_override,True,1,2025-01-02,complete
2025-01-02,0.00,0.00,0,873895.63,last_posted_transaction_or_prior_closing_balance,,trusted,weekday_rule,base_calendar,True,2,2025-01-03,complete
2025-01-03,0.00,2476.20,1,871419.43,last_posted_transaction_or_prior_closing_balance,synb1_txn_e96bf03d748c02862ce9c556,trusted,weekday_rule,base_calendar,True,3,2025-01-06,complete
2025-01-04,0.00,0.00,0,871419.43,last_posted_transaction_or_prior_closing_balance,,trusted,weekday_rule,base_calendar,False,,,complete
2025-01-05,0.00,0.00,0,871419.43,last_posted_transaction_or_prior_closing_balance,,trusted,weekday_rule,base_calendar,False,,,complete
2025-01-06,0.00,0.00,0,871419.43,last_posted_transaction_or_prior_closing_balance,,trusted,weekday_rule,base_calendar,True,4,2025-01-07,complete
2025-01-07,0.00,2219.14,1,869200.29,last_posted_transaction_or_prior_closing_balance,synb1_txn_9bda69471635c9bb6d821fd7,trusted,weekday_rule,base_calendar,True,5,2025-01-08,complete
2025-01-08,0.00,0.00,0,869200.29,last_posted_transaction_or_prior_closing_balance,,trusted,weekday_rule,base_calendar,True,6,2025-01-09,complete
2025-01-09,0.00,0.00,0,869200.29,last_posted_transaction_or_prior_closing_balance,,trusted,weekday_rule,base_calendar,True,7,2025-01-10,complete
2025-01-10,0.00,0.00,0,869200.29,last_posted_transaction_or_prior_closing_balance,,trusted,weekday_rule,base_calendar,True,8,2025-01-13,complete
2025-01-11,0.00,0.00,0,869200.29,last_posted_transaction_or_prior_closing_balance,,trusted,weekday_rule,base_calendar,False,,,complete
2025-01-12,0.00,0.00,0,869200.29,last_posted_transaction_or_prior_closing_balance,,trusted,weekday_rule,base_calendar,False,,,complete
2025-01-13,0.00,0.00,0,869200.29,last_posted_transaction_or_prior_closing_balance,,trusted,weekday_rule,base_calendar,True,9,2025-01-14,complete
2025-01-14,0.00,0.00,0,869200.29,last_posted_transaction_or_prior_closing_balance,,trusted,weekday_rule,base_calendar,True,10,2025-01-15,complete
2025-01-15,0.00,7449.83,1,861750.46,last_posted_transaction_or_prior_closing_balance,synb1_txn_854b16bb713bccd700d3a7fd,trusted,weekday_rule,base_calendar,True,11,2025-01-16,complete
2025-01-16,0.00,0.00,0,861750.46,last_posted_transaction_or_prior_closing_balance,,trusted,weekday_rule,base_calendar,True,12,2025-01-17,complete
2025-01-17,0.00,0.00,0,861750.46,last_posted_transaction_or_prior_closing_balance,,trusted,weekday_rule,base_calendar,True,13,2025-01-20,complete
2025-01-18,0.00,0.00,0,861750.46,last_posted_transaction_or_prior_closing_balance,,trusted,weekday_rule,base_calendar,False,,,complete
2025-01-19,0.00,0.00,0,861750.46,last_posted_transaction_or_prior_closing_balance,,trusted,weekday_rule,base_calendar,False,,,complete
2025-01-20,0.00,0.00,0,861750.46,last_posted_transaction_or_prior_closing_balance,,trusted,weekday_rule,base_calendar,True,14,2025-01-21,complete
2025-01-21,0.00,0.00,0,861750.46,last_posted_transaction_or_prior_closing_balance,,trusted,weekday_rule,base_calendar,True,15,2025-01-22,complete
2025-01-22,0.00,3016.37,1,858734.09,last_posted_transaction_or_prior_closing_balance,synb1_txn_060f3240057931c27b34729a,trusted,weekday_rule,base_calendar,True,16,2025-01-23,complete
2025-01-23,0.00,15069.44,2,843664.65,last_posted_transaction_or_prior_closing_balance,synb1_txn_48ff143509da38b867e3bd66,trusted,weekday_rule,base_calendar,True,17,2025-01-24,complete
2025-01-24,0.00,0.00,0,843664.65,last_posted_transaction_or_prior_closing_balance,,trusted,weekday_rule,base_calendar,True,18,2025-01-26,complete
2025-01-25,0.00,0.00,0,843664.65,last_posted_transaction_or_prior_closing_balance,,trusted,weekday_rule,base_calendar,False,,,complete
2025-01-26,0.00,0.00,0,843664.65,last_posted_transaction_or_prior_closing_balance,,trusted,gov_cn_2025_holiday_schedule_v1,base_calendar,True,19,2025-01-27,complete
2025-01-27,0.00,2064.29,1,841600.36,last_posted_transaction_or_prior_closing_balance,synb1_txn_3c7ee3cd947a6e77e6331ba4,trusted,weekday_rule,base_calendar,True,20,2025-01-30,complete
2025-01-28,0.00,0.00,0,841600.36,last_posted_transaction_or_prior_closing_balance,,trusted,gov_cn_2025_holiday_schedule_v1,base_calendar,False,,,complete
2025-01-29,0.00,0.00,0,841600.36,last_posted_transaction_or_prior_closing_balance,,trusted,gov_cn_2025_holiday_schedule_v1,base_calendar,False,,,complete
2025-01-30,0.00,8079.61,1,833520.75,last_posted_transaction_or_prior_closing_balance,synb1_txn_7830d30d8f1b79bffbb6abc5,trusted,historical_transaction_override,historical_transaction_override,True,21,2025-02-03,complete
2025-01-31,0.00,0.00,0,833520.75,last_posted_transaction_or_prior_closing_balance,,trusted,gov_cn_2025_holiday_schedule_v1,base_calendar,False,,,complete
2025-02-01,0.00,0.00,0,833520.75,last_posted_transaction_or_prior_closing_balance,,trusted,gov_cn_2025_holiday_schedule_v1,base_calendar,False,,,complete
2025-02-02,0.00,0.00,0,833520.75,last_posted_transaction_or_prior_closing_balance,,trusted,gov_cn_2025_holiday_schedule_v1,base_calendar,False,,,complete
2025-02-03,733200.00,102593.06,2,1464127.69,last_posted_transaction_or_prior_closing_balance,synb1_txn_52bf3b8f63b5643d9a97386f,trusted,historical_transaction_override,historical_transaction_override,True,22,2025-02-04,complete
2025-02-04,50586.06,0.00,1,1514713.75,last_posted_transaction_or_prior_closing_balance,synb1_txn_c0b546961af68b27ace97eb2,trusted,historical_transaction_override,historical_transaction_override,True,23,2025-02-05,complete
2025-02-05,0.00,124786.44,2,1389927.31,last_posted_transaction_or_prior_closing_balance,synb1_txn_9f83e34964df347aaa9a016e,trusted,weekday_rule,base_calendar,True,24,2025-02-06,complete
2025-02-06,0.00,0.00,0,1389927.31,last_posted_transaction_or_prior_closing_balance,,trusted,weekday_rule,base_calendar,True,25,2025-02-07,complete
2025-02-07,0.00,2214.11,1,1387713.20,last_posted_transaction_or_prior_closing_balance,synb1_txn_f9c2e8e7994827dc8498e835,trusted,weekday_rule,base_calendar,True,26,2025-02-08,complete
2025-02-08,47120.56,0.00,1,1434833.76,last_posted_transaction_or_prior_closing_balance,synb1_txn_f8fd9b22bec307b8327e2836,trusted,gov_cn_2025_holiday_schedule_v1,base_calendar,True,27,2025-02-10,complete
2025-02-09,0.00,0.00,0,1434833.76,last_posted_transaction_or_prior_closing_balance,,trusted,weekday_rule,base_calendar,False,,,complete
2025-02-10,0.00,0.00,0,1434833.76,last_posted_transaction_or_prior_closing_balance,,trusted,weekday_rule,base_calendar,True,28,2025-02-11,complete
2025-02-11,50434.98,0.00,1,1485268.74,last_posted_transaction_or_prior_closing_balance,synb1_txn_f02521c0c4cd5f110c947951,trusted,weekday_rule,base_calendar,True,29,2025-02-12,complete
2025-02-12,0.00,126177.30,1,1359091.44,last_posted_transaction_or_prior_closing_balance,synb1_txn_f23d2b02996315be9b53d6a3,trusted,weekday_rule,base_calendar,True,30,2025-02-13,complete
2025-02-13,0.00,0.00,0,1359091.44,last_posted_transaction_or_prior_closing_balance,,trusted,weekday_rule,base_calendar,True,31,2025-02-14,complete
2025-02-14,0.00,125900.62,1,1233190.82,last_posted_transaction_or_prior_closing_balance,synb1_txn_49a3eee96c546592826cbfee,trusted,weekday_rule,base_calendar,True,32,2025-02-17,complete
2025-02-15,0.00,0.00,0,1233190.82,last_posted_transaction_or_prior_closing_balance,,trusted,weekday_rule,base_calendar,False,,,complete
2025-02-16,0.00,0.00,0,1233190.82,last_posted_transaction_or_prior_closing_balance,,trusted,weekday_rule,base_calendar,False,,,complete
2025-02-17,0.00,0.00,0,1233190.82,last_posted_transaction_or_prior_closing_balance,,trusted,weekday_rule,base_calendar,True,33,2025-02-18,complete
2025-02-18,0.00,7080.56,1,1226110.26,last_posted_transaction_or_prior_closing_balance,synb1_txn_929bbc8e231f3ede615a1e5d,trusted,weekday_rule,base_calendar,True,34,2025-02-19,complete
2025-02-19,38262.28,0.00,1,1264372.54,last_posted_transaction_or_prior_closing_balance,synb1_txn_6a905a8101c8be879c0a8908,trusted,weekday_rule,base_calendar,True,35,2025-02-20,complete
2025-02-20,0.00,9579.89,1,1254792.65,last_posted_transaction_or_prior_closing_balance,synb1_txn_46cf17cdb28b9d22c18068c9,trusted,weekday_rule,base_calendar,True,36,2025-02-21,complete
2025-02-21,0.00,6841.36,1,1247951.29,last_posted_transaction_or_prior_closing_balance,synb1_txn_3a2ea57d1e19106634575098,trusted,weekday_rule,base_calendar,True,37,2025-02-23,complete
2025-02-22,0.00,0.00,0,1247951.29,last_posted_transaction_or_prior_closing_balance,,trusted,weekday_rule,base_calendar,False,,,complete
2025-02-23,0.00,2509.89,1,1245441.40,last_posted_transaction_or_prior_closing_balance,synb1_txn_75366ac377a45578c3001fa8,trusted,historical_transaction_override,historical_transaction_override,True,38,2025-02-24,complete
2025-02-24,0.00,2547.19,1,1242894.21,last_posted_transaction_or_prior_closing_balance,synb1_txn_900a828d5376149086ed2aac,trusted,weekday_rule,base_calendar,True,39,2025-02-25,complete
2025-02-25,0.00,0.00,0,1242894.21,last_posted_transaction_or_prior_closing_balance,,trusted,weekday_rule,base_calendar,True,40,2025-02-26,complete
2025-02-26,0.00,7097.07,1,1235797.14,last_posted_transaction_or_prior_closing_balance,synb1_txn_4af456cf49d0b299738640df,trusted,weekday_rule,base_calendar,True,41,2025-02-27,complete
2025-02-27,0.00,0.00,0,1235797.14,last_posted_transaction_or_prior_closing_balance,,trusted,weekday_rule,base_calendar,True,42,2025-02-28,complete
2025-02-28,0.00,4175.43,2,1231621.71,last_posted_transaction_or_prior_closing_balance,synb1_txn_609d9589db45323aa79b2186,trusted,weekday_rule,base_calendar,True,43,2025-03-02,complete
2025-03-01,0.00,0.00,0,1231621.71,last_posted_transaction_or_prior_closing_balance,,trusted,weekday_rule,base_calendar,False,,,complete
2025-03-02,0.00,7862.19,1,1223759.52,last_posted_transaction_or_prior_closing_balance,synb1_txn_c66f312a23255cdb02e59e92,trusted,historical_transaction_override,historical_transaction_override,True,44,2025-03-03,complete
2025-03-03,0.00,2249.82,1,1221509.70,last_posted_transaction_or_prior_closing_balance,synb1_txn_d010b1b93bf5c056bb326a91,trusted,weekday_rule,base_calendar,True,45,2025-03-04,complete
2025-03-04,0.00,2338.57,1,1219171.13,last_posted_transaction_or_prior_closing_balance,synb1_txn_4e9824c748dfee40eeaeb423,trusted,weekday_rule,base_calendar,True,46,2025-03-05,complete
2025-03-05,107598.33,0.00,1,1326769.46,last_posted_transaction_or_prior_closing_balance,synb1_txn_b61664bf0c7316cb19cde76c,trusted,weekday_rule,base_calendar,True,47,2025-03-06,complete
2025-03-06,111939.02,0.00,1,1438708.48,last_posted_transaction_or_prior_closing_balance,synb1_txn_b45fbd90330328381f8554f1,trusted,weekday_rule,base_calendar,True,48,2025-03-07,complete
2025-03-07,0.00,7341.25,1,1431367.23,last_posted_transaction_or_prior_closing_balance,synb1_txn_f721e773101e79ad6eb06171,trusted,weekday_rule,base_calendar,True,49,2025-03-10,complete
2025-03-08,0.00,0.00,0,1431367.23,last_posted_transaction_or_prior_closing_balance,,trusted,weekday_rule,base_calendar,False,,,complete
2025-03-09,0.00,0.00,0,1431367.23,last_posted_transaction_or_prior_closing_balance,,trusted,weekday_rule,base_calendar,False,,,complete
2025-03-10,0.00,0.00,0,1431367.23,last_posted_transaction_or_prior_closing_balance,,trusted,weekday_rule,base_calendar,True,50,2025-03-11,complete
2025-03-11,0.00,0.00,0,1431367.23,last_posted_transaction_or_prior_closing_balance,,trusted,weekday_rule,base_calendar,True,51,2025-03-12,complete
2025-03-12,0.00,0.00,0,1431367.23,last_posted_transaction_or_prior_closing_balance,,trusted,weekday_rule,base_calendar,True,52,2025-03-13,complete
2025-03-13,0.00,0.00,0,1431367.23,last_posted_transaction_or_prior_closing_balance,,trusted,weekday_rule,base_calendar,True,53,2025-03-14,complete
2025-03-14,0.00,168916.40,1,1262450.83,last_posted_transaction_or_prior_closing_balance,synb1_txn_ea8296be2932440c039c3602,trusted,weekday_rule,base_calendar,True,54,2025-03-17,complete
2025-03-15,0.00,0.00,0,1262450.83,last_posted_transaction_or_prior_closing_balance,,trusted,weekday_rule,base_calendar,False,,,complete
2025-03-16,0.00,0.00,0,1262450.83,last_posted_transaction_or_prior_closing_balance,,trusted,weekday_rule,base_calendar,False,,,complete
2025-03-17,0.00,0.00,0,1262450.83,last_posted_transaction_or_prior_closing_balance,,trusted,weekday_rule,base_calendar,True,55,2025-03-18,complete
2025-03-18,0.00,8214.35,1,1254236.48,last_posted_transaction_or_prior_closing_balance,synb1_txn_fd6db4b4f4084859075b9ab5,trusted,weekday_rule,base_calendar,True,56,2025-03-19,complete
2025-03-19,0.00,0.00,0,1254236.48,last_posted_transaction_or_prior_closing_balance,,trusted,weekday_rule,base_calendar,True,57,2025-03-20,complete
2025-03-20,0.00,0.00,0,1254236.48,last_posted_transaction_or_prior_closing_balance,,trusted,weekday_rule,base_calendar,True,58,2025-03-21,complete
2025-03-21,0.00,2449.21,1,1251787.27,last_posted_transaction_or_prior_closing_balance,synb1_txn_b930d2ff59d48110a928c25d,trusted,weekday_rule,base_calendar,True,59,2025-03-22,complete
2025-03-22,0.00,2643.36,1,1249143.91,last_posted_transaction_or_prior_closing_balance,synb1_txn_dc23250aecd8b39a4f88b853,trusted,historical_transaction_override,historical_transaction_override,True,60,2025-03-23,complete
2025-03-23,0.00,2344.86,1,1246799.05,last_posted_transaction_or_prior_closing_balance,synb1_txn_8b530de7df37868add15d20b,trusted,historical_transaction_override,historical_transaction_override,True,61,2025-03-24,complete
2025-03-24,87151.69,167831.66,2,1166119.08,last_posted_transaction_or_prior_closing_balance,synb1_txn_9ba9a93c31846c1309e87f84,trusted,weekday_rule,base_calendar,True,62,2025-03-25,complete
2025-03-25,0.00,163684.12,1,1002434.96,last_posted_transaction_or_prior_closing_balance,synb1_txn_84719836a3fe4788b0cbf7d9,trusted,weekday_rule,base_calendar,True,63,2025-03-26,complete
2025-03-26,0.00,152086.97,1,850347.99,last_posted_transaction_or_prior_closing_balance,synb1_txn_c5e70a2284afeef5b0da265e,trusted,weekday_rule,base_calendar,True,64,2025-03-27,complete
2025-03-27,0.00,0.00,0,850347.99,last_posted_transaction_or_prior_closing_balance,,trusted,weekday_rule,base_calendar,True,65,2025-03-28,complete
2025-03-28,0.00,4826.85,2,845521.14,last_posted_transaction_or_prior_closing_balance,synb1_txn_2e40ae613900bc891f0dcffd,trusted,weekday_rule,base_calendar,True,66,2025-03-29,complete
2025-03-29,0.00,7181.09,1,838340.05,last_posted_transaction_or_prior_closing_balance,synb1_txn_4fef966da4092312cded8b65,trusted,historical_transaction_override,historical_transaction_override,True,67,2025-03-31,complete
2025-03-30,0.00,0.00,0,838340.05,last_posted_transaction_or_prior_closing_balance,,trusted,weekday_rule,base_calendar,False,,,complete
2025-03-31,95199.38,0.00,1,933539.43,last_posted_transaction_or_prior_closing_balance,synb1_txn_e02179aacf2d65540d47718c,trusted,weekday_rule,base_calendar,True,68,2025-04-01,complete
2025-04-01,0.00,0.00,0,933539.43,last_posted_transaction_or_prior_closing_balance,,trusted,weekday_rule,base_calendar,True,69,2025-04-02,complete
2025-04-02,174536.95,178421.33,4,929655.05,last_posted_transaction_or_prior_closing_balance,synb1_txn_3f5663fae1598aa4aef522c2,trusted,weekday_rule,base_calendar,True,70,2025-04-03,complete
2025-04-03,0.00,2490.87,1,927164.18,last_posted_transaction_or_prior_closing_balance,synb1_txn_fc1ea14b150a9fe0dca508a2,trusted,weekday_rule,base_calendar,True,71,2025-04-05,complete
2025-04-04,0.00,0.00,0,927164.18,last_posted_transaction_or_prior_closing_balance,,trusted,gov_cn_2025_holiday_schedule_v1,base_calendar,False,,,complete
2025-04-05,179889.74,6662.76,2,1100391.16,last_posted_transaction_or_prior_closing_balance,synb1_txn_3c7e37bf0fc8f3d00ad87959,trusted,historical_transaction_override,historical_transaction_override,True,72,2025-04-06,complete
2025-04-06,0.00,126148.26,1,974242.90,last_posted_transaction_or_prior_closing_balance,synb1_txn_731d306bab437ba6155c228f,trusted,historical_transaction_override,historical_transaction_override,True,73,2025-04-07,complete
2025-04-07,0.00,0.00,0,974242.90,last_posted_transaction_or_prior_closing_balance,,trusted,weekday_rule,base_calendar,True,74,2025-04-08,complete
2025-04-08,0.00,0.00,0,974242.90,last_posted_transaction_or_prior_closing_balance,,trusted,weekday_rule,base_calendar,True,75,2025-04-09,complete
2025-04-09,0.00,0.00,0,974242.90,last_posted_transaction_or_prior_closing_balance,,trusted,weekday_rule,base_calendar,True,76,2025-04-10,complete
2025-04-10,0.00,0.00,0,974242.90,last_posted_transaction_or_prior_closing_balance,,trusted,weekday_rule,base_calendar,True,77,2025-04-11,complete
2025-04-11,0.00,0.00,0,974242.90,last_posted_transaction_or_prior_closing_balance,,trusted,weekday_rule,base_calendar,True,78,2025-04-13,complete
2025-04-12,0.00,0.00,0,974242.90,last_posted_transaction_or_prior_closing_balance,,trusted,weekday_rule,base_calendar,False,,,complete
2025-04-13,0.00,136439.17,1,837803.73,last_posted_transaction_or_prior_closing_balance,synb1_txn_57916909ed5153573073f925,trusted,historical_transaction_override,historical_transaction_override,True,79,2025-04-14,complete
2025-04-14,0.00,0.00,0,837803.73,last_posted_transaction_or_prior_closing_balance,,trusted,weekday_rule,base_calendar,True,80,2025-04-15,complete
2025-04-15,0.00,0.00,0,837803.73,last_posted_transaction_or_prior_closing_balance,,trusted,weekday_rule,base_calendar,True,81,2025-04-16,complete
2025-04-16,0.00,0.00,0,837803.73,last_posted_transaction_or_prior_closing_balance,,trusted,weekday_rule,base_calendar,True,82,2025-04-17,complete
2025-04-17,0.00,0.00,0,837803.73,last_posted_transaction_or_prior_closing_balance,,trusted,weekday_rule,base_calendar,True,83,2025-04-18,complete
2025-04-18,0.00,121101.77,1,716701.96,last_posted_transaction_or_prior_closing_balance,synb1_txn_2fd207d169c1ce4de1932367,trusted,weekday_rule,base_calendar,True,84,2025-04-19,complete
2025-04-19,0.00,7774.62,1,708927.34,last_posted_transaction_or_prior_closing_balance,synb1_txn_14e63143a8bcccb07979330b,trusted,historical_transaction_override,historical_transaction_override,True,85,2025-04-20,complete
2025-04-20,0.00,2113.43,1,706813.91,last_posted_transaction_or_prior_closing_balance,synb1_txn_9dac57e844b31a4d48fb231b,trusted,historical_transaction_override,historical_transaction_override,True,86,2025-04-21,complete
2025-04-21,0.00,0.00,0,706813.91,last_posted_transaction_or_prior_closing_balance,,trusted,weekday_rule,base_calendar,True,87,2025-04-22,complete
2025-04-22,0.00,0.00,0,706813.91,last_posted_transaction_or_prior_closing_balance,,trusted,weekday_rule,base_calendar,True,88,2025-04-23,complete
2025-04-23,0.00,0.00,0,706813.91,last_posted_transaction_or_prior_closing_balance,,trusted,weekday_rule,base_calendar,True,89,2025-04-24,complete
2025-04-24,0.00,3030.76,1,703783.15,last_posted_transaction_or_prior_closing_balance,synb1_txn_a409dbbfba11d0e44db6b07b,trusted,weekday_rule,base_calendar,True,90,2025-04-25,complete
2025-04-25,160238.68,0.00,1,864021.83,last_posted_transaction_or_prior_closing_balance,synb1_txn_51c50d25e7e0bbb76b581ac6,trusted,weekday_rule,base_calendar,True,91,2025-04-26,complete
2025-04-26,0.00,7966.75,1,856055.08,last_posted_transaction_or_prior_closing_balance,synb1_txn_4032fcd813d9f762535822d1,trusted,historical_transaction_override,historical_transaction_override,True,92,2025-04-27,complete
2025-04-27,0.00,0.00,0,856055.08,last_posted_transaction_or_prior_closing_balance,,trusted,gov_cn_2025_holiday_schedule_v1,base_calendar,True,93,2025-04-28,complete
2025-04-28,0.00,5500.52,2,850554.56,last_posted_transaction_or_prior_closing_balance,synb1_txn_92fa586a827994433cb417c8,trusted,weekday_rule,base_calendar,True,94,2025-04-29,complete
2025-04-29,0.00,2240.10,1,848314.46,last_posted_transaction_or_prior_closing_balance,synb1_txn_23ee5fa37051e3603e423456,trusted,weekday_rule,base_calendar,True,95,2025-04-30,complete
2025-04-30,191938.04,0.00,1,1040252.50,last_posted_transaction_or_prior_closing_balance,synb1_txn_aa4b3f9af340b7945348d539,trusted,weekday_rule,base_calendar,True,96,2025-05-03,complete
2025-05-01,0.00,0.00,0,1040252.50,last_posted_transaction_or_prior_closing_balance,,trusted,gov_cn_2025_holiday_schedule_v1,base_calendar,False,,,complete
2025-05-02,0.00,0.00,0,1040252.50,last_posted_transaction_or_prior_closing_balance,,trusted,gov_cn_2025_holiday_schedule_v1,base_calendar,False,,,complete
2025-05-03,0.00,2410.52,1,1037841.98,last_posted_transaction_or_prior_closing_balance,synb1_txn_7512de53b3fad6788b9db566,trusted,historical_transaction_override,historical_transaction_override,True,97,2025-05-05,complete
2025-05-04,0.00,0.00,0,1037841.98,last_posted_transaction_or_prior_closing_balance,,trusted,gov_cn_2025_holiday_schedule_v1,base_calendar,False,,,complete
2025-05-05,0.00,2709.72,1,1035132.26,last_posted_transaction_or_prior_closing_balance,synb1_txn_6c23a27854ca83203c92dde1,trusted,historical_transaction_override,historical_transaction_override,True,98,2025-05-06,complete
2025-05-06,142971.63,2175.31,2,1175928.58,last_posted_transaction_or_prior_closing_balance,synb1_txn_24f08d19803f74587b6c254c,trusted,weekday_rule,base_calendar,True,99,2025-05-07,complete
2025-05-07,121101.96,0.00,1,1297030.54,last_posted_transaction_or_prior_closing_balance,synb1_txn_4a77ff8b092d8b07e298d1e0,trusted,weekday_rule,base_calendar,True,100,2025-05-08,complete
2025-05-08,0.00,0.00,0,1297030.54,last_posted_transaction_or_prior_closing_balance,,trusted,weekday_rule,base_calendar,True,101,2025-05-09,complete
2025-05-09,0.00,127548.11,1,1169482.43,last_posted_transaction_or_prior_closing_balance,synb1_txn_efa615e5f8133a5261c9f89d,trusted,weekday_rule,base_calendar,True,102,2025-05-11,complete
2025-05-10,0.00,0.00,0,1169482.43,last_posted_transaction_or_prior_closing_balance,,trusted,weekday_rule,base_calendar,False,,,complete
2025-05-11,0.00,6983.56,1,1162498.87,last_posted_transaction_or_prior_closing_balance,synb1_txn_9a48f2c2491cca3e34364641,trusted,historical_transaction_override,historical_transaction_override,True,103,2025-05-12,complete
2025-05-12,0.00,7703.01,1,1154795.86,last_posted_transaction_or_prior_closing_balance,synb1_txn_a7795e98fa5a2d949ab3ade2,trusted,weekday_rule,base_calendar,True,104,2025-05-13,complete
2025-05-13,0.00,0.00,0,1154795.86,last_posted_transaction_or_prior_closing_balance,,trusted,weekday_rule,base_calendar,True,105,2025-05-14,complete
2025-05-14,0.00,0.00,0,1154795.86,last_posted_transaction_or_prior_closing_balance,,trusted,weekday_rule,base_calendar,True,106,2025-05-15,complete
2025-05-15,0.00,10876.17,2,1143919.69,last_posted_transaction_or_prior_closing_balance,synb1_txn_f7b3adcc3f770dd2339da699,trusted,weekday_rule,base_calendar,True,107,2025-05-16,complete
2025-05-16,0.00,0.00,0,1143919.69,last_posted_transaction_or_prior_closing_balance,,trusted,weekday_rule,base_calendar,True,108,2025-05-19,complete
2025-05-17,0.00,0.00,0,1143919.69,last_posted_transaction_or_prior_closing_balance,,trusted,weekday_rule,base_calendar,False,,,complete
2025-05-18,0.00,0.00,0,1143919.69,last_posted_transaction_or_prior_closing_balance,,trusted,weekday_rule,base_calendar,False,,,complete
2025-05-19,0.00,152858.57,1,991061.12,last_posted_transaction_or_prior_closing_balance,synb1_txn_9a47b5ad7cfc9decb06c0d5a,trusted,weekday_rule,base_calendar,True,109,2025-05-20,complete
2025-05-20,0.00,0.00,0,991061.12,last_posted_transaction_or_prior_closing_balance,,trusted,weekday_rule,base_calendar,True,110,2025-05-21,complete
2025-05-21,0.00,0.00,0,991061.12,last_posted_transaction_or_prior_closing_balance,,trusted,weekday_rule,base_calendar,True,111,2025-05-22,complete
2025-05-22,0.00,0.00,0,991061.12,last_posted_transaction_or_prior_closing_balance,,trusted,weekday_rule,base_calendar,True,112,2025-05-23,complete
2025-05-23,0.00,7142.84,1,983918.28,last_posted_transaction_or_prior_closing_balance,synb1_txn_29435272448316c91080d8f2,trusted,weekday_rule,base_calendar,True,113,2025-05-25,complete
2025-05-24,0.00,0.00,0,983918.28,last_posted_transaction_or_prior_closing_balance,,trusted,weekday_rule,base_calendar,False,,,complete
2025-05-25,148971.65,0.00,1,1132889.93,last_posted_transaction_or_prior_closing_balance,synb1_txn_5fc9e028ecd2e6cb7d451114,trusted,historical_transaction_override,historical_transaction_override,True,114,2025-05-26,complete
2025-05-26,0.00,144983.52,1,987906.41,last_posted_transaction_or_prior_closing_balance,synb1_txn_52606f9dcf12b279f3e4026c,trusted,weekday_rule,base_calendar,True,115,2025-05-27,complete
2025-05-27,0.00,132787.93,1,855118.48,last_posted_transaction_or_prior_closing_balance,synb1_txn_f6496bfd371a0c2d53f0e23d,trusted,weekday_rule,base_calendar,True,116,2025-05-28,complete
2025-05-28,0.00,6673.18,3,848445.30,last_posted_transaction_or_prior_closing_balance,synb1_txn_d64526a782bbd943c49df3c9,trusted,weekday_rule,base_calendar,True,117,2025-05-29,complete
2025-05-29,140160.02,0.00,1,988605.32,last_posted_transaction_or_prior_closing_balance,synb1_txn_83daaffdb3bdba09bb05b9b8,trusted,weekday_rule,base_calendar,True,118,2025-05-30,complete
2025-05-30,0.00,0.00,0,988605.32,last_posted_transaction_or_prior_closing_balance,,trusted,weekday_rule,base_calendar,True,119,2025-05-31,complete
2025-05-31,0.00,2784.27,1,985821.05,last_posted_transaction_or_prior_closing_balance,synb1_txn_e99c1909fe6790f85047afe0,trusted,historical_transaction_override,historical_transaction_override,True,120,2025-06-01,complete
2025-06-01,0.00,8457.99,1,977363.06,last_posted_transaction_or_prior_closing_balance,synb1_txn_7c805d46264d3c3def83ba56,trusted,historical_transaction_override,historical_transaction_override,True,121,2025-06-03,complete
2025-06-02,0.00,0.00,0,977363.06,last_posted_transaction_or_prior_closing_balance,,trusted,gov_cn_2025_holiday_schedule_v1,base_calendar,False,,,complete
2025-06-03,0.00,2490.87,1,974872.19,last_posted_transaction_or_prior_closing_balance,synb1_txn_1e8b632803f505677efa45b4,trusted,weekday_rule,base_calendar,True,122,2025-06-04,complete
2025-06-04,0.00,0.00,0,974872.19,last_posted_transaction_or_prior_closing_balance,,trusted,weekday_rule,base_calendar,True,123,2025-06-05,complete
2025-06-05,155402.41,6751.93,2,1123522.67,last_posted_transaction_or_prior_closing_balance,synb1_txn_afa23fd799e313b7c8084d73,trusted,weekday_rule,base_calendar,True,124,2025-06-06,complete
2025-06-06,167962.10,0.00,1,1291484.77,last_posted_transaction_or_prior_closing_balance,synb1_txn_9e1fe1182bd1f028b55b267f,trusted,weekday_rule,base_calendar,True,125,2025-06-09,complete
2025-06-07,0.00,0.00,0,1291484.77,last_posted_transaction_or_prior_closing_balance,,trusted,weekday_rule,base_calendar,False,,,complete
2025-06-08,0.00,0.00,0,1291484.77,last_posted_transaction_or_prior_closing_balance,,trusted,weekday_rule,base_calendar,False,,,complete
2025-06-09,0.00,0.00,0,1291484.77,last_posted_transaction_or_prior_closing_balance,,trusted,weekday_rule,base_calendar,True,126,2025-06-10,complete
2025-06-10,0.00,8526.23,1,1282958.54,last_posted_transaction_or_prior_closing_balance,synb1_txn_3e26ba6a13e16a648b80a07c,trusted,weekday_rule,base_calendar,True,127,2025-06-11,complete
2025-06-11,0.00,0.00,0,1282958.54,last_posted_transaction_or_prior_closing_balance,,trusted,weekday_rule,base_calendar,True,128,2025-06-12,complete
2025-06-12,0.00,0.00,0,1282958.54,last_posted_transaction_or_prior_closing_balance,,trusted,weekday_rule,base_calendar,True,129,2025-06-13,complete
2025-06-13,0.00,2538.43,1,1280420.11,last_posted_transaction_or_prior_closing_balance,synb1_txn_adba8d0555948391db8ade75,trusted,weekday_rule,base_calendar,True,130,2025-06-16,complete
2025-06-14,0.00,0.00,0,1280420.11,last_posted_transaction_or_prior_closing_balance,,trusted,weekday_rule,base_calendar,False,,,complete
2025-06-15,0.00,0.00,0,1280420.11,last_posted_transaction_or_prior_closing_balance,,trusted,weekday_rule,base_calendar,False,,,complete
2025-06-16,0.00,0.00,0,1280420.11,last_posted_transaction_or_prior_closing_balance,,trusted,weekday_rule,base_calendar,True,131,2025-06-17,complete
2025-06-17,0.00,0.00,0,1280420.11,last_posted_transaction_or_prior_closing_balance,,trusted,weekday_rule,base_calendar,True,132,2025-06-18,complete
2025-06-18,136220.88,0.00,1,1416640.99,last_posted_transaction_or_prior_closing_balance,synb1_txn_35c173ac5500bfc6f38012bf,trusted,weekday_rule,base_calendar,True,133,2025-06-19,complete
2025-06-19,0.00,0.00,0,1416640.99,last_posted_transaction_or_prior_closing_balance,,trusted,weekday_rule,base_calendar,True,134,2025-06-20,complete
2025-06-20,0.00,0.00,0,1416640.99,last_posted_transaction_or_prior_closing_balance,,trusted,weekday_rule,base_calendar,True,135,2025-06-21,complete
2025-06-21,157745.54,157589.33,2,1416797.20,last_posted_transaction_or_prior_closing_balance,synb1_txn_201104b7ac6cd4cc51df966e,trusted,historical_transaction_override,historical_transaction_override,True,136,2025-06-23,complete
2025-06-22,0.00,0.00,0,1416797.20,last_posted_transaction_or_prior_closing_balance,,trusted,weekday_rule,base_calendar,False,,,complete
2025-06-23,0.00,2324.59,1,1414472.61,last_posted_transaction_or_prior_closing_balance,synb1_txn_3866e3576cde8d5acf19a1b9,trusted,weekday_rule,base_calendar,True,137,2025-06-24,complete
2025-06-24,0.00,280865.49,2,1133607.12,last_posted_transaction_or_prior_closing_balance,synb1_txn_83e6459bef7ce6954854aa1f,trusted,weekday_rule,base_calendar,True,138,2025-06-25,complete
2025-06-25,0.00,2226.11,1,1131381.01,last_posted_transaction_or_prior_closing_balance,synb1_txn_aa5ad002d4a653d4effe3c8b,trusted,weekday_rule,base_calendar,True,139,2025-06-26,complete
2025-06-26,0.00,159718.54,1,971662.47,last_posted_transaction_or_prior_closing_balance,synb1_txn_5c9660737b9bc6f5ea68b7ab,trusted,weekday_rule,base_calendar,True,140,2025-06-27,complete
2025-06-27,0.00,9549.60,2,962112.87,last_posted_transaction_or_prior_closing_balance,synb1_txn_50aad5e2b93be4a0c3841165,trusted,weekday_rule,base_calendar,True,141,2025-06-30,complete
2025-06-28,0.00,0.00,0,962112.87,last_posted_transaction_or_prior_closing_balance,,trusted,weekday_rule,base_calendar,False,,,complete
2025-06-29,0.00,0.00,0,962112.87,last_posted_transaction_or_prior_closing_balance,,trusted,weekday_rule,base_calendar,False,,,complete
2025-06-30,0.00,8456.54,3,953656.33,last_posted_transaction_or_prior_closing_balance,synb1_txn_692eba8e892e4c569327e50b,trusted,weekday_rule,base_calendar,True,142,2025-07-01,complete
2025-07-01,178521.65,0.00,1,1132177.98,last_posted_transaction_or_prior_closing_balance,synb1_txn_50a298ff027dd27638e20567,trusted,weekday_rule,base_calendar,True,143,2025-07-02,complete
2025-07-02,0.00,0.00,0,1132177.98,last_posted_transaction_or_prior_closing_balance,,trusted,weekday_rule,base_calendar,True,144,2025-07-03,complete
2025-07-03,0.00,2410.52,1,1129767.46,last_posted_transaction_or_prior_closing_balance,synb1_txn_733cd792e1fde09fd2cc4934,trusted,weekday_rule,base_calendar,True,145,2025-07-04,complete
2025-07-04,0.00,0.00,0,1129767.46,last_posted_transaction_or_prior_closing_balance,,trusted,weekday_rule,base_calendar,True,146,2025-07-05,complete
2025-07-05,0.00,2678.10,1,1127089.36,last_posted_transaction_or_prior_closing_balance,synb1_txn_ac5e2df7b9d09ed74d19bc19,trusted,historical_transaction_override,historical_transaction_override,True,147,2025-07-07,complete
2025-07-06,0.00,0.00,0,1127089.36,last_posted_transaction_or_prior_closing_balance,,trusted,weekday_rule,base_calendar,False,,,complete
2025-07-07,149834.60,7413.01,2,1269510.95,last_posted_transaction_or_prior_closing_balance,synb1_txn_d9cbc955f3a18e61ed7ee436,trusted,weekday_rule,base_calendar,True,148,2025-07-08,complete
2025-07-08,0.00,0.00,0,1269510.95,last_posted_transaction_or_prior_closing_balance,,trusted,weekday_rule,base_calendar,True,149,2025-07-09,complete
2025-07-09,188388.73,0.00,1,1457899.68,last_posted_transaction_or_prior_closing_balance,synb1_txn_228a1e41bd7bbf726914e983,trusted,weekday_rule,base_calendar,True,150,2025-07-10,complete
2025-07-10,0.00,0.00,0,1457899.68,last_posted_transaction_or_prior_closing_balance,,trusted,weekday_rule,base_calendar,True,151,2025-07-11,complete
2025-07-11,0.00,385952.10,2,1071947.58,last_posted_transaction_or_prior_closing_balance,synb1_txn_ac624cd948642cd08916b0f6,trusted,weekday_rule,base_calendar,True,152,2025-07-12,complete
2025-07-12,166700.06,0.00,1,1238647.64,last_posted_transaction_or_prior_closing_balance,synb1_txn_15fc90013f69a7e25b8ca10d,trusted,historical_transaction_override,historical_transaction_override,True,153,2025-07-14,complete
2025-07-13,0.00,0.00,0,1238647.64,last_posted_transaction_or_prior_closing_balance,,trusted,weekday_rule,base_calendar,False,,,complete
2025-07-14,0.00,0.00,0,1238647.64,last_posted_transaction_or_prior_closing_balance,,trusted,weekday_rule,base_calendar,True,154,2025-07-15,complete
2025-07-15,0.00,0.00,0,1238647.64,last_posted_transaction_or_prior_closing_balance,,trusted,weekday_rule,base_calendar,True,155,2025-07-16,complete
2025-07-16,0.00,0.00,0,1238647.64,last_posted_transaction_or_prior_closing_balance,,trusted,weekday_rule,base_calendar,True,156,2025-07-17,complete
2025-07-17,0.00,7913.74,1,1230733.90,last_posted_transaction_or_prior_closing_balance,synb1_txn_0bd5d2c4ebe8e4743b68924f,trusted,weekday_rule,base_calendar,True,157,2025-07-18,complete
2025-07-18,0.00,174826.70,1,1055907.20,last_posted_transaction_or_prior_closing_balance,synb1_txn_2275e985daf6090edc69a652,trusted,weekday_rule,base_calendar,True,158,2025-07-19,complete
2025-07-19,0.00,2466.26,1,1053440.94,last_posted_transaction_or_prior_closing_balance,synb1_txn_a5ddf91d7217f10f8856e2ef,trusted,historical_transaction_override,historical_transaction_override,True,159,2025-07-21,complete
2025-07-20,0.00,0.00,0,1053440.94,last_posted_transaction_or_prior_closing_balance,,trusted,weekday_rule,base_calendar,False,,,complete
2025-07-21,0.00,0.00,0,1053440.94,last_posted_transaction_or_prior_closing_balance,,trusted,weekday_rule,base_calendar,True,160,2025-07-22,complete
2025-07-22,0.00,165395.47,2,888045.47,last_posted_transaction_or_prior_closing_balance,synb1_txn_7ca1b35ed810f6d53b87f53d,trusted,weekday_rule,base_calendar,True,161,2025-07-23,complete
2025-07-23,0.00,0.00,0,888045.47,last_posted_transaction_or_prior_closing_balance,,trusted,weekday_rule,base_calendar,True,162,2025-07-24,complete
2025-07-24,0.00,2552.20,1,885493.27,last_posted_transaction_or_prior_closing_balance,synb1_txn_3a6488dc44cbc84df66a01e8,trusted,weekday_rule,base_calendar,True,163,2025-07-25,complete
2025-07-25,0.00,2079.44,1,883413.83,last_posted_transaction_or_prior_closing_balance,synb1_txn_10a83c0608d6d2710958fc95,trusted,weekday_rule,base_calendar,True,164,2025-07-26,complete
2025-07-26,0.00,8110.20,1,875303.63,last_posted_transaction_or_prior_closing_balance,synb1_txn_9fa88a07d025a92f4e562084,trusted,historical_transaction_override,historical_transaction_override,True,165,2025-07-28,complete
2025-07-27,0.00,0.00,0,875303.63,last_posted_transaction_or_prior_closing_balance,,trusted,weekday_rule,base_calendar,False,,,complete
2025-07-28,0.00,10262.59,3,865041.04,last_posted_transaction_or_prior_closing_balance,synb1_txn_c621f1006fa047fb9a1a735c,trusted,weekday_rule,base_calendar,True,166,2025-07-29,complete
2025-07-29,0.00,0.00,0,865041.04,last_posted_transaction_or_prior_closing_balance,,trusted,weekday_rule,base_calendar,True,167,2025-07-30,complete
2025-07-30,0.00,0.00,0,865041.04,last_posted_transaction_or_prior_closing_balance,,trusted,weekday_rule,base_calendar,True,168,2025-07-31,complete
2025-07-31,0.00,0.00,0,865041.04,last_posted_transaction_or_prior_closing_balance,,trusted,weekday_rule,base_calendar,True,169,2025-08-01,complete
2025-08-01,179199.07,215246.61,3,828993.50,last_posted_transaction_or_prior_closing_balance,synb1_txn_9836d7f7436a7ee1267fe516,trusted,weekday_rule,base_calendar,True,170,2025-08-03,complete
2025-08-02,0.00,0.00,0,828993.50,last_posted_transaction_or_prior_closing_balance,,trusted,weekday_rule,base_calendar,False,,,complete
2025-08-03,0.00,9494.30,2,819499.20,last_posted_transaction_or_prior_closing_balance,synb1_txn_c90c6442f4a3d5450d002b63,trusted,historical_transaction_override,historical_transaction_override,True,171,2025-08-04,complete
2025-08-04,0.00,0.00,0,819499.20,last_posted_transaction_or_prior_closing_balance,,trusted,weekday_rule,base_calendar,True,172,2025-08-05,complete
2025-08-05,0.00,0.00,0,819499.20,last_posted_transaction_or_prior_closing_balance,,trusted,weekday_rule,base_calendar,True,173,2025-08-06,complete
2025-08-06,0.00,0.00,0,819499.20,last_posted_transaction_or_prior_closing_balance,,trusted,weekday_rule,base_calendar,True,174,2025-08-07,complete
2025-08-07,0.00,0.00,0,819499.20,last_posted_transaction_or_prior_closing_balance,,trusted,weekday_rule,base_calendar,True,175,2025-08-08,complete
2025-08-08,0.00,0.00,0,819499.20,last_posted_transaction_or_prior_closing_balance,,trusted,weekday_rule,base_calendar,True,176,2025-08-10,complete
2025-08-09,0.00,0.00,0,819499.20,last_posted_transaction_or_prior_closing_balance,,trusted,weekday_rule,base_calendar,False,,,complete
2025-08-10,0.00,172188.57,1,647310.63,last_posted_transaction_or_prior_closing_balance,synb1_txn_07aced8813d9317b23cee987,trusted,historical_transaction_override,historical_transaction_override,True,177,2025-08-11,complete
2025-08-11,197377.59,8088.94,2,836599.28,last_posted_transaction_or_prior_closing_balance,synb1_txn_a3e4099f5dd1f5857c058f7d,trusted,weekday_rule,base_calendar,True,178,2025-08-12,complete
2025-08-12,0.00,8103.78,1,828495.50,last_posted_transaction_or_prior_closing_balance,synb1_txn_1595c2c69e87a2cd8430d2ea,trusted,weekday_rule,base_calendar,True,179,2025-08-13,complete
2025-08-13,0.00,0.00,0,828495.50,last_posted_transaction_or_prior_closing_balance,,trusted,weekday_rule,base_calendar,True,180,2025-08-14,complete
2025-08-14,0.00,0.00,0,828495.50,last_posted_transaction_or_prior_closing_balance,,trusted,weekday_rule,base_calendar,True,181,2025-08-15,complete
2025-08-15,0.00,2776.28,1,825719.22,last_posted_transaction_or_prior_closing_balance,synb1_txn_aa7cb7439c8010e933d0509d,trusted,weekday_rule,base_calendar,True,182,2025-08-16,complete
2025-08-16,165945.49,0.00,1,991664.71,last_posted_transaction_or_prior_closing_balance,synb1_txn_705603d6e210f6b8ef9d33e8,trusted,historical_transaction_override,historical_transaction_override,True,183,2025-08-18,complete
2025-08-17,0.00,0.00,0,991664.71,last_posted_transaction_or_prior_closing_balance,,trusted,weekday_rule,base_calendar,False,,,complete
2025-08-18,0.00,2062.36,1,989602.35,last_posted_transaction_or_prior_closing_balance,synb1_txn_e336b4c30cb812aa2fc37d6a,trusted,weekday_rule,base_calendar,True,184,2025-08-19,complete
2025-08-19,0.00,0.00,0,989602.35,last_posted_transaction_or_prior_closing_balance,,trusted,weekday_rule,base_calendar,True,185,2025-08-20,complete
2025-08-20,0.00,0.00,0,989602.35,last_posted_transaction_or_prior_closing_balance,,trusted,weekday_rule,base_calendar,True,186,2025-08-21,complete
2025-08-21,0.00,0.00,0,989602.35,last_posted_transaction_or_prior_closing_balance,,trusted,weekday_rule,base_calendar,True,187,2025-08-22,complete
2025-08-22,0.00,0.00,0,989602.35,last_posted_transaction_or_prior_closing_balance,,trusted,weekday_rule,base_calendar,True,188,2025-08-24,complete
2025-08-23,0.00,0.00,0,989602.35,last_posted_transaction_or_prior_closing_balance,,trusted,weekday_rule,base_calendar,False,,,complete
2025-08-24,181214.68,0.00,1,1170817.03,last_posted_transaction_or_prior_closing_balance,synb1_txn_120099ffe8b509faa8aeec5f,trusted,historical_transaction_override,historical_transaction_override,True,189,2025-08-25,complete
2025-08-25,0.00,168795.59,1,1002021.44,last_posted_transaction_or_prior_closing_balance,synb1_txn_1d0a0fcd3102596e844c8c38,trusted,weekday_rule,base_calendar,True,190,2025-08-26,complete
2025-08-26,0.00,0.00,0,1002021.44,last_posted_transaction_or_prior_closing_balance,,trusted,weekday_rule,base_calendar,True,191,2025-08-27,complete
2025-08-27,0.00,0.00,0,1002021.44,last_posted_transaction_or_prior_closing_balance,,trusted,weekday_rule,base_calendar,True,192,2025-08-28,complete
2025-08-28,0.00,199088.40,4,802933.04,last_posted_transaction_or_prior_closing_balance,synb1_txn_750aaa2fdcf95be170330b9d,trusted,weekday_rule,base_calendar,True,193,2025-08-29,complete
2025-08-29,0.00,0.00,0,802933.04,last_posted_transaction_or_prior_closing_balance,,trusted,weekday_rule,base_calendar,True,194,2025-08-30,complete
2025-08-30,0.00,2733.83,1,800199.21,last_posted_transaction_or_prior_closing_balance,synb1_txn_e659b320fd5790f1cc0166cd,trusted,historical_transaction_override,historical_transaction_override,True,195,2025-08-31,complete
2025-08-31,0.00,2203.53,1,797995.68,last_posted_transaction_or_prior_closing_balance,synb1_txn_1b2d0efa70d2c10b3bf9b96d,trusted,historical_transaction_override,historical_transaction_override,True,196,2025-09-01,complete
2025-09-01,0.00,0.00,0,797995.68,last_posted_transaction_or_prior_closing_balance,,trusted,weekday_rule,base_calendar,True,197,2025-09-02,complete
2025-09-02,0.00,0.00,0,797995.68,last_posted_transaction_or_prior_closing_balance,,trusted,weekday_rule,base_calendar,True,198,2025-09-03,complete
2025-09-03,0.00,163667.45,2,634328.23,last_posted_transaction_or_prior_closing_balance,synb1_txn_1c115e149e6bc20e1eb9a244,trusted,weekday_rule,base_calendar,True,199,2025-09-04,complete
2025-09-04,0.00,6511.20,1,627817.03,last_posted_transaction_or_prior_closing_balance,synb1_txn_9fd6312b94fa4a6bb86df88e,trusted,weekday_rule,base_calendar,True,200,2025-09-05,complete
2025-09-05,0.00,0.00,0,627817.03,last_posted_transaction_or_prior_closing_balance,,trusted,weekday_rule,base_calendar,True,201,2025-09-06,complete
2025-09-06,0.00,2151.10,1,625665.93,last_posted_transaction_or_prior_closing_balance,synb1_txn_ed42f83e379d56655572be6f,trusted,historical_transaction_override,historical_transaction_override,True,202,2025-09-08,complete
2025-09-07,0.00,0.00,0,625665.93,last_posted_transaction_or_prior_closing_balance,,trusted,weekday_rule,base_calendar,False,,,complete
2025-09-08,0.00,0.00,0,625665.93,last_posted_transaction_or_prior_closing_balance,,trusted,weekday_rule,base_calendar,True,203,2025-09-09,complete
2025-09-09,0.00,230109.37,2,395556.56,last_posted_transaction_or_prior_closing_balance,synb1_txn_c7de087ad293465faad81c83,trusted,weekday_rule,base_calendar,True,204,2025-09-10,complete
2025-09-10,0.00,0.00,0,395556.56,last_posted_transaction_or_prior_closing_balance,,trusted,weekday_rule,base_calendar,True,205,2025-09-11,complete
2025-09-11,0.00,0.00,0,395556.56,last_posted_transaction_or_prior_closing_balance,,trusted,weekday_rule,base_calendar,True,206,2025-09-12,complete
2025-09-12,0.00,0.00,0,395556.56,last_posted_transaction_or_prior_closing_balance,,trusted,weekday_rule,base_calendar,True,207,2025-09-15,complete
2025-09-13,0.00,0.00,0,395556.56,last_posted_transaction_or_prior_closing_balance,,trusted,weekday_rule,base_calendar,False,,,complete
2025-09-14,0.00,0.00,0,395556.56,last_posted_transaction_or_prior_closing_balance,,trusted,weekday_rule,base_calendar,False,,,complete
2025-09-15,0.00,7736.29,1,387820.27,last_posted_transaction_or_prior_closing_balance,synb1_txn_242d8ef3401a5d8ba6b4647f,trusted,weekday_rule,base_calendar,True,208,2025-09-16,complete
2025-09-16,0.00,0.00,0,387820.27,last_posted_transaction_or_prior_closing_balance,,trusted,weekday_rule,base_calendar,True,209,2025-09-17,complete
2025-09-17,182351.67,0.00,1,570171.94,last_posted_transaction_or_prior_closing_balance,synb1_txn_ab9314f8db7ac560601fe2ae,trusted,weekday_rule,base_calendar,True,210,2025-09-18,complete
2025-09-18,0.00,161668.82,1,408503.12,last_posted_transaction_or_prior_closing_balance,synb1_txn_2c2d3418856d33a77165dfe8,trusted,weekday_rule,base_calendar,True,211,2025-09-19,complete
2025-09-19,0.00,0.00,0,408503.12,last_posted_transaction_or_prior_closing_balance,,trusted,weekday_rule,base_calendar,True,212,2025-09-22,complete
2025-09-20,0.00,0.00,0,408503.12,last_posted_transaction_or_prior_closing_balance,,trusted,weekday_rule,base_calendar,False,,,complete
2025-09-21,0.00,0.00,0,408503.12,last_posted_transaction_or_prior_closing_balance,,trusted,weekday_rule,base_calendar,False,,,complete
2025-09-22,186592.03,0.00,1,595095.15,last_posted_transaction_or_prior_closing_balance,synb1_txn_35dae97eb75471157e8680af,trusted,weekday_rule,base_calendar,True,213,2025-09-23,complete
2025-09-23,169891.54,229478.76,2,535507.93,last_posted_transaction_or_prior_closing_balance,synb1_txn_3eee7212df9a70ba05240895,trusted,weekday_rule,base_calendar,True,214,2025-09-24,complete
2025-09-24,0.00,0.00,0,535507.93,last_posted_transaction_or_prior_closing_balance,,trusted,weekday_rule,base_calendar,True,215,2025-09-25,complete
2025-09-25,141154.96,0.00,1,676662.89,last_posted_transaction_or_prior_closing_balance,synb1_txn_f225bd54bbe18592b38b925c,trusted,weekday_rule,base_calendar,True,216,2025-09-26,complete
2025-09-26,0.00,2576.79,1,674086.10,last_posted_transaction_or_prior_closing_balance,synb1_txn_a5ad075023222f58a5d1c6e2,trusted,weekday_rule,base_calendar,True,217,2025-09-28,complete
2025-09-27,0.00,0.00,0,674086.10,last_posted_transaction_or_prior_closing_balance,,trusted,weekday_rule,base_calendar,False,,,complete
2025-09-28,0.00,12986.77,4,661099.33,last_posted_transaction_or_prior_closing_balance,synb1_txn_9b8d76f3202dcf9ac37e636c,trusted,gov_cn_2025_holiday_schedule_v1,base_calendar,True,218,2025-09-29,complete
2025-09-29,0.00,2228.71,1,658870.62,last_posted_transaction_or_prior_closing_balance,synb1_txn_a7ae8bd9fc0ef8141522c0d0,trusted,weekday_rule,base_calendar,True,219,2025-09-30,complete
2025-09-30,0.00,8337.30,1,650533.32,last_posted_transaction_or_prior_closing_balance,synb1_txn_0222ed50275ef9146104d677,trusted,weekday_rule,base_calendar,True,220,2025-10-02,complete
2025-10-01,0.00,0.00,0,650533.32,last_posted_transaction_or_prior_closing_balance,,trusted,gov_cn_2025_holiday_schedule_v1,base_calendar,False,,,complete
2025-10-02,0.00,7264.21,1,643269.11,last_posted_transaction_or_prior_closing_balance,synb1_txn_9447f6b5bfee04003c67e493,trusted,historical_transaction_override,historical_transaction_override,True,221,2025-10-03,complete
2025-10-03,0.00,2410.52,1,640858.59,last_posted_transaction_or_prior_closing_balance,synb1_txn_bf18e220962b8bd65b325236,trusted,historical_transaction_override,historical_transaction_override,True,222,2025-10-05,complete
2025-10-04,0.00,0.00,0,640858.59,last_posted_transaction_or_prior_closing_balance,,trusted,gov_cn_2025_holiday_schedule_v1,base_calendar,False,,,complete
2025-10-05,151884.74,0.00,1,792743.33,last_posted_transaction_or_prior_closing_balance,synb1_txn_6d35eade30abe345359c786e,trusted,historical_transaction_override,historical_transaction_override,True,223,2025-10-06,complete
2025-10-06,0.00,2321.41,1,790421.92,last_posted_transaction_or_prior_closing_balance,synb1_txn_32f05f707d531ed99f7a4d05,trusted,historical_transaction_override,historical_transaction_override,True,224,2025-10-07,complete
2025-10-07,0.00,147912.16,1,642509.76,last_posted_transaction_or_prior_closing_balance,synb1_txn_eed3a785aa8b242e6549eb55,trusted,historical_transaction_override,historical_transaction_override,True,225,2025-10-09,complete
2025-10-08,0.00,0.00,0,642509.76,last_posted_transaction_or_prior_closing_balance,,trusted,gov_cn_2025_holiday_schedule_v1,base_calendar,False,,,complete
2025-10-09,0.00,361999.22,2,280510.54,last_posted_transaction_or_prior_closing_balance,synb1_txn_910a9e9e053823fc8448e3c8,trusted,weekday_rule,base_calendar,True,226,2025-10-10,complete
2025-10-10,151009.06,8502.87,2,423016.73,last_posted_transaction_or_prior_closing_balance,synb1_txn_6cee3b057d1145b98bc5a1fc,trusted,weekday_rule,base_calendar,True,227,2025-10-11,complete
2025-10-11,0.00,0.00,0,423016.73,last_posted_transaction_or_prior_closing_balance,,trusted,gov_cn_2025_holiday_schedule_v1,base_calendar,True,228,2025-10-12,complete
2025-10-12,0.00,2476.47,1,420540.26,last_posted_transaction_or_prior_closing_balance,synb1_txn_7c7d4ba8f494fd367a9dbf53,trusted,historical_transaction_override,historical_transaction_override,True,229,2025-10-13,complete
2025-10-13,0.00,0.00,0,420540.26,last_posted_transaction_or_prior_closing_balance,,trusted,weekday_rule,base_calendar,True,230,2025-10-14,complete
2025-10-14,0.00,0.00,0,420540.26,last_posted_transaction_or_prior_closing_balance,,trusted,weekday_rule,base_calendar,True,231,2025-10-15,complete
2025-10-15,0.00,0.00,0,420540.26,last_posted_transaction_or_prior_closing_balance,,trusted,weekday_rule,base_calendar,True,232,2025-10-16,complete
2025-10-16,0.00,0.00,0,420540.26,last_posted_transaction_or_prior_closing_balance,,trusted,weekday_rule,base_calendar,True,233,2025-10-17,complete
2025-10-17,0.00,8076.77,1,412463.49,last_posted_transaction_or_prior_closing_balance,synb1_txn_cc28ec0144de7d063ca193fe,trusted,weekday_rule,base_calendar,True,234,2025-10-19,complete
2025-10-18,0.00,0.00,0,412463.49,last_posted_transaction_or_prior_closing_balance,,trusted,weekday_rule,base_calendar,False,,,complete
2025-10-19,0.00,2473.88,1,409989.61,last_posted_transaction_or_prior_closing_balance,synb1_txn_c00adb6c34ffcf4a7b81c28f,trusted,historical_transaction_override,historical_transaction_override,True,235,2025-10-20,complete
2025-10-20,0.00,0.00,0,409989.61,last_posted_transaction_or_prior_closing_balance,,trusted,weekday_rule,base_calendar,True,236,2025-10-21,complete
2025-10-21,0.00,6755.03,1,403234.58,last_posted_transaction_or_prior_closing_balance,synb1_txn_8bdf3724bd4d11d0969ac39a,trusted,weekday_rule,base_calendar,True,237,2025-10-22,complete
2025-10-22,0.00,0.00,0,403234.58,last_posted_transaction_or_prior_closing_balance,,trusted,weekday_rule,base_calendar,True,238,2025-10-23,complete
2025-10-23,0.00,149442.78,2,253791.80,last_posted_transaction_or_prior_closing_balance,synb1_txn_2dc05b1541d5e4a8f3f55754,trusted,weekday_rule,base_calendar,True,239,2025-10-24,complete
2025-10-24,157192.40,0.00,1,410984.20,last_posted_transaction_or_prior_closing_balance,synb1_txn_bd415bea81d87b1fcb8278b7,trusted,weekday_rule,base_calendar,True,240,2025-10-25,complete
2025-10-25,145308.24,0.00,1,556292.44,last_posted_transaction_or_prior_closing_balance,synb1_txn_1ba20ae86d8807f179737f17,trusted,historical_transaction_override,historical_transaction_override,True,241,2025-10-27,complete
2025-10-26,0.00,0.00,0,556292.44,last_posted_transaction_or_prior_closing_balance,,trusted,weekday_rule,base_calendar,False,,,complete
2025-10-27,0.00,0.00,0,556292.44,last_posted_transaction_or_prior_closing_balance,,trusted,weekday_rule,base_calendar,True,242,2025-10-28,complete
2025-10-28,0.00,8111.51,3,548180.93,last_posted_transaction_or_prior_closing_balance,synb1_txn_d948df7e8d5aed4647adb253,trusted,weekday_rule,base_calendar,True,243,2025-10-29,complete
2025-10-29,0.00,0.00,0,548180.93,last_posted_transaction_or_prior_closing_balance,,trusted,weekday_rule,base_calendar,True,244,2025-10-30,complete
2025-10-30,0.00,0.00,0,548180.93,last_posted_transaction_or_prior_closing_balance,,trusted,weekday_rule,base_calendar,True,245,2025-10-31,complete
2025-10-31,0.00,0.00,0,548180.93,last_posted_transaction_or_prior_closing_balance,,trusted,weekday_rule,base_calendar,True,246,2025-11-01,complete
2025-11-01,0.00,92627.33,1,455553.60,last_posted_transaction_or_prior_closing_balance,synb1_txn_c10f93745a6b84be781227a5,trusted,historical_transaction_override,historical_transaction_override,True,247,2025-11-03,complete
2025-11-02,0.00,0.00,0,455553.60,last_posted_transaction_or_prior_closing_balance,,trusted,weekday_rule,base_calendar,False,,,complete
2025-11-03,0.00,2490.87,1,453062.73,last_posted_transaction_or_prior_closing_balance,synb1_txn_7fafa8468fbe8450ad24b765,trusted,weekday_rule,base_calendar,True,248,2025-11-04,complete
2025-11-04,130418.45,0.00,1,583481.18,last_posted_transaction_or_prior_closing_balance,synb1_txn_d60d6319205b9eedfb508a2b,trusted,weekday_rule,base_calendar,True,249,2025-11-05,complete
2025-11-05,0.00,117285.92,1,466195.26,last_posted_transaction_or_prior_closing_balance,synb1_txn_ed1c9982c128e41beb449c50,trusted,weekday_rule,base_calendar,True,250,2025-11-06,complete
2025-11-06,0.00,4820.22,2,461375.04,last_posted_transaction_or_prior_closing_balance,synb1_txn_c8b3295b7d128075a4cd0ff9,trusted,weekday_rule,base_calendar,True,251,2025-11-07,complete
2025-11-07,0.00,0.00,0,461375.04,last_posted_transaction_or_prior_closing_balance,,trusted,weekday_rule,base_calendar,True,252,2025-11-08,complete
2025-11-08,0.00,120564.57,1,340810.47,last_posted_transaction_or_prior_closing_balance,synb1_txn_31e5a5b98f65124744125a08,trusted,historical_transaction_override,historical_transaction_override,True,253,2025-11-10,complete
2025-11-09,0.00,0.00,0,340810.47,last_posted_transaction_or_prior_closing_balance,,trusted,weekday_rule,base_calendar,False,,,complete
2025-11-10,0.00,0.00,0,340810.47,last_posted_transaction_or_prior_closing_balance,,trusted,weekday_rule,base_calendar,True,254,2025-11-11,complete
2025-11-11,0.00,0.00,0,340810.47,last_posted_transaction_or_prior_closing_balance,,trusted,weekday_rule,base_calendar,True,255,2025-11-12,complete
2025-11-12,0.00,7386.98,1,333423.49,last_posted_transaction_or_prior_closing_balance,synb1_txn_6c62331e58abbad3b10df6f6,trusted,weekday_rule,base_calendar,True,256,2025-11-13,complete
2025-11-13,0.00,7608.46,1,325815.03,last_posted_transaction_or_prior_closing_balance,synb1_txn_0cb9b5b637e4d52b0df8fb9d,trusted,weekday_rule,base_calendar,True,257,2025-11-14,complete
2025-11-14,0.00,7939.38,1,317875.65,last_posted_transaction_or_prior_closing_balance,synb1_txn_99855ab47594caebf1ce5af7,trusted,weekday_rule,base_calendar,True,258,2025-11-17,complete
2025-11-15,0.00,0.00,0,317875.65,last_posted_transaction_or_prior_closing_balance,,trusted,weekday_rule,base_calendar,False,,,complete
2025-11-16,0.00,0.00,0,317875.65,last_posted_transaction_or_prior_closing_balance,,trusted,weekday_rule,base_calendar,False,,,complete
2025-11-17,0.00,104962.36,1,212913.29,last_posted_transaction_or_prior_closing_balance,synb1_txn_db959a62fecf88b72d40b820,trusted,weekday_rule,base_calendar,True,259,2025-11-18,complete
2025-11-18,133753.54,2495.19,2,344171.64,last_posted_transaction_or_prior_closing_balance,synb1_txn_9e409b336c3f0924c054244f,trusted,weekday_rule,base_calendar,True,260,2025-11-19,complete
2025-11-19,0.00,0.00,0,344171.64,last_posted_transaction_or_prior_closing_balance,,trusted,weekday_rule,base_calendar,True,261,2025-11-20,complete
2025-11-20,0.00,2460.59,1,341711.05,last_posted_transaction_or_prior_closing_balance,synb1_txn_2b4293a51d6c7da22c9339be,trusted,weekday_rule,base_calendar,True,262,2025-11-21,complete
2025-11-21,0.00,0.00,0,341711.05,last_posted_transaction_or_prior_closing_balance,,trusted,weekday_rule,base_calendar,True,263,2025-11-24,complete
2025-11-22,0.00,0.00,0,341711.05,last_posted_transaction_or_prior_closing_balance,,trusted,weekday_rule,base_calendar,False,,,complete
2025-11-23,0.00,0.00,0,341711.05,last_posted_transaction_or_prior_closing_balance,,trusted,weekday_rule,base_calendar,False,,,complete
2025-11-24,0.00,0.00,0,341711.05,last_posted_transaction_or_prior_closing_balance,,trusted,weekday_rule,base_calendar,True,264,2025-11-25,complete
2025-11-25,0.00,0.00,0,341711.05,last_posted_transaction_or_prior_closing_balance,,trusted,weekday_rule,base_calendar,True,265,2025-11-26,complete
2025-11-26,133173.52,0.00,1,474884.57,last_posted_transaction_or_prior_closing_balance,synb1_txn_d7cb837b194736d2964470ed,trusted,weekday_rule,base_calendar,True,266,2025-11-27,complete
2025-11-27,0.00,0.00,0,474884.57,last_posted_transaction_or_prior_closing_balance,,trusted,weekday_rule,base_calendar,True,267,2025-11-28,complete
2025-11-28,0.00,5991.08,3,468893.49,last_posted_transaction_or_prior_closing_balance,synb1_txn_a0c8e0eb84505511d794632a,trusted,weekday_rule,base_calendar,True,268,2025-11-29,complete
2025-11-29,130527.20,0.00,1,599420.69,last_posted_transaction_or_prior_closing_balance,synb1_txn_d6a340c256c6361b2f1fc547,trusted,historical_transaction_override,historical_transaction_override,True,269,2025-11-30,complete
2025-11-30,0.00,7664.06,1,591756.63,last_posted_transaction_or_prior_closing_balance,synb1_txn_d29e460b93a5a173b9d46562,trusted,historical_transaction_override,historical_transaction_override,True,270,2025-12-01,complete
2025-12-01,0.00,0.00,0,591756.63,last_posted_transaction_or_prior_closing_balance,,trusted,weekday_rule,base_calendar,True,271,2025-12-02,complete
2025-12-02,82786.05,2204.36,2,672338.32,last_posted_transaction_or_prior_closing_balance,synb1_txn_35263c6431c2f929554e4af8,trusted,weekday_rule,base_calendar,True,272,2025-12-03,complete
2025-12-03,0.00,9285.31,2,663053.01,last_posted_transaction_or_prior_closing_balance,synb1_txn_114301b9ffd42003ec95028e,trusted,weekday_rule,base_calendar,True,273,2025-12-04,complete
2025-12-04,0.00,0.00,0,663053.01,last_posted_transaction_or_prior_closing_balance,,trusted,weekday_rule,base_calendar,True,274,2025-12-05,complete
2025-12-05,94572.99,10363.41,3,747262.59,last_posted_transaction_or_prior_closing_balance,synb1_txn_ae6a1678f30cc23ee7c6feab,trusted,weekday_rule,base_calendar,True,275,2025-12-06,complete
2025-12-06,0.00,2681.59,1,744581.00,last_posted_transaction_or_prior_closing_balance,synb1_txn_b4c2d3c7c12a3c6359ae95ba,trusted,historical_transaction_override,historical_transaction_override,True,276,2025-12-08,complete
2025-12-07,0.00,0.00,0,744581.00,last_posted_transaction_or_prior_closing_balance,,trusted,weekday_rule,base_calendar,False,,,complete
2025-12-08,0.00,96784.05,1,647796.95,last_posted_transaction_or_prior_closing_balance,synb1_txn_f827f562e68b823053e03d46,trusted,weekday_rule,base_calendar,True,277,2025-12-09,complete
2025-12-09,0.00,0.00,0,647796.95,last_posted_transaction_or_prior_closing_balance,,trusted,weekday_rule,base_calendar,True,278,2025-12-10,complete
2025-12-10,0.00,102520.76,1,545276.19,last_posted_transaction_or_prior_closing_balance,synb1_txn_5c144b304860703fa3105d3f,trusted,weekday_rule,base_calendar,True,279,2025-12-11,complete
2025-12-11,0.00,0.00,0,545276.19,last_posted_transaction_or_prior_closing_balance,,trusted,weekday_rule,base_calendar,True,280,2025-12-12,complete
2025-12-12,0.00,0.00,0,545276.19,last_posted_transaction_or_prior_closing_balance,,trusted,weekday_rule,base_calendar,True,281,2025-12-13,complete
2025-12-13,0.00,8458.30,1,536817.89,last_posted_transaction_or_prior_closing_balance,synb1_txn_2379c94800a5d4c506cf8dfa,trusted,historical_transaction_override,historical_transaction_override,True,282,2025-12-15,complete
2025-12-14,0.00,0.00,0,536817.89,last_posted_transaction_or_prior_closing_balance,,trusted,weekday_rule,base_calendar,False,,,complete
2025-12-15,0.00,0.00,0,536817.89,last_posted_transaction_or_prior_closing_balance,,trusted,weekday_rule,base_calendar,True,283,2025-12-16,complete
2025-12-16,0.00,0.00,0,536817.89,last_posted_transaction_or_prior_closing_balance,,trusted,weekday_rule,base_calendar,True,284,2025-12-17,complete
2025-12-17,0.00,0.00,0,536817.89,last_posted_transaction_or_prior_closing_balance,,trusted,weekday_rule,base_calendar,True,285,2025-12-18,complete
2025-12-18,0.00,0.00,0,536817.89,last_posted_transaction_or_prior_closing_balance,,trusted,weekday_rule,base_calendar,True,286,2025-12-19,complete
2025-12-19,0.00,2299.81,1,534518.08,last_posted_transaction_or_prior_closing_balance,synb1_txn_74909b00d6b357ea3c5c3f32,trusted,weekday_rule,base_calendar,True,287,2025-12-21,complete
2025-12-20,0.00,0.00,0,534518.08,last_posted_transaction_or_prior_closing_balance,,trusted,weekday_rule,base_calendar,False,,,complete
2025-12-21,107272.83,0.00,1,641790.91,last_posted_transaction_or_prior_closing_balance,synb1_txn_b7f5008958c06b8cb26eb99c,trusted,historical_transaction_override,historical_transaction_override,True,288,2025-12-22,complete
2025-12-22,0.00,0.00,0,641790.91,last_posted_transaction_or_prior_closing_balance,,trusted,weekday_rule,base_calendar,True,289,2025-12-23,complete
2025-12-23,0.00,0.00,0,641790.91,last_posted_transaction_or_prior_closing_balance,,trusted,weekday_rule,base_calendar,True,290,2025-12-24,complete
2025-12-24,0.00,79510.47,2,562280.44,last_posted_transaction_or_prior_closing_balance,synb1_txn_b5d3c84ebe805c64f1a65b2d,trusted,weekday_rule,base_calendar,True,291,2025-12-25,complete
2025-12-25,0.00,0.00,0,562280.44,last_posted_transaction_or_prior_closing_balance,,trusted,weekday_rule,base_calendar,True,292,2025-12-26,complete
2025-12-26,0.00,0.00,0,562280.44,last_posted_transaction_or_prior_closing_balance,,trusted,weekday_rule,base_calendar,True,293,2025-12-27,complete
2025-12-27,103084.29,0.00,1,665364.73,last_posted_transaction_or_prior_closing_balance,synb1_txn_afdbc862249d81aca2e021e8,trusted,historical_transaction_override,historical_transaction_override,True,294,2025-12-29,complete
2025-12-28,0.00,0.00,0,665364.73,last_posted_transaction_or_prior_closing_balance,,trusted,weekday_rule,base_calendar,False,,,complete
2025-12-29,0.00,4342.41,2,661022.32,last_posted_transaction_or_prior_closing_balance,synb1_txn_a3ebf77668d843599d48e36e,trusted,weekday_rule,base_calendar,True,295,2025-12-30,complete
2025-12-30,0.00,0.00,0,661022.32,last_posted_transaction_or_prior_closing_balance,,trusted,weekday_rule,base_calendar,True,296,2025-12-31,complete
2025-12-31,0.00,104226.98,1,556795.34,last_posted_transaction_or_prior_closing_balance,synb1_txn_7ca8064d31be79742887bf81,trusted,weekday_rule,base_calendar,True,297,2026-01-01,complete
2026-01-01,96186.62,0.00,1,652981.96,last_posted_transaction_or_prior_closing_balance,synb1_txn_499e892d5341485252f13700,trusted,historical_transaction_override,historical_transaction_override,True,298,2026-01-03,complete
2026-01-02,0.00,0.00,0,652981.96,last_posted_transaction_or_prior_closing_balance,,trusted,gov_cn_2026_holiday_schedule_v1,base_calendar,False,,,complete
2026-01-03,0.00,2490.87,1,650491.09,last_posted_transaction_or_prior_closing_balance,synb1_txn_60057963fada93a727f24dae,trusted,historical_transaction_override,historical_transaction_override,True,299,2026-01-04,complete
2026-01-04,0.00,6627.80,1,643863.29,last_posted_transaction_or_prior_closing_balance,synb1_txn_29abfff742fe88722a9eda6e,trusted,gov_cn_2026_holiday_schedule_v1,base_calendar,True,300,2026-01-05,complete
2026-01-05,0.00,2559.30,1,641303.99,last_posted_transaction_or_prior_closing_balance,synb1_txn_b49c98dcf6faa93b4aeab9da,trusted,weekday_rule,base_calendar,True,301,2026-01-06,complete
2026-01-06,0.00,0.00,0,641303.99,last_posted_transaction_or_prior_closing_balance,,trusted,weekday_rule,base_calendar,True,302,2026-01-07,complete
2026-01-07,0.00,6062.99,1,635241.00,last_posted_transaction_or_prior_closing_balance,synb1_txn_701b80c6a492edf60493515d,trusted,weekday_rule,base_calendar,True,303,2026-01-08,complete
2026-01-08,0.00,0.00,0,635241.00,last_posted_transaction_or_prior_closing_balance,,trusted,weekday_rule,base_calendar,True,304,2026-01-09,complete
2026-01-09,0.00,8928.95,1,626312.05,last_posted_transaction_or_prior_closing_balance,synb1_txn_6f68fcee7ac75fbbe2fdb2b3,trusted,weekday_rule,base_calendar,True,305,2026-01-11,complete
2026-01-10,0.00,0.00,0,626312.05,last_posted_transaction_or_prior_closing_balance,,trusted,weekday_rule,base_calendar,False,,,complete
2026-01-11,0.00,2082.29,1,624229.76,last_posted_transaction_or_prior_closing_balance,synb1_txn_fa23092e9e280c7d1c630250,trusted,historical_transaction_override,historical_transaction_override,True,306,2026-01-12,complete
2026-01-12,0.00,49805.09,2,574424.67,last_posted_transaction_or_prior_closing_balance,synb1_txn_dbbdaa89bf58ef2718faa314,trusted,weekday_rule,base_calendar,True,307,2026-01-13,complete
2026-01-13,0.00,0.00,0,574424.67,last_posted_transaction_or_prior_closing_balance,,trusted,weekday_rule,base_calendar,True,308,2026-01-14,complete
2026-01-14,0.00,0.00,0,574424.67,last_posted_transaction_or_prior_closing_balance,,trusted,weekday_rule,base_calendar,True,309,2026-01-15,complete
2026-01-15,0.00,0.00,0,574424.67,last_posted_transaction_or_prior_closing_balance,,trusted,weekday_rule,base_calendar,True,310,2026-01-16,complete
2026-01-16,0.00,11557.70,2,562866.97,last_posted_transaction_or_prior_closing_balance,synb1_txn_a37d95122cc5351c5caba12e,trusted,weekday_rule,base_calendar,True,311,2026-01-17,complete
2026-01-17,0.00,28809.21,2,534057.76,last_posted_transaction_or_prior_closing_balance,synb1_txn_28831e7e3bdbd20060dd36bc,trusted,historical_transaction_override,historical_transaction_override,True,312,2026-01-19,complete
2026-01-18,0.00,0.00,0,534057.76,last_posted_transaction_or_prior_closing_balance,,trusted,weekday_rule,base_calendar,False,,,complete
2026-01-19,126327.20,0.00,1,660384.96,last_posted_transaction_or_prior_closing_balance,synb1_txn_9fad98c68962fa940508fb1f,trusted,weekday_rule,base_calendar,True,313,2026-01-20,complete
2026-01-20,0.00,0.00,0,660384.96,last_posted_transaction_or_prior_closing_balance,,trusted,weekday_rule,base_calendar,True,314,2026-01-21,complete
2026-01-21,0.00,0.00,0,660384.96,last_posted_transaction_or_prior_closing_balance,,trusted,weekday_rule,base_calendar,True,315,2026-01-22,complete
2026-01-22,0.00,0.00,0,660384.96,last_posted_transaction_or_prior_closing_balance,,trusted,weekday_rule,base_calendar,True,316,2026-01-23,complete
2026-01-23,0.00,0.00,0,660384.96,last_posted_transaction_or_prior_closing_balance,,trusted,weekday_rule,base_calendar,True,317,2026-01-24,complete
2026-01-24,106155.85,0.00,1,766540.81,last_posted_transaction_or_prior_closing_balance,synb1_txn_4236eeb7f88b474b5517b514,trusted,historical_transaction_override,historical_transaction_override,True,318,2026-01-26,complete
2026-01-25,0.00,0.00,0,766540.81,last_posted_transaction_or_prior_closing_balance,,trusted,weekday_rule,base_calendar,False,,,complete
2026-01-26,0.00,0.00,0,766540.81,last_posted_transaction_or_prior_closing_balance,,trusted,weekday_rule,base_calendar,True,319,2026-01-27,complete
2026-01-27,0.00,0.00,0,766540.81,last_posted_transaction_or_prior_closing_balance,,trusted,weekday_rule,base_calendar,True,320,2026-01-28,complete
2026-01-28,0.00,25726.64,3,740814.17,last_posted_transaction_or_prior_closing_balance,synb1_txn_f92991db5078023942c3dc7e,trusted,weekday_rule,base_calendar,True,321,2026-01-29,complete
2026-01-29,0.00,0.00,0,740814.17,last_posted_transaction_or_prior_closing_balance,,trusted,weekday_rule,base_calendar,True,322,2026-01-30,complete
2026-01-30,95802.29,0.00,1,836616.46,last_posted_transaction_or_prior_closing_balance,synb1_txn_f1ffb5e0f5f697752bc0d3d0,trusted,weekday_rule,base_calendar,True,323,2026-02-01,complete
2026-01-31,0.00,0.00,0,836616.46,last_posted_transaction_or_prior_closing_balance,,trusted,weekday_rule,base_calendar,False,,,complete
2026-02-01,0.00,35204.83,1,801411.63,last_posted_transaction_or_prior_closing_balance,synb1_txn_4c7908e2cb9068f39a39b3e7,trusted,historical_transaction_override,historical_transaction_override,True,324,2026-02-02,complete
2026-02-02,0.00,0.00,0,801411.63,last_posted_transaction_or_prior_closing_balance,,trusted,weekday_rule,base_calendar,True,325,2026-02-03,complete
2026-02-03,0.00,2490.87,1,798920.76,last_posted_transaction_or_prior_closing_balance,synb1_txn_4bd9e8d67aa910ed4ba6782b,trusted,weekday_rule,base_calendar,True,326,2026-02-04,complete
2026-02-04,0.00,0.00,0,798920.76,last_posted_transaction_or_prior_closing_balance,,trusted,weekday_rule,base_calendar,True,327,2026-02-05,complete
2026-02-05,0.00,0.00,0,798920.76,last_posted_transaction_or_prior_closing_balance,,trusted,weekday_rule,base_calendar,True,328,2026-02-06,complete
2026-02-06,0.00,0.00,0,798920.76,last_posted_transaction_or_prior_closing_balance,,trusted,weekday_rule,base_calendar,True,329,2026-02-07,complete
2026-02-07,0.00,13055.95,3,785864.81,last_posted_transaction_or_prior_closing_balance,synb1_txn_a891bd24652aed050f2a73aa,trusted,historical_transaction_override,historical_transaction_override,True,330,2026-02-09,complete
2026-02-08,0.00,0.00,0,785864.81,last_posted_transaction_or_prior_closing_balance,,trusted,weekday_rule,base_calendar,False,,,complete
2026-02-09,0.00,0.00,0,785864.81,last_posted_transaction_or_prior_closing_balance,,trusted,weekday_rule,base_calendar,True,331,2026-02-10,complete
2026-02-10,0.00,0.00,0,785864.81,last_posted_transaction_or_prior_closing_balance,,trusted,weekday_rule,base_calendar,True,332,2026-02-11,complete
2026-02-11,61234.80,0.00,1,847099.61,last_posted_transaction_or_prior_closing_balance,synb1_txn_bf265311875b95a06192c818,trusted,weekday_rule,base_calendar,True,333,2026-02-12,complete
2026-02-12,0.00,41028.77,2,806070.84,last_posted_transaction_or_prior_closing_balance,synb1_txn_7dc33d84d5a34ed964de1d80,trusted,weekday_rule,base_calendar,True,334,2026-02-13,complete
2026-02-13,0.00,0.00,0,806070.84,last_posted_transaction_or_prior_closing_balance,,trusted,weekday_rule,base_calendar,True,335,2026-02-14,complete
2026-02-14,0.00,8454.00,1,797616.84,last_posted_transaction_or_prior_closing_balance,synb1_txn_af32ad724c65a882013b9e62,trusted,gov_cn_2026_holiday_schedule_v1,base_calendar,True,336,2026-02-17,complete
2026-02-15,0.00,0.00,0,797616.84,last_posted_transaction_or_prior_closing_balance,,trusted,gov_cn_2026_holiday_schedule_v1,base_calendar,False,,,complete
2026-02-16,0.00,0.00,0,797616.84,last_posted_transaction_or_prior_closing_balance,,trusted,gov_cn_2026_holiday_schedule_v1,base_calendar,False,,,complete
2026-02-17,111250.81,6901.08,3,901966.57,last_posted_transaction_or_prior_closing_balance,synb1_txn_e187dd1c286b84ec85fa5599,trusted,historical_transaction_override,historical_transaction_override,True,337,2026-02-18,complete
2026-02-18,0.00,2518.71,1,899447.86,last_posted_transaction_or_prior_closing_balance,synb1_txn_fc2c54e05611192b31d534a6,trusted,historical_transaction_override,historical_transaction_override,True,338,2026-02-20,complete
2026-02-19,0.00,0.00,0,899447.86,last_posted_transaction_or_prior_closing_balance,,trusted,gov_cn_2026_holiday_schedule_v1,base_calendar,False,,,complete
2026-02-20,0.00,34580.24,1,864867.62,last_posted_transaction_or_prior_closing_balance,synb1_txn_8fde64ecb718d95e1441fdf7,trusted,historical_transaction_override,historical_transaction_override,True,339,2026-02-24,complete
2026-02-21,0.00,0.00,0,864867.62,last_posted_transaction_or_prior_closing_balance,,trusted,gov_cn_2026_holiday_schedule_v1,base_calendar,False,,,complete
2026-02-22,0.00,0.00,0,864867.62,last_posted_transaction_or_prior_closing_balance,,trusted,gov_cn_2026_holiday_schedule_v1,base_calendar,False,,,complete
2026-02-23,0.00,0.00,0,864867.62,last_posted_transaction_or_prior_closing_balance,,trusted,gov_cn_2026_holiday_schedule_v1,base_calendar,False,,,complete
2026-02-24,0.00,0.00,0,864867.62,last_posted_transaction_or_prior_closing_balance,,trusted,weekday_rule,base_calendar,True,340,2026-02-25,complete
2026-02-25,58655.20,0.00,1,923522.82,last_posted_transaction_or_prior_closing_balance,synb1_txn_b677c9e78b3f6a10da19c81f,trusted,weekday_rule,base_calendar,True,341,2026-02-26,complete
2026-02-26,0.00,0.00,0,923522.82,last_posted_transaction_or_prior_closing_balance,,trusted,weekday_rule,base_calendar,True,342,2026-02-27,complete
2026-02-27,0.00,0.00,0,923522.82,last_posted_transaction_or_prior_closing_balance,,trusted,weekday_rule,base_calendar,True,343,2026-02-28,complete
2026-02-28,0.00,60728.21,4,862794.61,last_posted_transaction_or_prior_closing_balance,synb1_txn_29be87c28554a74dfe2d4d3d,trusted,gov_cn_2026_holiday_schedule_v1,base_calendar,True,344,2026-03-01,complete
2026-03-01,0.00,2580.27,1,860214.34,last_posted_transaction_or_prior_closing_balance,synb1_txn_547a734bea3a1bb9e4f7996d,trusted,historical_transaction_override,historical_transaction_override,True,345,2026-03-02,complete
2026-03-02,0.00,0.00,0,860214.34,last_posted_transaction_or_prior_closing_balance,,trusted,weekday_rule,base_calendar,True,346,2026-03-03,complete
2026-03-03,0.00,11349.02,2,848865.32,last_posted_transaction_or_prior_closing_balance,synb1_txn_6df333bf474e49f69bce2e13,trusted,weekday_rule,base_calendar,True,347,2026-03-04,complete
2026-03-04,0.00,0.00,0,848865.32,last_posted_transaction_or_prior_closing_balance,,trusted,weekday_rule,base_calendar,True,348,2026-03-05,complete
2026-03-05,0.00,0.00,0,848865.32,last_posted_transaction_or_prior_closing_balance,,trusted,weekday_rule,base_calendar,True,349,2026-03-06,complete
2026-03-06,0.00,0.00,0,848865.32,last_posted_transaction_or_prior_closing_balance,,trusted,weekday_rule,base_calendar,True,350,2026-03-07,complete
2026-03-07,0.00,7894.18,1,840971.14,last_posted_transaction_or_prior_closing_balance,synb1_txn_8c2d4fcf1dcbfd7f0caf062f,trusted,historical_transaction_override,historical_transaction_override,True,351,2026-03-09,complete
2026-03-08,0.00,0.00,0,840971.14,last_posted_transaction_or_prior_closing_balance,,trusted,weekday_rule,base_calendar,False,,,complete
2026-03-09,0.00,0.00,0,840971.14,last_posted_transaction_or_prior_closing_balance,,trusted,weekday_rule,base_calendar,True,352,2026-03-10,complete
2026-03-10,0.00,90923.49,1,750047.65,last_posted_transaction_or_prior_closing_balance,synb1_txn_b934df48a775c25b477852b5,trusted,weekday_rule,base_calendar,True,353,2026-03-11,complete
2026-03-11,0.00,0.00,0,750047.65,last_posted_transaction_or_prior_closing_balance,,trusted,weekday_rule,base_calendar,True,354,2026-03-12,complete
2026-03-12,129697.42,0.00,1,879745.07,last_posted_transaction_or_prior_closing_balance,synb1_txn_a3dbb5b43f185b5739cbf5c7,trusted,weekday_rule,base_calendar,True,355,2026-03-13,complete
2026-03-13,123747.54,0.00,1,1003492.61,last_posted_transaction_or_prior_closing_balance,synb1_txn_deed61cd6dd3a612b4e01bc0,trusted,weekday_rule,base_calendar,True,356,2026-03-14,complete
2026-03-14,0.00,98820.03,2,904672.58,last_posted_transaction_or_prior_closing_balance,synb1_txn_f119b59f021076895ef35a0c,trusted,historical_transaction_override,historical_transaction_override,True,357,2026-03-16,complete
2026-03-15,0.00,0.00,0,904672.58,last_posted_transaction_or_prior_closing_balance,,trusted,weekday_rule,base_calendar,False,,,complete
2026-03-16,0.00,0.00,0,904672.58,last_posted_transaction_or_prior_closing_balance,,trusted,weekday_rule,base_calendar,True,358,2026-03-17,complete
2026-03-17,0.00,0.00,0,904672.58,last_posted_transaction_or_prior_closing_balance,,trusted,weekday_rule,base_calendar,True,359,2026-03-18,complete
2026-03-18,0.00,0.00,0,904672.58,last_posted_transaction_or_prior_closing_balance,,trusted,weekday_rule,base_calendar,True,360,2026-03-19,complete
2026-03-19,0.00,0.00,0,904672.58,last_posted_transaction_or_prior_closing_balance,,trusted,weekday_rule,base_calendar,True,361,2026-03-20,complete
2026-03-20,0.00,111630.73,1,793041.85,last_posted_transaction_or_prior_closing_balance,synb1_txn_877cc686e63ddb8aa0e2092a,trusted,weekday_rule,base_calendar,True,362,2026-03-22,complete
2026-03-21,0.00,0.00,0,793041.85,last_posted_transaction_or_prior_closing_balance,,trusted,weekday_rule,base_calendar,False,,,complete
2026-03-22,0.00,6872.65,1,786169.20,last_posted_transaction_or_prior_closing_balance,synb1_txn_06b5b0eb1c1b545016c91ff3,trusted,historical_transaction_override,historical_transaction_override,True,363,2026-03-23,complete
2026-03-23,0.00,0.00,0,786169.20,last_posted_transaction_or_prior_closing_balance,,trusted,weekday_rule,base_calendar,True,364,2026-03-24,complete
2026-03-24,0.00,0.00,0,786169.20,last_posted_transaction_or_prior_closing_balance,,trusted,weekday_rule,base_calendar,True,365,2026-03-25,complete
2026-03-25,0.00,0.00,0,786169.20,last_posted_transaction_or_prior_closing_balance,,trusted,weekday_rule,base_calendar,True,366,2026-03-26,complete
2026-03-26,124235.03,2450.34,2,907953.89,last_posted_transaction_or_prior_closing_balance,synb1_txn_35a92b6488583ce9e01fbf18,trusted,weekday_rule,base_calendar,True,367,2026-03-27,complete
2026-03-27,119647.61,6732.85,2,1020868.65,last_posted_transaction_or_prior_closing_balance,synb1_txn_261da378ed82b4c1ff509e38,trusted,weekday_rule,base_calendar,True,368,2026-03-29,complete
2026-03-28,0.00,0.00,0,1020868.65,last_posted_transaction_or_prior_closing_balance,,trusted,weekday_rule,base_calendar,False,,,complete
2026-03-29,0.00,2138.36,1,1018730.29,last_posted_transaction_or_prior_closing_balance,synb1_txn_d7ea1e1f1d8058afc33f8289,trusted,historical_transaction_override,historical_transaction_override,True,369,2026-03-30,complete
2026-03-30,0.00,112470.31,4,906259.98,last_posted_transaction_or_prior_closing_balance,synb1_txn_b1cd8984a38aff2f386ffc28,trusted,weekday_rule,base_calendar,True,370,2026-03-31,complete
2026-03-31,0.00,0.00,0,906259.98,last_posted_transaction_or_prior_closing_balance,,trusted,weekday_rule,base_calendar,True,371,2026-04-01,complete
2026-04-01,0.00,2891.20,1,903368.78,last_posted_transaction_or_prior_closing_balance,synb1_txn_2f8397ac50e611a89e24ca41,trusted,weekday_rule,base_calendar,True,372,2026-04-02,complete
2026-04-02,0.00,0.00,0,903368.78,last_posted_transaction_or_prior_closing_balance,,trusted,weekday_rule,base_calendar,True,373,2026-04-03,complete
2026-04-03,0.00,2490.87,1,900877.91,last_posted_transaction_or_prior_closing_balance,synb1_txn_01f66954de5aff43c91341c8,trusted,weekday_rule,base_calendar,True,374,2026-04-04,complete
2026-04-04,0.00,170186.84,1,730691.07,last_posted_transaction_or_prior_closing_balance,synb1_txn_2e6667959d533415e6022186,trusted,historical_transaction_override,historical_transaction_override,True,375,2026-04-05,complete
2026-04-05,0.00,174231.00,1,556460.07,last_posted_transaction_or_prior_closing_balance,synb1_txn_39a4a6ebf410527ec0f45522,trusted,historical_transaction_override,historical_transaction_override,True,376,2026-04-07,complete
2026-04-06,0.00,0.00,0,556460.07,last_posted_transaction_or_prior_closing_balance,,trusted,gov_cn_2026_holiday_schedule_v1,base_calendar,False,,,complete
2026-04-07,0.00,7125.54,1,549334.53,last_posted_transaction_or_prior_closing_balance,synb1_txn_c06a19566740b152c6d8461e,trusted,weekday_rule,base_calendar,True,377,2026-04-08,complete
2026-04-08,0.00,7226.62,1,542107.91,last_posted_transaction_or_prior_closing_balance,synb1_txn_aa045807473496720278822f,trusted,weekday_rule,base_calendar,True,378,2026-04-09,complete
2026-04-09,0.00,0.00,0,542107.91,last_posted_transaction_or_prior_closing_balance,,trusted,weekday_rule,base_calendar,True,379,2026-04-10,complete
2026-04-10,0.00,196503.18,1,345604.73,last_posted_transaction_or_prior_closing_balance,synb1_txn_6426f8e0fad140724650450b,trusted,weekday_rule,base_calendar,True,380,2026-04-12,complete
2026-04-11,0.00,0.00,0,345604.73,last_posted_transaction_or_prior_closing_balance,,trusted,weekday_rule,base_calendar,False,,,complete
2026-04-12,234923.86,1984.21,2,578544.38,last_posted_transaction_or_prior_closing_balance,synb1_txn_6388ab5fd098c5cc57c019b7,trusted,historical_transaction_override,historical_transaction_override,True,381,2026-04-13,complete
2026-04-13,0.00,2216.58,1,576327.80,last_posted_transaction_or_prior_closing_balance,synb1_txn_da7c4bffd92a5c1fc1215f32,trusted,weekday_rule,base_calendar,True,382,2026-04-14,complete
2026-04-14,0.00,0.00,0,576327.80,last_posted_transaction_or_prior_closing_balance,,trusted,weekday_rule,base_calendar,True,383,2026-04-15,complete
2026-04-15,213565.19,0.00,1,789892.99,last_posted_transaction_or_prior_closing_balance,synb1_txn_74747c6e50a43a6d1e4adbdd,trusted,weekday_rule,base_calendar,True,384,2026-04-16,complete
2026-04-16,0.00,0.00,0,789892.99,last_posted_transaction_or_prior_closing_balance,,trusted,weekday_rule,base_calendar,True,385,2026-04-17,complete
2026-04-17,0.00,0.00,0,789892.99,last_posted_transaction_or_prior_closing_balance,,trusted,weekday_rule,base_calendar,True,386,2026-04-18,complete
2026-04-18,0.00,7614.12,1,782278.87,last_posted_transaction_or_prior_closing_balance,synb1_txn_c2ffd79a2066ce648d8947fc,trusted,historical_transaction_override,historical_transaction_override,True,387,2026-04-20,complete
2026-04-19,0.00,0.00,0,782278.87,last_posted_transaction_or_prior_closing_balance,,trusted,weekday_rule,base_calendar,False,,,complete
2026-04-20,0.00,0.00,0,782278.87,last_posted_transaction_or_prior_closing_balance,,trusted,weekday_rule,base_calendar,True,388,2026-04-21,complete
2026-04-21,0.00,0.00,0,782278.87,last_posted_transaction_or_prior_closing_balance,,trusted,weekday_rule,base_calendar,True,389,2026-04-22,complete
2026-04-22,0.00,0.00,0,782278.87,last_posted_transaction_or_prior_closing_balance,,trusted,weekday_rule,base_calendar,True,390,2026-04-23,complete
2026-04-23,185137.25,0.00,1,967416.12,last_posted_transaction_or_prior_closing_balance,synb1_txn_bc03b9efd3228ed6499ead25,trusted,weekday_rule,base_calendar,True,391,2026-04-24,complete
2026-04-24,0.00,2684.01,1,964732.11,last_posted_transaction_or_prior_closing_balance,synb1_txn_1dbb299a2d8cac227c8e8462,trusted,weekday_rule,base_calendar,True,392,2026-04-26,complete
2026-04-25,0.00,0.00,0,964732.11,last_posted_transaction_or_prior_closing_balance,,trusted,weekday_rule,base_calendar,False,,,complete
2026-04-26,237014.48,206193.54,2,995553.05,last_posted_transaction_or_prior_closing_balance,synb1_txn_7c9c92a924988373ecca9ed0,trusted,historical_transaction_override,historical_transaction_override,True,393,2026-04-27,complete
2026-04-27,0.00,0.00,0,995553.05,last_posted_transaction_or_prior_closing_balance,,trusted,weekday_rule,base_calendar,True,394,2026-04-28,complete
2026-04-28,0.00,16766.40,4,978786.65,last_posted_transaction_or_prior_closing_balance,synb1_txn_ba416ce928b648d7a6a7ea9a,trusted,weekday_rule,base_calendar,True,395,2026-04-29,complete
2026-04-29,0.00,0.00,0,978786.65,last_posted_transaction_or_prior_closing_balance,,trusted,weekday_rule,base_calendar,True,396,2026-04-30,complete
2026-04-30,0.00,0.00,0,978786.65,last_posted_transaction_or_prior_closing_balance,,trusted,weekday_rule,base_calendar,True,397,2026-05-02,complete
2026-05-01,0.00,0.00,0,978786.65,last_posted_transaction_or_prior_closing_balance,,trusted,gov_cn_2026_holiday_schedule_v1,base_calendar,False,,,complete
2026-05-02,0.00,171681.80,1,807104.85,last_posted_transaction_or_prior_closing_balance,synb1_txn_b45b7ba05cf6254e9b953020,trusted,historical_transaction_override,historical_transaction_override,True,398,2026-05-03,complete
2026-05-03,0.00,2410.52,1,804694.33,last_posted_transaction_or_prior_closing_balance,synb1_txn_e76d52e066fdbba01f001368,trusted,historical_transaction_override,historical_transaction_override,True,399,2026-05-06,complete
2026-05-04,0.00,0.00,0,804694.33,last_posted_transaction_or_prior_closing_balance,,trusted,gov_cn_2026_holiday_schedule_v1,base_calendar,False,,,complete
2026-05-05,0.00,0.00,0,804694.33,last_posted_transaction_or_prior_closing_balance,,trusted,gov_cn_2026_holiday_schedule_v1,base_calendar,False,,,complete
2026-05-06,0.00,0.00,0,804694.33,last_posted_transaction_or_prior_closing_balance,,trusted,weekday_rule,base_calendar,True,400,2026-05-07,complete
2026-05-07,0.00,9701.46,2,794992.87,last_posted_transaction_or_prior_closing_balance,synb1_txn_f07d2fc41cbc7a4f9833293c,trusted,weekday_rule,base_calendar,True,401,2026-05-08,complete
2026-05-08,168895.58,0.00,1,963888.45,last_posted_transaction_or_prior_closing_balance,synb1_txn_cbb37b2c04a794bca0334636,trusted,weekday_rule,base_calendar,True,402,2026-05-09,complete
2026-05-09,0.00,4204.52,2,959683.93,last_posted_transaction_or_prior_closing_balance,synb1_txn_bb21ecc490cbe527e6bcd6f6,trusted,gov_cn_2026_holiday_schedule_v1,base_calendar,True,403,2026-05-11,complete
2026-05-10,0.00,0.00,0,959683.93,last_posted_transaction_or_prior_closing_balance,,trusted,weekday_rule,base_calendar,False,,,complete
2026-05-11,0.00,0.00,0,959683.93,last_posted_transaction_or_prior_closing_balance,,trusted,weekday_rule,base_calendar,True,404,2026-05-12,complete
2026-05-12,0.00,0.00,0,959683.93,last_posted_transaction_or_prior_closing_balance,,trusted,weekday_rule,base_calendar,True,405,2026-05-13,complete
2026-05-13,0.00,2838.81,1,956845.12,last_posted_transaction_or_prior_closing_balance,synb1_txn_28957595c9d720c83e0b6fd6,trusted,weekday_rule,base_calendar,True,406,2026-05-14,complete
2026-05-14,0.00,0.00,0,956845.12,last_posted_transaction_or_prior_closing_balance,,trusted,weekday_rule,base_calendar,True,407,2026-05-15,complete
2026-05-15,0.00,0.00,0,956845.12,last_posted_transaction_or_prior_closing_balance,,trusted,weekday_rule,base_calendar,True,408,2026-05-16,complete
2026-05-16,0.00,347655.66,2,609189.46,last_posted_transaction_or_prior_closing_balance,synb1_txn_d0fb76c06f8ec3afec78b141,trusted,historical_transaction_override,historical_transaction_override,True,409,2026-05-17,complete
2026-05-17,185084.59,0.00,1,794274.05,last_posted_transaction_or_prior_closing_balance,synb1_txn_c1cfd42c7c30e0f17c60637e,trusted,historical_transaction_override,historical_transaction_override,True,410,2026-05-18,complete
2026-05-18,0.00,0.00,0,794274.05,last_posted_transaction_or_prior_closing_balance,,trusted,weekday_rule,base_calendar,True,411,2026-05-19,complete
2026-05-19,0.00,8052.05,1,786222.00,last_posted_transaction_or_prior_closing_balance,synb1_txn_68412bbc6119273ea4287ab1,trusted,weekday_rule,base_calendar,True,412,2026-05-20,complete
2026-05-20,0.00,8034.45,1,778187.55,last_posted_transaction_or_prior_closing_balance,synb1_txn_11facf5f3151ba49bdfd7109,trusted,weekday_rule,base_calendar,True,413,2026-05-21,complete
2026-05-21,0.00,0.00,0,778187.55,last_posted_transaction_or_prior_closing_balance,,trusted,weekday_rule,base_calendar,True,414,2026-05-22,complete
2026-05-22,0.00,180484.71,1,597702.84,last_posted_transaction_or_prior_closing_balance,synb1_txn_cb03ad9dbb1484f4085be0ba,trusted,weekday_rule,base_calendar,True,415,2026-05-25,complete
2026-05-23,0.00,0.00,0,597702.84,last_posted_transaction_or_prior_closing_balance,,trusted,weekday_rule,base_calendar,False,,,complete
2026-05-24,0.00,0.00,0,597702.84,last_posted_transaction_or_prior_closing_balance,,trusted,weekday_rule,base_calendar,False,,,complete
2026-05-25,192398.90,0.00,1,790101.74,last_posted_transaction_or_prior_closing_balance,synb1_txn_a2e00e1a9f0777fc70f0b810,trusted,weekday_rule,base_calendar,True,416,2026-05-26,complete
2026-05-26,0.00,0.00,0,790101.74,last_posted_transaction_or_prior_closing_balance,,trusted,weekday_rule,base_calendar,True,417,2026-05-27,complete
2026-05-27,0.00,0.00,0,790101.74,last_posted_transaction_or_prior_closing_balance,,trusted,weekday_rule,base_calendar,True,418,2026-05-28,complete
2026-05-28,0.00,10125.18,3,779976.56,last_posted_transaction_or_prior_closing_balance,synb1_txn_f94f996f94b1d375c0d4c978,trusted,weekday_rule,base_calendar,True,419,2026-05-29,complete
2026-05-29,0.00,0.00,0,779976.56,last_posted_transaction_or_prior_closing_balance,,trusted,weekday_rule,base_calendar,True,420,2026-05-30,complete
2026-05-30,132080.21,0.00,1,912056.77,last_posted_transaction_or_prior_closing_balance,synb1_txn_4e100329dc19ffd1e62eef3b,trusted,historical_transaction_override,historical_transaction_override,True,421,2026-05-31,complete
2026-05-31,0.00,7543.59,1,904513.18,last_posted_transaction_or_prior_closing_balance,synb1_txn_8f1c287e9b17370db85058e0,trusted,historical_transaction_override,historical_transaction_override,True,422,2026-06-01,complete
2026-06-01,0.00,163028.07,1,741485.11,last_posted_transaction_or_prior_closing_balance,synb1_txn_dac04c31857b46b57e3ff501,trusted,weekday_rule,base_calendar,True,423,2026-06-02,complete
2026-06-02,0.00,0.00,0,741485.11,last_posted_transaction_or_prior_closing_balance,,trusted,weekday_rule,base_calendar,True,424,2026-06-03,complete
2026-06-03,0.00,2490.87,1,738994.24,last_posted_transaction_or_prior_closing_balance,synb1_txn_92c93f423f9349d8acdceb76,trusted,weekday_rule,base_calendar,True,425,2026-06-04,complete
2026-06-04,0.00,0.00,0,738994.24,last_posted_transaction_or_prior_closing_balance,,trusted,weekday_rule,base_calendar,True,426,2026-06-05,complete
2026-06-05,0.00,7764.67,1,731229.57,last_posted_transaction_or_prior_closing_balance,synb1_txn_41c993d4b13f58aa7434e106,trusted,weekday_rule,base_calendar,True,427,2026-06-06,complete
2026-06-06,213856.26,167566.73,2,777519.10,last_posted_transaction_or_prior_closing_balance,synb1_txn_148ffd671bbb2ae9835f8d1f,trusted,historical_transaction_override,historical_transaction_override,True,428,2026-06-07,complete
2026-06-07,0.00,15741.47,2,761777.63,last_posted_transaction_or_prior_closing_balance,synb1_txn_ec1ee1dc76a9218be18867ec,trusted,historical_transaction_override,historical_transaction_override,True,429,2026-06-08,complete
2026-06-08,0.00,0.00,0,761777.63,last_posted_transaction_or_prior_closing_balance,,trusted,weekday_rule,base_calendar,True,430,2026-06-09,complete
2026-06-09,0.00,0.00,0,761777.63,last_posted_transaction_or_prior_closing_balance,,trusted,weekday_rule,base_calendar,True,431,2026-06-10,complete
2026-06-10,0.00,0.00,0,761777.63,last_posted_transaction_or_prior_closing_balance,,trusted,weekday_rule,base_calendar,True,432,2026-06-11,complete
2026-06-11,183437.63,2222.75,2,942992.51,last_posted_transaction_or_prior_closing_balance,synb1_txn_d8c84cbea2a49d727d1c8b00,trusted,weekday_rule,base_calendar,True,433,2026-06-12,complete
2026-06-12,0.00,0.00,0,942992.51,last_posted_transaction_or_prior_closing_balance,,trusted,weekday_rule,base_calendar,True,434,2026-06-15,complete
2026-06-13,0.00,0.00,0,942992.51,last_posted_transaction_or_prior_closing_balance,,trusted,weekday_rule,base_calendar,False,,,complete
2026-06-14,0.00,0.00,0,942992.51,last_posted_transaction_or_prior_closing_balance,,trusted,weekday_rule,base_calendar,False,,,complete
2026-06-15,170927.39,0.00,1,1113919.90,last_posted_transaction_or_prior_closing_balance,synb1_txn_f2112ca4e90996ab90892ab9,trusted,weekday_rule,base_calendar,True,435,2026-06-16,complete
2026-06-16,0.00,0.00,0,1113919.90,last_posted_transaction_or_prior_closing_balance,,trusted,weekday_rule,base_calendar,True,436,2026-06-17,complete
2026-06-17,0.00,2627.48,1,1111292.42,last_posted_transaction_or_prior_closing_balance,synb1_txn_ba9422c1a8c33c47d587f86a,trusted,weekday_rule,base_calendar,True,437,2026-06-18,complete
2026-06-18,0.00,0.00,0,1111292.42,last_posted_transaction_or_prior_closing_balance,,trusted,weekday_rule,base_calendar,True,438,2026-06-22,complete
2026-06-19,0.00,0.00,0,1111292.42,last_posted_transaction_or_prior_closing_balance,,trusted,gov_cn_2026_holiday_schedule_v1,base_calendar,False,,,complete
2026-06-20,0.00,0.00,0,1111292.42,last_posted_transaction_or_prior_closing_balance,,trusted,gov_cn_2026_holiday_schedule_v1,base_calendar,False,,,complete
2026-06-21,0.00,0.00,0,1111292.42,last_posted_transaction_or_prior_closing_balance,,trusted,gov_cn_2026_holiday_schedule_v1,base_calendar,False,,,complete
2026-06-22,0.00,2568.27,1,1108724.15,last_posted_transaction_or_prior_closing_balance,synb1_txn_b094c93b59cf581c2bb4c0a2,trusted,weekday_rule,base_calendar,True,439,2026-06-23,complete
2026-06-23,0.00,194262.52,1,914461.63,last_posted_transaction_or_prior_closing_balance,synb1_txn_bea8260332a204c47c6460a3,trusted,weekday_rule,base_calendar,True,440,2026-06-24,complete
2026-06-24,0.00,0.00,0,914461.63,last_posted_transaction_or_prior_closing_balance,,trusted,weekday_rule,base_calendar,True,441,2026-06-25,complete
2026-06-25,0.00,0.00,0,914461.63,last_posted_transaction_or_prior_closing_balance,,trusted,weekday_rule,base_calendar,True,442,2026-06-26,complete
2026-06-26,0.00,7092.74,1,907368.89,last_posted_transaction_or_prior_closing_balance,synb1_txn_5a46b53cacb02ea6ff64903e,trusted,weekday_rule,base_calendar,True,443,2026-06-27,complete
2026-06-27,0.00,213202.35,1,694166.54,last_posted_transaction_or_prior_closing_balance,synb1_txn_f3088475ef6b7a92d6e47fe9,trusted,historical_transaction_override,historical_transaction_override,True,444,2026-06-29,complete
2026-06-28,0.00,0.00,0,694166.54,last_posted_transaction_or_prior_closing_balance,,trusted,weekday_rule,base_calendar,False,,,complete
2026-06-29,0.00,12237.35,3,681929.19,last_posted_transaction_or_prior_closing_balance,synb1_txn_1c9c591d37e1e5fb89cd4031,trusted,weekday_rule,base_calendar,True,445,2026-06-30,complete
2026-06-30,186294.31,2357.50,2,865866.00,last_posted_transaction_or_prior_closing_balance,synb1_txn_202e230091c0a8cc587611dc,trusted,weekday_rule,base_calendar,True,446,2026-07-01,complete
2026-07-01,0.00,0.00,0,865866.00,last_posted_transaction_or_prior_closing_balance,,trusted,weekday_rule,base_calendar,True,447,2026-07-02,complete
2026-07-02,0.00,221103.71,1,644762.29,last_posted_transaction_or_prior_closing_balance,synb1_txn_b940ffc3bbdfbad1212d797f,trusted,weekday_rule,base_calendar,True,448,2026-07-03,complete
2026-07-03,0.00,10841.55,2,633920.74,last_posted_transaction_or_prior_closing_balance,synb1_txn_12cd7bde661000967d9b8ac2,trusted,weekday_rule,base_calendar,True,449,2026-07-06,complete
2026-07-04,0.00,0.00,0,633920.74,last_posted_transaction_or_prior_closing_balance,,trusted,weekday_rule,base_calendar,False,,,complete
2026-07-05,0.00,0.00,0,633920.74,last_posted_transaction_or_prior_closing_balance,,trusted,weekday_rule,base_calendar,False,,,complete
2026-07-06,202096.35,0.00,1,836017.09,last_posted_transaction_or_prior_closing_balance,synb1_txn_a403cf6bf0e310398423c5c4,trusted,weekday_rule,base_calendar,True,450,2026-07-07,complete
2026-07-07,0.00,0.00,0,836017.09,last_posted_transaction_or_prior_closing_balance,,trusted,weekday_rule,base_calendar,True,451,2026-07-08,complete
2026-07-08,0.00,0.00,0,836017.09,last_posted_transaction_or_prior_closing_balance,,trusted,weekday_rule,base_calendar,True,452,2026-07-09,complete
2026-07-09,0.00,0.00,0,836017.09,last_posted_transaction_or_prior_closing_balance,,trusted,weekday_rule,base_calendar,True,453,2026-07-10,complete
2026-07-10,0.00,0.00,0,836017.09,last_posted_transaction_or_prior_closing_balance,,trusted,weekday_rule,base_calendar,True,454,2026-07-12,complete
2026-07-11,0.00,0.00,0,836017.09,last_posted_transaction_or_prior_closing_balance,,trusted,weekday_rule,base_calendar,False,,,complete
2026-07-12,0.00,2484.06,1,833533.03,last_posted_transaction_or_prior_closing_balance,synb1_txn_e585553ffadc73c6b8ef39c5,trusted,historical_transaction_override,historical_transaction_override,True,455,2026-07-13,complete
2026-07-13,0.00,0.00,0,833533.03,last_posted_transaction_or_prior_closing_balance,,trusted,weekday_rule,base_calendar,True,456,2026-07-14,complete
2026-07-14,0.00,8061.74,1,825471.29,last_posted_transaction_or_prior_closing_balance,synb1_txn_24e52dddc32ac55a5c8155ec,trusted,weekday_rule,base_calendar,True,457,2026-07-15,complete
2026-07-15,0.00,6275.77,1,819195.52,last_posted_transaction_or_prior_closing_balance,synb1_txn_2b61d196a95394e9aac5ae8d,trusted,weekday_rule,base_calendar,True,458,2026-07-16,complete
2026-07-16,0.00,0.00,0,819195.52,last_posted_transaction_or_prior_closing_balance,,trusted,weekday_rule,base_calendar,True,459,2026-07-17,complete
2026-07-17,0.00,222976.66,1,596218.86,last_posted_transaction_or_prior_closing_balance,synb1_txn_5690d466598f00a3efc5fd36,trusted,weekday_rule,base_calendar,True,460,2026-07-18,complete
2026-07-18,242233.80,2361.48,2,836091.18,last_posted_transaction_or_prior_closing_balance,synb1_txn_5260bd674785cd73bac166d2,trusted,historical_transaction_override,historical_transaction_override,True,461,2026-07-19,complete
2026-07-19,0.00,2561.54,1,833529.64,last_posted_transaction_or_prior_closing_balance,synb1_txn_eb03c10ec390a342de9034ee,trusted,historical_transaction_override,historical_transaction_override,True,462,2026-07-20,complete
2026-07-20,0.00,206842.11,1,626687.53,last_posted_transaction_or_prior_closing_balance,synb1_txn_752bd6aaaa5eb02e969bdb56,trusted,weekday_rule,base_calendar,True,463,2026-07-21,complete
2026-07-21,0.00,0.00,0,626687.53,last_posted_transaction_or_prior_closing_balance,,trusted,weekday_rule,base_calendar,True,464,2026-07-22,complete
2026-07-22,0.00,229949.87,2,396737.66,last_posted_transaction_or_prior_closing_balance,synb1_txn_3ee738e6586572d9044adc83,trusted,weekday_rule,base_calendar,True,465,2026-07-23,complete
2026-07-23,190515.27,0.00,1,587252.93,last_posted_transaction_or_prior_closing_balance,synb1_txn_51e960e547c90186975c3a7f,trusted,weekday_rule,base_calendar,True,466,2026-07-24,complete
2026-07-24,0.00,0.00,0,587252.93,last_posted_transaction_or_prior_closing_balance,,trusted,weekday_rule,base_calendar,True,467,2026-07-27,complete
2026-07-25,0.00,0.00,0,587252.93,last_posted_transaction_or_prior_closing_balance,,trusted,weekday_rule,base_calendar,False,,,complete
2026-07-26,0.00,0.00,0,587252.93,last_posted_transaction_or_prior_closing_balance,,trusted,weekday_rule,base_calendar,False,,,complete
2026-07-27,0.00,0.00,0,587252.93,last_posted_transaction_or_prior_closing_balance,,trusted,weekday_rule,base_calendar,True,468,2026-07-28,complete
2026-07-28,197714.91,14372.21,4,770595.63,last_posted_transaction_or_prior_closing_balance,synb1_txn_ac0788f88cf340ede07aa1f8,trusted,weekday_rule,base_calendar,True,469,2026-07-29,complete
2026-07-29,0.00,0.00,0,770595.63,last_posted_transaction_or_prior_closing_balance,,trusted,weekday_rule,base_calendar,True,470,2026-07-30,complete
2026-07-30,0.00,0.00,0,770595.63,last_posted_transaction_or_prior_closing_balance,,trusted,weekday_rule,base_calendar,True,471,2026-07-31,complete
2026-07-31,0.00,7830.34,1,762765.29,last_posted_transaction_or_prior_closing_balance,synb1_txn_dab1b59b00e9ed7ec5518cbd,trusted,weekday_rule,base_calendar,True,472,2026-08-02,complete
2026-08-01,0.00,0.00,0,762765.29,last_posted_transaction_or_prior_closing_balance,,trusted,weekday_rule,base_calendar,False,,,complete
2026-08-02,0.00,7114.92,1,755650.37,last_posted_transaction_or_prior_closing_balance,synb1_txn_33f63db8e8f01f436ba73d8c,trusted,historical_transaction_override,historical_transaction_override,True,473,2026-08-03,complete
2026-08-03,0.00,194973.24,2,560677.13,last_posted_transaction_or_prior_closing_balance,synb1_txn_b47c49dc83a4dab5c420e6ca,trusted,weekday_rule,base_calendar,True,474,2026-08-04,complete
2026-08-04,0.00,0.00,0,560677.13,last_posted_transaction_or_prior_closing_balance,,trusted,weekday_rule,base_calendar,True,475,2026-08-05,complete
2026-08-05,0.00,0.00,0,560677.13,last_posted_transaction_or_prior_closing_balance,,trusted,weekday_rule,base_calendar,True,476,2026-08-06,complete
2026-08-06,0.00,0.00,0,560677.13,last_posted_transaction_or_prior_closing_balance,,trusted,weekday_rule,base_calendar,True,477,2026-08-07,complete
2026-08-07,0.00,254621.23,1,306055.90,last_posted_transaction_or_prior_closing_balance,synb1_txn_7277810199a0ce05cabc31f7,trusted,weekday_rule,base_calendar,True,478,2026-08-08,complete
2026-08-08,235105.22,0.00,1,541161.12,last_posted_transaction_or_prior_closing_balance,synb1_txn_8d7cbc274de12d94d9338dcb,trusted,historical_transaction_override,historical_transaction_override,True,479,2026-08-09,complete
2026-08-09,0.00,9150.41,1,532010.71,last_posted_transaction_or_prior_closing_balance,synb1_txn_d55b10363d0d5c941392ce96,trusted,historical_transaction_override,historical_transaction_override,True,480,2026-08-10,complete
2026-08-10,0.00,249388.37,2,282622.34,last_posted_transaction_or_prior_closing_balance,synb1_txn_13db2fce0842a428b6d22cd4,trusted,weekday_rule,base_calendar,True,481,2026-08-11,complete
2026-08-11,0.00,0.00,0,282622.34,last_posted_transaction_or_prior_closing_balance,,trusted,weekday_rule,base_calendar,True,482,2026-08-12,complete
2026-08-12,0.00,0.00,0,282622.34,last_posted_transaction_or_prior_closing_balance,,trusted,weekday_rule,base_calendar,True,483,2026-08-13,complete
2026-08-13,0.00,0.00,0,282622.34,last_posted_transaction_or_prior_closing_balance,,trusted,weekday_rule,base_calendar,True,484,2026-08-14,complete
2026-08-14,0.00,0.00,0,282622.34,last_posted_transaction_or_prior_closing_balance,,trusted,weekday_rule,base_calendar,True,485,2026-08-15,complete
2026-08-15,0.00,2267.41,1,280354.93,last_posted_transaction_or_prior_closing_balance,synb1_txn_b1d4acc8f6f1523c5cb7a47c,trusted,historical_transaction_override,historical_transaction_override,True,486,2026-08-17,complete
2026-08-16,0.00,0.00,0,280354.93,last_posted_transaction_or_prior_closing_balance,,trusted,weekday_rule,base_calendar,False,,,complete
2026-08-17,0.00,0.00,0,280354.93,last_posted_transaction_or_prior_closing_balance,,trusted,weekday_rule,base_calendar,True,487,2026-08-18,complete
2026-08-18,0.00,0.00,0,280354.93,last_posted_transaction_or_prior_closing_balance,,trusted,weekday_rule,base_calendar,True,488,2026-08-19,complete
2026-08-19,0.00,0.00,0,280354.93,last_posted_transaction_or_prior_closing_balance,,trusted,weekday_rule,base_calendar,True,489,2026-08-20,complete
2026-08-20,196334.22,7333.18,2,469355.97,last_posted_transaction_or_prior_closing_balance,synb1_txn_de58f9da50bcece0add2e881,trusted,weekday_rule,base_calendar,True,490,2026-08-21,complete
2026-08-21,0.00,0.00,0,469355.97,last_posted_transaction_or_prior_closing_balance,,trusted,weekday_rule,base_calendar,True,491,2026-08-22,complete
2026-08-22,191995.46,0.00,1,661351.43,last_posted_transaction_or_prior_closing_balance,synb1_txn_1dcead1f9f0ddda8de862a00,trusted,historical_transaction_override,historical_transaction_override,True,492,2026-08-24,complete
2026-08-23,0.00,0.00,0,661351.43,last_posted_transaction_or_prior_closing_balance,,trusted,weekday_rule,base_calendar,False,,,complete
2026-08-24,255388.39,0.00,1,916739.82,last_posted_transaction_or_prior_closing_balance,synb1_txn_779aae166a1bb284f9b3a799,trusted,weekday_rule,base_calendar,True,493,2026-08-25,complete
2026-08-25,0.00,207053.08,2,709686.74,last_posted_transaction_or_prior_closing_balance,synb1_txn_2c9f629a374b661f78e118a3,trusted,weekday_rule,base_calendar,True,494,2026-08-26,complete
2026-08-26,0.00,0.00,0,709686.74,last_posted_transaction_or_prior_closing_balance,,trusted,weekday_rule,base_calendar,True,495,2026-08-27,complete
2026-08-27,0.00,0.00,0,709686.74,last_posted_transaction_or_prior_closing_balance,,trusted,weekday_rule,base_calendar,True,496,2026-08-28,complete
2026-08-28,0.00,20977.68,5,688709.06,last_posted_transaction_or_prior_closing_balance,synb1_txn_95de38e5f046acbadc1bad81,trusted,weekday_rule,base_calendar,True,497,2026-08-31,complete
2026-08-29,0.00,0.00,0,688709.06,last_posted_transaction_or_prior_closing_balance,,trusted,weekday_rule,base_calendar,False,,,complete
2026-08-30,0.00,0.00,0,688709.06,last_posted_transaction_or_prior_closing_balance,,trusted,weekday_rule,base_calendar,False,,,complete
2026-08-31,0.00,0.00,0,688709.06,last_posted_transaction_or_prior_closing_balance,,trusted,weekday_rule,base_calendar,True,498,2026-09-01,complete
2026-09-01,216893.74,2581.58,2,903021.22,last_posted_transaction_or_prior_closing_balance,synb1_txn_d3270b96953529e271afa0c8,trusted,weekday_rule,base_calendar,True,499,2026-09-02,complete
2026-09-02,0.00,0.00,0,903021.22,last_posted_transaction_or_prior_closing_balance,,trusted,weekday_rule,base_calendar,True,500,2026-09-03,complete
2026-09-03,0.00,238390.10,2,664631.12,last_posted_transaction_or_prior_closing_balance,synb1_txn_298513b69650944075d68b74,trusted,weekday_rule,base_calendar,True,501,2026-09-04,complete
2026-09-04,0.00,0.00,0,664631.12,last_posted_transaction_or_prior_closing_balance,,trusted,weekday_rule,base_calendar,True,502,2026-09-06,complete
2026-09-05,0.00,0.00,0,664631.12,last_posted_transaction_or_prior_closing_balance,,trusted,weekday_rule,base_calendar,False,,,complete
2026-09-06,0.00,2149.43,1,662481.69,last_posted_transaction_or_prior_closing_balance,synb1_txn_02df2d3cdefa3394b05fa072,trusted,historical_transaction_override,historical_transaction_override,True,503,2026-09-07,complete
2026-09-07,0.00,0.00,0,662481.69,last_posted_transaction_or_prior_closing_balance,,trusted,weekday_rule,base_calendar,True,504,2026-09-08,complete
2026-09-08,0.00,0.00,0,662481.69,last_posted_transaction_or_prior_closing_balance,,trusted,weekday_rule,base_calendar,True,505,2026-09-09,complete
2026-09-09,0.00,0.00,0,662481.69,last_posted_transaction_or_prior_closing_balance,,trusted,weekday_rule,base_calendar,True,506,2026-09-10,complete
2026-09-10,0.00,0.00,0,662481.69,last_posted_transaction_or_prior_closing_balance,,trusted,weekday_rule,base_calendar,True,507,2026-09-11,complete
2026-09-11,0.00,0.00,0,662481.69,last_posted_transaction_or_prior_closing_balance,,trusted,weekday_rule,base_calendar,True,508,2026-09-12,complete
2026-09-12,216006.28,0.00,1,878487.97,last_posted_transaction_or_prior_closing_balance,synb1_txn_12f9a3ca245dade27c81a2b2,trusted,historical_transaction_override,historical_transaction_override,True,509,2026-09-14,complete
2026-09-13,0.00,0.00,0,878487.97,last_posted_transaction_or_prior_closing_balance,,trusted,weekday_rule,base_calendar,False,,,complete
2026-09-14,0.00,2194.97,1,876293.00,last_posted_transaction_or_prior_closing_balance,synb1_txn_23be1b208e52b9e8cc046b03,trusted,weekday_rule,base_calendar,True,510,2026-09-15,complete
2026-09-15,0.00,0.00,0,876293.00,last_posted_transaction_or_prior_closing_balance,,trusted,weekday_rule,base_calendar,True,511,2026-09-16,complete
2026-09-16,0.00,0.00,0,876293.00,last_posted_transaction_or_prior_closing_balance,,trusted,weekday_rule,base_calendar,True,512,2026-09-17,complete
2026-09-17,0.00,0.00,0,876293.00,last_posted_transaction_or_prior_closing_balance,,trusted,weekday_rule,base_calendar,True,513,2026-09-18,complete
2026-09-18,0.00,0.00,0,876293.00,last_posted_transaction_or_prior_closing_balance,,trusted,weekday_rule,base_calendar,True,514,2026-09-20,complete
2026-09-19,0.00,0.00,0,876293.00,last_posted_transaction_or_prior_closing_balance,,trusted,weekday_rule,base_calendar,False,,,complete
2026-09-20,0.00,0.00,0,876293.00,last_posted_transaction_or_prior_closing_balance,,trusted,gov_cn_2026_holiday_schedule_v1,base_calendar,True,515,2026-09-21,complete
2026-09-21,0.00,0.00,0,876293.00,last_posted_transaction_or_prior_closing_balance,,trusted,weekday_rule,base_calendar,True,516,2026-09-22,complete
2026-09-22,0.00,0.00,0,876293.00,last_posted_transaction_or_prior_closing_balance,,trusted,weekday_rule,base_calendar,True,517,2026-09-23,complete
2026-09-23,0.00,0.00,0,876293.00,last_posted_transaction_or_prior_closing_balance,,trusted,weekday_rule,base_calendar,True,518,2026-09-24,complete
2026-09-24,199828.44,508090.65,3,568030.79,last_posted_transaction_or_prior_closing_balance,synb1_txn_a4adbe1154260a59b20773bf,trusted,weekday_rule,base_calendar,True,519,2026-09-25,complete
2026-09-25,0.00,15904.78,2,552126.01,last_posted_transaction_or_prior_closing_balance,synb1_txn_2432a87c3cd8f1e7a712918d,trusted,historical_transaction_override,historical_transaction_override,True,520,2026-09-26,complete
2026-09-26,0.00,7784.49,1,544341.52,last_posted_transaction_or_prior_closing_balance,synb1_txn_5c96fa9110c66c96d1feb4cb,trusted,historical_transaction_override,historical_transaction_override,True,521,2026-09-27,complete
2026-09-27,0.00,6909.61,1,537431.91,last_posted_transaction_or_prior_closing_balance,synb1_txn_5d0b8c46456609da4ad31fcb,trusted,historical_transaction_override,historical_transaction_override,True,522,2026-09-28,complete
2026-09-28,0.00,14112.75,3,523319.16,last_posted_transaction_or_prior_closing_balance,synb1_txn_f8d49ebd8496392c2ce7790e,trusted,weekday_rule,base_calendar,True,523,2026-09-29,complete
2026-09-29,190417.58,2850.02,2,710886.72,last_posted_transaction_or_prior_closing_balance,synb1_txn_7b6dff0a4e922169aa1e654d,trusted,weekday_rule,base_calendar,True,524,2026-09-30,complete
2026-09-30,0.00,192196.59,1,518690.13,last_posted_transaction_or_prior_closing_balance,synb1_txn_e8c69861becfb3a39e592bbe,trusted,weekday_rule,base_calendar,True,525,2026-10-01,complete
2026-10-01,0.00,417391.29,2,101298.84,last_posted_transaction_or_prior_closing_balance,synb1_txn_b847999bb2c03c27c7d0b64b,trusted,historical_transaction_override,historical_transaction_override,True,526,2026-10-02,complete
2026-10-02,0.00,8480.69,1,92818.15,last_posted_transaction_or_prior_closing_balance,synb1_txn_3452d18cd5ab3ff645f62a30,trusted,historical_transaction_override,historical_transaction_override,True,527,2026-10-03,complete
2026-10-03,0.00,2410.52,1,90407.63,last_posted_transaction_or_prior_closing_balance,synb1_txn_1970cb60af35d73ca8dcd4b2,trusted,historical_transaction_override,historical_transaction_override,True,528,2026-10-05,complete
2026-10-04,0.00,0.00,0,90407.63,last_posted_transaction_or_prior_closing_balance,,trusted,gov_cn_2026_holiday_schedule_v1,base_calendar,False,,,complete
2026-10-05,155127.92,0.00,1,245535.55,last_posted_transaction_or_prior_closing_balance,synb1_txn_bc4a7c71ffb67e2de5e05feb,trusted,historical_transaction_override,historical_transaction_override,True,529,2026-10-06,complete
2026-10-06,0.00,2336.20,1,243199.35,last_posted_transaction_or_prior_closing_balance,synb1_txn_0de619c95d5e3cf0d50c8fb2,trusted,historical_transaction_override,historical_transaction_override,True,530,2026-10-07,complete
2026-10-07,0.00,2287.50,1,240911.85,last_posted_transaction_or_prior_closing_balance,synb1_txn_b96f9cdee1a74f90a29aa1ca,trusted,historical_transaction_override,historical_transaction_override,True,531,2026-10-08,complete
2026-10-08,0.00,0.00,0,240911.85,last_posted_transaction_or_prior_closing_balance,,trusted,weekday_rule,base_calendar,True,532,2026-10-09,complete
2026-10-09,0.00,7220.30,1,233691.55,last_posted_transaction_or_prior_closing_balance,synb1_txn_4be790fe652423ad057387a4,trusted,weekday_rule,base_calendar,True,533,2026-10-10,complete
2026-10-10,0.00,0.00,0,233691.55,last_posted_transaction_or_prior_closing_balance,,trusted,gov_cn_2026_holiday_schedule_v1,base_calendar,True,534,2026-10-12,complete
2026-10-11,0.00,0.00,0,233691.55,last_posted_transaction_or_prior_closing_balance,,trusted,weekday_rule,base_calendar,False,,,complete
2026-10-12,0.00,0.00,0,233691.55,last_posted_transaction_or_prior_closing_balance,,trusted,weekday_rule,base_calendar,True,535,2026-10-13,complete
2026-10-13,199397.32,181961.94,2,251126.93,last_posted_transaction_or_prior_closing_balance,synb1_txn_dcbce2541e3dd2f5493e67d1,trusted,weekday_rule,base_calendar,True,536,2026-10-14,complete
2026-10-14,0.00,0.00,0,251126.93,last_posted_transaction_or_prior_closing_balance,,trusted,weekday_rule,base_calendar,True,537,2026-10-15,complete
2026-10-15,376123.22,0.00,2,627250.15,last_posted_transaction_or_prior_closing_balance,synb1_txn_13ed4cec24e0c68c6fded3bc,trusted,weekday_rule,base_calendar,True,538,2026-10-16,complete
2026-10-16,0.00,190869.76,1,436380.39,last_posted_transaction_or_prior_closing_balance,synb1_txn_5f14a64d604371250a506d15,trusted,weekday_rule,base_calendar,True,539,2026-10-19,complete
2026-10-17,0.00,0.00,0,436380.39,last_posted_transaction_or_prior_closing_balance,,trusted,weekday_rule,base_calendar,False,,,complete
2026-10-18,0.00,0.00,0,436380.39,last_posted_transaction_or_prior_closing_balance,,trusted,weekday_rule,base_calendar,False,,,complete
2026-10-19,0.00,0.00,0,436380.39,last_posted_transaction_or_prior_closing_balance,,trusted,weekday_rule,base_calendar,True,540,2026-10-20,complete
2026-10-20,0.00,2690.42,1,433689.97,last_posted_transaction_or_prior_closing_balance,synb1_txn_20fae83b28cec3878f09d62b,trusted,weekday_rule,base_calendar,True,541,2026-10-21,complete
2026-10-21,0.00,0.00,0,433689.97,last_posted_transaction_or_prior_closing_balance,,trusted,weekday_rule,base_calendar,True,542,2026-10-22,complete
2026-10-22,0.00,2461.88,1,431228.09,last_posted_transaction_or_prior_closing_balance,synb1_txn_7bc5ddd1406a11fc2f0022f2,trusted,weekday_rule,base_calendar,True,543,2026-10-23,complete
2026-10-23,0.00,6593.09,1,424635.00,last_posted_transaction_or_prior_closing_balance,synb1_txn_ca82310564bc89f613909b0a,trusted,weekday_rule,base_calendar,True,544,2026-10-24,complete
2026-10-24,0.00,8304.80,1,416330.20,last_posted_transaction_or_prior_closing_balance,synb1_txn_872ec1c195304997250a6ea3,trusted,historical_transaction_override,historical_transaction_override,True,545,2026-10-26,complete
2026-10-25,0.00,0.00,0,416330.20,last_posted_transaction_or_prior_closing_balance,,trusted,weekday_rule,base_calendar,False,,,complete
2026-10-26,0.00,0.00,0,416330.20,last_posted_transaction_or_prior_closing_balance,,trusted,weekday_rule,base_calendar,True,546,2026-10-27,complete
2026-10-27,0.00,0.00,0,416330.20,last_posted_transaction_or_prior_closing_balance,,trusted,weekday_rule,base_calendar,True,547,2026-10-28,complete
2026-10-28,0.00,11563.51,3,404766.69,last_posted_transaction_or_prior_closing_balance,synb1_txn_e9d96bf4808dbbad548d4765,trusted,weekday_rule,base_calendar,True,548,2026-10-29,complete
2026-10-29,0.00,0.00,0,404766.69,last_posted_transaction_or_prior_closing_balance,,trusted,weekday_rule,base_calendar,True,549,2026-10-30,complete
2026-10-30,0.00,0.00,0,404766.69,last_posted_transaction_or_prior_closing_balance,,trusted,weekday_rule,base_calendar,True,550,2026-11-02,complete
2026-10-31,0.00,0.00,0,404766.69,last_posted_transaction_or_prior_closing_balance,,trusted,weekday_rule,base_calendar,False,,,complete
2026-11-01,0.00,0.00,0,404766.69,last_posted_transaction_or_prior_closing_balance,,trusted,weekday_rule,base_calendar,False,,,complete
2026-11-02,0.00,2171.97,1,402594.72,last_posted_transaction_or_prior_closing_balance,synb1_txn_51fa4ffc98eaf1cb27201c5c,trusted,weekday_rule,base_calendar,True,551,2026-11-03,complete
2026-11-03,0.00,151002.62,2,251592.10,last_posted_transaction_or_prior_closing_balance,synb1_txn_fadb58e48c6139c9bee9b00b,trusted,weekday_rule,base_calendar,True,552,2026-11-04,complete
2026-11-04,0.00,0.00,0,251592.10,last_posted_transaction_or_prior_closing_balance,,trusted,weekday_rule,base_calendar,True,553,2026-11-05,complete
2026-11-05,0.00,227152.10,2,24440.00,last_posted_transaction_or_prior_closing_balance,synb1_txn_f2a7b9012d545e0aeda65a5e,trusted,weekday_rule,base_calendar,True,554,2026-11-06,complete
2026-11-06,0.00,0.00,0,24440.00,last_posted_transaction_or_prior_closing_balance,,trusted,weekday_rule,base_calendar,True,555,2026-11-07,complete
2026-11-07,138184.05,0.00,1,162624.05,last_posted_transaction_or_prior_closing_balance,synb1_txn_7856c86990d66bbc763f2c13,trusted,historical_transaction_override,historical_transaction_override,True,556,2026-11-09,complete
2026-11-08,0.00,0.00,0,162624.05,last_posted_transaction_or_prior_closing_balance,,trusted,weekday_rule,base_calendar,False,,,complete
2026-11-09,0.00,2615.42,1,160008.63,last_posted_transaction_or_prior_closing_balance,synb1_txn_1ff2dca7cfbd1631eff54bb3,trusted,weekday_rule,base_calendar,True,557,2026-11-10,complete
2026-11-10,0.00,0.00,0,160008.63,last_posted_transaction_or_prior_closing_balance,,trusted,weekday_rule,base_calendar,True,558,2026-11-11,complete
2026-11-11,0.00,0.00,0,160008.63,last_posted_transaction_or_prior_closing_balance,,trusted,weekday_rule,base_calendar,True,559,2026-11-12,complete
2026-11-12,0.00,0.00,0,160008.63,last_posted_transaction_or_prior_closing_balance,,trusted,weekday_rule,base_calendar,True,560,2026-11-13,complete
2026-11-13,0.00,0.00,0,160008.63,last_posted_transaction_or_prior_closing_balance,,trusted,weekday_rule,base_calendar,True,561,2026-11-16,complete
2026-11-14,0.00,0.00,0,160008.63,last_posted_transaction_or_prior_closing_balance,,trusted,weekday_rule,base_calendar,False,,,complete
2026-11-15,0.00,0.00,0,160008.63,last_posted_transaction_or_prior_closing_balance,,trusted,weekday_rule,base_calendar,False,,,complete
2026-11-16,0.00,0.00,0,160008.63,last_posted_transaction_or_prior_closing_balance,,trusted,weekday_rule,base_calendar,True,562,2026-11-17,complete
2026-11-17,152670.96,0.00,1,312679.59,last_posted_transaction_or_prior_closing_balance,synb1_txn_190713d8afea61deb29a2123,trusted,weekday_rule,base_calendar,True,563,2026-11-18,complete
2026-11-18,0.00,9155.74,2,303523.85,last_posted_transaction_or_prior_closing_balance,synb1_txn_1497377283744fd1d23f8ccb,trusted,weekday_rule,base_calendar,True,564,2026-11-19,complete
2026-11-19,0.00,144307.46,1,159216.39,last_posted_transaction_or_prior_closing_balance,synb1_txn_58a82c01e5c74bd57130630d,trusted,weekday_rule,base_calendar,True,565,2026-11-20,complete
2026-11-20,0.00,0.00,0,159216.39,last_posted_transaction_or_prior_closing_balance,,trusted,weekday_rule,base_calendar,True,566,2026-11-23,complete
2026-11-21,0.00,0.00,0,159216.39,last_posted_transaction_or_prior_closing_balance,,trusted,weekday_rule,base_calendar,False,,,complete
2026-11-22,0.00,0.00,0,159216.39,last_posted_transaction_or_prior_closing_balance,,trusted,weekday_rule,base_calendar,False,,,complete
2026-11-23,0.00,0.00,0,159216.39,last_posted_transaction_or_prior_closing_balance,,trusted,weekday_rule,base_calendar,True,567,2026-11-24,complete
2026-11-24,0.00,8857.42,1,150358.97,last_posted_transaction_or_prior_closing_balance,synb1_txn_f794ad00fa417726ae2e3549,trusted,weekday_rule,base_calendar,True,568,2026-11-25,complete
2026-11-25,0.00,0.00,0,150358.97,last_posted_transaction_or_prior_closing_balance,,trusted,weekday_rule,base_calendar,True,569,2026-11-26,complete
2026-11-26,0.00,0.00,0,150358.97,last_posted_transaction_or_prior_closing_balance,,trusted,weekday_rule,base_calendar,True,570,2026-11-27,complete
2026-11-27,175908.16,2494.68,2,323772.45,last_posted_transaction_or_prior_closing_balance,synb1_txn_231202cdd520884321378436,trusted,weekday_rule,base_calendar,True,571,2026-11-28,complete
2026-11-28,0.00,8910.67,1,314861.78,last_posted_transaction_or_prior_closing_balance,synb1_txn_8844fcd27190d6cab08efa88,trusted,historical_transaction_override,historical_transaction_override,True,572,2026-11-30,complete
2026-11-29,0.00,0.00,0,314861.78,last_posted_transaction_or_prior_closing_balance,,trusted,weekday_rule,base_calendar,False,,,complete
2026-11-30,168473.48,15119.01,5,468216.25,last_posted_transaction_or_prior_closing_balance,synb1_txn_727e2e6e8362fba262942f07,trusted,weekday_rule,base_calendar,True,573,2026-12-01,complete
2026-12-01,131591.53,0.00,1,599807.78,last_posted_transaction_or_prior_closing_balance,synb1_txn_4a9c0823c347f79814421b9a,trusted,weekday_rule,base_calendar,True,574,2026-12-02,complete
2026-12-02,0.00,0.00,0,599807.78,last_posted_transaction_or_prior_closing_balance,,trusted,weekday_rule,base_calendar,True,575,2026-12-03,complete
2026-12-03,0.00,12947.49,3,586860.29,last_posted_transaction_or_prior_closing_balance,synb1_txn_0955f47f56a0e56c6a20b502,trusted,weekday_rule,base_calendar,True,576,2026-12-04,complete
2026-12-04,0.00,0.00,0,586860.29,last_posted_transaction_or_prior_closing_balance,,trusted,weekday_rule,base_calendar,True,577,2026-12-06,complete
2026-12-05,0.00,0.00,0,586860.29,last_posted_transaction_or_prior_closing_balance,,trusted,weekday_rule,base_calendar,False,,,complete
2026-12-06,0.00,2735.06,1,584125.23,last_posted_transaction_or_prior_closing_balance,synb1_txn_069b551aa1f3453745d14327,trusted,historical_transaction_override,historical_transaction_override,True,578,2026-12-07,complete
2026-12-07,99887.67,0.00,1,684012.90,last_posted_transaction_or_prior_closing_balance,synb1_txn_55d85fc365d314a2dee022de,trusted,weekday_rule,base_calendar,True,579,2026-12-08,complete
2026-12-08,0.00,2241.48,1,681771.42,last_posted_transaction_or_prior_closing_balance,synb1_txn_1eb8a0a215d3c7b9b0858e9e,trusted,weekday_rule,base_calendar,True,580,2026-12-09,complete
2026-12-09,107934.90,0.00,1,789706.32,last_posted_transaction_or_prior_closing_balance,synb1_txn_cef8715dda9e469cc5501a63,trusted,weekday_rule,base_calendar,True,581,2026-12-10,complete
2026-12-10,0.00,0.00,0,789706.32,last_posted_transaction_or_prior_closing_balance,,trusted,weekday_rule,base_calendar,True,582,2026-12-11,complete
2026-12-11,0.00,0.00,0,789706.32,last_posted_transaction_or_prior_closing_balance,,trusted,weekday_rule,base_calendar,True,583,2026-12-14,complete
2026-12-12,0.00,0.00,0,789706.32,last_posted_transaction_or_prior_closing_balance,,trusted,weekday_rule,base_calendar,False,,,complete
2026-12-13,0.00,0.00,0,789706.32,last_posted_transaction_or_prior_closing_balance,,trusted,weekday_rule,base_calendar,False,,,complete
2026-12-14,0.00,0.00,0,789706.32,last_posted_transaction_or_prior_closing_balance,,trusted,weekday_rule,base_calendar,True,584,2026-12-15,complete
2026-12-15,0.00,0.00,0,789706.32,last_posted_transaction_or_prior_closing_balance,,trusted,weekday_rule,base_calendar,True,585,2026-12-16,complete
2026-12-16,0.00,0.00,0,789706.32,last_posted_transaction_or_prior_closing_balance,,trusted,weekday_rule,base_calendar,True,586,2026-12-17,complete
2026-12-17,0.00,0.00,0,789706.32,last_posted_transaction_or_prior_closing_balance,,trusted,weekday_rule,base_calendar,True,587,2026-12-18,complete
2026-12-18,0.00,0.00,0,789706.32,last_posted_transaction_or_prior_closing_balance,,trusted,weekday_rule,base_calendar,True,588,2026-12-21,complete
2026-12-19,0.00,0.00,0,789706.32,last_posted_transaction_or_prior_closing_balance,,trusted,weekday_rule,base_calendar,False,,,complete
2026-12-20,0.00,0.00,0,789706.32,last_posted_transaction_or_prior_closing_balance,,trusted,weekday_rule,base_calendar,False,,,complete
2026-12-21,0.00,103166.58,3,686539.74,last_posted_transaction_or_prior_closing_balance,synb1_txn_a0257dc72a2722e18708f8c9,trusted,weekday_rule,base_calendar,True,589,2026-12-22,complete
2026-12-22,0.00,0.00,0,686539.74,last_posted_transaction_or_prior_closing_balance,,trusted,weekday_rule,base_calendar,True,590,2026-12-23,complete
2026-12-23,0.00,0.00,0,686539.74,last_posted_transaction_or_prior_closing_balance,,trusted,weekday_rule,base_calendar,True,591,2026-12-24,complete
2026-12-24,0.00,130054.25,2,556485.49,last_posted_transaction_or_prior_closing_balance,synb1_txn_6030d10b19a90d9076f5512f,trusted,weekday_rule,base_calendar,True,592,2026-12-25,complete
2026-12-25,0.00,0.00,0,556485.49,last_posted_transaction_or_prior_closing_balance,,trusted,weekday_rule,base_calendar,True,593,2026-12-27,complete
2026-12-26,0.00,0.00,0,556485.49,last_posted_transaction_or_prior_closing_balance,,trusted,weekday_rule,base_calendar,False,,,complete
2026-12-27,0.00,7907.84,1,548577.65,last_posted_transaction_or_prior_closing_balance,synb1_txn_460171f3bccb1fa5c1c32f9d,trusted,historical_transaction_override,historical_transaction_override,True,594,2026-12-28,complete
2026-12-28,0.00,5210.90,2,543366.75,last_posted_transaction_or_prior_closing_balance,synb1_txn_093d85d0bcf04ac3879d2671,trusted,weekday_rule,base_calendar,True,595,2026-12-29,complete
2026-12-29,0.00,96756.68,1,446610.07,last_posted_transaction_or_prior_closing_balance,synb1_txn_54c63da9e8b9956a74f597ac,trusted,weekday_rule,base_calendar,True,596,2026-12-30,complete
2026-12-30,125845.29,133746.40,2,438708.96,last_posted_transaction_or_prior_closing_balance,synb1_txn_63a22b0c3a77e3f7783784a0,trusted,weekday_rule,base_calendar,True,597,2026-12-31,complete
2026-12-31,0.00,0.00,0,438708.96,last_posted_transaction_or_prior_closing_balance,,trusted,weekday_rule,base_calendar,True,598,2027-01-01,complete
