calendar_date,inflow_cny,outflow_cny,transaction_count,ending_balance_cny,day_cut_basis,source_last_transaction_id,reconciliation_status,calendar_source,calendar_inference_status,is_bank_workday,business_step,target_date,execution_status
2024-01-01,1584000.00,0.00,1,1584000.00,last_posted_transaction_or_prior_closing_balance,synb1_txn_675df6acfab39ce92f2a40e4,trusted,cn_public_2022_2026_cycles_1_0,public_schedule_without_transaction_override,False,,,complete
2024-01-02,0.00,0.00,0,1584000.00,last_posted_transaction_or_prior_closing_balance,,trusted,cn_public_2022_2026_cycles_1_0,public_schedule_without_transaction_override,True,1,2024-01-03,complete
2024-01-03,0.00,10583.38,1,1573416.62,last_posted_transaction_or_prior_closing_balance,synb1_txn_8b262ab46f300bb3df571cae,trusted,cn_public_2022_2026_cycles_1_0,public_schedule_without_transaction_override,True,2,2024-01-04,complete
2024-01-04,0.00,0.00,0,1573416.62,last_posted_transaction_or_prior_closing_balance,,trusted,cn_public_2022_2026_cycles_1_0,public_schedule_without_transaction_override,True,3,2024-01-05,complete
2024-01-05,0.00,60774.22,2,1512642.40,last_posted_transaction_or_prior_closing_balance,synb1_txn_782c9536bce39a4220c5c3c8,trusted,cn_public_2022_2026_cycles_1_0,public_schedule_without_transaction_override,True,4,2024-01-08,complete
2024-01-06,0.00,0.00,0,1512642.40,last_posted_transaction_or_prior_closing_balance,,trusted,cn_public_2022_2026_cycles_1_0,public_schedule_without_transaction_override,False,,,complete
2024-01-07,0.00,24000.00,1,1488642.40,last_posted_transaction_or_prior_closing_balance,synb1_txn_19fda3112f48c2336e6cf12d,trusted,cn_public_2022_2026_cycles_1_0,public_schedule_without_transaction_override,False,,,complete
2024-01-08,48118.79,0.00,1,1536761.19,last_posted_transaction_or_prior_closing_balance,synb1_txn_7891b9cc8da6efc1dbb0f913,trusted,cn_public_2022_2026_cycles_1_0,public_schedule_without_transaction_override,True,5,2024-01-09,complete
2024-01-09,0.00,0.00,0,1536761.19,last_posted_transaction_or_prior_closing_balance,,trusted,cn_public_2022_2026_cycles_1_0,public_schedule_without_transaction_override,True,6,2024-01-10,complete
2024-01-10,0.00,0.00,0,1536761.19,last_posted_transaction_or_prior_closing_balance,,trusted,cn_public_2022_2026_cycles_1_0,public_schedule_without_transaction_override,True,7,2024-01-11,complete
2024-01-11,0.00,2067.13,1,1534694.06,last_posted_transaction_or_prior_closing_balance,synb1_txn_d6a67c0ac9ee44fadf0e3bb6,trusted,cn_public_2022_2026_cycles_1_0,public_schedule_without_transaction_override,True,8,2024-01-12,complete
2024-01-12,0.00,0.00,0,1534694.06,last_posted_transaction_or_prior_closing_balance,,trusted,cn_public_2022_2026_cycles_1_0,public_schedule_without_transaction_override,True,9,2024-01-15,complete
2024-01-13,0.00,579.60,1,1534114.46,last_posted_transaction_or_prior_closing_balance,synb1_txn_3c8b45139e632a373e9233ff,trusted,cn_public_2022_2026_cycles_1_0,public_schedule_without_transaction_override,False,,,complete
2024-01-14,0.00,0.00,0,1534114.46,last_posted_transaction_or_prior_closing_balance,,trusted,cn_public_2022_2026_cycles_1_0,public_schedule_without_transaction_override,False,,,complete
2024-01-15,0.00,1553.27,1,1532561.19,last_posted_transaction_or_prior_closing_balance,synb1_txn_d66c635bca8265822e00e474,trusted,cn_public_2022_2026_cycles_1_0,public_schedule_without_transaction_override,True,10,2024-01-16,complete
2024-01-16,0.00,0.00,0,1532561.19,last_posted_transaction_or_prior_closing_balance,,trusted,cn_public_2022_2026_cycles_1_0,public_schedule_without_transaction_override,True,11,2024-01-17,complete
2024-01-17,1365.92,0.00,1,1533927.11,last_posted_transaction_or_prior_closing_balance,synb1_txn_511a7ec2fa51b0b94ab197ab,trusted,cn_public_2022_2026_cycles_1_0,public_schedule_without_transaction_override,True,12,2024-01-18,complete
2024-01-18,0.00,0.00,0,1533927.11,last_posted_transaction_or_prior_closing_balance,,trusted,cn_public_2022_2026_cycles_1_0,public_schedule_without_transaction_override,True,13,2024-01-19,complete
2024-01-19,0.00,42430.36,2,1491496.75,last_posted_transaction_or_prior_closing_balance,synb1_txn_2d0778ae9d374676907a8426,trusted,cn_public_2022_2026_cycles_1_0,public_schedule_without_transaction_override,True,14,2024-01-22,complete
2024-01-20,0.00,0.00,0,1491496.75,last_posted_transaction_or_prior_closing_balance,,trusted,cn_public_2022_2026_cycles_1_0,public_schedule_without_transaction_override,False,,,complete
2024-01-21,0.00,2529.22,1,1488967.53,last_posted_transaction_or_prior_closing_balance,synb1_txn_c3bc1a8ad9ac3decf7b29ab5,trusted,cn_public_2022_2026_cycles_1_0,public_schedule_without_transaction_override,False,,,complete
2024-01-22,74081.29,60000.00,2,1503048.82,last_posted_transaction_or_prior_closing_balance,synb1_txn_78dd3921829a1463ec71bb99,trusted,cn_public_2022_2026_cycles_1_0,public_schedule_without_transaction_override,True,15,2024-01-23,complete
2024-01-23,0.00,9002.05,1,1494046.77,last_posted_transaction_or_prior_closing_balance,synb1_txn_7ce517666e87c6a19dd1c9f4,trusted,cn_public_2022_2026_cycles_1_0,public_schedule_without_transaction_override,True,16,2024-01-24,complete
2024-01-24,0.00,0.00,0,1494046.77,last_posted_transaction_or_prior_closing_balance,,trusted,cn_public_2022_2026_cycles_1_0,public_schedule_without_transaction_override,True,17,2024-01-25,complete
2024-01-25,0.00,0.00,0,1494046.77,last_posted_transaction_or_prior_closing_balance,,trusted,cn_public_2022_2026_cycles_1_0,public_schedule_without_transaction_override,True,18,2024-01-26,complete
2024-01-26,0.00,0.00,0,1494046.77,last_posted_transaction_or_prior_closing_balance,,trusted,cn_public_2022_2026_cycles_1_0,public_schedule_without_transaction_override,True,19,2024-01-29,complete
2024-01-27,0.00,0.00,0,1494046.77,last_posted_transaction_or_prior_closing_balance,,trusted,cn_public_2022_2026_cycles_1_0,public_schedule_without_transaction_override,False,,,complete
2024-01-28,0.00,257.37,1,1493789.40,last_posted_transaction_or_prior_closing_balance,synb1_txn_61d4dd5a4477f62f313cd471,trusted,cn_public_2022_2026_cycles_1_0,public_schedule_without_transaction_override,False,,,complete
2024-01-29,0.00,0.00,0,1493789.40,last_posted_transaction_or_prior_closing_balance,,trusted,cn_public_2022_2026_cycles_1_0,public_schedule_without_transaction_override,True,20,2024-01-30,complete
2024-01-30,0.00,0.00,0,1493789.40,last_posted_transaction_or_prior_closing_balance,,trusted,cn_public_2022_2026_cycles_1_0,public_schedule_without_transaction_override,True,21,2024-01-31,complete
2024-01-31,0.00,0.00,0,1493789.40,last_posted_transaction_or_prior_closing_balance,,trusted,cn_public_2022_2026_cycles_1_0,public_schedule_without_transaction_override,True,22,2024-02-01,complete
2024-02-01,0.00,0.00,0,1493789.40,last_posted_transaction_or_prior_closing_balance,,trusted,cn_public_2022_2026_cycles_1_0,public_schedule_without_transaction_override,True,23,2024-02-02,complete
2024-02-02,0.00,0.00,0,1493789.40,last_posted_transaction_or_prior_closing_balance,,trusted,cn_public_2022_2026_cycles_1_0,public_schedule_without_transaction_override,True,24,2024-02-04,complete
2024-02-03,0.00,6116.41,1,1487672.99,last_posted_transaction_or_prior_closing_balance,synb1_txn_5dbfb615aef0271100797436,trusted,cn_public_2022_2026_cycles_1_0,public_schedule_without_transaction_override,False,,,complete
2024-02-04,0.00,3410.78,1,1484262.21,last_posted_transaction_or_prior_closing_balance,synb1_txn_9047b2163db006b49ce2a48e,trusted,cn_public_2022_2026_cycles_1_0,public_schedule_without_transaction_override,True,25,2024-02-05,complete
2024-02-05,0.00,5500.00,1,1478762.21,last_posted_transaction_or_prior_closing_balance,synb1_txn_0d71ef6c7f69466e202391f8,trusted,cn_public_2022_2026_cycles_1_0,public_schedule_without_transaction_override,True,26,2024-02-06,complete
2024-02-06,16038.71,24096.58,2,1470704.34,last_posted_transaction_or_prior_closing_balance,synb1_txn_c5e1baf5bd5ae0a8ac65dbf6,trusted,cn_public_2022_2026_cycles_1_0,public_schedule_without_transaction_override,True,27,2024-02-07,complete
2024-02-07,43266.40,33626.95,3,1480343.79,last_posted_transaction_or_prior_closing_balance,synb1_txn_28142f17587e011794653c57,trusted,cn_public_2022_2026_cycles_1_0,public_schedule_without_transaction_override,True,28,2024-02-08,complete
2024-02-08,0.00,4261.45,1,1476082.34,last_posted_transaction_or_prior_closing_balance,synb1_txn_c3b61a5037a01df7b9aa9834,trusted,cn_public_2022_2026_cycles_1_0,public_schedule_without_transaction_override,True,29,2024-02-09,complete
2024-02-09,295.20,0.00,1,1476377.54,last_posted_transaction_or_prior_closing_balance,synb1_txn_60e7975b5715a665cf554279,trusted,cn_public_2022_2026_cycles_1_0,public_schedule_without_transaction_override,True,30,2024-02-18,complete
2024-02-10,91889.25,24473.10,3,1543793.69,last_posted_transaction_or_prior_closing_balance,synb1_txn_ab4270b3f41726fbf0cdabc1,trusted,cn_public_2022_2026_cycles_1_0,public_schedule_without_transaction_override,False,,,complete
2024-02-11,0.00,0.00,0,1543793.69,last_posted_transaction_or_prior_closing_balance,,trusted,cn_public_2022_2026_cycles_1_0,public_schedule_without_transaction_override,False,,,complete
2024-02-12,0.00,0.00,0,1543793.69,last_posted_transaction_or_prior_closing_balance,,trusted,cn_public_2022_2026_cycles_1_0,public_schedule_without_transaction_override,False,,,complete
2024-02-13,1143.09,0.00,1,1544936.78,last_posted_transaction_or_prior_closing_balance,synb1_txn_4b24816e6baf830c4c2048fa,trusted,cn_public_2022_2026_cycles_1_0,public_schedule_without_transaction_override,False,,,complete
2024-02-14,0.00,0.00,0,1544936.78,last_posted_transaction_or_prior_closing_balance,,trusted,cn_public_2022_2026_cycles_1_0,public_schedule_without_transaction_override,False,,,complete
2024-02-15,0.00,42328.56,1,1502608.22,last_posted_transaction_or_prior_closing_balance,synb1_txn_f3a53a9f7eea2a22c67d270b,trusted,cn_public_2022_2026_cycles_1_0,public_schedule_without_transaction_override,False,,,complete
2024-02-16,0.00,0.00,0,1502608.22,last_posted_transaction_or_prior_closing_balance,,trusted,cn_public_2022_2026_cycles_1_0,public_schedule_without_transaction_override,False,,,complete
2024-02-17,0.00,0.00,0,1502608.22,last_posted_transaction_or_prior_closing_balance,,trusted,cn_public_2022_2026_cycles_1_0,public_schedule_without_transaction_override,False,,,complete
2024-02-18,919.29,8598.12,4,1494929.39,last_posted_transaction_or_prior_closing_balance,synb1_txn_693302d1d16c501cf6ffc2e8,trusted,cn_public_2022_2026_cycles_1_0,public_schedule_without_transaction_override,True,31,2024-02-19,complete
2024-02-19,0.00,7173.84,1,1487755.55,last_posted_transaction_or_prior_closing_balance,synb1_txn_5ed8dedb21c2dacf64270be6,trusted,cn_public_2022_2026_cycles_1_0,public_schedule_without_transaction_override,True,32,2024-02-20,complete
2024-02-20,9290.59,50000.00,3,1447046.14,last_posted_transaction_or_prior_closing_balance,synb1_txn_f35c094050eb30b019fdbc3c,trusted,cn_public_2022_2026_cycles_1_0,public_schedule_without_transaction_override,True,33,2024-02-21,complete
2024-02-21,33.24,0.00,1,1447079.38,last_posted_transaction_or_prior_closing_balance,synb1_txn_715f8af908660013dac39329,trusted,cn_public_2022_2026_cycles_1_0,public_schedule_without_transaction_override,True,34,2024-02-22,complete
2024-02-22,12058.23,0.00,1,1459137.61,last_posted_transaction_or_prior_closing_balance,synb1_txn_dc7a258f3dc1d7f204f7af49,trusted,cn_public_2022_2026_cycles_1_0,public_schedule_without_transaction_override,True,35,2024-02-23,complete
2024-02-23,0.00,1199.59,1,1457938.02,last_posted_transaction_or_prior_closing_balance,synb1_txn_579ff0fa9562d9c58b318740,trusted,cn_public_2022_2026_cycles_1_0,public_schedule_without_transaction_override,True,36,2024-02-26,complete
2024-02-24,0.00,472.26,2,1457465.76,last_posted_transaction_or_prior_closing_balance,synb1_txn_c4eba882b7df3946f130b6dd,trusted,cn_public_2022_2026_cycles_1_0,public_schedule_without_transaction_override,False,,,complete
2024-02-25,0.00,0.00,0,1457465.76,last_posted_transaction_or_prior_closing_balance,,trusted,cn_public_2022_2026_cycles_1_0,public_schedule_without_transaction_override,False,,,complete
2024-02-26,0.00,0.00,0,1457465.76,last_posted_transaction_or_prior_closing_balance,,trusted,cn_public_2022_2026_cycles_1_0,public_schedule_without_transaction_override,True,37,2024-02-27,complete
2024-02-27,0.00,6104.92,2,1451360.84,last_posted_transaction_or_prior_closing_balance,synb1_txn_ef52f03a543bac1136b1ad3d,trusted,cn_public_2022_2026_cycles_1_0,public_schedule_without_transaction_override,True,38,2024-02-28,complete
2024-02-28,0.00,316.96,1,1451043.88,last_posted_transaction_or_prior_closing_balance,synb1_txn_1df20744691851a082f585e8,trusted,cn_public_2022_2026_cycles_1_0,public_schedule_without_transaction_override,True,39,2024-02-29,complete
2024-02-29,0.00,0.00,0,1451043.88,last_posted_transaction_or_prior_closing_balance,,trusted,cn_public_2022_2026_cycles_1_0,public_schedule_without_transaction_override,True,40,2024-03-01,complete
2024-03-01,0.00,0.00,0,1451043.88,last_posted_transaction_or_prior_closing_balance,,trusted,cn_public_2022_2026_cycles_1_0,public_schedule_without_transaction_override,True,41,2024-03-04,complete
2024-03-02,8039.04,0.00,1,1459082.92,last_posted_transaction_or_prior_closing_balance,synb1_txn_11f4234f903e7b008760ab98,trusted,cn_public_2022_2026_cycles_1_0,public_schedule_without_transaction_override,False,,,complete
2024-03-03,0.00,0.00,0,1459082.92,last_posted_transaction_or_prior_closing_balance,,trusted,cn_public_2022_2026_cycles_1_0,public_schedule_without_transaction_override,False,,,complete
2024-03-04,0.00,0.00,0,1459082.92,last_posted_transaction_or_prior_closing_balance,,trusted,cn_public_2022_2026_cycles_1_0,public_schedule_without_transaction_override,True,42,2024-03-05,complete
2024-03-05,16314.37,57013.61,3,1418383.68,last_posted_transaction_or_prior_closing_balance,synb1_txn_302bc2dfebebe617b50408ca,trusted,cn_public_2022_2026_cycles_1_0,public_schedule_without_transaction_override,True,43,2024-03-06,complete
2024-03-06,0.00,0.00,0,1418383.68,last_posted_transaction_or_prior_closing_balance,,trusted,cn_public_2022_2026_cycles_1_0,public_schedule_without_transaction_override,True,44,2024-03-07,complete
2024-03-07,0.00,24000.00,1,1394383.68,last_posted_transaction_or_prior_closing_balance,synb1_txn_8f29216b8173727c6ddcaf71,trusted,cn_public_2022_2026_cycles_1_0,public_schedule_without_transaction_override,True,45,2024-03-08,complete
2024-03-08,1405.78,0.00,1,1395789.46,last_posted_transaction_or_prior_closing_balance,synb1_txn_e2962da22a6db503c2cb7630,trusted,cn_public_2022_2026_cycles_1_0,public_schedule_without_transaction_override,True,46,2024-03-11,complete
2024-03-09,0.00,0.00,0,1395789.46,last_posted_transaction_or_prior_closing_balance,,trusted,cn_public_2022_2026_cycles_1_0,public_schedule_without_transaction_override,False,,,complete
2024-03-10,27910.64,0.00,1,1423700.10,last_posted_transaction_or_prior_closing_balance,synb1_txn_28ec97acbc0141df89fe83bc,trusted,cn_public_2022_2026_cycles_1_0,public_schedule_without_transaction_override,False,,,complete
2024-03-11,0.00,2059.92,1,1421640.18,last_posted_transaction_or_prior_closing_balance,synb1_txn_3187864289e6b1e0f69aa7d1,trusted,cn_public_2022_2026_cycles_1_0,public_schedule_without_transaction_override,True,47,2024-03-12,complete
2024-03-12,0.00,0.00,0,1421640.18,last_posted_transaction_or_prior_closing_balance,,trusted,cn_public_2022_2026_cycles_1_0,public_schedule_without_transaction_override,True,48,2024-03-13,complete
2024-03-13,95317.90,0.00,1,1516958.08,last_posted_transaction_or_prior_closing_balance,synb1_txn_8c5b63db4622836f6c5b262a,trusted,cn_public_2022_2026_cycles_1_0,public_schedule_without_transaction_override,True,49,2024-03-14,complete
2024-03-14,29351.42,0.00,1,1546309.50,last_posted_transaction_or_prior_closing_balance,synb1_txn_768ad14ee8773071ec6fbed5,trusted,cn_public_2022_2026_cycles_1_0,public_schedule_without_transaction_override,True,50,2024-03-15,complete
2024-03-15,0.00,3156.68,1,1543152.82,last_posted_transaction_or_prior_closing_balance,synb1_txn_183fe2f4552ebdffad9aee3a,trusted,cn_public_2022_2026_cycles_1_0,public_schedule_without_transaction_override,True,51,2024-03-18,complete
2024-03-16,215.71,17560.16,3,1525808.37,last_posted_transaction_or_prior_closing_balance,synb1_txn_18cac63849e6b1a717bc8d69,trusted,cn_public_2022_2026_cycles_1_0,public_schedule_without_transaction_override,False,,,complete
2024-03-17,0.00,0.00,0,1525808.37,last_posted_transaction_or_prior_closing_balance,,trusted,cn_public_2022_2026_cycles_1_0,public_schedule_without_transaction_override,False,,,complete
2024-03-18,0.00,6444.99,4,1519363.38,last_posted_transaction_or_prior_closing_balance,synb1_txn_03de05f35fa607432f1a8724,trusted,cn_public_2022_2026_cycles_1_0,public_schedule_without_transaction_override,True,52,2024-03-19,complete
2024-03-19,1580.86,0.00,1,1520944.24,last_posted_transaction_or_prior_closing_balance,synb1_txn_825771489e17fc9f9343141d,trusted,cn_public_2022_2026_cycles_1_0,public_schedule_without_transaction_override,True,53,2024-03-20,complete
2024-03-20,0.00,36976.81,1,1483967.43,last_posted_transaction_or_prior_closing_balance,synb1_txn_50f2bb919a2df69994bcd643,trusted,cn_public_2022_2026_cycles_1_0,public_schedule_without_transaction_override,True,54,2024-03-21,complete
2024-03-21,31372.01,0.00,1,1515339.44,last_posted_transaction_or_prior_closing_balance,synb1_txn_8b24b90ccb3b30002eab3c9c,trusted,cn_public_2022_2026_cycles_1_0,public_schedule_without_transaction_override,True,55,2024-03-22,complete
2024-03-22,20299.26,1685.49,2,1533953.21,last_posted_transaction_or_prior_closing_balance,synb1_txn_376f8b6cefa6049ffc8008a7,trusted,cn_public_2022_2026_cycles_1_0,public_schedule_without_transaction_override,True,56,2024-03-25,complete
2024-03-23,29687.01,56626.34,3,1507013.88,last_posted_transaction_or_prior_closing_balance,synb1_txn_96cde487f9530c431b5a4f20,trusted,cn_public_2022_2026_cycles_1_0,public_schedule_without_transaction_override,False,,,complete
2024-03-24,0.00,14645.10,2,1492368.78,last_posted_transaction_or_prior_closing_balance,synb1_txn_d1807354d61ae9eccfbcb5d5,trusted,cn_public_2022_2026_cycles_1_0,public_schedule_without_transaction_override,False,,,complete
2024-03-25,0.00,0.00,0,1492368.78,last_posted_transaction_or_prior_closing_balance,,trusted,cn_public_2022_2026_cycles_1_0,public_schedule_without_transaction_override,True,57,2024-03-26,complete
2024-03-26,0.00,333.90,1,1492034.88,last_posted_transaction_or_prior_closing_balance,synb1_txn_c35ab30d6dfa3b831ca7b5e4,trusted,cn_public_2022_2026_cycles_1_0,public_schedule_without_transaction_override,True,58,2024-03-27,complete
2024-03-27,0.00,0.00,0,1492034.88,last_posted_transaction_or_prior_closing_balance,,trusted,cn_public_2022_2026_cycles_1_0,public_schedule_without_transaction_override,True,59,2024-03-28,complete
2024-03-28,0.00,0.00,0,1492034.88,last_posted_transaction_or_prior_closing_balance,,trusted,cn_public_2022_2026_cycles_1_0,public_schedule_without_transaction_override,True,60,2024-03-29,complete
2024-03-29,0.00,0.00,0,1492034.88,last_posted_transaction_or_prior_closing_balance,,trusted,cn_public_2022_2026_cycles_1_0,public_schedule_without_transaction_override,True,61,2024-04-01,complete
2024-03-30,0.00,0.00,0,1492034.88,last_posted_transaction_or_prior_closing_balance,,trusted,cn_public_2022_2026_cycles_1_0,public_schedule_without_transaction_override,False,,,complete
2024-03-31,0.00,0.00,0,1492034.88,last_posted_transaction_or_prior_closing_balance,,trusted,cn_public_2022_2026_cycles_1_0,public_schedule_without_transaction_override,False,,,complete
2024-04-01,0.00,0.00,0,1492034.88,last_posted_transaction_or_prior_closing_balance,,trusted,cn_public_2022_2026_cycles_1_0,public_schedule_without_transaction_override,True,62,2024-04-02,complete
2024-04-02,0.00,0.00,0,1492034.88,last_posted_transaction_or_prior_closing_balance,,trusted,cn_public_2022_2026_cycles_1_0,public_schedule_without_transaction_override,True,63,2024-04-03,complete
2024-04-03,0.00,62849.48,2,1429185.40,last_posted_transaction_or_prior_closing_balance,synb1_txn_20e9125c5f10304edd04e4a4,trusted,cn_public_2022_2026_cycles_1_0,public_schedule_without_transaction_override,True,64,2024-04-07,complete
2024-04-04,0.00,0.00,0,1429185.40,last_posted_transaction_or_prior_closing_balance,,trusted,cn_public_2022_2026_cycles_1_0,public_schedule_without_transaction_override,False,,,complete
2024-04-05,118485.45,7315.15,3,1540355.70,last_posted_transaction_or_prior_closing_balance,synb1_txn_8a3beda492ac5bc49b494896,trusted,cn_public_2022_2026_cycles_1_0,public_schedule_without_transaction_override,False,,,complete
2024-04-06,0.00,0.00,0,1540355.70,last_posted_transaction_or_prior_closing_balance,,trusted,cn_public_2022_2026_cycles_1_0,public_schedule_without_transaction_override,False,,,complete
2024-04-07,55936.57,24000.00,2,1572292.27,last_posted_transaction_or_prior_closing_balance,synb1_txn_9da8134f3e3dc4a5801d8fe3,trusted,cn_public_2022_2026_cycles_1_0,public_schedule_without_transaction_override,True,65,2024-04-08,complete
2024-04-08,0.00,0.00,0,1572292.27,last_posted_transaction_or_prior_closing_balance,,trusted,cn_public_2022_2026_cycles_1_0,public_schedule_without_transaction_override,True,66,2024-04-09,complete
2024-04-09,20662.35,0.00,1,1592954.62,last_posted_transaction_or_prior_closing_balance,synb1_txn_2f12564c939a24b3ae9602a9,trusted,cn_public_2022_2026_cycles_1_0,public_schedule_without_transaction_override,True,67,2024-04-10,complete
2024-04-10,0.00,0.00,0,1592954.62,last_posted_transaction_or_prior_closing_balance,,trusted,cn_public_2022_2026_cycles_1_0,public_schedule_without_transaction_override,True,68,2024-04-11,complete
2024-04-11,18831.98,0.00,1,1611786.60,last_posted_transaction_or_prior_closing_balance,synb1_txn_cdeacd92f3b9abb91929846e,trusted,cn_public_2022_2026_cycles_1_0,public_schedule_without_transaction_override,True,69,2024-04-12,complete
2024-04-12,0.00,0.00,0,1611786.60,last_posted_transaction_or_prior_closing_balance,,trusted,cn_public_2022_2026_cycles_1_0,public_schedule_without_transaction_override,True,70,2024-04-15,complete
2024-04-13,0.00,0.00,0,1611786.60,last_posted_transaction_or_prior_closing_balance,,trusted,cn_public_2022_2026_cycles_1_0,public_schedule_without_transaction_override,False,,,complete
2024-04-14,97926.25,896.05,3,1708816.80,last_posted_transaction_or_prior_closing_balance,synb1_txn_eaff1e26a38d767184870d29,trusted,cn_public_2022_2026_cycles_1_0,public_schedule_without_transaction_override,False,,,complete
2024-04-15,0.00,0.00,0,1708816.80,last_posted_transaction_or_prior_closing_balance,,trusted,cn_public_2022_2026_cycles_1_0,public_schedule_without_transaction_override,True,71,2024-04-16,complete
2024-04-16,0.00,0.00,0,1708816.80,last_posted_transaction_or_prior_closing_balance,,trusted,cn_public_2022_2026_cycles_1_0,public_schedule_without_transaction_override,True,72,2024-04-17,complete
2024-04-17,0.00,51963.61,1,1656853.19,last_posted_transaction_or_prior_closing_balance,synb1_txn_ffacf6e55e99cce090ee8a15,trusted,cn_public_2022_2026_cycles_1_0,public_schedule_without_transaction_override,True,73,2024-04-18,complete
2024-04-18,0.00,36534.07,4,1620319.12,last_posted_transaction_or_prior_closing_balance,synb1_txn_e9d4ebe953d750cbe224275a,trusted,cn_public_2022_2026_cycles_1_0,public_schedule_without_transaction_override,True,74,2024-04-19,complete
2024-04-19,0.00,34743.59,1,1585575.53,last_posted_transaction_or_prior_closing_balance,synb1_txn_5fed560cb1f6a4de30bbcbdb,trusted,cn_public_2022_2026_cycles_1_0,public_schedule_without_transaction_override,True,75,2024-04-22,complete
2024-04-20,0.00,10429.20,1,1575146.33,last_posted_transaction_or_prior_closing_balance,synb1_txn_d1df2c8dcb65c4d3e08599ff,trusted,cn_public_2022_2026_cycles_1_0,public_schedule_without_transaction_override,False,,,complete
2024-04-21,0.00,29401.66,2,1545744.67,last_posted_transaction_or_prior_closing_balance,synb1_txn_574495ba8172112f6027c82a,trusted,cn_public_2022_2026_cycles_1_0,public_schedule_without_transaction_override,False,,,complete
2024-04-22,0.00,1488.80,1,1544255.87,last_posted_transaction_or_prior_closing_balance,synb1_txn_9bd533320acbb17dfe674a40,trusted,cn_public_2022_2026_cycles_1_0,public_schedule_without_transaction_override,True,76,2024-04-23,complete
2024-04-23,0.00,0.00,0,1544255.87,last_posted_transaction_or_prior_closing_balance,,trusted,cn_public_2022_2026_cycles_1_0,public_schedule_without_transaction_override,True,77,2024-04-24,complete
2024-04-24,4417.40,0.00,1,1548673.27,last_posted_transaction_or_prior_closing_balance,synb1_txn_410d6bb2cba92ae88f683567,trusted,cn_public_2022_2026_cycles_1_0,public_schedule_without_transaction_override,True,78,2024-04-25,complete
2024-04-25,0.00,0.00,0,1548673.27,last_posted_transaction_or_prior_closing_balance,,trusted,cn_public_2022_2026_cycles_1_0,public_schedule_without_transaction_override,True,79,2024-04-26,complete
2024-04-26,0.00,0.00,0,1548673.27,last_posted_transaction_or_prior_closing_balance,,trusted,cn_public_2022_2026_cycles_1_0,public_schedule_without_transaction_override,True,80,2024-04-28,complete
2024-04-27,0.00,0.00,0,1548673.27,last_posted_transaction_or_prior_closing_balance,,trusted,cn_public_2022_2026_cycles_1_0,public_schedule_without_transaction_override,False,,,complete
2024-04-28,0.00,0.00,0,1548673.27,last_posted_transaction_or_prior_closing_balance,,trusted,cn_public_2022_2026_cycles_1_0,public_schedule_without_transaction_override,True,81,2024-04-29,complete
2024-04-29,0.00,0.00,0,1548673.27,last_posted_transaction_or_prior_closing_balance,,trusted,cn_public_2022_2026_cycles_1_0,public_schedule_without_transaction_override,True,82,2024-04-30,complete
2024-04-30,0.00,0.00,0,1548673.27,last_posted_transaction_or_prior_closing_balance,,trusted,cn_public_2022_2026_cycles_1_0,public_schedule_without_transaction_override,True,83,2024-05-06,complete
2024-05-01,0.00,0.00,0,1548673.27,last_posted_transaction_or_prior_closing_balance,,trusted,cn_public_2022_2026_cycles_1_0,public_schedule_without_transaction_override,False,,,complete
2024-05-02,0.00,0.00,0,1548673.27,last_posted_transaction_or_prior_closing_balance,,trusted,cn_public_2022_2026_cycles_1_0,public_schedule_without_transaction_override,False,,,complete
2024-05-03,0.00,0.00,0,1548673.27,last_posted_transaction_or_prior_closing_balance,,trusted,cn_public_2022_2026_cycles_1_0,public_schedule_without_transaction_override,False,,,complete
2024-05-04,0.00,0.00,0,1548673.27,last_posted_transaction_or_prior_closing_balance,,trusted,cn_public_2022_2026_cycles_1_0,public_schedule_without_transaction_override,False,,,complete
2024-05-05,0.00,5500.00,1,1543173.27,last_posted_transaction_or_prior_closing_balance,synb1_txn_d079e13e42bca5b33cdd9467,trusted,cn_public_2022_2026_cycles_1_0,public_schedule_without_transaction_override,False,,,complete
2024-05-06,59111.99,0.00,1,1602285.26,last_posted_transaction_or_prior_closing_balance,synb1_txn_98e418a3e399a539e7522229,trusted,cn_public_2022_2026_cycles_1_0,public_schedule_without_transaction_override,True,84,2024-05-07,complete
2024-05-07,0.00,24000.00,1,1578285.26,last_posted_transaction_or_prior_closing_balance,synb1_txn_2af41647ff6e7cefc06cb3b8,trusted,cn_public_2022_2026_cycles_1_0,public_schedule_without_transaction_override,True,85,2024-05-08,complete
2024-05-08,20498.18,186.29,2,1598597.15,last_posted_transaction_or_prior_closing_balance,synb1_txn_6952172bc969640ea04aa50d,trusted,cn_public_2022_2026_cycles_1_0,public_schedule_without_transaction_override,True,86,2024-05-09,complete
2024-05-09,0.00,0.00,0,1598597.15,last_posted_transaction_or_prior_closing_balance,,trusted,cn_public_2022_2026_cycles_1_0,public_schedule_without_transaction_override,True,87,2024-05-10,complete
2024-05-10,0.00,0.00,0,1598597.15,last_posted_transaction_or_prior_closing_balance,,trusted,cn_public_2022_2026_cycles_1_0,public_schedule_without_transaction_override,True,88,2024-05-11,complete
2024-05-11,0.00,0.00,0,1598597.15,last_posted_transaction_or_prior_closing_balance,,trusted,cn_public_2022_2026_cycles_1_0,public_schedule_without_transaction_override,True,89,2024-05-13,complete
2024-05-12,0.00,0.00,0,1598597.15,last_posted_transaction_or_prior_closing_balance,,trusted,cn_public_2022_2026_cycles_1_0,public_schedule_without_transaction_override,False,,,complete
2024-05-13,0.00,26.82,1,1598570.33,last_posted_transaction_or_prior_closing_balance,synb1_txn_aff3ddb5b62a8e0f8e7779d2,trusted,cn_public_2022_2026_cycles_1_0,public_schedule_without_transaction_override,True,90,2024-05-14,complete
2024-05-14,0.00,0.00,0,1598570.33,last_posted_transaction_or_prior_closing_balance,,trusted,cn_public_2022_2026_cycles_1_0,public_schedule_without_transaction_override,True,91,2024-05-15,complete
2024-05-15,0.00,2935.80,1,1595634.53,last_posted_transaction_or_prior_closing_balance,synb1_txn_1ec3ce1f98e935de4b5c1f9d,trusted,cn_public_2022_2026_cycles_1_0,public_schedule_without_transaction_override,True,92,2024-05-16,complete
2024-05-16,0.00,0.00,0,1595634.53,last_posted_transaction_or_prior_closing_balance,,trusted,cn_public_2022_2026_cycles_1_0,public_schedule_without_transaction_override,True,93,2024-05-17,complete
2024-05-17,53544.12,766.31,3,1648412.34,last_posted_transaction_or_prior_closing_balance,synb1_txn_d0665efada13ef2bef6dfded,trusted,cn_public_2022_2026_cycles_1_0,public_schedule_without_transaction_override,True,94,2024-05-20,complete
2024-05-18,0.00,0.00,0,1648412.34,last_posted_transaction_or_prior_closing_balance,,trusted,cn_public_2022_2026_cycles_1_0,public_schedule_without_transaction_override,False,,,complete
2024-05-19,0.00,0.00,0,1648412.34,last_posted_transaction_or_prior_closing_balance,,trusted,cn_public_2022_2026_cycles_1_0,public_schedule_without_transaction_override,False,,,complete
2024-05-20,86636.52,45116.98,5,1689931.88,last_posted_transaction_or_prior_closing_balance,synb1_txn_f3cb59c1c90840b9325867f3,trusted,cn_public_2022_2026_cycles_1_0,public_schedule_without_transaction_override,True,95,2024-05-21,complete
2024-05-21,0.00,0.00,0,1689931.88,last_posted_transaction_or_prior_closing_balance,,trusted,cn_public_2022_2026_cycles_1_0,public_schedule_without_transaction_override,True,96,2024-05-22,complete
2024-05-22,0.00,0.00,0,1689931.88,last_posted_transaction_or_prior_closing_balance,,trusted,cn_public_2022_2026_cycles_1_0,public_schedule_without_transaction_override,True,97,2024-05-23,complete
2024-05-23,0.00,121961.78,4,1567970.10,last_posted_transaction_or_prior_closing_balance,synb1_txn_5c0bd1027a35de93f879e85f,trusted,cn_public_2022_2026_cycles_1_0,public_schedule_without_transaction_override,True,98,2024-05-24,complete
2024-05-24,0.00,13389.96,1,1554580.14,last_posted_transaction_or_prior_closing_balance,synb1_txn_e439925c624979cdfcd212ac,trusted,cn_public_2022_2026_cycles_1_0,public_schedule_without_transaction_override,True,99,2024-05-27,complete
2024-05-25,0.00,0.00,0,1554580.14,last_posted_transaction_or_prior_closing_balance,,trusted,cn_public_2022_2026_cycles_1_0,public_schedule_without_transaction_override,False,,,complete
2024-05-26,13940.85,5154.75,4,1563366.24,last_posted_transaction_or_prior_closing_balance,synb1_txn_532eb3f51cbb7924c3cde7d4,trusted,cn_public_2022_2026_cycles_1_0,public_schedule_without_transaction_override,False,,,complete
2024-05-27,68.57,0.00,1,1563434.81,last_posted_transaction_or_prior_closing_balance,synb1_txn_302d949a31f44145d5726a5c,trusted,cn_public_2022_2026_cycles_1_0,public_schedule_without_transaction_override,True,100,2024-05-28,complete
2024-05-28,27865.77,0.00,1,1591300.58,last_posted_transaction_or_prior_closing_balance,synb1_txn_4213f8e32145717b56243c74,trusted,cn_public_2022_2026_cycles_1_0,public_schedule_without_transaction_override,True,101,2024-05-29,complete
2024-05-29,0.00,0.00,0,1591300.58,last_posted_transaction_or_prior_closing_balance,,trusted,cn_public_2022_2026_cycles_1_0,public_schedule_without_transaction_override,True,102,2024-05-30,complete
2024-05-30,0.00,0.00,0,1591300.58,last_posted_transaction_or_prior_closing_balance,,trusted,cn_public_2022_2026_cycles_1_0,public_schedule_without_transaction_override,True,103,2024-05-31,complete
2024-05-31,0.00,0.00,0,1591300.58,last_posted_transaction_or_prior_closing_balance,,trusted,cn_public_2022_2026_cycles_1_0,public_schedule_without_transaction_override,True,104,2024-06-03,complete
2024-06-01,0.00,0.00,0,1591300.58,last_posted_transaction_or_prior_closing_balance,,trusted,cn_public_2022_2026_cycles_1_0,public_schedule_without_transaction_override,False,,,complete
2024-06-02,0.00,0.00,0,1591300.58,last_posted_transaction_or_prior_closing_balance,,trusted,cn_public_2022_2026_cycles_1_0,public_schedule_without_transaction_override,False,,,complete
2024-06-03,0.00,27480.83,2,1563819.75,last_posted_transaction_or_prior_closing_balance,synb1_txn_55ff1ba9a3c377597aee462d,trusted,cn_public_2022_2026_cycles_1_0,public_schedule_without_transaction_override,True,105,2024-06-04,complete
2024-06-04,0.00,0.00,0,1563819.75,last_posted_transaction_or_prior_closing_balance,,trusted,cn_public_2022_2026_cycles_1_0,public_schedule_without_transaction_override,True,106,2024-06-05,complete
2024-06-05,0.00,5500.00,1,1558319.75,last_posted_transaction_or_prior_closing_balance,synb1_txn_e030ee6fe295cb8deb26a44e,trusted,cn_public_2022_2026_cycles_1_0,public_schedule_without_transaction_override,True,107,2024-06-06,complete
2024-06-06,0.00,656.63,1,1557663.12,last_posted_transaction_or_prior_closing_balance,synb1_txn_b55c22c17bf12f49cdacc2cc,trusted,cn_public_2022_2026_cycles_1_0,public_schedule_without_transaction_override,True,108,2024-06-07,complete
2024-06-07,26762.22,24000.00,2,1560425.34,last_posted_transaction_or_prior_closing_balance,synb1_txn_d4fd887d897d65114a30c1e9,trusted,cn_public_2022_2026_cycles_1_0,public_schedule_without_transaction_override,True,109,2024-06-11,complete
2024-06-08,0.00,0.00,0,1560425.34,last_posted_transaction_or_prior_closing_balance,,trusted,cn_public_2022_2026_cycles_1_0,public_schedule_without_transaction_override,False,,,complete
2024-06-09,0.00,0.00,0,1560425.34,last_posted_transaction_or_prior_closing_balance,,trusted,cn_public_2022_2026_cycles_1_0,public_schedule_without_transaction_override,False,,,complete
2024-06-10,27470.50,61060.83,2,1526835.01,last_posted_transaction_or_prior_closing_balance,synb1_txn_78d8de11e81256f4ca8f105b,trusted,cn_public_2022_2026_cycles_1_0,public_schedule_without_transaction_override,False,,,complete
2024-06-11,31196.70,0.00,2,1558031.71,last_posted_transaction_or_prior_closing_balance,synb1_txn_2047619f54c3ec2fc53eec87,trusted,cn_public_2022_2026_cycles_1_0,public_schedule_without_transaction_override,True,110,2024-06-12,complete
2024-06-12,0.00,0.00,0,1558031.71,last_posted_transaction_or_prior_closing_balance,,trusted,cn_public_2022_2026_cycles_1_0,public_schedule_without_transaction_override,True,111,2024-06-13,complete
2024-06-13,0.00,0.00,0,1558031.71,last_posted_transaction_or_prior_closing_balance,,trusted,cn_public_2022_2026_cycles_1_0,public_schedule_without_transaction_override,True,112,2024-06-14,complete
2024-06-14,52631.63,0.00,1,1610663.34,last_posted_transaction_or_prior_closing_balance,synb1_txn_d370b99b546eeeafbe9a428a,trusted,cn_public_2022_2026_cycles_1_0,public_schedule_without_transaction_override,True,113,2024-06-17,complete
2024-06-15,0.00,39146.97,1,1571516.37,last_posted_transaction_or_prior_closing_balance,synb1_txn_91f95c47dd242d18fb582052,trusted,cn_public_2022_2026_cycles_1_0,public_schedule_without_transaction_override,False,,,complete
2024-06-16,21046.42,0.00,1,1592562.79,last_posted_transaction_or_prior_closing_balance,synb1_txn_1671d35952a164991389eaf1,trusted,cn_public_2022_2026_cycles_1_0,public_schedule_without_transaction_override,False,,,complete
2024-06-17,0.00,0.00,0,1592562.79,last_posted_transaction_or_prior_closing_balance,,trusted,cn_public_2022_2026_cycles_1_0,public_schedule_without_transaction_override,True,114,2024-06-18,complete
2024-06-18,0.00,10689.42,3,1581873.37,last_posted_transaction_or_prior_closing_balance,synb1_txn_17e3a428a5f2d6d6e035b2b4,trusted,cn_public_2022_2026_cycles_1_0,public_schedule_without_transaction_override,True,115,2024-06-19,complete
2024-06-19,0.00,0.00,0,1581873.37,last_posted_transaction_or_prior_closing_balance,,trusted,cn_public_2022_2026_cycles_1_0,public_schedule_without_transaction_override,True,116,2024-06-20,complete
2024-06-20,0.00,0.00,0,1581873.37,last_posted_transaction_or_prior_closing_balance,,trusted,cn_public_2022_2026_cycles_1_0,public_schedule_without_transaction_override,True,117,2024-06-21,complete
2024-06-21,0.00,1344.17,1,1580529.20,last_posted_transaction_or_prior_closing_balance,synb1_txn_5eb335d8a6cdf4a886d30ebc,trusted,cn_public_2022_2026_cycles_1_0,public_schedule_without_transaction_override,True,118,2024-06-24,complete
2024-06-22,0.00,0.00,0,1580529.20,last_posted_transaction_or_prior_closing_balance,,trusted,cn_public_2022_2026_cycles_1_0,public_schedule_without_transaction_override,False,,,complete
2024-06-23,0.00,0.00,0,1580529.20,last_posted_transaction_or_prior_closing_balance,,trusted,cn_public_2022_2026_cycles_1_0,public_schedule_without_transaction_override,False,,,complete
2024-06-24,0.00,0.00,0,1580529.20,last_posted_transaction_or_prior_closing_balance,,trusted,cn_public_2022_2026_cycles_1_0,public_schedule_without_transaction_override,True,119,2024-06-25,complete
2024-06-25,0.00,18257.17,1,1562272.03,last_posted_transaction_or_prior_closing_balance,synb1_txn_0501e567df13a62624ddb020,trusted,cn_public_2022_2026_cycles_1_0,public_schedule_without_transaction_override,True,120,2024-06-26,complete
2024-06-26,0.00,0.00,0,1562272.03,last_posted_transaction_or_prior_closing_balance,,trusted,cn_public_2022_2026_cycles_1_0,public_schedule_without_transaction_override,True,121,2024-06-27,complete
2024-06-27,29362.14,0.00,1,1591634.17,last_posted_transaction_or_prior_closing_balance,synb1_txn_2b55e386f5c13c7932111db8,trusted,cn_public_2022_2026_cycles_1_0,public_schedule_without_transaction_override,True,122,2024-06-28,complete
2024-06-28,33788.39,2199.20,3,1623223.36,last_posted_transaction_or_prior_closing_balance,synb1_txn_833f90378227998014879e43,trusted,cn_public_2022_2026_cycles_1_0,public_schedule_without_transaction_override,True,123,2024-07-01,complete
2024-06-29,0.00,0.00,0,1623223.36,last_posted_transaction_or_prior_closing_balance,,trusted,cn_public_2022_2026_cycles_1_0,public_schedule_without_transaction_override,False,,,complete
2024-06-30,0.00,0.00,0,1623223.36,last_posted_transaction_or_prior_closing_balance,,trusted,cn_public_2022_2026_cycles_1_0,public_schedule_without_transaction_override,False,,,complete
2024-07-01,0.00,0.00,0,1623223.36,last_posted_transaction_or_prior_closing_balance,,trusted,cn_public_2022_2026_cycles_1_0,public_schedule_without_transaction_override,True,124,2024-07-02,complete
2024-07-02,0.00,110401.03,2,1512822.33,last_posted_transaction_or_prior_closing_balance,synb1_txn_3ecc9882c3f8a76a988a3cf8,trusted,cn_public_2022_2026_cycles_1_0,public_schedule_without_transaction_override,True,125,2024-07-03,complete
2024-07-03,0.00,0.00,0,1512822.33,last_posted_transaction_or_prior_closing_balance,,trusted,cn_public_2022_2026_cycles_1_0,public_schedule_without_transaction_override,True,126,2024-07-04,complete
2024-07-04,0.00,5533.29,1,1507289.04,last_posted_transaction_or_prior_closing_balance,synb1_txn_b0f42766cd8d19f53d5e57b1,trusted,cn_public_2022_2026_cycles_1_0,public_schedule_without_transaction_override,True,127,2024-07-05,complete
2024-07-05,12935.70,5500.00,2,1514724.74,last_posted_transaction_or_prior_closing_balance,synb1_txn_16dd4493c43168370d30d3fb,trusted,cn_public_2022_2026_cycles_1_0,public_schedule_without_transaction_override,True,128,2024-07-08,complete
2024-07-06,0.00,8614.61,1,1506110.13,last_posted_transaction_or_prior_closing_balance,synb1_txn_f6fad260bcf330ff9856664a,trusted,cn_public_2022_2026_cycles_1_0,public_schedule_without_transaction_override,False,,,complete
2024-07-07,0.00,30000.00,1,1476110.13,last_posted_transaction_or_prior_closing_balance,synb1_txn_f61eaaee241f98955434b880,trusted,cn_public_2022_2026_cycles_1_0,public_schedule_without_transaction_override,False,,,complete
2024-07-08,0.00,9067.30,1,1467042.83,last_posted_transaction_or_prior_closing_balance,synb1_txn_8c120be4ae5caedc757c3d15,trusted,cn_public_2022_2026_cycles_1_0,public_schedule_without_transaction_override,True,129,2024-07-09,complete
2024-07-09,0.00,4209.84,1,1462832.99,last_posted_transaction_or_prior_closing_balance,synb1_txn_cfecb3cf6485c3fcf25a10ff,trusted,cn_public_2022_2026_cycles_1_0,public_schedule_without_transaction_override,True,130,2024-07-10,complete
2024-07-10,0.00,0.00,0,1462832.99,last_posted_transaction_or_prior_closing_balance,,trusted,cn_public_2022_2026_cycles_1_0,public_schedule_without_transaction_override,True,131,2024-07-11,complete
2024-07-11,0.00,0.00,0,1462832.99,last_posted_transaction_or_prior_closing_balance,,trusted,cn_public_2022_2026_cycles_1_0,public_schedule_without_transaction_override,True,132,2024-07-12,complete
2024-07-12,0.00,4790.16,1,1458042.83,last_posted_transaction_or_prior_closing_balance,synb1_txn_e878f122035a17f4cd936282,trusted,cn_public_2022_2026_cycles_1_0,public_schedule_without_transaction_override,True,133,2024-07-15,complete
2024-07-13,0.00,59337.25,1,1398705.58,last_posted_transaction_or_prior_closing_balance,synb1_txn_767e7d296c74f99e037a7703,trusted,cn_public_2022_2026_cycles_1_0,public_schedule_without_transaction_override,False,,,complete
2024-07-14,0.00,0.00,0,1398705.58,last_posted_transaction_or_prior_closing_balance,,trusted,cn_public_2022_2026_cycles_1_0,public_schedule_without_transaction_override,False,,,complete
2024-07-15,0.00,2204.63,1,1396500.95,last_posted_transaction_or_prior_closing_balance,synb1_txn_bf306d4a03bcd7bd1ee14bbc,trusted,cn_public_2022_2026_cycles_1_0,public_schedule_without_transaction_override,True,134,2024-07-16,complete
2024-07-16,0.00,0.00,0,1396500.95,last_posted_transaction_or_prior_closing_balance,,trusted,cn_public_2022_2026_cycles_1_0,public_schedule_without_transaction_override,True,135,2024-07-17,complete
2024-07-17,25681.93,11304.81,2,1410878.07,last_posted_transaction_or_prior_closing_balance,synb1_txn_e6f3c8c4ad42a6bd7c0effd0,trusted,cn_public_2022_2026_cycles_1_0,public_schedule_without_transaction_override,True,136,2024-07-18,complete
2024-07-18,49616.40,9604.29,4,1450890.18,last_posted_transaction_or_prior_closing_balance,synb1_txn_f557a4790582891e166bc776,trusted,cn_public_2022_2026_cycles_1_0,public_schedule_without_transaction_override,True,137,2024-07-19,complete
2024-07-19,0.00,0.00,0,1450890.18,last_posted_transaction_or_prior_closing_balance,,trusted,cn_public_2022_2026_cycles_1_0,public_schedule_without_transaction_override,True,138,2024-07-22,complete
2024-07-20,0.00,0.00,0,1450890.18,last_posted_transaction_or_prior_closing_balance,,trusted,cn_public_2022_2026_cycles_1_0,public_schedule_without_transaction_override,False,,,complete
2024-07-21,0.00,21518.18,1,1429372.00,last_posted_transaction_or_prior_closing_balance,synb1_txn_d55511c7489b6a29b30c902b,trusted,cn_public_2022_2026_cycles_1_0,public_schedule_without_transaction_override,False,,,complete
2024-07-22,32805.60,0.00,1,1462177.60,last_posted_transaction_or_prior_closing_balance,synb1_txn_39ee0cbe9fe074e4cf604b33,trusted,cn_public_2022_2026_cycles_1_0,public_schedule_without_transaction_override,True,139,2024-07-23,complete
2024-07-23,0.00,0.00,0,1462177.60,last_posted_transaction_or_prior_closing_balance,,trusted,cn_public_2022_2026_cycles_1_0,public_schedule_without_transaction_override,True,140,2024-07-24,complete
2024-07-24,0.00,77821.10,2,1384356.50,last_posted_transaction_or_prior_closing_balance,synb1_txn_c772710e3434b8504ae08352,trusted,cn_public_2022_2026_cycles_1_0,public_schedule_without_transaction_override,True,141,2024-07-25,complete
2024-07-25,0.00,0.00,0,1384356.50,last_posted_transaction_or_prior_closing_balance,,trusted,cn_public_2022_2026_cycles_1_0,public_schedule_without_transaction_override,True,142,2024-07-26,complete
2024-07-26,15632.37,0.00,2,1399988.87,last_posted_transaction_or_prior_closing_balance,synb1_txn_d9bc87670ccbf6efee385b86,trusted,cn_public_2022_2026_cycles_1_0,public_schedule_without_transaction_override,True,143,2024-07-29,complete
2024-07-27,0.00,0.00,0,1399988.87,last_posted_transaction_or_prior_closing_balance,,trusted,cn_public_2022_2026_cycles_1_0,public_schedule_without_transaction_override,False,,,complete
2024-07-28,0.00,0.00,0,1399988.87,last_posted_transaction_or_prior_closing_balance,,trusted,cn_public_2022_2026_cycles_1_0,public_schedule_without_transaction_override,False,,,complete
2024-07-29,0.00,0.00,0,1399988.87,last_posted_transaction_or_prior_closing_balance,,trusted,cn_public_2022_2026_cycles_1_0,public_schedule_without_transaction_override,True,144,2024-07-30,complete
2024-07-30,0.00,0.00,0,1399988.87,last_posted_transaction_or_prior_closing_balance,,trusted,cn_public_2022_2026_cycles_1_0,public_schedule_without_transaction_override,True,145,2024-07-31,complete
2024-07-31,0.00,0.00,0,1399988.87,last_posted_transaction_or_prior_closing_balance,,trusted,cn_public_2022_2026_cycles_1_0,public_schedule_without_transaction_override,True,146,2024-08-01,complete
2024-08-01,0.00,0.00,0,1399988.87,last_posted_transaction_or_prior_closing_balance,,trusted,cn_public_2022_2026_cycles_1_0,public_schedule_without_transaction_override,True,147,2024-08-02,complete
2024-08-02,0.00,17590.51,1,1382398.36,last_posted_transaction_or_prior_closing_balance,synb1_txn_b45d6e9e07b3c1d23691c654,trusted,cn_public_2022_2026_cycles_1_0,public_schedule_without_transaction_override,True,148,2024-08-05,complete
2024-08-03,0.00,0.00,0,1382398.36,last_posted_transaction_or_prior_closing_balance,,trusted,cn_public_2022_2026_cycles_1_0,public_schedule_without_transaction_override,False,,,complete
2024-08-04,0.00,0.00,0,1382398.36,last_posted_transaction_or_prior_closing_balance,,trusted,cn_public_2022_2026_cycles_1_0,public_schedule_without_transaction_override,False,,,complete
2024-08-05,0.00,8697.15,2,1373701.21,last_posted_transaction_or_prior_closing_balance,synb1_txn_0e55340377c4d441a8e36df8,trusted,cn_public_2022_2026_cycles_1_0,public_schedule_without_transaction_override,True,149,2024-08-06,complete
2024-08-06,0.00,0.00,0,1373701.21,last_posted_transaction_or_prior_closing_balance,,trusted,cn_public_2022_2026_cycles_1_0,public_schedule_without_transaction_override,True,150,2024-08-07,complete
2024-08-07,24008.99,30405.40,3,1367304.80,last_posted_transaction_or_prior_closing_balance,synb1_txn_587cdecf1cc5a88dede079dc,trusted,cn_public_2022_2026_cycles_1_0,public_schedule_without_transaction_override,True,151,2024-08-08,complete
2024-08-08,0.00,0.00,0,1367304.80,last_posted_transaction_or_prior_closing_balance,,trusted,cn_public_2022_2026_cycles_1_0,public_schedule_without_transaction_override,True,152,2024-08-09,complete
2024-08-09,0.00,0.00,0,1367304.80,last_posted_transaction_or_prior_closing_balance,,trusted,cn_public_2022_2026_cycles_1_0,public_schedule_without_transaction_override,True,153,2024-08-12,complete
2024-08-10,0.00,933.20,1,1366371.60,last_posted_transaction_or_prior_closing_balance,synb1_txn_8ace2b6064c9c1b68e54fd98,trusted,cn_public_2022_2026_cycles_1_0,public_schedule_without_transaction_override,False,,,complete
2024-08-11,0.00,0.00,0,1366371.60,last_posted_transaction_or_prior_closing_balance,,trusted,cn_public_2022_2026_cycles_1_0,public_schedule_without_transaction_override,False,,,complete
2024-08-12,0.00,0.00,0,1366371.60,last_posted_transaction_or_prior_closing_balance,,trusted,cn_public_2022_2026_cycles_1_0,public_schedule_without_transaction_override,True,154,2024-08-13,complete
2024-08-13,0.00,5397.45,2,1360974.15,last_posted_transaction_or_prior_closing_balance,synb1_txn_cd7ae423251775c723da24df,trusted,cn_public_2022_2026_cycles_1_0,public_schedule_without_transaction_override,True,155,2024-08-14,complete
2024-08-14,0.00,0.00,0,1360974.15,last_posted_transaction_or_prior_closing_balance,,trusted,cn_public_2022_2026_cycles_1_0,public_schedule_without_transaction_override,True,156,2024-08-15,complete
2024-08-15,0.00,0.00,0,1360974.15,last_posted_transaction_or_prior_closing_balance,,trusted,cn_public_2022_2026_cycles_1_0,public_schedule_without_transaction_override,True,157,2024-08-16,complete
2024-08-16,0.00,6567.61,1,1354406.54,last_posted_transaction_or_prior_closing_balance,synb1_txn_3af40ae99ab93c6c5d39ed89,trusted,cn_public_2022_2026_cycles_1_0,public_schedule_without_transaction_override,True,158,2024-08-19,complete
2024-08-17,0.00,0.00,0,1354406.54,last_posted_transaction_or_prior_closing_balance,,trusted,cn_public_2022_2026_cycles_1_0,public_schedule_without_transaction_override,False,,,complete
2024-08-18,0.00,0.00,0,1354406.54,last_posted_transaction_or_prior_closing_balance,,trusted,cn_public_2022_2026_cycles_1_0,public_schedule_without_transaction_override,False,,,complete
2024-08-19,361.01,2430.40,3,1352337.15,last_posted_transaction_or_prior_closing_balance,synb1_txn_78307a2c2459648f10b58c45,trusted,cn_public_2022_2026_cycles_1_0,public_schedule_without_transaction_override,True,159,2024-08-20,complete
2024-08-20,13633.94,320850.21,2,1045120.88,last_posted_transaction_or_prior_closing_balance,synb1_txn_1c79a5046e75c498b65a0e05,trusted,cn_public_2022_2026_cycles_1_0,public_schedule_without_transaction_override,True,160,2024-08-21,complete
2024-08-21,0.00,0.00,0,1045120.88,last_posted_transaction_or_prior_closing_balance,,trusted,cn_public_2022_2026_cycles_1_0,public_schedule_without_transaction_override,True,161,2024-08-22,complete
2024-08-22,0.00,12680.74,2,1032440.14,last_posted_transaction_or_prior_closing_balance,synb1_txn_d5f2e079d14a81f100e74533,trusted,cn_public_2022_2026_cycles_1_0,public_schedule_without_transaction_override,True,162,2024-08-23,complete
2024-08-23,0.00,0.00,0,1032440.14,last_posted_transaction_or_prior_closing_balance,,trusted,cn_public_2022_2026_cycles_1_0,public_schedule_without_transaction_override,True,163,2024-08-26,complete
2024-08-24,0.00,15326.18,1,1017113.96,last_posted_transaction_or_prior_closing_balance,synb1_txn_219a0336bf838a546fe04dd2,trusted,cn_public_2022_2026_cycles_1_0,public_schedule_without_transaction_override,False,,,complete
2024-08-25,54896.06,0.00,1,1072010.02,last_posted_transaction_or_prior_closing_balance,synb1_txn_7d9ef8ee737cab2f6f781ee0,trusted,cn_public_2022_2026_cycles_1_0,public_schedule_without_transaction_override,False,,,complete
2024-08-26,0.00,0.00,0,1072010.02,last_posted_transaction_or_prior_closing_balance,,trusted,cn_public_2022_2026_cycles_1_0,public_schedule_without_transaction_override,True,164,2024-08-27,complete
2024-08-27,0.00,21604.35,2,1050405.67,last_posted_transaction_or_prior_closing_balance,synb1_txn_5138dfb3aa3f3743d4553bb6,trusted,cn_public_2022_2026_cycles_1_0,public_schedule_without_transaction_override,True,165,2024-08-28,complete
2024-08-28,0.00,0.00,0,1050405.67,last_posted_transaction_or_prior_closing_balance,,trusted,cn_public_2022_2026_cycles_1_0,public_schedule_without_transaction_override,True,166,2024-08-29,complete
2024-08-29,0.00,0.00,0,1050405.67,last_posted_transaction_or_prior_closing_balance,,trusted,cn_public_2022_2026_cycles_1_0,public_schedule_without_transaction_override,True,167,2024-08-30,complete
2024-08-30,0.00,0.00,0,1050405.67,last_posted_transaction_or_prior_closing_balance,,trusted,cn_public_2022_2026_cycles_1_0,public_schedule_without_transaction_override,True,168,2024-09-02,complete
2024-08-31,0.00,0.00,0,1050405.67,last_posted_transaction_or_prior_closing_balance,,trusted,cn_public_2022_2026_cycles_1_0,public_schedule_without_transaction_override,False,,,complete
2024-09-01,0.00,0.00,0,1050405.67,last_posted_transaction_or_prior_closing_balance,,trusted,cn_public_2022_2026_cycles_1_0,public_schedule_without_transaction_override,False,,,complete
2024-09-02,0.00,4718.97,1,1045686.70,last_posted_transaction_or_prior_closing_balance,synb1_txn_da0bafb0fa761be7548cd690,trusted,cn_public_2022_2026_cycles_1_0,public_schedule_without_transaction_override,True,169,2024-09-03,complete
2024-09-03,0.00,0.00,0,1045686.70,last_posted_transaction_or_prior_closing_balance,,trusted,cn_public_2022_2026_cycles_1_0,public_schedule_without_transaction_override,True,170,2024-09-04,complete
2024-09-04,0.00,0.00,0,1045686.70,last_posted_transaction_or_prior_closing_balance,,trusted,cn_public_2022_2026_cycles_1_0,public_schedule_without_transaction_override,True,171,2024-09-05,complete
2024-09-05,1485.72,5500.00,2,1041672.42,last_posted_transaction_or_prior_closing_balance,synb1_txn_ec13b1794e7da4effb68aab5,trusted,cn_public_2022_2026_cycles_1_0,public_schedule_without_transaction_override,True,172,2024-09-06,complete
2024-09-06,0.00,0.00,0,1041672.42,last_posted_transaction_or_prior_closing_balance,,trusted,cn_public_2022_2026_cycles_1_0,public_schedule_without_transaction_override,True,173,2024-09-09,complete
2024-09-07,0.00,30000.00,1,1011672.42,last_posted_transaction_or_prior_closing_balance,synb1_txn_3972c86c3d52eab135c7676f,trusted,cn_public_2022_2026_cycles_1_0,public_schedule_without_transaction_override,False,,,complete
2024-09-08,73947.13,0.00,1,1085619.55,last_posted_transaction_or_prior_closing_balance,synb1_txn_90843c71043f21fa4b7fe1a3,trusted,cn_public_2022_2026_cycles_1_0,public_schedule_without_transaction_override,False,,,complete
2024-09-09,14254.22,4807.92,2,1095065.85,last_posted_transaction_or_prior_closing_balance,synb1_txn_aa5d722dceff25da949be958,trusted,cn_public_2022_2026_cycles_1_0,public_schedule_without_transaction_override,True,174,2024-09-10,complete
2024-09-10,0.00,0.00,0,1095065.85,last_posted_transaction_or_prior_closing_balance,,trusted,cn_public_2022_2026_cycles_1_0,public_schedule_without_transaction_override,True,175,2024-09-11,complete
2024-09-11,0.00,0.00,0,1095065.85,last_posted_transaction_or_prior_closing_balance,,trusted,cn_public_2022_2026_cycles_1_0,public_schedule_without_transaction_override,True,176,2024-09-12,complete
2024-09-12,0.00,17444.07,2,1077621.78,last_posted_transaction_or_prior_closing_balance,synb1_txn_cc915a64ab4533edc5820cfb,trusted,cn_public_2022_2026_cycles_1_0,public_schedule_without_transaction_override,True,177,2024-09-13,complete
2024-09-13,0.00,0.00,0,1077621.78,last_posted_transaction_or_prior_closing_balance,,trusted,cn_public_2022_2026_cycles_1_0,public_schedule_without_transaction_override,True,178,2024-09-14,complete
2024-09-14,0.00,13129.68,1,1064492.10,last_posted_transaction_or_prior_closing_balance,synb1_txn_08b7527342ada7d6ad278cf5,trusted,cn_public_2022_2026_cycles_1_0,public_schedule_without_transaction_override,True,179,2024-09-18,complete
2024-09-15,0.00,75557.83,1,988934.27,last_posted_transaction_or_prior_closing_balance,synb1_txn_797bb57c101ce6b39c58cf2b,trusted,cn_public_2022_2026_cycles_1_0,public_schedule_without_transaction_override,False,,,complete
2024-09-16,0.00,667.35,1,988266.92,last_posted_transaction_or_prior_closing_balance,synb1_txn_21b09741c22769632c0f17e0,trusted,cn_public_2022_2026_cycles_1_0,public_schedule_without_transaction_override,False,,,complete
2024-09-17,53875.26,0.00,1,1042142.18,last_posted_transaction_or_prior_closing_balance,synb1_txn_15a195914fa77053a72ed3f3,trusted,cn_public_2022_2026_cycles_1_0,public_schedule_without_transaction_override,False,,,complete
2024-09-18,6260.46,4161.92,3,1044240.72,last_posted_transaction_or_prior_closing_balance,synb1_txn_405a567ef91e712980e74384,trusted,cn_public_2022_2026_cycles_1_0,public_schedule_without_transaction_override,True,180,2024-09-19,complete
2024-09-19,0.00,0.00,0,1044240.72,last_posted_transaction_or_prior_closing_balance,,trusted,cn_public_2022_2026_cycles_1_0,public_schedule_without_transaction_override,True,181,2024-09-20,complete
2024-09-20,3412.25,0.00,1,1047652.97,last_posted_transaction_or_prior_closing_balance,synb1_txn_aba820d748a32074e2f8a7e4,trusted,cn_public_2022_2026_cycles_1_0,public_schedule_without_transaction_override,True,182,2024-09-23,complete
2024-09-21,0.00,28191.83,2,1019461.14,last_posted_transaction_or_prior_closing_balance,synb1_txn_1207ab4e605f452ae65ec2f4,trusted,cn_public_2022_2026_cycles_1_0,public_schedule_without_transaction_override,False,,,complete
2024-09-22,0.00,2199.09,1,1017262.05,last_posted_transaction_or_prior_closing_balance,synb1_txn_854db2c107931df516cb755c,trusted,cn_public_2022_2026_cycles_1_0,public_schedule_without_transaction_override,False,,,complete
2024-09-23,0.00,0.00,0,1017262.05,last_posted_transaction_or_prior_closing_balance,,trusted,cn_public_2022_2026_cycles_1_0,public_schedule_without_transaction_override,True,183,2024-09-24,complete
2024-09-24,0.00,18576.14,1,998685.91,last_posted_transaction_or_prior_closing_balance,synb1_txn_52dd1d78b94eed4bc1cfd4dd,trusted,cn_public_2022_2026_cycles_1_0,public_schedule_without_transaction_override,True,184,2024-09-25,complete
2024-09-25,0.00,417.64,1,998268.27,last_posted_transaction_or_prior_closing_balance,synb1_txn_0e33e91ac9f0277a296c5bec,trusted,cn_public_2022_2026_cycles_1_0,public_schedule_without_transaction_override,True,185,2024-09-26,complete
2024-09-26,2412.35,0.00,1,1000680.62,last_posted_transaction_or_prior_closing_balance,synb1_txn_4e8d3cdc46cc16a6b5eaa53c,trusted,cn_public_2022_2026_cycles_1_0,public_schedule_without_transaction_override,True,186,2024-09-27,complete
2024-09-27,0.00,0.00,0,1000680.62,last_posted_transaction_or_prior_closing_balance,,trusted,cn_public_2022_2026_cycles_1_0,public_schedule_without_transaction_override,True,187,2024-09-29,complete
2024-09-28,34927.61,79.08,3,1035529.15,last_posted_transaction_or_prior_closing_balance,synb1_txn_e033121a3669fcf78f853a1d,trusted,cn_public_2022_2026_cycles_1_0,public_schedule_without_transaction_override,False,,,complete
2024-09-29,0.00,0.00,0,1035529.15,last_posted_transaction_or_prior_closing_balance,,trusted,cn_public_2022_2026_cycles_1_0,public_schedule_without_transaction_override,True,188,2024-09-30,complete
2024-09-30,0.00,0.00,0,1035529.15,last_posted_transaction_or_prior_closing_balance,,trusted,cn_public_2022_2026_cycles_1_0,public_schedule_without_transaction_override,True,189,2024-10-08,complete
2024-10-01,0.00,0.00,0,1035529.15,last_posted_transaction_or_prior_closing_balance,,trusted,cn_public_2022_2026_cycles_1_0,public_schedule_without_transaction_override,False,,,complete
2024-10-02,0.00,4366.67,1,1031162.48,last_posted_transaction_or_prior_closing_balance,synb1_txn_1c94e838c618481ea80f40d1,trusted,cn_public_2022_2026_cycles_1_0,public_schedule_without_transaction_override,False,,,complete
2024-10-03,0.00,0.00,0,1031162.48,last_posted_transaction_or_prior_closing_balance,,trusted,cn_public_2022_2026_cycles_1_0,public_schedule_without_transaction_override,False,,,complete
2024-10-04,0.00,3085.86,1,1028076.62,last_posted_transaction_or_prior_closing_balance,synb1_txn_64049147cd230938e8378b37,trusted,cn_public_2022_2026_cycles_1_0,public_schedule_without_transaction_override,False,,,complete
2024-10-05,0.00,173710.14,2,854366.48,last_posted_transaction_or_prior_closing_balance,synb1_txn_8aa6c965f9595760baf764fb,trusted,cn_public_2022_2026_cycles_1_0,public_schedule_without_transaction_override,False,,,complete
2024-10-06,3142.03,0.00,1,857508.51,last_posted_transaction_or_prior_closing_balance,synb1_txn_f9300e00b788490d0ba6f5b2,trusted,cn_public_2022_2026_cycles_1_0,public_schedule_without_transaction_override,False,,,complete
2024-10-07,0.00,117341.86,2,740166.65,last_posted_transaction_or_prior_closing_balance,synb1_txn_76b9a9fbed909d0ab2981218,trusted,cn_public_2022_2026_cycles_1_0,public_schedule_without_transaction_override,False,,,complete
2024-10-08,0.00,0.00,0,740166.65,last_posted_transaction_or_prior_closing_balance,,trusted,cn_public_2022_2026_cycles_1_0,public_schedule_without_transaction_override,True,190,2024-10-09,complete
2024-10-09,0.00,2101.58,1,738065.07,last_posted_transaction_or_prior_closing_balance,synb1_txn_62cfa318885bae96edbdedac,trusted,cn_public_2022_2026_cycles_1_0,public_schedule_without_transaction_override,True,191,2024-10-10,complete
2024-10-10,206960.89,0.00,1,945025.96,last_posted_transaction_or_prior_closing_balance,synb1_txn_dc4918e397baea94ac24f400,trusted,cn_public_2022_2026_cycles_1_0,public_schedule_without_transaction_override,True,192,2024-10-11,complete
2024-10-11,0.00,0.00,0,945025.96,last_posted_transaction_or_prior_closing_balance,,trusted,cn_public_2022_2026_cycles_1_0,public_schedule_without_transaction_override,True,193,2024-10-12,complete
2024-10-12,0.00,0.00,0,945025.96,last_posted_transaction_or_prior_closing_balance,,trusted,cn_public_2022_2026_cycles_1_0,public_schedule_without_transaction_override,True,194,2024-10-14,complete
2024-10-13,0.00,0.00,0,945025.96,last_posted_transaction_or_prior_closing_balance,,trusted,cn_public_2022_2026_cycles_1_0,public_schedule_without_transaction_override,False,,,complete
2024-10-14,13248.27,0.00,1,958274.23,last_posted_transaction_or_prior_closing_balance,synb1_txn_6e0404bd695118aaf9c6bb36,trusted,cn_public_2022_2026_cycles_1_0,public_schedule_without_transaction_override,True,195,2024-10-15,complete
2024-10-15,0.00,0.00,0,958274.23,last_posted_transaction_or_prior_closing_balance,,trusted,cn_public_2022_2026_cycles_1_0,public_schedule_without_transaction_override,True,196,2024-10-16,complete
2024-10-16,0.00,0.00,0,958274.23,last_posted_transaction_or_prior_closing_balance,,trusted,cn_public_2022_2026_cycles_1_0,public_schedule_without_transaction_override,True,197,2024-10-17,complete
2024-10-17,0.00,0.00,0,958274.23,last_posted_transaction_or_prior_closing_balance,,trusted,cn_public_2022_2026_cycles_1_0,public_schedule_without_transaction_override,True,198,2024-10-18,complete
2024-10-18,0.00,1246.56,2,957027.67,last_posted_transaction_or_prior_closing_balance,synb1_txn_14e09a731ccb3677d2ea4051,trusted,cn_public_2022_2026_cycles_1_0,public_schedule_without_transaction_override,True,199,2024-10-21,complete
2024-10-19,0.00,652.77,1,956374.90,last_posted_transaction_or_prior_closing_balance,synb1_txn_a6c47f7a264a1dcf57bdedd6,trusted,cn_public_2022_2026_cycles_1_0,public_schedule_without_transaction_override,False,,,complete
2024-10-20,30181.51,10648.37,2,975908.04,last_posted_transaction_or_prior_closing_balance,synb1_txn_a86f2a0a0ac8147876cdc177,trusted,cn_public_2022_2026_cycles_1_0,public_schedule_without_transaction_override,False,,,complete
2024-10-21,0.00,0.00,0,975908.04,last_posted_transaction_or_prior_closing_balance,,trusted,cn_public_2022_2026_cycles_1_0,public_schedule_without_transaction_override,True,200,2024-10-22,complete
2024-10-22,0.00,304.60,1,975603.44,last_posted_transaction_or_prior_closing_balance,synb1_txn_5268c04ddd2154e39db54f65,trusted,cn_public_2022_2026_cycles_1_0,public_schedule_without_transaction_override,True,201,2024-10-23,complete
2024-10-23,0.00,2531.75,1,973071.69,last_posted_transaction_or_prior_closing_balance,synb1_txn_8fdddbadd16c3a0e6ea5388b,trusted,cn_public_2022_2026_cycles_1_0,public_schedule_without_transaction_override,True,202,2024-10-24,complete
2024-10-24,0.00,0.00,0,973071.69,last_posted_transaction_or_prior_closing_balance,,trusted,cn_public_2022_2026_cycles_1_0,public_schedule_without_transaction_override,True,203,2024-10-25,complete
2024-10-25,10804.61,0.00,1,983876.30,last_posted_transaction_or_prior_closing_balance,synb1_txn_efe7ed5f0e0e6c991e151914,trusted,cn_public_2022_2026_cycles_1_0,public_schedule_without_transaction_override,True,204,2024-10-28,complete
2024-10-26,0.00,0.00,0,983876.30,last_posted_transaction_or_prior_closing_balance,,trusted,cn_public_2022_2026_cycles_1_0,public_schedule_without_transaction_override,False,,,complete
2024-10-27,38805.09,0.00,1,1022681.39,last_posted_transaction_or_prior_closing_balance,synb1_txn_ae1d06e8fc905be4e3539bc0,trusted,cn_public_2022_2026_cycles_1_0,public_schedule_without_transaction_override,False,,,complete
2024-10-28,41557.60,0.00,1,1064238.99,last_posted_transaction_or_prior_closing_balance,synb1_txn_a91ee442116a065aa047570d,trusted,cn_public_2022_2026_cycles_1_0,public_schedule_without_transaction_override,True,205,2024-10-29,complete
2024-10-29,0.00,0.00,0,1064238.99,last_posted_transaction_or_prior_closing_balance,,trusted,cn_public_2022_2026_cycles_1_0,public_schedule_without_transaction_override,True,206,2024-10-30,complete
2024-10-30,0.00,0.00,0,1064238.99,last_posted_transaction_or_prior_closing_balance,,trusted,cn_public_2022_2026_cycles_1_0,public_schedule_without_transaction_override,True,207,2024-10-31,complete
2024-10-31,0.00,0.00,0,1064238.99,last_posted_transaction_or_prior_closing_balance,,trusted,cn_public_2022_2026_cycles_1_0,public_schedule_without_transaction_override,True,208,2024-11-01,complete
2024-11-01,0.00,0.00,0,1064238.99,last_posted_transaction_or_prior_closing_balance,,trusted,cn_public_2022_2026_cycles_1_0,public_schedule_without_transaction_override,True,209,2024-11-04,complete
2024-11-02,0.00,0.00,0,1064238.99,last_posted_transaction_or_prior_closing_balance,,trusted,cn_public_2022_2026_cycles_1_0,public_schedule_without_transaction_override,False,,,complete
2024-11-03,0.00,7828.85,1,1056410.14,last_posted_transaction_or_prior_closing_balance,synb1_txn_10e3d404a916e5eda68736c5,trusted,cn_public_2022_2026_cycles_1_0,public_schedule_without_transaction_override,False,,,complete
2024-11-04,0.00,0.00,0,1056410.14,last_posted_transaction_or_prior_closing_balance,,trusted,cn_public_2022_2026_cycles_1_0,public_schedule_without_transaction_override,True,210,2024-11-05,complete
2024-11-05,0.00,5500.00,1,1050910.14,last_posted_transaction_or_prior_closing_balance,synb1_txn_529548f8db3d27f0a59e5845,trusted,cn_public_2022_2026_cycles_1_0,public_schedule_without_transaction_override,True,211,2024-11-06,complete
2024-11-06,0.00,0.00,0,1050910.14,last_posted_transaction_or_prior_closing_balance,,trusted,cn_public_2022_2026_cycles_1_0,public_schedule_without_transaction_override,True,212,2024-11-07,complete
2024-11-07,33985.97,30000.00,2,1054896.11,last_posted_transaction_or_prior_closing_balance,synb1_txn_ce232057445e0b97134117a8,trusted,cn_public_2022_2026_cycles_1_0,public_schedule_without_transaction_override,True,213,2024-11-08,complete
2024-11-08,43169.60,0.00,1,1098065.71,last_posted_transaction_or_prior_closing_balance,synb1_txn_dc0c7d2f06cd58ce20c8d74c,trusted,cn_public_2022_2026_cycles_1_0,public_schedule_without_transaction_override,True,214,2024-11-11,complete
2024-11-09,16880.60,12426.62,2,1102519.69,last_posted_transaction_or_prior_closing_balance,synb1_txn_06dd897ce1b2d4182f202804,trusted,cn_public_2022_2026_cycles_1_0,public_schedule_without_transaction_override,False,,,complete
2024-11-10,0.00,0.00,0,1102519.69,last_posted_transaction_or_prior_closing_balance,,trusted,cn_public_2022_2026_cycles_1_0,public_schedule_without_transaction_override,False,,,complete
2024-11-11,0.00,0.00,0,1102519.69,last_posted_transaction_or_prior_closing_balance,,trusted,cn_public_2022_2026_cycles_1_0,public_schedule_without_transaction_override,True,215,2024-11-12,complete
2024-11-12,0.00,0.00,0,1102519.69,last_posted_transaction_or_prior_closing_balance,,trusted,cn_public_2022_2026_cycles_1_0,public_schedule_without_transaction_override,True,216,2024-11-13,complete
2024-11-13,0.00,14987.64,1,1087532.05,last_posted_transaction_or_prior_closing_balance,synb1_txn_012c9e818313704c3946e40a,trusted,cn_public_2022_2026_cycles_1_0,public_schedule_without_transaction_override,True,217,2024-11-14,complete
2024-11-14,0.00,0.00,0,1087532.05,last_posted_transaction_or_prior_closing_balance,,trusted,cn_public_2022_2026_cycles_1_0,public_schedule_without_transaction_override,True,218,2024-11-15,complete
2024-11-15,0.00,0.00,0,1087532.05,last_posted_transaction_or_prior_closing_balance,,trusted,cn_public_2022_2026_cycles_1_0,public_schedule_without_transaction_override,True,219,2024-11-18,complete
2024-11-16,0.00,0.00,0,1087532.05,last_posted_transaction_or_prior_closing_balance,,trusted,cn_public_2022_2026_cycles_1_0,public_schedule_without_transaction_override,False,,,complete
2024-11-17,0.00,0.00,0,1087532.05,last_posted_transaction_or_prior_closing_balance,,trusted,cn_public_2022_2026_cycles_1_0,public_schedule_without_transaction_override,False,,,complete
2024-11-18,5797.99,2956.80,3,1090373.24,last_posted_transaction_or_prior_closing_balance,synb1_txn_3dbf897c2e58d8adc37d7d98,trusted,cn_public_2022_2026_cycles_1_0,public_schedule_without_transaction_override,True,220,2024-11-19,complete
2024-11-19,0.00,119266.67,1,971106.57,last_posted_transaction_or_prior_closing_balance,synb1_txn_2aba67787985dd68a78b3514,trusted,cn_public_2022_2026_cycles_1_0,public_schedule_without_transaction_override,True,221,2024-11-20,complete
2024-11-20,10575.62,12901.76,4,968780.43,last_posted_transaction_or_prior_closing_balance,synb1_txn_209c59463653cc4807d7517e,trusted,cn_public_2022_2026_cycles_1_0,public_schedule_without_transaction_override,True,222,2024-11-21,complete
2024-11-21,0.00,0.00,0,968780.43,last_posted_transaction_or_prior_closing_balance,,trusted,cn_public_2022_2026_cycles_1_0,public_schedule_without_transaction_override,True,223,2024-11-22,complete
2024-11-22,0.00,0.00,0,968780.43,last_posted_transaction_or_prior_closing_balance,,trusted,cn_public_2022_2026_cycles_1_0,public_schedule_without_transaction_override,True,224,2024-11-25,complete
2024-11-23,0.00,0.00,0,968780.43,last_posted_transaction_or_prior_closing_balance,,trusted,cn_public_2022_2026_cycles_1_0,public_schedule_without_transaction_override,False,,,complete
2024-11-24,0.00,0.00,0,968780.43,last_posted_transaction_or_prior_closing_balance,,trusted,cn_public_2022_2026_cycles_1_0,public_schedule_without_transaction_override,False,,,complete
2024-11-25,8360.50,0.00,1,977140.93,last_posted_transaction_or_prior_closing_balance,synb1_txn_8dd0ecec4348fd8efdccb207,trusted,cn_public_2022_2026_cycles_1_0,public_schedule_without_transaction_override,True,225,2024-11-26,complete
2024-11-26,521.44,1171.15,2,976491.22,last_posted_transaction_or_prior_closing_balance,synb1_txn_1d70101cc76a61a4366935fe,trusted,cn_public_2022_2026_cycles_1_0,public_schedule_without_transaction_override,True,226,2024-11-27,complete
2024-11-27,633.28,9519.62,2,967604.88,last_posted_transaction_or_prior_closing_balance,synb1_txn_c488c8da59643c122730a6ba,trusted,cn_public_2022_2026_cycles_1_0,public_schedule_without_transaction_override,True,227,2024-11-28,complete
2024-11-28,0.00,6880.09,1,960724.79,last_posted_transaction_or_prior_closing_balance,synb1_txn_0e4a5eed75a1c1774e8a936e,trusted,cn_public_2022_2026_cycles_1_0,public_schedule_without_transaction_override,True,228,2024-11-29,complete
2024-11-29,0.00,0.00,0,960724.79,last_posted_transaction_or_prior_closing_balance,,trusted,cn_public_2022_2026_cycles_1_0,public_schedule_without_transaction_override,True,229,2024-12-02,complete
2024-11-30,0.00,0.00,0,960724.79,last_posted_transaction_or_prior_closing_balance,,trusted,cn_public_2022_2026_cycles_1_0,public_schedule_without_transaction_override,False,,,complete
2024-12-01,0.00,0.00,0,960724.79,last_posted_transaction_or_prior_closing_balance,,trusted,cn_public_2022_2026_cycles_1_0,public_schedule_without_transaction_override,False,,,complete
2024-12-02,0.00,0.00,0,960724.79,last_posted_transaction_or_prior_closing_balance,,trusted,cn_public_2022_2026_cycles_1_0,public_schedule_without_transaction_override,True,230,2024-12-03,complete
2024-12-03,0.00,11374.22,1,949350.57,last_posted_transaction_or_prior_closing_balance,synb1_txn_acac39ea21dc0984ca330036,trusted,cn_public_2022_2026_cycles_1_0,public_schedule_without_transaction_override,True,231,2024-12-04,complete
2024-12-04,143191.33,0.00,2,1092541.90,last_posted_transaction_or_prior_closing_balance,synb1_txn_38beaa37d6521c482f9f7cca,trusted,cn_public_2022_2026_cycles_1_0,public_schedule_without_transaction_override,True,232,2024-12-05,complete
2024-12-05,16110.93,5500.00,2,1103152.83,last_posted_transaction_or_prior_closing_balance,synb1_txn_a221a139a55fc614bd4ae2a6,trusted,cn_public_2022_2026_cycles_1_0,public_schedule_without_transaction_override,True,233,2024-12-06,complete
2024-12-06,7138.22,2100.10,3,1108190.95,last_posted_transaction_or_prior_closing_balance,synb1_txn_e388b12e97cfb98bfb0007a0,trusted,cn_public_2022_2026_cycles_1_0,public_schedule_without_transaction_override,True,234,2024-12-09,complete
2024-12-07,0.00,30000.00,1,1078190.95,last_posted_transaction_or_prior_closing_balance,synb1_txn_1f0651a154dc3908c5ac3b47,trusted,cn_public_2022_2026_cycles_1_0,public_schedule_without_transaction_override,False,,,complete
2024-12-08,0.00,0.00,0,1078190.95,last_posted_transaction_or_prior_closing_balance,,trusted,cn_public_2022_2026_cycles_1_0,public_schedule_without_transaction_override,False,,,complete
2024-12-09,0.00,0.00,0,1078190.95,last_posted_transaction_or_prior_closing_balance,,trusted,cn_public_2022_2026_cycles_1_0,public_schedule_without_transaction_override,True,235,2024-12-10,complete
2024-12-10,0.00,96138.25,1,982052.70,last_posted_transaction_or_prior_closing_balance,synb1_txn_87ef78b09250a7339854000c,trusted,cn_public_2022_2026_cycles_1_0,public_schedule_without_transaction_override,True,236,2024-12-11,complete
2024-12-11,0.00,22306.31,1,959746.39,last_posted_transaction_or_prior_closing_balance,synb1_txn_1528e73c9ed51ba194d74c6b,trusted,cn_public_2022_2026_cycles_1_0,public_schedule_without_transaction_override,True,237,2024-12-12,complete
2024-12-12,0.00,1177.13,1,958569.26,last_posted_transaction_or_prior_closing_balance,synb1_txn_51e9384fec4719fcb776d74c,trusted,cn_public_2022_2026_cycles_1_0,public_schedule_without_transaction_override,True,238,2024-12-13,complete
2024-12-13,0.00,8960.65,2,949608.61,last_posted_transaction_or_prior_closing_balance,synb1_txn_34bfc855d9b0c6b03884f6d6,trusted,cn_public_2022_2026_cycles_1_0,public_schedule_without_transaction_override,True,239,2024-12-16,complete
2024-12-14,0.00,1546.73,1,948061.88,last_posted_transaction_or_prior_closing_balance,synb1_txn_a355cda307e221d14c690818,trusted,cn_public_2022_2026_cycles_1_0,public_schedule_without_transaction_override,False,,,complete
2024-12-15,0.00,3672.68,1,944389.20,last_posted_transaction_or_prior_closing_balance,synb1_txn_1277989f8da77de3d1ef3ea1,trusted,cn_public_2022_2026_cycles_1_0,public_schedule_without_transaction_override,False,,,complete
2024-12-16,0.00,0.00,0,944389.20,last_posted_transaction_or_prior_closing_balance,,trusted,cn_public_2022_2026_cycles_1_0,public_schedule_without_transaction_override,True,240,2024-12-17,complete
2024-12-17,16052.35,0.00,1,960441.55,last_posted_transaction_or_prior_closing_balance,synb1_txn_44e642bc7503473e296e6ee0,trusted,cn_public_2022_2026_cycles_1_0,public_schedule_without_transaction_override,True,241,2024-12-18,complete
2024-12-18,0.00,1632.96,2,958808.59,last_posted_transaction_or_prior_closing_balance,synb1_txn_9c4acc77246c3b8d33445fe9,trusted,cn_public_2022_2026_cycles_1_0,public_schedule_without_transaction_override,True,242,2024-12-19,complete
2024-12-19,48958.17,8760.51,5,999006.25,last_posted_transaction_or_prior_closing_balance,synb1_txn_cfd9b0cf32ed91338680d4c8,trusted,cn_public_2022_2026_cycles_1_0,public_schedule_without_transaction_override,True,243,2024-12-20,complete
2024-12-20,0.00,52437.51,1,946568.74,last_posted_transaction_or_prior_closing_balance,synb1_txn_0e33a1b9498bfb9129bf37b3,trusted,cn_public_2022_2026_cycles_1_0,public_schedule_without_transaction_override,True,244,2024-12-23,complete
2024-12-21,0.00,1281.65,1,945287.09,last_posted_transaction_or_prior_closing_balance,synb1_txn_63d3e360e9f1bf320df4ada1,trusted,cn_public_2022_2026_cycles_1_0,public_schedule_without_transaction_override,False,,,complete
2024-12-22,0.00,0.00,0,945287.09,last_posted_transaction_or_prior_closing_balance,,trusted,cn_public_2022_2026_cycles_1_0,public_schedule_without_transaction_override,False,,,complete
2024-12-23,14099.00,0.00,2,959386.09,last_posted_transaction_or_prior_closing_balance,synb1_txn_ed70f109f3dba01ea5d359c1,trusted,cn_public_2022_2026_cycles_1_0,public_schedule_without_transaction_override,True,245,2024-12-24,complete
2024-12-24,0.00,0.00,0,959386.09,last_posted_transaction_or_prior_closing_balance,,trusted,cn_public_2022_2026_cycles_1_0,public_schedule_without_transaction_override,True,246,2024-12-25,complete
2024-12-25,0.00,0.00,0,959386.09,last_posted_transaction_or_prior_closing_balance,,trusted,cn_public_2022_2026_cycles_1_0,public_schedule_without_transaction_override,True,247,2024-12-26,complete
2024-12-26,0.00,1427.74,1,957958.35,last_posted_transaction_or_prior_closing_balance,synb1_txn_688aa1a5e534d5935ead1457,trusted,cn_public_2022_2026_cycles_1_0,public_schedule_without_transaction_override,True,248,2024-12-27,complete
2024-12-27,0.00,0.00,0,957958.35,last_posted_transaction_or_prior_closing_balance,,trusted,cn_public_2022_2026_cycles_1_0,public_schedule_without_transaction_override,True,249,2024-12-30,complete
2024-12-28,0.00,1175.72,1,956782.63,last_posted_transaction_or_prior_closing_balance,synb1_txn_0a50c609d7b3e6ccd2b56b8e,trusted,cn_public_2022_2026_cycles_1_0,public_schedule_without_transaction_override,False,,,complete
2024-12-29,0.00,0.00,0,956782.63,last_posted_transaction_or_prior_closing_balance,,trusted,cn_public_2022_2026_cycles_1_0,public_schedule_without_transaction_override,False,,,complete
2024-12-30,0.00,0.00,0,956782.63,last_posted_transaction_or_prior_closing_balance,,trusted,cn_public_2022_2026_cycles_1_0,public_schedule_without_transaction_override,True,250,2024-12-31,complete
2024-12-31,0.00,0.00,0,956782.63,last_posted_transaction_or_prior_closing_balance,,trusted,cn_public_2022_2026_cycles_1_0,public_schedule_without_transaction_override,True,251,2025-01-02,complete
2025-01-01,0.00,0.00,0,956782.63,last_posted_transaction_or_prior_closing_balance,,trusted,cn_public_2022_2026_cycles_1_0,public_schedule_without_transaction_override,False,,,complete
2025-01-02,0.00,0.00,0,956782.63,last_posted_transaction_or_prior_closing_balance,,trusted,cn_public_2022_2026_cycles_1_0,public_schedule_without_transaction_override,True,252,2025-01-03,complete
2025-01-03,0.00,4324.77,1,952457.86,last_posted_transaction_or_prior_closing_balance,synb1_txn_753c5f3591ec257fd3217c27,trusted,cn_public_2022_2026_cycles_1_0,public_schedule_without_transaction_override,True,253,2025-01-06,complete
2025-01-04,0.00,0.00,0,952457.86,last_posted_transaction_or_prior_closing_balance,,trusted,cn_public_2022_2026_cycles_1_0,public_schedule_without_transaction_override,False,,,complete
2025-01-05,44279.48,5500.00,2,991237.34,last_posted_transaction_or_prior_closing_balance,synb1_txn_ed8739fbeb51515d13d512fe,trusted,cn_public_2022_2026_cycles_1_0,public_schedule_without_transaction_override,False,,,complete
2025-01-06,0.00,12360.01,1,978877.33,last_posted_transaction_or_prior_closing_balance,synb1_txn_9ce79d24938d1a862c705530,trusted,cn_public_2022_2026_cycles_1_0,public_schedule_without_transaction_override,True,254,2025-01-07,complete
2025-01-07,11071.34,30000.00,2,959948.67,last_posted_transaction_or_prior_closing_balance,synb1_txn_cb6ec43b67e67d0ed81a2faa,trusted,cn_public_2022_2026_cycles_1_0,public_schedule_without_transaction_override,True,255,2025-01-08,complete
2025-01-08,41677.08,0.00,2,1001625.75,last_posted_transaction_or_prior_closing_balance,synb1_txn_be55faf276d4d56a3904616f,trusted,cn_public_2022_2026_cycles_1_0,public_schedule_without_transaction_override,True,256,2025-01-09,complete
2025-01-09,0.00,12746.39,1,988879.36,last_posted_transaction_or_prior_closing_balance,synb1_txn_b0e9911d71ef69844e5287e6,trusted,cn_public_2022_2026_cycles_1_0,public_schedule_without_transaction_override,True,257,2025-01-10,complete
2025-01-10,0.00,5451.20,2,983428.16,last_posted_transaction_or_prior_closing_balance,synb1_txn_3a7cd80412434955355244ee,trusted,cn_public_2022_2026_cycles_1_0,public_schedule_without_transaction_override,True,258,2025-01-13,complete
2025-01-11,0.00,0.00,0,983428.16,last_posted_transaction_or_prior_closing_balance,,trusted,cn_public_2022_2026_cycles_1_0,public_schedule_without_transaction_override,False,,,complete
2025-01-12,0.00,0.00,0,983428.16,last_posted_transaction_or_prior_closing_balance,,trusted,cn_public_2022_2026_cycles_1_0,public_schedule_without_transaction_override,False,,,complete
2025-01-13,577.15,0.00,1,984005.31,last_posted_transaction_or_prior_closing_balance,synb1_txn_7652fbcb52b52271bb67edff,trusted,cn_public_2022_2026_cycles_1_0,public_schedule_without_transaction_override,True,259,2025-01-14,complete
2025-01-14,0.00,0.00,0,984005.31,last_posted_transaction_or_prior_closing_balance,,trusted,cn_public_2022_2026_cycles_1_0,public_schedule_without_transaction_override,True,260,2025-01-15,complete
2025-01-15,0.00,0.00,0,984005.31,last_posted_transaction_or_prior_closing_balance,,trusted,cn_public_2022_2026_cycles_1_0,public_schedule_without_transaction_override,True,261,2025-01-16,complete
2025-01-16,0.00,0.00,0,984005.31,last_posted_transaction_or_prior_closing_balance,,trusted,cn_public_2022_2026_cycles_1_0,public_schedule_without_transaction_override,True,262,2025-01-17,complete
2025-01-17,0.00,1874.19,1,982131.12,last_posted_transaction_or_prior_closing_balance,synb1_txn_ccfc1d88305570971d8bd947,trusted,cn_public_2022_2026_cycles_1_0,public_schedule_without_transaction_override,True,263,2025-01-20,complete
2025-01-18,0.00,0.00,0,982131.12,last_posted_transaction_or_prior_closing_balance,,trusted,cn_public_2022_2026_cycles_1_0,public_schedule_without_transaction_override,False,,,complete
2025-01-19,17220.53,0.00,2,999351.65,last_posted_transaction_or_prior_closing_balance,synb1_txn_bbed76c390057e23175b6a14,trusted,cn_public_2022_2026_cycles_1_0,public_schedule_without_transaction_override,False,,,complete
2025-01-20,0.00,3552.88,3,995798.77,last_posted_transaction_or_prior_closing_balance,synb1_txn_daabf22eab2acbd056fef700,trusted,cn_public_2022_2026_cycles_1_0,public_schedule_without_transaction_override,True,264,2025-01-21,complete
2025-01-21,0.00,28376.74,1,967422.03,last_posted_transaction_or_prior_closing_balance,synb1_txn_85647928db3dde4dde63cbd8,trusted,cn_public_2022_2026_cycles_1_0,public_schedule_without_transaction_override,True,265,2025-01-22,complete
2025-01-22,4207.26,10808.46,3,960820.83,last_posted_transaction_or_prior_closing_balance,synb1_txn_e8a04abc1e8976852c18a141,trusted,cn_public_2022_2026_cycles_1_0,public_schedule_without_transaction_override,True,266,2025-01-23,complete
2025-01-23,0.00,0.00,0,960820.83,last_posted_transaction_or_prior_closing_balance,,trusted,cn_public_2022_2026_cycles_1_0,public_schedule_without_transaction_override,True,267,2025-01-24,complete
2025-01-24,0.00,0.00,0,960820.83,last_posted_transaction_or_prior_closing_balance,,trusted,cn_public_2022_2026_cycles_1_0,public_schedule_without_transaction_override,True,268,2025-01-26,complete
2025-01-25,0.00,0.00,0,960820.83,last_posted_transaction_or_prior_closing_balance,,trusted,cn_public_2022_2026_cycles_1_0,public_schedule_without_transaction_override,False,,,complete
2025-01-26,0.00,47844.66,1,912976.17,last_posted_transaction_or_prior_closing_balance,synb1_txn_8b5b5f7726a7c13885fc311a,trusted,cn_public_2022_2026_cycles_1_0,public_schedule_without_transaction_override,True,269,2025-01-27,complete
2025-01-27,14417.16,2212.54,2,925180.79,last_posted_transaction_or_prior_closing_balance,synb1_txn_60751c3a355f9816f312e8b7,trusted,cn_public_2022_2026_cycles_1_0,public_schedule_without_transaction_override,True,270,2025-02-05,complete
2025-01-28,0.00,0.00,0,925180.79,last_posted_transaction_or_prior_closing_balance,,trusted,cn_public_2022_2026_cycles_1_0,public_schedule_without_transaction_override,False,,,complete
2025-01-29,0.00,0.00,0,925180.79,last_posted_transaction_or_prior_closing_balance,,trusted,cn_public_2022_2026_cycles_1_0,public_schedule_without_transaction_override,False,,,complete
2025-01-30,0.00,0.00,0,925180.79,last_posted_transaction_or_prior_closing_balance,,trusted,cn_public_2022_2026_cycles_1_0,public_schedule_without_transaction_override,False,,,complete
2025-01-31,0.00,0.00,0,925180.79,last_posted_transaction_or_prior_closing_balance,,trusted,cn_public_2022_2026_cycles_1_0,public_schedule_without_transaction_override,False,,,complete
2025-02-01,0.00,0.00,0,925180.79,last_posted_transaction_or_prior_closing_balance,,trusted,cn_public_2022_2026_cycles_1_0,public_schedule_without_transaction_override,False,,,complete
2025-02-02,15564.42,40.79,2,940704.42,last_posted_transaction_or_prior_closing_balance,synb1_txn_0f9ea9e5f33c3567b5ef1841,trusted,cn_public_2022_2026_cycles_1_0,public_schedule_without_transaction_override,False,,,complete
2025-02-03,0.00,0.00,0,940704.42,last_posted_transaction_or_prior_closing_balance,,trusted,cn_public_2022_2026_cycles_1_0,public_schedule_without_transaction_override,False,,,complete
2025-02-04,0.00,0.00,0,940704.42,last_posted_transaction_or_prior_closing_balance,,trusted,cn_public_2022_2026_cycles_1_0,public_schedule_without_transaction_override,False,,,complete
2025-02-05,0.00,5500.00,1,935204.42,last_posted_transaction_or_prior_closing_balance,synb1_txn_2257553c5328befa3be407e4,trusted,cn_public_2022_2026_cycles_1_0,public_schedule_without_transaction_override,True,271,2025-02-06,complete
2025-02-06,0.00,0.00,0,935204.42,last_posted_transaction_or_prior_closing_balance,,trusted,cn_public_2022_2026_cycles_1_0,public_schedule_without_transaction_override,True,272,2025-02-07,complete
2025-02-07,32547.12,26294.32,4,941457.22,last_posted_transaction_or_prior_closing_balance,synb1_txn_4543587480216afc97a5831e,trusted,cn_public_2022_2026_cycles_1_0,public_schedule_without_transaction_override,True,273,2025-02-08,complete
2025-02-08,0.00,0.00,0,941457.22,last_posted_transaction_or_prior_closing_balance,,trusted,cn_public_2022_2026_cycles_1_0,public_schedule_without_transaction_override,True,274,2025-02-10,complete
2025-02-09,10539.62,3039.21,2,948957.63,last_posted_transaction_or_prior_closing_balance,synb1_txn_9c2c3a11842abb3aca256789,trusted,cn_public_2022_2026_cycles_1_0,public_schedule_without_transaction_override,False,,,complete
2025-02-10,0.00,0.00,0,948957.63,last_posted_transaction_or_prior_closing_balance,,trusted,cn_public_2022_2026_cycles_1_0,public_schedule_without_transaction_override,True,275,2025-02-11,complete
2025-02-11,47419.28,0.00,1,996376.91,last_posted_transaction_or_prior_closing_balance,synb1_txn_8a395416e3026be6b6f5aca8,trusted,cn_public_2022_2026_cycles_1_0,public_schedule_without_transaction_override,True,276,2025-02-12,complete
2025-02-12,0.00,0.00,0,996376.91,last_posted_transaction_or_prior_closing_balance,,trusted,cn_public_2022_2026_cycles_1_0,public_schedule_without_transaction_override,True,277,2025-02-13,complete
2025-02-13,0.00,0.00,0,996376.91,last_posted_transaction_or_prior_closing_balance,,trusted,cn_public_2022_2026_cycles_1_0,public_schedule_without_transaction_override,True,278,2025-02-14,complete
2025-02-14,0.00,0.00,0,996376.91,last_posted_transaction_or_prior_closing_balance,,trusted,cn_public_2022_2026_cycles_1_0,public_schedule_without_transaction_override,True,279,2025-02-17,complete
2025-02-15,0.00,4400.39,1,991976.52,last_posted_transaction_or_prior_closing_balance,synb1_txn_a71518d0e652d239c97806e4,trusted,cn_public_2022_2026_cycles_1_0,public_schedule_without_transaction_override,False,,,complete
2025-02-16,0.00,0.00,0,991976.52,last_posted_transaction_or_prior_closing_balance,,trusted,cn_public_2022_2026_cycles_1_0,public_schedule_without_transaction_override,False,,,complete
2025-02-17,0.00,0.00,0,991976.52,last_posted_transaction_or_prior_closing_balance,,trusted,cn_public_2022_2026_cycles_1_0,public_schedule_without_transaction_override,True,280,2025-02-18,complete
2025-02-18,0.00,1079.68,2,990896.84,last_posted_transaction_or_prior_closing_balance,synb1_txn_dfdabfa49328441c98fc5cdb,trusted,cn_public_2022_2026_cycles_1_0,public_schedule_without_transaction_override,True,281,2025-02-19,complete
2025-02-19,0.00,0.00,0,990896.84,last_posted_transaction_or_prior_closing_balance,,trusted,cn_public_2022_2026_cycles_1_0,public_schedule_without_transaction_override,True,282,2025-02-20,complete
2025-02-20,10919.31,0.00,2,1001816.15,last_posted_transaction_or_prior_closing_balance,synb1_txn_c757ecf509c64576e0a4d665,trusted,cn_public_2022_2026_cycles_1_0,public_schedule_without_transaction_override,True,283,2025-02-21,complete
2025-02-21,0.00,0.00,0,1001816.15,last_posted_transaction_or_prior_closing_balance,,trusted,cn_public_2022_2026_cycles_1_0,public_schedule_without_transaction_override,True,284,2025-02-24,complete
2025-02-22,0.00,0.00,0,1001816.15,last_posted_transaction_or_prior_closing_balance,,trusted,cn_public_2022_2026_cycles_1_0,public_schedule_without_transaction_override,False,,,complete
2025-02-23,2999.49,5.67,2,1004809.97,last_posted_transaction_or_prior_closing_balance,synb1_txn_37cd849a350dfeaebab5d5fe,trusted,cn_public_2022_2026_cycles_1_0,public_schedule_without_transaction_override,False,,,complete
2025-02-24,0.00,120.01,1,1004689.96,last_posted_transaction_or_prior_closing_balance,synb1_txn_2554532e9d2343420afb656f,trusted,cn_public_2022_2026_cycles_1_0,public_schedule_without_transaction_override,True,285,2025-02-25,complete
2025-02-25,58692.68,0.00,1,1063382.64,last_posted_transaction_or_prior_closing_balance,synb1_txn_4c42d0eb7c8eb3f1479acbf6,trusted,cn_public_2022_2026_cycles_1_0,public_schedule_without_transaction_override,True,286,2025-02-26,complete
2025-02-26,5748.78,0.00,1,1069131.42,last_posted_transaction_or_prior_closing_balance,synb1_txn_183c7508ccf5c5420f10b78e,trusted,cn_public_2022_2026_cycles_1_0,public_schedule_without_transaction_override,True,287,2025-02-27,complete
2025-02-27,2705.30,8324.41,2,1063512.31,last_posted_transaction_or_prior_closing_balance,synb1_txn_057ffb83c7ddf4bb4d21d3af,trusted,cn_public_2022_2026_cycles_1_0,public_schedule_without_transaction_override,True,288,2025-02-28,complete
2025-02-28,0.00,0.00,0,1063512.31,last_posted_transaction_or_prior_closing_balance,,trusted,cn_public_2022_2026_cycles_1_0,public_schedule_without_transaction_override,True,289,2025-03-03,complete
2025-03-01,0.00,0.00,0,1063512.31,last_posted_transaction_or_prior_closing_balance,,trusted,cn_public_2022_2026_cycles_1_0,public_schedule_without_transaction_override,False,,,complete
2025-03-02,0.00,0.00,0,1063512.31,last_posted_transaction_or_prior_closing_balance,,trusted,cn_public_2022_2026_cycles_1_0,public_schedule_without_transaction_override,False,,,complete
2025-03-03,35525.84,48983.03,2,1050055.12,last_posted_transaction_or_prior_closing_balance,synb1_txn_659414462aaaf967d50ed58f,trusted,cn_public_2022_2026_cycles_1_0,public_schedule_without_transaction_override,True,290,2025-03-04,complete
2025-03-04,0.00,0.00,0,1050055.12,last_posted_transaction_or_prior_closing_balance,,trusted,cn_public_2022_2026_cycles_1_0,public_schedule_without_transaction_override,True,291,2025-03-05,complete
2025-03-05,0.00,5500.00,1,1044555.12,last_posted_transaction_or_prior_closing_balance,synb1_txn_d41f1be9973b8abfd8b9748c,trusted,cn_public_2022_2026_cycles_1_0,public_schedule_without_transaction_override,True,292,2025-03-06,complete
2025-03-06,63692.09,0.00,1,1108247.21,last_posted_transaction_or_prior_closing_balance,synb1_txn_a33fa3efe9e929155a363f5d,trusted,cn_public_2022_2026_cycles_1_0,public_schedule_without_transaction_override,True,293,2025-03-07,complete
2025-03-07,0.00,25000.00,1,1083247.21,last_posted_transaction_or_prior_closing_balance,synb1_txn_f8cbc52cdd7b50f68aec24db,trusted,cn_public_2022_2026_cycles_1_0,public_schedule_without_transaction_override,True,294,2025-03-10,complete
2025-03-08,0.00,0.00,0,1083247.21,last_posted_transaction_or_prior_closing_balance,,trusted,cn_public_2022_2026_cycles_1_0,public_schedule_without_transaction_override,False,,,complete
2025-03-09,0.00,0.00,0,1083247.21,last_posted_transaction_or_prior_closing_balance,,trusted,cn_public_2022_2026_cycles_1_0,public_schedule_without_transaction_override,False,,,complete
2025-03-10,0.00,1114.45,1,1082132.76,last_posted_transaction_or_prior_closing_balance,synb1_txn_9d71d881fb5ceb51cbb6b9d0,trusted,cn_public_2022_2026_cycles_1_0,public_schedule_without_transaction_override,True,295,2025-03-11,complete
2025-03-11,0.00,0.00,0,1082132.76,last_posted_transaction_or_prior_closing_balance,,trusted,cn_public_2022_2026_cycles_1_0,public_schedule_without_transaction_override,True,296,2025-03-12,complete
2025-03-12,8031.76,0.00,1,1090164.52,last_posted_transaction_or_prior_closing_balance,synb1_txn_30477e6fcf932b64764941a6,trusted,cn_public_2022_2026_cycles_1_0,public_schedule_without_transaction_override,True,297,2025-03-13,complete
2025-03-13,6694.78,2406.73,2,1094452.57,last_posted_transaction_or_prior_closing_balance,synb1_txn_bfe125de0cb06ba27f3243f5,trusted,cn_public_2022_2026_cycles_1_0,public_schedule_without_transaction_override,True,298,2025-03-14,complete
2025-03-14,0.00,0.00,0,1094452.57,last_posted_transaction_or_prior_closing_balance,,trusted,cn_public_2022_2026_cycles_1_0,public_schedule_without_transaction_override,True,299,2025-03-17,complete
2025-03-15,0.00,0.00,0,1094452.57,last_posted_transaction_or_prior_closing_balance,,trusted,cn_public_2022_2026_cycles_1_0,public_schedule_without_transaction_override,False,,,complete
2025-03-16,72910.27,0.00,1,1167362.84,last_posted_transaction_or_prior_closing_balance,synb1_txn_0c2743c0c9e9f77414b11672,trusted,cn_public_2022_2026_cycles_1_0,public_schedule_without_transaction_override,False,,,complete
2025-03-17,0.00,575.15,1,1166787.69,last_posted_transaction_or_prior_closing_balance,synb1_txn_92873efbec755aa4fc2211e8,trusted,cn_public_2022_2026_cycles_1_0,public_schedule_without_transaction_override,True,300,2025-03-18,complete
2025-03-18,0.00,859.04,2,1165928.65,last_posted_transaction_or_prior_closing_balance,synb1_txn_5585fb1dd2a03c3397d6866d,trusted,cn_public_2022_2026_cycles_1_0,public_schedule_without_transaction_override,True,301,2025-03-19,complete
2025-03-19,0.00,0.00,0,1165928.65,last_posted_transaction_or_prior_closing_balance,,trusted,cn_public_2022_2026_cycles_1_0,public_schedule_without_transaction_override,True,302,2025-03-20,complete
2025-03-20,0.00,0.00,0,1165928.65,last_posted_transaction_or_prior_closing_balance,,trusted,cn_public_2022_2026_cycles_1_0,public_schedule_without_transaction_override,True,303,2025-03-21,complete
2025-03-21,0.00,55168.24,2,1110760.41,last_posted_transaction_or_prior_closing_balance,synb1_txn_a1e4bbbf5e92eaf94387bf6a,trusted,cn_public_2022_2026_cycles_1_0,public_schedule_without_transaction_override,True,304,2025-03-24,complete
2025-03-22,0.00,0.00,0,1110760.41,last_posted_transaction_or_prior_closing_balance,,trusted,cn_public_2022_2026_cycles_1_0,public_schedule_without_transaction_override,False,,,complete
2025-03-23,0.00,0.00,0,1110760.41,last_posted_transaction_or_prior_closing_balance,,trusted,cn_public_2022_2026_cycles_1_0,public_schedule_without_transaction_override,False,,,complete
2025-03-24,0.00,0.00,0,1110760.41,last_posted_transaction_or_prior_closing_balance,,trusted,cn_public_2022_2026_cycles_1_0,public_schedule_without_transaction_override,True,305,2025-03-25,complete
2025-03-25,29487.89,0.00,1,1140248.30,last_posted_transaction_or_prior_closing_balance,synb1_txn_687e445e93c1e52f33658386,trusted,cn_public_2022_2026_cycles_1_0,public_schedule_without_transaction_override,True,306,2025-03-26,complete
2025-03-26,0.00,0.00,0,1140248.30,last_posted_transaction_or_prior_closing_balance,,trusted,cn_public_2022_2026_cycles_1_0,public_schedule_without_transaction_override,True,307,2025-03-27,complete
2025-03-27,0.00,0.00,0,1140248.30,last_posted_transaction_or_prior_closing_balance,,trusted,cn_public_2022_2026_cycles_1_0,public_schedule_without_transaction_override,True,308,2025-03-28,complete
2025-03-28,26095.37,0.00,2,1166343.67,last_posted_transaction_or_prior_closing_balance,synb1_txn_38cf402b0f6f5944ed9a55a1,trusted,cn_public_2022_2026_cycles_1_0,public_schedule_without_transaction_override,True,309,2025-03-31,complete
2025-03-29,0.00,0.00,0,1166343.67,last_posted_transaction_or_prior_closing_balance,,trusted,cn_public_2022_2026_cycles_1_0,public_schedule_without_transaction_override,False,,,complete
2025-03-30,0.00,0.00,0,1166343.67,last_posted_transaction_or_prior_closing_balance,,trusted,cn_public_2022_2026_cycles_1_0,public_schedule_without_transaction_override,False,,,complete
2025-03-31,0.00,0.00,0,1166343.67,last_posted_transaction_or_prior_closing_balance,,trusted,cn_public_2022_2026_cycles_1_0,public_schedule_without_transaction_override,True,310,2025-04-01,complete
2025-04-01,0.00,0.00,0,1166343.67,last_posted_transaction_or_prior_closing_balance,,trusted,cn_public_2022_2026_cycles_1_0,public_schedule_without_transaction_override,True,311,2025-04-02,complete
2025-04-02,58299.49,5129.67,2,1219513.49,last_posted_transaction_or_prior_closing_balance,synb1_txn_923dc0ab612cbc2251fe4c0f,trusted,cn_public_2022_2026_cycles_1_0,public_schedule_without_transaction_override,True,312,2025-04-03,complete
2025-04-03,0.00,0.00,0,1219513.49,last_posted_transaction_or_prior_closing_balance,,trusted,cn_public_2022_2026_cycles_1_0,public_schedule_without_transaction_override,True,313,2025-04-07,complete
2025-04-04,16514.25,0.00,1,1236027.74,last_posted_transaction_or_prior_closing_balance,synb1_txn_7d8318f190e6eef550a95290,trusted,cn_public_2022_2026_cycles_1_0,public_schedule_without_transaction_override,False,,,complete
2025-04-05,0.00,5500.00,1,1230527.74,last_posted_transaction_or_prior_closing_balance,synb1_txn_dc398ebe40bb0233d8c224a6,trusted,cn_public_2022_2026_cycles_1_0,public_schedule_without_transaction_override,False,,,complete
2025-04-06,0.00,14295.45,4,1216232.29,last_posted_transaction_or_prior_closing_balance,synb1_txn_97da30724ed91f01522892af,trusted,cn_public_2022_2026_cycles_1_0,public_schedule_without_transaction_override,False,,,complete
2025-04-07,0.00,25000.00,1,1191232.29,last_posted_transaction_or_prior_closing_balance,synb1_txn_aee10755670278e2382c6811,trusted,cn_public_2022_2026_cycles_1_0,public_schedule_without_transaction_override,True,314,2025-04-08,complete
2025-04-08,3165.74,13.26,2,1194384.77,last_posted_transaction_or_prior_closing_balance,synb1_txn_1c474e73eef7d2d20f97b29e,trusted,cn_public_2022_2026_cycles_1_0,public_schedule_without_transaction_override,True,315,2025-04-09,complete
2025-04-09,0.00,6275.17,1,1188109.60,last_posted_transaction_or_prior_closing_balance,synb1_txn_304ebb8b7ea7344f55bdafe0,trusted,cn_public_2022_2026_cycles_1_0,public_schedule_without_transaction_override,True,316,2025-04-10,complete
2025-04-10,0.00,0.00,0,1188109.60,last_posted_transaction_or_prior_closing_balance,,trusted,cn_public_2022_2026_cycles_1_0,public_schedule_without_transaction_override,True,317,2025-04-11,complete
2025-04-11,0.00,0.00,0,1188109.60,last_posted_transaction_or_prior_closing_balance,,trusted,cn_public_2022_2026_cycles_1_0,public_schedule_without_transaction_override,True,318,2025-04-14,complete
2025-04-12,0.00,7969.63,1,1180139.97,last_posted_transaction_or_prior_closing_balance,synb1_txn_bf9a15751543a5a6e8bd735b,trusted,cn_public_2022_2026_cycles_1_0,public_schedule_without_transaction_override,False,,,complete
2025-04-13,0.00,252.30,1,1179887.67,last_posted_transaction_or_prior_closing_balance,synb1_txn_97f31e637ba8cd1974d316d8,trusted,cn_public_2022_2026_cycles_1_0,public_schedule_without_transaction_override,False,,,complete
2025-04-14,0.00,36570.92,2,1143316.75,last_posted_transaction_or_prior_closing_balance,synb1_txn_dd0c15f6d3f7c3efc108d5f5,trusted,cn_public_2022_2026_cycles_1_0,public_schedule_without_transaction_override,True,319,2025-04-15,complete
2025-04-15,15319.38,0.00,1,1158636.13,last_posted_transaction_or_prior_closing_balance,synb1_txn_8c19e5f268e1d5fda61bfb61,trusted,cn_public_2022_2026_cycles_1_0,public_schedule_without_transaction_override,True,320,2025-04-16,complete
2025-04-16,0.00,0.00,0,1158636.13,last_posted_transaction_or_prior_closing_balance,,trusted,cn_public_2022_2026_cycles_1_0,public_schedule_without_transaction_override,True,321,2025-04-17,complete
2025-04-17,0.00,0.00,0,1158636.13,last_posted_transaction_or_prior_closing_balance,,trusted,cn_public_2022_2026_cycles_1_0,public_schedule_without_transaction_override,True,322,2025-04-18,complete
2025-04-18,0.00,12309.69,5,1146326.44,last_posted_transaction_or_prior_closing_balance,synb1_txn_69e67319325021ca8cc0372c,trusted,cn_public_2022_2026_cycles_1_0,public_schedule_without_transaction_override,True,323,2025-04-21,complete
2025-04-19,5629.64,0.00,1,1151956.08,last_posted_transaction_or_prior_closing_balance,synb1_txn_fe094c20eca7132aec0fd875,trusted,cn_public_2022_2026_cycles_1_0,public_schedule_without_transaction_override,False,,,complete
2025-04-20,19492.57,29078.34,2,1142370.31,last_posted_transaction_or_prior_closing_balance,synb1_txn_a96c1c1b0e61c454ee3e5808,trusted,cn_public_2022_2026_cycles_1_0,public_schedule_without_transaction_override,False,,,complete
2025-04-21,0.00,0.00,0,1142370.31,last_posted_transaction_or_prior_closing_balance,,trusted,cn_public_2022_2026_cycles_1_0,public_schedule_without_transaction_override,True,324,2025-04-22,complete
2025-04-22,0.00,2900.91,1,1139469.40,last_posted_transaction_or_prior_closing_balance,synb1_txn_959afe186d228ad373319f46,trusted,cn_public_2022_2026_cycles_1_0,public_schedule_without_transaction_override,True,325,2025-04-23,complete
2025-04-23,5998.31,0.00,1,1145467.71,last_posted_transaction_or_prior_closing_balance,synb1_txn_9a4e95c84bb3c387e3a68631,trusted,cn_public_2022_2026_cycles_1_0,public_schedule_without_transaction_override,True,326,2025-04-24,complete
2025-04-24,0.00,0.00,0,1145467.71,last_posted_transaction_or_prior_closing_balance,,trusted,cn_public_2022_2026_cycles_1_0,public_schedule_without_transaction_override,True,327,2025-04-25,complete
2025-04-25,3744.57,0.00,1,1149212.28,last_posted_transaction_or_prior_closing_balance,synb1_txn_92aa992f9984dc8e2352473a,trusted,cn_public_2022_2026_cycles_1_0,public_schedule_without_transaction_override,True,328,2025-04-27,complete
2025-04-26,0.00,0.00,0,1149212.28,last_posted_transaction_or_prior_closing_balance,,trusted,cn_public_2022_2026_cycles_1_0,public_schedule_without_transaction_override,False,,,complete
2025-04-27,48272.05,0.00,1,1197484.33,last_posted_transaction_or_prior_closing_balance,synb1_txn_8857b16eab1d51b300c1e83c,trusted,cn_public_2022_2026_cycles_1_0,public_schedule_without_transaction_override,True,329,2025-04-28,complete
2025-04-28,0.00,8721.41,1,1188762.92,last_posted_transaction_or_prior_closing_balance,synb1_txn_5cae59e90c01b2b2c8b74ffa,trusted,cn_public_2022_2026_cycles_1_0,public_schedule_without_transaction_override,True,330,2025-04-29,complete
2025-04-29,0.00,0.00,0,1188762.92,last_posted_transaction_or_prior_closing_balance,,trusted,cn_public_2022_2026_cycles_1_0,public_schedule_without_transaction_override,True,331,2025-04-30,complete
2025-04-30,0.00,0.00,0,1188762.92,last_posted_transaction_or_prior_closing_balance,,trusted,cn_public_2022_2026_cycles_1_0,public_schedule_without_transaction_override,True,332,2025-05-06,complete
2025-05-01,0.00,0.00,0,1188762.92,last_posted_transaction_or_prior_closing_balance,,trusted,cn_public_2022_2026_cycles_1_0,public_schedule_without_transaction_override,False,,,complete
2025-05-02,0.00,0.00,0,1188762.92,last_posted_transaction_or_prior_closing_balance,,trusted,cn_public_2022_2026_cycles_1_0,public_schedule_without_transaction_override,False,,,complete
2025-05-03,0.00,128036.27,1,1060726.65,last_posted_transaction_or_prior_closing_balance,synb1_txn_bd3812d848344898fe596bf2,trusted,cn_public_2022_2026_cycles_1_0,public_schedule_without_transaction_override,False,,,complete
2025-05-04,14219.69,0.00,1,1074946.34,last_posted_transaction_or_prior_closing_balance,synb1_txn_6c2b0b436f117578f9ed1a48,trusted,cn_public_2022_2026_cycles_1_0,public_schedule_without_transaction_override,False,,,complete
2025-05-05,31271.52,5500.00,2,1100717.86,last_posted_transaction_or_prior_closing_balance,synb1_txn_3ebdc2e37a267e977ebf1727,trusted,cn_public_2022_2026_cycles_1_0,public_schedule_without_transaction_override,False,,,complete
2025-05-06,0.00,19115.52,2,1081602.34,last_posted_transaction_or_prior_closing_balance,synb1_txn_09b5ebddb8e866ac8c5054d5,trusted,cn_public_2022_2026_cycles_1_0,public_schedule_without_transaction_override,True,333,2025-05-07,complete
2025-05-07,0.00,25000.00,1,1056602.34,last_posted_transaction_or_prior_closing_balance,synb1_txn_55498c69406c98b0d7bfb034,trusted,cn_public_2022_2026_cycles_1_0,public_schedule_without_transaction_override,True,334,2025-05-08,complete
2025-05-08,0.00,0.00,0,1056602.34,last_posted_transaction_or_prior_closing_balance,,trusted,cn_public_2022_2026_cycles_1_0,public_schedule_without_transaction_override,True,335,2025-05-09,complete
2025-05-09,0.00,5390.17,2,1051212.17,last_posted_transaction_or_prior_closing_balance,synb1_txn_f65bfbc77ac14509251a6e55,trusted,cn_public_2022_2026_cycles_1_0,public_schedule_without_transaction_override,True,336,2025-05-12,complete
2025-05-10,0.00,0.00,0,1051212.17,last_posted_transaction_or_prior_closing_balance,,trusted,cn_public_2022_2026_cycles_1_0,public_schedule_without_transaction_override,False,,,complete
2025-05-11,0.00,0.00,0,1051212.17,last_posted_transaction_or_prior_closing_balance,,trusted,cn_public_2022_2026_cycles_1_0,public_schedule_without_transaction_override,False,,,complete
2025-05-12,0.00,0.00,0,1051212.17,last_posted_transaction_or_prior_closing_balance,,trusted,cn_public_2022_2026_cycles_1_0,public_schedule_without_transaction_override,True,337,2025-05-13,complete
2025-05-13,0.00,0.00,0,1051212.17,last_posted_transaction_or_prior_closing_balance,,trusted,cn_public_2022_2026_cycles_1_0,public_schedule_without_transaction_override,True,338,2025-05-14,complete
2025-05-14,0.00,0.00,0,1051212.17,last_posted_transaction_or_prior_closing_balance,,trusted,cn_public_2022_2026_cycles_1_0,public_schedule_without_transaction_override,True,339,2025-05-15,complete
2025-05-15,0.00,0.00,0,1051212.17,last_posted_transaction_or_prior_closing_balance,,trusted,cn_public_2022_2026_cycles_1_0,public_schedule_without_transaction_override,True,340,2025-05-16,complete
2025-05-16,1890.32,0.00,2,1053102.49,last_posted_transaction_or_prior_closing_balance,synb1_txn_bcb277c97ea732fe52c8d68b,trusted,cn_public_2022_2026_cycles_1_0,public_schedule_without_transaction_override,True,341,2025-05-19,complete
2025-05-17,0.00,0.00,0,1053102.49,last_posted_transaction_or_prior_closing_balance,,trusted,cn_public_2022_2026_cycles_1_0,public_schedule_without_transaction_override,False,,,complete
2025-05-18,114384.79,0.00,1,1167487.28,last_posted_transaction_or_prior_closing_balance,synb1_txn_dc96a55153cb00c357ffd279,trusted,cn_public_2022_2026_cycles_1_0,public_schedule_without_transaction_override,False,,,complete
2025-05-19,0.00,2810.38,3,1164676.90,last_posted_transaction_or_prior_closing_balance,synb1_txn_a3d9c3196ef9f806db5e7cc4,trusted,cn_public_2022_2026_cycles_1_0,public_schedule_without_transaction_override,True,342,2025-05-20,complete
2025-05-20,35940.53,739.44,2,1199877.99,last_posted_transaction_or_prior_closing_balance,synb1_txn_1109fa1a05e104ac56ef1a9a,trusted,cn_public_2022_2026_cycles_1_0,public_schedule_without_transaction_override,True,343,2025-05-21,complete
2025-05-21,0.00,0.00,0,1199877.99,last_posted_transaction_or_prior_closing_balance,,trusted,cn_public_2022_2026_cycles_1_0,public_schedule_without_transaction_override,True,344,2025-05-22,complete
2025-05-22,0.00,0.00,0,1199877.99,last_posted_transaction_or_prior_closing_balance,,trusted,cn_public_2022_2026_cycles_1_0,public_schedule_without_transaction_override,True,345,2025-05-23,complete
2025-05-23,0.00,33621.49,1,1166256.50,last_posted_transaction_or_prior_closing_balance,synb1_txn_0b406f57ab5c0f048f7faf53,trusted,cn_public_2022_2026_cycles_1_0,public_schedule_without_transaction_override,True,346,2025-05-26,complete
2025-05-24,0.00,1169.92,1,1165086.58,last_posted_transaction_or_prior_closing_balance,synb1_txn_0eb7bd5ca590d693c6ca4db8,trusted,cn_public_2022_2026_cycles_1_0,public_schedule_without_transaction_override,False,,,complete
2025-05-25,66649.15,0.00,2,1231735.73,last_posted_transaction_or_prior_closing_balance,synb1_txn_e2fdaf8174f6dc0bf61bd080,trusted,cn_public_2022_2026_cycles_1_0,public_schedule_without_transaction_override,False,,,complete
2025-05-26,0.00,5963.35,1,1225772.38,last_posted_transaction_or_prior_closing_balance,synb1_txn_95746f19a613aa7d4907db06,trusted,cn_public_2022_2026_cycles_1_0,public_schedule_without_transaction_override,True,347,2025-05-27,complete
2025-05-27,0.00,0.00,0,1225772.38,last_posted_transaction_or_prior_closing_balance,,trusted,cn_public_2022_2026_cycles_1_0,public_schedule_without_transaction_override,True,348,2025-05-28,complete
2025-05-28,0.00,0.00,0,1225772.38,last_posted_transaction_or_prior_closing_balance,,trusted,cn_public_2022_2026_cycles_1_0,public_schedule_without_transaction_override,True,349,2025-05-29,complete
2025-05-29,0.00,0.00,0,1225772.38,last_posted_transaction_or_prior_closing_balance,,trusted,cn_public_2022_2026_cycles_1_0,public_schedule_without_transaction_override,True,350,2025-05-30,complete
2025-05-30,0.00,0.00,0,1225772.38,last_posted_transaction_or_prior_closing_balance,,trusted,cn_public_2022_2026_cycles_1_0,public_schedule_without_transaction_override,True,351,2025-06-03,complete
2025-05-31,0.00,0.00,0,1225772.38,last_posted_transaction_or_prior_closing_balance,,trusted,cn_public_2022_2026_cycles_1_0,public_schedule_without_transaction_override,False,,,complete
2025-06-01,0.00,0.00,0,1225772.38,last_posted_transaction_or_prior_closing_balance,,trusted,cn_public_2022_2026_cycles_1_0,public_schedule_without_transaction_override,False,,,complete
2025-06-02,54620.12,0.00,1,1280392.50,last_posted_transaction_or_prior_closing_balance,synb1_txn_6ea6593d0c25117223a6fae1,trusted,cn_public_2022_2026_cycles_1_0,public_schedule_without_transaction_override,False,,,complete
2025-06-03,0.00,12999.12,1,1267393.38,last_posted_transaction_or_prior_closing_balance,synb1_txn_81b53557de40e0123ad62585,trusted,cn_public_2022_2026_cycles_1_0,public_schedule_without_transaction_override,True,352,2025-06-04,complete
2025-06-04,0.00,0.00,0,1267393.38,last_posted_transaction_or_prior_closing_balance,,trusted,cn_public_2022_2026_cycles_1_0,public_schedule_without_transaction_override,True,353,2025-06-05,complete
2025-06-05,0.00,5500.00,1,1261893.38,last_posted_transaction_or_prior_closing_balance,synb1_txn_b156dec818bbdaab8751be43,trusted,cn_public_2022_2026_cycles_1_0,public_schedule_without_transaction_override,True,354,2025-06-06,complete
2025-06-06,0.00,0.00,0,1261893.38,last_posted_transaction_or_prior_closing_balance,,trusted,cn_public_2022_2026_cycles_1_0,public_schedule_without_transaction_override,True,355,2025-06-09,complete
2025-06-07,0.00,25000.00,1,1236893.38,last_posted_transaction_or_prior_closing_balance,synb1_txn_3d23a0b3c5402f1d8980dbe9,trusted,cn_public_2022_2026_cycles_1_0,public_schedule_without_transaction_override,False,,,complete
2025-06-08,0.00,2799.89,1,1234093.49,last_posted_transaction_or_prior_closing_balance,synb1_txn_076c26995f98d55bd7e394dc,trusted,cn_public_2022_2026_cycles_1_0,public_schedule_without_transaction_override,False,,,complete
2025-06-09,0.00,11774.24,1,1222319.25,last_posted_transaction_or_prior_closing_balance,synb1_txn_ef7b56c80310e1bd7f2065f2,trusted,cn_public_2022_2026_cycles_1_0,public_schedule_without_transaction_override,True,356,2025-06-10,complete
2025-06-10,0.00,4035.20,1,1218284.05,last_posted_transaction_or_prior_closing_balance,synb1_txn_daead7a546d6aefa515a3b45,trusted,cn_public_2022_2026_cycles_1_0,public_schedule_without_transaction_override,True,357,2025-06-11,complete
2025-06-11,0.00,0.00,0,1218284.05,last_posted_transaction_or_prior_closing_balance,,trusted,cn_public_2022_2026_cycles_1_0,public_schedule_without_transaction_override,True,358,2025-06-12,complete
2025-06-12,0.00,0.00,0,1218284.05,last_posted_transaction_or_prior_closing_balance,,trusted,cn_public_2022_2026_cycles_1_0,public_schedule_without_transaction_override,True,359,2025-06-13,complete
2025-06-13,0.00,0.00,0,1218284.05,last_posted_transaction_or_prior_closing_balance,,trusted,cn_public_2022_2026_cycles_1_0,public_schedule_without_transaction_override,True,360,2025-06-16,complete
2025-06-14,0.00,22668.79,2,1195615.26,last_posted_transaction_or_prior_closing_balance,synb1_txn_35153c165923758f0c82ed77,trusted,cn_public_2022_2026_cycles_1_0,public_schedule_without_transaction_override,False,,,complete
2025-06-15,0.00,0.00,0,1195615.26,last_posted_transaction_or_prior_closing_balance,,trusted,cn_public_2022_2026_cycles_1_0,public_schedule_without_transaction_override,False,,,complete
2025-06-16,0.00,0.00,0,1195615.26,last_posted_transaction_or_prior_closing_balance,,trusted,cn_public_2022_2026_cycles_1_0,public_schedule_without_transaction_override,True,361,2025-06-17,complete
2025-06-17,43451.83,0.00,1,1239067.09,last_posted_transaction_or_prior_closing_balance,synb1_txn_214e1b2db0c4cdb59a00f8b6,trusted,cn_public_2022_2026_cycles_1_0,public_schedule_without_transaction_override,True,362,2025-06-18,complete
2025-06-18,284333.19,20372.65,4,1503027.63,last_posted_transaction_or_prior_closing_balance,synb1_txn_321e4d7fb6a80d9a0b7bbd16,trusted,cn_public_2022_2026_cycles_1_0,public_schedule_without_transaction_override,True,363,2025-06-19,complete
2025-06-19,0.00,0.00,0,1503027.63,last_posted_transaction_or_prior_closing_balance,,trusted,cn_public_2022_2026_cycles_1_0,public_schedule_without_transaction_override,True,364,2025-06-20,complete
2025-06-20,8107.37,3840.35,2,1507294.65,last_posted_transaction_or_prior_closing_balance,synb1_txn_047b322f731a4ef301194222,trusted,cn_public_2022_2026_cycles_1_0,public_schedule_without_transaction_override,True,365,2025-06-23,complete
2025-06-21,0.00,35455.77,2,1471838.88,last_posted_transaction_or_prior_closing_balance,synb1_txn_fd5213c48a869cc0a10a2b1a,trusted,cn_public_2022_2026_cycles_1_0,public_schedule_without_transaction_override,False,,,complete
2025-06-22,18742.19,0.00,1,1490581.07,last_posted_transaction_or_prior_closing_balance,synb1_txn_fa17c726b90c03f317402321,trusted,cn_public_2022_2026_cycles_1_0,public_schedule_without_transaction_override,False,,,complete
2025-06-23,93246.81,0.00,1,1583827.88,last_posted_transaction_or_prior_closing_balance,synb1_txn_3b8351de24d9fc20f54cee13,trusted,cn_public_2022_2026_cycles_1_0,public_schedule_without_transaction_override,True,366,2025-06-24,complete
2025-06-24,26362.49,0.00,1,1610190.37,last_posted_transaction_or_prior_closing_balance,synb1_txn_171e4ce7440fc938256e15c8,trusted,cn_public_2022_2026_cycles_1_0,public_schedule_without_transaction_override,True,367,2025-06-25,complete
2025-06-25,0.00,0.00,0,1610190.37,last_posted_transaction_or_prior_closing_balance,,trusted,cn_public_2022_2026_cycles_1_0,public_schedule_without_transaction_override,True,368,2025-06-26,complete
2025-06-26,0.00,279169.68,1,1331020.69,last_posted_transaction_or_prior_closing_balance,synb1_txn_e4f6b5da8616ab052cada1ca,trusted,cn_public_2022_2026_cycles_1_0,public_schedule_without_transaction_override,True,369,2025-06-27,complete
2025-06-27,0.00,0.00,0,1331020.69,last_posted_transaction_or_prior_closing_balance,,trusted,cn_public_2022_2026_cycles_1_0,public_schedule_without_transaction_override,True,370,2025-06-30,complete
2025-06-28,0.00,0.00,0,1331020.69,last_posted_transaction_or_prior_closing_balance,,trusted,cn_public_2022_2026_cycles_1_0,public_schedule_without_transaction_override,False,,,complete
2025-06-29,0.00,0.00,0,1331020.69,last_posted_transaction_or_prior_closing_balance,,trusted,cn_public_2022_2026_cycles_1_0,public_schedule_without_transaction_override,False,,,complete
2025-06-30,0.00,0.00,0,1331020.69,last_posted_transaction_or_prior_closing_balance,,trusted,cn_public_2022_2026_cycles_1_0,public_schedule_without_transaction_override,True,371,2025-07-01,complete
2025-07-01,0.00,0.00,0,1331020.69,last_posted_transaction_or_prior_closing_balance,,trusted,cn_public_2022_2026_cycles_1_0,public_schedule_without_transaction_override,True,372,2025-07-02,complete
2025-07-02,0.00,0.00,0,1331020.69,last_posted_transaction_or_prior_closing_balance,,trusted,cn_public_2022_2026_cycles_1_0,public_schedule_without_transaction_override,True,373,2025-07-03,complete
2025-07-03,0.00,0.00,0,1331020.69,last_posted_transaction_or_prior_closing_balance,,trusted,cn_public_2022_2026_cycles_1_0,public_schedule_without_transaction_override,True,374,2025-07-04,complete
2025-07-04,6243.67,126473.41,2,1210790.95,last_posted_transaction_or_prior_closing_balance,synb1_txn_cdbea61d874c0f1ab100458f,trusted,cn_public_2022_2026_cycles_1_0,public_schedule_without_transaction_override,True,375,2025-07-07,complete
2025-07-05,0.00,18123.64,3,1192667.31,last_posted_transaction_or_prior_closing_balance,synb1_txn_4da3286251346d60159ea648,trusted,cn_public_2022_2026_cycles_1_0,public_schedule_without_transaction_override,False,,,complete
2025-07-06,0.00,0.00,0,1192667.31,last_posted_transaction_or_prior_closing_balance,,trusted,cn_public_2022_2026_cycles_1_0,public_schedule_without_transaction_override,False,,,complete
2025-07-07,0.00,106024.73,2,1086642.58,last_posted_transaction_or_prior_closing_balance,synb1_txn_3d365f17537ae4188163464b,trusted,cn_public_2022_2026_cycles_1_0,public_schedule_without_transaction_override,True,376,2025-07-08,complete
2025-07-08,0.00,25980.52,1,1060662.06,last_posted_transaction_or_prior_closing_balance,synb1_txn_6d66e1991aff3eb53164f7c6,trusted,cn_public_2022_2026_cycles_1_0,public_schedule_without_transaction_override,True,377,2025-07-09,complete
2025-07-09,80971.85,0.00,1,1141633.91,last_posted_transaction_or_prior_closing_balance,synb1_txn_261877c5462d2f0f4beb7db9,trusted,cn_public_2022_2026_cycles_1_0,public_schedule_without_transaction_override,True,378,2025-07-10,complete
2025-07-10,0.00,0.00,0,1141633.91,last_posted_transaction_or_prior_closing_balance,,trusted,cn_public_2022_2026_cycles_1_0,public_schedule_without_transaction_override,True,379,2025-07-11,complete
2025-07-11,0.00,0.00,0,1141633.91,last_posted_transaction_or_prior_closing_balance,,trusted,cn_public_2022_2026_cycles_1_0,public_schedule_without_transaction_override,True,380,2025-07-14,complete
2025-07-12,0.00,2092.77,1,1139541.14,last_posted_transaction_or_prior_closing_balance,synb1_txn_499c1f4fd59359253c410915,trusted,cn_public_2022_2026_cycles_1_0,public_schedule_without_transaction_override,False,,,complete
2025-07-13,0.00,0.00,0,1139541.14,last_posted_transaction_or_prior_closing_balance,,trusted,cn_public_2022_2026_cycles_1_0,public_schedule_without_transaction_override,False,,,complete
2025-07-14,0.00,16530.56,1,1123010.58,last_posted_transaction_or_prior_closing_balance,synb1_txn_9457f9e8ac612b40cefb232d,trusted,cn_public_2022_2026_cycles_1_0,public_schedule_without_transaction_override,True,381,2025-07-15,complete
2025-07-15,68059.37,801.38,2,1190268.57,last_posted_transaction_or_prior_closing_balance,synb1_txn_6776ef9ed1d93ec36867202b,trusted,cn_public_2022_2026_cycles_1_0,public_schedule_without_transaction_override,True,382,2025-07-16,complete
2025-07-16,24337.93,0.00,1,1214606.50,last_posted_transaction_or_prior_closing_balance,synb1_txn_387a1a67ece5388519a484d2,trusted,cn_public_2022_2026_cycles_1_0,public_schedule_without_transaction_override,True,383,2025-07-17,complete
2025-07-17,0.00,0.00,0,1214606.50,last_posted_transaction_or_prior_closing_balance,,trusted,cn_public_2022_2026_cycles_1_0,public_schedule_without_transaction_override,True,384,2025-07-18,complete
2025-07-18,226963.00,42752.62,4,1398816.88,last_posted_transaction_or_prior_closing_balance,synb1_txn_14005ccd63ff3d159530eb50,trusted,cn_public_2022_2026_cycles_1_0,public_schedule_without_transaction_override,True,385,2025-07-21,complete
2025-07-19,30356.54,0.00,1,1429173.42,last_posted_transaction_or_prior_closing_balance,synb1_txn_eec503639a19eaf2d1938e06,trusted,cn_public_2022_2026_cycles_1_0,public_schedule_without_transaction_override,False,,,complete
2025-07-20,0.00,0.00,0,1429173.42,last_posted_transaction_or_prior_closing_balance,,trusted,cn_public_2022_2026_cycles_1_0,public_schedule_without_transaction_override,False,,,complete
2025-07-21,0.00,20443.78,1,1408729.64,last_posted_transaction_or_prior_closing_balance,synb1_txn_7596ef80c363f1306f363f0f,trusted,cn_public_2022_2026_cycles_1_0,public_schedule_without_transaction_override,True,386,2025-07-22,complete
2025-07-22,0.00,0.00,0,1408729.64,last_posted_transaction_or_prior_closing_balance,,trusted,cn_public_2022_2026_cycles_1_0,public_schedule_without_transaction_override,True,387,2025-07-23,complete
2025-07-23,0.00,0.00,0,1408729.64,last_posted_transaction_or_prior_closing_balance,,trusted,cn_public_2022_2026_cycles_1_0,public_schedule_without_transaction_override,True,388,2025-07-24,complete
2025-07-24,0.00,0.00,0,1408729.64,last_posted_transaction_or_prior_closing_balance,,trusted,cn_public_2022_2026_cycles_1_0,public_schedule_without_transaction_override,True,389,2025-07-25,complete
2025-07-25,17081.94,0.00,1,1425811.58,last_posted_transaction_or_prior_closing_balance,synb1_txn_36e0601659b42249a4c5ebf5,trusted,cn_public_2022_2026_cycles_1_0,public_schedule_without_transaction_override,True,390,2025-07-28,complete
2025-07-26,0.00,9913.93,1,1415897.65,last_posted_transaction_or_prior_closing_balance,synb1_txn_ccd57d0017f2cf6b787e8b35,trusted,cn_public_2022_2026_cycles_1_0,public_schedule_without_transaction_override,False,,,complete
2025-07-27,18287.70,0.00,2,1434185.35,last_posted_transaction_or_prior_closing_balance,synb1_txn_6393fe38b29c8e07124b22be,trusted,cn_public_2022_2026_cycles_1_0,public_schedule_without_transaction_override,False,,,complete
2025-07-28,0.00,0.00,0,1434185.35,last_posted_transaction_or_prior_closing_balance,,trusted,cn_public_2022_2026_cycles_1_0,public_schedule_without_transaction_override,True,391,2025-07-29,complete
2025-07-29,0.00,0.00,0,1434185.35,last_posted_transaction_or_prior_closing_balance,,trusted,cn_public_2022_2026_cycles_1_0,public_schedule_without_transaction_override,True,392,2025-07-30,complete
2025-07-30,0.00,0.00,0,1434185.35,last_posted_transaction_or_prior_closing_balance,,trusted,cn_public_2022_2026_cycles_1_0,public_schedule_without_transaction_override,True,393,2025-07-31,complete
2025-07-31,0.00,0.00,0,1434185.35,last_posted_transaction_or_prior_closing_balance,,trusted,cn_public_2022_2026_cycles_1_0,public_schedule_without_transaction_override,True,394,2025-08-01,complete
2025-08-01,0.00,0.00,0,1434185.35,last_posted_transaction_or_prior_closing_balance,,trusted,cn_public_2022_2026_cycles_1_0,public_schedule_without_transaction_override,True,395,2025-08-04,complete
2025-08-02,0.00,0.00,0,1434185.35,last_posted_transaction_or_prior_closing_balance,,trusted,cn_public_2022_2026_cycles_1_0,public_schedule_without_transaction_override,False,,,complete
2025-08-03,31462.89,453.62,2,1465194.62,last_posted_transaction_or_prior_closing_balance,synb1_txn_22b9177d81f8b45e835e3a68,trusted,cn_public_2022_2026_cycles_1_0,public_schedule_without_transaction_override,False,,,complete
2025-08-04,0.00,28108.82,2,1437085.80,last_posted_transaction_or_prior_closing_balance,synb1_txn_c3a550cd0c052a2bd4c769b1,trusted,cn_public_2022_2026_cycles_1_0,public_schedule_without_transaction_override,True,396,2025-08-05,complete
2025-08-05,0.00,196470.76,2,1240615.04,last_posted_transaction_or_prior_closing_balance,synb1_txn_16a7378a987df4ee0075c354,trusted,cn_public_2022_2026_cycles_1_0,public_schedule_without_transaction_override,True,397,2025-08-06,complete
2025-08-06,0.00,0.00,0,1240615.04,last_posted_transaction_or_prior_closing_balance,,trusted,cn_public_2022_2026_cycles_1_0,public_schedule_without_transaction_override,True,398,2025-08-07,complete
2025-08-07,0.00,25000.00,1,1215615.04,last_posted_transaction_or_prior_closing_balance,synb1_txn_46704f65d9f3c5c9725e1764,trusted,cn_public_2022_2026_cycles_1_0,public_schedule_without_transaction_override,True,399,2025-08-08,complete
2025-08-08,0.00,12704.22,1,1202910.82,last_posted_transaction_or_prior_closing_balance,synb1_txn_340ad8d8ec958e5ba21ad852,trusted,cn_public_2022_2026_cycles_1_0,public_schedule_without_transaction_override,True,400,2025-08-11,complete
2025-08-09,268765.26,108178.02,3,1363498.06,last_posted_transaction_or_prior_closing_balance,synb1_txn_869364cc25e98baafab43268,trusted,cn_public_2022_2026_cycles_1_0,public_schedule_without_transaction_override,False,,,complete
2025-08-10,0.00,31677.53,1,1331820.53,last_posted_transaction_or_prior_closing_balance,synb1_txn_ccde874bfec4e671d92d7f77,trusted,cn_public_2022_2026_cycles_1_0,public_schedule_without_transaction_override,False,,,complete
2025-08-11,85862.58,0.00,1,1417683.11,last_posted_transaction_or_prior_closing_balance,synb1_txn_8af71956ec44f35efab94f96,trusted,cn_public_2022_2026_cycles_1_0,public_schedule_without_transaction_override,True,401,2025-08-12,complete
2025-08-12,0.00,0.00,0,1417683.11,last_posted_transaction_or_prior_closing_balance,,trusted,cn_public_2022_2026_cycles_1_0,public_schedule_without_transaction_override,True,402,2025-08-13,complete
2025-08-13,0.00,0.00,0,1417683.11,last_posted_transaction_or_prior_closing_balance,,trusted,cn_public_2022_2026_cycles_1_0,public_schedule_without_transaction_override,True,403,2025-08-14,complete
2025-08-14,0.00,0.00,0,1417683.11,last_posted_transaction_or_prior_closing_balance,,trusted,cn_public_2022_2026_cycles_1_0,public_schedule_without_transaction_override,True,404,2025-08-15,complete
2025-08-15,39461.11,0.00,1,1457144.22,last_posted_transaction_or_prior_closing_balance,synb1_txn_6686e9c87edf5f5f7e2f49b7,trusted,cn_public_2022_2026_cycles_1_0,public_schedule_without_transaction_override,True,405,2025-08-18,complete
2025-08-16,0.00,1589.07,1,1455555.15,last_posted_transaction_or_prior_closing_balance,synb1_txn_1e58a2da4f1234bdc9785d26,trusted,cn_public_2022_2026_cycles_1_0,public_schedule_without_transaction_override,False,,,complete
2025-08-17,0.00,0.00,0,1455555.15,last_posted_transaction_or_prior_closing_balance,,trusted,cn_public_2022_2026_cycles_1_0,public_schedule_without_transaction_override,False,,,complete
2025-08-18,0.00,24448.15,4,1431107.00,last_posted_transaction_or_prior_closing_balance,synb1_txn_2c2e686c05cf2e05be8a9833,trusted,cn_public_2022_2026_cycles_1_0,public_schedule_without_transaction_override,True,406,2025-08-19,complete
2025-08-19,0.00,0.00,0,1431107.00,last_posted_transaction_or_prior_closing_balance,,trusted,cn_public_2022_2026_cycles_1_0,public_schedule_without_transaction_override,True,407,2025-08-20,complete
2025-08-20,100990.52,0.00,2,1532097.52,last_posted_transaction_or_prior_closing_balance,synb1_txn_cf89c7c73d71148e74021171,trusted,cn_public_2022_2026_cycles_1_0,public_schedule_without_transaction_override,True,408,2025-08-21,complete
2025-08-21,0.00,0.00,0,1532097.52,last_posted_transaction_or_prior_closing_balance,,trusted,cn_public_2022_2026_cycles_1_0,public_schedule_without_transaction_override,True,409,2025-08-22,complete
2025-08-22,0.00,0.00,0,1532097.52,last_posted_transaction_or_prior_closing_balance,,trusted,cn_public_2022_2026_cycles_1_0,public_schedule_without_transaction_override,True,410,2025-08-25,complete
2025-08-23,0.00,0.00,0,1532097.52,last_posted_transaction_or_prior_closing_balance,,trusted,cn_public_2022_2026_cycles_1_0,public_schedule_without_transaction_override,False,,,complete
2025-08-24,9152.30,0.00,1,1541249.82,last_posted_transaction_or_prior_closing_balance,synb1_txn_efdd962f262d20721f34e451,trusted,cn_public_2022_2026_cycles_1_0,public_schedule_without_transaction_override,False,,,complete
2025-08-25,0.00,0.00,0,1541249.82,last_posted_transaction_or_prior_closing_balance,,trusted,cn_public_2022_2026_cycles_1_0,public_schedule_without_transaction_override,True,411,2025-08-26,complete
2025-08-26,1911.34,2387.22,2,1540773.94,last_posted_transaction_or_prior_closing_balance,synb1_txn_c090908c4fa6226f8ee136a4,trusted,cn_public_2022_2026_cycles_1_0,public_schedule_without_transaction_override,True,412,2025-08-27,complete
2025-08-27,0.00,0.00,0,1540773.94,last_posted_transaction_or_prior_closing_balance,,trusted,cn_public_2022_2026_cycles_1_0,public_schedule_without_transaction_override,True,413,2025-08-28,complete
2025-08-28,0.00,0.00,0,1540773.94,last_posted_transaction_or_prior_closing_balance,,trusted,cn_public_2022_2026_cycles_1_0,public_schedule_without_transaction_override,True,414,2025-08-29,complete
2025-08-29,0.00,0.00,0,1540773.94,last_posted_transaction_or_prior_closing_balance,,trusted,cn_public_2022_2026_cycles_1_0,public_schedule_without_transaction_override,True,415,2025-09-01,complete
2025-08-30,0.00,0.00,0,1540773.94,last_posted_transaction_or_prior_closing_balance,,trusted,cn_public_2022_2026_cycles_1_0,public_schedule_without_transaction_override,False,,,complete
2025-08-31,0.00,0.00,0,1540773.94,last_posted_transaction_or_prior_closing_balance,,trusted,cn_public_2022_2026_cycles_1_0,public_schedule_without_transaction_override,False,,,complete
2025-09-01,0.00,0.00,0,1540773.94,last_posted_transaction_or_prior_closing_balance,,trusted,cn_public_2022_2026_cycles_1_0,public_schedule_without_transaction_override,True,416,2025-09-02,complete
2025-09-02,0.00,400.96,1,1540372.98,last_posted_transaction_or_prior_closing_balance,synb1_txn_2de1216f63ca149b0744f47d,trusted,cn_public_2022_2026_cycles_1_0,public_schedule_without_transaction_override,True,417,2025-09-03,complete
2025-09-03,12137.44,0.00,2,1552510.42,last_posted_transaction_or_prior_closing_balance,synb1_txn_de789191b68710f1017744ff,trusted,cn_public_2022_2026_cycles_1_0,public_schedule_without_transaction_override,True,418,2025-09-04,complete
2025-09-04,0.00,10723.87,1,1541786.55,last_posted_transaction_or_prior_closing_balance,synb1_txn_bb4b440813959bd36d7f5ea6,trusted,cn_public_2022_2026_cycles_1_0,public_schedule_without_transaction_override,True,419,2025-09-05,complete
2025-09-05,0.00,5500.00,1,1536286.55,last_posted_transaction_or_prior_closing_balance,synb1_txn_632b110b45f50e0050600464,trusted,cn_public_2022_2026_cycles_1_0,public_schedule_without_transaction_override,True,420,2025-09-08,complete
2025-09-06,0.00,0.00,0,1536286.55,last_posted_transaction_or_prior_closing_balance,,trusted,cn_public_2022_2026_cycles_1_0,public_schedule_without_transaction_override,False,,,complete
2025-09-07,0.00,25000.00,1,1511286.55,last_posted_transaction_or_prior_closing_balance,synb1_txn_64ff96e8cd37c533c7afbf8f,trusted,cn_public_2022_2026_cycles_1_0,public_schedule_without_transaction_override,False,,,complete
2025-09-08,0.00,0.00,0,1511286.55,last_posted_transaction_or_prior_closing_balance,,trusted,cn_public_2022_2026_cycles_1_0,public_schedule_without_transaction_override,True,421,2025-09-09,complete
2025-09-09,120807.68,0.00,1,1632094.23,last_posted_transaction_or_prior_closing_balance,synb1_txn_af44ba42b7d9ebcc7fa4189c,trusted,cn_public_2022_2026_cycles_1_0,public_schedule_without_transaction_override,True,422,2025-09-10,complete
2025-09-10,0.00,0.00,0,1632094.23,last_posted_transaction_or_prior_closing_balance,,trusted,cn_public_2022_2026_cycles_1_0,public_schedule_without_transaction_override,True,423,2025-09-11,complete
2025-09-11,0.00,54582.05,1,1577512.18,last_posted_transaction_or_prior_closing_balance,synb1_txn_433bfca17beba5532f3fe023,trusted,cn_public_2022_2026_cycles_1_0,public_schedule_without_transaction_override,True,424,2025-09-12,complete
2025-09-12,0.00,0.00,0,1577512.18,last_posted_transaction_or_prior_closing_balance,,trusted,cn_public_2022_2026_cycles_1_0,public_schedule_without_transaction_override,True,425,2025-09-15,complete
2025-09-13,67492.48,0.00,1,1645004.66,last_posted_transaction_or_prior_closing_balance,synb1_txn_df6780ab9641b471f4857469,trusted,cn_public_2022_2026_cycles_1_0,public_schedule_without_transaction_override,False,,,complete
2025-09-14,49417.67,0.00,1,1694422.33,last_posted_transaction_or_prior_closing_balance,synb1_txn_6cee30561c33d1659d1d11f5,trusted,cn_public_2022_2026_cycles_1_0,public_schedule_without_transaction_override,False,,,complete
2025-09-15,36771.72,46957.17,2,1684236.88,last_posted_transaction_or_prior_closing_balance,synb1_txn_03aaf5feb4083fd1cba38ada,trusted,cn_public_2022_2026_cycles_1_0,public_schedule_without_transaction_override,True,426,2025-09-16,complete
2025-09-16,0.00,0.00,0,1684236.88,last_posted_transaction_or_prior_closing_balance,,trusted,cn_public_2022_2026_cycles_1_0,public_schedule_without_transaction_override,True,427,2025-09-17,complete
2025-09-17,0.00,0.00,0,1684236.88,last_posted_transaction_or_prior_closing_balance,,trusted,cn_public_2022_2026_cycles_1_0,public_schedule_without_transaction_override,True,428,2025-09-18,complete
2025-09-18,0.00,74150.39,4,1610086.49,last_posted_transaction_or_prior_closing_balance,synb1_txn_852c675dd3ef34ce59749ddf,trusted,cn_public_2022_2026_cycles_1_0,public_schedule_without_transaction_override,True,429,2025-09-19,complete
2025-09-19,0.00,92230.35,1,1517856.14,last_posted_transaction_or_prior_closing_balance,synb1_txn_e35e5ccddec9da145beb6a6d,trusted,cn_public_2022_2026_cycles_1_0,public_schedule_without_transaction_override,True,430,2025-09-22,complete
2025-09-20,0.00,0.00,0,1517856.14,last_posted_transaction_or_prior_closing_balance,,trusted,cn_public_2022_2026_cycles_1_0,public_schedule_without_transaction_override,False,,,complete
2025-09-21,11176.75,0.00,1,1529032.89,last_posted_transaction_or_prior_closing_balance,synb1_txn_2ca494be88c4f0c82221a84e,trusted,cn_public_2022_2026_cycles_1_0,public_schedule_without_transaction_override,False,,,complete
2025-09-22,0.00,0.00,0,1529032.89,last_posted_transaction_or_prior_closing_balance,,trusted,cn_public_2022_2026_cycles_1_0,public_schedule_without_transaction_override,True,431,2025-09-23,complete
2025-09-23,0.00,4099.04,1,1524933.85,last_posted_transaction_or_prior_closing_balance,synb1_txn_2614d7c65d2b06f8abc9c00b,trusted,cn_public_2022_2026_cycles_1_0,public_schedule_without_transaction_override,True,432,2025-09-24,complete
2025-09-24,0.00,119199.33,1,1405734.52,last_posted_transaction_or_prior_closing_balance,synb1_txn_8bbf0d094669577ca5887f3e,trusted,cn_public_2022_2026_cycles_1_0,public_schedule_without_transaction_override,True,433,2025-09-25,complete
2025-09-25,0.00,0.00,0,1405734.52,last_posted_transaction_or_prior_closing_balance,,trusted,cn_public_2022_2026_cycles_1_0,public_schedule_without_transaction_override,True,434,2025-09-26,complete
2025-09-26,206167.44,1783.56,2,1610118.40,last_posted_transaction_or_prior_closing_balance,synb1_txn_4fd21812a367016558e9517a,trusted,cn_public_2022_2026_cycles_1_0,public_schedule_without_transaction_override,True,435,2025-09-28,complete
2025-09-27,0.00,0.00,0,1610118.40,last_posted_transaction_or_prior_closing_balance,,trusted,cn_public_2022_2026_cycles_1_0,public_schedule_without_transaction_override,False,,,complete
2025-09-28,54278.82,0.00,1,1664397.22,last_posted_transaction_or_prior_closing_balance,synb1_txn_718c48e46b39c3fd78007a97,trusted,cn_public_2022_2026_cycles_1_0,public_schedule_without_transaction_override,True,436,2025-09-29,complete
2025-09-29,0.00,0.00,0,1664397.22,last_posted_transaction_or_prior_closing_balance,,trusted,cn_public_2022_2026_cycles_1_0,public_schedule_without_transaction_override,True,437,2025-09-30,complete
2025-09-30,0.00,0.00,0,1664397.22,last_posted_transaction_or_prior_closing_balance,,trusted,cn_public_2022_2026_cycles_1_0,public_schedule_without_transaction_override,True,438,2025-10-09,complete
2025-10-01,0.00,0.00,0,1664397.22,last_posted_transaction_or_prior_closing_balance,,trusted,cn_public_2022_2026_cycles_1_0,public_schedule_without_transaction_override,False,,,complete
2025-10-02,0.00,0.00,0,1664397.22,last_posted_transaction_or_prior_closing_balance,,trusted,cn_public_2022_2026_cycles_1_0,public_schedule_without_transaction_override,False,,,complete
2025-10-03,0.00,28401.29,1,1635995.93,last_posted_transaction_or_prior_closing_balance,synb1_txn_04b11c2385565c07fcc99f5c,trusted,cn_public_2022_2026_cycles_1_0,public_schedule_without_transaction_override,False,,,complete
2025-10-04,6361.97,0.00,1,1642357.90,last_posted_transaction_or_prior_closing_balance,synb1_txn_b190f3ef4b4cecf99eb9a22f,trusted,cn_public_2022_2026_cycles_1_0,public_schedule_without_transaction_override,False,,,complete
2025-10-05,0.00,14457.32,2,1627900.58,last_posted_transaction_or_prior_closing_balance,synb1_txn_351a212628e677e8ef0f38e1,trusted,cn_public_2022_2026_cycles_1_0,public_schedule_without_transaction_override,False,,,complete
2025-10-06,0.00,0.00,0,1627900.58,last_posted_transaction_or_prior_closing_balance,,trusted,cn_public_2022_2026_cycles_1_0,public_schedule_without_transaction_override,False,,,complete
2025-10-07,0.00,70741.52,2,1557159.06,last_posted_transaction_or_prior_closing_balance,synb1_txn_c6957442ccfe0bc8266c17b6,trusted,cn_public_2022_2026_cycles_1_0,public_schedule_without_transaction_override,False,,,complete
2025-10-08,0.00,0.00,0,1557159.06,last_posted_transaction_or_prior_closing_balance,,trusted,cn_public_2022_2026_cycles_1_0,public_schedule_without_transaction_override,False,,,complete
2025-10-09,30147.36,4985.49,2,1582320.93,last_posted_transaction_or_prior_closing_balance,synb1_txn_0f57fd4aabefd43a6aa8c322,trusted,cn_public_2022_2026_cycles_1_0,public_schedule_without_transaction_override,True,439,2025-10-10,complete
2025-10-10,0.00,2914.36,1,1579406.57,last_posted_transaction_or_prior_closing_balance,synb1_txn_505375cd13e3dc4c3df817d6,trusted,cn_public_2022_2026_cycles_1_0,public_schedule_without_transaction_override,True,440,2025-10-11,complete
2025-10-11,0.00,0.00,0,1579406.57,last_posted_transaction_or_prior_closing_balance,,trusted,cn_public_2022_2026_cycles_1_0,public_schedule_without_transaction_override,True,441,2025-10-13,complete
2025-10-12,0.00,38075.34,1,1541331.23,last_posted_transaction_or_prior_closing_balance,synb1_txn_1bbedc417833e4bafc159541,trusted,cn_public_2022_2026_cycles_1_0,public_schedule_without_transaction_override,False,,,complete
2025-10-13,79568.39,0.00,1,1620899.62,last_posted_transaction_or_prior_closing_balance,synb1_txn_2dc9c308fd76e35d2ea9305a,trusted,cn_public_2022_2026_cycles_1_0,public_schedule_without_transaction_override,True,442,2025-10-14,complete
2025-10-14,0.00,0.00,0,1620899.62,last_posted_transaction_or_prior_closing_balance,,trusted,cn_public_2022_2026_cycles_1_0,public_schedule_without_transaction_override,True,443,2025-10-15,complete
2025-10-15,0.00,407.67,1,1620491.95,last_posted_transaction_or_prior_closing_balance,synb1_txn_e76caac402c94da898adad88,trusted,cn_public_2022_2026_cycles_1_0,public_schedule_without_transaction_override,True,444,2025-10-16,complete
2025-10-16,0.00,0.00,0,1620491.95,last_posted_transaction_or_prior_closing_balance,,trusted,cn_public_2022_2026_cycles_1_0,public_schedule_without_transaction_override,True,445,2025-10-17,complete
2025-10-17,0.00,23809.44,1,1596682.51,last_posted_transaction_or_prior_closing_balance,synb1_txn_e89428450dfb8426f7317f53,trusted,cn_public_2022_2026_cycles_1_0,public_schedule_without_transaction_override,True,446,2025-10-20,complete
2025-10-18,0.00,0.00,0,1596682.51,last_posted_transaction_or_prior_closing_balance,,trusted,cn_public_2022_2026_cycles_1_0,public_schedule_without_transaction_override,False,,,complete
2025-10-19,0.00,0.00,0,1596682.51,last_posted_transaction_or_prior_closing_balance,,trusted,cn_public_2022_2026_cycles_1_0,public_schedule_without_transaction_override,False,,,complete
2025-10-20,19510.42,28907.52,4,1587285.41,last_posted_transaction_or_prior_closing_balance,synb1_txn_860946069e4c9a4806687cd3,trusted,cn_public_2022_2026_cycles_1_0,public_schedule_without_transaction_override,True,447,2025-10-21,complete
2025-10-21,0.00,149302.34,1,1437983.07,last_posted_transaction_or_prior_closing_balance,synb1_txn_89fd8bad5e7f3593090a5509,trusted,cn_public_2022_2026_cycles_1_0,public_schedule_without_transaction_override,True,448,2025-10-22,complete
2025-10-22,0.00,0.00,0,1437983.07,last_posted_transaction_or_prior_closing_balance,,trusted,cn_public_2022_2026_cycles_1_0,public_schedule_without_transaction_override,True,449,2025-10-23,complete
2025-10-23,91796.10,613.13,3,1529166.04,last_posted_transaction_or_prior_closing_balance,synb1_txn_473f6d95fd31b54ef5395f7a,trusted,cn_public_2022_2026_cycles_1_0,public_schedule_without_transaction_override,True,450,2025-10-24,complete
2025-10-24,0.00,957.94,1,1528208.10,last_posted_transaction_or_prior_closing_balance,synb1_txn_a01588bcba4872ece4a5beef,trusted,cn_public_2022_2026_cycles_1_0,public_schedule_without_transaction_override,True,451,2025-10-27,complete
2025-10-25,0.00,17407.76,1,1510800.34,last_posted_transaction_or_prior_closing_balance,synb1_txn_239664911068b516f6a1dae2,trusted,cn_public_2022_2026_cycles_1_0,public_schedule_without_transaction_override,False,,,complete
2025-10-26,0.00,0.00,0,1510800.34,last_posted_transaction_or_prior_closing_balance,,trusted,cn_public_2022_2026_cycles_1_0,public_schedule_without_transaction_override,False,,,complete
2025-10-27,259839.76,6314.47,4,1764325.63,last_posted_transaction_or_prior_closing_balance,synb1_txn_0e2736201f784e51b3767b3a,trusted,cn_public_2022_2026_cycles_1_0,public_schedule_without_transaction_override,True,452,2025-10-28,complete
2025-10-28,0.00,14.57,1,1764311.06,last_posted_transaction_or_prior_closing_balance,synb1_txn_745a9cfba3d4ae67238efd26,trusted,cn_public_2022_2026_cycles_1_0,public_schedule_without_transaction_override,True,453,2025-10-29,complete
2025-10-29,0.00,0.00,0,1764311.06,last_posted_transaction_or_prior_closing_balance,,trusted,cn_public_2022_2026_cycles_1_0,public_schedule_without_transaction_override,True,454,2025-10-30,complete
2025-10-30,0.00,0.00,0,1764311.06,last_posted_transaction_or_prior_closing_balance,,trusted,cn_public_2022_2026_cycles_1_0,public_schedule_without_transaction_override,True,455,2025-10-31,complete
2025-10-31,0.00,0.00,0,1764311.06,last_posted_transaction_or_prior_closing_balance,,trusted,cn_public_2022_2026_cycles_1_0,public_schedule_without_transaction_override,True,456,2025-11-03,complete
2025-11-01,0.00,0.00,0,1764311.06,last_posted_transaction_or_prior_closing_balance,,trusted,cn_public_2022_2026_cycles_1_0,public_schedule_without_transaction_override,False,,,complete
2025-11-02,0.00,79355.81,1,1684955.25,last_posted_transaction_or_prior_closing_balance,synb1_txn_6dd7e1d268190f88fa5298d8,trusted,cn_public_2022_2026_cycles_1_0,public_schedule_without_transaction_override,False,,,complete
2025-11-03,60808.27,18666.36,2,1727097.16,last_posted_transaction_or_prior_closing_balance,synb1_txn_672c2748f154db15c17e5d6e,trusted,cn_public_2022_2026_cycles_1_0,public_schedule_without_transaction_override,True,457,2025-11-04,complete
2025-11-04,0.00,193.51,1,1726903.65,last_posted_transaction_or_prior_closing_balance,synb1_txn_d57e15c08534c097a26317b7,trusted,cn_public_2022_2026_cycles_1_0,public_schedule_without_transaction_override,True,458,2025-11-05,complete
2025-11-05,58238.01,30322.48,3,1754819.18,last_posted_transaction_or_prior_closing_balance,synb1_txn_903a4487285efa22fd4e0ef8,trusted,cn_public_2022_2026_cycles_1_0,public_schedule_without_transaction_override,True,459,2025-11-06,complete
2025-11-06,0.00,1529.63,1,1753289.55,last_posted_transaction_or_prior_closing_balance,synb1_txn_5e43f2cc9e937d19926c171c,trusted,cn_public_2022_2026_cycles_1_0,public_schedule_without_transaction_override,True,460,2025-11-07,complete
2025-11-07,39240.29,25000.00,2,1767529.84,last_posted_transaction_or_prior_closing_balance,synb1_txn_edd605315314fd3387fbd04d,trusted,cn_public_2022_2026_cycles_1_0,public_schedule_without_transaction_override,True,461,2025-11-10,complete
2025-11-08,0.00,480.52,1,1767049.32,last_posted_transaction_or_prior_closing_balance,synb1_txn_b863bc172be7b217f146b150,trusted,cn_public_2022_2026_cycles_1_0,public_schedule_without_transaction_override,False,,,complete
2025-11-09,85065.26,1963.99,2,1850150.59,last_posted_transaction_or_prior_closing_balance,synb1_txn_7df0b84ef2d422dfad107e7e,trusted,cn_public_2022_2026_cycles_1_0,public_schedule_without_transaction_override,False,,,complete
2025-11-10,0.00,0.00,0,1850150.59,last_posted_transaction_or_prior_closing_balance,,trusted,cn_public_2022_2026_cycles_1_0,public_schedule_without_transaction_override,True,462,2025-11-11,complete
2025-11-11,0.00,0.00,0,1850150.59,last_posted_transaction_or_prior_closing_balance,,trusted,cn_public_2022_2026_cycles_1_0,public_schedule_without_transaction_override,True,463,2025-11-12,complete
2025-11-12,3977.24,25110.24,2,1829017.59,last_posted_transaction_or_prior_closing_balance,synb1_txn_bd692c5062c0783505290060,trusted,cn_public_2022_2026_cycles_1_0,public_schedule_without_transaction_override,True,464,2025-11-13,complete
2025-11-13,0.00,0.00,0,1829017.59,last_posted_transaction_or_prior_closing_balance,,trusted,cn_public_2022_2026_cycles_1_0,public_schedule_without_transaction_override,True,465,2025-11-14,complete
2025-11-14,0.00,0.00,0,1829017.59,last_posted_transaction_or_prior_closing_balance,,trusted,cn_public_2022_2026_cycles_1_0,public_schedule_without_transaction_override,True,466,2025-11-17,complete
2025-11-15,39413.23,901.63,2,1867529.19,last_posted_transaction_or_prior_closing_balance,synb1_txn_0dd665697bafaccbf5a4623c,trusted,cn_public_2022_2026_cycles_1_0,public_schedule_without_transaction_override,False,,,complete
2025-11-16,0.00,0.00,0,1867529.19,last_posted_transaction_or_prior_closing_balance,,trusted,cn_public_2022_2026_cycles_1_0,public_schedule_without_transaction_override,False,,,complete
2025-11-17,0.00,0.00,0,1867529.19,last_posted_transaction_or_prior_closing_balance,,trusted,cn_public_2022_2026_cycles_1_0,public_schedule_without_transaction_override,True,467,2025-11-18,complete
2025-11-18,0.00,31047.01,3,1836482.18,last_posted_transaction_or_prior_closing_balance,synb1_txn_f5942fd30480d5459ffa48d5,trusted,cn_public_2022_2026_cycles_1_0,public_schedule_without_transaction_override,True,468,2025-11-19,complete
2025-11-19,0.00,0.00,0,1836482.18,last_posted_transaction_or_prior_closing_balance,,trusted,cn_public_2022_2026_cycles_1_0,public_schedule_without_transaction_override,True,469,2025-11-20,complete
2025-11-20,0.00,0.00,0,1836482.18,last_posted_transaction_or_prior_closing_balance,,trusted,cn_public_2022_2026_cycles_1_0,public_schedule_without_transaction_override,True,470,2025-11-21,complete
2025-11-21,36191.45,0.00,1,1872673.63,last_posted_transaction_or_prior_closing_balance,synb1_txn_c56b2bf2685cb56cdb4ee415,trusted,cn_public_2022_2026_cycles_1_0,public_schedule_without_transaction_override,True,471,2025-11-24,complete
2025-11-22,0.00,0.00,0,1872673.63,last_posted_transaction_or_prior_closing_balance,,trusted,cn_public_2022_2026_cycles_1_0,public_schedule_without_transaction_override,False,,,complete
2025-11-23,0.00,0.00,0,1872673.63,last_posted_transaction_or_prior_closing_balance,,trusted,cn_public_2022_2026_cycles_1_0,public_schedule_without_transaction_override,False,,,complete
2025-11-24,38888.76,27001.07,2,1884561.32,last_posted_transaction_or_prior_closing_balance,synb1_txn_e92fbad845ec2f1ff7c7d692,trusted,cn_public_2022_2026_cycles_1_0,public_schedule_without_transaction_override,True,472,2025-11-25,complete
2025-11-25,0.00,92073.76,2,1792487.56,last_posted_transaction_or_prior_closing_balance,synb1_txn_0675dcd2541ed2f8ebdfff16,trusted,cn_public_2022_2026_cycles_1_0,public_schedule_without_transaction_override,True,473,2025-11-26,complete
2025-11-26,0.00,0.00,0,1792487.56,last_posted_transaction_or_prior_closing_balance,,trusted,cn_public_2022_2026_cycles_1_0,public_schedule_without_transaction_override,True,474,2025-11-27,complete
2025-11-27,21251.04,0.00,1,1813738.60,last_posted_transaction_or_prior_closing_balance,synb1_txn_03ac6df72106691b57658982,trusted,cn_public_2022_2026_cycles_1_0,public_schedule_without_transaction_override,True,475,2025-11-28,complete
2025-11-28,41006.45,3779.80,3,1850965.25,last_posted_transaction_or_prior_closing_balance,synb1_txn_6c66b1de95f2eb83749ae169,trusted,cn_public_2022_2026_cycles_1_0,public_schedule_without_transaction_override,True,476,2025-12-01,complete
2025-11-29,0.00,0.00,0,1850965.25,last_posted_transaction_or_prior_closing_balance,,trusted,cn_public_2022_2026_cycles_1_0,public_schedule_without_transaction_override,False,,,complete
2025-11-30,0.00,0.00,0,1850965.25,last_posted_transaction_or_prior_closing_balance,,trusted,cn_public_2022_2026_cycles_1_0,public_schedule_without_transaction_override,False,,,complete
2025-12-01,0.00,0.00,0,1850965.25,last_posted_transaction_or_prior_closing_balance,,trusted,cn_public_2022_2026_cycles_1_0,public_schedule_without_transaction_override,True,477,2025-12-02,complete
2025-12-02,0.00,51868.14,2,1799097.11,last_posted_transaction_or_prior_closing_balance,synb1_txn_66a0afb15d4b2b112daf105c,trusted,cn_public_2022_2026_cycles_1_0,public_schedule_without_transaction_override,True,478,2025-12-03,complete
2025-12-03,19912.71,0.00,1,1819009.82,last_posted_transaction_or_prior_closing_balance,synb1_txn_9a2a74734c17c123539e2784,trusted,cn_public_2022_2026_cycles_1_0,public_schedule_without_transaction_override,True,479,2025-12-04,complete
2025-12-04,0.00,27822.60,1,1791187.22,last_posted_transaction_or_prior_closing_balance,synb1_txn_08fbe73b1b31f775e332252d,trusted,cn_public_2022_2026_cycles_1_0,public_schedule_without_transaction_override,True,480,2025-12-05,complete
2025-12-05,0.00,5500.00,1,1785687.22,last_posted_transaction_or_prior_closing_balance,synb1_txn_fc663fff1820fe3d1c4fb338,trusted,cn_public_2022_2026_cycles_1_0,public_schedule_without_transaction_override,True,481,2025-12-08,complete
2025-12-06,0.00,8706.49,1,1776980.73,last_posted_transaction_or_prior_closing_balance,synb1_txn_3abecdd52d4a960bc3ec0cb0,trusted,cn_public_2022_2026_cycles_1_0,public_schedule_without_transaction_override,False,,,complete
2025-12-07,0.00,55824.44,2,1721156.29,last_posted_transaction_or_prior_closing_balance,synb1_txn_5dd35760ffa0df4ae902c58f,trusted,cn_public_2022_2026_cycles_1_0,public_schedule_without_transaction_override,False,,,complete
2025-12-08,88241.43,0.00,1,1809397.72,last_posted_transaction_or_prior_closing_balance,synb1_txn_8e7948e8b8c8655ac4739fcd,trusted,cn_public_2022_2026_cycles_1_0,public_schedule_without_transaction_override,True,482,2025-12-09,complete
2025-12-09,0.00,0.00,0,1809397.72,last_posted_transaction_or_prior_closing_balance,,trusted,cn_public_2022_2026_cycles_1_0,public_schedule_without_transaction_override,True,483,2025-12-10,complete
2025-12-10,0.00,0.00,0,1809397.72,last_posted_transaction_or_prior_closing_balance,,trusted,cn_public_2022_2026_cycles_1_0,public_schedule_without_transaction_override,True,484,2025-12-11,complete
2025-12-11,35450.30,0.00,1,1844848.02,last_posted_transaction_or_prior_closing_balance,synb1_txn_1d481abe95f339f607d9fc36,trusted,cn_public_2022_2026_cycles_1_0,public_schedule_without_transaction_override,True,485,2025-12-12,complete
2025-12-12,0.00,40623.04,1,1804224.98,last_posted_transaction_or_prior_closing_balance,synb1_txn_08b0aecedf7b8a42d9886b26,trusted,cn_public_2022_2026_cycles_1_0,public_schedule_without_transaction_override,True,486,2025-12-15,complete
2025-12-13,0.00,0.00,0,1804224.98,last_posted_transaction_or_prior_closing_balance,,trusted,cn_public_2022_2026_cycles_1_0,public_schedule_without_transaction_override,False,,,complete
2025-12-14,0.00,0.00,0,1804224.98,last_posted_transaction_or_prior_closing_balance,,trusted,cn_public_2022_2026_cycles_1_0,public_schedule_without_transaction_override,False,,,complete
2025-12-15,108196.99,19950.99,3,1892470.98,last_posted_transaction_or_prior_closing_balance,synb1_txn_66917b15c87d9c07c8b3e647,trusted,cn_public_2022_2026_cycles_1_0,public_schedule_without_transaction_override,True,487,2025-12-16,complete
2025-12-16,0.00,0.00,0,1892470.98,last_posted_transaction_or_prior_closing_balance,,trusted,cn_public_2022_2026_cycles_1_0,public_schedule_without_transaction_override,True,488,2025-12-17,complete
2025-12-17,0.00,0.00,0,1892470.98,last_posted_transaction_or_prior_closing_balance,,trusted,cn_public_2022_2026_cycles_1_0,public_schedule_without_transaction_override,True,489,2025-12-18,complete
2025-12-18,0.00,21119.17,3,1871351.81,last_posted_transaction_or_prior_closing_balance,synb1_txn_95f528bc4297e1538d1f1bdf,trusted,cn_public_2022_2026_cycles_1_0,public_schedule_without_transaction_override,True,490,2025-12-19,complete
2025-12-19,0.00,0.00,0,1871351.81,last_posted_transaction_or_prior_closing_balance,,trusted,cn_public_2022_2026_cycles_1_0,public_schedule_without_transaction_override,True,491,2025-12-22,complete
2025-12-20,8864.46,1686.03,2,1878530.24,last_posted_transaction_or_prior_closing_balance,synb1_txn_3f1ecf75062721bcdadd71cb,trusted,cn_public_2022_2026_cycles_1_0,public_schedule_without_transaction_override,False,,,complete
2025-12-21,0.00,6130.09,2,1872400.15,last_posted_transaction_or_prior_closing_balance,synb1_txn_dff04557217e34d3fe5eb4d6,trusted,cn_public_2022_2026_cycles_1_0,public_schedule_without_transaction_override,False,,,complete
2025-12-22,0.00,20535.85,1,1851864.30,last_posted_transaction_or_prior_closing_balance,synb1_txn_79bbc58bc5f69f7a86065146,trusted,cn_public_2022_2026_cycles_1_0,public_schedule_without_transaction_override,True,492,2025-12-23,complete
2025-12-23,0.00,0.00,0,1851864.30,last_posted_transaction_or_prior_closing_balance,,trusted,cn_public_2022_2026_cycles_1_0,public_schedule_without_transaction_override,True,493,2025-12-24,complete
2025-12-24,0.00,0.00,0,1851864.30,last_posted_transaction_or_prior_closing_balance,,trusted,cn_public_2022_2026_cycles_1_0,public_schedule_without_transaction_override,True,494,2025-12-25,complete
2025-12-25,0.00,1036.81,1,1850827.49,last_posted_transaction_or_prior_closing_balance,synb1_txn_5d89484d85ebf4d1541a590d,trusted,cn_public_2022_2026_cycles_1_0,public_schedule_without_transaction_override,True,495,2025-12-26,complete
2025-12-26,20739.72,0.00,1,1871567.21,last_posted_transaction_or_prior_closing_balance,synb1_txn_c54ff8884e14312cf685a097,trusted,cn_public_2022_2026_cycles_1_0,public_schedule_without_transaction_override,True,496,2025-12-29,complete
2025-12-27,0.00,0.00,0,1871567.21,last_posted_transaction_or_prior_closing_balance,,trusted,cn_public_2022_2026_cycles_1_0,public_schedule_without_transaction_override,False,,,complete
2025-12-28,37512.39,0.00,1,1909079.60,last_posted_transaction_or_prior_closing_balance,synb1_txn_fdf987a658fcb070e3fa556b,trusted,cn_public_2022_2026_cycles_1_0,public_schedule_without_transaction_override,False,,,complete
2025-12-29,0.00,0.00,0,1909079.60,last_posted_transaction_or_prior_closing_balance,,trusted,cn_public_2022_2026_cycles_1_0,public_schedule_without_transaction_override,True,497,2025-12-30,complete
2025-12-30,0.00,0.00,0,1909079.60,last_posted_transaction_or_prior_closing_balance,,trusted,cn_public_2022_2026_cycles_1_0,public_schedule_without_transaction_override,True,498,2025-12-31,complete
2025-12-31,0.00,0.00,0,1909079.60,last_posted_transaction_or_prior_closing_balance,,trusted,cn_public_2022_2026_cycles_1_0,public_schedule_without_transaction_override,True,499,2026-01-04,complete
