calendar_date,inflow_cny,outflow_cny,transaction_count,ending_balance_cny,day_cut_basis,source_last_transaction_id,reconciliation_status,calendar_source,calendar_inference_status,is_bank_workday,business_step,target_date,execution_status
2025-01-01,3600000.00,0.00,1,3600000.00,last_posted_transaction_or_prior_closing_balance,synb1_txn_0e46e72ae42430a78f62f4ab,trusted,historical_transaction_override,historical_transaction_override,True,1,2025-01-02,complete
2025-01-02,0.00,0.00,0,3600000.00,last_posted_transaction_or_prior_closing_balance,,trusted,weekday_rule,base_calendar,True,2,2025-01-03,complete
2025-01-03,0.00,101662.35,2,3498337.65,last_posted_transaction_or_prior_closing_balance,synb1_txn_7412ad39706b632136fd59d2,trusted,weekday_rule,base_calendar,True,3,2025-01-06,complete
2025-01-04,0.00,0.00,0,3498337.65,last_posted_transaction_or_prior_closing_balance,,trusted,weekday_rule,base_calendar,False,,,complete
2025-01-05,0.00,0.00,0,3498337.65,last_posted_transaction_or_prior_closing_balance,,trusted,weekday_rule,base_calendar,False,,,complete
2025-01-06,0.00,0.00,0,3498337.65,last_posted_transaction_or_prior_closing_balance,,trusted,weekday_rule,base_calendar,True,4,2025-01-07,complete
2025-01-07,0.00,158254.96,1,3340082.69,last_posted_transaction_or_prior_closing_balance,synb1_txn_40b84dc0f392b2a5f0e2e5c8,trusted,weekday_rule,base_calendar,True,5,2025-01-08,complete
2025-01-08,0.00,0.00,0,3340082.69,last_posted_transaction_or_prior_closing_balance,,trusted,weekday_rule,base_calendar,True,6,2025-01-09,complete
2025-01-09,0.00,0.00,0,3340082.69,last_posted_transaction_or_prior_closing_balance,,trusted,weekday_rule,base_calendar,True,7,2025-01-10,complete
2025-01-10,0.00,0.00,0,3340082.69,last_posted_transaction_or_prior_closing_balance,,trusted,weekday_rule,base_calendar,True,8,2025-01-13,complete
2025-01-11,0.00,0.00,0,3340082.69,last_posted_transaction_or_prior_closing_balance,,trusted,weekday_rule,base_calendar,False,,,complete
2025-01-12,0.00,0.00,0,3340082.69,last_posted_transaction_or_prior_closing_balance,,trusted,weekday_rule,base_calendar,False,,,complete
2025-01-13,0.00,0.00,0,3340082.69,last_posted_transaction_or_prior_closing_balance,,trusted,weekday_rule,base_calendar,True,9,2025-01-14,complete
2025-01-14,41646.42,0.00,1,3381729.11,last_posted_transaction_or_prior_closing_balance,synb1_txn_a524ad6e56ec8186db6d2e14,trusted,weekday_rule,base_calendar,True,10,2025-01-15,complete
2025-01-15,0.00,0.00,0,3381729.11,last_posted_transaction_or_prior_closing_balance,,trusted,weekday_rule,base_calendar,True,11,2025-01-16,complete
2025-01-16,0.00,0.00,0,3381729.11,last_posted_transaction_or_prior_closing_balance,,trusted,weekday_rule,base_calendar,True,12,2025-01-17,complete
2025-01-17,0.00,14653.83,1,3367075.28,last_posted_transaction_or_prior_closing_balance,synb1_txn_a448d65b84f69a7f7d925063,trusted,weekday_rule,base_calendar,True,13,2025-01-18,complete
2025-01-18,38442.86,0.00,1,3405518.14,last_posted_transaction_or_prior_closing_balance,synb1_txn_3190233845eff34a1f16f67e,trusted,historical_transaction_override,historical_transaction_override,True,14,2025-01-19,complete
2025-01-19,49462.25,0.00,1,3454980.39,last_posted_transaction_or_prior_closing_balance,synb1_txn_ea8afb942d549ee957352235,trusted,historical_transaction_override,historical_transaction_override,True,15,2025-01-20,complete
2025-01-20,0.00,43051.73,2,3411928.66,last_posted_transaction_or_prior_closing_balance,synb1_txn_23261da5f7e30430b44d6bd2,trusted,weekday_rule,base_calendar,True,16,2025-01-21,complete
2025-01-21,0.00,21431.22,1,3390497.44,last_posted_transaction_or_prior_closing_balance,synb1_txn_d855ac7f3ccd0342d290b681,trusted,weekday_rule,base_calendar,True,17,2025-01-22,complete
2025-01-22,0.00,49040.37,3,3341457.07,last_posted_transaction_or_prior_closing_balance,synb1_txn_8e2ca2aca878db3df51bd151,trusted,weekday_rule,base_calendar,True,18,2025-01-23,complete
2025-01-23,37591.32,11350.62,2,3367697.77,last_posted_transaction_or_prior_closing_balance,synb1_txn_a93ef10e2541b4a9b5b430e2,trusted,weekday_rule,base_calendar,True,19,2025-01-24,complete
2025-01-24,21051.14,53669.65,3,3335079.26,last_posted_transaction_or_prior_closing_balance,synb1_txn_a795ac78156f4edfe7149df0,trusted,weekday_rule,base_calendar,True,20,2025-01-25,complete
2025-01-25,0.00,122500.87,4,3212578.39,last_posted_transaction_or_prior_closing_balance,synb1_txn_f7d16a20fae58a6884fa7436,trusted,historical_transaction_override,historical_transaction_override,True,21,2025-01-26,complete
2025-01-26,0.00,12822.10,1,3199756.29,last_posted_transaction_or_prior_closing_balance,synb1_txn_291b31e77de039dbc7f7d3b1,trusted,gov_cn_2025_holiday_schedule_v1,base_calendar,True,22,2025-01-27,complete
2025-01-27,0.00,20149.02,1,3179607.27,last_posted_transaction_or_prior_closing_balance,synb1_txn_fc4c4b5eb024aabb1984b13f,trusted,weekday_rule,base_calendar,True,23,2025-01-28,complete
2025-01-28,67936.97,0.00,2,3247544.24,last_posted_transaction_or_prior_closing_balance,synb1_txn_0253c30b77b58fb6788bf42e,trusted,historical_transaction_override,historical_transaction_override,True,24,2025-01-29,complete
2025-01-29,0.00,20515.36,1,3227028.88,last_posted_transaction_or_prior_closing_balance,synb1_txn_d49c56f91b41205d71e42917,trusted,historical_transaction_override,historical_transaction_override,True,25,2025-02-01,complete
2025-01-30,0.00,0.00,0,3227028.88,last_posted_transaction_or_prior_closing_balance,,trusted,gov_cn_2025_holiday_schedule_v1,base_calendar,False,,,complete
2025-01-31,0.00,0.00,0,3227028.88,last_posted_transaction_or_prior_closing_balance,,trusted,gov_cn_2025_holiday_schedule_v1,base_calendar,False,,,complete
2025-02-01,70470.03,0.00,2,3297498.91,last_posted_transaction_or_prior_closing_balance,synb1_txn_257c72eda0b34e793fbdfec8,trusted,historical_transaction_override,historical_transaction_override,True,26,2025-02-02,complete
2025-02-02,32255.63,0.00,1,3329754.54,last_posted_transaction_or_prior_closing_balance,synb1_txn_bb930742ef9b9be109fb987a,trusted,historical_transaction_override,historical_transaction_override,True,27,2025-02-03,complete
2025-02-03,0.00,41662.35,1,3288092.19,last_posted_transaction_or_prior_closing_balance,synb1_txn_f727f976cefad7c975ce5d3a,trusted,historical_transaction_override,historical_transaction_override,True,28,2025-02-04,complete
2025-02-04,35466.26,0.00,1,3323558.45,last_posted_transaction_or_prior_closing_balance,synb1_txn_228180a6e627320bd759db64,trusted,historical_transaction_override,historical_transaction_override,True,29,2025-02-05,complete
2025-02-05,52952.59,0.00,1,3376511.04,last_posted_transaction_or_prior_closing_balance,synb1_txn_8ded61f5f3ac0f928aff75b0,trusted,weekday_rule,base_calendar,True,30,2025-02-06,complete
2025-02-06,23458.65,0.00,1,3399969.69,last_posted_transaction_or_prior_closing_balance,synb1_txn_c3ddc4460d3bf1a0387a3268,trusted,weekday_rule,base_calendar,True,31,2025-02-07,complete
2025-02-07,0.00,158254.96,1,3241714.73,last_posted_transaction_or_prior_closing_balance,synb1_txn_a823c14f090614f442287f2c,trusted,weekday_rule,base_calendar,True,32,2025-02-08,complete
2025-02-08,71174.36,0.00,2,3312889.09,last_posted_transaction_or_prior_closing_balance,synb1_txn_7916843312640882b06f0169,trusted,gov_cn_2025_holiday_schedule_v1,base_calendar,True,33,2025-02-10,complete
2025-02-09,0.00,0.00,0,3312889.09,last_posted_transaction_or_prior_closing_balance,,trusted,weekday_rule,base_calendar,False,,,complete
2025-02-10,0.00,0.00,0,3312889.09,last_posted_transaction_or_prior_closing_balance,,trusted,weekday_rule,base_calendar,True,34,2025-02-11,complete
2025-02-11,0.00,0.00,0,3312889.09,last_posted_transaction_or_prior_closing_balance,,trusted,weekday_rule,base_calendar,True,35,2025-02-12,complete
2025-02-12,43091.52,0.00,1,3355980.61,last_posted_transaction_or_prior_closing_balance,synb1_txn_23ebdb2027ce898e735ea6b7,trusted,weekday_rule,base_calendar,True,36,2025-02-13,complete
2025-02-13,0.00,0.00,0,3355980.61,last_posted_transaction_or_prior_closing_balance,,trusted,weekday_rule,base_calendar,True,37,2025-02-14,complete
2025-02-14,37752.80,0.00,1,3393733.41,last_posted_transaction_or_prior_closing_balance,synb1_txn_b6034466609e20cf466c355e,trusted,weekday_rule,base_calendar,True,38,2025-02-17,complete
2025-02-15,0.00,0.00,0,3393733.41,last_posted_transaction_or_prior_closing_balance,,trusted,weekday_rule,base_calendar,False,,,complete
2025-02-16,0.00,0.00,0,3393733.41,last_posted_transaction_or_prior_closing_balance,,trusted,weekday_rule,base_calendar,False,,,complete
2025-02-17,0.00,33244.45,2,3360488.96,last_posted_transaction_or_prior_closing_balance,synb1_txn_f4f99fb46c4fdfb138b8c941,trusted,weekday_rule,base_calendar,True,39,2025-02-18,complete
2025-02-18,89652.16,0.00,2,3450141.12,last_posted_transaction_or_prior_closing_balance,synb1_txn_91f12fbc3981bcb7fbaad5d5,trusted,weekday_rule,base_calendar,True,40,2025-02-19,complete
2025-02-19,0.00,12428.39,1,3437712.73,last_posted_transaction_or_prior_closing_balance,synb1_txn_1755d9dac0cf5bc5099d6cd0,trusted,weekday_rule,base_calendar,True,41,2025-02-20,complete
2025-02-20,0.00,41939.67,2,3395773.06,last_posted_transaction_or_prior_closing_balance,synb1_txn_c24ad40cd43d98eafd3edcce,trusted,weekday_rule,base_calendar,True,42,2025-02-21,complete
2025-02-21,0.00,0.00,0,3395773.06,last_posted_transaction_or_prior_closing_balance,,trusted,weekday_rule,base_calendar,True,43,2025-02-22,complete
2025-02-22,40207.39,49437.40,3,3386543.05,last_posted_transaction_or_prior_closing_balance,synb1_txn_9d09488e5af65c82d800f827,trusted,historical_transaction_override,historical_transaction_override,True,44,2025-02-24,complete
2025-02-23,0.00,0.00,0,3386543.05,last_posted_transaction_or_prior_closing_balance,,trusted,weekday_rule,base_calendar,False,,,complete
2025-02-24,0.00,0.00,0,3386543.05,last_posted_transaction_or_prior_closing_balance,,trusted,weekday_rule,base_calendar,True,45,2025-02-25,complete
2025-02-25,0.00,96803.39,2,3289739.66,last_posted_transaction_or_prior_closing_balance,synb1_txn_bd9ee249866695326600a44a,trusted,weekday_rule,base_calendar,True,46,2025-02-26,complete
2025-02-26,0.00,11305.88,1,3278433.78,last_posted_transaction_or_prior_closing_balance,synb1_txn_68094657cd63871eda07f6ac,trusted,weekday_rule,base_calendar,True,47,2025-02-27,complete
2025-02-27,35723.00,0.00,1,3314156.78,last_posted_transaction_or_prior_closing_balance,synb1_txn_9c1cd536c07b91bd5a52a1c9,trusted,weekday_rule,base_calendar,True,48,2025-02-28,complete
2025-02-28,45893.85,8231.18,4,3351819.45,last_posted_transaction_or_prior_closing_balance,synb1_txn_e91b6bc4f81d3cf4e0a5d0a1,trusted,weekday_rule,base_calendar,True,49,2025-03-01,complete
2025-03-01,55160.21,31656.48,2,3375323.18,last_posted_transaction_or_prior_closing_balance,synb1_txn_f48222cb36ae0b43846fc541,trusted,historical_transaction_override,historical_transaction_override,True,50,2025-03-02,complete
2025-03-02,0.00,7348.82,1,3367974.36,last_posted_transaction_or_prior_closing_balance,synb1_txn_7e54ac8b237db8754677fb14,trusted,historical_transaction_override,historical_transaction_override,True,51,2025-03-03,complete
2025-03-03,46439.92,65198.24,3,3349216.04,last_posted_transaction_or_prior_closing_balance,synb1_txn_55a419205cd88a1d656b7048,trusted,weekday_rule,base_calendar,True,52,2025-03-04,complete
2025-03-04,63218.49,0.00,2,3412434.53,last_posted_transaction_or_prior_closing_balance,synb1_txn_9e9490cda5a8a87983202c5d,trusted,weekday_rule,base_calendar,True,53,2025-03-05,complete
2025-03-05,33575.78,14132.36,2,3431877.95,last_posted_transaction_or_prior_closing_balance,synb1_txn_ff9495ce305c4e61467d2530,trusted,weekday_rule,base_calendar,True,54,2025-03-06,complete
2025-03-06,0.00,28824.49,2,3403053.46,last_posted_transaction_or_prior_closing_balance,synb1_txn_e1f8296b24493e1e8cc84435,trusted,weekday_rule,base_calendar,True,55,2025-03-07,complete
2025-03-07,0.00,158254.96,1,3244798.50,last_posted_transaction_or_prior_closing_balance,synb1_txn_e4984673f380147ff4b560df,trusted,weekday_rule,base_calendar,True,56,2025-03-08,complete
2025-03-08,22348.32,0.00,1,3267146.82,last_posted_transaction_or_prior_closing_balance,synb1_txn_976a810604511dee65802ca8,trusted,historical_transaction_override,historical_transaction_override,True,57,2025-03-09,complete
2025-03-09,39472.79,18527.55,3,3288092.06,last_posted_transaction_or_prior_closing_balance,synb1_txn_87c7ce3eb97ac2dc2f1104e5,trusted,historical_transaction_override,historical_transaction_override,True,58,2025-03-10,complete
2025-03-10,0.00,0.00,0,3288092.06,last_posted_transaction_or_prior_closing_balance,,trusted,weekday_rule,base_calendar,True,59,2025-03-11,complete
2025-03-11,0.00,26716.63,1,3261375.43,last_posted_transaction_or_prior_closing_balance,synb1_txn_7d0adb16dedbb8e8c4e5c369,trusted,weekday_rule,base_calendar,True,60,2025-03-12,complete
2025-03-12,0.00,0.00,0,3261375.43,last_posted_transaction_or_prior_closing_balance,,trusted,weekday_rule,base_calendar,True,61,2025-03-13,complete
2025-03-13,93160.30,0.00,3,3354535.73,last_posted_transaction_or_prior_closing_balance,synb1_txn_d167b13511180d6361e0779f,trusted,weekday_rule,base_calendar,True,62,2025-03-14,complete
2025-03-14,0.00,25145.08,1,3329390.65,last_posted_transaction_or_prior_closing_balance,synb1_txn_69440f0477f7571b66abdc18,trusted,weekday_rule,base_calendar,True,63,2025-03-16,complete
2025-03-15,0.00,0.00,0,3329390.65,last_posted_transaction_or_prior_closing_balance,,trusted,weekday_rule,base_calendar,False,,,complete
2025-03-16,0.00,16147.41,1,3313243.24,last_posted_transaction_or_prior_closing_balance,synb1_txn_437538bf23edf9de532d1aaf,trusted,historical_transaction_override,historical_transaction_override,True,64,2025-03-17,complete
2025-03-17,18705.33,0.00,1,3331948.57,last_posted_transaction_or_prior_closing_balance,synb1_txn_90e996a070b4ca8440c60b36,trusted,weekday_rule,base_calendar,True,65,2025-03-18,complete
2025-03-18,0.00,0.00,0,3331948.57,last_posted_transaction_or_prior_closing_balance,,trusted,weekday_rule,base_calendar,True,66,2025-03-19,complete
2025-03-19,0.00,24943.01,2,3307005.56,last_posted_transaction_or_prior_closing_balance,synb1_txn_129294b07a6445872a3c7c7b,trusted,weekday_rule,base_calendar,True,67,2025-03-20,complete
2025-03-20,29341.69,0.00,1,3336347.25,last_posted_transaction_or_prior_closing_balance,synb1_txn_426e4a863a262fc54b41d58b,trusted,weekday_rule,base_calendar,True,68,2025-03-21,complete
2025-03-21,29586.20,0.00,1,3365933.45,last_posted_transaction_or_prior_closing_balance,synb1_txn_8d25964e79741aa1eba8c5a7,trusted,weekday_rule,base_calendar,True,69,2025-03-22,complete
2025-03-22,0.00,19082.45,2,3346851.00,last_posted_transaction_or_prior_closing_balance,synb1_txn_28bd0234919fdcad812f7abd,trusted,historical_transaction_override,historical_transaction_override,True,70,2025-03-23,complete
2025-03-23,0.00,34272.24,1,3312578.76,last_posted_transaction_or_prior_closing_balance,synb1_txn_9be02bb50c23fee3d314a61e,trusted,historical_transaction_override,historical_transaction_override,True,71,2025-03-24,complete
2025-03-24,51347.96,13297.87,2,3350628.85,last_posted_transaction_or_prior_closing_balance,synb1_txn_69e23c7ab029f833b3a953f8,trusted,weekday_rule,base_calendar,True,72,2025-03-25,complete
2025-03-25,14793.11,89347.62,4,3276074.34,last_posted_transaction_or_prior_closing_balance,synb1_txn_aafaca3c531db796dd7f66c3,trusted,weekday_rule,base_calendar,True,73,2025-03-26,complete
2025-03-26,0.00,51337.33,2,3224737.01,last_posted_transaction_or_prior_closing_balance,synb1_txn_ec4f350ccaf201cb0fb9155a,trusted,weekday_rule,base_calendar,True,74,2025-03-27,complete
2025-03-27,0.00,26595.75,1,3198141.26,last_posted_transaction_or_prior_closing_balance,synb1_txn_e2803f313b4ff9d766bf9671,trusted,weekday_rule,base_calendar,True,75,2025-03-28,complete
2025-03-28,115009.96,34411.37,6,3278739.85,last_posted_transaction_or_prior_closing_balance,synb1_txn_5f6f57079af4e8099252fc24,trusted,weekday_rule,base_calendar,True,76,2025-03-29,complete
2025-03-29,0.00,16119.19,1,3262620.66,last_posted_transaction_or_prior_closing_balance,synb1_txn_edc4bc18100ac7a8a6bd9385,trusted,historical_transaction_override,historical_transaction_override,True,77,2025-03-31,complete
2025-03-30,0.00,0.00,0,3262620.66,last_posted_transaction_or_prior_closing_balance,,trusted,weekday_rule,base_calendar,False,,,complete
2025-03-31,45724.13,0.00,1,3308344.79,last_posted_transaction_or_prior_closing_balance,synb1_txn_8fde020ffaf3770f62020b45,trusted,weekday_rule,base_calendar,True,78,2025-04-01,complete
2025-04-01,94783.13,0.00,2,3403127.92,last_posted_transaction_or_prior_closing_balance,synb1_txn_5de620bdd783ac4515092ec9,trusted,weekday_rule,base_calendar,True,79,2025-04-02,complete
2025-04-02,21110.67,0.00,1,3424238.59,last_posted_transaction_or_prior_closing_balance,synb1_txn_fbfc54adad94f19f565b2481,trusted,weekday_rule,base_calendar,True,80,2025-04-03,complete
2025-04-03,0.00,41662.35,1,3382576.24,last_posted_transaction_or_prior_closing_balance,synb1_txn_f18e0c0d1b4722fb7e5d91dc,trusted,weekday_rule,base_calendar,True,81,2025-04-04,complete
2025-04-04,67241.38,0.00,1,3449817.62,last_posted_transaction_or_prior_closing_balance,synb1_txn_50fe9e1ba6725c78a0b721d4,trusted,historical_transaction_override,historical_transaction_override,True,82,2025-04-06,complete
2025-04-05,0.00,0.00,0,3449817.62,last_posted_transaction_or_prior_closing_balance,,trusted,gov_cn_2025_holiday_schedule_v1,base_calendar,False,,,complete
2025-04-06,39406.61,0.00,1,3489224.23,last_posted_transaction_or_prior_closing_balance,synb1_txn_d9a494a614b8b5302271bd58,trusted,historical_transaction_override,historical_transaction_override,True,83,2025-04-07,complete
2025-04-07,0.00,158254.96,1,3330969.27,last_posted_transaction_or_prior_closing_balance,synb1_txn_384512da7541a33164da3691,trusted,weekday_rule,base_calendar,True,84,2025-04-08,complete
2025-04-08,23534.47,0.00,1,3354503.74,last_posted_transaction_or_prior_closing_balance,synb1_txn_b6e5a94330d10604ddc291e3,trusted,weekday_rule,base_calendar,True,85,2025-04-09,complete
2025-04-09,0.00,0.00,0,3354503.74,last_posted_transaction_or_prior_closing_balance,,trusted,weekday_rule,base_calendar,True,86,2025-04-10,complete
2025-04-10,0.00,0.00,0,3354503.74,last_posted_transaction_or_prior_closing_balance,,trusted,weekday_rule,base_calendar,True,87,2025-04-11,complete
2025-04-11,0.00,0.00,0,3354503.74,last_posted_transaction_or_prior_closing_balance,,trusted,weekday_rule,base_calendar,True,88,2025-04-12,complete
2025-04-12,16810.35,0.00,1,3371314.09,last_posted_transaction_or_prior_closing_balance,synb1_txn_45e087fcc92f1e4416345956,trusted,historical_transaction_override,historical_transaction_override,True,89,2025-04-13,complete
2025-04-13,51538.90,0.00,1,3422852.99,last_posted_transaction_or_prior_closing_balance,synb1_txn_0ced5dbffb00b92bb30504bc,trusted,historical_transaction_override,historical_transaction_override,True,90,2025-04-14,complete
2025-04-14,46875.00,0.00,1,3469727.99,last_posted_transaction_or_prior_closing_balance,synb1_txn_8bc0d5cadff78edae3057fe7,trusted,weekday_rule,base_calendar,True,91,2025-04-15,complete
2025-04-15,0.00,16217.62,1,3453510.37,last_posted_transaction_or_prior_closing_balance,synb1_txn_fee2a56198aeeffc25d5af9e,trusted,weekday_rule,base_calendar,True,92,2025-04-16,complete
2025-04-16,34837.38,0.00,2,3488347.75,last_posted_transaction_or_prior_closing_balance,synb1_txn_b5b2d1122453a86cc99e4806,trusted,weekday_rule,base_calendar,True,93,2025-04-17,complete
2025-04-17,18406.75,23789.82,2,3482964.68,last_posted_transaction_or_prior_closing_balance,synb1_txn_0c6f9ba7e16780aa6d180ce6,trusted,weekday_rule,base_calendar,True,94,2025-04-18,complete
2025-04-18,26250.00,29191.73,2,3480022.95,last_posted_transaction_or_prior_closing_balance,synb1_txn_555c46238e9178d149e0efa5,trusted,weekday_rule,base_calendar,True,95,2025-04-20,complete
2025-04-19,0.00,0.00,0,3480022.95,last_posted_transaction_or_prior_closing_balance,,trusted,weekday_rule,base_calendar,False,,,complete
2025-04-20,66901.74,16277.25,3,3530647.44,last_posted_transaction_or_prior_closing_balance,synb1_txn_6446ad4f5d756347b4411fec,trusted,historical_transaction_override,historical_transaction_override,True,96,2025-04-21,complete
2025-04-21,0.00,14190.42,1,3516457.02,last_posted_transaction_or_prior_closing_balance,synb1_txn_31f73c5ad15048096d58b225,trusted,weekday_rule,base_calendar,True,97,2025-04-22,complete
2025-04-22,0.00,0.00,0,3516457.02,last_posted_transaction_or_prior_closing_balance,,trusted,weekday_rule,base_calendar,True,98,2025-04-23,complete
2025-04-23,0.00,0.00,0,3516457.02,last_posted_transaction_or_prior_closing_balance,,trusted,weekday_rule,base_calendar,True,99,2025-04-24,complete
2025-04-24,0.00,48848.44,2,3467608.58,last_posted_transaction_or_prior_closing_balance,synb1_txn_de123f1b9efc10a1e44d5e5b,trusted,weekday_rule,base_calendar,True,100,2025-04-25,complete
2025-04-25,0.00,62003.87,1,3405604.71,last_posted_transaction_or_prior_closing_balance,synb1_txn_a0208639bf8ac8cb631cbdd1,trusted,weekday_rule,base_calendar,True,101,2025-04-26,complete
2025-04-26,0.00,7396.99,1,3398207.72,last_posted_transaction_or_prior_closing_balance,synb1_txn_efd3febee31dc906f5da5205,trusted,historical_transaction_override,historical_transaction_override,True,102,2025-04-27,complete
2025-04-27,0.00,18163.74,2,3380043.98,last_posted_transaction_or_prior_closing_balance,synb1_txn_82c9641ef1906ec11ff01b15,trusted,gov_cn_2025_holiday_schedule_v1,base_calendar,True,103,2025-04-28,complete
2025-04-28,53413.06,8231.18,4,3425225.86,last_posted_transaction_or_prior_closing_balance,synb1_txn_0b7bbf45647d8d35c8fe48fa,trusted,weekday_rule,base_calendar,True,104,2025-04-29,complete
2025-04-29,0.00,16643.25,1,3408582.61,last_posted_transaction_or_prior_closing_balance,synb1_txn_07c24f3879b3433c39e094c0,trusted,weekday_rule,base_calendar,True,105,2025-04-30,complete
2025-04-30,0.00,14958.37,1,3393624.24,last_posted_transaction_or_prior_closing_balance,synb1_txn_4ae7384d4d662db49899eb4f,trusted,weekday_rule,base_calendar,True,106,2025-05-02,complete
2025-05-01,0.00,0.00,0,3393624.24,last_posted_transaction_or_prior_closing_balance,,trusted,gov_cn_2025_holiday_schedule_v1,base_calendar,False,,,complete
2025-05-02,35608.71,0.00,1,3429232.95,last_posted_transaction_or_prior_closing_balance,synb1_txn_477753a52f48709774793e57,trusted,historical_transaction_override,historical_transaction_override,True,107,2025-05-03,complete
2025-05-03,0.00,51753.32,2,3377479.63,last_posted_transaction_or_prior_closing_balance,synb1_txn_4668b25789033c9352211fd5,trusted,historical_transaction_override,historical_transaction_override,True,108,2025-05-04,complete
2025-05-04,0.00,40067.07,1,3337412.56,last_posted_transaction_or_prior_closing_balance,synb1_txn_f8af3962e7cdfae1bbedca04,trusted,historical_transaction_override,historical_transaction_override,True,109,2025-05-06,complete
2025-05-05,0.00,0.00,0,3337412.56,last_posted_transaction_or_prior_closing_balance,,trusted,gov_cn_2025_holiday_schedule_v1,base_calendar,False,,,complete
2025-05-06,0.00,35318.40,1,3302094.16,last_posted_transaction_or_prior_closing_balance,synb1_txn_3fbb7617e95b0699b1dc6d46,trusted,weekday_rule,base_calendar,True,110,2025-05-07,complete
2025-05-07,0.00,174281.79,2,3127812.37,last_posted_transaction_or_prior_closing_balance,synb1_txn_f98a1bab2a2af989032698de,trusted,weekday_rule,base_calendar,True,111,2025-05-08,complete
2025-05-08,34834.59,0.00,1,3162646.96,last_posted_transaction_or_prior_closing_balance,synb1_txn_60109f1064da5dc6c1f523c9,trusted,weekday_rule,base_calendar,True,112,2025-05-09,complete
2025-05-09,28614.12,0.00,1,3191261.08,last_posted_transaction_or_prior_closing_balance,synb1_txn_860a8d2503f17444988d0410,trusted,weekday_rule,base_calendar,True,113,2025-05-11,complete
2025-05-10,0.00,0.00,0,3191261.08,last_posted_transaction_or_prior_closing_balance,,trusted,weekday_rule,base_calendar,False,,,complete
2025-05-11,31851.17,0.00,1,3223112.25,last_posted_transaction_or_prior_closing_balance,synb1_txn_c1166a8da6598d94a8a3c0cb,trusted,historical_transaction_override,historical_transaction_override,True,114,2025-05-12,complete
2025-05-12,85344.74,0.00,2,3308456.99,last_posted_transaction_or_prior_closing_balance,synb1_txn_ab3a3505ba3431165c95e1ab,trusted,weekday_rule,base_calendar,True,115,2025-05-13,complete
2025-05-13,98387.39,22044.40,3,3384799.98,last_posted_transaction_or_prior_closing_balance,synb1_txn_04307c7692ceb741744bb730,trusted,weekday_rule,base_calendar,True,116,2025-05-14,complete
2025-05-14,0.00,0.00,0,3384799.98,last_posted_transaction_or_prior_closing_balance,,trusted,weekday_rule,base_calendar,True,117,2025-05-15,complete
2025-05-15,48838.48,0.00,1,3433638.46,last_posted_transaction_or_prior_closing_balance,synb1_txn_c2b990c036be2eec030d05ac,trusted,weekday_rule,base_calendar,True,118,2025-05-16,complete
2025-05-16,78546.70,31121.52,3,3481063.64,last_posted_transaction_or_prior_closing_balance,synb1_txn_25f33bf346948f2fcb1fdbb6,trusted,weekday_rule,base_calendar,True,119,2025-05-17,complete
2025-05-17,77406.41,0.00,2,3558470.05,last_posted_transaction_or_prior_closing_balance,synb1_txn_b721d27527fd9cb31fcbfe4b,trusted,historical_transaction_override,historical_transaction_override,True,120,2025-05-19,complete
2025-05-18,0.00,0.00,0,3558470.05,last_posted_transaction_or_prior_closing_balance,,trusted,weekday_rule,base_calendar,False,,,complete
2025-05-19,0.00,0.00,0,3558470.05,last_posted_transaction_or_prior_closing_balance,,trusted,weekday_rule,base_calendar,True,121,2025-05-20,complete
2025-05-20,32006.90,0.00,1,3590476.95,last_posted_transaction_or_prior_closing_balance,synb1_txn_834158f47e44f404856eeefb,trusted,weekday_rule,base_calendar,True,122,2025-05-21,complete
2025-05-21,33889.66,22152.46,2,3602214.15,last_posted_transaction_or_prior_closing_balance,synb1_txn_2d0552ebce3be37b5193dffd,trusted,weekday_rule,base_calendar,True,123,2025-05-22,complete
2025-05-22,0.00,34121.25,2,3568092.90,last_posted_transaction_or_prior_closing_balance,synb1_txn_6fc7f86f3733308a7fc177e9,trusted,weekday_rule,base_calendar,True,124,2025-05-23,complete
2025-05-23,0.00,8903.79,1,3559189.11,last_posted_transaction_or_prior_closing_balance,synb1_txn_22e4fc14d9db17330d8c16e5,trusted,weekday_rule,base_calendar,True,125,2025-05-24,complete
2025-05-24,26711.07,61834.28,3,3524065.90,last_posted_transaction_or_prior_closing_balance,synb1_txn_17f33add7b8f05bf5db8162e,trusted,historical_transaction_override,historical_transaction_override,True,126,2025-05-25,complete
2025-05-25,0.00,109797.51,4,3414268.39,last_posted_transaction_or_prior_closing_balance,synb1_txn_300c46610f805c9149a4bc7f,trusted,historical_transaction_override,historical_transaction_override,True,127,2025-05-26,complete
2025-05-26,0.00,6849.07,1,3407419.32,last_posted_transaction_or_prior_closing_balance,synb1_txn_6ae7a7ef4af09c6dc45e0630,trusted,weekday_rule,base_calendar,True,128,2025-05-27,complete
2025-05-27,58836.20,16437.78,2,3449817.74,last_posted_transaction_or_prior_closing_balance,synb1_txn_a053c771864645082bdf4645,trusted,weekday_rule,base_calendar,True,129,2025-05-28,complete
2025-05-28,21702.76,28709.91,5,3442810.59,last_posted_transaction_or_prior_closing_balance,synb1_txn_1e6a6dc6a801964227196129,trusted,weekday_rule,base_calendar,True,130,2025-05-29,complete
2025-05-29,18985.80,0.00,1,3461796.39,last_posted_transaction_or_prior_closing_balance,synb1_txn_03955b205f22a0e07ef2123b,trusted,weekday_rule,base_calendar,True,131,2025-05-30,complete
2025-05-30,0.00,0.00,0,3461796.39,last_posted_transaction_or_prior_closing_balance,,trusted,weekday_rule,base_calendar,True,132,2025-05-31,complete
2025-05-31,25887.93,18115.81,2,3469568.51,last_posted_transaction_or_prior_closing_balance,synb1_txn_76d6131fb928e7f5b93d0b07,trusted,historical_transaction_override,historical_transaction_override,True,133,2025-06-02,complete
2025-06-01,0.00,0.00,0,3469568.51,last_posted_transaction_or_prior_closing_balance,,trusted,gov_cn_2025_holiday_schedule_v1,base_calendar,False,,,complete
2025-06-02,45565.92,0.00,1,3515134.43,last_posted_transaction_or_prior_closing_balance,synb1_txn_dcfa4688bb379646f9b08dfd,trusted,historical_transaction_override,historical_transaction_override,True,134,2025-06-03,complete
2025-06-03,0.00,58990.52,2,3456143.91,last_posted_transaction_or_prior_closing_balance,synb1_txn_0df6028bd0d6e5d21713a289,trusted,weekday_rule,base_calendar,True,135,2025-06-04,complete
2025-06-04,0.00,0.00,0,3456143.91,last_posted_transaction_or_prior_closing_balance,,trusted,weekday_rule,base_calendar,True,136,2025-06-05,complete
2025-06-05,0.00,0.00,0,3456143.91,last_posted_transaction_or_prior_closing_balance,,trusted,weekday_rule,base_calendar,True,137,2025-06-06,complete
2025-06-06,0.00,0.00,0,3456143.91,last_posted_transaction_or_prior_closing_balance,,trusted,weekday_rule,base_calendar,True,138,2025-06-07,complete
2025-06-07,0.00,158254.96,1,3297888.95,last_posted_transaction_or_prior_closing_balance,synb1_txn_4df055d00c838a06b3ff1f58,trusted,historical_transaction_override,historical_transaction_override,True,139,2025-06-09,complete
2025-06-08,0.00,0.00,0,3297888.95,last_posted_transaction_or_prior_closing_balance,,trusted,weekday_rule,base_calendar,False,,,complete
2025-06-09,42266.00,0.00,1,3340154.95,last_posted_transaction_or_prior_closing_balance,synb1_txn_52aec7594ab612c41d4fbf24,trusted,weekday_rule,base_calendar,True,140,2025-06-10,complete
2025-06-10,32718.11,0.00,1,3372873.06,last_posted_transaction_or_prior_closing_balance,synb1_txn_38434767f08bf86878c3c460,trusted,weekday_rule,base_calendar,True,141,2025-06-11,complete
2025-06-11,0.00,0.00,0,3372873.06,last_posted_transaction_or_prior_closing_balance,,trusted,weekday_rule,base_calendar,True,142,2025-06-12,complete
2025-06-12,0.00,0.00,0,3372873.06,last_posted_transaction_or_prior_closing_balance,,trusted,weekday_rule,base_calendar,True,143,2025-06-13,complete
2025-06-13,46492.62,0.00,1,3419365.68,last_posted_transaction_or_prior_closing_balance,synb1_txn_68ac03f9738eade432959ec2,trusted,weekday_rule,base_calendar,True,144,2025-06-14,complete
2025-06-14,26174.50,0.00,1,3445540.18,last_posted_transaction_or_prior_closing_balance,synb1_txn_9e06d5843e21f96e9efe87d6,trusted,historical_transaction_override,historical_transaction_override,True,145,2025-06-15,complete
2025-06-15,25254.85,0.00,1,3470795.03,last_posted_transaction_or_prior_closing_balance,synb1_txn_f1ec010a73a35d8a0ce63e51,trusted,historical_transaction_override,historical_transaction_override,True,146,2025-06-16,complete
2025-06-16,0.00,0.00,0,3470795.03,last_posted_transaction_or_prior_closing_balance,,trusted,weekday_rule,base_calendar,True,147,2025-06-17,complete
2025-06-17,0.00,11702.12,1,3459092.91,last_posted_transaction_or_prior_closing_balance,synb1_txn_2be54c3fbe0b85a1b03a6032,trusted,weekday_rule,base_calendar,True,148,2025-06-18,complete
2025-06-18,0.00,0.00,0,3459092.91,last_posted_transaction_or_prior_closing_balance,,trusted,weekday_rule,base_calendar,True,149,2025-06-19,complete
2025-06-19,29711.59,0.00,1,3488804.50,last_posted_transaction_or_prior_closing_balance,synb1_txn_41f4be28f12a87082223c5bb,trusted,weekday_rule,base_calendar,True,150,2025-06-20,complete
2025-06-20,0.00,94341.08,4,3394463.42,last_posted_transaction_or_prior_closing_balance,synb1_txn_438f949e6f6cc97018527088,trusted,weekday_rule,base_calendar,True,151,2025-06-21,complete
2025-06-21,21593.95,17622.37,2,3398435.00,last_posted_transaction_or_prior_closing_balance,synb1_txn_58743aed2c018a2ad55b4431,trusted,historical_transaction_override,historical_transaction_override,True,152,2025-06-23,complete
2025-06-22,0.00,0.00,0,3398435.00,last_posted_transaction_or_prior_closing_balance,,trusted,weekday_rule,base_calendar,False,,,complete
2025-06-23,0.00,80540.73,3,3317894.27,last_posted_transaction_or_prior_closing_balance,synb1_txn_3c8cffa2172fad7f30b52fa1,trusted,weekday_rule,base_calendar,True,153,2025-06-24,complete
2025-06-24,0.00,21254.74,2,3296639.53,last_posted_transaction_or_prior_closing_balance,synb1_txn_fe506bef2ae6a3a01254658e,trusted,weekday_rule,base_calendar,True,154,2025-06-25,complete
2025-06-25,21593.96,62003.87,2,3256229.62,last_posted_transaction_or_prior_closing_balance,synb1_txn_b47fa202fbdc1bebcbbe4391,trusted,weekday_rule,base_calendar,True,155,2025-06-26,complete
2025-06-26,0.00,0.00,0,3256229.62,last_posted_transaction_or_prior_closing_balance,,trusted,weekday_rule,base_calendar,True,156,2025-06-27,complete
2025-06-27,0.00,46335.85,3,3209893.77,last_posted_transaction_or_prior_closing_balance,synb1_txn_687579acffda789b62e74d18,trusted,weekday_rule,base_calendar,True,157,2025-06-29,complete
2025-06-28,0.00,0.00,0,3209893.77,last_posted_transaction_or_prior_closing_balance,,trusted,weekday_rule,base_calendar,False,,,complete
2025-06-29,42329.06,0.00,1,3252222.83,last_posted_transaction_or_prior_closing_balance,synb1_txn_db09325a1dfeb56602d3cf86,trusted,historical_transaction_override,historical_transaction_override,True,158,2025-06-30,complete
2025-06-30,43973.17,43615.19,6,3252580.81,last_posted_transaction_or_prior_closing_balance,synb1_txn_35e5249a4dc567a597591799,trusted,weekday_rule,base_calendar,True,159,2025-07-01,complete
2025-07-01,0.00,0.00,0,3252580.81,last_posted_transaction_or_prior_closing_balance,,trusted,weekday_rule,base_calendar,True,160,2025-07-02,complete
2025-07-02,0.00,0.00,0,3252580.81,last_posted_transaction_or_prior_closing_balance,,trusted,weekday_rule,base_calendar,True,161,2025-07-03,complete
2025-07-03,115528.57,41662.35,4,3326447.03,last_posted_transaction_or_prior_closing_balance,synb1_txn_4a3d52c394c24eb04f63da2f,trusted,weekday_rule,base_calendar,True,162,2025-07-04,complete
2025-07-04,18845.65,0.00,1,3345292.68,last_posted_transaction_or_prior_closing_balance,synb1_txn_9d1d0baded2d080b77c22a9c,trusted,weekday_rule,base_calendar,True,163,2025-07-07,complete
2025-07-05,0.00,0.00,0,3345292.68,last_posted_transaction_or_prior_closing_balance,,trusted,weekday_rule,base_calendar,False,,,complete
2025-07-06,0.00,0.00,0,3345292.68,last_posted_transaction_or_prior_closing_balance,,trusted,weekday_rule,base_calendar,False,,,complete
2025-07-07,101269.88,158254.96,3,3288307.60,last_posted_transaction_or_prior_closing_balance,synb1_txn_b726c8895a9b435d785ba823,trusted,weekday_rule,base_calendar,True,164,2025-07-08,complete
2025-07-08,50594.11,0.00,1,3338901.71,last_posted_transaction_or_prior_closing_balance,synb1_txn_545d8d5c92acff755967f9a0,trusted,weekday_rule,base_calendar,True,165,2025-07-09,complete
2025-07-09,0.00,0.00,0,3338901.71,last_posted_transaction_or_prior_closing_balance,,trusted,weekday_rule,base_calendar,True,166,2025-07-10,complete
2025-07-10,0.00,43197.31,1,3295704.40,last_posted_transaction_or_prior_closing_balance,synb1_txn_a001ee7df15a0e4d6c2d5134,trusted,weekday_rule,base_calendar,True,167,2025-07-11,complete
2025-07-11,0.00,0.00,0,3295704.40,last_posted_transaction_or_prior_closing_balance,,trusted,weekday_rule,base_calendar,True,168,2025-07-12,complete
2025-07-12,55412.60,0.00,1,3351117.00,last_posted_transaction_or_prior_closing_balance,synb1_txn_8b48c1fd4c19b61fdfe1cc7e,trusted,historical_transaction_override,historical_transaction_override,True,169,2025-07-13,complete
2025-07-13,21521.73,19198.81,2,3353439.92,last_posted_transaction_or_prior_closing_balance,synb1_txn_fd8fe339b422877e1e5c9c0c,trusted,historical_transaction_override,historical_transaction_override,True,170,2025-07-14,complete
2025-07-14,0.00,0.00,0,3353439.92,last_posted_transaction_or_prior_closing_balance,,trusted,weekday_rule,base_calendar,True,171,2025-07-15,complete
2025-07-15,0.00,21922.96,1,3331516.96,last_posted_transaction_or_prior_closing_balance,synb1_txn_acc6d74b5aff280c7643ccfa,trusted,weekday_rule,base_calendar,True,172,2025-07-16,complete
2025-07-16,0.00,0.00,0,3331516.96,last_posted_transaction_or_prior_closing_balance,,trusted,weekday_rule,base_calendar,True,173,2025-07-17,complete
2025-07-17,33478.27,0.00,1,3364995.23,last_posted_transaction_or_prior_closing_balance,synb1_txn_a95ce8cd78086f23699d4afa,trusted,weekday_rule,base_calendar,True,174,2025-07-18,complete
2025-07-18,74130.43,22851.39,4,3416274.27,last_posted_transaction_or_prior_closing_balance,synb1_txn_53b593777435eb5137a7d68c,trusted,weekday_rule,base_calendar,True,175,2025-07-19,complete
2025-07-19,0.00,13552.09,1,3402722.18,last_posted_transaction_or_prior_closing_balance,synb1_txn_00f098e8fde1c113ce837558,trusted,historical_transaction_override,historical_transaction_override,True,176,2025-07-20,complete
2025-07-20,0.00,35697.77,1,3367024.41,last_posted_transaction_or_prior_closing_balance,synb1_txn_fc5c8ca5467f123175d96adb,trusted,historical_transaction_override,historical_transaction_override,True,177,2025-07-21,complete
2025-07-21,32200.00,26021.23,3,3373203.18,last_posted_transaction_or_prior_closing_balance,synb1_txn_08c6d9e9fb18b3e3aaade04a,trusted,weekday_rule,base_calendar,True,178,2025-07-22,complete
2025-07-22,50869.57,24845.53,4,3399227.22,last_posted_transaction_or_prior_closing_balance,synb1_txn_997d1a901a7d16cc4736595d,trusted,weekday_rule,base_calendar,True,179,2025-07-23,complete
2025-07-23,0.00,31498.05,1,3367729.17,last_posted_transaction_or_prior_closing_balance,synb1_txn_93f3ce27be9d6693eea6742d,trusted,weekday_rule,base_calendar,True,180,2025-07-24,complete
2025-07-24,44861.11,29998.14,2,3382592.14,last_posted_transaction_or_prior_closing_balance,synb1_txn_5c14e207dcf6a68a2e93c851,trusted,weekday_rule,base_calendar,True,181,2025-07-25,complete
2025-07-25,37800.00,81202.69,3,3339189.45,last_posted_transaction_or_prior_closing_balance,synb1_txn_8930a5ec7de419da0c77944c,trusted,weekday_rule,base_calendar,True,182,2025-07-27,complete
2025-07-26,0.00,0.00,0,3339189.45,last_posted_transaction_or_prior_closing_balance,,trusted,weekday_rule,base_calendar,False,,,complete
2025-07-27,28108.10,0.00,1,3367297.55,last_posted_transaction_or_prior_closing_balance,synb1_txn_0fbc5729657262af45221f19,trusted,historical_transaction_override,historical_transaction_override,True,183,2025-07-28,complete
2025-07-28,40138.89,8231.18,4,3399205.26,last_posted_transaction_or_prior_closing_balance,synb1_txn_2724b0fdd3b725d289393667,trusted,weekday_rule,base_calendar,True,184,2025-07-29,complete
2025-07-29,0.00,0.00,0,3399205.26,last_posted_transaction_or_prior_closing_balance,,trusted,weekday_rule,base_calendar,True,185,2025-07-30,complete
2025-07-30,0.00,0.00,0,3399205.26,last_posted_transaction_or_prior_closing_balance,,trusted,weekday_rule,base_calendar,True,186,2025-07-31,complete
2025-07-31,51891.90,0.00,1,3451097.16,last_posted_transaction_or_prior_closing_balance,synb1_txn_92e69bb6e23df7163b9c4b19,trusted,weekday_rule,base_calendar,True,187,2025-08-01,complete
2025-08-01,0.00,0.00,0,3451097.16,last_posted_transaction_or_prior_closing_balance,,trusted,weekday_rule,base_calendar,True,188,2025-08-02,complete
2025-08-02,93333.33,0.00,1,3544430.49,last_posted_transaction_or_prior_closing_balance,synb1_txn_baa9214eb8530b9491919698,trusted,historical_transaction_override,historical_transaction_override,True,189,2025-08-03,complete
2025-08-03,0.00,51002.30,2,3493428.19,last_posted_transaction_or_prior_closing_balance,synb1_txn_c091c21f0f7aca410535dc52,trusted,historical_transaction_override,historical_transaction_override,True,190,2025-08-04,complete
2025-08-04,0.00,0.00,0,3493428.19,last_posted_transaction_or_prior_closing_balance,,trusted,weekday_rule,base_calendar,True,191,2025-08-05,complete
2025-08-05,0.00,0.00,0,3493428.19,last_posted_transaction_or_prior_closing_balance,,trusted,weekday_rule,base_calendar,True,192,2025-08-06,complete
2025-08-06,26666.67,9858.85,2,3510236.01,last_posted_transaction_or_prior_closing_balance,synb1_txn_6e793ccdfedf2be6280faa69,trusted,weekday_rule,base_calendar,True,193,2025-08-07,complete
2025-08-07,0.00,158254.96,1,3351981.05,last_posted_transaction_or_prior_closing_balance,synb1_txn_f6dc2bf16e343ab1f783321f,trusted,weekday_rule,base_calendar,True,194,2025-08-08,complete
2025-08-08,0.00,0.00,0,3351981.05,last_posted_transaction_or_prior_closing_balance,,trusted,weekday_rule,base_calendar,True,195,2025-08-10,complete
2025-08-09,0.00,0.00,0,3351981.05,last_posted_transaction_or_prior_closing_balance,,trusted,weekday_rule,base_calendar,False,,,complete
2025-08-10,24545.45,0.00,1,3376526.50,last_posted_transaction_or_prior_closing_balance,synb1_txn_999969b50b1350d38d4ea636,trusted,historical_transaction_override,historical_transaction_override,True,196,2025-08-11,complete
2025-08-11,47911.54,0.00,1,3424438.04,last_posted_transaction_or_prior_closing_balance,synb1_txn_befd4f5dc8cbba7ca29e3524,trusted,weekday_rule,base_calendar,True,197,2025-08-12,complete
2025-08-12,0.00,0.00,0,3424438.04,last_posted_transaction_or_prior_closing_balance,,trusted,weekday_rule,base_calendar,True,198,2025-08-13,complete
2025-08-13,47432.43,0.00,1,3471870.47,last_posted_transaction_or_prior_closing_balance,synb1_txn_884f69cc4022b264c0b26c37,trusted,weekday_rule,base_calendar,True,199,2025-08-14,complete
2025-08-14,25454.55,9031.23,2,3488293.79,last_posted_transaction_or_prior_closing_balance,synb1_txn_3313e6a15f9835e9ee4f871b,trusted,weekday_rule,base_calendar,True,200,2025-08-15,complete
2025-08-15,117340.70,0.00,2,3605634.49,last_posted_transaction_or_prior_closing_balance,synb1_txn_f82c905db20b300279bfa326,trusted,weekday_rule,base_calendar,True,201,2025-08-17,complete
2025-08-16,0.00,0.00,0,3605634.49,last_posted_transaction_or_prior_closing_balance,,trusted,weekday_rule,base_calendar,False,,,complete
2025-08-17,47432.43,13309.19,2,3639757.73,last_posted_transaction_or_prior_closing_balance,synb1_txn_daf47ee61d619e621642f206,trusted,historical_transaction_override,historical_transaction_override,True,202,2025-08-18,complete
2025-08-18,0.00,12141.53,1,3627616.20,last_posted_transaction_or_prior_closing_balance,synb1_txn_f3bb54eb35b1f95a4b6eab1c,trusted,weekday_rule,base_calendar,True,203,2025-08-19,complete
2025-08-19,24477.48,0.00,1,3652093.68,last_posted_transaction_or_prior_closing_balance,synb1_txn_c7dc96b5b156db6b93854f7c,trusted,weekday_rule,base_calendar,True,204,2025-08-20,complete
2025-08-20,0.00,30159.57,1,3621934.11,last_posted_transaction_or_prior_closing_balance,synb1_txn_573ba9cb650204a588983341,trusted,weekday_rule,base_calendar,True,205,2025-08-21,complete
2025-08-21,0.00,52552.61,2,3569381.50,last_posted_transaction_or_prior_closing_balance,synb1_txn_8c7ebdde58211e61473a1bae,trusted,weekday_rule,base_calendar,True,206,2025-08-22,complete
2025-08-22,0.00,0.00,0,3569381.50,last_posted_transaction_or_prior_closing_balance,,trusted,weekday_rule,base_calendar,True,207,2025-08-23,complete
2025-08-23,26736.98,45239.37,2,3550879.11,last_posted_transaction_or_prior_closing_balance,synb1_txn_0e1fb466efdde08f26983760,trusted,historical_transaction_override,historical_transaction_override,True,208,2025-08-24,complete
2025-08-24,0.00,16289.90,1,3534589.21,last_posted_transaction_or_prior_closing_balance,synb1_txn_88cd94795644361080b87cd2,trusted,historical_transaction_override,historical_transaction_override,True,209,2025-08-25,complete
2025-08-25,0.00,73565.04,2,3461024.17,last_posted_transaction_or_prior_closing_balance,synb1_txn_d385fb62df306ceddd314c50,trusted,weekday_rule,base_calendar,True,210,2025-08-26,complete
2025-08-26,26351.35,0.00,1,3487375.52,last_posted_transaction_or_prior_closing_balance,synb1_txn_7ee7602a75bfe01a8bd94252,trusted,weekday_rule,base_calendar,True,211,2025-08-27,complete
2025-08-27,57587.37,0.00,1,3544962.89,last_posted_transaction_or_prior_closing_balance,synb1_txn_7151147c8a8648531c0d4df1,trusted,weekday_rule,base_calendar,True,212,2025-08-28,complete
2025-08-28,0.00,21802.99,4,3523159.90,last_posted_transaction_or_prior_closing_balance,synb1_txn_276206d7ae89523b30f1c43a,trusted,weekday_rule,base_calendar,True,213,2025-08-29,complete
2025-08-29,33817.56,0.00,1,3556977.46,last_posted_transaction_or_prior_closing_balance,synb1_txn_6ec1abc3a747cc8218ae7dcc,trusted,weekday_rule,base_calendar,True,214,2025-08-30,complete
2025-08-30,66332.70,15422.53,3,3607887.63,last_posted_transaction_or_prior_closing_balance,synb1_txn_0baf819158675300e8086dba,trusted,historical_transaction_override,historical_transaction_override,True,215,2025-08-31,complete
2025-08-31,0.00,25473.53,1,3582414.10,last_posted_transaction_or_prior_closing_balance,synb1_txn_b5e5b66def7d6fe55ac9acf1,trusted,historical_transaction_override,historical_transaction_override,True,216,2025-09-01,complete
2025-09-01,0.00,0.00,0,3582414.10,last_posted_transaction_or_prior_closing_balance,,trusted,weekday_rule,base_calendar,True,217,2025-09-02,complete
2025-09-02,24155.41,22447.25,3,3584122.26,last_posted_transaction_or_prior_closing_balance,synb1_txn_708cc562b91edf27df0d5861,trusted,weekday_rule,base_calendar,True,218,2025-09-03,complete
2025-09-03,45893.04,63662.23,4,3566353.07,last_posted_transaction_or_prior_closing_balance,synb1_txn_7d96916db6c7cdc4c962f533,trusted,weekday_rule,base_calendar,True,219,2025-09-04,complete
2025-09-04,0.00,0.00,0,3566353.07,last_posted_transaction_or_prior_closing_balance,,trusted,weekday_rule,base_calendar,True,220,2025-09-05,complete
2025-09-05,0.00,17981.33,1,3548371.74,last_posted_transaction_or_prior_closing_balance,synb1_txn_3ec5813b6052fb65f66ed4db,trusted,weekday_rule,base_calendar,True,221,2025-09-07,complete
2025-09-06,0.00,0.00,0,3548371.74,last_posted_transaction_or_prior_closing_balance,,trusted,weekday_rule,base_calendar,False,,,complete
2025-09-07,19531.01,158254.96,2,3409647.79,last_posted_transaction_or_prior_closing_balance,synb1_txn_df1e845faa098d2c6ca9f173,trusted,historical_transaction_override,historical_transaction_override,True,222,2025-09-08,complete
2025-09-08,0.00,0.00,0,3409647.79,last_posted_transaction_or_prior_closing_balance,,trusted,weekday_rule,base_calendar,True,223,2025-09-09,complete
2025-09-09,29433.96,14271.23,2,3424810.52,last_posted_transaction_or_prior_closing_balance,synb1_txn_d32a4d819b25c3bcb1cf7967,trusted,weekday_rule,base_calendar,True,224,2025-09-10,complete
2025-09-10,0.00,0.00,0,3424810.52,last_posted_transaction_or_prior_closing_balance,,trusted,weekday_rule,base_calendar,True,225,2025-09-11,complete
2025-09-11,0.00,0.00,0,3424810.52,last_posted_transaction_or_prior_closing_balance,,trusted,weekday_rule,base_calendar,True,226,2025-09-12,complete
2025-09-12,0.00,36326.78,2,3388483.74,last_posted_transaction_or_prior_closing_balance,synb1_txn_57203ce58cfe2cb22339b413,trusted,weekday_rule,base_calendar,True,227,2025-09-13,complete
2025-09-13,29433.96,0.00,1,3417917.70,last_posted_transaction_or_prior_closing_balance,synb1_txn_fe9facab5c1d168dece4f8df,trusted,historical_transaction_override,historical_transaction_override,True,228,2025-09-15,complete
2025-09-14,0.00,0.00,0,3417917.70,last_posted_transaction_or_prior_closing_balance,,trusted,weekday_rule,base_calendar,False,,,complete
2025-09-15,46748.05,19460.78,2,3445204.97,last_posted_transaction_or_prior_closing_balance,synb1_txn_0cbcd81c600f3efffa7f2e37,trusted,weekday_rule,base_calendar,True,229,2025-09-16,complete
2025-09-16,0.00,0.00,0,3445204.97,last_posted_transaction_or_prior_closing_balance,,trusted,weekday_rule,base_calendar,True,230,2025-09-17,complete
2025-09-17,0.00,34929.59,1,3410275.38,last_posted_transaction_or_prior_closing_balance,synb1_txn_87def1b7402099a6402d6620,trusted,weekday_rule,base_calendar,True,231,2025-09-18,complete
2025-09-18,0.00,26117.90,2,3384157.48,last_posted_transaction_or_prior_closing_balance,synb1_txn_c01fd7b0881c99b57878cf16,trusted,weekday_rule,base_calendar,True,232,2025-09-19,complete
2025-09-19,41553.83,24251.12,2,3401460.19,last_posted_transaction_or_prior_closing_balance,synb1_txn_8bd983635503a32f1ba392f8,trusted,weekday_rule,base_calendar,True,233,2025-09-20,complete
2025-09-20,0.00,9979.89,1,3391480.30,last_posted_transaction_or_prior_closing_balance,synb1_txn_8e74198b3bea628f58321560,trusted,historical_transaction_override,historical_transaction_override,True,234,2025-09-21,complete
2025-09-21,0.00,45737.32,2,3345742.98,last_posted_transaction_or_prior_closing_balance,synb1_txn_74d8f17baeceab09979a7a80,trusted,historical_transaction_override,historical_transaction_override,True,235,2025-09-22,complete
2025-09-22,0.00,24251.12,1,3321491.86,last_posted_transaction_or_prior_closing_balance,synb1_txn_a97a635c9d69638ce9352b92,trusted,weekday_rule,base_calendar,True,236,2025-09-23,complete
2025-09-23,0.00,0.00,0,3321491.86,last_posted_transaction_or_prior_closing_balance,,trusted,weekday_rule,base_calendar,True,237,2025-09-24,complete
2025-09-24,47055.62,0.00,1,3368547.48,last_posted_transaction_or_prior_closing_balance,synb1_txn_066e72713d508be993854f62,trusted,weekday_rule,base_calendar,True,238,2025-09-25,complete
2025-09-25,0.00,62003.87,1,3306543.61,last_posted_transaction_or_prior_closing_balance,synb1_txn_081357fe26cf600da58874dd,trusted,weekday_rule,base_calendar,True,239,2025-09-26,complete
2025-09-26,0.00,0.00,0,3306543.61,last_posted_transaction_or_prior_closing_balance,,trusted,weekday_rule,base_calendar,True,240,2025-09-27,complete
2025-09-27,31273.58,0.00,1,3337817.19,last_posted_transaction_or_prior_closing_balance,synb1_txn_5bdc3242f1c045556b28aee1,trusted,historical_transaction_override,historical_transaction_override,True,241,2025-09-28,complete
2025-09-28,52284.03,8231.18,4,3381870.04,last_posted_transaction_or_prior_closing_balance,synb1_txn_c03b386ab8c1149edbc3dc15,trusted,gov_cn_2025_holiday_schedule_v1,base_calendar,True,242,2025-09-29,complete
2025-09-29,0.00,0.00,0,3381870.04,last_posted_transaction_or_prior_closing_balance,,trusted,weekday_rule,base_calendar,True,243,2025-09-30,complete
2025-09-30,0.00,0.00,0,3381870.04,last_posted_transaction_or_prior_closing_balance,,trusted,weekday_rule,base_calendar,True,244,2025-10-01,complete
2025-10-01,31273.58,12050.71,2,3401092.91,last_posted_transaction_or_prior_closing_balance,synb1_txn_c6f96c713a989525bfc6167c,trusted,historical_transaction_override,historical_transaction_override,True,245,2025-10-02,complete
2025-10-02,37137.38,0.00,1,3438230.29,last_posted_transaction_or_prior_closing_balance,synb1_txn_5b54ce6533f6ad6847053a30,trusted,historical_transaction_override,historical_transaction_override,True,246,2025-10-03,complete
2025-10-03,0.00,41662.35,1,3396567.94,last_posted_transaction_or_prior_closing_balance,synb1_txn_53cd84d1ffae677f77a843c1,trusted,historical_transaction_override,historical_transaction_override,True,247,2025-10-04,complete
2025-10-04,0.00,36909.43,2,3359658.51,last_posted_transaction_or_prior_closing_balance,synb1_txn_b65f51fc9153b9a058bb88ac,trusted,historical_transaction_override,historical_transaction_override,True,248,2025-10-05,complete
2025-10-05,41102.42,0.00,1,3400760.93,last_posted_transaction_or_prior_closing_balance,synb1_txn_93ba7b54ff6765cd92862a9f,trusted,historical_transaction_override,historical_transaction_override,True,249,2025-10-06,complete
2025-10-06,52579.59,0.00,2,3453340.52,last_posted_transaction_or_prior_closing_balance,synb1_txn_1d0fae633e71cbac5aa76187,trusted,historical_transaction_override,historical_transaction_override,True,250,2025-10-07,complete
2025-10-07,28207.54,181149.99,3,3300398.07,last_posted_transaction_or_prior_closing_balance,synb1_txn_3c53778ff66ed2dc922bcfea,trusted,historical_transaction_override,historical_transaction_override,True,251,2025-10-09,complete
2025-10-08,0.00,0.00,0,3300398.07,last_posted_transaction_or_prior_closing_balance,,trusted,gov_cn_2025_holiday_schedule_v1,base_calendar,False,,,complete
2025-10-09,43520.22,0.00,1,3343918.29,last_posted_transaction_or_prior_closing_balance,synb1_txn_eb06a83e0ec0176bd4a89c40,trusted,weekday_rule,base_calendar,True,252,2025-10-10,complete
2025-10-10,16981.14,0.00,1,3360899.43,last_posted_transaction_or_prior_closing_balance,synb1_txn_8da514d45621f5ae55e6568f,trusted,weekday_rule,base_calendar,True,253,2025-10-11,complete
2025-10-11,56415.10,0.00,1,3417314.53,last_posted_transaction_or_prior_closing_balance,synb1_txn_39622f3560efb6bde3d6ae3a,trusted,gov_cn_2025_holiday_schedule_v1,base_calendar,True,254,2025-10-12,complete
2025-10-12,25688.94,0.00,1,3443003.47,last_posted_transaction_or_prior_closing_balance,synb1_txn_ba399a9a6781650a910914ed,trusted,historical_transaction_override,historical_transaction_override,True,255,2025-10-13,complete
2025-10-13,0.00,0.00,0,3443003.47,last_posted_transaction_or_prior_closing_balance,,trusted,weekday_rule,base_calendar,True,256,2025-10-14,complete
2025-10-14,0.00,0.00,0,3443003.47,last_posted_transaction_or_prior_closing_balance,,trusted,weekday_rule,base_calendar,True,257,2025-10-15,complete
2025-10-15,0.00,0.00,0,3443003.47,last_posted_transaction_or_prior_closing_balance,,trusted,weekday_rule,base_calendar,True,258,2025-10-16,complete
2025-10-16,26759.33,0.00,1,3469762.80,last_posted_transaction_or_prior_closing_balance,synb1_txn_579ca60c9950545412c40311,trusted,weekday_rule,base_calendar,True,259,2025-10-17,complete
2025-10-17,0.00,0.00,0,3469762.80,last_posted_transaction_or_prior_closing_balance,,trusted,weekday_rule,base_calendar,True,260,2025-10-19,complete
2025-10-18,0.00,0.00,0,3469762.80,last_posted_transaction_or_prior_closing_balance,,trusted,weekday_rule,base_calendar,False,,,complete
2025-10-19,0.00,47396.44,3,3422366.36,last_posted_transaction_or_prior_closing_balance,synb1_txn_0d89031ea1b9de7a40e0f826,trusted,historical_transaction_override,historical_transaction_override,True,261,2025-10-20,complete
2025-10-20,0.00,0.00,0,3422366.36,last_posted_transaction_or_prior_closing_balance,,trusted,weekday_rule,base_calendar,True,262,2025-10-21,complete
2025-10-21,64390.03,0.00,2,3486756.39,last_posted_transaction_or_prior_closing_balance,synb1_txn_a55b05dbc06362028b489386,trusted,weekday_rule,base_calendar,True,263,2025-10-22,complete
2025-10-22,0.00,51176.52,3,3435579.87,last_posted_transaction_or_prior_closing_balance,synb1_txn_ca16d425bd04877b23d8cf75,trusted,weekday_rule,base_calendar,True,264,2025-10-23,complete
2025-10-23,0.00,0.00,0,3435579.87,last_posted_transaction_or_prior_closing_balance,,trusted,weekday_rule,base_calendar,True,265,2025-10-24,complete
2025-10-24,0.00,13037.99,1,3422541.88,last_posted_transaction_or_prior_closing_balance,synb1_txn_33609893c69a9effb924c01c,trusted,weekday_rule,base_calendar,True,266,2025-10-25,complete
2025-10-25,100656.98,84927.81,5,3438271.05,last_posted_transaction_or_prior_closing_balance,synb1_txn_3b8c3793c3dd1bc2b63630a7,trusted,historical_transaction_override,historical_transaction_override,True,267,2025-10-26,complete
2025-10-26,0.00,23981.97,1,3414289.08,last_posted_transaction_or_prior_closing_balance,synb1_txn_612fd26b9f1a8ca14997a190,trusted,historical_transaction_override,historical_transaction_override,True,268,2025-10-27,complete
2025-10-27,46022.98,19055.53,2,3441256.53,last_posted_transaction_or_prior_closing_balance,synb1_txn_bd62450e54ec5a18ce3cefe0,trusted,weekday_rule,base_calendar,True,269,2025-10-28,complete
2025-10-28,0.00,42617.10,4,3398639.43,last_posted_transaction_or_prior_closing_balance,synb1_txn_3e4949079d678e9586a3d9b1,trusted,weekday_rule,base_calendar,True,270,2025-10-29,complete
2025-10-29,48780.57,14988.74,2,3432431.26,last_posted_transaction_or_prior_closing_balance,synb1_txn_771e64d4729ac05e5d79f7e5,trusted,weekday_rule,base_calendar,True,271,2025-10-30,complete
2025-10-30,91232.28,0.00,2,3523663.54,last_posted_transaction_or_prior_closing_balance,synb1_txn_847595a0551237b1ea3fa13c,trusted,weekday_rule,base_calendar,True,272,2025-10-31,complete
2025-10-31,42735.64,0.00,1,3566399.18,last_posted_transaction_or_prior_closing_balance,synb1_txn_36152e4b60b71e558fe15b1a,trusted,weekday_rule,base_calendar,True,273,2025-11-01,complete
2025-11-01,0.00,35027.81,2,3531371.37,last_posted_transaction_or_prior_closing_balance,synb1_txn_c785fd91f8dd2aef1253773d,trusted,historical_transaction_override,historical_transaction_override,True,274,2025-11-03,complete
2025-11-02,0.00,0.00,0,3531371.37,last_posted_transaction_or_prior_closing_balance,,trusted,weekday_rule,base_calendar,False,,,complete
2025-11-03,122343.16,41662.35,4,3612052.18,last_posted_transaction_or_prior_closing_balance,synb1_txn_3e018a1286796b43901e5fef,trusted,weekday_rule,base_calendar,True,275,2025-11-04,complete
2025-11-04,0.00,45206.04,2,3566846.14,last_posted_transaction_or_prior_closing_balance,synb1_txn_590627857e7eb059b798475f,trusted,weekday_rule,base_calendar,True,276,2025-11-05,complete
2025-11-05,0.00,0.00,0,3566846.14,last_posted_transaction_or_prior_closing_balance,,trusted,weekday_rule,base_calendar,True,277,2025-11-06,complete
2025-11-06,0.00,0.00,0,3566846.14,last_posted_transaction_or_prior_closing_balance,,trusted,weekday_rule,base_calendar,True,278,2025-11-07,complete
2025-11-07,16390.09,158254.96,2,3424981.27,last_posted_transaction_or_prior_closing_balance,synb1_txn_cf08c5ec3a44c8113f4b8906,trusted,weekday_rule,base_calendar,True,279,2025-11-09,complete
2025-11-08,0.00,0.00,0,3424981.27,last_posted_transaction_or_prior_closing_balance,,trusted,weekday_rule,base_calendar,False,,,complete
2025-11-09,28155.07,0.00,1,3453136.34,last_posted_transaction_or_prior_closing_balance,synb1_txn_d451e0a42d4e714a84661e4a,trusted,historical_transaction_override,historical_transaction_override,True,280,2025-11-10,complete
2025-11-10,0.00,0.00,0,3453136.34,last_posted_transaction_or_prior_closing_balance,,trusted,weekday_rule,base_calendar,True,281,2025-11-11,complete
2025-11-11,0.00,23729.59,1,3429406.75,last_posted_transaction_or_prior_closing_balance,synb1_txn_e43f38ae1e264564f824d74f,trusted,weekday_rule,base_calendar,True,282,2025-11-12,complete
2025-11-12,0.00,0.00,0,3429406.75,last_posted_transaction_or_prior_closing_balance,,trusted,weekday_rule,base_calendar,True,283,2025-11-13,complete
2025-11-13,124491.98,0.00,2,3553898.73,last_posted_transaction_or_prior_closing_balance,synb1_txn_8c836c9a45753985a938430e,trusted,weekday_rule,base_calendar,True,284,2025-11-14,complete
2025-11-14,0.00,32856.36,1,3521042.37,last_posted_transaction_or_prior_closing_balance,synb1_txn_0c3cb742aa55ca00b226d973,trusted,weekday_rule,base_calendar,True,285,2025-11-15,complete
2025-11-15,0.00,17637.18,1,3503405.19,last_posted_transaction_or_prior_closing_balance,synb1_txn_28117dc72593b7dd2793a098,trusted,historical_transaction_override,historical_transaction_override,True,286,2025-11-16,complete
2025-11-16,0.00,17290.15,1,3486115.04,last_posted_transaction_or_prior_closing_balance,synb1_txn_50be2c9490688f2fcb84c200,trusted,historical_transaction_override,historical_transaction_override,True,287,2025-11-17,complete
2025-11-17,30882.35,0.00,1,3516997.39,last_posted_transaction_or_prior_closing_balance,synb1_txn_ca0ac4767f53f685b720721f,trusted,weekday_rule,base_calendar,True,288,2025-11-18,complete
2025-11-18,0.00,32019.89,2,3484977.50,last_posted_transaction_or_prior_closing_balance,synb1_txn_064c7fe8a871f9a563b3b39c,trusted,weekday_rule,base_calendar,True,289,2025-11-19,complete
2025-11-19,0.00,25149.31,1,3459828.19,last_posted_transaction_or_prior_closing_balance,synb1_txn_90c5ca36eae4d001f8664716,trusted,weekday_rule,base_calendar,True,290,2025-11-20,complete
2025-11-20,0.00,0.00,0,3459828.19,last_posted_transaction_or_prior_closing_balance,,trusted,weekday_rule,base_calendar,True,291,2025-11-21,complete
2025-11-21,0.00,23096.34,1,3436731.85,last_posted_transaction_or_prior_closing_balance,synb1_txn_b7188f9e0c3552143a02f907,trusted,weekday_rule,base_calendar,True,292,2025-11-23,complete
2025-11-22,0.00,0.00,0,3436731.85,last_posted_transaction_or_prior_closing_balance,,trusted,weekday_rule,base_calendar,False,,,complete
2025-11-23,0.00,39386.09,2,3397345.76,last_posted_transaction_or_prior_closing_balance,synb1_txn_d977fab2ee2a2ae5374a1fb0,trusted,historical_transaction_override,historical_transaction_override,True,293,2025-11-24,complete
2025-11-24,0.00,17831.70,1,3379514.06,last_posted_transaction_or_prior_closing_balance,synb1_txn_4e671b64554ca4bf38028fbf,trusted,weekday_rule,base_calendar,True,294,2025-11-25,complete
2025-11-25,85676.70,62003.87,3,3403186.89,last_posted_transaction_or_prior_closing_balance,synb1_txn_2effec49123f7df499bacb9e,trusted,weekday_rule,base_calendar,True,295,2025-11-26,complete
2025-11-26,29923.26,41622.96,4,3391487.19,last_posted_transaction_or_prior_closing_balance,synb1_txn_5a0353985061fbe8a99e3c83,trusted,weekday_rule,base_calendar,True,296,2025-11-27,complete
2025-11-27,0.00,12482.20,1,3379004.99,last_posted_transaction_or_prior_closing_balance,synb1_txn_33b03c719030bdd247e8e60d,trusted,weekday_rule,base_calendar,True,297,2025-11-28,complete
2025-11-28,12904.41,8231.18,4,3383678.22,last_posted_transaction_or_prior_closing_balance,synb1_txn_3805d55f624bba85eebe180e,trusted,weekday_rule,base_calendar,True,298,2025-11-29,complete
2025-11-29,133917.88,24079.13,4,3493516.97,last_posted_transaction_or_prior_closing_balance,synb1_txn_46c39152fe91af888c414aed,trusted,historical_transaction_override,historical_transaction_override,True,299,2025-11-30,complete
2025-11-30,38900.26,0.00,1,3532417.23,last_posted_transaction_or_prior_closing_balance,synb1_txn_dae33ca33fe537c64a67bc51,trusted,historical_transaction_override,historical_transaction_override,True,300,2025-12-01,complete
2025-12-01,27614.40,0.00,1,3560031.63,last_posted_transaction_or_prior_closing_balance,synb1_txn_76fd8b21838e7ce266f46230,trusted,weekday_rule,base_calendar,True,301,2025-12-02,complete
2025-12-02,21507.35,0.00,1,3581538.98,last_posted_transaction_or_prior_closing_balance,synb1_txn_1481742675aac56dccba2d3f,trusted,weekday_rule,base_calendar,True,302,2025-12-03,complete
2025-12-03,28934.82,41662.35,2,3568811.45,last_posted_transaction_or_prior_closing_balance,synb1_txn_200cb00fcdc6a91725629baf,trusted,weekday_rule,base_calendar,True,303,2025-12-04,complete
2025-12-04,0.00,0.00,0,3568811.45,last_posted_transaction_or_prior_closing_balance,,trusted,weekday_rule,base_calendar,True,304,2025-12-05,complete
2025-12-05,22091.52,0.00,1,3590902.97,last_posted_transaction_or_prior_closing_balance,synb1_txn_d0ca4d10344c6cb5c94fe53e,trusted,weekday_rule,base_calendar,True,305,2025-12-07,complete
2025-12-06,0.00,0.00,0,3590902.97,last_posted_transaction_or_prior_closing_balance,,trusted,weekday_rule,base_calendar,False,,,complete
2025-12-07,0.00,158254.96,1,3432648.01,last_posted_transaction_or_prior_closing_balance,synb1_txn_14ef512b42eec9ac4116b340,trusted,historical_transaction_override,historical_transaction_override,True,306,2025-12-08,complete
2025-12-08,0.00,0.00,0,3432648.01,last_posted_transaction_or_prior_closing_balance,,trusted,weekday_rule,base_calendar,True,307,2025-12-09,complete
2025-12-09,0.00,18685.65,1,3413962.36,last_posted_transaction_or_prior_closing_balance,synb1_txn_5cbf52029b3eb7d16a983df1,trusted,weekday_rule,base_calendar,True,308,2025-12-10,complete
2025-12-10,0.00,0.00,0,3413962.36,last_posted_transaction_or_prior_closing_balance,,trusted,weekday_rule,base_calendar,True,309,2025-12-11,complete
2025-12-11,0.00,0.00,0,3413962.36,last_posted_transaction_or_prior_closing_balance,,trusted,weekday_rule,base_calendar,True,310,2025-12-12,complete
2025-12-12,0.00,11041.53,1,3402920.83,last_posted_transaction_or_prior_closing_balance,synb1_txn_d4d98a2d3222e01b50a76ede,trusted,weekday_rule,base_calendar,True,311,2025-12-13,complete
2025-12-13,58995.56,18674.76,2,3443241.63,last_posted_transaction_or_prior_closing_balance,synb1_txn_31df2e215b7f440fd8aa3e6e,trusted,historical_transaction_override,historical_transaction_override,True,312,2025-12-15,complete
2025-12-14,0.00,0.00,0,3443241.63,last_posted_transaction_or_prior_closing_balance,,trusted,weekday_rule,base_calendar,False,,,complete
2025-12-15,0.00,17616.10,1,3425625.53,last_posted_transaction_or_prior_closing_balance,synb1_txn_05ef7fb2f0147f1217524f30,trusted,weekday_rule,base_calendar,True,313,2025-12-16,complete
2025-12-16,0.00,16006.95,1,3409618.58,last_posted_transaction_or_prior_closing_balance,synb1_txn_ee25d485a1b23103df25851c,trusted,weekday_rule,base_calendar,True,314,2025-12-17,complete
2025-12-17,50146.23,0.00,1,3459764.81,last_posted_transaction_or_prior_closing_balance,synb1_txn_8171a0936572199033c69e51,trusted,weekday_rule,base_calendar,True,315,2025-12-18,complete
2025-12-18,0.00,22020.14,1,3437744.67,last_posted_transaction_or_prior_closing_balance,synb1_txn_2fd76a360342faa6a16c9fb5,trusted,weekday_rule,base_calendar,True,316,2025-12-19,complete
2025-12-19,0.00,9909.06,1,3427835.61,last_posted_transaction_or_prior_closing_balance,synb1_txn_21e6626d389ec1e622c8568d,trusted,weekday_rule,base_calendar,True,317,2025-12-22,complete
2025-12-20,0.00,0.00,0,3427835.61,last_posted_transaction_or_prior_closing_balance,,trusted,weekday_rule,base_calendar,False,,,complete
2025-12-21,0.00,0.00,0,3427835.61,last_posted_transaction_or_prior_closing_balance,,trusted,weekday_rule,base_calendar,False,,,complete
2025-12-22,0.00,14863.59,1,3412972.02,last_posted_transaction_or_prior_closing_balance,synb1_txn_14fe031e0acc57db7b090047,trusted,weekday_rule,base_calendar,True,318,2025-12-23,complete
2025-12-23,50440.09,10861.85,3,3452550.26,last_posted_transaction_or_prior_closing_balance,synb1_txn_b115ee757340d73dd3aab9b3,trusted,weekday_rule,base_calendar,True,319,2025-12-24,complete
2025-12-24,0.00,0.00,0,3452550.26,last_posted_transaction_or_prior_closing_balance,,trusted,weekday_rule,base_calendar,True,320,2025-12-25,complete
2025-12-25,17288.05,62003.87,2,3407834.44,last_posted_transaction_or_prior_closing_balance,synb1_txn_f733a3bad91100d5dda227f6,trusted,weekday_rule,base_calendar,True,321,2025-12-26,complete
2025-12-26,0.00,11433.53,1,3396400.91,last_posted_transaction_or_prior_closing_balance,synb1_txn_556c522d67ec9f7292fe72c4,trusted,weekday_rule,base_calendar,True,322,2025-12-27,complete
2025-12-27,94758.90,0.00,3,3491159.81,last_posted_transaction_or_prior_closing_balance,synb1_txn_3866d150985d5d851f13bbbf,trusted,historical_transaction_override,historical_transaction_override,True,323,2025-12-29,complete
2025-12-28,0.00,0.00,0,3491159.81,last_posted_transaction_or_prior_closing_balance,,trusted,weekday_rule,base_calendar,False,,,complete
2025-12-29,22002.99,38754.62,5,3474408.18,last_posted_transaction_or_prior_closing_balance,synb1_txn_94634679545ed212a154b220,trusted,weekday_rule,base_calendar,True,324,2025-12-30,complete
2025-12-30,0.00,23781.74,1,3450626.44,last_posted_transaction_or_prior_closing_balance,synb1_txn_6cbd97d0898a4183230ccf8e,trusted,weekday_rule,base_calendar,True,325,2025-12-31,complete
2025-12-31,29427.86,0.00,1,3480054.30,last_posted_transaction_or_prior_closing_balance,synb1_txn_8b07be927a2054e8cd2d913b,trusted,weekday_rule,base_calendar,True,326,2026-01-01,complete
2026-01-01,0.00,26453.66,1,3453600.64,last_posted_transaction_or_prior_closing_balance,synb1_txn_c2f9236cb3829cd80453ec5c,trusted,historical_transaction_override,historical_transaction_override,True,327,2026-01-02,complete
2026-01-02,0.00,46273.03,2,3407327.61,last_posted_transaction_or_prior_closing_balance,synb1_txn_2dd1ed468353aacc0204b6c1,trusted,historical_transaction_override,historical_transaction_override,True,328,2026-01-03,complete
2026-01-03,0.00,41662.35,1,3365665.26,last_posted_transaction_or_prior_closing_balance,synb1_txn_7f4ada1fe10a9c51e710b617,trusted,historical_transaction_override,historical_transaction_override,True,329,2026-01-04,complete
2026-01-04,58694.02,0.00,1,3424359.28,last_posted_transaction_or_prior_closing_balance,synb1_txn_9ab7ec2f8f09a8a581ded608,trusted,gov_cn_2026_holiday_schedule_v1,base_calendar,True,330,2026-01-05,complete
2026-01-05,0.00,29035.87,1,3395323.41,last_posted_transaction_or_prior_closing_balance,synb1_txn_4ed7fac7fa014306677d4112,trusted,weekday_rule,base_calendar,True,331,2026-01-06,complete
2026-01-06,0.00,0.00,0,3395323.41,last_posted_transaction_or_prior_closing_balance,,trusted,weekday_rule,base_calendar,True,332,2026-01-07,complete
2026-01-07,0.00,158254.96,1,3237068.45,last_posted_transaction_or_prior_closing_balance,synb1_txn_32288f1138954a63a9087e60,trusted,weekday_rule,base_calendar,True,333,2026-01-08,complete
2026-01-08,89738.82,0.00,2,3326807.27,last_posted_transaction_or_prior_closing_balance,synb1_txn_2fcfba3d7c1c6fb28610afe1,trusted,weekday_rule,base_calendar,True,334,2026-01-09,complete
2026-01-09,0.00,0.00,0,3326807.27,last_posted_transaction_or_prior_closing_balance,,trusted,weekday_rule,base_calendar,True,335,2026-01-10,complete
2026-01-10,31888.38,0.00,1,3358695.65,last_posted_transaction_or_prior_closing_balance,synb1_txn_63c2c27cdaa08462f2e2526b,trusted,historical_transaction_override,historical_transaction_override,True,336,2026-01-12,complete
2026-01-11,0.00,0.00,0,3358695.65,last_posted_transaction_or_prior_closing_balance,,trusted,weekday_rule,base_calendar,False,,,complete
2026-01-12,52388.08,0.00,1,3411083.73,last_posted_transaction_or_prior_closing_balance,synb1_txn_6ea220d48aa165a54d26b976,trusted,weekday_rule,base_calendar,True,337,2026-01-13,complete
2026-01-13,46740.17,0.00,1,3457823.90,last_posted_transaction_or_prior_closing_balance,synb1_txn_f6a76e6fd351f921439a5608,trusted,weekday_rule,base_calendar,True,338,2026-01-14,complete
2026-01-14,29231.02,0.00,1,3487054.92,last_posted_transaction_or_prior_closing_balance,synb1_txn_43c891ec658811e7b4a0b1d9,trusted,weekday_rule,base_calendar,True,339,2026-01-15,complete
2026-01-15,0.00,0.00,0,3487054.92,last_posted_transaction_or_prior_closing_balance,,trusted,weekday_rule,base_calendar,True,340,2026-01-16,complete
2026-01-16,0.00,0.00,0,3487054.92,last_posted_transaction_or_prior_closing_balance,,trusted,weekday_rule,base_calendar,True,341,2026-01-17,complete
2026-01-17,51414.19,0.00,1,3538469.11,last_posted_transaction_or_prior_closing_balance,synb1_txn_cb47618572b495361c0a6576,trusted,historical_transaction_override,historical_transaction_override,True,342,2026-01-18,complete
2026-01-18,32718.11,0.00,1,3571187.22,last_posted_transaction_or_prior_closing_balance,synb1_txn_2671fc1b068db78dd167550d,trusted,historical_transaction_override,historical_transaction_override,True,343,2026-01-19,complete
2026-01-19,0.00,42354.81,2,3528832.41,last_posted_transaction_or_prior_closing_balance,synb1_txn_9a1515d836cb81a65b8fcfdc,trusted,weekday_rule,base_calendar,True,344,2026-01-20,complete
2026-01-20,0.00,0.00,0,3528832.41,last_posted_transaction_or_prior_closing_balance,,trusted,weekday_rule,base_calendar,True,345,2026-01-21,complete
2026-01-21,0.00,12778.72,1,3516053.69,last_posted_transaction_or_prior_closing_balance,synb1_txn_f7efbd6d160b9ac6f2521352,trusted,weekday_rule,base_calendar,True,346,2026-01-22,complete
2026-01-22,77775.64,85519.06,6,3508310.27,last_posted_transaction_or_prior_closing_balance,synb1_txn_d4661655d90e50d8fb5bb2ad,trusted,weekday_rule,base_calendar,True,347,2026-01-23,complete
2026-01-23,0.00,17335.47,1,3490974.80,last_posted_transaction_or_prior_closing_balance,synb1_txn_714f7847702dc51d8a4fc22e,trusted,weekday_rule,base_calendar,True,348,2026-01-24,complete
2026-01-24,0.00,11795.75,1,3479179.05,last_posted_transaction_or_prior_closing_balance,synb1_txn_4afb10e7a48db475785fc27d,trusted,historical_transaction_override,historical_transaction_override,True,349,2026-01-25,complete
2026-01-25,0.00,118438.52,3,3360740.53,last_posted_transaction_or_prior_closing_balance,synb1_txn_7925b1fbc9df4641b9d59df0,trusted,historical_transaction_override,historical_transaction_override,True,350,2026-01-26,complete
2026-01-26,58331.74,9286.87,2,3409785.40,last_posted_transaction_or_prior_closing_balance,synb1_txn_87e9d937dec581fc08b9ed4b,trusted,weekday_rule,base_calendar,True,351,2026-01-27,complete
2026-01-27,38990.99,0.00,1,3448776.39,last_posted_transaction_or_prior_closing_balance,synb1_txn_805baa09efd1e46c7c53452d,trusted,weekday_rule,base_calendar,True,352,2026-01-28,complete
2026-01-28,82853.82,8231.18,5,3523399.03,last_posted_transaction_or_prior_closing_balance,synb1_txn_795b3f1f798198d1c5322f84,trusted,weekday_rule,base_calendar,True,353,2026-01-29,complete
2026-01-29,0.00,0.00,0,3523399.03,last_posted_transaction_or_prior_closing_balance,,trusted,weekday_rule,base_calendar,True,354,2026-01-30,complete
2026-01-30,0.00,0.00,0,3523399.03,last_posted_transaction_or_prior_closing_balance,,trusted,weekday_rule,base_calendar,True,355,2026-01-31,complete
2026-01-31,31680.19,16382.98,2,3538696.24,last_posted_transaction_or_prior_closing_balance,synb1_txn_54da9b42d3afe0c9189592f1,trusted,historical_transaction_override,historical_transaction_override,True,356,2026-02-01,complete
2026-02-01,82045.50,0.00,2,3620741.74,last_posted_transaction_or_prior_closing_balance,synb1_txn_1d9f459364ef936e62aaa144,trusted,historical_transaction_override,historical_transaction_override,True,357,2026-02-02,complete
2026-02-02,0.00,0.00,0,3620741.74,last_posted_transaction_or_prior_closing_balance,,trusted,weekday_rule,base_calendar,True,358,2026-02-03,complete
2026-02-03,0.00,78670.34,3,3542071.40,last_posted_transaction_or_prior_closing_balance,synb1_txn_a57a73f11286c42c0b0ea1e3,trusted,weekday_rule,base_calendar,True,359,2026-02-04,complete
2026-02-04,0.00,0.00,0,3542071.40,last_posted_transaction_or_prior_closing_balance,,trusted,weekday_rule,base_calendar,True,360,2026-02-05,complete
2026-02-05,16001.01,0.00,1,3558072.41,last_posted_transaction_or_prior_closing_balance,synb1_txn_3c7bf9a0e065c81611db0bd0,trusted,weekday_rule,base_calendar,True,361,2026-02-06,complete
2026-02-06,26343.36,18284.60,2,3566131.17,last_posted_transaction_or_prior_closing_balance,synb1_txn_9d19586dd04ae4f47edf1fb6,trusted,weekday_rule,base_calendar,True,362,2026-02-07,complete
2026-02-07,0.00,158254.96,1,3407876.21,last_posted_transaction_or_prior_closing_balance,synb1_txn_93af6e014ff5f90b932d7280,trusted,historical_transaction_override,historical_transaction_override,True,363,2026-02-09,complete
2026-02-08,0.00,0.00,0,3407876.21,last_posted_transaction_or_prior_closing_balance,,trusted,weekday_rule,base_calendar,False,,,complete
2026-02-09,15408.38,0.00,1,3423284.59,last_posted_transaction_or_prior_closing_balance,synb1_txn_1f6335142ac533a30ac43854,trusted,weekday_rule,base_calendar,True,364,2026-02-10,complete
2026-02-10,24696.90,0.00,1,3447981.49,last_posted_transaction_or_prior_closing_balance,synb1_txn_f4d4fb11f0f887196b76238a,trusted,weekday_rule,base_calendar,True,365,2026-02-11,complete
2026-02-11,0.00,0.00,0,3447981.49,last_posted_transaction_or_prior_closing_balance,,trusted,weekday_rule,base_calendar,True,366,2026-02-12,complete
2026-02-12,0.00,0.00,0,3447981.49,last_posted_transaction_or_prior_closing_balance,,trusted,weekday_rule,base_calendar,True,367,2026-02-13,complete
2026-02-13,0.00,0.00,0,3447981.49,last_posted_transaction_or_prior_closing_balance,,trusted,weekday_rule,base_calendar,True,368,2026-02-14,complete
2026-02-14,0.00,0.00,0,3447981.49,last_posted_transaction_or_prior_closing_balance,,trusted,gov_cn_2026_holiday_schedule_v1,base_calendar,True,369,2026-02-15,complete
2026-02-15,0.00,16430.60,1,3431550.89,last_posted_transaction_or_prior_closing_balance,synb1_txn_c5de3fad5f276b36cbb9c728,trusted,historical_transaction_override,historical_transaction_override,True,370,2026-02-17,complete
2026-02-16,0.00,0.00,0,3431550.89,last_posted_transaction_or_prior_closing_balance,,trusted,gov_cn_2026_holiday_schedule_v1,base_calendar,False,,,complete
2026-02-17,0.00,8980.70,1,3422570.19,last_posted_transaction_or_prior_closing_balance,synb1_txn_9ee3e174d80bd85d5e1c4c83,trusted,historical_transaction_override,historical_transaction_override,True,371,2026-02-18,complete
2026-02-18,0.00,14287.49,1,3408282.70,last_posted_transaction_or_prior_closing_balance,synb1_txn_6ff18cfca69f18408c7fc1ed,trusted,historical_transaction_override,historical_transaction_override,True,372,2026-02-19,complete
2026-02-19,29833.27,37790.42,3,3400325.55,last_posted_transaction_or_prior_closing_balance,synb1_txn_ab078779b8442f53604e08d4,trusted,historical_transaction_override,historical_transaction_override,True,373,2026-02-20,complete
2026-02-20,36335.40,8572.49,2,3428088.46,last_posted_transaction_or_prior_closing_balance,synb1_txn_bce8c8239ffe2bdcbfbeea36,trusted,historical_transaction_override,historical_transaction_override,True,374,2026-02-22,complete
2026-02-21,0.00,0.00,0,3428088.46,last_posted_transaction_or_prior_closing_balance,,trusted,gov_cn_2026_holiday_schedule_v1,base_calendar,False,,,complete
2026-02-22,49438.67,71917.04,4,3405610.09,last_posted_transaction_or_prior_closing_balance,synb1_txn_eaa25f1a99a5e9f897714b3b,trusted,historical_transaction_override,historical_transaction_override,True,375,2026-02-23,complete
2026-02-23,57371.69,0.00,1,3462981.78,last_posted_transaction_or_prior_closing_balance,synb1_txn_209526b0961c152adbf537ab,trusted,historical_transaction_override,historical_transaction_override,True,376,2026-02-24,complete
2026-02-24,97285.11,0.00,2,3560266.89,last_posted_transaction_or_prior_closing_balance,synb1_txn_c352c48416d543998e06a790,trusted,weekday_rule,base_calendar,True,377,2026-02-25,complete
2026-02-25,0.00,89882.47,2,3470384.42,last_posted_transaction_or_prior_closing_balance,synb1_txn_30ce4ce1e5cbc1b23e3cc9c9,trusted,weekday_rule,base_calendar,True,378,2026-02-26,complete
2026-02-26,92269.40,22986.32,3,3539667.50,last_posted_transaction_or_prior_closing_balance,synb1_txn_c93de1b87ae297d965815598,trusted,weekday_rule,base_calendar,True,379,2026-02-27,complete
2026-02-27,0.00,19747.35,1,3519920.15,last_posted_transaction_or_prior_closing_balance,synb1_txn_d4065dded1b8fb600a43cad0,trusted,weekday_rule,base_calendar,True,380,2026-02-28,complete
2026-02-28,58159.51,33012.16,6,3545067.50,last_posted_transaction_or_prior_closing_balance,synb1_txn_684dc53e5abde165125f2c6a,trusted,gov_cn_2026_holiday_schedule_v1,base_calendar,True,381,2026-03-01,complete
2026-03-01,0.00,20896.66,1,3524170.84,last_posted_transaction_or_prior_closing_balance,synb1_txn_0a5363d00f5b04d1ab7d5570,trusted,historical_transaction_override,historical_transaction_override,True,382,2026-03-02,complete
2026-03-02,0.00,15359.06,1,3508811.78,last_posted_transaction_or_prior_closing_balance,synb1_txn_cd52fcff16d9d71805da5bac,trusted,weekday_rule,base_calendar,True,383,2026-03-03,complete
2026-03-03,34411.76,41662.35,2,3501561.19,last_posted_transaction_or_prior_closing_balance,synb1_txn_f61d04d872986e95db217c68,trusted,weekday_rule,base_calendar,True,384,2026-03-04,complete
2026-03-04,33499.47,9273.38,2,3525787.28,last_posted_transaction_or_prior_closing_balance,synb1_txn_a7ee452a05797ad822b9987b,trusted,weekday_rule,base_calendar,True,385,2026-03-05,complete
2026-03-05,0.00,0.00,0,3525787.28,last_posted_transaction_or_prior_closing_balance,,trusted,weekday_rule,base_calendar,True,386,2026-03-06,complete
2026-03-06,0.00,0.00,0,3525787.28,last_posted_transaction_or_prior_closing_balance,,trusted,weekday_rule,base_calendar,True,387,2026-03-07,complete
2026-03-07,49159.66,166534.77,3,3408412.17,last_posted_transaction_or_prior_closing_balance,synb1_txn_2b35181df5915a607f5cdd34,trusted,historical_transaction_override,historical_transaction_override,True,388,2026-03-08,complete
2026-03-08,25507.47,0.00,1,3433919.64,last_posted_transaction_or_prior_closing_balance,synb1_txn_6bf331aa7167c23ee27a717a,trusted,historical_transaction_override,historical_transaction_override,True,389,2026-03-09,complete
2026-03-09,0.00,0.00,0,3433919.64,last_posted_transaction_or_prior_closing_balance,,trusted,weekday_rule,base_calendar,True,390,2026-03-10,complete
2026-03-10,0.00,0.00,0,3433919.64,last_posted_transaction_or_prior_closing_balance,,trusted,weekday_rule,base_calendar,True,391,2026-03-11,complete
2026-03-11,0.00,0.00,0,3433919.64,last_posted_transaction_or_prior_closing_balance,,trusted,weekday_rule,base_calendar,True,392,2026-03-12,complete
2026-03-12,21728.59,0.00,1,3455648.23,last_posted_transaction_or_prior_closing_balance,synb1_txn_59f9ef7a6052bc95fa88963b,trusted,weekday_rule,base_calendar,True,393,2026-03-13,complete
2026-03-13,0.00,0.00,0,3455648.23,last_posted_transaction_or_prior_closing_balance,,trusted,weekday_rule,base_calendar,True,394,2026-03-16,complete
2026-03-14,0.00,0.00,0,3455648.23,last_posted_transaction_or_prior_closing_balance,,trusted,weekday_rule,base_calendar,False,,,complete
2026-03-15,0.00,0.00,0,3455648.23,last_posted_transaction_or_prior_closing_balance,,trusted,weekday_rule,base_calendar,False,,,complete
2026-03-16,31894.59,17537.53,2,3470005.29,last_posted_transaction_or_prior_closing_balance,synb1_txn_8dedc8394ca4872657c6c889,trusted,weekday_rule,base_calendar,True,395,2026-03-17,complete
2026-03-17,0.00,23062.66,1,3446942.63,last_posted_transaction_or_prior_closing_balance,synb1_txn_9b95aa849904f0f0caa5801f,trusted,weekday_rule,base_calendar,True,396,2026-03-18,complete
2026-03-18,0.00,0.00,0,3446942.63,last_posted_transaction_or_prior_closing_balance,,trusted,weekday_rule,base_calendar,True,397,2026-03-19,complete
2026-03-19,0.00,24114.11,1,3422828.52,last_posted_transaction_or_prior_closing_balance,synb1_txn_3568ea1fa88b57094c414f55,trusted,weekday_rule,base_calendar,True,398,2026-03-20,complete
2026-03-20,34020.90,45914.98,3,3410934.44,last_posted_transaction_or_prior_closing_balance,synb1_txn_dde8e400034cbb578bc2b744,trusted,weekday_rule,base_calendar,True,399,2026-03-21,complete
2026-03-21,22658.45,13369.66,2,3420223.23,last_posted_transaction_or_prior_closing_balance,synb1_txn_1536c7f51613ce2fa83512e3,trusted,historical_transaction_override,historical_transaction_override,True,400,2026-03-23,complete
2026-03-22,0.00,0.00,0,3420223.23,last_posted_transaction_or_prior_closing_balance,,trusted,weekday_rule,base_calendar,False,,,complete
2026-03-23,0.00,43074.33,2,3377148.90,last_posted_transaction_or_prior_closing_balance,synb1_txn_d8ba87b0a8157c1835756455,trusted,weekday_rule,base_calendar,True,401,2026-03-24,complete
2026-03-24,0.00,31752.95,1,3345395.95,last_posted_transaction_or_prior_closing_balance,synb1_txn_cb536c85b01b5cbe895e3212,trusted,weekday_rule,base_calendar,True,402,2026-03-25,complete
2026-03-25,22658.45,62003.87,2,3306050.53,last_posted_transaction_or_prior_closing_balance,synb1_txn_c3fb4556b9374ff3a54d6d03,trusted,weekday_rule,base_calendar,True,403,2026-03-26,complete
2026-03-26,119400.17,12902.96,3,3412547.74,last_posted_transaction_or_prior_closing_balance,synb1_txn_d5a57ca583cb9cb707ebf100,trusted,weekday_rule,base_calendar,True,404,2026-03-27,complete
2026-03-27,0.00,7809.70,1,3404738.04,last_posted_transaction_or_prior_closing_balance,synb1_txn_9402d30a68873ac251f85f2d,trusted,weekday_rule,base_calendar,True,405,2026-03-28,complete
2026-03-28,74383.79,0.00,1,3479121.83,last_posted_transaction_or_prior_closing_balance,synb1_txn_bfa5c85d759336edb20a2a24,trusted,historical_transaction_override,historical_transaction_override,True,406,2026-03-30,complete
2026-03-29,0.00,0.00,0,3479121.83,last_posted_transaction_or_prior_closing_balance,,trusted,weekday_rule,base_calendar,False,,,complete
2026-03-30,78346.30,16040.89,6,3541427.24,last_posted_transaction_or_prior_closing_balance,synb1_txn_df7b5be85aa4aa42c9dbbf55,trusted,weekday_rule,base_calendar,True,407,2026-03-31,complete
2026-03-31,16478.88,18241.05,2,3539665.07,last_posted_transaction_or_prior_closing_balance,synb1_txn_0ee2223d5ab27633284f83ac,trusted,weekday_rule,base_calendar,True,408,2026-04-01,complete
2026-04-01,111695.19,13349.88,4,3638010.38,last_posted_transaction_or_prior_closing_balance,synb1_txn_9bcea845f6b81b4e8f6e197c,trusted,weekday_rule,base_calendar,True,409,2026-04-02,complete
2026-04-02,0.00,0.00,0,3638010.38,last_posted_transaction_or_prior_closing_balance,,trusted,weekday_rule,base_calendar,True,410,2026-04-03,complete
2026-04-03,0.00,68543.91,2,3569466.47,last_posted_transaction_or_prior_closing_balance,synb1_txn_0eaab50445d4b7a733ca75b8,trusted,weekday_rule,base_calendar,True,411,2026-04-04,complete
2026-04-04,20598.62,21359.82,2,3568705.27,last_posted_transaction_or_prior_closing_balance,synb1_txn_852d28b559e4a53a71aca4b0,trusted,historical_transaction_override,historical_transaction_override,True,412,2026-04-05,complete
2026-04-05,52864.66,0.00,2,3621569.93,last_posted_transaction_or_prior_closing_balance,synb1_txn_502cf46e3ab98e0b824ee94b,trusted,historical_transaction_override,historical_transaction_override,True,413,2026-04-07,complete
2026-04-06,0.00,0.00,0,3621569.93,last_posted_transaction_or_prior_closing_balance,,trusted,gov_cn_2026_holiday_schedule_v1,base_calendar,False,,,complete
2026-04-07,0.00,158254.96,1,3463314.97,last_posted_transaction_or_prior_closing_balance,synb1_txn_9790f0d5ce210340ecfe8b35,trusted,weekday_rule,base_calendar,True,414,2026-04-08,complete
2026-04-08,0.00,0.00,0,3463314.97,last_posted_transaction_or_prior_closing_balance,,trusted,weekday_rule,base_calendar,True,415,2026-04-09,complete
2026-04-09,0.00,0.00,0,3463314.97,last_posted_transaction_or_prior_closing_balance,,trusted,weekday_rule,base_calendar,True,416,2026-04-10,complete
2026-04-10,0.00,0.00,0,3463314.97,last_posted_transaction_or_prior_closing_balance,,trusted,weekday_rule,base_calendar,True,417,2026-04-12,complete
2026-04-11,0.00,0.00,0,3463314.97,last_posted_transaction_or_prior_closing_balance,,trusted,weekday_rule,base_calendar,False,,,complete
2026-04-12,0.00,20087.27,1,3443227.70,last_posted_transaction_or_prior_closing_balance,synb1_txn_25cbcc07f2dc80c4a488f02b,trusted,historical_transaction_override,historical_transaction_override,True,418,2026-04-13,complete
2026-04-13,0.00,0.00,0,3443227.70,last_posted_transaction_or_prior_closing_balance,,trusted,weekday_rule,base_calendar,True,419,2026-04-14,complete
2026-04-14,24375.00,0.00,1,3467602.70,last_posted_transaction_or_prior_closing_balance,synb1_txn_bc1458c162d40f351130066e,trusted,weekday_rule,base_calendar,True,420,2026-04-15,complete
2026-04-15,0.00,12361.41,1,3455241.29,last_posted_transaction_or_prior_closing_balance,synb1_txn_57175fa4cbecdcdb1f2afc86,trusted,weekday_rule,base_calendar,True,421,2026-04-16,complete
2026-04-16,0.00,0.00,0,3455241.29,last_posted_transaction_or_prior_closing_balance,,trusted,weekday_rule,base_calendar,True,422,2026-04-17,complete
2026-04-17,0.00,24722.80,1,3430518.49,last_posted_transaction_or_prior_closing_balance,synb1_txn_ce643da243b8059fcdde93bd,trusted,weekday_rule,base_calendar,True,423,2026-04-18,complete
2026-04-18,39375.00,20767.15,2,3449126.34,last_posted_transaction_or_prior_closing_balance,synb1_txn_6d52fcfed936406a7eebffda,trusted,historical_transaction_override,historical_transaction_override,True,424,2026-04-19,complete
2026-04-19,0.00,37875.24,2,3411251.10,last_posted_transaction_or_prior_closing_balance,synb1_txn_dc19b907f3dd14b552e09536,trusted,historical_transaction_override,historical_transaction_override,True,425,2026-04-20,complete
2026-04-20,0.00,9889.13,1,3401361.97,last_posted_transaction_or_prior_closing_balance,synb1_txn_fd9e7ef749c1875683f59ea1,trusted,weekday_rule,base_calendar,True,426,2026-04-21,complete
2026-04-21,0.00,31150.74,1,3370211.23,last_posted_transaction_or_prior_closing_balance,synb1_txn_af98e931d414ce4e72e52299,trusted,weekday_rule,base_calendar,True,427,2026-04-22,complete
2026-04-22,0.00,65201.94,4,3305009.29,last_posted_transaction_or_prior_closing_balance,synb1_txn_24f8281f5a9a5ac2624bf8b8,trusted,weekday_rule,base_calendar,True,428,2026-04-23,complete
2026-04-23,0.00,0.00,0,3305009.29,last_posted_transaction_or_prior_closing_balance,,trusted,weekday_rule,base_calendar,True,429,2026-04-24,complete
2026-04-24,93156.32,0.00,3,3398165.61,last_posted_transaction_or_prior_closing_balance,synb1_txn_dde8706dda70e0ddb6277087,trusted,weekday_rule,base_calendar,True,430,2026-04-25,complete
2026-04-25,0.00,103864.18,3,3294301.43,last_posted_transaction_or_prior_closing_balance,synb1_txn_99eb4467048ace75865635df,trusted,historical_transaction_override,historical_transaction_override,True,431,2026-04-26,complete
2026-04-26,20663.26,0.00,1,3314964.69,last_posted_transaction_or_prior_closing_balance,synb1_txn_ca24f8072f9449a68ae2be8a,trusted,historical_transaction_override,historical_transaction_override,True,432,2026-04-27,complete
2026-04-27,33870.96,0.00,1,3348835.65,last_posted_transaction_or_prior_closing_balance,synb1_txn_c69e2500190dc982232ee92f,trusted,weekday_rule,base_calendar,True,433,2026-04-28,complete
2026-04-28,120593.68,32747.96,7,3436681.37,last_posted_transaction_or_prior_closing_balance,synb1_txn_e0302596e00a15d868673f51,trusted,weekday_rule,base_calendar,True,434,2026-04-29,complete
2026-04-29,0.00,0.00,0,3436681.37,last_posted_transaction_or_prior_closing_balance,,trusted,weekday_rule,base_calendar,True,435,2026-04-30,complete
2026-04-30,16836.74,0.00,1,3453518.11,last_posted_transaction_or_prior_closing_balance,synb1_txn_ab7a1782fb9adc214c205e2c,trusted,weekday_rule,base_calendar,True,436,2026-05-01,complete
2026-05-01,41129.04,18748.13,2,3475899.02,last_posted_transaction_or_prior_closing_balance,synb1_txn_c26dcce1ea38c550935bc4b2,trusted,historical_transaction_override,historical_transaction_override,True,437,2026-05-03,complete
2026-05-02,0.00,0.00,0,3475899.02,last_posted_transaction_or_prior_closing_balance,,trusted,gov_cn_2026_holiday_schedule_v1,base_calendar,False,,,complete
2026-05-03,0.00,41662.35,1,3434236.67,last_posted_transaction_or_prior_closing_balance,synb1_txn_13049514de2aee05ae57005d,trusted,historical_transaction_override,historical_transaction_override,True,438,2026-05-04,complete
2026-05-04,49479.16,0.00,1,3483715.83,last_posted_transaction_or_prior_closing_balance,synb1_txn_20ee697adb180a6a3387eda0,trusted,historical_transaction_override,historical_transaction_override,True,439,2026-05-06,complete
2026-05-05,0.00,0.00,0,3483715.83,last_posted_transaction_or_prior_closing_balance,,trusted,gov_cn_2026_holiday_schedule_v1,base_calendar,False,,,complete
2026-05-06,0.00,0.00,0,3483715.83,last_posted_transaction_or_prior_closing_balance,,trusted,weekday_rule,base_calendar,True,440,2026-05-07,complete
2026-05-07,0.00,158254.96,1,3325460.87,last_posted_transaction_or_prior_closing_balance,synb1_txn_a051c5840263624f3dc2e712,trusted,weekday_rule,base_calendar,True,441,2026-05-08,complete
2026-05-08,44270.84,0.00,1,3369731.71,last_posted_transaction_or_prior_closing_balance,synb1_txn_ad99e7fc5c6be051860dce94,trusted,weekday_rule,base_calendar,True,442,2026-05-09,complete
2026-05-09,0.00,0.00,0,3369731.71,last_posted_transaction_or_prior_closing_balance,,trusted,gov_cn_2026_holiday_schedule_v1,base_calendar,True,443,2026-05-11,complete
2026-05-10,0.00,0.00,0,3369731.71,last_posted_transaction_or_prior_closing_balance,,trusted,weekday_rule,base_calendar,False,,,complete
2026-05-11,0.00,0.00,0,3369731.71,last_posted_transaction_or_prior_closing_balance,,trusted,weekday_rule,base_calendar,True,444,2026-05-12,complete
2026-05-12,45239.36,18814.82,2,3396156.25,last_posted_transaction_or_prior_closing_balance,synb1_txn_d62474a22c829c60bb1d5597,trusted,weekday_rule,base_calendar,True,445,2026-05-13,complete
2026-05-13,0.00,0.00,0,3396156.25,last_posted_transaction_or_prior_closing_balance,,trusted,weekday_rule,base_calendar,True,446,2026-05-14,complete
2026-05-14,30283.06,0.00,1,3426439.31,last_posted_transaction_or_prior_closing_balance,synb1_txn_8329160f82465a83b33bcf9c,trusted,weekday_rule,base_calendar,True,447,2026-05-15,complete
2026-05-15,0.00,24190.50,1,3402248.81,last_posted_transaction_or_prior_closing_balance,synb1_txn_e5308fc7b0f7ca24c5654580,trusted,weekday_rule,base_calendar,True,448,2026-05-16,complete
2026-05-16,73164.77,0.00,2,3475413.58,last_posted_transaction_or_prior_closing_balance,synb1_txn_80276cd3c0bfe51b7e90a50b,trusted,historical_transaction_override,historical_transaction_override,True,449,2026-05-18,complete
2026-05-17,0.00,0.00,0,3475413.58,last_posted_transaction_or_prior_closing_balance,,trusted,weekday_rule,base_calendar,False,,,complete
2026-05-18,19749.83,35545.23,2,3459618.18,last_posted_transaction_or_prior_closing_balance,synb1_txn_fd742e9d6b6e3d4c2f544f05,trusted,weekday_rule,base_calendar,True,450,2026-05-19,complete
2026-05-19,0.00,29566.15,1,3430052.03,last_posted_transaction_or_prior_closing_balance,synb1_txn_2f37459ab1372fe48d8de1bf,trusted,weekday_rule,base_calendar,True,451,2026-05-20,complete
2026-05-20,29030.08,18697.96,2,3440384.15,last_posted_transaction_or_prior_closing_balance,synb1_txn_47e3d1b057eb6a5d18dcc177,trusted,weekday_rule,base_calendar,True,452,2026-05-21,complete
2026-05-21,0.00,19747.36,1,3420636.79,last_posted_transaction_or_prior_closing_balance,synb1_txn_c18ae38ed13f58d42ce47420,trusted,weekday_rule,base_calendar,True,453,2026-05-22,complete
2026-05-22,27869.78,13439.17,2,3435067.40,last_posted_transaction_or_prior_closing_balance,synb1_txn_8b21b759df8c840c22bb7ab8,trusted,weekday_rule,base_calendar,True,454,2026-05-23,complete
2026-05-23,0.00,12020.13,1,3423047.27,last_posted_transaction_or_prior_closing_balance,synb1_txn_fecdd556bb5a9770287c5666,trusted,historical_transaction_override,historical_transaction_override,True,455,2026-05-24,complete
2026-05-24,0.00,26878.32,1,3396168.95,last_posted_transaction_or_prior_closing_balance,synb1_txn_411ff0a9117895d0affde228,trusted,historical_transaction_override,historical_transaction_override,True,456,2026-05-25,complete
2026-05-25,57730.25,62003.87,2,3391895.33,last_posted_transaction_or_prior_closing_balance,synb1_txn_c51372471338a6d7a409b62f,trusted,weekday_rule,base_calendar,True,457,2026-05-26,complete
2026-05-26,29860.48,0.00,1,3421755.81,last_posted_transaction_or_prior_closing_balance,synb1_txn_88406f4ac72bd361bf974efa,trusted,weekday_rule,base_calendar,True,458,2026-05-27,complete
2026-05-27,71255.63,16127.00,2,3476884.44,last_posted_transaction_or_prior_closing_balance,synb1_txn_52eb1db4e5b5cb6f46730a35,trusted,weekday_rule,base_calendar,True,459,2026-05-28,complete
2026-05-28,0.00,8231.18,3,3468653.26,last_posted_transaction_or_prior_closing_balance,synb1_txn_4268563315ddb94ae9d931a6,trusted,weekday_rule,base_calendar,True,460,2026-05-29,complete
2026-05-29,66333.20,0.00,2,3534986.46,last_posted_transaction_or_prior_closing_balance,synb1_txn_5e0a02126c35a077eb73cd4d,trusted,weekday_rule,base_calendar,True,461,2026-05-31,complete
2026-05-30,0.00,0.00,0,3534986.46,last_posted_transaction_or_prior_closing_balance,,trusted,weekday_rule,base_calendar,False,,,complete
2026-05-31,21112.79,0.00,1,3556099.25,last_posted_transaction_or_prior_closing_balance,synb1_txn_885fe3c968e0b794d5add906,trusted,historical_transaction_override,historical_transaction_override,True,462,2026-06-01,complete
2026-06-01,0.00,14550.67,1,3541548.58,last_posted_transaction_or_prior_closing_balance,synb1_txn_cd3d066d6f6624975fe81355,trusted,weekday_rule,base_calendar,True,463,2026-06-02,complete
2026-06-02,45278.64,24853.72,3,3561973.50,last_posted_transaction_or_prior_closing_balance,synb1_txn_aba879cdfafbf8126fe8ade8,trusted,weekday_rule,base_calendar,True,464,2026-06-03,complete
2026-06-03,36134.86,41662.35,2,3556446.01,last_posted_transaction_or_prior_closing_balance,synb1_txn_6bef399cd748d1c739d5cfa2,trusted,weekday_rule,base_calendar,True,465,2026-06-04,complete
2026-06-04,0.00,22311.03,1,3534134.98,last_posted_transaction_or_prior_closing_balance,synb1_txn_efa99d0741b7a1effe1a9f0e,trusted,weekday_rule,base_calendar,True,466,2026-06-05,complete
2026-06-05,44084.95,30438.84,3,3547781.09,last_posted_transaction_or_prior_closing_balance,synb1_txn_979e91e0e46b42a8026453d2,trusted,weekday_rule,base_calendar,True,467,2026-06-07,complete
2026-06-06,0.00,0.00,0,3547781.09,last_posted_transaction_or_prior_closing_balance,,trusted,weekday_rule,base_calendar,False,,,complete
2026-06-07,63930.92,158254.96,2,3453457.05,last_posted_transaction_or_prior_closing_balance,synb1_txn_46e1ddfea2ace0928a7ce1d4,trusted,historical_transaction_override,historical_transaction_override,True,468,2026-06-08,complete
2026-06-08,0.00,0.00,0,3453457.05,last_posted_transaction_or_prior_closing_balance,,trusted,weekday_rule,base_calendar,True,469,2026-06-09,complete
2026-06-09,25191.40,0.00,1,3478648.45,last_posted_transaction_or_prior_closing_balance,synb1_txn_5978069031f0edb734908ead,trusted,weekday_rule,base_calendar,True,470,2026-06-10,complete
2026-06-10,0.00,0.00,0,3478648.45,last_posted_transaction_or_prior_closing_balance,,trusted,weekday_rule,base_calendar,True,471,2026-06-11,complete
2026-06-11,0.00,0.00,0,3478648.45,last_posted_transaction_or_prior_closing_balance,,trusted,weekday_rule,base_calendar,True,472,2026-06-12,complete
2026-06-12,0.00,0.00,0,3478648.45,last_posted_transaction_or_prior_closing_balance,,trusted,weekday_rule,base_calendar,True,473,2026-06-13,complete
2026-06-13,0.00,31878.46,1,3446769.99,last_posted_transaction_or_prior_closing_balance,synb1_txn_2bfd60c422910b53093b626c,trusted,historical_transaction_override,historical_transaction_override,True,474,2026-06-15,complete
2026-06-14,0.00,0.00,0,3446769.99,last_posted_transaction_or_prior_closing_balance,,trusted,weekday_rule,base_calendar,False,,,complete
2026-06-15,0.00,30216.71,1,3416553.28,last_posted_transaction_or_prior_closing_balance,synb1_txn_06f4863fc9950951ed6a8f77,trusted,weekday_rule,base_calendar,True,475,2026-06-16,complete
2026-06-16,0.00,26401.74,2,3390151.54,last_posted_transaction_or_prior_closing_balance,synb1_txn_21b5a0b620d4b2dbb32a6da1,trusted,weekday_rule,base_calendar,True,476,2026-06-17,complete
2026-06-17,35574.32,11476.24,2,3414249.62,last_posted_transaction_or_prior_closing_balance,synb1_txn_18a922688892d91e3c64092b,trusted,weekday_rule,base_calendar,True,477,2026-06-18,complete
2026-06-18,0.00,63563.81,3,3350685.81,last_posted_transaction_or_prior_closing_balance,synb1_txn_2a1b8bd276f06266417dd770,trusted,weekday_rule,base_calendar,True,478,2026-06-19,complete
2026-06-19,0.00,13255.07,1,3337430.74,last_posted_transaction_or_prior_closing_balance,synb1_txn_9d9063f9416be4ac19f53dbf,trusted,historical_transaction_override,historical_transaction_override,True,479,2026-06-20,complete
2026-06-20,0.00,13771.50,1,3323659.24,last_posted_transaction_or_prior_closing_balance,synb1_txn_a080c4054e84764787c650dd,trusted,historical_transaction_override,historical_transaction_override,True,480,2026-06-21,complete
2026-06-21,37550.68,42978.12,3,3318231.80,last_posted_transaction_or_prior_closing_balance,synb1_txn_896e564eea8f96c6a41f7cb3,trusted,historical_transaction_override,historical_transaction_override,True,481,2026-06-22,complete
2026-06-22,0.00,18063.42,1,3300168.38,last_posted_transaction_or_prior_closing_balance,synb1_txn_f90d462b2bf2b6da55bbe037,trusted,weekday_rule,base_calendar,True,482,2026-06-23,complete
2026-06-23,41144.50,21039.78,2,3320273.10,last_posted_transaction_or_prior_closing_balance,synb1_txn_52d2925d9c27ade2a4049cd4,trusted,weekday_rule,base_calendar,True,483,2026-06-24,complete
2026-06-24,0.00,0.00,0,3320273.10,last_posted_transaction_or_prior_closing_balance,,trusted,weekday_rule,base_calendar,True,484,2026-06-25,complete
2026-06-25,55202.20,77604.11,3,3297871.19,last_posted_transaction_or_prior_closing_balance,synb1_txn_cd333cf6cda210f1367a717f,trusted,weekday_rule,base_calendar,True,485,2026-06-26,complete
2026-06-26,0.00,18935.81,1,3278935.38,last_posted_transaction_or_prior_closing_balance,synb1_txn_1ec0bbb008ec8220cbff8b8a,trusted,weekday_rule,base_calendar,True,486,2026-06-27,complete
2026-06-27,44884.91,0.00,1,3323820.29,last_posted_transaction_or_prior_closing_balance,synb1_txn_289f847e9bfeff27f09c5598,trusted,historical_transaction_override,historical_transaction_override,True,487,2026-06-28,complete
2026-06-28,93030.66,0.00,3,3416850.95,last_posted_transaction_or_prior_closing_balance,synb1_txn_3767ab2b04bd3c23781e95df,trusted,historical_transaction_override,historical_transaction_override,True,488,2026-06-29,complete
2026-06-29,73153.69,8231.18,5,3481773.46,last_posted_transaction_or_prior_closing_balance,synb1_txn_89dd7537cac76c472c8a250c,trusted,weekday_rule,base_calendar,True,489,2026-06-30,complete
2026-06-30,0.00,0.00,0,3481773.46,last_posted_transaction_or_prior_closing_balance,,trusted,weekday_rule,base_calendar,True,490,2026-07-01,complete
2026-07-01,0.00,0.00,0,3481773.46,last_posted_transaction_or_prior_closing_balance,,trusted,weekday_rule,base_calendar,True,491,2026-07-02,complete
2026-07-02,134947.27,0.00,3,3616720.73,last_posted_transaction_or_prior_closing_balance,synb1_txn_902746c93991e3c5993fedf7,trusted,weekday_rule,base_calendar,True,492,2026-07-03,complete
2026-07-03,26497.07,41662.35,2,3601555.45,last_posted_transaction_or_prior_closing_balance,synb1_txn_a1933733168ad70012f13f36,trusted,weekday_rule,base_calendar,True,493,2026-07-05,complete
2026-07-04,0.00,0.00,0,3601555.45,last_posted_transaction_or_prior_closing_balance,,trusted,weekday_rule,base_calendar,False,,,complete
2026-07-05,26764.70,0.00,1,3628320.15,last_posted_transaction_or_prior_closing_balance,synb1_txn_bce6e97664b9d17329589dee,trusted,historical_transaction_override,historical_transaction_override,True,494,2026-07-06,complete
2026-07-06,0.00,0.00,0,3628320.15,last_posted_transaction_or_prior_closing_balance,,trusted,weekday_rule,base_calendar,True,495,2026-07-07,complete
2026-07-07,0.00,158254.96,1,3470065.19,last_posted_transaction_or_prior_closing_balance,synb1_txn_d9f7962ccb64e6212e58a72e,trusted,weekday_rule,base_calendar,True,496,2026-07-08,complete
2026-07-08,0.00,0.00,0,3470065.19,last_posted_transaction_or_prior_closing_balance,,trusted,weekday_rule,base_calendar,True,497,2026-07-09,complete
2026-07-09,16250.00,0.00,1,3486315.19,last_posted_transaction_or_prior_closing_balance,synb1_txn_014ac6049af681c5dd61b107,trusted,weekday_rule,base_calendar,True,498,2026-07-10,complete
2026-07-10,0.00,0.00,0,3486315.19,last_posted_transaction_or_prior_closing_balance,,trusted,weekday_rule,base_calendar,True,499,2026-07-13,complete
2026-07-11,0.00,0.00,0,3486315.19,last_posted_transaction_or_prior_closing_balance,,trusted,weekday_rule,base_calendar,False,,,complete
2026-07-12,0.00,0.00,0,3486315.19,last_posted_transaction_or_prior_closing_balance,,trusted,weekday_rule,base_calendar,False,,,complete
2026-07-13,0.00,0.00,0,3486315.19,last_posted_transaction_or_prior_closing_balance,,trusted,weekday_rule,base_calendar,True,500,2026-07-14,complete
2026-07-14,0.00,0.00,0,3486315.19,last_posted_transaction_or_prior_closing_balance,,trusted,weekday_rule,base_calendar,True,501,2026-07-15,complete
2026-07-15,0.00,0.00,0,3486315.19,last_posted_transaction_or_prior_closing_balance,,trusted,weekday_rule,base_calendar,True,502,2026-07-16,complete
2026-07-16,0.00,0.00,0,3486315.19,last_posted_transaction_or_prior_closing_balance,,trusted,weekday_rule,base_calendar,True,503,2026-07-17,complete
2026-07-17,0.00,0.00,0,3486315.19,last_posted_transaction_or_prior_closing_balance,,trusted,weekday_rule,base_calendar,True,504,2026-07-19,complete
2026-07-18,0.00,0.00,0,3486315.19,last_posted_transaction_or_prior_closing_balance,,trusted,weekday_rule,base_calendar,False,,,complete
2026-07-19,23337.76,21642.28,3,3488010.67,last_posted_transaction_or_prior_closing_balance,synb1_txn_afb5bf2f1132853d28957778,trusted,historical_transaction_override,historical_transaction_override,True,505,2026-07-20,complete
2026-07-20,0.00,0.00,0,3488010.67,last_posted_transaction_or_prior_closing_balance,,trusted,weekday_rule,base_calendar,True,506,2026-07-21,complete
2026-07-21,56010.63,0.00,1,3544021.30,last_posted_transaction_or_prior_closing_balance,synb1_txn_9f6b0e70e52f2ee5fb2ed02f,trusted,weekday_rule,base_calendar,True,507,2026-07-22,complete
2026-07-22,0.00,42513.74,3,3501507.56,last_posted_transaction_or_prior_closing_balance,synb1_txn_62676dc79c804b3006a9b872,trusted,weekday_rule,base_calendar,True,508,2026-07-23,complete
2026-07-23,59640.96,36691.04,3,3524457.48,last_posted_transaction_or_prior_closing_balance,synb1_txn_03e4264b76d0896afb2f04f5,trusted,weekday_rule,base_calendar,True,509,2026-07-24,complete
2026-07-24,40896.65,37605.26,3,3527748.87,last_posted_transaction_or_prior_closing_balance,synb1_txn_103ab995ba78f3ece6017656,trusted,weekday_rule,base_calendar,True,510,2026-07-25,complete
2026-07-25,31117.02,72083.26,3,3486782.63,last_posted_transaction_or_prior_closing_balance,synb1_txn_f768814aa34982c20192f5eb,trusted,historical_transaction_override,historical_transaction_override,True,511,2026-07-26,complete
2026-07-26,0.00,47783.70,2,3438998.93,last_posted_transaction_or_prior_closing_balance,synb1_txn_9f294201b8849a00650f8824,trusted,historical_transaction_override,historical_transaction_override,True,512,2026-07-27,complete
2026-07-27,35360.25,51989.16,3,3422370.02,last_posted_transaction_or_prior_closing_balance,synb1_txn_2052c2702edde551ac61ebeb,trusted,weekday_rule,base_calendar,True,513,2026-07-28,complete
2026-07-28,73985.97,8231.18,5,3488124.81,last_posted_transaction_or_prior_closing_balance,synb1_txn_bbbaf4241b7f9f25d79cedae,trusted,weekday_rule,base_calendar,True,514,2026-07-29,complete
2026-07-29,0.00,0.00,0,3488124.81,last_posted_transaction_or_prior_closing_balance,,trusted,weekday_rule,base_calendar,True,515,2026-07-30,complete
2026-07-30,0.00,27475.62,1,3460649.19,last_posted_transaction_or_prior_closing_balance,synb1_txn_82f0adc3d024fb2a4775a8d8,trusted,weekday_rule,base_calendar,True,516,2026-07-31,complete
2026-07-31,51232.06,0.00,2,3511881.25,last_posted_transaction_or_prior_closing_balance,synb1_txn_0f2aad4a4a424cb39ec20706,trusted,weekday_rule,base_calendar,True,517,2026-08-01,complete
2026-08-01,13734.43,0.00,1,3525615.68,last_posted_transaction_or_prior_closing_balance,synb1_txn_81c6f71b361dd27efcbc6eea,trusted,historical_transaction_override,historical_transaction_override,True,518,2026-08-02,complete
2026-08-02,0.00,31400.71,1,3494214.97,last_posted_transaction_or_prior_closing_balance,synb1_txn_a9fd0a87ff41511c1ffa87ef,trusted,historical_transaction_override,historical_transaction_override,True,519,2026-08-03,complete
2026-08-03,0.00,41662.35,1,3452552.62,last_posted_transaction_or_prior_closing_balance,synb1_txn_9f5b151c710a748f4ae0ee4e,trusted,weekday_rule,base_calendar,True,520,2026-08-04,complete
2026-08-04,64428.96,0.00,2,3516981.58,last_posted_transaction_or_prior_closing_balance,synb1_txn_7db737bb9765a55787e0a9c8,trusted,weekday_rule,base_calendar,True,521,2026-08-05,complete
2026-08-05,0.00,0.00,0,3516981.58,last_posted_transaction_or_prior_closing_balance,,trusted,weekday_rule,base_calendar,True,522,2026-08-06,complete
2026-08-06,0.00,0.00,0,3516981.58,last_posted_transaction_or_prior_closing_balance,,trusted,weekday_rule,base_calendar,True,523,2026-08-07,complete
2026-08-07,0.00,158254.96,1,3358726.62,last_posted_transaction_or_prior_closing_balance,synb1_txn_2258ef530b3b7fdb54af8e80,trusted,weekday_rule,base_calendar,True,524,2026-08-08,complete
2026-08-08,23234.04,0.00,1,3381960.66,last_posted_transaction_or_prior_closing_balance,synb1_txn_53e0fa689d0c744978c31e70,trusted,historical_transaction_override,historical_transaction_override,True,525,2026-08-10,complete
2026-08-09,0.00,0.00,0,3381960.66,last_posted_transaction_or_prior_closing_balance,,trusted,weekday_rule,base_calendar,False,,,complete
2026-08-10,0.00,0.00,0,3381960.66,last_posted_transaction_or_prior_closing_balance,,trusted,weekday_rule,base_calendar,True,526,2026-08-11,complete
2026-08-11,121266.24,0.00,2,3503226.90,last_posted_transaction_or_prior_closing_balance,synb1_txn_800d23a758fa93a145557c8d,trusted,weekday_rule,base_calendar,True,527,2026-08-12,complete
2026-08-12,0.00,0.00,0,3503226.90,last_posted_transaction_or_prior_closing_balance,,trusted,weekday_rule,base_calendar,True,528,2026-08-13,complete
2026-08-13,0.00,22894.41,1,3480332.49,last_posted_transaction_or_prior_closing_balance,synb1_txn_85be2b94d6fb14822389c0de,trusted,weekday_rule,base_calendar,True,529,2026-08-14,complete
2026-08-14,0.00,0.00,0,3480332.49,last_posted_transaction_or_prior_closing_balance,,trusted,weekday_rule,base_calendar,True,530,2026-08-15,complete
2026-08-15,84216.56,0.00,2,3564549.05,last_posted_transaction_or_prior_closing_balance,synb1_txn_0f22b2d55900e725bdb6a7c4,trusted,historical_transaction_override,historical_transaction_override,True,531,2026-08-16,complete
2026-08-16,0.00,35104.78,1,3529444.27,last_posted_transaction_or_prior_closing_balance,synb1_txn_298efb9b1fb67362d201265b,trusted,historical_transaction_override,historical_transaction_override,True,532,2026-08-17,complete
2026-08-17,0.00,0.00,0,3529444.27,last_posted_transaction_or_prior_closing_balance,,trusted,weekday_rule,base_calendar,True,533,2026-08-18,complete
2026-08-18,0.00,27276.10,1,3502168.17,last_posted_transaction_or_prior_closing_balance,synb1_txn_75a91dc7963b017596bc5292,trusted,weekday_rule,base_calendar,True,534,2026-08-19,complete
2026-08-19,0.00,0.00,0,3502168.17,last_posted_transaction_or_prior_closing_balance,,trusted,weekday_rule,base_calendar,True,535,2026-08-20,complete
2026-08-20,19384.61,0.00,1,3521552.78,last_posted_transaction_or_prior_closing_balance,synb1_txn_fb5489749d4fa96acf877c6c,trusted,weekday_rule,base_calendar,True,536,2026-08-21,complete
2026-08-21,0.00,17834.38,1,3503718.40,last_posted_transaction_or_prior_closing_balance,synb1_txn_cf0d620453916d770a5c2a59,trusted,weekday_rule,base_calendar,True,537,2026-08-22,complete
2026-08-22,26249.99,0.00,1,3529968.39,last_posted_transaction_or_prior_closing_balance,synb1_txn_b9f0cce98e052c8a51a985e6,trusted,historical_transaction_override,historical_transaction_override,True,538,2026-08-23,complete
2026-08-23,32307.68,38430.05,3,3523846.02,last_posted_transaction_or_prior_closing_balance,synb1_txn_396363c962d0526b11eddb92,trusted,historical_transaction_override,historical_transaction_override,True,539,2026-08-24,complete
2026-08-24,82004.96,7999.88,3,3597851.10,last_posted_transaction_or_prior_closing_balance,synb1_txn_b4688105ecf8b504df354705,trusted,weekday_rule,base_calendar,True,540,2026-08-25,complete
2026-08-25,0.00,62003.87,1,3535847.23,last_posted_transaction_or_prior_closing_balance,synb1_txn_aa7e6dbbc697ccc60195d0bd,trusted,weekday_rule,base_calendar,True,541,2026-08-26,complete
2026-08-26,76730.76,67481.50,5,3545096.49,last_posted_transaction_or_prior_closing_balance,synb1_txn_2c44b31b21e22bfa7be4ae6b,trusted,weekday_rule,base_calendar,True,542,2026-08-27,complete
2026-08-27,36923.08,11333.18,2,3570686.39,last_posted_transaction_or_prior_closing_balance,synb1_txn_d554b0aa28b3cce5a2bc2c7d,trusted,weekday_rule,base_calendar,True,543,2026-08-28,complete
2026-08-28,67959.53,8231.18,5,3630414.74,last_posted_transaction_or_prior_closing_balance,synb1_txn_edb01b5efaf8673d3e21719f,trusted,weekday_rule,base_calendar,True,544,2026-08-29,complete
2026-08-29,0.00,10086.82,1,3620327.92,last_posted_transaction_or_prior_closing_balance,synb1_txn_77e8442b575fde1addb8a005,trusted,historical_transaction_override,historical_transaction_override,True,545,2026-08-30,complete
2026-08-30,68756.22,24133.27,4,3664950.87,last_posted_transaction_or_prior_closing_balance,synb1_txn_e420e63326177d76e15de5c5,trusted,historical_transaction_override,historical_transaction_override,True,546,2026-08-31,complete
2026-08-31,0.00,0.00,0,3664950.87,last_posted_transaction_or_prior_closing_balance,,trusted,weekday_rule,base_calendar,True,547,2026-09-01,complete
2026-09-01,38343.20,0.00,1,3703294.07,last_posted_transaction_or_prior_closing_balance,synb1_txn_755b010f7944093ceabdcb9b,trusted,weekday_rule,base_calendar,True,548,2026-09-02,complete
2026-09-02,0.00,44606.53,2,3658687.54,last_posted_transaction_or_prior_closing_balance,synb1_txn_5f5a669c94e52d170922f127,trusted,weekday_rule,base_calendar,True,549,2026-09-03,complete
2026-09-03,42878.44,41662.35,2,3659903.63,last_posted_transaction_or_prior_closing_balance,synb1_txn_06ab70639e7d8c50a2d3fdcc,trusted,weekday_rule,base_calendar,True,550,2026-09-04,complete
2026-09-04,0.00,0.00,0,3659903.63,last_posted_transaction_or_prior_closing_balance,,trusted,weekday_rule,base_calendar,True,551,2026-09-07,complete
2026-09-05,0.00,0.00,0,3659903.63,last_posted_transaction_or_prior_closing_balance,,trusted,weekday_rule,base_calendar,False,,,complete
2026-09-06,0.00,0.00,0,3659903.63,last_posted_transaction_or_prior_closing_balance,,trusted,weekday_rule,base_calendar,False,,,complete
2026-09-07,0.00,158254.96,1,3501648.67,last_posted_transaction_or_prior_closing_balance,synb1_txn_a703063b073b0c171209ff47,trusted,weekday_rule,base_calendar,True,552,2026-09-08,complete
2026-09-08,0.00,0.00,0,3501648.67,last_posted_transaction_or_prior_closing_balance,,trusted,weekday_rule,base_calendar,True,553,2026-09-09,complete
2026-09-09,0.00,0.00,0,3501648.67,last_posted_transaction_or_prior_closing_balance,,trusted,weekday_rule,base_calendar,True,554,2026-09-10,complete
2026-09-10,0.00,0.00,0,3501648.67,last_posted_transaction_or_prior_closing_balance,,trusted,weekday_rule,base_calendar,True,555,2026-09-11,complete
2026-09-11,0.00,0.00,0,3501648.67,last_posted_transaction_or_prior_closing_balance,,trusted,weekday_rule,base_calendar,True,556,2026-09-14,complete
2026-09-12,0.00,0.00,0,3501648.67,last_posted_transaction_or_prior_closing_balance,,trusted,weekday_rule,base_calendar,False,,,complete
2026-09-13,0.00,0.00,0,3501648.67,last_posted_transaction_or_prior_closing_balance,,trusted,weekday_rule,base_calendar,False,,,complete
2026-09-14,0.00,0.00,0,3501648.67,last_posted_transaction_or_prior_closing_balance,,trusted,weekday_rule,base_calendar,True,557,2026-09-15,complete
2026-09-15,0.00,0.00,0,3501648.67,last_posted_transaction_or_prior_closing_balance,,trusted,weekday_rule,base_calendar,True,558,2026-09-16,complete
2026-09-16,23380.81,0.00,1,3525029.48,last_posted_transaction_or_prior_closing_balance,synb1_txn_2c7e076ba24d64f9e31c7109,trusted,weekday_rule,base_calendar,True,559,2026-09-17,complete
2026-09-17,0.00,0.00,0,3525029.48,last_posted_transaction_or_prior_closing_balance,,trusted,weekday_rule,base_calendar,True,560,2026-09-18,complete
2026-09-18,0.00,10168.74,1,3514860.74,last_posted_transaction_or_prior_closing_balance,synb1_txn_59d4cacd77642443428b9fe9,trusted,weekday_rule,base_calendar,True,561,2026-09-19,complete
2026-09-19,58991.59,19634.77,2,3554217.56,last_posted_transaction_or_prior_closing_balance,synb1_txn_523bbbc83b68695ae14f50ef,trusted,historical_transaction_override,historical_transaction_override,True,562,2026-09-20,complete
2026-09-20,50358.68,0.00,1,3604576.24,last_posted_transaction_or_prior_closing_balance,synb1_txn_720f04b83d4ce292eecf1875,trusted,gov_cn_2026_holiday_schedule_v1,base_calendar,True,563,2026-09-21,complete
2026-09-21,0.00,15253.12,1,3589323.12,last_posted_transaction_or_prior_closing_balance,synb1_txn_5fdb254a5afecde38876f236,trusted,weekday_rule,base_calendar,True,564,2026-09-22,complete
2026-09-22,0.00,43449.11,2,3545874.01,last_posted_transaction_or_prior_closing_balance,synb1_txn_c29966883282e0afa7f6121a,trusted,weekday_rule,base_calendar,True,565,2026-09-23,complete
2026-09-23,74649.86,0.00,2,3620523.87,last_posted_transaction_or_prior_closing_balance,synb1_txn_688776b920912ee7d55054aa,trusted,weekday_rule,base_calendar,True,566,2026-09-24,complete
2026-09-24,0.00,43036.86,2,3577487.01,last_posted_transaction_or_prior_closing_balance,synb1_txn_dd9a68b85433c84358eb92f6,trusted,weekday_rule,base_calendar,True,567,2026-09-25,complete
2026-09-25,12205.15,87896.51,3,3501795.65,last_posted_transaction_or_prior_closing_balance,synb1_txn_57e3f394ab3d43cfc5ef8855,trusted,historical_transaction_override,historical_transaction_override,True,568,2026-09-26,complete
2026-09-26,33797.26,0.00,1,3535592.91,last_posted_transaction_or_prior_closing_balance,synb1_txn_2f2949f047a39bd2b2e4abb2,trusted,historical_transaction_override,historical_transaction_override,True,569,2026-09-27,complete
2026-09-27,23669.47,28991.75,3,3530270.63,last_posted_transaction_or_prior_closing_balance,synb1_txn_414798c40708e67da5087b2e,trusted,historical_transaction_override,historical_transaction_override,True,570,2026-09-28,complete
2026-09-28,0.00,8231.18,3,3522039.45,last_posted_transaction_or_prior_closing_balance,synb1_txn_df8df794d30f2c7288f39bd1,trusted,weekday_rule,base_calendar,True,571,2026-09-29,complete
2026-09-29,27122.58,16200.23,2,3532961.80,last_posted_transaction_or_prior_closing_balance,synb1_txn_42aaaed152e21adfb139a900,trusted,weekday_rule,base_calendar,True,572,2026-09-30,complete
2026-09-30,74968.49,0.00,2,3607930.29,last_posted_transaction_or_prior_closing_balance,synb1_txn_74c2adbbd6d16c4163d7c1b1,trusted,weekday_rule,base_calendar,True,573,2026-10-02,complete
2026-10-01,0.00,0.00,0,3607930.29,last_posted_transaction_or_prior_closing_balance,,trusted,gov_cn_2026_holiday_schedule_v1,base_calendar,False,,,complete
2026-10-02,41785.72,34892.78,3,3614823.23,last_posted_transaction_or_prior_closing_balance,synb1_txn_41d5fc76c2406a75f559515d,trusted,historical_transaction_override,historical_transaction_override,True,574,2026-10-03,complete
2026-10-03,0.00,41662.35,1,3573160.88,last_posted_transaction_or_prior_closing_balance,synb1_txn_4dd91aea862208e6473e3aa2,trusted,historical_transaction_override,historical_transaction_override,True,575,2026-10-04,complete
2026-10-04,58377.10,34239.36,2,3597298.62,last_posted_transaction_or_prior_closing_balance,synb1_txn_769f889ba0928e64ec73e6f4,trusted,historical_transaction_override,historical_transaction_override,True,576,2026-10-05,complete
2026-10-05,0.00,14580.19,1,3582718.43,last_posted_transaction_or_prior_closing_balance,synb1_txn_10dc119487b9c17ed6d20c49,trusted,historical_transaction_override,historical_transaction_override,True,577,2026-10-06,complete
2026-10-06,41785.73,0.00,1,3624504.16,last_posted_transaction_or_prior_closing_balance,synb1_txn_1df239910c8f7d67b3403feb,trusted,historical_transaction_override,historical_transaction_override,True,578,2026-10-07,complete
2026-10-07,0.00,179096.31,2,3445407.85,last_posted_transaction_or_prior_closing_balance,synb1_txn_15b756b48c4f0743b69026ca,trusted,historical_transaction_override,historical_transaction_override,True,579,2026-10-08,complete
2026-10-08,0.00,0.00,0,3445407.85,last_posted_transaction_or_prior_closing_balance,,trusted,weekday_rule,base_calendar,True,580,2026-10-09,complete
2026-10-09,0.00,15454.44,1,3429953.41,last_posted_transaction_or_prior_closing_balance,synb1_txn_da596b21b8025cad9387651f,trusted,weekday_rule,base_calendar,True,581,2026-10-10,complete
2026-10-10,0.00,23517.62,1,3406435.79,last_posted_transaction_or_prior_closing_balance,synb1_txn_b07ae7327a029df3915f2577,trusted,gov_cn_2026_holiday_schedule_v1,base_calendar,True,582,2026-10-11,complete
2026-10-11,24691.55,0.00,1,3431127.34,last_posted_transaction_or_prior_closing_balance,synb1_txn_f06c7965db4f61dfb13d2d73,trusted,historical_transaction_override,historical_transaction_override,True,583,2026-10-12,complete
2026-10-12,0.00,17515.03,1,3413612.31,last_posted_transaction_or_prior_closing_balance,synb1_txn_6ff2fa503e377cffe30c05bb,trusted,weekday_rule,base_calendar,True,584,2026-10-13,complete
2026-10-13,0.00,8710.23,1,3404902.08,last_posted_transaction_or_prior_closing_balance,synb1_txn_d842a409535335b3793325b8,trusted,weekday_rule,base_calendar,True,585,2026-10-14,complete
2026-10-14,0.00,0.00,0,3404902.08,last_posted_transaction_or_prior_closing_balance,,trusted,weekday_rule,base_calendar,True,586,2026-10-15,complete
2026-10-15,83625.20,18545.33,4,3469981.95,last_posted_transaction_or_prior_closing_balance,synb1_txn_7d9987b29022600deb1cbe17,trusted,weekday_rule,base_calendar,True,587,2026-10-16,complete
2026-10-16,0.00,17812.62,2,3452169.33,last_posted_transaction_or_prior_closing_balance,synb1_txn_050f8aba29b51cbb146812ba,trusted,weekday_rule,base_calendar,True,588,2026-10-18,complete
2026-10-17,0.00,0.00,0,3452169.33,last_posted_transaction_or_prior_closing_balance,,trusted,weekday_rule,base_calendar,False,,,complete
2026-10-18,0.00,11674.11,1,3440495.22,last_posted_transaction_or_prior_closing_balance,synb1_txn_ddba34a2fdbd6d3aa94a82f9,trusted,historical_transaction_override,historical_transaction_override,True,589,2026-10-19,complete
2026-10-19,73827.29,16622.34,3,3497700.17,last_posted_transaction_or_prior_closing_balance,synb1_txn_22e4928c87eaa7067e476960,trusted,weekday_rule,base_calendar,True,590,2026-10-20,complete
2026-10-20,0.00,5723.86,1,3491976.31,last_posted_transaction_or_prior_closing_balance,synb1_txn_a7a790dea9345acfcba5f3d1,trusted,weekday_rule,base_calendar,True,591,2026-10-21,complete
2026-10-21,0.00,14746.25,1,3477230.06,last_posted_transaction_or_prior_closing_balance,synb1_txn_a447c2a5de9ef5561adf2d69,trusted,weekday_rule,base_calendar,True,592,2026-10-22,complete
2026-10-22,26572.74,17287.24,2,3486515.56,last_posted_transaction_or_prior_closing_balance,synb1_txn_c815fdf220c51f8096c713c3,trusted,weekday_rule,base_calendar,True,593,2026-10-23,complete
2026-10-23,97849.82,8903.79,4,3575461.59,last_posted_transaction_or_prior_closing_balance,synb1_txn_6a2ee8ab1c7db9b6ab26634d,trusted,weekday_rule,base_calendar,True,594,2026-10-24,complete
2026-10-24,16757.81,24246.50,3,3567972.90,last_posted_transaction_or_prior_closing_balance,synb1_txn_3d1e6ae1a3276b91cfb1121b,trusted,historical_transaction_override,historical_transaction_override,True,595,2026-10-25,complete
2026-10-25,0.00,62003.87,1,3505969.03,last_posted_transaction_or_prior_closing_balance,synb1_txn_0f0af7add70e0727c8eb777c,trusted,historical_transaction_override,historical_transaction_override,True,596,2026-10-26,complete
2026-10-26,24042.00,33295.71,3,3496715.32,last_posted_transaction_or_prior_closing_balance,synb1_txn_68871f667cfc470e91f82a43,trusted,weekday_rule,base_calendar,True,597,2026-10-27,complete
2026-10-27,23088.11,13567.68,3,3506235.75,last_posted_transaction_or_prior_closing_balance,synb1_txn_71eca3b5d875f75c2b223b4f,trusted,weekday_rule,base_calendar,True,598,2026-10-28,complete
2026-10-28,15234.37,14909.02,5,3506561.10,last_posted_transaction_or_prior_closing_balance,synb1_txn_b7da94d3072c5a2846808d90,trusted,weekday_rule,base_calendar,True,599,2026-10-29,complete
2026-10-29,0.00,12794.52,1,3493766.58,last_posted_transaction_or_prior_closing_balance,synb1_txn_e514e11181ee3f568e0d6d5d,trusted,weekday_rule,base_calendar,True,600,2026-10-30,complete
2026-10-30,26572.76,10175.77,2,3510163.57,last_posted_transaction_or_prior_closing_balance,synb1_txn_de70990101e07e2356af3821,trusted,weekday_rule,base_calendar,True,601,2026-10-31,complete
2026-10-31,38311.99,6439.34,3,3542036.22,last_posted_transaction_or_prior_closing_balance,synb1_txn_f5d0370dacc279af51fae9c0,trusted,historical_transaction_override,historical_transaction_override,True,602,2026-11-01,complete
2026-11-01,16757.82,17508.31,2,3541285.73,last_posted_transaction_or_prior_closing_balance,synb1_txn_931f1a3c953b571e6ff8c5e0,trusted,historical_transaction_override,historical_transaction_override,True,603,2026-11-02,complete
2026-11-02,0.00,0.00,0,3541285.73,last_posted_transaction_or_prior_closing_balance,,trusted,weekday_rule,base_calendar,True,604,2026-11-03,complete
2026-11-03,0.00,47624.72,2,3493661.01,last_posted_transaction_or_prior_closing_balance,synb1_txn_2f32d468aa298b124cd45f19,trusted,weekday_rule,base_calendar,True,605,2026-11-04,complete
2026-11-04,15013.60,0.00,1,3508674.61,last_posted_transaction_or_prior_closing_balance,synb1_txn_88dcf7339866fd6c63b322f5,trusted,weekday_rule,base_calendar,True,606,2026-11-05,complete
2026-11-05,0.00,0.00,0,3508674.61,last_posted_transaction_or_prior_closing_balance,,trusted,weekday_rule,base_calendar,True,607,2026-11-06,complete
2026-11-06,25729.16,0.00,1,3534403.77,last_posted_transaction_or_prior_closing_balance,synb1_txn_cf67006dd26fe75713c4bea3,trusted,weekday_rule,base_calendar,True,608,2026-11-07,complete
2026-11-07,19151.78,158254.96,2,3395300.59,last_posted_transaction_or_prior_closing_balance,synb1_txn_3396ead8a6f33a9b74064ab6,trusted,historical_transaction_override,historical_transaction_override,True,609,2026-11-09,complete
2026-11-08,0.00,0.00,0,3395300.59,last_posted_transaction_or_prior_closing_balance,,trusted,weekday_rule,base_calendar,False,,,complete
2026-11-09,0.00,22117.02,1,3373183.57,last_posted_transaction_or_prior_closing_balance,synb1_txn_713ae5527a7ec15fa960cad6,trusted,weekday_rule,base_calendar,True,610,2026-11-10,complete
2026-11-10,63936.30,0.00,2,3437119.87,last_posted_transaction_or_prior_closing_balance,synb1_txn_8ebd5380d2e5d223ef47290b,trusted,weekday_rule,base_calendar,True,611,2026-11-11,complete
2026-11-11,38303.57,0.00,1,3475423.44,last_posted_transaction_or_prior_closing_balance,synb1_txn_3f5e7a7bf6f8ec9b9c1a7d44,trusted,weekday_rule,base_calendar,True,612,2026-11-12,complete
2026-11-12,0.00,15666.22,1,3459757.22,last_posted_transaction_or_prior_closing_balance,synb1_txn_0eac899f41bbc17a94d66fdc,trusted,weekday_rule,base_calendar,True,613,2026-11-13,complete
2026-11-13,0.00,6686.54,1,3453070.68,last_posted_transaction_or_prior_closing_balance,synb1_txn_474696d8dd231c6325f92227,trusted,weekday_rule,base_calendar,True,614,2026-11-14,complete
2026-11-14,44332.56,0.00,2,3497403.24,last_posted_transaction_or_prior_closing_balance,synb1_txn_1ac9da285e879c251a0045f2,trusted,historical_transaction_override,historical_transaction_override,True,615,2026-11-15,complete
2026-11-15,52941.54,13823.15,3,3536521.63,last_posted_transaction_or_prior_closing_balance,synb1_txn_85266b73bd3b3fd53d6fbf87,trusted,historical_transaction_override,historical_transaction_override,True,616,2026-11-16,complete
2026-11-16,0.00,16344.87,1,3520176.76,last_posted_transaction_or_prior_closing_balance,synb1_txn_65fdfea6398fc122e3c0c0ad,trusted,weekday_rule,base_calendar,True,617,2026-11-17,complete
2026-11-17,0.00,14320.98,1,3505855.78,last_posted_transaction_or_prior_closing_balance,synb1_txn_6483963a32ff66099d800103,trusted,weekday_rule,base_calendar,True,618,2026-11-18,complete
2026-11-18,61043.49,0.00,2,3566899.27,last_posted_transaction_or_prior_closing_balance,synb1_txn_69345c25a5d688d3e03a581c,trusted,weekday_rule,base_calendar,True,619,2026-11-19,complete
2026-11-19,13138.68,8915.40,2,3571122.55,last_posted_transaction_or_prior_closing_balance,synb1_txn_90e766a4ca46de9237d334ad,trusted,weekday_rule,base_calendar,True,620,2026-11-20,complete
2026-11-20,0.00,7711.29,1,3563411.26,last_posted_transaction_or_prior_closing_balance,synb1_txn_5cdeaa17f103b5cedf1dfa62,trusted,weekday_rule,base_calendar,True,621,2026-11-22,complete
2026-11-21,0.00,0.00,0,3563411.26,last_posted_transaction_or_prior_closing_balance,,trusted,weekday_rule,base_calendar,False,,,complete
2026-11-22,15372.26,8009.45,2,3570774.07,last_posted_transaction_or_prior_closing_balance,synb1_txn_20d77e4e67d6ce063e90b67c,trusted,historical_transaction_override,historical_transaction_override,True,622,2026-11-23,complete
2026-11-23,34160.59,9914.54,2,3595020.12,last_posted_transaction_or_prior_closing_balance,synb1_txn_97cdf95c053b2aba2eb06a72,trusted,weekday_rule,base_calendar,True,623,2026-11-24,complete
2026-11-24,0.00,7230.56,1,3587789.56,last_posted_transaction_or_prior_closing_balance,synb1_txn_65387c6a0ebd645c0ebbd6e3,trusted,weekday_rule,base_calendar,True,624,2026-11-25,complete
2026-11-25,0.00,80935.31,2,3506854.25,last_posted_transaction_or_prior_closing_balance,synb1_txn_5d1e9d8a90c01ee6793e0d29,trusted,weekday_rule,base_calendar,True,625,2026-11-26,complete
2026-11-26,46116.79,0.00,1,3552971.04,last_posted_transaction_or_prior_closing_balance,synb1_txn_994433aff89f6f648527802e,trusted,weekday_rule,base_calendar,True,626,2026-11-27,complete
2026-11-27,31055.07,19281.50,2,3564744.61,last_posted_transaction_or_prior_closing_balance,synb1_txn_12ee2780610851f136309f5e,trusted,weekday_rule,base_calendar,True,627,2026-11-28,complete
2026-11-28,0.00,12378.26,1,3552366.35,last_posted_transaction_or_prior_closing_balance,synb1_txn_2796dacd0c5eb8efb81010cc,trusted,historical_transaction_override,historical_transaction_override,True,628,2026-11-29,complete
2026-11-29,16012.77,0.00,1,3568379.12,last_posted_transaction_or_prior_closing_balance,synb1_txn_4f688495a4ea87d719ce7c0c,trusted,historical_transaction_override,historical_transaction_override,True,629,2026-11-30,complete
2026-11-30,8235.13,36934.88,6,3539679.37,last_posted_transaction_or_prior_closing_balance,synb1_txn_912158cd683439e8915f961b,trusted,weekday_rule,base_calendar,True,630,2026-12-01,complete
2026-12-01,24585.26,7884.31,2,3556380.32,last_posted_transaction_or_prior_closing_balance,synb1_txn_8d540ddb3498e4e353ab18ec,trusted,weekday_rule,base_calendar,True,631,2026-12-02,complete
2026-12-02,0.00,0.00,0,3556380.32,last_posted_transaction_or_prior_closing_balance,,trusted,weekday_rule,base_calendar,True,632,2026-12-03,complete
2026-12-03,22417.88,54026.38,3,3524771.82,last_posted_transaction_or_prior_closing_balance,synb1_txn_f164480bbc93d64c7224b8da,trusted,weekday_rule,base_calendar,True,633,2026-12-04,complete
2026-12-04,23485.39,27806.48,4,3520450.73,last_posted_transaction_or_prior_closing_balance,synb1_txn_3ca1740605136c9146dacc8a,trusted,weekday_rule,base_calendar,True,634,2026-12-05,complete
2026-12-05,29761.12,0.00,1,3550211.85,last_posted_transaction_or_prior_closing_balance,synb1_txn_88bddf93793534decc917afa,trusted,historical_transaction_override,historical_transaction_override,True,635,2026-12-06,complete
2026-12-06,28060.49,8601.07,2,3569671.27,last_posted_transaction_or_prior_closing_balance,synb1_txn_b8f4516c78b8b6dfdb37cdeb,trusted,historical_transaction_override,historical_transaction_override,True,636,2026-12-07,complete
2026-12-07,12810.22,182890.55,4,3399590.94,last_posted_transaction_or_prior_closing_balance,synb1_txn_b4d8391730b7cc4558fdfcea,trusted,weekday_rule,base_calendar,True,637,2026-12-08,complete
2026-12-08,45140.78,0.00,2,3444731.72,last_posted_transaction_or_prior_closing_balance,synb1_txn_4f5937e7a4eb7881be83b9ef,trusted,weekday_rule,base_calendar,True,638,2026-12-09,complete
2026-12-09,0.00,0.00,0,3444731.72,last_posted_transaction_or_prior_closing_balance,,trusted,weekday_rule,base_calendar,True,639,2026-12-10,complete
2026-12-10,30866.54,32830.28,3,3442767.98,last_posted_transaction_or_prior_closing_balance,synb1_txn_ccc9a5e875494a9000a1e00e,trusted,weekday_rule,base_calendar,True,640,2026-12-11,complete
2026-12-11,0.00,0.00,0,3442767.98,last_posted_transaction_or_prior_closing_balance,,trusted,weekday_rule,base_calendar,True,641,2026-12-12,complete
2026-12-12,25620.44,0.00,1,3468388.42,last_posted_transaction_or_prior_closing_balance,synb1_txn_85ea6f0bb2fc3e7ba54c7edf,trusted,historical_transaction_override,historical_transaction_override,True,642,2026-12-13,complete
2026-12-13,29714.28,16975.78,2,3481126.92,last_posted_transaction_or_prior_closing_balance,synb1_txn_e9e48d12ee2fbfc8fe5c5b1f,trusted,historical_transaction_override,historical_transaction_override,True,643,2026-12-14,complete
2026-12-14,39284.69,11809.79,2,3508601.82,last_posted_transaction_or_prior_closing_balance,synb1_txn_64eee60ddbb680a8bfb233b8,trusted,weekday_rule,base_calendar,True,644,2026-12-15,complete
2026-12-15,20990.03,24802.28,2,3504789.57,last_posted_transaction_or_prior_closing_balance,synb1_txn_5dabd07ccbb84f5afb61ccb4,trusted,weekday_rule,base_calendar,True,645,2026-12-16,complete
2026-12-16,0.00,18063.98,2,3486725.59,last_posted_transaction_or_prior_closing_balance,synb1_txn_45cbe1a5fe48270eecd5c2aa,trusted,weekday_rule,base_calendar,True,646,2026-12-17,complete
2026-12-17,12380.95,13199.17,2,3485907.37,last_posted_transaction_or_prior_closing_balance,synb1_txn_f6d22d069c6e979fadcf47ba,trusted,weekday_rule,base_calendar,True,647,2026-12-18,complete
2026-12-18,50844.64,17361.59,3,3519390.42,last_posted_transaction_or_prior_closing_balance,synb1_txn_a219a12adb89ad72322bc86d,trusted,weekday_rule,base_calendar,True,648,2026-12-19,complete
2026-12-19,49851.32,6964.42,2,3562277.32,last_posted_transaction_or_prior_closing_balance,synb1_txn_d71faf287af250de1683bb7b,trusted,historical_transaction_override,historical_transaction_override,True,649,2026-12-20,complete
2026-12-20,0.00,30903.34,2,3531373.98,last_posted_transaction_or_prior_closing_balance,synb1_txn_13622613b217d47434593277,trusted,historical_transaction_override,historical_transaction_override,True,650,2026-12-21,complete
2026-12-21,24761.91,20437.85,3,3535698.04,last_posted_transaction_or_prior_closing_balance,synb1_txn_7754185ccd2e241e749c7220,trusted,weekday_rule,base_calendar,True,651,2026-12-22,complete
2026-12-22,44006.98,15250.22,4,3564454.80,last_posted_transaction_or_prior_closing_balance,synb1_txn_218b01c905439596e587e92c,trusted,weekday_rule,base_calendar,True,652,2026-12-23,complete
2026-12-23,41980.07,16359.88,2,3590074.99,last_posted_transaction_or_prior_closing_balance,synb1_txn_84967e0ec226e75cc45069a3,trusted,weekday_rule,base_calendar,True,653,2026-12-24,complete
2026-12-24,0.00,40747.54,2,3549327.45,last_posted_transaction_or_prior_closing_balance,synb1_txn_781759ac2a2d1f180dfb1f33,trusted,weekday_rule,base_calendar,True,654,2026-12-25,complete
2026-12-25,0.00,69388.02,2,3479939.43,last_posted_transaction_or_prior_closing_balance,synb1_txn_ecb3c2fd7bcba0e3a305bc85,trusted,weekday_rule,base_calendar,True,655,2026-12-26,complete
2026-12-26,34684.08,6543.96,3,3508079.55,last_posted_transaction_or_prior_closing_balance,synb1_txn_ac6deef0f7779cc508662676,trusted,historical_transaction_override,historical_transaction_override,True,656,2026-12-27,complete
2026-12-27,0.00,17906.37,2,3490173.18,last_posted_transaction_or_prior_closing_balance,synb1_txn_53a6da8c9df0767053f4306a,trusted,historical_transaction_override,historical_transaction_override,True,657,2026-12-28,complete
2026-12-28,0.00,17558.54,4,3472614.64,last_posted_transaction_or_prior_closing_balance,synb1_txn_06c1089dd4106ff941bb0dc6,trusted,weekday_rule,base_calendar,True,658,2026-12-29,complete
2026-12-29,0.00,0.00,0,3472614.64,last_posted_transaction_or_prior_closing_balance,,trusted,weekday_rule,base_calendar,True,659,2026-12-30,complete
2026-12-30,11898.30,16167.44,2,3468345.50,last_posted_transaction_or_prior_closing_balance,synb1_txn_f20d8f6ad7ac2abb54728db3,trusted,weekday_rule,base_calendar,True,660,2026-12-31,complete
2026-12-31,0.00,0.00,0,3468345.50,last_posted_transaction_or_prior_closing_balance,,trusted,weekday_rule,base_calendar,True,661,2027-01-01,complete
