calendar_date,inflow_cny,outflow_cny,transaction_count,ending_balance_cny,day_cut_basis,source_last_transaction_id,reconciliation_status,calendar_source,calendar_inference_status,is_bank_workday,business_step,target_date,execution_status
2024-01-01,1100000.00,0.00,1,1100000.00,last_posted_transaction_or_prior_closing_balance,synb1_txn_a9d4f0007cb0a8287bcdced3,trusted,cn_public_2022_2026_cycles_1_0,public_schedule_without_transaction_override,False,,,complete
2024-01-02,0.00,0.00,0,1100000.00,last_posted_transaction_or_prior_closing_balance,,trusted,cn_public_2022_2026_cycles_1_0,public_schedule_without_transaction_override,True,1,2024-01-03,complete
2024-01-03,0.00,14531.53,1,1085468.47,last_posted_transaction_or_prior_closing_balance,synb1_txn_612854398ac87e735e7388a2,trusted,cn_public_2022_2026_cycles_1_0,public_schedule_without_transaction_override,True,2,2024-01-04,complete
2024-01-04,0.00,12144.53,1,1073323.94,last_posted_transaction_or_prior_closing_balance,synb1_txn_8f0d53875d9e17b69003bc8f,trusted,cn_public_2022_2026_cycles_1_0,public_schedule_without_transaction_override,True,3,2024-01-05,complete
2024-01-05,0.00,7500.00,1,1065823.94,last_posted_transaction_or_prior_closing_balance,synb1_txn_576defe7392b013cdb1b55a2,trusted,cn_public_2022_2026_cycles_1_0,public_schedule_without_transaction_override,True,4,2024-01-08,complete
2024-01-06,0.00,0.00,0,1065823.94,last_posted_transaction_or_prior_closing_balance,,trusted,cn_public_2022_2026_cycles_1_0,public_schedule_without_transaction_override,False,,,complete
2024-01-07,29017.54,28632.24,4,1066209.24,last_posted_transaction_or_prior_closing_balance,synb1_txn_eaaf66cdf068be21ed50208e,trusted,cn_public_2022_2026_cycles_1_0,public_schedule_without_transaction_override,False,,,complete
2024-01-08,0.00,0.00,0,1066209.24,last_posted_transaction_or_prior_closing_balance,,trusted,cn_public_2022_2026_cycles_1_0,public_schedule_without_transaction_override,True,5,2024-01-09,complete
2024-01-09,14716.68,0.00,2,1080925.92,last_posted_transaction_or_prior_closing_balance,synb1_txn_1a3fb2bbe06b32a2b6a98082,trusted,cn_public_2022_2026_cycles_1_0,public_schedule_without_transaction_override,True,6,2024-01-10,complete
2024-01-10,2126.41,7326.47,2,1075725.86,last_posted_transaction_or_prior_closing_balance,synb1_txn_0605767ab92ca352038632b2,trusted,cn_public_2022_2026_cycles_1_0,public_schedule_without_transaction_override,True,7,2024-01-11,complete
2024-01-11,0.00,0.00,0,1075725.86,last_posted_transaction_or_prior_closing_balance,,trusted,cn_public_2022_2026_cycles_1_0,public_schedule_without_transaction_override,True,8,2024-01-12,complete
2024-01-12,0.00,19787.58,1,1055938.28,last_posted_transaction_or_prior_closing_balance,synb1_txn_4f4e4a408ec59e58d394aa97,trusted,cn_public_2022_2026_cycles_1_0,public_schedule_without_transaction_override,True,9,2024-01-15,complete
2024-01-13,0.00,0.00,0,1055938.28,last_posted_transaction_or_prior_closing_balance,,trusted,cn_public_2022_2026_cycles_1_0,public_schedule_without_transaction_override,False,,,complete
2024-01-14,0.00,0.00,0,1055938.28,last_posted_transaction_or_prior_closing_balance,,trusted,cn_public_2022_2026_cycles_1_0,public_schedule_without_transaction_override,False,,,complete
2024-01-15,0.00,0.00,0,1055938.28,last_posted_transaction_or_prior_closing_balance,,trusted,cn_public_2022_2026_cycles_1_0,public_schedule_without_transaction_override,True,10,2024-01-16,complete
2024-01-16,28.66,0.00,1,1055966.94,last_posted_transaction_or_prior_closing_balance,synb1_txn_e00162601fa35bcb07f90c48,trusted,cn_public_2022_2026_cycles_1_0,public_schedule_without_transaction_override,True,11,2024-01-17,complete
2024-01-17,974.87,0.00,1,1056941.81,last_posted_transaction_or_prior_closing_balance,synb1_txn_6e6dd0d6659c48aa083b3fe5,trusted,cn_public_2022_2026_cycles_1_0,public_schedule_without_transaction_override,True,12,2024-01-18,complete
2024-01-18,0.00,54110.54,3,1002831.27,last_posted_transaction_or_prior_closing_balance,synb1_txn_897430d60ca44cd6be251393,trusted,cn_public_2022_2026_cycles_1_0,public_schedule_without_transaction_override,True,13,2024-01-19,complete
2024-01-19,0.00,575.18,1,1002256.09,last_posted_transaction_or_prior_closing_balance,synb1_txn_419bfcb55515034fed523ed9,trusted,cn_public_2022_2026_cycles_1_0,public_schedule_without_transaction_override,True,14,2024-01-22,complete
2024-01-20,0.00,0.00,0,1002256.09,last_posted_transaction_or_prior_closing_balance,,trusted,cn_public_2022_2026_cycles_1_0,public_schedule_without_transaction_override,False,,,complete
2024-01-21,0.00,0.00,0,1002256.09,last_posted_transaction_or_prior_closing_balance,,trusted,cn_public_2022_2026_cycles_1_0,public_schedule_without_transaction_override,False,,,complete
2024-01-22,0.00,0.00,0,1002256.09,last_posted_transaction_or_prior_closing_balance,,trusted,cn_public_2022_2026_cycles_1_0,public_schedule_without_transaction_override,True,15,2024-01-23,complete
2024-01-23,0.00,2751.93,1,999504.16,last_posted_transaction_or_prior_closing_balance,synb1_txn_da0399d0a7cd72b2eb13aa56,trusted,cn_public_2022_2026_cycles_1_0,public_schedule_without_transaction_override,True,16,2024-01-24,complete
2024-01-24,0.00,0.00,0,999504.16,last_posted_transaction_or_prior_closing_balance,,trusted,cn_public_2022_2026_cycles_1_0,public_schedule_without_transaction_override,True,17,2024-01-25,complete
2024-01-25,0.00,0.00,0,999504.16,last_posted_transaction_or_prior_closing_balance,,trusted,cn_public_2022_2026_cycles_1_0,public_schedule_without_transaction_override,True,18,2024-01-26,complete
2024-01-26,0.00,0.00,0,999504.16,last_posted_transaction_or_prior_closing_balance,,trusted,cn_public_2022_2026_cycles_1_0,public_schedule_without_transaction_override,True,19,2024-01-29,complete
2024-01-27,0.00,0.00,0,999504.16,last_posted_transaction_or_prior_closing_balance,,trusted,cn_public_2022_2026_cycles_1_0,public_schedule_without_transaction_override,False,,,complete
2024-01-28,2635.84,0.00,1,1002140.00,last_posted_transaction_or_prior_closing_balance,synb1_txn_06e78a8cd153e43d07c5115a,trusted,cn_public_2022_2026_cycles_1_0,public_schedule_without_transaction_override,False,,,complete
2024-01-29,0.00,0.00,0,1002140.00,last_posted_transaction_or_prior_closing_balance,,trusted,cn_public_2022_2026_cycles_1_0,public_schedule_without_transaction_override,True,20,2024-01-30,complete
2024-01-30,0.00,0.00,0,1002140.00,last_posted_transaction_or_prior_closing_balance,,trusted,cn_public_2022_2026_cycles_1_0,public_schedule_without_transaction_override,True,21,2024-01-31,complete
2024-01-31,0.00,0.00,0,1002140.00,last_posted_transaction_or_prior_closing_balance,,trusted,cn_public_2022_2026_cycles_1_0,public_schedule_without_transaction_override,True,22,2024-02-01,complete
2024-02-01,0.00,0.00,0,1002140.00,last_posted_transaction_or_prior_closing_balance,,trusted,cn_public_2022_2026_cycles_1_0,public_schedule_without_transaction_override,True,23,2024-02-02,complete
2024-02-02,0.00,0.00,0,1002140.00,last_posted_transaction_or_prior_closing_balance,,trusted,cn_public_2022_2026_cycles_1_0,public_schedule_without_transaction_override,True,24,2024-02-04,complete
2024-02-03,0.00,0.00,0,1002140.00,last_posted_transaction_or_prior_closing_balance,,trusted,cn_public_2022_2026_cycles_1_0,public_schedule_without_transaction_override,False,,,complete
2024-02-04,62702.66,0.00,2,1064842.66,last_posted_transaction_or_prior_closing_balance,synb1_txn_96943607b3776666b35a334a,trusted,cn_public_2022_2026_cycles_1_0,public_schedule_without_transaction_override,True,25,2024-02-05,complete
2024-02-05,0.00,7500.00,1,1057342.66,last_posted_transaction_or_prior_closing_balance,synb1_txn_c8cdc3061bece7df69d52af8,trusted,cn_public_2022_2026_cycles_1_0,public_schedule_without_transaction_override,True,26,2024-02-06,complete
2024-02-06,9237.39,0.00,1,1066580.05,last_posted_transaction_or_prior_closing_balance,synb1_txn_ea1dc8c3928deeefc2ebb00f,trusted,cn_public_2022_2026_cycles_1_0,public_schedule_without_transaction_override,True,27,2024-02-07,complete
2024-02-07,0.00,26000.00,1,1040580.05,last_posted_transaction_or_prior_closing_balance,synb1_txn_f1d55b32b4889b5107f0fe3f,trusted,cn_public_2022_2026_cycles_1_0,public_schedule_without_transaction_override,True,28,2024-02-08,complete
2024-02-08,0.00,0.00,0,1040580.05,last_posted_transaction_or_prior_closing_balance,,trusted,cn_public_2022_2026_cycles_1_0,public_schedule_without_transaction_override,True,29,2024-02-09,complete
2024-02-09,0.00,65302.49,1,975277.56,last_posted_transaction_or_prior_closing_balance,synb1_txn_23ee9bc8ca98c2d431c7fd21,trusted,cn_public_2022_2026_cycles_1_0,public_schedule_without_transaction_override,True,30,2024-02-18,complete
2024-02-10,0.00,0.00,0,975277.56,last_posted_transaction_or_prior_closing_balance,,trusted,cn_public_2022_2026_cycles_1_0,public_schedule_without_transaction_override,False,,,complete
2024-02-11,0.00,0.00,0,975277.56,last_posted_transaction_or_prior_closing_balance,,trusted,cn_public_2022_2026_cycles_1_0,public_schedule_without_transaction_override,False,,,complete
2024-02-12,5016.45,0.00,1,980294.01,last_posted_transaction_or_prior_closing_balance,synb1_txn_bd823dc88351d67317569924,trusted,cn_public_2022_2026_cycles_1_0,public_schedule_without_transaction_override,False,,,complete
2024-02-13,28134.90,1201.88,3,1007227.03,last_posted_transaction_or_prior_closing_balance,synb1_txn_19281dd2d0193f8da51cac8d,trusted,cn_public_2022_2026_cycles_1_0,public_schedule_without_transaction_override,False,,,complete
2024-02-14,0.00,74116.80,1,933110.23,last_posted_transaction_or_prior_closing_balance,synb1_txn_ec388e1d0f6f29f0e09ea5d9,trusted,cn_public_2022_2026_cycles_1_0,public_schedule_without_transaction_override,False,,,complete
2024-02-15,0.00,1834.52,1,931275.71,last_posted_transaction_or_prior_closing_balance,synb1_txn_f69963168bba75f26087a4da,trusted,cn_public_2022_2026_cycles_1_0,public_schedule_without_transaction_override,False,,,complete
2024-02-16,0.00,0.00,0,931275.71,last_posted_transaction_or_prior_closing_balance,,trusted,cn_public_2022_2026_cycles_1_0,public_schedule_without_transaction_override,False,,,complete
2024-02-17,719.57,12390.28,3,919605.00,last_posted_transaction_or_prior_closing_balance,synb1_txn_f442ff11f300988672dc2c91,trusted,cn_public_2022_2026_cycles_1_0,public_schedule_without_transaction_override,False,,,complete
2024-02-18,0.00,1008.00,2,918597.00,last_posted_transaction_or_prior_closing_balance,synb1_txn_11ea6a8ef3b12e5eb79e40e7,trusted,cn_public_2022_2026_cycles_1_0,public_schedule_without_transaction_override,True,31,2024-02-19,complete
2024-02-19,0.00,0.00,0,918597.00,last_posted_transaction_or_prior_closing_balance,,trusted,cn_public_2022_2026_cycles_1_0,public_schedule_without_transaction_override,True,32,2024-02-20,complete
2024-02-20,21778.27,0.00,1,940375.27,last_posted_transaction_or_prior_closing_balance,synb1_txn_11d81cb9a85dd43eb60474df,trusted,cn_public_2022_2026_cycles_1_0,public_schedule_without_transaction_override,True,33,2024-02-21,complete
2024-02-21,3464.86,50388.09,3,893452.04,last_posted_transaction_or_prior_closing_balance,synb1_txn_54060d377e2ba321913ecc72,trusted,cn_public_2022_2026_cycles_1_0,public_schedule_without_transaction_override,True,34,2024-02-22,complete
2024-02-22,0.00,0.00,0,893452.04,last_posted_transaction_or_prior_closing_balance,,trusted,cn_public_2022_2026_cycles_1_0,public_schedule_without_transaction_override,True,35,2024-02-23,complete
2024-02-23,3164.22,90000.00,2,806616.26,last_posted_transaction_or_prior_closing_balance,synb1_txn_348eb1a4fb4a694f8ba08111,trusted,cn_public_2022_2026_cycles_1_0,public_schedule_without_transaction_override,True,36,2024-02-26,complete
2024-02-24,0.00,2945.94,1,803670.32,last_posted_transaction_or_prior_closing_balance,synb1_txn_482e994d0983f94ecd3afbe5,trusted,cn_public_2022_2026_cycles_1_0,public_schedule_without_transaction_override,False,,,complete
2024-02-25,31482.58,0.00,1,835152.90,last_posted_transaction_or_prior_closing_balance,synb1_txn_dab2259f587730d806fe9a18,trusted,cn_public_2022_2026_cycles_1_0,public_schedule_without_transaction_override,False,,,complete
2024-02-26,21764.83,0.00,1,856917.73,last_posted_transaction_or_prior_closing_balance,synb1_txn_06d4267fdd214832fc420641,trusted,cn_public_2022_2026_cycles_1_0,public_schedule_without_transaction_override,True,37,2024-02-27,complete
2024-02-27,0.00,0.00,0,856917.73,last_posted_transaction_or_prior_closing_balance,,trusted,cn_public_2022_2026_cycles_1_0,public_schedule_without_transaction_override,True,38,2024-02-28,complete
2024-02-28,23534.27,0.00,1,880452.00,last_posted_transaction_or_prior_closing_balance,synb1_txn_6ed2baf2d732e1e97fb94057,trusted,cn_public_2022_2026_cycles_1_0,public_schedule_without_transaction_override,True,39,2024-02-29,complete
2024-02-29,0.00,0.00,0,880452.00,last_posted_transaction_or_prior_closing_balance,,trusted,cn_public_2022_2026_cycles_1_0,public_schedule_without_transaction_override,True,40,2024-03-01,complete
2024-03-01,0.00,0.00,0,880452.00,last_posted_transaction_or_prior_closing_balance,,trusted,cn_public_2022_2026_cycles_1_0,public_schedule_without_transaction_override,True,41,2024-03-04,complete
2024-03-02,4413.42,0.00,1,884865.42,last_posted_transaction_or_prior_closing_balance,synb1_txn_bf8829675e3e0eb4ad69c36c,trusted,cn_public_2022_2026_cycles_1_0,public_schedule_without_transaction_override,False,,,complete
2024-03-03,0.00,12203.44,1,872661.98,last_posted_transaction_or_prior_closing_balance,synb1_txn_d7a883007d0c41320f898cd8,trusted,cn_public_2022_2026_cycles_1_0,public_schedule_without_transaction_override,False,,,complete
2024-03-04,0.00,20150.69,1,852511.29,last_posted_transaction_or_prior_closing_balance,synb1_txn_c666b18fc91339bc825a5021,trusted,cn_public_2022_2026_cycles_1_0,public_schedule_without_transaction_override,True,42,2024-03-05,complete
2024-03-05,0.00,7500.00,1,845011.29,last_posted_transaction_or_prior_closing_balance,synb1_txn_223d7074a8d37fca38bece2e,trusted,cn_public_2022_2026_cycles_1_0,public_schedule_without_transaction_override,True,43,2024-03-06,complete
2024-03-06,0.00,0.00,0,845011.29,last_posted_transaction_or_prior_closing_balance,,trusted,cn_public_2022_2026_cycles_1_0,public_schedule_without_transaction_override,True,44,2024-03-07,complete
2024-03-07,18953.69,26000.00,2,837964.98,last_posted_transaction_or_prior_closing_balance,synb1_txn_b1118f38c83951ecf60ac755,trusted,cn_public_2022_2026_cycles_1_0,public_schedule_without_transaction_override,True,45,2024-03-08,complete
2024-03-08,20985.26,0.00,1,858950.24,last_posted_transaction_or_prior_closing_balance,synb1_txn_7d506bcc82616c166190018a,trusted,cn_public_2022_2026_cycles_1_0,public_schedule_without_transaction_override,True,46,2024-03-11,complete
2024-03-09,0.00,571.95,1,858378.29,last_posted_transaction_or_prior_closing_balance,synb1_txn_f8e1e146c678f0176bfc9ea7,trusted,cn_public_2022_2026_cycles_1_0,public_schedule_without_transaction_override,False,,,complete
2024-03-10,400.81,14373.91,3,844405.19,last_posted_transaction_or_prior_closing_balance,synb1_txn_71eb60892788b2bee5d6bd6a,trusted,cn_public_2022_2026_cycles_1_0,public_schedule_without_transaction_override,False,,,complete
2024-03-11,0.00,2555.93,2,841849.26,last_posted_transaction_or_prior_closing_balance,synb1_txn_a40c8899c52b82ed1c39fa79,trusted,cn_public_2022_2026_cycles_1_0,public_schedule_without_transaction_override,True,47,2024-03-12,complete
2024-03-12,13166.71,0.00,1,855015.97,last_posted_transaction_or_prior_closing_balance,synb1_txn_438dd8f24e16fcf7a1ba9e9a,trusted,cn_public_2022_2026_cycles_1_0,public_schedule_without_transaction_override,True,48,2024-03-13,complete
2024-03-13,0.00,0.00,0,855015.97,last_posted_transaction_or_prior_closing_balance,,trusted,cn_public_2022_2026_cycles_1_0,public_schedule_without_transaction_override,True,49,2024-03-14,complete
2024-03-14,28201.61,1570.38,2,881647.20,last_posted_transaction_or_prior_closing_balance,synb1_txn_4d22407ac5ee5704496c92f6,trusted,cn_public_2022_2026_cycles_1_0,public_schedule_without_transaction_override,True,50,2024-03-15,complete
2024-03-15,0.00,9397.90,1,872249.30,last_posted_transaction_or_prior_closing_balance,synb1_txn_e1be76da8a438c2cb9a0ba9a,trusted,cn_public_2022_2026_cycles_1_0,public_schedule_without_transaction_override,True,51,2024-03-18,complete
2024-03-16,18320.73,0.00,1,890570.03,last_posted_transaction_or_prior_closing_balance,synb1_txn_c9eb04724a4559308e26ffd3,trusted,cn_public_2022_2026_cycles_1_0,public_schedule_without_transaction_override,False,,,complete
2024-03-17,5137.62,0.00,1,895707.65,last_posted_transaction_or_prior_closing_balance,synb1_txn_731f5f9650535a7b40f83a1a,trusted,cn_public_2022_2026_cycles_1_0,public_schedule_without_transaction_override,False,,,complete
2024-03-18,5426.15,24854.42,5,876279.38,last_posted_transaction_or_prior_closing_balance,synb1_txn_70bc39e6bef932ff03816d7e,trusted,cn_public_2022_2026_cycles_1_0,public_schedule_without_transaction_override,True,52,2024-03-19,complete
2024-03-19,0.00,63191.85,2,813087.53,last_posted_transaction_or_prior_closing_balance,synb1_txn_f0dba2ca03d4c2461416550b,trusted,cn_public_2022_2026_cycles_1_0,public_schedule_without_transaction_override,True,53,2024-03-20,complete
2024-03-20,0.00,7485.16,1,805602.37,last_posted_transaction_or_prior_closing_balance,synb1_txn_f5174fba2d0c846b8520596e,trusted,cn_public_2022_2026_cycles_1_0,public_schedule_without_transaction_override,True,54,2024-03-21,complete
2024-03-21,0.00,0.00,0,805602.37,last_posted_transaction_or_prior_closing_balance,,trusted,cn_public_2022_2026_cycles_1_0,public_schedule_without_transaction_override,True,55,2024-03-22,complete
2024-03-22,5431.28,24069.67,2,786963.98,last_posted_transaction_or_prior_closing_balance,synb1_txn_8b1f37053f0d6821a372cff9,trusted,cn_public_2022_2026_cycles_1_0,public_schedule_without_transaction_override,True,56,2024-03-25,complete
2024-03-23,82474.61,0.00,2,869438.59,last_posted_transaction_or_prior_closing_balance,synb1_txn_72cbc560623f9f5410cca41b,trusted,cn_public_2022_2026_cycles_1_0,public_schedule_without_transaction_override,False,,,complete
2024-03-24,0.00,0.00,0,869438.59,last_posted_transaction_or_prior_closing_balance,,trusted,cn_public_2022_2026_cycles_1_0,public_schedule_without_transaction_override,False,,,complete
2024-03-25,25493.87,958.79,3,893973.67,last_posted_transaction_or_prior_closing_balance,synb1_txn_f5f1b1e9792048ada4f94359,trusted,cn_public_2022_2026_cycles_1_0,public_schedule_without_transaction_override,True,57,2024-03-26,complete
2024-03-26,3127.08,49093.51,2,848007.24,last_posted_transaction_or_prior_closing_balance,synb1_txn_ec0d040aa08edc47482f7dd7,trusted,cn_public_2022_2026_cycles_1_0,public_schedule_without_transaction_override,True,58,2024-03-27,complete
2024-03-27,0.00,0.00,0,848007.24,last_posted_transaction_or_prior_closing_balance,,trusted,cn_public_2022_2026_cycles_1_0,public_schedule_without_transaction_override,True,59,2024-03-28,complete
2024-03-28,1467.16,0.00,1,849474.40,last_posted_transaction_or_prior_closing_balance,synb1_txn_07fe97923e3669db18c98d39,trusted,cn_public_2022_2026_cycles_1_0,public_schedule_without_transaction_override,True,60,2024-03-29,complete
2024-03-29,0.00,0.00,0,849474.40,last_posted_transaction_or_prior_closing_balance,,trusted,cn_public_2022_2026_cycles_1_0,public_schedule_without_transaction_override,True,61,2024-04-01,complete
2024-03-30,0.00,0.00,0,849474.40,last_posted_transaction_or_prior_closing_balance,,trusted,cn_public_2022_2026_cycles_1_0,public_schedule_without_transaction_override,False,,,complete
2024-03-31,0.00,0.00,0,849474.40,last_posted_transaction_or_prior_closing_balance,,trusted,cn_public_2022_2026_cycles_1_0,public_schedule_without_transaction_override,False,,,complete
2024-04-01,0.00,0.00,0,849474.40,last_posted_transaction_or_prior_closing_balance,,trusted,cn_public_2022_2026_cycles_1_0,public_schedule_without_transaction_override,True,62,2024-04-02,complete
2024-04-02,0.00,0.00,0,849474.40,last_posted_transaction_or_prior_closing_balance,,trusted,cn_public_2022_2026_cycles_1_0,public_schedule_without_transaction_override,True,63,2024-04-03,complete
2024-04-03,0.00,3098.94,1,846375.46,last_posted_transaction_or_prior_closing_balance,synb1_txn_f64e4a1fff56f35512da6740,trusted,cn_public_2022_2026_cycles_1_0,public_schedule_without_transaction_override,True,64,2024-04-07,complete
2024-04-04,2.62,0.00,1,846378.08,last_posted_transaction_or_prior_closing_balance,synb1_txn_5ac52d453502cf38052ae531,trusted,cn_public_2022_2026_cycles_1_0,public_schedule_without_transaction_override,False,,,complete
2024-04-05,3577.07,12838.78,3,837116.37,last_posted_transaction_or_prior_closing_balance,synb1_txn_8c02a0e7775b756c1c8511c6,trusted,cn_public_2022_2026_cycles_1_0,public_schedule_without_transaction_override,False,,,complete
2024-04-06,0.00,8251.03,1,828865.34,last_posted_transaction_or_prior_closing_balance,synb1_txn_0052fc92e40d002c1f352e05,trusted,cn_public_2022_2026_cycles_1_0,public_schedule_without_transaction_override,False,,,complete
2024-04-07,2125.68,26000.00,2,804991.02,last_posted_transaction_or_prior_closing_balance,synb1_txn_b3382b461cd072238c6d1c19,trusted,cn_public_2022_2026_cycles_1_0,public_schedule_without_transaction_override,True,65,2024-04-08,complete
2024-04-08,0.00,0.00,0,804991.02,last_posted_transaction_or_prior_closing_balance,,trusted,cn_public_2022_2026_cycles_1_0,public_schedule_without_transaction_override,True,66,2024-04-09,complete
2024-04-09,0.00,39405.80,2,765585.22,last_posted_transaction_or_prior_closing_balance,synb1_txn_6395570bcca242e99a26fda0,trusted,cn_public_2022_2026_cycles_1_0,public_schedule_without_transaction_override,True,67,2024-04-10,complete
2024-04-10,0.00,7923.37,1,757661.85,last_posted_transaction_or_prior_closing_balance,synb1_txn_8811cc32d3c177e77800c695,trusted,cn_public_2022_2026_cycles_1_0,public_schedule_without_transaction_override,True,68,2024-04-11,complete
2024-04-11,4059.04,0.00,1,761720.89,last_posted_transaction_or_prior_closing_balance,synb1_txn_c7af20fa14a4015515ee9288,trusted,cn_public_2022_2026_cycles_1_0,public_schedule_without_transaction_override,True,69,2024-04-12,complete
2024-04-12,38314.26,0.00,1,800035.15,last_posted_transaction_or_prior_closing_balance,synb1_txn_8b82005a76be7373881c23dc,trusted,cn_public_2022_2026_cycles_1_0,public_schedule_without_transaction_override,True,70,2024-04-15,complete
2024-04-13,2021.51,0.00,1,802056.66,last_posted_transaction_or_prior_closing_balance,synb1_txn_d6eaec0c6160e20408dc1962,trusted,cn_public_2022_2026_cycles_1_0,public_schedule_without_transaction_override,False,,,complete
2024-04-14,0.00,18174.44,1,783882.22,last_posted_transaction_or_prior_closing_balance,synb1_txn_4abb0c02a614627397098ddd,trusted,cn_public_2022_2026_cycles_1_0,public_schedule_without_transaction_override,False,,,complete
2024-04-15,0.00,0.00,0,783882.22,last_posted_transaction_or_prior_closing_balance,,trusted,cn_public_2022_2026_cycles_1_0,public_schedule_without_transaction_override,True,71,2024-04-16,complete
2024-04-16,0.00,0.00,0,783882.22,last_posted_transaction_or_prior_closing_balance,,trusted,cn_public_2022_2026_cycles_1_0,public_schedule_without_transaction_override,True,72,2024-04-17,complete
2024-04-17,0.00,2720.35,1,781161.87,last_posted_transaction_or_prior_closing_balance,synb1_txn_ef83e8b2661e0d7b54f1098c,trusted,cn_public_2022_2026_cycles_1_0,public_schedule_without_transaction_override,True,73,2024-04-18,complete
2024-04-18,0.00,3243.20,3,777918.67,last_posted_transaction_or_prior_closing_balance,synb1_txn_bbe6e090b41340ae373fcf0a,trusted,cn_public_2022_2026_cycles_1_0,public_schedule_without_transaction_override,True,74,2024-04-19,complete
2024-04-19,0.00,0.00,0,777918.67,last_posted_transaction_or_prior_closing_balance,,trusted,cn_public_2022_2026_cycles_1_0,public_schedule_without_transaction_override,True,75,2024-04-22,complete
2024-04-20,324.17,0.00,1,778242.84,last_posted_transaction_or_prior_closing_balance,synb1_txn_6de92767083e650c8be1c9d4,trusted,cn_public_2022_2026_cycles_1_0,public_schedule_without_transaction_override,False,,,complete
2024-04-21,14057.74,2857.69,2,789442.89,last_posted_transaction_or_prior_closing_balance,synb1_txn_f94986d1aa32fd58436d9b95,trusted,cn_public_2022_2026_cycles_1_0,public_schedule_without_transaction_override,False,,,complete
2024-04-22,10087.97,0.00,1,799530.86,last_posted_transaction_or_prior_closing_balance,synb1_txn_62cb8e935d019261266359b9,trusted,cn_public_2022_2026_cycles_1_0,public_schedule_without_transaction_override,True,76,2024-04-23,complete
2024-04-23,30461.48,0.00,1,829992.34,last_posted_transaction_or_prior_closing_balance,synb1_txn_5fdb92f7900a46650d274d26,trusted,cn_public_2022_2026_cycles_1_0,public_schedule_without_transaction_override,True,77,2024-04-24,complete
2024-04-24,0.00,2207.29,1,827785.05,last_posted_transaction_or_prior_closing_balance,synb1_txn_f7bd169b36cfec039c945ee2,trusted,cn_public_2022_2026_cycles_1_0,public_schedule_without_transaction_override,True,78,2024-04-25,complete
2024-04-25,1493.62,0.00,1,829278.67,last_posted_transaction_or_prior_closing_balance,synb1_txn_de53ea82dba3b0fcb3cfaab7,trusted,cn_public_2022_2026_cycles_1_0,public_schedule_without_transaction_override,True,79,2024-04-26,complete
2024-04-26,0.00,0.00,0,829278.67,last_posted_transaction_or_prior_closing_balance,,trusted,cn_public_2022_2026_cycles_1_0,public_schedule_without_transaction_override,True,80,2024-04-28,complete
2024-04-27,0.00,2642.31,1,826636.36,last_posted_transaction_or_prior_closing_balance,synb1_txn_f25936dfb57912a459057909,trusted,cn_public_2022_2026_cycles_1_0,public_schedule_without_transaction_override,False,,,complete
2024-04-28,24974.84,0.00,2,851611.20,last_posted_transaction_or_prior_closing_balance,synb1_txn_a3eb4ccc4c31a7c5fcd5476b,trusted,cn_public_2022_2026_cycles_1_0,public_schedule_without_transaction_override,True,81,2024-04-29,complete
2024-04-29,0.00,0.00,0,851611.20,last_posted_transaction_or_prior_closing_balance,,trusted,cn_public_2022_2026_cycles_1_0,public_schedule_without_transaction_override,True,82,2024-04-30,complete
2024-04-30,0.00,0.00,0,851611.20,last_posted_transaction_or_prior_closing_balance,,trusted,cn_public_2022_2026_cycles_1_0,public_schedule_without_transaction_override,True,83,2024-05-06,complete
2024-05-01,0.00,0.00,0,851611.20,last_posted_transaction_or_prior_closing_balance,,trusted,cn_public_2022_2026_cycles_1_0,public_schedule_without_transaction_override,False,,,complete
2024-05-02,0.00,0.00,0,851611.20,last_posted_transaction_or_prior_closing_balance,,trusted,cn_public_2022_2026_cycles_1_0,public_schedule_without_transaction_override,False,,,complete
2024-05-03,0.00,0.00,0,851611.20,last_posted_transaction_or_prior_closing_balance,,trusted,cn_public_2022_2026_cycles_1_0,public_schedule_without_transaction_override,False,,,complete
2024-05-04,0.00,0.00,0,851611.20,last_posted_transaction_or_prior_closing_balance,,trusted,cn_public_2022_2026_cycles_1_0,public_schedule_without_transaction_override,False,,,complete
2024-05-05,0.00,30304.69,2,821306.51,last_posted_transaction_or_prior_closing_balance,synb1_txn_ca723bd4942a5db5ba7ca114,trusted,cn_public_2022_2026_cycles_1_0,public_schedule_without_transaction_override,False,,,complete
2024-05-06,0.00,0.00,0,821306.51,last_posted_transaction_or_prior_closing_balance,,trusted,cn_public_2022_2026_cycles_1_0,public_schedule_without_transaction_override,True,84,2024-05-07,complete
2024-05-07,0.00,26000.00,1,795306.51,last_posted_transaction_or_prior_closing_balance,synb1_txn_4cc311b4efc871e8f201b781,trusted,cn_public_2022_2026_cycles_1_0,public_schedule_without_transaction_override,True,85,2024-05-08,complete
2024-05-08,0.00,16479.79,1,778826.72,last_posted_transaction_or_prior_closing_balance,synb1_txn_911dbf8b6da5578ed0563244,trusted,cn_public_2022_2026_cycles_1_0,public_schedule_without_transaction_override,True,86,2024-05-09,complete
2024-05-09,13629.21,0.00,1,792455.93,last_posted_transaction_or_prior_closing_balance,synb1_txn_d340d08dcf32ece0c70c1303,trusted,cn_public_2022_2026_cycles_1_0,public_schedule_without_transaction_override,True,87,2024-05-10,complete
2024-05-10,19145.03,2017.11,3,809583.85,last_posted_transaction_or_prior_closing_balance,synb1_txn_ef42df8d4f3e6634ed8906e7,trusted,cn_public_2022_2026_cycles_1_0,public_schedule_without_transaction_override,True,88,2024-05-11,complete
2024-05-11,0.00,0.00,0,809583.85,last_posted_transaction_or_prior_closing_balance,,trusted,cn_public_2022_2026_cycles_1_0,public_schedule_without_transaction_override,True,89,2024-05-13,complete
2024-05-12,0.00,0.00,0,809583.85,last_posted_transaction_or_prior_closing_balance,,trusted,cn_public_2022_2026_cycles_1_0,public_schedule_without_transaction_override,False,,,complete
2024-05-13,0.00,0.00,0,809583.85,last_posted_transaction_or_prior_closing_balance,,trusted,cn_public_2022_2026_cycles_1_0,public_schedule_without_transaction_override,True,90,2024-05-14,complete
2024-05-14,5443.17,0.00,1,815027.02,last_posted_transaction_or_prior_closing_balance,synb1_txn_bf39987a14807b2ed7856130,trusted,cn_public_2022_2026_cycles_1_0,public_schedule_without_transaction_override,True,91,2024-05-15,complete
2024-05-15,0.00,0.00,0,815027.02,last_posted_transaction_or_prior_closing_balance,,trusted,cn_public_2022_2026_cycles_1_0,public_schedule_without_transaction_override,True,92,2024-05-16,complete
2024-05-16,31603.28,70.27,2,846560.03,last_posted_transaction_or_prior_closing_balance,synb1_txn_bdc07e205ad127178522c7f0,trusted,cn_public_2022_2026_cycles_1_0,public_schedule_without_transaction_override,True,93,2024-05-17,complete
2024-05-17,0.00,0.00,0,846560.03,last_posted_transaction_or_prior_closing_balance,,trusted,cn_public_2022_2026_cycles_1_0,public_schedule_without_transaction_override,True,94,2024-05-20,complete
2024-05-18,0.00,7848.27,1,838711.76,last_posted_transaction_or_prior_closing_balance,synb1_txn_ea5f6c71316f75c997b5e655,trusted,cn_public_2022_2026_cycles_1_0,public_schedule_without_transaction_override,False,,,complete
2024-05-19,0.00,0.00,0,838711.76,last_posted_transaction_or_prior_closing_balance,,trusted,cn_public_2022_2026_cycles_1_0,public_schedule_without_transaction_override,False,,,complete
2024-05-20,0.00,1287.73,3,837424.03,last_posted_transaction_or_prior_closing_balance,synb1_txn_ec69dd0678d8ff1566f33b64,trusted,cn_public_2022_2026_cycles_1_0,public_schedule_without_transaction_override,True,95,2024-05-21,complete
2024-05-21,33133.55,0.00,1,870557.58,last_posted_transaction_or_prior_closing_balance,synb1_txn_30ad0e94f5e565850e319cba,trusted,cn_public_2022_2026_cycles_1_0,public_schedule_without_transaction_override,True,96,2024-05-22,complete
2024-05-22,5916.84,3244.89,2,873229.53,last_posted_transaction_or_prior_closing_balance,synb1_txn_7440caa322d4bd5be934b1c0,trusted,cn_public_2022_2026_cycles_1_0,public_schedule_without_transaction_override,True,97,2024-05-23,complete
2024-05-23,0.00,0.00,0,873229.53,last_posted_transaction_or_prior_closing_balance,,trusted,cn_public_2022_2026_cycles_1_0,public_schedule_without_transaction_override,True,98,2024-05-24,complete
2024-05-24,0.00,0.00,0,873229.53,last_posted_transaction_or_prior_closing_balance,,trusted,cn_public_2022_2026_cycles_1_0,public_schedule_without_transaction_override,True,99,2024-05-27,complete
2024-05-25,240.66,20708.59,2,852761.60,last_posted_transaction_or_prior_closing_balance,synb1_txn_1b7c7176ddb593d8063d0b7e,trusted,cn_public_2022_2026_cycles_1_0,public_schedule_without_transaction_override,False,,,complete
2024-05-26,2400.82,0.00,1,855162.42,last_posted_transaction_or_prior_closing_balance,synb1_txn_0046cca658664ccbb85b166e,trusted,cn_public_2022_2026_cycles_1_0,public_schedule_without_transaction_override,False,,,complete
2024-05-27,15987.44,4337.70,2,866812.16,last_posted_transaction_or_prior_closing_balance,synb1_txn_576b18150f75c78be7e26a61,trusted,cn_public_2022_2026_cycles_1_0,public_schedule_without_transaction_override,True,100,2024-05-28,complete
2024-05-28,0.00,25020.96,2,841791.20,last_posted_transaction_or_prior_closing_balance,synb1_txn_7a2940296cc2882bebbd5064,trusted,cn_public_2022_2026_cycles_1_0,public_schedule_without_transaction_override,True,101,2024-05-29,complete
2024-05-29,0.00,0.00,0,841791.20,last_posted_transaction_or_prior_closing_balance,,trusted,cn_public_2022_2026_cycles_1_0,public_schedule_without_transaction_override,True,102,2024-05-30,complete
2024-05-30,0.00,0.00,0,841791.20,last_posted_transaction_or_prior_closing_balance,,trusted,cn_public_2022_2026_cycles_1_0,public_schedule_without_transaction_override,True,103,2024-05-31,complete
2024-05-31,0.00,0.00,0,841791.20,last_posted_transaction_or_prior_closing_balance,,trusted,cn_public_2022_2026_cycles_1_0,public_schedule_without_transaction_override,True,104,2024-06-03,complete
2024-06-01,0.00,0.00,0,841791.20,last_posted_transaction_or_prior_closing_balance,,trusted,cn_public_2022_2026_cycles_1_0,public_schedule_without_transaction_override,False,,,complete
2024-06-02,0.00,0.00,0,841791.20,last_posted_transaction_or_prior_closing_balance,,trusted,cn_public_2022_2026_cycles_1_0,public_schedule_without_transaction_override,False,,,complete
2024-06-03,0.00,0.00,0,841791.20,last_posted_transaction_or_prior_closing_balance,,trusted,cn_public_2022_2026_cycles_1_0,public_schedule_without_transaction_override,True,105,2024-06-04,complete
2024-06-04,0.00,0.00,0,841791.20,last_posted_transaction_or_prior_closing_balance,,trusted,cn_public_2022_2026_cycles_1_0,public_schedule_without_transaction_override,True,106,2024-06-05,complete
2024-06-05,0.00,7500.00,1,834291.20,last_posted_transaction_or_prior_closing_balance,synb1_txn_343530b64ad697a345d8fd18,trusted,cn_public_2022_2026_cycles_1_0,public_schedule_without_transaction_override,True,107,2024-06-06,complete
2024-06-06,0.00,0.00,0,834291.20,last_posted_transaction_or_prior_closing_balance,,trusted,cn_public_2022_2026_cycles_1_0,public_schedule_without_transaction_override,True,108,2024-06-07,complete
2024-06-07,0.00,26000.00,1,808291.20,last_posted_transaction_or_prior_closing_balance,synb1_txn_77eda593e271fa51c51621b7,trusted,cn_public_2022_2026_cycles_1_0,public_schedule_without_transaction_override,True,109,2024-06-11,complete
2024-06-08,0.00,41840.55,2,766450.65,last_posted_transaction_or_prior_closing_balance,synb1_txn_516dcf9708d304e9fb2361ec,trusted,cn_public_2022_2026_cycles_1_0,public_schedule_without_transaction_override,False,,,complete
2024-06-09,8253.67,0.00,1,774704.32,last_posted_transaction_or_prior_closing_balance,synb1_txn_a12084a4b7af1ea16d381b04,trusted,cn_public_2022_2026_cycles_1_0,public_schedule_without_transaction_override,False,,,complete
2024-06-10,0.00,17698.86,1,757005.46,last_posted_transaction_or_prior_closing_balance,synb1_txn_9e9f46e302597ab35f9b13b6,trusted,cn_public_2022_2026_cycles_1_0,public_schedule_without_transaction_override,False,,,complete
2024-06-11,44729.81,0.00,1,801735.27,last_posted_transaction_or_prior_closing_balance,synb1_txn_9c0ec3f3cce98dbac02c9ce7,trusted,cn_public_2022_2026_cycles_1_0,public_schedule_without_transaction_override,True,110,2024-06-12,complete
2024-06-12,0.00,45300.04,2,756435.23,last_posted_transaction_or_prior_closing_balance,synb1_txn_8ffaca248015d27aabbe231e,trusted,cn_public_2022_2026_cycles_1_0,public_schedule_without_transaction_override,True,111,2024-06-13,complete
2024-06-13,0.00,54411.17,1,702024.06,last_posted_transaction_or_prior_closing_balance,synb1_txn_ee6483f144ea6efb45ab7732,trusted,cn_public_2022_2026_cycles_1_0,public_schedule_without_transaction_override,True,112,2024-06-14,complete
2024-06-14,0.00,46442.46,1,655581.60,last_posted_transaction_or_prior_closing_balance,synb1_txn_36fd32f17497784399cdb6e0,trusted,cn_public_2022_2026_cycles_1_0,public_schedule_without_transaction_override,True,113,2024-06-17,complete
2024-06-15,6728.93,0.00,1,662310.53,last_posted_transaction_or_prior_closing_balance,synb1_txn_11bb16334978386486407d7f,trusted,cn_public_2022_2026_cycles_1_0,public_schedule_without_transaction_override,False,,,complete
2024-06-16,108558.19,0.00,1,770868.72,last_posted_transaction_or_prior_closing_balance,synb1_txn_1b3bd0b0490b522dda56a516,trusted,cn_public_2022_2026_cycles_1_0,public_schedule_without_transaction_override,False,,,complete
2024-06-17,0.00,0.00,0,770868.72,last_posted_transaction_or_prior_closing_balance,,trusted,cn_public_2022_2026_cycles_1_0,public_schedule_without_transaction_override,True,114,2024-06-18,complete
2024-06-18,17463.53,48347.29,4,739984.96,last_posted_transaction_or_prior_closing_balance,synb1_txn_c0f4a56ec2ff021b062f2333,trusted,cn_public_2022_2026_cycles_1_0,public_schedule_without_transaction_override,True,115,2024-06-19,complete
2024-06-19,0.00,123.18,1,739861.78,last_posted_transaction_or_prior_closing_balance,synb1_txn_a616ca649b2ecb106fc147b9,trusted,cn_public_2022_2026_cycles_1_0,public_schedule_without_transaction_override,True,116,2024-06-20,complete
2024-06-20,9600.53,0.00,1,749462.31,last_posted_transaction_or_prior_closing_balance,synb1_txn_29737115ec0e7a9ef4084e61,trusted,cn_public_2022_2026_cycles_1_0,public_schedule_without_transaction_override,True,117,2024-06-21,complete
2024-06-21,0.00,3742.55,1,745719.76,last_posted_transaction_or_prior_closing_balance,synb1_txn_003981527fd5cb76fd05f579,trusted,cn_public_2022_2026_cycles_1_0,public_schedule_without_transaction_override,True,118,2024-06-24,complete
2024-06-22,33707.01,13513.90,3,765912.87,last_posted_transaction_or_prior_closing_balance,synb1_txn_b1799699fda5fe3cfbdcd3f0,trusted,cn_public_2022_2026_cycles_1_0,public_schedule_without_transaction_override,False,,,complete
2024-06-23,14000.22,0.00,1,779913.09,last_posted_transaction_or_prior_closing_balance,synb1_txn_dda4391d97a3e7fd58281ed8,trusted,cn_public_2022_2026_cycles_1_0,public_schedule_without_transaction_override,False,,,complete
2024-06-24,0.00,0.00,0,779913.09,last_posted_transaction_or_prior_closing_balance,,trusted,cn_public_2022_2026_cycles_1_0,public_schedule_without_transaction_override,True,119,2024-06-25,complete
2024-06-25,15071.54,0.00,1,794984.63,last_posted_transaction_or_prior_closing_balance,synb1_txn_79afea3ba8de4416879a6e89,trusted,cn_public_2022_2026_cycles_1_0,public_schedule_without_transaction_override,True,120,2024-06-26,complete
2024-06-26,0.00,0.00,0,794984.63,last_posted_transaction_or_prior_closing_balance,,trusted,cn_public_2022_2026_cycles_1_0,public_schedule_without_transaction_override,True,121,2024-06-27,complete
2024-06-27,62386.57,0.00,1,857371.20,last_posted_transaction_or_prior_closing_balance,synb1_txn_ef5e78b9d396d52ab38dc6e6,trusted,cn_public_2022_2026_cycles_1_0,public_schedule_without_transaction_override,True,122,2024-06-28,complete
2024-06-28,0.00,0.00,0,857371.20,last_posted_transaction_or_prior_closing_balance,,trusted,cn_public_2022_2026_cycles_1_0,public_schedule_without_transaction_override,True,123,2024-07-01,complete
2024-06-29,0.00,0.00,0,857371.20,last_posted_transaction_or_prior_closing_balance,,trusted,cn_public_2022_2026_cycles_1_0,public_schedule_without_transaction_override,False,,,complete
2024-06-30,0.00,0.00,0,857371.20,last_posted_transaction_or_prior_closing_balance,,trusted,cn_public_2022_2026_cycles_1_0,public_schedule_without_transaction_override,False,,,complete
2024-07-01,0.00,0.00,0,857371.20,last_posted_transaction_or_prior_closing_balance,,trusted,cn_public_2022_2026_cycles_1_0,public_schedule_without_transaction_override,True,124,2024-07-02,complete
2024-07-02,0.00,845.78,1,856525.42,last_posted_transaction_or_prior_closing_balance,synb1_txn_4078fcea2c2e9cbc37640cc0,trusted,cn_public_2022_2026_cycles_1_0,public_schedule_without_transaction_override,True,125,2024-07-03,complete
2024-07-03,60989.23,0.00,1,917514.65,last_posted_transaction_or_prior_closing_balance,synb1_txn_a8100d71799dbda7fcaea6fd,trusted,cn_public_2022_2026_cycles_1_0,public_schedule_without_transaction_override,True,126,2024-07-04,complete
2024-07-04,0.00,0.00,0,917514.65,last_posted_transaction_or_prior_closing_balance,,trusted,cn_public_2022_2026_cycles_1_0,public_schedule_without_transaction_override,True,127,2024-07-05,complete
2024-07-05,0.00,21872.28,3,895642.37,last_posted_transaction_or_prior_closing_balance,synb1_txn_041cd669169b92abd13056d1,trusted,cn_public_2022_2026_cycles_1_0,public_schedule_without_transaction_override,True,128,2024-07-08,complete
2024-07-06,37047.28,0.00,2,932689.65,last_posted_transaction_or_prior_closing_balance,synb1_txn_c0b8fda565f3beca71b87ecf,trusted,cn_public_2022_2026_cycles_1_0,public_schedule_without_transaction_override,False,,,complete
2024-07-07,455.84,26000.00,2,907145.49,last_posted_transaction_or_prior_closing_balance,synb1_txn_ebb951a7b3c82c230d5ee612,trusted,cn_public_2022_2026_cycles_1_0,public_schedule_without_transaction_override,False,,,complete
2024-07-08,3909.02,41446.17,3,869608.34,last_posted_transaction_or_prior_closing_balance,synb1_txn_295a82d9f36290f45c5f9431,trusted,cn_public_2022_2026_cycles_1_0,public_schedule_without_transaction_override,True,129,2024-07-09,complete
2024-07-09,15254.00,0.00,2,884862.34,last_posted_transaction_or_prior_closing_balance,synb1_txn_ceec80d66cc443f5af572488,trusted,cn_public_2022_2026_cycles_1_0,public_schedule_without_transaction_override,True,130,2024-07-10,complete
2024-07-10,0.00,0.00,0,884862.34,last_posted_transaction_or_prior_closing_balance,,trusted,cn_public_2022_2026_cycles_1_0,public_schedule_without_transaction_override,True,131,2024-07-11,complete
2024-07-11,0.00,0.00,0,884862.34,last_posted_transaction_or_prior_closing_balance,,trusted,cn_public_2022_2026_cycles_1_0,public_schedule_without_transaction_override,True,132,2024-07-12,complete
2024-07-12,0.00,391.76,1,884470.58,last_posted_transaction_or_prior_closing_balance,synb1_txn_b64c0f5f4663eae372a3c501,trusted,cn_public_2022_2026_cycles_1_0,public_schedule_without_transaction_override,True,133,2024-07-15,complete
2024-07-13,0.00,7280.10,1,877190.48,last_posted_transaction_or_prior_closing_balance,synb1_txn_d5e50cfdc390388e4f2c857c,trusted,cn_public_2022_2026_cycles_1_0,public_schedule_without_transaction_override,False,,,complete
2024-07-14,3639.27,0.00,1,880829.75,last_posted_transaction_or_prior_closing_balance,synb1_txn_9aa95c5cd6c65fbae636b71a,trusted,cn_public_2022_2026_cycles_1_0,public_schedule_without_transaction_override,False,,,complete
2024-07-15,0.00,20136.66,1,860693.09,last_posted_transaction_or_prior_closing_balance,synb1_txn_7ba46b607c9a6247e4b3db75,trusted,cn_public_2022_2026_cycles_1_0,public_schedule_without_transaction_override,True,134,2024-07-16,complete
2024-07-16,6244.54,0.00,1,866937.63,last_posted_transaction_or_prior_closing_balance,synb1_txn_a2f7e80a8d956faae935e97a,trusted,cn_public_2022_2026_cycles_1_0,public_schedule_without_transaction_override,True,135,2024-07-17,complete
2024-07-17,0.00,954.40,1,865983.23,last_posted_transaction_or_prior_closing_balance,synb1_txn_2d5a2e915e993e8c25abf272,trusted,cn_public_2022_2026_cycles_1_0,public_schedule_without_transaction_override,True,136,2024-07-18,complete
2024-07-18,0.00,23845.12,4,842138.11,last_posted_transaction_or_prior_closing_balance,synb1_txn_5a1ebd678d2a4a2523f564fc,trusted,cn_public_2022_2026_cycles_1_0,public_schedule_without_transaction_override,True,137,2024-07-19,complete
2024-07-19,0.00,0.00,0,842138.11,last_posted_transaction_or_prior_closing_balance,,trusted,cn_public_2022_2026_cycles_1_0,public_schedule_without_transaction_override,True,138,2024-07-22,complete
2024-07-20,0.00,0.00,0,842138.11,last_posted_transaction_or_prior_closing_balance,,trusted,cn_public_2022_2026_cycles_1_0,public_schedule_without_transaction_override,False,,,complete
2024-07-21,0.00,21903.08,1,820235.03,last_posted_transaction_or_prior_closing_balance,synb1_txn_c9ee994b9e43864630477b0b,trusted,cn_public_2022_2026_cycles_1_0,public_schedule_without_transaction_override,False,,,complete
2024-07-22,0.00,0.00,0,820235.03,last_posted_transaction_or_prior_closing_balance,,trusted,cn_public_2022_2026_cycles_1_0,public_schedule_without_transaction_override,True,139,2024-07-23,complete
2024-07-23,118628.05,0.00,1,938863.08,last_posted_transaction_or_prior_closing_balance,synb1_txn_604bae7f375b192e830a1920,trusted,cn_public_2022_2026_cycles_1_0,public_schedule_without_transaction_override,True,140,2024-07-24,complete
2024-07-24,11114.50,0.00,1,949977.58,last_posted_transaction_or_prior_closing_balance,synb1_txn_88c7080dffd51dbcc3d71da6,trusted,cn_public_2022_2026_cycles_1_0,public_schedule_without_transaction_override,True,141,2024-07-25,complete
2024-07-25,0.00,0.00,0,949977.58,last_posted_transaction_or_prior_closing_balance,,trusted,cn_public_2022_2026_cycles_1_0,public_schedule_without_transaction_override,True,142,2024-07-26,complete
2024-07-26,0.00,0.00,0,949977.58,last_posted_transaction_or_prior_closing_balance,,trusted,cn_public_2022_2026_cycles_1_0,public_schedule_without_transaction_override,True,143,2024-07-29,complete
2024-07-27,15718.27,55771.25,4,909924.60,last_posted_transaction_or_prior_closing_balance,synb1_txn_1897629752291f2f47746114,trusted,cn_public_2022_2026_cycles_1_0,public_schedule_without_transaction_override,False,,,complete
2024-07-28,0.00,0.00,0,909924.60,last_posted_transaction_or_prior_closing_balance,,trusted,cn_public_2022_2026_cycles_1_0,public_schedule_without_transaction_override,False,,,complete
2024-07-29,0.00,0.00,0,909924.60,last_posted_transaction_or_prior_closing_balance,,trusted,cn_public_2022_2026_cycles_1_0,public_schedule_without_transaction_override,True,144,2024-07-30,complete
2024-07-30,0.00,0.00,0,909924.60,last_posted_transaction_or_prior_closing_balance,,trusted,cn_public_2022_2026_cycles_1_0,public_schedule_without_transaction_override,True,145,2024-07-31,complete
2024-07-31,0.00,0.00,0,909924.60,last_posted_transaction_or_prior_closing_balance,,trusted,cn_public_2022_2026_cycles_1_0,public_schedule_without_transaction_override,True,146,2024-08-01,complete
2024-08-01,0.00,0.00,0,909924.60,last_posted_transaction_or_prior_closing_balance,,trusted,cn_public_2022_2026_cycles_1_0,public_schedule_without_transaction_override,True,147,2024-08-02,complete
2024-08-02,0.00,0.00,0,909924.60,last_posted_transaction_or_prior_closing_balance,,trusted,cn_public_2022_2026_cycles_1_0,public_schedule_without_transaction_override,True,148,2024-08-05,complete
2024-08-03,0.00,0.00,0,909924.60,last_posted_transaction_or_prior_closing_balance,,trusted,cn_public_2022_2026_cycles_1_0,public_schedule_without_transaction_override,False,,,complete
2024-08-04,100774.29,0.00,1,1010698.89,last_posted_transaction_or_prior_closing_balance,synb1_txn_5328c1a589286c225b1fab82,trusted,cn_public_2022_2026_cycles_1_0,public_schedule_without_transaction_override,False,,,complete
2024-08-05,0.00,7500.00,1,1003198.89,last_posted_transaction_or_prior_closing_balance,synb1_txn_b6362629ce87c99f6b73e28d,trusted,cn_public_2022_2026_cycles_1_0,public_schedule_without_transaction_override,True,149,2024-08-06,complete
2024-08-06,0.00,41506.55,2,961692.34,last_posted_transaction_or_prior_closing_balance,synb1_txn_274f11df9d9f7026e194642a,trusted,cn_public_2022_2026_cycles_1_0,public_schedule_without_transaction_override,True,150,2024-08-07,complete
2024-08-07,0.00,55008.77,3,906683.57,last_posted_transaction_or_prior_closing_balance,synb1_txn_17b08af344310714c0f9238f,trusted,cn_public_2022_2026_cycles_1_0,public_schedule_without_transaction_override,True,151,2024-08-08,complete
2024-08-08,0.00,0.00,0,906683.57,last_posted_transaction_or_prior_closing_balance,,trusted,cn_public_2022_2026_cycles_1_0,public_schedule_without_transaction_override,True,152,2024-08-09,complete
2024-08-09,0.00,0.00,0,906683.57,last_posted_transaction_or_prior_closing_balance,,trusted,cn_public_2022_2026_cycles_1_0,public_schedule_without_transaction_override,True,153,2024-08-12,complete
2024-08-10,0.00,0.00,0,906683.57,last_posted_transaction_or_prior_closing_balance,,trusted,cn_public_2022_2026_cycles_1_0,public_schedule_without_transaction_override,False,,,complete
2024-08-11,0.00,0.00,0,906683.57,last_posted_transaction_or_prior_closing_balance,,trusted,cn_public_2022_2026_cycles_1_0,public_schedule_without_transaction_override,False,,,complete
2024-08-12,1721.08,5629.57,3,902775.08,last_posted_transaction_or_prior_closing_balance,synb1_txn_f34a248caec6a78d048d2acc,trusted,cn_public_2022_2026_cycles_1_0,public_schedule_without_transaction_override,True,154,2024-08-13,complete
2024-08-13,8533.82,101790.18,2,809518.72,last_posted_transaction_or_prior_closing_balance,synb1_txn_4743b53861108721eec27c11,trusted,cn_public_2022_2026_cycles_1_0,public_schedule_without_transaction_override,True,155,2024-08-14,complete
2024-08-14,0.00,0.00,0,809518.72,last_posted_transaction_or_prior_closing_balance,,trusted,cn_public_2022_2026_cycles_1_0,public_schedule_without_transaction_override,True,156,2024-08-15,complete
2024-08-15,0.00,0.00,0,809518.72,last_posted_transaction_or_prior_closing_balance,,trusted,cn_public_2022_2026_cycles_1_0,public_schedule_without_transaction_override,True,157,2024-08-16,complete
2024-08-16,106504.63,44078.54,3,871944.81,last_posted_transaction_or_prior_closing_balance,synb1_txn_821e4b459baa31a0566634ac,trusted,cn_public_2022_2026_cycles_1_0,public_schedule_without_transaction_override,True,158,2024-08-19,complete
2024-08-17,10857.72,0.00,2,882802.53,last_posted_transaction_or_prior_closing_balance,synb1_txn_d0e346f6eaa82f1e294d84f3,trusted,cn_public_2022_2026_cycles_1_0,public_schedule_without_transaction_override,False,,,complete
2024-08-18,33288.21,0.00,3,916090.74,last_posted_transaction_or_prior_closing_balance,synb1_txn_c6d3ebf8399dc2e15d0d979c,trusted,cn_public_2022_2026_cycles_1_0,public_schedule_without_transaction_override,False,,,complete
2024-08-19,0.00,1344.00,2,914746.74,last_posted_transaction_or_prior_closing_balance,synb1_txn_04635b9c21b76d9a49a4c583,trusted,cn_public_2022_2026_cycles_1_0,public_schedule_without_transaction_override,True,159,2024-08-20,complete
2024-08-20,0.00,0.00,0,914746.74,last_posted_transaction_or_prior_closing_balance,,trusted,cn_public_2022_2026_cycles_1_0,public_schedule_without_transaction_override,True,160,2024-08-21,complete
2024-08-21,0.00,0.00,0,914746.74,last_posted_transaction_or_prior_closing_balance,,trusted,cn_public_2022_2026_cycles_1_0,public_schedule_without_transaction_override,True,161,2024-08-22,complete
2024-08-22,0.00,0.00,0,914746.74,last_posted_transaction_or_prior_closing_balance,,trusted,cn_public_2022_2026_cycles_1_0,public_schedule_without_transaction_override,True,162,2024-08-23,complete
2024-08-23,0.00,926.39,1,913820.35,last_posted_transaction_or_prior_closing_balance,synb1_txn_1a23ed5c1c80f038df83210c,trusted,cn_public_2022_2026_cycles_1_0,public_schedule_without_transaction_override,True,163,2024-08-26,complete
2024-08-24,0.00,0.00,0,913820.35,last_posted_transaction_or_prior_closing_balance,,trusted,cn_public_2022_2026_cycles_1_0,public_schedule_without_transaction_override,False,,,complete
2024-08-25,1320.25,0.00,1,915140.60,last_posted_transaction_or_prior_closing_balance,synb1_txn_84074275ac46356d97f82cc4,trusted,cn_public_2022_2026_cycles_1_0,public_schedule_without_transaction_override,False,,,complete
2024-08-26,0.00,0.00,0,915140.60,last_posted_transaction_or_prior_closing_balance,,trusted,cn_public_2022_2026_cycles_1_0,public_schedule_without_transaction_override,True,164,2024-08-27,complete
2024-08-27,0.00,0.00,0,915140.60,last_posted_transaction_or_prior_closing_balance,,trusted,cn_public_2022_2026_cycles_1_0,public_schedule_without_transaction_override,True,165,2024-08-28,complete
2024-08-28,0.00,0.00,0,915140.60,last_posted_transaction_or_prior_closing_balance,,trusted,cn_public_2022_2026_cycles_1_0,public_schedule_without_transaction_override,True,166,2024-08-29,complete
2024-08-29,0.00,0.00,0,915140.60,last_posted_transaction_or_prior_closing_balance,,trusted,cn_public_2022_2026_cycles_1_0,public_schedule_without_transaction_override,True,167,2024-08-30,complete
2024-08-30,0.00,0.00,0,915140.60,last_posted_transaction_or_prior_closing_balance,,trusted,cn_public_2022_2026_cycles_1_0,public_schedule_without_transaction_override,True,168,2024-09-02,complete
2024-08-31,0.00,0.00,0,915140.60,last_posted_transaction_or_prior_closing_balance,,trusted,cn_public_2022_2026_cycles_1_0,public_schedule_without_transaction_override,False,,,complete
2024-09-01,0.00,0.00,0,915140.60,last_posted_transaction_or_prior_closing_balance,,trusted,cn_public_2022_2026_cycles_1_0,public_schedule_without_transaction_override,False,,,complete
2024-09-02,0.00,7854.37,1,907286.23,last_posted_transaction_or_prior_closing_balance,synb1_txn_97a427cbdd98d175bc4bbe85,trusted,cn_public_2022_2026_cycles_1_0,public_schedule_without_transaction_override,True,169,2024-09-03,complete
2024-09-03,0.00,1208.26,1,906077.97,last_posted_transaction_or_prior_closing_balance,synb1_txn_f90a809b994a88e23bad31c7,trusted,cn_public_2022_2026_cycles_1_0,public_schedule_without_transaction_override,True,170,2024-09-04,complete
2024-09-04,0.00,34375.57,2,871702.40,last_posted_transaction_or_prior_closing_balance,synb1_txn_9c477aaee59d9d94eebaba32,trusted,cn_public_2022_2026_cycles_1_0,public_schedule_without_transaction_override,True,171,2024-09-05,complete
2024-09-05,0.00,7500.00,1,864202.40,last_posted_transaction_or_prior_closing_balance,synb1_txn_8e0bb19d33ba003b20674fb4,trusted,cn_public_2022_2026_cycles_1_0,public_schedule_without_transaction_override,True,172,2024-09-06,complete
2024-09-06,5632.71,27179.94,3,842655.17,last_posted_transaction_or_prior_closing_balance,synb1_txn_df6f629afda347edb07d1e6a,trusted,cn_public_2022_2026_cycles_1_0,public_schedule_without_transaction_override,True,173,2024-09-09,complete
2024-09-07,0.00,27000.00,1,815655.17,last_posted_transaction_or_prior_closing_balance,synb1_txn_3e74187248c0d472195c37f2,trusted,cn_public_2022_2026_cycles_1_0,public_schedule_without_transaction_override,False,,,complete
2024-09-08,24453.16,0.00,1,840108.33,last_posted_transaction_or_prior_closing_balance,synb1_txn_11628dd9942d3de55a892910,trusted,cn_public_2022_2026_cycles_1_0,public_schedule_without_transaction_override,False,,,complete
2024-09-09,0.00,0.00,0,840108.33,last_posted_transaction_or_prior_closing_balance,,trusted,cn_public_2022_2026_cycles_1_0,public_schedule_without_transaction_override,True,174,2024-09-10,complete
2024-09-10,62145.46,0.00,1,902253.79,last_posted_transaction_or_prior_closing_balance,synb1_txn_7d912c5f38df92fc0d2fc9e2,trusted,cn_public_2022_2026_cycles_1_0,public_schedule_without_transaction_override,True,175,2024-09-11,complete
2024-09-11,69.30,0.00,1,902323.09,last_posted_transaction_or_prior_closing_balance,synb1_txn_a6a404658dcfed1f5aeffc97,trusted,cn_public_2022_2026_cycles_1_0,public_schedule_without_transaction_override,True,176,2024-09-12,complete
2024-09-12,0.00,0.00,0,902323.09,last_posted_transaction_or_prior_closing_balance,,trusted,cn_public_2022_2026_cycles_1_0,public_schedule_without_transaction_override,True,177,2024-09-13,complete
2024-09-13,0.00,123163.17,1,779159.92,last_posted_transaction_or_prior_closing_balance,synb1_txn_0291cbb4007d1b1faa2296ce,trusted,cn_public_2022_2026_cycles_1_0,public_schedule_without_transaction_override,True,178,2024-09-14,complete
2024-09-14,0.00,0.00,0,779159.92,last_posted_transaction_or_prior_closing_balance,,trusted,cn_public_2022_2026_cycles_1_0,public_schedule_without_transaction_override,True,179,2024-09-18,complete
2024-09-15,0.00,0.00,0,779159.92,last_posted_transaction_or_prior_closing_balance,,trusted,cn_public_2022_2026_cycles_1_0,public_schedule_without_transaction_override,False,,,complete
2024-09-16,0.00,4131.30,1,775028.62,last_posted_transaction_or_prior_closing_balance,synb1_txn_8c941f9acf7a552cb5843ae8,trusted,cn_public_2022_2026_cycles_1_0,public_schedule_without_transaction_override,False,,,complete
2024-09-17,9092.22,3053.93,2,781066.91,last_posted_transaction_or_prior_closing_balance,synb1_txn_ea590ec522c676b21713e6ec,trusted,cn_public_2022_2026_cycles_1_0,public_schedule_without_transaction_override,False,,,complete
2024-09-18,41813.50,18239.83,5,804640.58,last_posted_transaction_or_prior_closing_balance,synb1_txn_c8bfb7429c27a5b8b5441b08,trusted,cn_public_2022_2026_cycles_1_0,public_schedule_without_transaction_override,True,180,2024-09-19,complete
2024-09-19,38677.48,0.00,1,843318.06,last_posted_transaction_or_prior_closing_balance,synb1_txn_6e31d9bc4b8c9f081a46b1fe,trusted,cn_public_2022_2026_cycles_1_0,public_schedule_without_transaction_override,True,181,2024-09-20,complete
2024-09-20,72881.35,0.00,1,916199.41,last_posted_transaction_or_prior_closing_balance,synb1_txn_9a23407283cd6b1e3cad2545,trusted,cn_public_2022_2026_cycles_1_0,public_schedule_without_transaction_override,True,182,2024-09-23,complete
2024-09-21,0.00,0.00,0,916199.41,last_posted_transaction_or_prior_closing_balance,,trusted,cn_public_2022_2026_cycles_1_0,public_schedule_without_transaction_override,False,,,complete
2024-09-22,22184.33,9616.19,3,928767.55,last_posted_transaction_or_prior_closing_balance,synb1_txn_ace38178eef64111bd7ea619,trusted,cn_public_2022_2026_cycles_1_0,public_schedule_without_transaction_override,False,,,complete
2024-09-23,0.00,0.00,0,928767.55,last_posted_transaction_or_prior_closing_balance,,trusted,cn_public_2022_2026_cycles_1_0,public_schedule_without_transaction_override,True,183,2024-09-24,complete
2024-09-24,0.00,4255.53,1,924512.02,last_posted_transaction_or_prior_closing_balance,synb1_txn_80532ec4c176381d01a82a42,trusted,cn_public_2022_2026_cycles_1_0,public_schedule_without_transaction_override,True,184,2024-09-25,complete
2024-09-25,19765.77,3705.07,3,940572.72,last_posted_transaction_or_prior_closing_balance,synb1_txn_f6d4fb5fbb6328d165dc7689,trusted,cn_public_2022_2026_cycles_1_0,public_schedule_without_transaction_override,True,185,2024-09-26,complete
2024-09-26,284.72,0.00,1,940857.44,last_posted_transaction_or_prior_closing_balance,synb1_txn_674f7744d4ea616168d46f64,trusted,cn_public_2022_2026_cycles_1_0,public_schedule_without_transaction_override,True,186,2024-09-27,complete
2024-09-27,0.00,256.64,1,940600.80,last_posted_transaction_or_prior_closing_balance,synb1_txn_d4e69e2fb9ee66662deee3c4,trusted,cn_public_2022_2026_cycles_1_0,public_schedule_without_transaction_override,True,187,2024-09-29,complete
2024-09-28,0.00,0.00,0,940600.80,last_posted_transaction_or_prior_closing_balance,,trusted,cn_public_2022_2026_cycles_1_0,public_schedule_without_transaction_override,False,,,complete
2024-09-29,0.00,0.00,0,940600.80,last_posted_transaction_or_prior_closing_balance,,trusted,cn_public_2022_2026_cycles_1_0,public_schedule_without_transaction_override,True,188,2024-09-30,complete
2024-09-30,0.00,0.00,0,940600.80,last_posted_transaction_or_prior_closing_balance,,trusted,cn_public_2022_2026_cycles_1_0,public_schedule_without_transaction_override,True,189,2024-10-08,complete
2024-10-01,0.00,0.00,0,940600.80,last_posted_transaction_or_prior_closing_balance,,trusted,cn_public_2022_2026_cycles_1_0,public_schedule_without_transaction_override,False,,,complete
2024-10-02,0.00,0.00,0,940600.80,last_posted_transaction_or_prior_closing_balance,,trusted,cn_public_2022_2026_cycles_1_0,public_schedule_without_transaction_override,False,,,complete
2024-10-03,0.00,0.00,0,940600.80,last_posted_transaction_or_prior_closing_balance,,trusted,cn_public_2022_2026_cycles_1_0,public_schedule_without_transaction_override,False,,,complete
2024-10-04,24173.62,0.00,2,964774.42,last_posted_transaction_or_prior_closing_balance,synb1_txn_71e299dd237126bafdf47f58,trusted,cn_public_2022_2026_cycles_1_0,public_schedule_without_transaction_override,False,,,complete
2024-10-05,27976.64,7500.00,2,985251.06,last_posted_transaction_or_prior_closing_balance,synb1_txn_469d36864171cad5623c93d7,trusted,cn_public_2022_2026_cycles_1_0,public_schedule_without_transaction_override,False,,,complete
2024-10-06,4140.05,0.00,1,989391.11,last_posted_transaction_or_prior_closing_balance,synb1_txn_eb67915818b35041949fc15d,trusted,cn_public_2022_2026_cycles_1_0,public_schedule_without_transaction_override,False,,,complete
2024-10-07,0.00,28649.60,2,960741.51,last_posted_transaction_or_prior_closing_balance,synb1_txn_ceb30f98c32c217ae61bc4a6,trusted,cn_public_2022_2026_cycles_1_0,public_schedule_without_transaction_override,False,,,complete
2024-10-08,0.00,0.00,0,960741.51,last_posted_transaction_or_prior_closing_balance,,trusted,cn_public_2022_2026_cycles_1_0,public_schedule_without_transaction_override,True,190,2024-10-09,complete
2024-10-09,0.00,6017.65,1,954723.86,last_posted_transaction_or_prior_closing_balance,synb1_txn_262d61f997fc0e1684f3e64e,trusted,cn_public_2022_2026_cycles_1_0,public_schedule_without_transaction_override,True,191,2024-10-10,complete
2024-10-10,0.00,0.00,0,954723.86,last_posted_transaction_or_prior_closing_balance,,trusted,cn_public_2022_2026_cycles_1_0,public_schedule_without_transaction_override,True,192,2024-10-11,complete
2024-10-11,11951.41,0.00,1,966675.27,last_posted_transaction_or_prior_closing_balance,synb1_txn_725bd6712d0777a286a728af,trusted,cn_public_2022_2026_cycles_1_0,public_schedule_without_transaction_override,True,193,2024-10-12,complete
2024-10-12,0.00,517.97,1,966157.30,last_posted_transaction_or_prior_closing_balance,synb1_txn_32540a03189c5f5dcab6eb66,trusted,cn_public_2022_2026_cycles_1_0,public_schedule_without_transaction_override,True,194,2024-10-14,complete
2024-10-13,0.00,0.00,0,966157.30,last_posted_transaction_or_prior_closing_balance,,trusted,cn_public_2022_2026_cycles_1_0,public_schedule_without_transaction_override,False,,,complete
2024-10-14,0.00,982.35,1,965174.95,last_posted_transaction_or_prior_closing_balance,synb1_txn_f8ada98a8268dfd86fb12f5c,trusted,cn_public_2022_2026_cycles_1_0,public_schedule_without_transaction_override,True,195,2024-10-15,complete
2024-10-15,3403.40,0.00,1,968578.35,last_posted_transaction_or_prior_closing_balance,synb1_txn_187fc489971c7527c17aa376,trusted,cn_public_2022_2026_cycles_1_0,public_schedule_without_transaction_override,True,196,2024-10-16,complete
2024-10-16,0.00,1231.73,1,967346.62,last_posted_transaction_or_prior_closing_balance,synb1_txn_644df232c591eb08f938a30d,trusted,cn_public_2022_2026_cycles_1_0,public_schedule_without_transaction_override,True,197,2024-10-17,complete
2024-10-17,5353.09,13734.63,3,958965.08,last_posted_transaction_or_prior_closing_balance,synb1_txn_4bde6d92f05ac22c91bc505b,trusted,cn_public_2022_2026_cycles_1_0,public_schedule_without_transaction_override,True,198,2024-10-18,complete
2024-10-18,30071.25,4026.60,5,985009.73,last_posted_transaction_or_prior_closing_balance,synb1_txn_c0e9fe4b920c6282abda964f,trusted,cn_public_2022_2026_cycles_1_0,public_schedule_without_transaction_override,True,199,2024-10-21,complete
2024-10-19,0.00,0.00,0,985009.73,last_posted_transaction_or_prior_closing_balance,,trusted,cn_public_2022_2026_cycles_1_0,public_schedule_without_transaction_override,False,,,complete
2024-10-20,31003.57,0.00,1,1016013.30,last_posted_transaction_or_prior_closing_balance,synb1_txn_5fc80188f14c0188c5bf3f9a,trusted,cn_public_2022_2026_cycles_1_0,public_schedule_without_transaction_override,False,,,complete
2024-10-21,0.00,0.00,0,1016013.30,last_posted_transaction_or_prior_closing_balance,,trusted,cn_public_2022_2026_cycles_1_0,public_schedule_without_transaction_override,True,200,2024-10-22,complete
2024-10-22,0.00,25596.94,1,990416.36,last_posted_transaction_or_prior_closing_balance,synb1_txn_3fc3140c2daa62308fae2c00,trusted,cn_public_2022_2026_cycles_1_0,public_schedule_without_transaction_override,True,201,2024-10-23,complete
2024-10-23,0.00,0.00,0,990416.36,last_posted_transaction_or_prior_closing_balance,,trusted,cn_public_2022_2026_cycles_1_0,public_schedule_without_transaction_override,True,202,2024-10-24,complete
2024-10-24,0.00,0.00,0,990416.36,last_posted_transaction_or_prior_closing_balance,,trusted,cn_public_2022_2026_cycles_1_0,public_schedule_without_transaction_override,True,203,2024-10-25,complete
2024-10-25,0.00,17872.05,2,972544.31,last_posted_transaction_or_prior_closing_balance,synb1_txn_e29dd522561dc87285f7840d,trusted,cn_public_2022_2026_cycles_1_0,public_schedule_without_transaction_override,True,204,2024-10-28,complete
2024-10-26,0.00,27835.47,1,944708.84,last_posted_transaction_or_prior_closing_balance,synb1_txn_559e1431823196f87bb86bd0,trusted,cn_public_2022_2026_cycles_1_0,public_schedule_without_transaction_override,False,,,complete
2024-10-27,15090.30,0.00,1,959799.14,last_posted_transaction_or_prior_closing_balance,synb1_txn_c12270b877af6d3e422ed301,trusted,cn_public_2022_2026_cycles_1_0,public_schedule_without_transaction_override,False,,,complete
2024-10-28,14836.67,33111.61,2,941524.20,last_posted_transaction_or_prior_closing_balance,synb1_txn_709f1b4e0a1501320191025d,trusted,cn_public_2022_2026_cycles_1_0,public_schedule_without_transaction_override,True,205,2024-10-29,complete
2024-10-29,0.00,0.00,0,941524.20,last_posted_transaction_or_prior_closing_balance,,trusted,cn_public_2022_2026_cycles_1_0,public_schedule_without_transaction_override,True,206,2024-10-30,complete
2024-10-30,0.00,0.00,0,941524.20,last_posted_transaction_or_prior_closing_balance,,trusted,cn_public_2022_2026_cycles_1_0,public_schedule_without_transaction_override,True,207,2024-10-31,complete
2024-10-31,0.00,0.00,0,941524.20,last_posted_transaction_or_prior_closing_balance,,trusted,cn_public_2022_2026_cycles_1_0,public_schedule_without_transaction_override,True,208,2024-11-01,complete
2024-11-01,0.00,0.00,0,941524.20,last_posted_transaction_or_prior_closing_balance,,trusted,cn_public_2022_2026_cycles_1_0,public_schedule_without_transaction_override,True,209,2024-11-04,complete
2024-11-02,916.60,0.00,1,942440.80,last_posted_transaction_or_prior_closing_balance,synb1_txn_0c65d264f0d21da232a4fa69,trusted,cn_public_2022_2026_cycles_1_0,public_schedule_without_transaction_override,False,,,complete
2024-11-03,1440.84,0.00,1,943881.64,last_posted_transaction_or_prior_closing_balance,synb1_txn_6bbd988268ab6c6171196975,trusted,cn_public_2022_2026_cycles_1_0,public_schedule_without_transaction_override,False,,,complete
2024-11-04,56859.21,1454.65,2,999286.20,last_posted_transaction_or_prior_closing_balance,synb1_txn_393f48ce5555ea21c1f1e5a1,trusted,cn_public_2022_2026_cycles_1_0,public_schedule_without_transaction_override,True,210,2024-11-05,complete
2024-11-05,3968.32,14962.11,4,988292.41,last_posted_transaction_or_prior_closing_balance,synb1_txn_43fa0ebdf036a042530c4e4a,trusted,cn_public_2022_2026_cycles_1_0,public_schedule_without_transaction_override,True,211,2024-11-06,complete
2024-11-06,0.00,47051.82,3,941240.59,last_posted_transaction_or_prior_closing_balance,synb1_txn_82eb8aad90013783f8b7bca0,trusted,cn_public_2022_2026_cycles_1_0,public_schedule_without_transaction_override,True,212,2024-11-07,complete
2024-11-07,0.00,37976.94,2,903263.65,last_posted_transaction_or_prior_closing_balance,synb1_txn_be6dba45fffb83e7057af10e,trusted,cn_public_2022_2026_cycles_1_0,public_schedule_without_transaction_override,True,213,2024-11-08,complete
2024-11-08,0.00,0.00,0,903263.65,last_posted_transaction_or_prior_closing_balance,,trusted,cn_public_2022_2026_cycles_1_0,public_schedule_without_transaction_override,True,214,2024-11-11,complete
2024-11-09,0.00,0.00,0,903263.65,last_posted_transaction_or_prior_closing_balance,,trusted,cn_public_2022_2026_cycles_1_0,public_schedule_without_transaction_override,False,,,complete
2024-11-10,0.00,0.00,0,903263.65,last_posted_transaction_or_prior_closing_balance,,trusted,cn_public_2022_2026_cycles_1_0,public_schedule_without_transaction_override,False,,,complete
2024-11-11,0.00,0.00,0,903263.65,last_posted_transaction_or_prior_closing_balance,,trusted,cn_public_2022_2026_cycles_1_0,public_schedule_without_transaction_override,True,215,2024-11-12,complete
2024-11-12,0.00,0.00,0,903263.65,last_posted_transaction_or_prior_closing_balance,,trusted,cn_public_2022_2026_cycles_1_0,public_schedule_without_transaction_override,True,216,2024-11-13,complete
2024-11-13,0.00,24870.20,3,878393.45,last_posted_transaction_or_prior_closing_balance,synb1_txn_b62d6dcb0f28bbb2102f546d,trusted,cn_public_2022_2026_cycles_1_0,public_schedule_without_transaction_override,True,217,2024-11-14,complete
2024-11-14,0.00,0.00,0,878393.45,last_posted_transaction_or_prior_closing_balance,,trusted,cn_public_2022_2026_cycles_1_0,public_schedule_without_transaction_override,True,218,2024-11-15,complete
2024-11-15,0.00,0.00,0,878393.45,last_posted_transaction_or_prior_closing_balance,,trusted,cn_public_2022_2026_cycles_1_0,public_schedule_without_transaction_override,True,219,2024-11-18,complete
2024-11-16,0.00,0.00,0,878393.45,last_posted_transaction_or_prior_closing_balance,,trusted,cn_public_2022_2026_cycles_1_0,public_schedule_without_transaction_override,False,,,complete
2024-11-17,0.00,1571.08,1,876822.37,last_posted_transaction_or_prior_closing_balance,synb1_txn_d6c00cdbcc6c9c40ba034fbf,trusted,cn_public_2022_2026_cycles_1_0,public_schedule_without_transaction_override,False,,,complete
2024-11-18,0.00,1692.84,3,875129.53,last_posted_transaction_or_prior_closing_balance,synb1_txn_242ca68700dad1aacad1d3c6,trusted,cn_public_2022_2026_cycles_1_0,public_schedule_without_transaction_override,True,220,2024-11-19,complete
2024-11-19,17649.44,0.00,1,892778.97,last_posted_transaction_or_prior_closing_balance,synb1_txn_88924c3c5221dab9dde02c4c,trusted,cn_public_2022_2026_cycles_1_0,public_schedule_without_transaction_override,True,221,2024-11-20,complete
2024-11-20,31268.33,6594.04,2,917453.26,last_posted_transaction_or_prior_closing_balance,synb1_txn_f1f9996010c050cf85166b4b,trusted,cn_public_2022_2026_cycles_1_0,public_schedule_without_transaction_override,True,222,2024-11-21,complete
2024-11-21,13559.92,9221.19,2,921791.99,last_posted_transaction_or_prior_closing_balance,synb1_txn_e72c0b41a820a5a03f65ad5f,trusted,cn_public_2022_2026_cycles_1_0,public_schedule_without_transaction_override,True,223,2024-11-22,complete
2024-11-22,0.00,27965.60,1,893826.39,last_posted_transaction_or_prior_closing_balance,synb1_txn_dccafd82d7fda34225d15c11,trusted,cn_public_2022_2026_cycles_1_0,public_schedule_without_transaction_override,True,224,2024-11-25,complete
2024-11-23,0.00,0.00,0,893826.39,last_posted_transaction_or_prior_closing_balance,,trusted,cn_public_2022_2026_cycles_1_0,public_schedule_without_transaction_override,False,,,complete
2024-11-24,7306.42,0.00,1,901132.81,last_posted_transaction_or_prior_closing_balance,synb1_txn_67936fc44269fecdaeae9e64,trusted,cn_public_2022_2026_cycles_1_0,public_schedule_without_transaction_override,False,,,complete
2024-11-25,0.00,1057.53,1,900075.28,last_posted_transaction_or_prior_closing_balance,synb1_txn_85a6647f9e0fc392d18d4c92,trusted,cn_public_2022_2026_cycles_1_0,public_schedule_without_transaction_override,True,225,2024-11-26,complete
2024-11-26,0.00,0.00,0,900075.28,last_posted_transaction_or_prior_closing_balance,,trusted,cn_public_2022_2026_cycles_1_0,public_schedule_without_transaction_override,True,226,2024-11-27,complete
2024-11-27,0.00,0.00,0,900075.28,last_posted_transaction_or_prior_closing_balance,,trusted,cn_public_2022_2026_cycles_1_0,public_schedule_without_transaction_override,True,227,2024-11-28,complete
2024-11-28,37030.92,0.00,1,937106.20,last_posted_transaction_or_prior_closing_balance,synb1_txn_32760eb21496642c7977f863,trusted,cn_public_2022_2026_cycles_1_0,public_schedule_without_transaction_override,True,228,2024-11-29,complete
2024-11-29,0.00,0.00,0,937106.20,last_posted_transaction_or_prior_closing_balance,,trusted,cn_public_2022_2026_cycles_1_0,public_schedule_without_transaction_override,True,229,2024-12-02,complete
2024-11-30,0.00,0.00,0,937106.20,last_posted_transaction_or_prior_closing_balance,,trusted,cn_public_2022_2026_cycles_1_0,public_schedule_without_transaction_override,False,,,complete
2024-12-01,0.00,0.00,0,937106.20,last_posted_transaction_or_prior_closing_balance,,trusted,cn_public_2022_2026_cycles_1_0,public_schedule_without_transaction_override,False,,,complete
2024-12-02,0.00,823.14,1,936283.06,last_posted_transaction_or_prior_closing_balance,synb1_txn_cafbf088fe22a49ce81c070c,trusted,cn_public_2022_2026_cycles_1_0,public_schedule_without_transaction_override,True,230,2024-12-03,complete
2024-12-03,0.00,0.00,0,936283.06,last_posted_transaction_or_prior_closing_balance,,trusted,cn_public_2022_2026_cycles_1_0,public_schedule_without_transaction_override,True,231,2024-12-04,complete
2024-12-04,37151.73,0.00,2,973434.79,last_posted_transaction_or_prior_closing_balance,synb1_txn_7e6fd482e4c0dbc9cdada82d,trusted,cn_public_2022_2026_cycles_1_0,public_schedule_without_transaction_override,True,232,2024-12-05,complete
2024-12-05,12454.63,7500.00,3,978389.42,last_posted_transaction_or_prior_closing_balance,synb1_txn_18a8a6c05da91ab6f0b762d4,trusted,cn_public_2022_2026_cycles_1_0,public_schedule_without_transaction_override,True,233,2024-12-06,complete
2024-12-06,70678.68,0.00,1,1049068.10,last_posted_transaction_or_prior_closing_balance,synb1_txn_da3d1c13042cf16351dbb168,trusted,cn_public_2022_2026_cycles_1_0,public_schedule_without_transaction_override,True,234,2024-12-09,complete
2024-12-07,0.00,27000.00,1,1022068.10,last_posted_transaction_or_prior_closing_balance,synb1_txn_93c892ef1bf3b4ce3173bea5,trusted,cn_public_2022_2026_cycles_1_0,public_schedule_without_transaction_override,False,,,complete
2024-12-08,16698.43,68151.57,3,970614.96,last_posted_transaction_or_prior_closing_balance,synb1_txn_db9a930a8ee7f1a01654fba7,trusted,cn_public_2022_2026_cycles_1_0,public_schedule_without_transaction_override,False,,,complete
2024-12-09,0.00,0.00,0,970614.96,last_posted_transaction_or_prior_closing_balance,,trusted,cn_public_2022_2026_cycles_1_0,public_schedule_without_transaction_override,True,235,2024-12-10,complete
2024-12-10,0.00,0.00,0,970614.96,last_posted_transaction_or_prior_closing_balance,,trusted,cn_public_2022_2026_cycles_1_0,public_schedule_without_transaction_override,True,236,2024-12-11,complete
2024-12-11,0.00,0.00,0,970614.96,last_posted_transaction_or_prior_closing_balance,,trusted,cn_public_2022_2026_cycles_1_0,public_schedule_without_transaction_override,True,237,2024-12-12,complete
2024-12-12,0.00,151114.47,1,819500.49,last_posted_transaction_or_prior_closing_balance,synb1_txn_789b2f05f4b245766b9a00f3,trusted,cn_public_2022_2026_cycles_1_0,public_schedule_without_transaction_override,True,238,2024-12-13,complete
2024-12-13,205043.36,0.00,1,1024543.85,last_posted_transaction_or_prior_closing_balance,synb1_txn_3df8e131f0395e1cb792cc6a,trusted,cn_public_2022_2026_cycles_1_0,public_schedule_without_transaction_override,True,239,2024-12-16,complete
2024-12-14,0.00,1424.65,1,1023119.20,last_posted_transaction_or_prior_closing_balance,synb1_txn_69f354773beeb732b183ee28,trusted,cn_public_2022_2026_cycles_1_0,public_schedule_without_transaction_override,False,,,complete
2024-12-15,845.23,376.97,2,1023587.46,last_posted_transaction_or_prior_closing_balance,synb1_txn_98087dd1e054269a117ec982,trusted,cn_public_2022_2026_cycles_1_0,public_schedule_without_transaction_override,False,,,complete
2024-12-16,0.00,16000.52,1,1007586.94,last_posted_transaction_or_prior_closing_balance,synb1_txn_79281eb825be1e3642df4c1f,trusted,cn_public_2022_2026_cycles_1_0,public_schedule_without_transaction_override,True,240,2024-12-17,complete
2024-12-17,0.00,813.95,1,1006772.99,last_posted_transaction_or_prior_closing_balance,synb1_txn_5095d70bbc0ea25ee75b6b9b,trusted,cn_public_2022_2026_cycles_1_0,public_schedule_without_transaction_override,True,241,2024-12-18,complete
2024-12-18,0.00,2807.40,3,1003965.59,last_posted_transaction_or_prior_closing_balance,synb1_txn_5223ccfa0da6f3647f56e0da,trusted,cn_public_2022_2026_cycles_1_0,public_schedule_without_transaction_override,True,242,2024-12-19,complete
2024-12-19,0.00,6977.35,1,996988.24,last_posted_transaction_or_prior_closing_balance,synb1_txn_192d79723bb6dfa8d46c172b,trusted,cn_public_2022_2026_cycles_1_0,public_schedule_without_transaction_override,True,243,2024-12-20,complete
2024-12-20,0.00,0.00,0,996988.24,last_posted_transaction_or_prior_closing_balance,,trusted,cn_public_2022_2026_cycles_1_0,public_schedule_without_transaction_override,True,244,2024-12-23,complete
2024-12-21,9109.00,5537.86,2,1000559.38,last_posted_transaction_or_prior_closing_balance,synb1_txn_3150b4eca4a15926a5b72ff7,trusted,cn_public_2022_2026_cycles_1_0,public_schedule_without_transaction_override,False,,,complete
2024-12-22,0.00,0.00,0,1000559.38,last_posted_transaction_or_prior_closing_balance,,trusted,cn_public_2022_2026_cycles_1_0,public_schedule_without_transaction_override,False,,,complete
2024-12-23,0.00,21811.65,2,978747.73,last_posted_transaction_or_prior_closing_balance,synb1_txn_c58e457ec12d13e05e67caaa,trusted,cn_public_2022_2026_cycles_1_0,public_schedule_without_transaction_override,True,245,2024-12-24,complete
2024-12-24,0.00,0.00,0,978747.73,last_posted_transaction_or_prior_closing_balance,,trusted,cn_public_2022_2026_cycles_1_0,public_schedule_without_transaction_override,True,246,2024-12-25,complete
2024-12-25,22496.01,0.00,1,1001243.74,last_posted_transaction_or_prior_closing_balance,synb1_txn_89690c85c1e62eb0f740c591,trusted,cn_public_2022_2026_cycles_1_0,public_schedule_without_transaction_override,True,247,2024-12-26,complete
2024-12-26,0.00,3482.41,1,997761.33,last_posted_transaction_or_prior_closing_balance,synb1_txn_4fd8551b6cc56f4c4173aec3,trusted,cn_public_2022_2026_cycles_1_0,public_schedule_without_transaction_override,True,248,2024-12-27,complete
2024-12-27,0.00,0.00,0,997761.33,last_posted_transaction_or_prior_closing_balance,,trusted,cn_public_2022_2026_cycles_1_0,public_schedule_without_transaction_override,True,249,2024-12-30,complete
2024-12-28,7522.93,48685.46,2,956598.80,last_posted_transaction_or_prior_closing_balance,synb1_txn_a30b3bbb9274ad7f8f868d14,trusted,cn_public_2022_2026_cycles_1_0,public_schedule_without_transaction_override,False,,,complete
2024-12-29,0.00,0.00,0,956598.80,last_posted_transaction_or_prior_closing_balance,,trusted,cn_public_2022_2026_cycles_1_0,public_schedule_without_transaction_override,False,,,complete
2024-12-30,0.00,0.00,0,956598.80,last_posted_transaction_or_prior_closing_balance,,trusted,cn_public_2022_2026_cycles_1_0,public_schedule_without_transaction_override,True,250,2024-12-31,complete
2024-12-31,0.00,0.00,0,956598.80,last_posted_transaction_or_prior_closing_balance,,trusted,cn_public_2022_2026_cycles_1_0,public_schedule_without_transaction_override,True,251,2025-01-02,complete
2025-01-01,0.00,0.00,0,956598.80,last_posted_transaction_or_prior_closing_balance,,trusted,cn_public_2022_2026_cycles_1_0,public_schedule_without_transaction_override,False,,,complete
2025-01-02,0.00,0.00,0,956598.80,last_posted_transaction_or_prior_closing_balance,,trusted,cn_public_2022_2026_cycles_1_0,public_schedule_without_transaction_override,True,252,2025-01-03,complete
2025-01-03,93.80,8760.32,2,947932.28,last_posted_transaction_or_prior_closing_balance,synb1_txn_90d15505509cc497e8e02e76,trusted,cn_public_2022_2026_cycles_1_0,public_schedule_without_transaction_override,True,253,2025-01-06,complete
2025-01-04,0.00,23317.90,1,924614.38,last_posted_transaction_or_prior_closing_balance,synb1_txn_c46ba6e17c527c2545328929,trusted,cn_public_2022_2026_cycles_1_0,public_schedule_without_transaction_override,False,,,complete
2025-01-05,3452.78,7500.00,2,920567.16,last_posted_transaction_or_prior_closing_balance,synb1_txn_a2b491ad2271b0b646464fbe,trusted,cn_public_2022_2026_cycles_1_0,public_schedule_without_transaction_override,False,,,complete
2025-01-06,0.00,37603.21,2,882963.95,last_posted_transaction_or_prior_closing_balance,synb1_txn_3db465a1ab27ce231b306cf8,trusted,cn_public_2022_2026_cycles_1_0,public_schedule_without_transaction_override,True,254,2025-01-07,complete
2025-01-07,0.00,27000.00,1,855963.95,last_posted_transaction_or_prior_closing_balance,synb1_txn_fc9a1a2e9e6315a80bb96019,trusted,cn_public_2022_2026_cycles_1_0,public_schedule_without_transaction_override,True,255,2025-01-08,complete
2025-01-08,0.00,0.00,0,855963.95,last_posted_transaction_or_prior_closing_balance,,trusted,cn_public_2022_2026_cycles_1_0,public_schedule_without_transaction_override,True,256,2025-01-09,complete
2025-01-09,194.40,0.00,1,856158.35,last_posted_transaction_or_prior_closing_balance,synb1_txn_0c38b4422d45f754e1fd9302,trusted,cn_public_2022_2026_cycles_1_0,public_schedule_without_transaction_override,True,257,2025-01-10,complete
2025-01-10,0.00,3279.55,2,852878.80,last_posted_transaction_or_prior_closing_balance,synb1_txn_4f9498f34f61cdc5546094d9,trusted,cn_public_2022_2026_cycles_1_0,public_schedule_without_transaction_override,True,258,2025-01-13,complete
2025-01-11,711.22,0.00,1,853590.02,last_posted_transaction_or_prior_closing_balance,synb1_txn_765b484160f0ef12bdf7dc72,trusted,cn_public_2022_2026_cycles_1_0,public_schedule_without_transaction_override,False,,,complete
2025-01-12,0.00,1813.63,1,851776.39,last_posted_transaction_or_prior_closing_balance,synb1_txn_c20741f8dcd6bf3efaa65029,trusted,cn_public_2022_2026_cycles_1_0,public_schedule_without_transaction_override,False,,,complete
2025-01-13,0.00,0.00,0,851776.39,last_posted_transaction_or_prior_closing_balance,,trusted,cn_public_2022_2026_cycles_1_0,public_schedule_without_transaction_override,True,259,2025-01-14,complete
2025-01-14,0.00,0.00,0,851776.39,last_posted_transaction_or_prior_closing_balance,,trusted,cn_public_2022_2026_cycles_1_0,public_schedule_without_transaction_override,True,260,2025-01-15,complete
2025-01-15,71809.70,0.00,2,923586.09,last_posted_transaction_or_prior_closing_balance,synb1_txn_6b522c623c5116bad8c9b584,trusted,cn_public_2022_2026_cycles_1_0,public_schedule_without_transaction_override,True,261,2025-01-16,complete
2025-01-16,3523.33,0.00,1,927109.42,last_posted_transaction_or_prior_closing_balance,synb1_txn_b14466c4dddacf3efafafbb7,trusted,cn_public_2022_2026_cycles_1_0,public_schedule_without_transaction_override,True,262,2025-01-17,complete
2025-01-17,4302.95,0.00,1,931412.37,last_posted_transaction_or_prior_closing_balance,synb1_txn_1dfbcfabd527ae48c767e88c,trusted,cn_public_2022_2026_cycles_1_0,public_schedule_without_transaction_override,True,263,2025-01-20,complete
2025-01-18,0.00,4736.22,2,926676.15,last_posted_transaction_or_prior_closing_balance,synb1_txn_1ff5eb0885a97331aa0ecbe0,trusted,cn_public_2022_2026_cycles_1_0,public_schedule_without_transaction_override,False,,,complete
2025-01-19,0.00,0.00,0,926676.15,last_posted_transaction_or_prior_closing_balance,,trusted,cn_public_2022_2026_cycles_1_0,public_schedule_without_transaction_override,False,,,complete
2025-01-20,3680.90,41033.93,5,889323.12,last_posted_transaction_or_prior_closing_balance,synb1_txn_2ee97e87e20f3670efdec206,trusted,cn_public_2022_2026_cycles_1_0,public_schedule_without_transaction_override,True,264,2025-01-21,complete
2025-01-21,30007.73,14479.42,3,904851.43,last_posted_transaction_or_prior_closing_balance,synb1_txn_c86bbccf74d8ab425c17100f,trusted,cn_public_2022_2026_cycles_1_0,public_schedule_without_transaction_override,True,265,2025-01-22,complete
2025-01-22,25093.36,0.00,2,929944.79,last_posted_transaction_or_prior_closing_balance,synb1_txn_82895d66bbd57176669d3a89,trusted,cn_public_2022_2026_cycles_1_0,public_schedule_without_transaction_override,True,266,2025-01-23,complete
2025-01-23,127129.83,328.74,2,1056745.88,last_posted_transaction_or_prior_closing_balance,synb1_txn_bc9f6bd6d15b48d4ebd969c8,trusted,cn_public_2022_2026_cycles_1_0,public_schedule_without_transaction_override,True,267,2025-01-24,complete
2025-01-24,0.00,0.00,0,1056745.88,last_posted_transaction_or_prior_closing_balance,,trusted,cn_public_2022_2026_cycles_1_0,public_schedule_without_transaction_override,True,268,2025-01-26,complete
2025-01-25,0.00,0.00,0,1056745.88,last_posted_transaction_or_prior_closing_balance,,trusted,cn_public_2022_2026_cycles_1_0,public_schedule_without_transaction_override,False,,,complete
2025-01-26,0.00,0.00,0,1056745.88,last_posted_transaction_or_prior_closing_balance,,trusted,cn_public_2022_2026_cycles_1_0,public_schedule_without_transaction_override,True,269,2025-01-27,complete
2025-01-27,0.00,0.00,0,1056745.88,last_posted_transaction_or_prior_closing_balance,,trusted,cn_public_2022_2026_cycles_1_0,public_schedule_without_transaction_override,True,270,2025-02-05,complete
2025-01-28,0.00,49361.68,2,1007384.20,last_posted_transaction_or_prior_closing_balance,synb1_txn_eea9b84d2fe4bc2410dee6f6,trusted,cn_public_2022_2026_cycles_1_0,public_schedule_without_transaction_override,False,,,complete
2025-01-29,0.00,0.00,0,1007384.20,last_posted_transaction_or_prior_closing_balance,,trusted,cn_public_2022_2026_cycles_1_0,public_schedule_without_transaction_override,False,,,complete
2025-01-30,0.00,0.00,0,1007384.20,last_posted_transaction_or_prior_closing_balance,,trusted,cn_public_2022_2026_cycles_1_0,public_schedule_without_transaction_override,False,,,complete
2025-01-31,0.00,0.00,0,1007384.20,last_posted_transaction_or_prior_closing_balance,,trusted,cn_public_2022_2026_cycles_1_0,public_schedule_without_transaction_override,False,,,complete
2025-02-01,0.00,0.00,0,1007384.20,last_posted_transaction_or_prior_closing_balance,,trusted,cn_public_2022_2026_cycles_1_0,public_schedule_without_transaction_override,False,,,complete
2025-02-02,202.78,0.00,1,1007586.98,last_posted_transaction_or_prior_closing_balance,synb1_txn_c5516312ecceff66c8050a52,trusted,cn_public_2022_2026_cycles_1_0,public_schedule_without_transaction_override,False,,,complete
2025-02-03,84551.07,0.00,1,1092138.05,last_posted_transaction_or_prior_closing_balance,synb1_txn_6a69e276c1af1c63172d40c6,trusted,cn_public_2022_2026_cycles_1_0,public_schedule_without_transaction_override,False,,,complete
2025-02-04,5005.55,0.00,1,1097143.60,last_posted_transaction_or_prior_closing_balance,synb1_txn_43bdd701d262f376ce21dbf6,trusted,cn_public_2022_2026_cycles_1_0,public_schedule_without_transaction_override,False,,,complete
2025-02-05,972.09,7508.30,3,1090607.39,last_posted_transaction_or_prior_closing_balance,synb1_txn_f1f99795891db97b2823444d,trusted,cn_public_2022_2026_cycles_1_0,public_schedule_without_transaction_override,True,271,2025-02-06,complete
2025-02-06,0.00,0.00,0,1090607.39,last_posted_transaction_or_prior_closing_balance,,trusted,cn_public_2022_2026_cycles_1_0,public_schedule_without_transaction_override,True,272,2025-02-07,complete
2025-02-07,0.00,27000.00,1,1063607.39,last_posted_transaction_or_prior_closing_balance,synb1_txn_c0d44f7b12f50ebac17d3c9a,trusted,cn_public_2022_2026_cycles_1_0,public_schedule_without_transaction_override,True,273,2025-02-08,complete
2025-02-08,82574.46,0.00,2,1146181.85,last_posted_transaction_or_prior_closing_balance,synb1_txn_0f53dfc8e238b84b4a3f5919,trusted,cn_public_2022_2026_cycles_1_0,public_schedule_without_transaction_override,True,274,2025-02-10,complete
2025-02-09,0.00,118281.44,1,1027900.41,last_posted_transaction_or_prior_closing_balance,synb1_txn_07a1dd32abfb554fcc1e3e3d,trusted,cn_public_2022_2026_cycles_1_0,public_schedule_without_transaction_override,False,,,complete
2025-02-10,4298.32,0.00,1,1032198.73,last_posted_transaction_or_prior_closing_balance,synb1_txn_c825c56ce4c3f1c3f53673ab,trusted,cn_public_2022_2026_cycles_1_0,public_schedule_without_transaction_override,True,275,2025-02-11,complete
2025-02-11,0.00,24561.30,1,1007637.43,last_posted_transaction_or_prior_closing_balance,synb1_txn_be0832d9ac5832b6015d3352,trusted,cn_public_2022_2026_cycles_1_0,public_schedule_without_transaction_override,True,276,2025-02-12,complete
2025-02-12,0.00,25897.93,1,981739.50,last_posted_transaction_or_prior_closing_balance,synb1_txn_58ec2d0be9dc61e718e0e77b,trusted,cn_public_2022_2026_cycles_1_0,public_schedule_without_transaction_override,True,277,2025-02-13,complete
2025-02-13,0.00,0.00,0,981739.50,last_posted_transaction_or_prior_closing_balance,,trusted,cn_public_2022_2026_cycles_1_0,public_schedule_without_transaction_override,True,278,2025-02-14,complete
2025-02-14,0.00,527.41,1,981212.09,last_posted_transaction_or_prior_closing_balance,synb1_txn_e8902df6b1d7f67a4a05a8f7,trusted,cn_public_2022_2026_cycles_1_0,public_schedule_without_transaction_override,True,279,2025-02-17,complete
2025-02-15,6112.07,0.00,1,987324.16,last_posted_transaction_or_prior_closing_balance,synb1_txn_7d0f6c0d923a5f86e8692194,trusted,cn_public_2022_2026_cycles_1_0,public_schedule_without_transaction_override,False,,,complete
2025-02-16,19304.13,0.00,2,1006628.29,last_posted_transaction_or_prior_closing_balance,synb1_txn_0a5513ee8d0aa4e7feafb128,trusted,cn_public_2022_2026_cycles_1_0,public_schedule_without_transaction_override,False,,,complete
2025-02-17,0.00,9447.71,2,997180.58,last_posted_transaction_or_prior_closing_balance,synb1_txn_1d11e436630fadc88744c821,trusted,cn_public_2022_2026_cycles_1_0,public_schedule_without_transaction_override,True,280,2025-02-18,complete
2025-02-18,0.00,2029.32,3,995151.26,last_posted_transaction_or_prior_closing_balance,synb1_txn_59c26c35cff5adc5df7c9e2e,trusted,cn_public_2022_2026_cycles_1_0,public_schedule_without_transaction_override,True,281,2025-02-19,complete
2025-02-19,43461.15,5103.99,3,1033508.42,last_posted_transaction_or_prior_closing_balance,synb1_txn_0320ba08ff0e0bb9186d1c84,trusted,cn_public_2022_2026_cycles_1_0,public_schedule_without_transaction_override,True,282,2025-02-20,complete
2025-02-20,3228.06,0.00,1,1036736.48,last_posted_transaction_or_prior_closing_balance,synb1_txn_c4ae856160c96a5e85a3904b,trusted,cn_public_2022_2026_cycles_1_0,public_schedule_without_transaction_override,True,283,2025-02-21,complete
2025-02-21,0.00,6395.11,1,1030341.37,last_posted_transaction_or_prior_closing_balance,synb1_txn_f0ebcdddb3cb96b42bc03b62,trusted,cn_public_2022_2026_cycles_1_0,public_schedule_without_transaction_override,True,284,2025-02-24,complete
2025-02-22,0.00,0.00,0,1030341.37,last_posted_transaction_or_prior_closing_balance,,trusted,cn_public_2022_2026_cycles_1_0,public_schedule_without_transaction_override,False,,,complete
2025-02-23,2166.35,0.00,1,1032507.72,last_posted_transaction_or_prior_closing_balance,synb1_txn_9dd99d5b8f3f8a5d74a86c08,trusted,cn_public_2022_2026_cycles_1_0,public_schedule_without_transaction_override,False,,,complete
2025-02-24,0.00,0.00,0,1032507.72,last_posted_transaction_or_prior_closing_balance,,trusted,cn_public_2022_2026_cycles_1_0,public_schedule_without_transaction_override,True,285,2025-02-25,complete
2025-02-25,0.00,28084.21,2,1004423.51,last_posted_transaction_or_prior_closing_balance,synb1_txn_9b98a8bb85e0c72947f7ad6e,trusted,cn_public_2022_2026_cycles_1_0,public_schedule_without_transaction_override,True,286,2025-02-26,complete
2025-02-26,8123.97,0.00,1,1012547.48,last_posted_transaction_or_prior_closing_balance,synb1_txn_3784b68101f12cd897107c77,trusted,cn_public_2022_2026_cycles_1_0,public_schedule_without_transaction_override,True,287,2025-02-27,complete
2025-02-27,0.00,0.00,0,1012547.48,last_posted_transaction_or_prior_closing_balance,,trusted,cn_public_2022_2026_cycles_1_0,public_schedule_without_transaction_override,True,288,2025-02-28,complete
2025-02-28,0.00,8045.28,1,1004502.20,last_posted_transaction_or_prior_closing_balance,synb1_txn_6f783dbdd7e67890ecec985f,trusted,cn_public_2022_2026_cycles_1_0,public_schedule_without_transaction_override,True,289,2025-03-03,complete
2025-03-01,0.00,0.00,0,1004502.20,last_posted_transaction_or_prior_closing_balance,,trusted,cn_public_2022_2026_cycles_1_0,public_schedule_without_transaction_override,False,,,complete
2025-03-02,80885.43,0.00,1,1085387.63,last_posted_transaction_or_prior_closing_balance,synb1_txn_5c719b5501918c2fdb436705,trusted,cn_public_2022_2026_cycles_1_0,public_schedule_without_transaction_override,False,,,complete
2025-03-03,0.00,0.00,0,1085387.63,last_posted_transaction_or_prior_closing_balance,,trusted,cn_public_2022_2026_cycles_1_0,public_schedule_without_transaction_override,True,290,2025-03-04,complete
2025-03-04,0.00,0.00,0,1085387.63,last_posted_transaction_or_prior_closing_balance,,trusted,cn_public_2022_2026_cycles_1_0,public_schedule_without_transaction_override,True,291,2025-03-05,complete
2025-03-05,0.00,7500.00,1,1077887.63,last_posted_transaction_or_prior_closing_balance,synb1_txn_f904a94a5282cd566fc41652,trusted,cn_public_2022_2026_cycles_1_0,public_schedule_without_transaction_override,True,292,2025-03-06,complete
2025-03-06,49127.00,0.00,1,1127014.63,last_posted_transaction_or_prior_closing_balance,synb1_txn_a6b031d1e7621bc0d51fe2ff,trusted,cn_public_2022_2026_cycles_1_0,public_schedule_without_transaction_override,True,293,2025-03-07,complete
2025-03-07,0.00,66747.08,2,1060267.55,last_posted_transaction_or_prior_closing_balance,synb1_txn_a1899c019a60baca6debeb25,trusted,cn_public_2022_2026_cycles_1_0,public_schedule_without_transaction_override,True,294,2025-03-10,complete
2025-03-08,17668.57,0.00,1,1077936.12,last_posted_transaction_or_prior_closing_balance,synb1_txn_1375d9335a1b4e6f45a0c9b1,trusted,cn_public_2022_2026_cycles_1_0,public_schedule_without_transaction_override,False,,,complete
2025-03-09,0.00,0.00,0,1077936.12,last_posted_transaction_or_prior_closing_balance,,trusted,cn_public_2022_2026_cycles_1_0,public_schedule_without_transaction_override,False,,,complete
2025-03-10,0.00,47223.23,1,1030712.89,last_posted_transaction_or_prior_closing_balance,synb1_txn_a4caaa65aea1843c86b00e73,trusted,cn_public_2022_2026_cycles_1_0,public_schedule_without_transaction_override,True,295,2025-03-11,complete
2025-03-11,0.00,0.00,0,1030712.89,last_posted_transaction_or_prior_closing_balance,,trusted,cn_public_2022_2026_cycles_1_0,public_schedule_without_transaction_override,True,296,2025-03-12,complete
2025-03-12,0.00,0.00,0,1030712.89,last_posted_transaction_or_prior_closing_balance,,trusted,cn_public_2022_2026_cycles_1_0,public_schedule_without_transaction_override,True,297,2025-03-13,complete
2025-03-13,0.00,6698.99,2,1024013.90,last_posted_transaction_or_prior_closing_balance,synb1_txn_f2a39c752330b4b0c0fbe9f6,trusted,cn_public_2022_2026_cycles_1_0,public_schedule_without_transaction_override,True,298,2025-03-14,complete
2025-03-14,0.00,0.00,0,1024013.90,last_posted_transaction_or_prior_closing_balance,,trusted,cn_public_2022_2026_cycles_1_0,public_schedule_without_transaction_override,True,299,2025-03-17,complete
2025-03-15,0.00,806.20,1,1023207.70,last_posted_transaction_or_prior_closing_balance,synb1_txn_e8ab9c081b156321bd70bfca,trusted,cn_public_2022_2026_cycles_1_0,public_schedule_without_transaction_override,False,,,complete
2025-03-16,0.00,0.00,0,1023207.70,last_posted_transaction_or_prior_closing_balance,,trusted,cn_public_2022_2026_cycles_1_0,public_schedule_without_transaction_override,False,,,complete
2025-03-17,0.00,0.00,0,1023207.70,last_posted_transaction_or_prior_closing_balance,,trusted,cn_public_2022_2026_cycles_1_0,public_schedule_without_transaction_override,True,300,2025-03-18,complete
2025-03-18,0.00,85414.58,4,937793.12,last_posted_transaction_or_prior_closing_balance,synb1_txn_66c1e07c4b3f7f21ead0db09,trusted,cn_public_2022_2026_cycles_1_0,public_schedule_without_transaction_override,True,301,2025-03-19,complete
2025-03-19,0.00,0.00,0,937793.12,last_posted_transaction_or_prior_closing_balance,,trusted,cn_public_2022_2026_cycles_1_0,public_schedule_without_transaction_override,True,302,2025-03-20,complete
2025-03-20,0.00,0.00,0,937793.12,last_posted_transaction_or_prior_closing_balance,,trusted,cn_public_2022_2026_cycles_1_0,public_schedule_without_transaction_override,True,303,2025-03-21,complete
2025-03-21,42955.39,0.00,2,980748.51,last_posted_transaction_or_prior_closing_balance,synb1_txn_634442331313725b74b685d8,trusted,cn_public_2022_2026_cycles_1_0,public_schedule_without_transaction_override,True,304,2025-03-24,complete
2025-03-22,42602.87,0.00,1,1023351.38,last_posted_transaction_or_prior_closing_balance,synb1_txn_acf1f0b520ad64b84a056f77,trusted,cn_public_2022_2026_cycles_1_0,public_schedule_without_transaction_override,False,,,complete
2025-03-23,0.00,0.00,0,1023351.38,last_posted_transaction_or_prior_closing_balance,,trusted,cn_public_2022_2026_cycles_1_0,public_schedule_without_transaction_override,False,,,complete
2025-03-24,0.00,434.84,1,1022916.54,last_posted_transaction_or_prior_closing_balance,synb1_txn_f769ab4a776f989bf2ff8e99,trusted,cn_public_2022_2026_cycles_1_0,public_schedule_without_transaction_override,True,305,2025-03-25,complete
2025-03-25,0.00,18226.69,3,1004689.85,last_posted_transaction_or_prior_closing_balance,synb1_txn_c8769d7f9e2c543fe137c933,trusted,cn_public_2022_2026_cycles_1_0,public_schedule_without_transaction_override,True,306,2025-03-26,complete
2025-03-26,54760.74,0.00,1,1059450.59,last_posted_transaction_or_prior_closing_balance,synb1_txn_d1dd8c24f5fda14a775db126,trusted,cn_public_2022_2026_cycles_1_0,public_schedule_without_transaction_override,True,307,2025-03-27,complete
2025-03-27,0.00,19374.05,1,1040076.54,last_posted_transaction_or_prior_closing_balance,synb1_txn_3a2a7c709dc5ee60cbf7031e,trusted,cn_public_2022_2026_cycles_1_0,public_schedule_without_transaction_override,True,308,2025-03-28,complete
2025-03-28,0.00,2044.94,1,1038031.60,last_posted_transaction_or_prior_closing_balance,synb1_txn_fc6637d0a8fc9316cd1b02c7,trusted,cn_public_2022_2026_cycles_1_0,public_schedule_without_transaction_override,True,309,2025-03-31,complete
2025-03-29,0.00,0.00,0,1038031.60,last_posted_transaction_or_prior_closing_balance,,trusted,cn_public_2022_2026_cycles_1_0,public_schedule_without_transaction_override,False,,,complete
2025-03-30,0.00,0.00,0,1038031.60,last_posted_transaction_or_prior_closing_balance,,trusted,cn_public_2022_2026_cycles_1_0,public_schedule_without_transaction_override,False,,,complete
2025-03-31,0.00,0.00,0,1038031.60,last_posted_transaction_or_prior_closing_balance,,trusted,cn_public_2022_2026_cycles_1_0,public_schedule_without_transaction_override,True,310,2025-04-01,complete
2025-04-01,0.00,0.00,0,1038031.60,last_posted_transaction_or_prior_closing_balance,,trusted,cn_public_2022_2026_cycles_1_0,public_schedule_without_transaction_override,True,311,2025-04-02,complete
2025-04-02,0.00,21281.31,1,1016750.29,last_posted_transaction_or_prior_closing_balance,synb1_txn_1e4c5914a450fdcc76e8aca9,trusted,cn_public_2022_2026_cycles_1_0,public_schedule_without_transaction_override,True,312,2025-04-03,complete
2025-04-03,908.58,0.00,2,1017658.87,last_posted_transaction_or_prior_closing_balance,synb1_txn_693585c48c00afa6a7141d67,trusted,cn_public_2022_2026_cycles_1_0,public_schedule_without_transaction_override,True,313,2025-04-07,complete
2025-04-04,0.00,0.00,0,1017658.87,last_posted_transaction_or_prior_closing_balance,,trusted,cn_public_2022_2026_cycles_1_0,public_schedule_without_transaction_override,False,,,complete
2025-04-05,0.00,7500.00,1,1010158.87,last_posted_transaction_or_prior_closing_balance,synb1_txn_982653675997e49fa2ac9fc1,trusted,cn_public_2022_2026_cycles_1_0,public_schedule_without_transaction_override,False,,,complete
2025-04-06,26108.93,2215.43,2,1034052.37,last_posted_transaction_or_prior_closing_balance,synb1_txn_9fe6eb3209d1ca7a90073dbd,trusted,cn_public_2022_2026_cycles_1_0,public_schedule_without_transaction_override,False,,,complete
2025-04-07,0.00,27000.00,1,1007052.37,last_posted_transaction_or_prior_closing_balance,synb1_txn_a479601fb8b9c70b4aa94e6a,trusted,cn_public_2022_2026_cycles_1_0,public_schedule_without_transaction_override,True,314,2025-04-08,complete
2025-04-08,1097.55,11230.66,2,996919.26,last_posted_transaction_or_prior_closing_balance,synb1_txn_d10d0a29b7d68a832614294b,trusted,cn_public_2022_2026_cycles_1_0,public_schedule_without_transaction_override,True,315,2025-04-09,complete
2025-04-09,0.00,4737.17,1,992182.09,last_posted_transaction_or_prior_closing_balance,synb1_txn_617568d013543e7798cbdc96,trusted,cn_public_2022_2026_cycles_1_0,public_schedule_without_transaction_override,True,316,2025-04-10,complete
2025-04-10,0.00,0.00,0,992182.09,last_posted_transaction_or_prior_closing_balance,,trusted,cn_public_2022_2026_cycles_1_0,public_schedule_without_transaction_override,True,317,2025-04-11,complete
2025-04-11,0.00,0.00,0,992182.09,last_posted_transaction_or_prior_closing_balance,,trusted,cn_public_2022_2026_cycles_1_0,public_schedule_without_transaction_override,True,318,2025-04-14,complete
2025-04-12,0.00,0.00,0,992182.09,last_posted_transaction_or_prior_closing_balance,,trusted,cn_public_2022_2026_cycles_1_0,public_schedule_without_transaction_override,False,,,complete
2025-04-13,0.00,0.00,0,992182.09,last_posted_transaction_or_prior_closing_balance,,trusted,cn_public_2022_2026_cycles_1_0,public_schedule_without_transaction_override,False,,,complete
2025-04-14,35143.00,0.00,2,1027325.09,last_posted_transaction_or_prior_closing_balance,synb1_txn_dd5bead713ade2be0f6a63b9,trusted,cn_public_2022_2026_cycles_1_0,public_schedule_without_transaction_override,True,319,2025-04-15,complete
2025-04-15,0.00,25603.97,1,1001721.12,last_posted_transaction_or_prior_closing_balance,synb1_txn_9bf6b0b8de4363194d6533e6,trusted,cn_public_2022_2026_cycles_1_0,public_schedule_without_transaction_override,True,320,2025-04-16,complete
2025-04-16,7332.31,0.00,1,1009053.43,last_posted_transaction_or_prior_closing_balance,synb1_txn_ec1f0d2a192ecedf7f874772,trusted,cn_public_2022_2026_cycles_1_0,public_schedule_without_transaction_override,True,321,2025-04-17,complete
2025-04-17,0.00,16955.69,2,992097.74,last_posted_transaction_or_prior_closing_balance,synb1_txn_bb7ec5c66a1e1843032436ae,trusted,cn_public_2022_2026_cycles_1_0,public_schedule_without_transaction_override,True,322,2025-04-18,complete
2025-04-18,27665.56,5855.40,4,1013907.90,last_posted_transaction_or_prior_closing_balance,synb1_txn_b537ce0b6732dc0bba4fd901,trusted,cn_public_2022_2026_cycles_1_0,public_schedule_without_transaction_override,True,323,2025-04-21,complete
2025-04-19,0.00,0.00,0,1013907.90,last_posted_transaction_or_prior_closing_balance,,trusted,cn_public_2022_2026_cycles_1_0,public_schedule_without_transaction_override,False,,,complete
2025-04-20,0.00,0.00,0,1013907.90,last_posted_transaction_or_prior_closing_balance,,trusted,cn_public_2022_2026_cycles_1_0,public_schedule_without_transaction_override,False,,,complete
2025-04-21,19660.03,22076.50,2,1011491.43,last_posted_transaction_or_prior_closing_balance,synb1_txn_06c92c022d0feb58cf3da837,trusted,cn_public_2022_2026_cycles_1_0,public_schedule_without_transaction_override,True,324,2025-04-22,complete
2025-04-22,0.00,30156.52,2,981334.91,last_posted_transaction_or_prior_closing_balance,synb1_txn_535057c9b6705eb768640d32,trusted,cn_public_2022_2026_cycles_1_0,public_schedule_without_transaction_override,True,325,2025-04-23,complete
2025-04-23,0.00,0.00,0,981334.91,last_posted_transaction_or_prior_closing_balance,,trusted,cn_public_2022_2026_cycles_1_0,public_schedule_without_transaction_override,True,326,2025-04-24,complete
2025-04-24,3253.28,0.00,1,984588.19,last_posted_transaction_or_prior_closing_balance,synb1_txn_b0f845b444d62057b7b966dc,trusted,cn_public_2022_2026_cycles_1_0,public_schedule_without_transaction_override,True,327,2025-04-25,complete
2025-04-25,26944.14,345.35,2,1011186.98,last_posted_transaction_or_prior_closing_balance,synb1_txn_9d0a4fbfc17336cbb063fd7e,trusted,cn_public_2022_2026_cycles_1_0,public_schedule_without_transaction_override,True,328,2025-04-27,complete
2025-04-26,0.00,0.00,0,1011186.98,last_posted_transaction_or_prior_closing_balance,,trusted,cn_public_2022_2026_cycles_1_0,public_schedule_without_transaction_override,False,,,complete
2025-04-27,15469.16,0.00,1,1026656.14,last_posted_transaction_or_prior_closing_balance,synb1_txn_4bdce28e0bfd169238503327,trusted,cn_public_2022_2026_cycles_1_0,public_schedule_without_transaction_override,True,329,2025-04-28,complete
2025-04-28,22417.46,47.40,3,1049026.20,last_posted_transaction_or_prior_closing_balance,synb1_txn_562a9365523a39db0b1b9930,trusted,cn_public_2022_2026_cycles_1_0,public_schedule_without_transaction_override,True,330,2025-04-29,complete
2025-04-29,0.00,0.00,0,1049026.20,last_posted_transaction_or_prior_closing_balance,,trusted,cn_public_2022_2026_cycles_1_0,public_schedule_without_transaction_override,True,331,2025-04-30,complete
2025-04-30,0.00,0.00,0,1049026.20,last_posted_transaction_or_prior_closing_balance,,trusted,cn_public_2022_2026_cycles_1_0,public_schedule_without_transaction_override,True,332,2025-05-06,complete
2025-05-01,0.00,0.00,0,1049026.20,last_posted_transaction_or_prior_closing_balance,,trusted,cn_public_2022_2026_cycles_1_0,public_schedule_without_transaction_override,False,,,complete
2025-05-02,0.00,0.00,0,1049026.20,last_posted_transaction_or_prior_closing_balance,,trusted,cn_public_2022_2026_cycles_1_0,public_schedule_without_transaction_override,False,,,complete
2025-05-03,0.00,0.00,0,1049026.20,last_posted_transaction_or_prior_closing_balance,,trusted,cn_public_2022_2026_cycles_1_0,public_schedule_without_transaction_override,False,,,complete
2025-05-04,0.00,0.00,0,1049026.20,last_posted_transaction_or_prior_closing_balance,,trusted,cn_public_2022_2026_cycles_1_0,public_schedule_without_transaction_override,False,,,complete
2025-05-05,0.00,83083.23,2,965942.97,last_posted_transaction_or_prior_closing_balance,synb1_txn_380e3ca740a3cac7704fed8a,trusted,cn_public_2022_2026_cycles_1_0,public_schedule_without_transaction_override,False,,,complete
2025-05-06,0.00,3517.86,1,962425.11,last_posted_transaction_or_prior_closing_balance,synb1_txn_71996407c1901e3b97e115b6,trusted,cn_public_2022_2026_cycles_1_0,public_schedule_without_transaction_override,True,333,2025-05-07,complete
2025-05-07,0.00,34548.51,2,927876.60,last_posted_transaction_or_prior_closing_balance,synb1_txn_58deb8e39f87593b0b557d9e,trusted,cn_public_2022_2026_cycles_1_0,public_schedule_without_transaction_override,True,334,2025-05-08,complete
2025-05-08,5299.84,6188.87,2,926987.57,last_posted_transaction_or_prior_closing_balance,synb1_txn_2c5ef77ec2b5d293812e0116,trusted,cn_public_2022_2026_cycles_1_0,public_schedule_without_transaction_override,True,335,2025-05-09,complete
2025-05-09,100099.46,0.00,1,1027087.03,last_posted_transaction_or_prior_closing_balance,synb1_txn_4417cb013c2262df4c38787c,trusted,cn_public_2022_2026_cycles_1_0,public_schedule_without_transaction_override,True,336,2025-05-12,complete
2025-05-10,22319.38,0.00,1,1049406.41,last_posted_transaction_or_prior_closing_balance,synb1_txn_9d31a3cc50ddb066170c990b,trusted,cn_public_2022_2026_cycles_1_0,public_schedule_without_transaction_override,False,,,complete
2025-05-11,0.00,49066.77,1,1000339.64,last_posted_transaction_or_prior_closing_balance,synb1_txn_a40a1f8f969b518acccdcc8a,trusted,cn_public_2022_2026_cycles_1_0,public_schedule_without_transaction_override,False,,,complete
2025-05-12,0.00,734.16,1,999605.48,last_posted_transaction_or_prior_closing_balance,synb1_txn_410cade3240eb8a12472a727,trusted,cn_public_2022_2026_cycles_1_0,public_schedule_without_transaction_override,True,337,2025-05-13,complete
2025-05-13,0.00,10647.75,1,988957.73,last_posted_transaction_or_prior_closing_balance,synb1_txn_d4543a92a9201fa78c6f3845,trusted,cn_public_2022_2026_cycles_1_0,public_schedule_without_transaction_override,True,338,2025-05-14,complete
2025-05-14,22645.82,0.00,1,1011603.55,last_posted_transaction_or_prior_closing_balance,synb1_txn_2501582fae684d486034982a,trusted,cn_public_2022_2026_cycles_1_0,public_schedule_without_transaction_override,True,339,2025-05-15,complete
2025-05-15,0.00,0.00,0,1011603.55,last_posted_transaction_or_prior_closing_balance,,trusted,cn_public_2022_2026_cycles_1_0,public_schedule_without_transaction_override,True,340,2025-05-16,complete
2025-05-16,0.00,0.00,0,1011603.55,last_posted_transaction_or_prior_closing_balance,,trusted,cn_public_2022_2026_cycles_1_0,public_schedule_without_transaction_override,True,341,2025-05-19,complete
2025-05-17,0.00,0.00,0,1011603.55,last_posted_transaction_or_prior_closing_balance,,trusted,cn_public_2022_2026_cycles_1_0,public_schedule_without_transaction_override,False,,,complete
2025-05-18,4402.08,2951.49,2,1013054.14,last_posted_transaction_or_prior_closing_balance,synb1_txn_7fceba0b62e763da17e8b2b9,trusted,cn_public_2022_2026_cycles_1_0,public_schedule_without_transaction_override,False,,,complete
2025-05-19,0.00,1680.00,2,1011374.14,last_posted_transaction_or_prior_closing_balance,synb1_txn_ba53e3cfb2a9fef602bab3f9,trusted,cn_public_2022_2026_cycles_1_0,public_schedule_without_transaction_override,True,342,2025-05-20,complete
2025-05-20,28986.32,0.00,2,1040360.46,last_posted_transaction_or_prior_closing_balance,synb1_txn_be505087e0d7317bfc82b545,trusted,cn_public_2022_2026_cycles_1_0,public_schedule_without_transaction_override,True,343,2025-05-21,complete
2025-05-21,0.00,0.00,0,1040360.46,last_posted_transaction_or_prior_closing_balance,,trusted,cn_public_2022_2026_cycles_1_0,public_schedule_without_transaction_override,True,344,2025-05-22,complete
2025-05-22,0.00,0.00,0,1040360.46,last_posted_transaction_or_prior_closing_balance,,trusted,cn_public_2022_2026_cycles_1_0,public_schedule_without_transaction_override,True,345,2025-05-23,complete
2025-05-23,0.00,6661.36,1,1033699.10,last_posted_transaction_or_prior_closing_balance,synb1_txn_769c2d8ab573b5a73d42e32a,trusted,cn_public_2022_2026_cycles_1_0,public_schedule_without_transaction_override,True,346,2025-05-26,complete
2025-05-24,338.21,0.00,1,1034037.31,last_posted_transaction_or_prior_closing_balance,synb1_txn_93d09f6c8b22e29e97c9b70f,trusted,cn_public_2022_2026_cycles_1_0,public_schedule_without_transaction_override,False,,,complete
2025-05-25,0.00,0.00,0,1034037.31,last_posted_transaction_or_prior_closing_balance,,trusted,cn_public_2022_2026_cycles_1_0,public_schedule_without_transaction_override,False,,,complete
2025-05-26,18908.89,0.00,1,1052946.20,last_posted_transaction_or_prior_closing_balance,synb1_txn_e11c326e866a2cadb452a477,trusted,cn_public_2022_2026_cycles_1_0,public_schedule_without_transaction_override,True,347,2025-05-27,complete
2025-05-27,0.00,0.00,0,1052946.20,last_posted_transaction_or_prior_closing_balance,,trusted,cn_public_2022_2026_cycles_1_0,public_schedule_without_transaction_override,True,348,2025-05-28,complete
2025-05-28,0.00,0.00,0,1052946.20,last_posted_transaction_or_prior_closing_balance,,trusted,cn_public_2022_2026_cycles_1_0,public_schedule_without_transaction_override,True,349,2025-05-29,complete
2025-05-29,0.00,0.00,0,1052946.20,last_posted_transaction_or_prior_closing_balance,,trusted,cn_public_2022_2026_cycles_1_0,public_schedule_without_transaction_override,True,350,2025-05-30,complete
2025-05-30,0.00,0.00,0,1052946.20,last_posted_transaction_or_prior_closing_balance,,trusted,cn_public_2022_2026_cycles_1_0,public_schedule_without_transaction_override,True,351,2025-06-03,complete
2025-05-31,0.00,0.00,0,1052946.20,last_posted_transaction_or_prior_closing_balance,,trusted,cn_public_2022_2026_cycles_1_0,public_schedule_without_transaction_override,False,,,complete
2025-06-01,0.00,0.00,0,1052946.20,last_posted_transaction_or_prior_closing_balance,,trusted,cn_public_2022_2026_cycles_1_0,public_schedule_without_transaction_override,False,,,complete
2025-06-02,123199.29,0.00,1,1176145.49,last_posted_transaction_or_prior_closing_balance,synb1_txn_3fba8e2fe89797687ce9f52c,trusted,cn_public_2022_2026_cycles_1_0,public_schedule_without_transaction_override,False,,,complete
2025-06-03,0.00,0.00,0,1176145.49,last_posted_transaction_or_prior_closing_balance,,trusted,cn_public_2022_2026_cycles_1_0,public_schedule_without_transaction_override,True,352,2025-06-04,complete
2025-06-04,0.00,49773.63,1,1126371.86,last_posted_transaction_or_prior_closing_balance,synb1_txn_d5f9109f22ac5a0f6db6e636,trusted,cn_public_2022_2026_cycles_1_0,public_schedule_without_transaction_override,True,353,2025-06-05,complete
2025-06-05,12649.95,90745.31,4,1048276.50,last_posted_transaction_or_prior_closing_balance,synb1_txn_64f2ce611a28fcc040470de5,trusted,cn_public_2022_2026_cycles_1_0,public_schedule_without_transaction_override,True,354,2025-06-06,complete
2025-06-06,0.00,859.51,1,1047416.99,last_posted_transaction_or_prior_closing_balance,synb1_txn_d333a89bc4c09356d097bceb,trusted,cn_public_2022_2026_cycles_1_0,public_schedule_without_transaction_override,True,355,2025-06-09,complete
2025-06-07,0.00,30000.00,1,1017416.99,last_posted_transaction_or_prior_closing_balance,synb1_txn_b43e97afd430eb950997a7f6,trusted,cn_public_2022_2026_cycles_1_0,public_schedule_without_transaction_override,False,,,complete
2025-06-08,0.00,0.00,0,1017416.99,last_posted_transaction_or_prior_closing_balance,,trusted,cn_public_2022_2026_cycles_1_0,public_schedule_without_transaction_override,False,,,complete
2025-06-09,17781.83,0.00,1,1035198.82,last_posted_transaction_or_prior_closing_balance,synb1_txn_2d5dc2d6d4147db0c889d133,trusted,cn_public_2022_2026_cycles_1_0,public_schedule_without_transaction_override,True,356,2025-06-10,complete
2025-06-10,0.00,5047.50,1,1030151.32,last_posted_transaction_or_prior_closing_balance,synb1_txn_9e49a99757d9716e315dd386,trusted,cn_public_2022_2026_cycles_1_0,public_schedule_without_transaction_override,True,357,2025-06-11,complete
2025-06-11,0.00,0.00,0,1030151.32,last_posted_transaction_or_prior_closing_balance,,trusted,cn_public_2022_2026_cycles_1_0,public_schedule_without_transaction_override,True,358,2025-06-12,complete
2025-06-12,0.00,0.00,0,1030151.32,last_posted_transaction_or_prior_closing_balance,,trusted,cn_public_2022_2026_cycles_1_0,public_schedule_without_transaction_override,True,359,2025-06-13,complete
2025-06-13,0.00,0.00,0,1030151.32,last_posted_transaction_or_prior_closing_balance,,trusted,cn_public_2022_2026_cycles_1_0,public_schedule_without_transaction_override,True,360,2025-06-16,complete
2025-06-14,0.00,0.00,0,1030151.32,last_posted_transaction_or_prior_closing_balance,,trusted,cn_public_2022_2026_cycles_1_0,public_schedule_without_transaction_override,False,,,complete
2025-06-15,0.00,2452.50,1,1027698.82,last_posted_transaction_or_prior_closing_balance,synb1_txn_b5cb2ecefc6a83e5af72f445,trusted,cn_public_2022_2026_cycles_1_0,public_schedule_without_transaction_override,False,,,complete
2025-06-16,43579.35,54143.17,4,1017135.00,last_posted_transaction_or_prior_closing_balance,synb1_txn_a913da400233788ffd3bbdd4,trusted,cn_public_2022_2026_cycles_1_0,public_schedule_without_transaction_override,True,361,2025-06-17,complete
2025-06-17,0.00,0.00,0,1017135.00,last_posted_transaction_or_prior_closing_balance,,trusted,cn_public_2022_2026_cycles_1_0,public_schedule_without_transaction_override,True,362,2025-06-18,complete
2025-06-18,44065.85,5256.20,4,1055944.65,last_posted_transaction_or_prior_closing_balance,synb1_txn_314352c9aa03cd69b1625db4,trusted,cn_public_2022_2026_cycles_1_0,public_schedule_without_transaction_override,True,363,2025-06-19,complete
2025-06-19,0.00,0.00,0,1055944.65,last_posted_transaction_or_prior_closing_balance,,trusted,cn_public_2022_2026_cycles_1_0,public_schedule_without_transaction_override,True,364,2025-06-20,complete
2025-06-20,0.00,0.00,0,1055944.65,last_posted_transaction_or_prior_closing_balance,,trusted,cn_public_2022_2026_cycles_1_0,public_schedule_without_transaction_override,True,365,2025-06-23,complete
2025-06-21,0.00,0.00,0,1055944.65,last_posted_transaction_or_prior_closing_balance,,trusted,cn_public_2022_2026_cycles_1_0,public_schedule_without_transaction_override,False,,,complete
2025-06-22,0.00,0.00,0,1055944.65,last_posted_transaction_or_prior_closing_balance,,trusted,cn_public_2022_2026_cycles_1_0,public_schedule_without_transaction_override,False,,,complete
2025-06-23,0.00,0.00,0,1055944.65,last_posted_transaction_or_prior_closing_balance,,trusted,cn_public_2022_2026_cycles_1_0,public_schedule_without_transaction_override,True,366,2025-06-24,complete
2025-06-24,0.00,0.00,0,1055944.65,last_posted_transaction_or_prior_closing_balance,,trusted,cn_public_2022_2026_cycles_1_0,public_schedule_without_transaction_override,True,367,2025-06-25,complete
2025-06-25,196750.50,116362.89,2,1136332.26,last_posted_transaction_or_prior_closing_balance,synb1_txn_5bdb5f24fa6e7e07bc61492b,trusted,cn_public_2022_2026_cycles_1_0,public_schedule_without_transaction_override,True,368,2025-06-26,complete
2025-06-26,6484.36,0.00,1,1142816.62,last_posted_transaction_or_prior_closing_balance,synb1_txn_84197b20f1bfd363bde3d39b,trusted,cn_public_2022_2026_cycles_1_0,public_schedule_without_transaction_override,True,369,2025-06-27,complete
2025-06-27,2988.87,0.00,1,1145805.49,last_posted_transaction_or_prior_closing_balance,synb1_txn_35d3bca795e827fda32443b9,trusted,cn_public_2022_2026_cycles_1_0,public_schedule_without_transaction_override,True,370,2025-06-30,complete
2025-06-28,0.00,40690.49,1,1105115.00,last_posted_transaction_or_prior_closing_balance,synb1_txn_1772cfad12ab14cd6d3bbb3e,trusted,cn_public_2022_2026_cycles_1_0,public_schedule_without_transaction_override,False,,,complete
2025-06-29,0.00,0.00,0,1105115.00,last_posted_transaction_or_prior_closing_balance,,trusted,cn_public_2022_2026_cycles_1_0,public_schedule_without_transaction_override,False,,,complete
2025-06-30,0.00,0.00,0,1105115.00,last_posted_transaction_or_prior_closing_balance,,trusted,cn_public_2022_2026_cycles_1_0,public_schedule_without_transaction_override,True,371,2025-07-01,complete
2025-07-01,0.00,0.00,0,1105115.00,last_posted_transaction_or_prior_closing_balance,,trusted,cn_public_2022_2026_cycles_1_0,public_schedule_without_transaction_override,True,372,2025-07-02,complete
2025-07-02,0.00,1492.97,1,1103622.03,last_posted_transaction_or_prior_closing_balance,synb1_txn_f571c6a38e16022ef4aa995e,trusted,cn_public_2022_2026_cycles_1_0,public_schedule_without_transaction_override,True,373,2025-07-03,complete
2025-07-03,0.00,0.00,0,1103622.03,last_posted_transaction_or_prior_closing_balance,,trusted,cn_public_2022_2026_cycles_1_0,public_schedule_without_transaction_override,True,374,2025-07-04,complete
2025-07-04,16321.91,6206.94,2,1113737.00,last_posted_transaction_or_prior_closing_balance,synb1_txn_362b428b35f232472841dc34,trusted,cn_public_2022_2026_cycles_1_0,public_schedule_without_transaction_override,True,375,2025-07-07,complete
2025-07-05,0.00,7500.00,1,1106237.00,last_posted_transaction_or_prior_closing_balance,synb1_txn_63eabadfbf99ff09f21f0b07,trusted,cn_public_2022_2026_cycles_1_0,public_schedule_without_transaction_override,False,,,complete
2025-07-06,0.00,0.00,0,1106237.00,last_posted_transaction_or_prior_closing_balance,,trusted,cn_public_2022_2026_cycles_1_0,public_schedule_without_transaction_override,False,,,complete
2025-07-07,1518.22,30000.00,2,1077755.22,last_posted_transaction_or_prior_closing_balance,synb1_txn_29e26d03370eb933b8a97a39,trusted,cn_public_2022_2026_cycles_1_0,public_schedule_without_transaction_override,True,376,2025-07-08,complete
2025-07-08,0.00,0.00,0,1077755.22,last_posted_transaction_or_prior_closing_balance,,trusted,cn_public_2022_2026_cycles_1_0,public_schedule_without_transaction_override,True,377,2025-07-09,complete
2025-07-09,0.00,21427.24,1,1056327.98,last_posted_transaction_or_prior_closing_balance,synb1_txn_e11acc4cc26c1b510aa8c8e8,trusted,cn_public_2022_2026_cycles_1_0,public_schedule_without_transaction_override,True,378,2025-07-10,complete
2025-07-10,0.00,41202.79,1,1015125.19,last_posted_transaction_or_prior_closing_balance,synb1_txn_5010b50e9ea354a066859fea,trusted,cn_public_2022_2026_cycles_1_0,public_schedule_without_transaction_override,True,379,2025-07-11,complete
2025-07-11,89299.78,17936.63,2,1086488.34,last_posted_transaction_or_prior_closing_balance,synb1_txn_4da6101941ccff8a6c990843,trusted,cn_public_2022_2026_cycles_1_0,public_schedule_without_transaction_override,True,380,2025-07-14,complete
2025-07-12,0.00,0.00,0,1086488.34,last_posted_transaction_or_prior_closing_balance,,trusted,cn_public_2022_2026_cycles_1_0,public_schedule_without_transaction_override,False,,,complete
2025-07-13,0.00,8959.51,1,1077528.83,last_posted_transaction_or_prior_closing_balance,synb1_txn_40a6193291384e43d515fefa,trusted,cn_public_2022_2026_cycles_1_0,public_schedule_without_transaction_override,False,,,complete
2025-07-14,23954.91,0.00,1,1101483.74,last_posted_transaction_or_prior_closing_balance,synb1_txn_328062ba0596df1efa2cfbd4,trusted,cn_public_2022_2026_cycles_1_0,public_schedule_without_transaction_override,True,381,2025-07-15,complete
2025-07-15,0.00,36338.28,2,1065145.46,last_posted_transaction_or_prior_closing_balance,synb1_txn_231aff61928b330c69a12aad,trusted,cn_public_2022_2026_cycles_1_0,public_schedule_without_transaction_override,True,382,2025-07-16,complete
2025-07-16,0.00,2643.36,1,1062502.10,last_posted_transaction_or_prior_closing_balance,synb1_txn_616d364c526a65e13ee0fc86,trusted,cn_public_2022_2026_cycles_1_0,public_schedule_without_transaction_override,True,383,2025-07-17,complete
2025-07-17,0.00,0.00,0,1062502.10,last_posted_transaction_or_prior_closing_balance,,trusted,cn_public_2022_2026_cycles_1_0,public_schedule_without_transaction_override,True,384,2025-07-18,complete
2025-07-18,0.00,35994.59,4,1026507.51,last_posted_transaction_or_prior_closing_balance,synb1_txn_2c737d829fd5cae300ce0b7e,trusted,cn_public_2022_2026_cycles_1_0,public_schedule_without_transaction_override,True,385,2025-07-21,complete
2025-07-19,67115.16,9017.86,2,1084604.81,last_posted_transaction_or_prior_closing_balance,synb1_txn_10fddc0d8fb2269627e962dc,trusted,cn_public_2022_2026_cycles_1_0,public_schedule_without_transaction_override,False,,,complete
2025-07-20,17611.93,0.00,1,1102216.74,last_posted_transaction_or_prior_closing_balance,synb1_txn_bd8b3e91936dad621d4368d4,trusted,cn_public_2022_2026_cycles_1_0,public_schedule_without_transaction_override,False,,,complete
2025-07-21,37160.40,11127.03,2,1128250.11,last_posted_transaction_or_prior_closing_balance,synb1_txn_5f944e300af0e29f48448c6f,trusted,cn_public_2022_2026_cycles_1_0,public_schedule_without_transaction_override,True,386,2025-07-22,complete
2025-07-22,0.00,0.00,0,1128250.11,last_posted_transaction_or_prior_closing_balance,,trusted,cn_public_2022_2026_cycles_1_0,public_schedule_without_transaction_override,True,387,2025-07-23,complete
2025-07-23,27134.36,10881.33,2,1144503.14,last_posted_transaction_or_prior_closing_balance,synb1_txn_17b75caee82ab778bf6142e3,trusted,cn_public_2022_2026_cycles_1_0,public_schedule_without_transaction_override,True,388,2025-07-24,complete
2025-07-24,0.00,862.65,1,1143640.49,last_posted_transaction_or_prior_closing_balance,synb1_txn_77dcf3cbf41f9bb65499d395,trusted,cn_public_2022_2026_cycles_1_0,public_schedule_without_transaction_override,True,389,2025-07-25,complete
2025-07-25,0.00,0.00,0,1143640.49,last_posted_transaction_or_prior_closing_balance,,trusted,cn_public_2022_2026_cycles_1_0,public_schedule_without_transaction_override,True,390,2025-07-28,complete
2025-07-26,3883.33,0.00,1,1147523.82,last_posted_transaction_or_prior_closing_balance,synb1_txn_2b5c2e596bcca968f7a3a86e,trusted,cn_public_2022_2026_cycles_1_0,public_schedule_without_transaction_override,False,,,complete
2025-07-27,0.00,0.00,0,1147523.82,last_posted_transaction_or_prior_closing_balance,,trusted,cn_public_2022_2026_cycles_1_0,public_schedule_without_transaction_override,False,,,complete
2025-07-28,0.00,2501.02,1,1145022.80,last_posted_transaction_or_prior_closing_balance,synb1_txn_165e9fa3fdc3f794673630b6,trusted,cn_public_2022_2026_cycles_1_0,public_schedule_without_transaction_override,True,391,2025-07-29,complete
2025-07-29,0.00,0.00,0,1145022.80,last_posted_transaction_or_prior_closing_balance,,trusted,cn_public_2022_2026_cycles_1_0,public_schedule_without_transaction_override,True,392,2025-07-30,complete
2025-07-30,0.00,0.00,0,1145022.80,last_posted_transaction_or_prior_closing_balance,,trusted,cn_public_2022_2026_cycles_1_0,public_schedule_without_transaction_override,True,393,2025-07-31,complete
2025-07-31,0.00,0.00,0,1145022.80,last_posted_transaction_or_prior_closing_balance,,trusted,cn_public_2022_2026_cycles_1_0,public_schedule_without_transaction_override,True,394,2025-08-01,complete
2025-08-01,0.00,0.00,0,1145022.80,last_posted_transaction_or_prior_closing_balance,,trusted,cn_public_2022_2026_cycles_1_0,public_schedule_without_transaction_override,True,395,2025-08-04,complete
2025-08-02,0.00,26107.09,1,1118915.71,last_posted_transaction_or_prior_closing_balance,synb1_txn_38076be3bd6784768cbda1b6,trusted,cn_public_2022_2026_cycles_1_0,public_schedule_without_transaction_override,False,,,complete
2025-08-03,0.00,0.00,0,1118915.71,last_posted_transaction_or_prior_closing_balance,,trusted,cn_public_2022_2026_cycles_1_0,public_schedule_without_transaction_override,False,,,complete
2025-08-04,0.00,0.00,0,1118915.71,last_posted_transaction_or_prior_closing_balance,,trusted,cn_public_2022_2026_cycles_1_0,public_schedule_without_transaction_override,True,396,2025-08-05,complete
2025-08-05,11873.25,7500.00,2,1123288.96,last_posted_transaction_or_prior_closing_balance,synb1_txn_3a48e9ed866c214d6cce6fb1,trusted,cn_public_2022_2026_cycles_1_0,public_schedule_without_transaction_override,True,397,2025-08-06,complete
2025-08-06,2399.68,2218.86,2,1123469.78,last_posted_transaction_or_prior_closing_balance,synb1_txn_316a87b08c991640a0327e7a,trusted,cn_public_2022_2026_cycles_1_0,public_schedule_without_transaction_override,True,398,2025-08-07,complete
2025-08-07,16827.50,30000.00,3,1110297.28,last_posted_transaction_or_prior_closing_balance,synb1_txn_1bcc876576489ed13b15b5d8,trusted,cn_public_2022_2026_cycles_1_0,public_schedule_without_transaction_override,True,399,2025-08-08,complete
2025-08-08,0.00,11033.78,1,1099263.50,last_posted_transaction_or_prior_closing_balance,synb1_txn_be275bad602679a52537788b,trusted,cn_public_2022_2026_cycles_1_0,public_schedule_without_transaction_override,True,400,2025-08-11,complete
2025-08-09,90198.29,0.00,1,1189461.79,last_posted_transaction_or_prior_closing_balance,synb1_txn_d9454a9207423fb68786616a,trusted,cn_public_2022_2026_cycles_1_0,public_schedule_without_transaction_override,False,,,complete
2025-08-10,0.00,0.00,0,1189461.79,last_posted_transaction_or_prior_closing_balance,,trusted,cn_public_2022_2026_cycles_1_0,public_schedule_without_transaction_override,False,,,complete
2025-08-11,0.00,0.00,0,1189461.79,last_posted_transaction_or_prior_closing_balance,,trusted,cn_public_2022_2026_cycles_1_0,public_schedule_without_transaction_override,True,401,2025-08-12,complete
2025-08-12,7335.26,0.00,1,1196797.05,last_posted_transaction_or_prior_closing_balance,synb1_txn_c34d9f0bc463d9ab892d5532,trusted,cn_public_2022_2026_cycles_1_0,public_schedule_without_transaction_override,True,402,2025-08-13,complete
2025-08-13,0.00,62717.80,1,1134079.25,last_posted_transaction_or_prior_closing_balance,synb1_txn_0467c2db5e2fc10cded6ebf0,trusted,cn_public_2022_2026_cycles_1_0,public_schedule_without_transaction_override,True,403,2025-08-14,complete
2025-08-14,9238.10,0.00,1,1143317.35,last_posted_transaction_or_prior_closing_balance,synb1_txn_e47a48ced9942c7ca74ac6fe,trusted,cn_public_2022_2026_cycles_1_0,public_schedule_without_transaction_override,True,404,2025-08-15,complete
2025-08-15,21006.41,0.00,1,1164323.76,last_posted_transaction_or_prior_closing_balance,synb1_txn_e9ec1d4e0e3d73a0a2d87486,trusted,cn_public_2022_2026_cycles_1_0,public_schedule_without_transaction_override,True,405,2025-08-18,complete
2025-08-16,41500.30,0.00,1,1205824.06,last_posted_transaction_or_prior_closing_balance,synb1_txn_0746431fd6b472b42c758444,trusted,cn_public_2022_2026_cycles_1_0,public_schedule_without_transaction_override,False,,,complete
2025-08-17,0.00,0.00,0,1205824.06,last_posted_transaction_or_prior_closing_balance,,trusted,cn_public_2022_2026_cycles_1_0,public_schedule_without_transaction_override,False,,,complete
2025-08-18,0.00,1456.00,2,1204368.06,last_posted_transaction_or_prior_closing_balance,synb1_txn_3908c76d05746f21b5423127,trusted,cn_public_2022_2026_cycles_1_0,public_schedule_without_transaction_override,True,406,2025-08-19,complete
2025-08-19,16211.24,3679.13,2,1216900.17,last_posted_transaction_or_prior_closing_balance,synb1_txn_841a6fb13a89b441e7e73422,trusted,cn_public_2022_2026_cycles_1_0,public_schedule_without_transaction_override,True,407,2025-08-20,complete
2025-08-20,27846.08,0.00,1,1244746.25,last_posted_transaction_or_prior_closing_balance,synb1_txn_b28947af0411b3b8291dbf14,trusted,cn_public_2022_2026_cycles_1_0,public_schedule_without_transaction_override,True,408,2025-08-21,complete
2025-08-21,0.00,139329.11,1,1105417.14,last_posted_transaction_or_prior_closing_balance,synb1_txn_3ca2281b08ef3045203e8b64,trusted,cn_public_2022_2026_cycles_1_0,public_schedule_without_transaction_override,True,409,2025-08-22,complete
2025-08-22,59418.41,12041.22,3,1152794.33,last_posted_transaction_or_prior_closing_balance,synb1_txn_cbd53bca3b120dd4239b283f,trusted,cn_public_2022_2026_cycles_1_0,public_schedule_without_transaction_override,True,410,2025-08-25,complete
2025-08-23,0.00,1602.01,1,1151192.32,last_posted_transaction_or_prior_closing_balance,synb1_txn_032abbe1a7513547cf5d5984,trusted,cn_public_2022_2026_cycles_1_0,public_schedule_without_transaction_override,False,,,complete
2025-08-24,0.00,0.00,0,1151192.32,last_posted_transaction_or_prior_closing_balance,,trusted,cn_public_2022_2026_cycles_1_0,public_schedule_without_transaction_override,False,,,complete
2025-08-25,0.00,11471.00,1,1139721.32,last_posted_transaction_or_prior_closing_balance,synb1_txn_466311c3575c74a66043453a,trusted,cn_public_2022_2026_cycles_1_0,public_schedule_without_transaction_override,True,411,2025-08-26,complete
2025-08-26,33919.59,0.00,1,1173640.91,last_posted_transaction_or_prior_closing_balance,synb1_txn_30fdba4cb93b76a4d4a43ebb,trusted,cn_public_2022_2026_cycles_1_0,public_schedule_without_transaction_override,True,412,2025-08-27,complete
2025-08-27,0.00,0.00,0,1173640.91,last_posted_transaction_or_prior_closing_balance,,trusted,cn_public_2022_2026_cycles_1_0,public_schedule_without_transaction_override,True,413,2025-08-28,complete
2025-08-28,225.89,0.00,1,1173866.80,last_posted_transaction_or_prior_closing_balance,synb1_txn_0973f31a4ecb159f55fc9c32,trusted,cn_public_2022_2026_cycles_1_0,public_schedule_without_transaction_override,True,414,2025-08-29,complete
2025-08-29,0.00,0.00,0,1173866.80,last_posted_transaction_or_prior_closing_balance,,trusted,cn_public_2022_2026_cycles_1_0,public_schedule_without_transaction_override,True,415,2025-09-01,complete
2025-08-30,0.00,0.00,0,1173866.80,last_posted_transaction_or_prior_closing_balance,,trusted,cn_public_2022_2026_cycles_1_0,public_schedule_without_transaction_override,False,,,complete
2025-08-31,0.00,0.00,0,1173866.80,last_posted_transaction_or_prior_closing_balance,,trusted,cn_public_2022_2026_cycles_1_0,public_schedule_without_transaction_override,False,,,complete
2025-09-01,0.00,0.00,0,1173866.80,last_posted_transaction_or_prior_closing_balance,,trusted,cn_public_2022_2026_cycles_1_0,public_schedule_without_transaction_override,True,416,2025-09-02,complete
2025-09-02,41029.93,0.00,2,1214896.73,last_posted_transaction_or_prior_closing_balance,synb1_txn_47450190c2627d08a1571bbc,trusted,cn_public_2022_2026_cycles_1_0,public_schedule_without_transaction_override,True,417,2025-09-03,complete
2025-09-03,34769.11,10703.37,2,1238962.47,last_posted_transaction_or_prior_closing_balance,synb1_txn_d05334294b41ce477ddcfff2,trusted,cn_public_2022_2026_cycles_1_0,public_schedule_without_transaction_override,True,418,2025-09-04,complete
2025-09-04,19980.30,24351.16,3,1234591.61,last_posted_transaction_or_prior_closing_balance,synb1_txn_784e2105eb156545ed4170fe,trusted,cn_public_2022_2026_cycles_1_0,public_schedule_without_transaction_override,True,419,2025-09-05,complete
2025-09-05,8120.51,7500.00,2,1235212.12,last_posted_transaction_or_prior_closing_balance,synb1_txn_dd8f6c5ae387e85275c7175d,trusted,cn_public_2022_2026_cycles_1_0,public_schedule_without_transaction_override,True,420,2025-09-08,complete
2025-09-06,0.00,0.00,0,1235212.12,last_posted_transaction_or_prior_closing_balance,,trusted,cn_public_2022_2026_cycles_1_0,public_schedule_without_transaction_override,False,,,complete
2025-09-07,0.00,30000.00,1,1205212.12,last_posted_transaction_or_prior_closing_balance,synb1_txn_e29349c6a08ee9d1cdeaeea2,trusted,cn_public_2022_2026_cycles_1_0,public_schedule_without_transaction_override,False,,,complete
2025-09-08,0.00,0.00,0,1205212.12,last_posted_transaction_or_prior_closing_balance,,trusted,cn_public_2022_2026_cycles_1_0,public_schedule_without_transaction_override,True,421,2025-09-09,complete
2025-09-09,66500.60,0.00,1,1271712.72,last_posted_transaction_or_prior_closing_balance,synb1_txn_4f564cb7c2cb37e9824cf4ae,trusted,cn_public_2022_2026_cycles_1_0,public_schedule_without_transaction_override,True,422,2025-09-10,complete
2025-09-10,0.00,128460.27,1,1143252.45,last_posted_transaction_or_prior_closing_balance,synb1_txn_6a8885953f5317cf20bf6435,trusted,cn_public_2022_2026_cycles_1_0,public_schedule_without_transaction_override,True,423,2025-09-11,complete
2025-09-11,20136.45,0.00,1,1163388.90,last_posted_transaction_or_prior_closing_balance,synb1_txn_c0d8ff1ee6410fb55ddc283e,trusted,cn_public_2022_2026_cycles_1_0,public_schedule_without_transaction_override,True,424,2025-09-12,complete
2025-09-12,1271.31,6535.72,2,1158124.49,last_posted_transaction_or_prior_closing_balance,synb1_txn_d5f3d78626faea1cb618a38d,trusted,cn_public_2022_2026_cycles_1_0,public_schedule_without_transaction_override,True,425,2025-09-15,complete
2025-09-13,0.00,0.00,0,1158124.49,last_posted_transaction_or_prior_closing_balance,,trusted,cn_public_2022_2026_cycles_1_0,public_schedule_without_transaction_override,False,,,complete
2025-09-14,0.00,7705.92,1,1150418.57,last_posted_transaction_or_prior_closing_balance,synb1_txn_bd1361617fc72003acaae79c,trusted,cn_public_2022_2026_cycles_1_0,public_schedule_without_transaction_override,False,,,complete
2025-09-15,0.00,0.00,0,1150418.57,last_posted_transaction_or_prior_closing_balance,,trusted,cn_public_2022_2026_cycles_1_0,public_schedule_without_transaction_override,True,426,2025-09-16,complete
2025-09-16,93819.48,0.00,2,1244238.05,last_posted_transaction_or_prior_closing_balance,synb1_txn_b915af9e10e2b2d8e4a2103a,trusted,cn_public_2022_2026_cycles_1_0,public_schedule_without_transaction_override,True,427,2025-09-17,complete
2025-09-17,0.00,1132.46,1,1243105.59,last_posted_transaction_or_prior_closing_balance,synb1_txn_f404176b60b103ad1da30ef7,trusted,cn_public_2022_2026_cycles_1_0,public_schedule_without_transaction_override,True,428,2025-09-18,complete
2025-09-18,0.00,20657.00,3,1222448.59,last_posted_transaction_or_prior_closing_balance,synb1_txn_9bfae43e0e01638b87730ea5,trusted,cn_public_2022_2026_cycles_1_0,public_schedule_without_transaction_override,True,429,2025-09-19,complete
2025-09-19,0.00,40515.42,1,1181933.17,last_posted_transaction_or_prior_closing_balance,synb1_txn_6d7acd393456e0bc09c08f3d,trusted,cn_public_2022_2026_cycles_1_0,public_schedule_without_transaction_override,True,430,2025-09-22,complete
2025-09-20,12.41,0.00,1,1181945.58,last_posted_transaction_or_prior_closing_balance,synb1_txn_c08054a4e417487ec95def2f,trusted,cn_public_2022_2026_cycles_1_0,public_schedule_without_transaction_override,False,,,complete
2025-09-21,13712.00,0.00,1,1195657.58,last_posted_transaction_or_prior_closing_balance,synb1_txn_3a9afef17b9ef84ffb730a82,trusted,cn_public_2022_2026_cycles_1_0,public_schedule_without_transaction_override,False,,,complete
2025-09-22,0.00,0.00,0,1195657.58,last_posted_transaction_or_prior_closing_balance,,trusted,cn_public_2022_2026_cycles_1_0,public_schedule_without_transaction_override,True,431,2025-09-23,complete
2025-09-23,0.00,0.00,0,1195657.58,last_posted_transaction_or_prior_closing_balance,,trusted,cn_public_2022_2026_cycles_1_0,public_schedule_without_transaction_override,True,432,2025-09-24,complete
2025-09-24,0.00,0.00,0,1195657.58,last_posted_transaction_or_prior_closing_balance,,trusted,cn_public_2022_2026_cycles_1_0,public_schedule_without_transaction_override,True,433,2025-09-25,complete
2025-09-25,25251.65,0.00,1,1220909.23,last_posted_transaction_or_prior_closing_balance,synb1_txn_86ec9a11ec4f1bea5f95a269,trusted,cn_public_2022_2026_cycles_1_0,public_schedule_without_transaction_override,True,434,2025-09-26,complete
2025-09-26,0.00,8779.01,1,1212130.22,last_posted_transaction_or_prior_closing_balance,synb1_txn_02f6c70e226df26ce41d7d97,trusted,cn_public_2022_2026_cycles_1_0,public_schedule_without_transaction_override,True,435,2025-09-28,complete
2025-09-27,0.00,2966.67,1,1209163.55,last_posted_transaction_or_prior_closing_balance,synb1_txn_2ecd7b53d4637c1cc3e6c19f,trusted,cn_public_2022_2026_cycles_1_0,public_schedule_without_transaction_override,False,,,complete
2025-09-28,8396.25,0.00,1,1217559.80,last_posted_transaction_or_prior_closing_balance,synb1_txn_fa49b53bbabc8aa68b5dd9d5,trusted,cn_public_2022_2026_cycles_1_0,public_schedule_without_transaction_override,True,436,2025-09-29,complete
2025-09-29,0.00,0.00,0,1217559.80,last_posted_transaction_or_prior_closing_balance,,trusted,cn_public_2022_2026_cycles_1_0,public_schedule_without_transaction_override,True,437,2025-09-30,complete
2025-09-30,0.00,0.00,0,1217559.80,last_posted_transaction_or_prior_closing_balance,,trusted,cn_public_2022_2026_cycles_1_0,public_schedule_without_transaction_override,True,438,2025-10-09,complete
2025-10-01,0.00,0.00,0,1217559.80,last_posted_transaction_or_prior_closing_balance,,trusted,cn_public_2022_2026_cycles_1_0,public_schedule_without_transaction_override,False,,,complete
2025-10-02,3372.46,17778.02,3,1203154.24,last_posted_transaction_or_prior_closing_balance,synb1_txn_faad2e655ab43525a734261b,trusted,cn_public_2022_2026_cycles_1_0,public_schedule_without_transaction_override,False,,,complete
2025-10-03,21354.91,340.75,3,1224168.40,last_posted_transaction_or_prior_closing_balance,synb1_txn_356d37c429e31c77ad683249,trusted,cn_public_2022_2026_cycles_1_0,public_schedule_without_transaction_override,False,,,complete
2025-10-04,0.00,2632.76,1,1221535.64,last_posted_transaction_or_prior_closing_balance,synb1_txn_189497ec9a479ae224acee29,trusted,cn_public_2022_2026_cycles_1_0,public_schedule_without_transaction_override,False,,,complete
2025-10-05,0.00,7500.00,1,1214035.64,last_posted_transaction_or_prior_closing_balance,synb1_txn_68468f917515bcffe2ec27aa,trusted,cn_public_2022_2026_cycles_1_0,public_schedule_without_transaction_override,False,,,complete
2025-10-06,0.00,0.00,0,1214035.64,last_posted_transaction_or_prior_closing_balance,,trusted,cn_public_2022_2026_cycles_1_0,public_schedule_without_transaction_override,False,,,complete
2025-10-07,0.00,40559.39,2,1173476.25,last_posted_transaction_or_prior_closing_balance,synb1_txn_d4cf698393cf539bb2a24ff7,trusted,cn_public_2022_2026_cycles_1_0,public_schedule_without_transaction_override,False,,,complete
2025-10-08,0.00,18531.33,3,1154944.92,last_posted_transaction_or_prior_closing_balance,synb1_txn_822101b9c79dbbb964c6ff14,trusted,cn_public_2022_2026_cycles_1_0,public_schedule_without_transaction_override,False,,,complete
2025-10-09,0.00,5832.68,2,1149112.24,last_posted_transaction_or_prior_closing_balance,synb1_txn_8e01a2847dacfe737c78f487,trusted,cn_public_2022_2026_cycles_1_0,public_schedule_without_transaction_override,True,439,2025-10-10,complete
2025-10-10,0.00,36.62,1,1149075.62,last_posted_transaction_or_prior_closing_balance,synb1_txn_03167ea2d8634439a3832457,trusted,cn_public_2022_2026_cycles_1_0,public_schedule_without_transaction_override,True,440,2025-10-11,complete
2025-10-11,15388.66,55352.79,3,1109111.49,last_posted_transaction_or_prior_closing_balance,synb1_txn_a3f7d2528ad5a6f6c736668b,trusted,cn_public_2022_2026_cycles_1_0,public_schedule_without_transaction_override,True,441,2025-10-13,complete
2025-10-12,12302.04,0.00,1,1121413.53,last_posted_transaction_or_prior_closing_balance,synb1_txn_da253e741773ec7f76add4b7,trusted,cn_public_2022_2026_cycles_1_0,public_schedule_without_transaction_override,False,,,complete
2025-10-13,23358.13,0.00,1,1144771.66,last_posted_transaction_or_prior_closing_balance,synb1_txn_2517b808ad359c8586ad0694,trusted,cn_public_2022_2026_cycles_1_0,public_schedule_without_transaction_override,True,442,2025-10-14,complete
2025-10-14,6027.22,17012.26,3,1133786.62,last_posted_transaction_or_prior_closing_balance,synb1_txn_db75fe8711b4df8f4277e96f,trusted,cn_public_2022_2026_cycles_1_0,public_schedule_without_transaction_override,True,443,2025-10-15,complete
2025-10-15,0.00,0.00,0,1133786.62,last_posted_transaction_or_prior_closing_balance,,trusted,cn_public_2022_2026_cycles_1_0,public_schedule_without_transaction_override,True,444,2025-10-16,complete
2025-10-16,708.62,0.00,1,1134495.24,last_posted_transaction_or_prior_closing_balance,synb1_txn_8910aa322d4423883209b1f4,trusted,cn_public_2022_2026_cycles_1_0,public_schedule_without_transaction_override,True,445,2025-10-17,complete
2025-10-17,0.00,0.00,0,1134495.24,last_posted_transaction_or_prior_closing_balance,,trusted,cn_public_2022_2026_cycles_1_0,public_schedule_without_transaction_override,True,446,2025-10-20,complete
2025-10-18,0.00,0.00,0,1134495.24,last_posted_transaction_or_prior_closing_balance,,trusted,cn_public_2022_2026_cycles_1_0,public_schedule_without_transaction_override,False,,,complete
2025-10-19,0.00,9391.98,1,1125103.26,last_posted_transaction_or_prior_closing_balance,synb1_txn_9fa9b140dc80a244401ccbb7,trusted,cn_public_2022_2026_cycles_1_0,public_schedule_without_transaction_override,False,,,complete
2025-10-20,0.00,8604.20,3,1116499.06,last_posted_transaction_or_prior_closing_balance,synb1_txn_b546636b88c033deb225c632,trusted,cn_public_2022_2026_cycles_1_0,public_schedule_without_transaction_override,True,447,2025-10-21,complete
2025-10-21,579.09,6307.60,2,1110770.55,last_posted_transaction_or_prior_closing_balance,synb1_txn_2902af8ded2c3a744c414cab,trusted,cn_public_2022_2026_cycles_1_0,public_schedule_without_transaction_override,True,448,2025-10-22,complete
2025-10-22,0.00,0.00,0,1110770.55,last_posted_transaction_or_prior_closing_balance,,trusted,cn_public_2022_2026_cycles_1_0,public_schedule_without_transaction_override,True,449,2025-10-23,complete
2025-10-23,0.00,0.00,0,1110770.55,last_posted_transaction_or_prior_closing_balance,,trusted,cn_public_2022_2026_cycles_1_0,public_schedule_without_transaction_override,True,450,2025-10-24,complete
2025-10-24,68423.95,0.00,1,1179194.50,last_posted_transaction_or_prior_closing_balance,synb1_txn_d3f2e1c95827c37f310cb622,trusted,cn_public_2022_2026_cycles_1_0,public_schedule_without_transaction_override,True,451,2025-10-27,complete
2025-10-25,0.00,0.00,0,1179194.50,last_posted_transaction_or_prior_closing_balance,,trusted,cn_public_2022_2026_cycles_1_0,public_schedule_without_transaction_override,False,,,complete
2025-10-26,53484.92,2173.82,2,1230505.60,last_posted_transaction_or_prior_closing_balance,synb1_txn_8bc054fece60c49bf76c1cfb,trusted,cn_public_2022_2026_cycles_1_0,public_schedule_without_transaction_override,False,,,complete
2025-10-27,0.00,0.00,0,1230505.60,last_posted_transaction_or_prior_closing_balance,,trusted,cn_public_2022_2026_cycles_1_0,public_schedule_without_transaction_override,True,452,2025-10-28,complete
2025-10-28,0.00,0.00,0,1230505.60,last_posted_transaction_or_prior_closing_balance,,trusted,cn_public_2022_2026_cycles_1_0,public_schedule_without_transaction_override,True,453,2025-10-29,complete
2025-10-29,0.00,0.00,0,1230505.60,last_posted_transaction_or_prior_closing_balance,,trusted,cn_public_2022_2026_cycles_1_0,public_schedule_without_transaction_override,True,454,2025-10-30,complete
2025-10-30,0.00,0.00,0,1230505.60,last_posted_transaction_or_prior_closing_balance,,trusted,cn_public_2022_2026_cycles_1_0,public_schedule_without_transaction_override,True,455,2025-10-31,complete
2025-10-31,0.00,0.00,0,1230505.60,last_posted_transaction_or_prior_closing_balance,,trusted,cn_public_2022_2026_cycles_1_0,public_schedule_without_transaction_override,True,456,2025-11-03,complete
2025-11-01,0.00,0.00,0,1230505.60,last_posted_transaction_or_prior_closing_balance,,trusted,cn_public_2022_2026_cycles_1_0,public_schedule_without_transaction_override,False,,,complete
2025-11-02,10082.03,0.00,1,1240587.63,last_posted_transaction_or_prior_closing_balance,synb1_txn_28f904eb90a5056bd246aaac,trusted,cn_public_2022_2026_cycles_1_0,public_schedule_without_transaction_override,False,,,complete
2025-11-03,9047.99,2126.45,2,1247509.17,last_posted_transaction_or_prior_closing_balance,synb1_txn_d1f9178a7c178844692a17c8,trusted,cn_public_2022_2026_cycles_1_0,public_schedule_without_transaction_override,True,457,2025-11-04,complete
2025-11-04,0.00,0.00,0,1247509.17,last_posted_transaction_or_prior_closing_balance,,trusted,cn_public_2022_2026_cycles_1_0,public_schedule_without_transaction_override,True,458,2025-11-05,complete
2025-11-05,14129.63,106748.77,4,1154890.03,last_posted_transaction_or_prior_closing_balance,synb1_txn_afe5d96662a7762516488da9,trusted,cn_public_2022_2026_cycles_1_0,public_schedule_without_transaction_override,True,459,2025-11-06,complete
2025-11-06,0.00,0.00,0,1154890.03,last_posted_transaction_or_prior_closing_balance,,trusted,cn_public_2022_2026_cycles_1_0,public_schedule_without_transaction_override,True,460,2025-11-07,complete
2025-11-07,4154.25,30579.37,3,1128464.91,last_posted_transaction_or_prior_closing_balance,synb1_txn_014c6cff49f8ac4c9288a665,trusted,cn_public_2022_2026_cycles_1_0,public_schedule_without_transaction_override,True,461,2025-11-10,complete
2025-11-08,0.00,0.00,0,1128464.91,last_posted_transaction_or_prior_closing_balance,,trusted,cn_public_2022_2026_cycles_1_0,public_schedule_without_transaction_override,False,,,complete
2025-11-09,4135.94,0.00,1,1132600.85,last_posted_transaction_or_prior_closing_balance,synb1_txn_0f79e46f4e1ec852d80e33dd,trusted,cn_public_2022_2026_cycles_1_0,public_schedule_without_transaction_override,False,,,complete
2025-11-10,0.00,0.00,0,1132600.85,last_posted_transaction_or_prior_closing_balance,,trusted,cn_public_2022_2026_cycles_1_0,public_schedule_without_transaction_override,True,462,2025-11-11,complete
2025-11-11,297.40,5776.74,2,1127121.51,last_posted_transaction_or_prior_closing_balance,synb1_txn_17c55645feed78ee5e72339e,trusted,cn_public_2022_2026_cycles_1_0,public_schedule_without_transaction_override,True,463,2025-11-12,complete
2025-11-12,41443.21,0.00,2,1168564.72,last_posted_transaction_or_prior_closing_balance,synb1_txn_53cc519e8ae3d666d92ba459,trusted,cn_public_2022_2026_cycles_1_0,public_schedule_without_transaction_override,True,464,2025-11-13,complete
2025-11-13,0.00,0.00,0,1168564.72,last_posted_transaction_or_prior_closing_balance,,trusted,cn_public_2022_2026_cycles_1_0,public_schedule_without_transaction_override,True,465,2025-11-14,complete
2025-11-14,20069.19,10992.22,2,1177641.69,last_posted_transaction_or_prior_closing_balance,synb1_txn_97ec8676bc366a461c84fd26,trusted,cn_public_2022_2026_cycles_1_0,public_schedule_without_transaction_override,True,466,2025-11-17,complete
2025-11-15,0.00,0.00,0,1177641.69,last_posted_transaction_or_prior_closing_balance,,trusted,cn_public_2022_2026_cycles_1_0,public_schedule_without_transaction_override,False,,,complete
2025-11-16,0.00,0.00,0,1177641.69,last_posted_transaction_or_prior_closing_balance,,trusted,cn_public_2022_2026_cycles_1_0,public_schedule_without_transaction_override,False,,,complete
2025-11-17,24935.95,0.00,2,1202577.64,last_posted_transaction_or_prior_closing_balance,synb1_txn_f961136cc88506c85b7440bf,trusted,cn_public_2022_2026_cycles_1_0,public_schedule_without_transaction_override,True,467,2025-11-18,complete
2025-11-18,0.00,1908.20,3,1200669.44,last_posted_transaction_or_prior_closing_balance,synb1_txn_fd0100ae65682f2245d892be,trusted,cn_public_2022_2026_cycles_1_0,public_schedule_without_transaction_override,True,468,2025-11-19,complete
2025-11-19,0.00,0.00,0,1200669.44,last_posted_transaction_or_prior_closing_balance,,trusted,cn_public_2022_2026_cycles_1_0,public_schedule_without_transaction_override,True,469,2025-11-20,complete
2025-11-20,0.00,0.00,0,1200669.44,last_posted_transaction_or_prior_closing_balance,,trusted,cn_public_2022_2026_cycles_1_0,public_schedule_without_transaction_override,True,470,2025-11-21,complete
2025-11-21,7689.70,27218.75,5,1181140.39,last_posted_transaction_or_prior_closing_balance,synb1_txn_cf2a9a7d7e18e5304e84a680,trusted,cn_public_2022_2026_cycles_1_0,public_schedule_without_transaction_override,True,471,2025-11-24,complete
2025-11-22,836.12,964.65,3,1181011.86,last_posted_transaction_or_prior_closing_balance,synb1_txn_6dd8020909df4fae6711ecd6,trusted,cn_public_2022_2026_cycles_1_0,public_schedule_without_transaction_override,False,,,complete
2025-11-23,0.00,0.00,0,1181011.86,last_posted_transaction_or_prior_closing_balance,,trusted,cn_public_2022_2026_cycles_1_0,public_schedule_without_transaction_override,False,,,complete
2025-11-24,37802.85,0.00,1,1218814.71,last_posted_transaction_or_prior_closing_balance,synb1_txn_2dac8bdb425c125ab964205b,trusted,cn_public_2022_2026_cycles_1_0,public_schedule_without_transaction_override,True,472,2025-11-25,complete
2025-11-25,0.00,0.00,0,1218814.71,last_posted_transaction_or_prior_closing_balance,,trusted,cn_public_2022_2026_cycles_1_0,public_schedule_without_transaction_override,True,473,2025-11-26,complete
2025-11-26,31007.87,18568.05,2,1231254.53,last_posted_transaction_or_prior_closing_balance,synb1_txn_3c4befcc38455eaf42e45991,trusted,cn_public_2022_2026_cycles_1_0,public_schedule_without_transaction_override,True,474,2025-11-27,complete
2025-11-27,6630.89,0.00,1,1237885.42,last_posted_transaction_or_prior_closing_balance,synb1_txn_b06806b1e05ed4724123225a,trusted,cn_public_2022_2026_cycles_1_0,public_schedule_without_transaction_override,True,475,2025-11-28,complete
2025-11-28,3236.98,0.00,1,1241122.40,last_posted_transaction_or_prior_closing_balance,synb1_txn_0d769c0a12322f615bb2a02f,trusted,cn_public_2022_2026_cycles_1_0,public_schedule_without_transaction_override,True,476,2025-12-01,complete
2025-11-29,0.00,0.00,0,1241122.40,last_posted_transaction_or_prior_closing_balance,,trusted,cn_public_2022_2026_cycles_1_0,public_schedule_without_transaction_override,False,,,complete
2025-11-30,0.00,0.00,0,1241122.40,last_posted_transaction_or_prior_closing_balance,,trusted,cn_public_2022_2026_cycles_1_0,public_schedule_without_transaction_override,False,,,complete
2025-12-01,0.00,0.00,0,1241122.40,last_posted_transaction_or_prior_closing_balance,,trusted,cn_public_2022_2026_cycles_1_0,public_schedule_without_transaction_override,True,477,2025-12-02,complete
2025-12-02,92.84,0.00,1,1241215.24,last_posted_transaction_or_prior_closing_balance,synb1_txn_c5018267e6859c770fe68b7b,trusted,cn_public_2022_2026_cycles_1_0,public_schedule_without_transaction_override,True,478,2025-12-03,complete
2025-12-03,0.00,0.00,0,1241215.24,last_posted_transaction_or_prior_closing_balance,,trusted,cn_public_2022_2026_cycles_1_0,public_schedule_without_transaction_override,True,479,2025-12-04,complete
2025-12-04,78.27,4168.73,2,1237124.78,last_posted_transaction_or_prior_closing_balance,synb1_txn_b4676a7a9e6d002f83b2b097,trusted,cn_public_2022_2026_cycles_1_0,public_schedule_without_transaction_override,True,480,2025-12-05,complete
2025-12-05,0.00,7500.00,1,1229624.78,last_posted_transaction_or_prior_closing_balance,synb1_txn_19a2f2e44c3bb7af6cfc429a,trusted,cn_public_2022_2026_cycles_1_0,public_schedule_without_transaction_override,True,481,2025-12-08,complete
2025-12-06,14881.08,134792.42,3,1109713.44,last_posted_transaction_or_prior_closing_balance,synb1_txn_0fe263a2eddde0bc9bee2d58,trusted,cn_public_2022_2026_cycles_1_0,public_schedule_without_transaction_override,False,,,complete
2025-12-07,0.00,30000.00,1,1079713.44,last_posted_transaction_or_prior_closing_balance,synb1_txn_b67e124d9e53d6a66435b7c8,trusted,cn_public_2022_2026_cycles_1_0,public_schedule_without_transaction_override,False,,,complete
2025-12-08,36686.86,2482.53,2,1113917.77,last_posted_transaction_or_prior_closing_balance,synb1_txn_8d7a80869eb341eaf58ca48a,trusted,cn_public_2022_2026_cycles_1_0,public_schedule_without_transaction_override,True,482,2025-12-09,complete
2025-12-09,88460.80,0.00,3,1202378.57,last_posted_transaction_or_prior_closing_balance,synb1_txn_e6503152db4906a885a6929e,trusted,cn_public_2022_2026_cycles_1_0,public_schedule_without_transaction_override,True,483,2025-12-10,complete
2025-12-10,5989.95,0.00,1,1208368.52,last_posted_transaction_or_prior_closing_balance,synb1_txn_57666c0acadf8e655affa9d8,trusted,cn_public_2022_2026_cycles_1_0,public_schedule_without_transaction_override,True,484,2025-12-11,complete
2025-12-11,0.00,1154.35,1,1207214.17,last_posted_transaction_or_prior_closing_balance,synb1_txn_2473a792f81c1e028d2fee49,trusted,cn_public_2022_2026_cycles_1_0,public_schedule_without_transaction_override,True,485,2025-12-12,complete
2025-12-12,0.00,7923.20,1,1199290.97,last_posted_transaction_or_prior_closing_balance,synb1_txn_478f53517d52dd52d0552e7e,trusted,cn_public_2022_2026_cycles_1_0,public_schedule_without_transaction_override,True,486,2025-12-15,complete
2025-12-13,0.00,0.00,0,1199290.97,last_posted_transaction_or_prior_closing_balance,,trusted,cn_public_2022_2026_cycles_1_0,public_schedule_without_transaction_override,False,,,complete
2025-12-14,0.00,0.00,0,1199290.97,last_posted_transaction_or_prior_closing_balance,,trusted,cn_public_2022_2026_cycles_1_0,public_schedule_without_transaction_override,False,,,complete
2025-12-15,0.00,0.00,0,1199290.97,last_posted_transaction_or_prior_closing_balance,,trusted,cn_public_2022_2026_cycles_1_0,public_schedule_without_transaction_override,True,487,2025-12-16,complete
2025-12-16,0.00,0.00,0,1199290.97,last_posted_transaction_or_prior_closing_balance,,trusted,cn_public_2022_2026_cycles_1_0,public_schedule_without_transaction_override,True,488,2025-12-17,complete
2025-12-17,37044.89,1136.46,2,1235199.40,last_posted_transaction_or_prior_closing_balance,synb1_txn_6360c53975df8bf4a8e4cf70,trusted,cn_public_2022_2026_cycles_1_0,public_schedule_without_transaction_override,True,489,2025-12-18,complete
2025-12-18,0.00,6595.40,3,1228604.00,last_posted_transaction_or_prior_closing_balance,synb1_txn_567c49c55ad027a1255d42d1,trusted,cn_public_2022_2026_cycles_1_0,public_schedule_without_transaction_override,True,490,2025-12-19,complete
2025-12-19,0.00,0.00,0,1228604.00,last_posted_transaction_or_prior_closing_balance,,trusted,cn_public_2022_2026_cycles_1_0,public_schedule_without_transaction_override,True,491,2025-12-22,complete
2025-12-20,0.00,0.00,0,1228604.00,last_posted_transaction_or_prior_closing_balance,,trusted,cn_public_2022_2026_cycles_1_0,public_schedule_without_transaction_override,False,,,complete
2025-12-21,177876.95,2726.66,2,1403754.29,last_posted_transaction_or_prior_closing_balance,synb1_txn_43fa2dbd2486d05088f9c981,trusted,cn_public_2022_2026_cycles_1_0,public_schedule_without_transaction_override,False,,,complete
2025-12-22,57237.66,0.00,2,1460991.95,last_posted_transaction_or_prior_closing_balance,synb1_txn_c7ac112bc49de6f707ef4a10,trusted,cn_public_2022_2026_cycles_1_0,public_schedule_without_transaction_override,True,492,2025-12-23,complete
2025-12-23,0.00,105884.05,1,1355107.90,last_posted_transaction_or_prior_closing_balance,synb1_txn_e05dff25e1c69313e095d1b1,trusted,cn_public_2022_2026_cycles_1_0,public_schedule_without_transaction_override,True,493,2025-12-24,complete
2025-12-24,0.00,0.00,0,1355107.90,last_posted_transaction_or_prior_closing_balance,,trusted,cn_public_2022_2026_cycles_1_0,public_schedule_without_transaction_override,True,494,2025-12-25,complete
2025-12-25,0.00,0.00,0,1355107.90,last_posted_transaction_or_prior_closing_balance,,trusted,cn_public_2022_2026_cycles_1_0,public_schedule_without_transaction_override,True,495,2025-12-26,complete
2025-12-26,0.00,0.00,0,1355107.90,last_posted_transaction_or_prior_closing_balance,,trusted,cn_public_2022_2026_cycles_1_0,public_schedule_without_transaction_override,True,496,2025-12-29,complete
2025-12-27,68650.70,119981.60,2,1303777.00,last_posted_transaction_or_prior_closing_balance,synb1_txn_848c596854d84f38a40f2788,trusted,cn_public_2022_2026_cycles_1_0,public_schedule_without_transaction_override,False,,,complete
2025-12-28,0.00,0.00,0,1303777.00,last_posted_transaction_or_prior_closing_balance,,trusted,cn_public_2022_2026_cycles_1_0,public_schedule_without_transaction_override,False,,,complete
2025-12-29,0.00,0.00,0,1303777.00,last_posted_transaction_or_prior_closing_balance,,trusted,cn_public_2022_2026_cycles_1_0,public_schedule_without_transaction_override,True,497,2025-12-30,complete
2025-12-30,0.00,0.00,0,1303777.00,last_posted_transaction_or_prior_closing_balance,,trusted,cn_public_2022_2026_cycles_1_0,public_schedule_without_transaction_override,True,498,2025-12-31,complete
2025-12-31,0.00,0.00,0,1303777.00,last_posted_transaction_or_prior_closing_balance,,trusted,cn_public_2022_2026_cycles_1_0,public_schedule_without_transaction_override,True,499,2026-01-04,complete
