calendar_date,inflow_cny,outflow_cny,transaction_count,ending_balance_cny,day_cut_basis,source_last_transaction_id,reconciliation_status,calendar_source,calendar_inference_status,is_bank_workday,business_step,target_date,execution_status
2024-01-01,1785000.00,0.00,1,1785000.00,last_posted_transaction_or_prior_closing_balance,synb1_txn_a71f52e30233e83b18eb4ba4,trusted,cn_public_2022_2026_cycles_1_0,public_schedule_without_transaction_override,False,,,complete
2024-01-02,0.00,0.00,0,1785000.00,last_posted_transaction_or_prior_closing_balance,,trusted,cn_public_2022_2026_cycles_1_0,public_schedule_without_transaction_override,True,1,2024-01-03,complete
2024-01-03,0.00,78681.26,1,1706318.74,last_posted_transaction_or_prior_closing_balance,synb1_txn_e4dcab782920dc647310b631,trusted,cn_public_2022_2026_cycles_1_0,public_schedule_without_transaction_override,True,2,2024-01-04,complete
2024-01-04,0.00,32.48,1,1706286.26,last_posted_transaction_or_prior_closing_balance,synb1_txn_d4f7d9e47bf911f6608ad01b,trusted,cn_public_2022_2026_cycles_1_0,public_schedule_without_transaction_override,True,3,2024-01-05,complete
2024-01-05,6472.23,5800.00,2,1706958.49,last_posted_transaction_or_prior_closing_balance,synb1_txn_3987dd0c47996b132b749dc4,trusted,cn_public_2022_2026_cycles_1_0,public_schedule_without_transaction_override,True,4,2024-01-08,complete
2024-01-06,0.00,0.00,0,1706958.49,last_posted_transaction_or_prior_closing_balance,,trusted,cn_public_2022_2026_cycles_1_0,public_schedule_without_transaction_override,False,,,complete
2024-01-07,74896.04,25817.54,3,1756036.99,last_posted_transaction_or_prior_closing_balance,synb1_txn_4739deff70314252b8b769e5,trusted,cn_public_2022_2026_cycles_1_0,public_schedule_without_transaction_override,False,,,complete
2024-01-08,214.41,0.00,1,1756251.40,last_posted_transaction_or_prior_closing_balance,synb1_txn_c8e05eba5dd9ec0323a3a97a,trusted,cn_public_2022_2026_cycles_1_0,public_schedule_without_transaction_override,True,5,2024-01-09,complete
2024-01-09,32318.76,0.00,1,1788570.16,last_posted_transaction_or_prior_closing_balance,synb1_txn_746cafb34907188feafaefa2,trusted,cn_public_2022_2026_cycles_1_0,public_schedule_without_transaction_override,True,6,2024-01-10,complete
2024-01-10,0.00,0.00,0,1788570.16,last_posted_transaction_or_prior_closing_balance,,trusted,cn_public_2022_2026_cycles_1_0,public_schedule_without_transaction_override,True,7,2024-01-11,complete
2024-01-11,31539.04,0.00,1,1820109.20,last_posted_transaction_or_prior_closing_balance,synb1_txn_a482a33e07bb428952a058fe,trusted,cn_public_2022_2026_cycles_1_0,public_schedule_without_transaction_override,True,8,2024-01-12,complete
2024-01-12,0.00,0.00,0,1820109.20,last_posted_transaction_or_prior_closing_balance,,trusted,cn_public_2022_2026_cycles_1_0,public_schedule_without_transaction_override,True,9,2024-01-15,complete
2024-01-13,30233.83,0.00,1,1850343.03,last_posted_transaction_or_prior_closing_balance,synb1_txn_e08f808cc367483830ab1c7f,trusted,cn_public_2022_2026_cycles_1_0,public_schedule_without_transaction_override,False,,,complete
2024-01-14,0.00,8051.60,1,1842291.43,last_posted_transaction_or_prior_closing_balance,synb1_txn_ee70117b1e730c995263682b,trusted,cn_public_2022_2026_cycles_1_0,public_schedule_without_transaction_override,False,,,complete
2024-01-15,0.00,0.00,0,1842291.43,last_posted_transaction_or_prior_closing_balance,,trusted,cn_public_2022_2026_cycles_1_0,public_schedule_without_transaction_override,True,10,2024-01-16,complete
2024-01-16,0.00,0.00,0,1842291.43,last_posted_transaction_or_prior_closing_balance,,trusted,cn_public_2022_2026_cycles_1_0,public_schedule_without_transaction_override,True,11,2024-01-17,complete
2024-01-17,0.00,0.00,0,1842291.43,last_posted_transaction_or_prior_closing_balance,,trusted,cn_public_2022_2026_cycles_1_0,public_schedule_without_transaction_override,True,12,2024-01-18,complete
2024-01-18,0.00,0.00,0,1842291.43,last_posted_transaction_or_prior_closing_balance,,trusted,cn_public_2022_2026_cycles_1_0,public_schedule_without_transaction_override,True,13,2024-01-19,complete
2024-01-19,0.00,32310.00,1,1809981.43,last_posted_transaction_or_prior_closing_balance,synb1_txn_6619f2fc44a1d15c372e47b0,trusted,cn_public_2022_2026_cycles_1_0,public_schedule_without_transaction_override,True,14,2024-01-22,complete
2024-01-20,0.00,0.00,0,1809981.43,last_posted_transaction_or_prior_closing_balance,,trusted,cn_public_2022_2026_cycles_1_0,public_schedule_without_transaction_override,False,,,complete
2024-01-21,0.00,0.00,0,1809981.43,last_posted_transaction_or_prior_closing_balance,,trusted,cn_public_2022_2026_cycles_1_0,public_schedule_without_transaction_override,False,,,complete
2024-01-22,0.00,60951.38,2,1749030.05,last_posted_transaction_or_prior_closing_balance,synb1_txn_338c40b1a8f0260e1c368dda,trusted,cn_public_2022_2026_cycles_1_0,public_schedule_without_transaction_override,True,15,2024-01-23,complete
2024-01-23,0.00,0.00,0,1749030.05,last_posted_transaction_or_prior_closing_balance,,trusted,cn_public_2022_2026_cycles_1_0,public_schedule_without_transaction_override,True,16,2024-01-24,complete
2024-01-24,0.00,0.00,0,1749030.05,last_posted_transaction_or_prior_closing_balance,,trusted,cn_public_2022_2026_cycles_1_0,public_schedule_without_transaction_override,True,17,2024-01-25,complete
2024-01-25,245.69,1886.00,2,1747389.74,last_posted_transaction_or_prior_closing_balance,synb1_txn_46981bd56e3b53712d50c6f1,trusted,cn_public_2022_2026_cycles_1_0,public_schedule_without_transaction_override,True,18,2024-01-26,complete
2024-01-26,0.00,38163.70,1,1709226.04,last_posted_transaction_or_prior_closing_balance,synb1_txn_4d09e99e17f310e1470127d1,trusted,cn_public_2022_2026_cycles_1_0,public_schedule_without_transaction_override,True,19,2024-01-29,complete
2024-01-27,0.00,9751.84,1,1699474.20,last_posted_transaction_or_prior_closing_balance,synb1_txn_b392f861dc2c4a900217a7ab,trusted,cn_public_2022_2026_cycles_1_0,public_schedule_without_transaction_override,False,,,complete
2024-01-28,0.00,812.60,1,1698661.60,last_posted_transaction_or_prior_closing_balance,synb1_txn_0566d6822bf8370c50401a89,trusted,cn_public_2022_2026_cycles_1_0,public_schedule_without_transaction_override,False,,,complete
2024-01-29,0.00,0.00,0,1698661.60,last_posted_transaction_or_prior_closing_balance,,trusted,cn_public_2022_2026_cycles_1_0,public_schedule_without_transaction_override,True,20,2024-01-30,complete
2024-01-30,0.00,0.00,0,1698661.60,last_posted_transaction_or_prior_closing_balance,,trusted,cn_public_2022_2026_cycles_1_0,public_schedule_without_transaction_override,True,21,2024-01-31,complete
2024-01-31,0.00,0.00,0,1698661.60,last_posted_transaction_or_prior_closing_balance,,trusted,cn_public_2022_2026_cycles_1_0,public_schedule_without_transaction_override,True,22,2024-02-01,complete
2024-02-01,0.00,0.00,0,1698661.60,last_posted_transaction_or_prior_closing_balance,,trusted,cn_public_2022_2026_cycles_1_0,public_schedule_without_transaction_override,True,23,2024-02-02,complete
2024-02-02,7274.82,0.00,1,1705936.42,last_posted_transaction_or_prior_closing_balance,synb1_txn_c221ca529df410c243303533,trusted,cn_public_2022_2026_cycles_1_0,public_schedule_without_transaction_override,True,24,2024-02-04,complete
2024-02-03,0.00,0.00,0,1705936.42,last_posted_transaction_or_prior_closing_balance,,trusted,cn_public_2022_2026_cycles_1_0,public_schedule_without_transaction_override,False,,,complete
2024-02-04,1338.97,0.00,1,1707275.39,last_posted_transaction_or_prior_closing_balance,synb1_txn_d99d03b1382f19d348338f3c,trusted,cn_public_2022_2026_cycles_1_0,public_schedule_without_transaction_override,True,25,2024-02-05,complete
2024-02-05,0.00,10584.81,3,1696690.58,last_posted_transaction_or_prior_closing_balance,synb1_txn_2c8c7d9b1ddd13733cd91e55,trusted,cn_public_2022_2026_cycles_1_0,public_schedule_without_transaction_override,True,26,2024-02-06,complete
2024-02-06,0.00,19084.33,1,1677606.25,last_posted_transaction_or_prior_closing_balance,synb1_txn_8b5a6461abf1c9a3003f9b6f,trusted,cn_public_2022_2026_cycles_1_0,public_schedule_without_transaction_override,True,27,2024-02-07,complete
2024-02-07,69277.67,25000.00,3,1721883.92,last_posted_transaction_or_prior_closing_balance,synb1_txn_32dba7a73d7f2d5936b2e4e8,trusted,cn_public_2022_2026_cycles_1_0,public_schedule_without_transaction_override,True,28,2024-02-08,complete
2024-02-08,0.00,0.00,0,1721883.92,last_posted_transaction_or_prior_closing_balance,,trusted,cn_public_2022_2026_cycles_1_0,public_schedule_without_transaction_override,True,29,2024-02-09,complete
2024-02-09,3051.32,160.72,2,1724774.52,last_posted_transaction_or_prior_closing_balance,synb1_txn_379e05003ad78c67c36718fd,trusted,cn_public_2022_2026_cycles_1_0,public_schedule_without_transaction_override,True,30,2024-02-18,complete
2024-02-10,17006.94,0.00,1,1741781.46,last_posted_transaction_or_prior_closing_balance,synb1_txn_965ecffb1207aad3b322d2c7,trusted,cn_public_2022_2026_cycles_1_0,public_schedule_without_transaction_override,False,,,complete
2024-02-11,0.00,3166.59,1,1738614.87,last_posted_transaction_or_prior_closing_balance,synb1_txn_eb17656cb5843b9916f4b99e,trusted,cn_public_2022_2026_cycles_1_0,public_schedule_without_transaction_override,False,,,complete
2024-02-12,41836.48,0.00,1,1780451.35,last_posted_transaction_or_prior_closing_balance,synb1_txn_c639450456922f9034aeb379,trusted,cn_public_2022_2026_cycles_1_0,public_schedule_without_transaction_override,False,,,complete
2024-02-13,33432.02,0.00,2,1813883.37,last_posted_transaction_or_prior_closing_balance,synb1_txn_e314dca374a1f8fc20d5f737,trusted,cn_public_2022_2026_cycles_1_0,public_schedule_without_transaction_override,False,,,complete
2024-02-14,0.00,48672.31,1,1765211.06,last_posted_transaction_or_prior_closing_balance,synb1_txn_67386d0484dc34bfcd48b61f,trusted,cn_public_2022_2026_cycles_1_0,public_schedule_without_transaction_override,False,,,complete
2024-02-15,30619.20,0.00,1,1795830.26,last_posted_transaction_or_prior_closing_balance,synb1_txn_1e80023582e8e17fe60a83cf,trusted,cn_public_2022_2026_cycles_1_0,public_schedule_without_transaction_override,False,,,complete
2024-02-16,0.00,89905.32,2,1705924.94,last_posted_transaction_or_prior_closing_balance,synb1_txn_f8240f4b07e557acb749296e,trusted,cn_public_2022_2026_cycles_1_0,public_schedule_without_transaction_override,False,,,complete
2024-02-17,0.00,0.00,0,1705924.94,last_posted_transaction_or_prior_closing_balance,,trusted,cn_public_2022_2026_cycles_1_0,public_schedule_without_transaction_override,False,,,complete
2024-02-18,13752.66,15504.67,4,1704172.93,last_posted_transaction_or_prior_closing_balance,synb1_txn_62a5b25ed185bbccb6852364,trusted,cn_public_2022_2026_cycles_1_0,public_schedule_without_transaction_override,True,31,2024-02-19,complete
2024-02-19,0.00,0.00,0,1704172.93,last_posted_transaction_or_prior_closing_balance,,trusted,cn_public_2022_2026_cycles_1_0,public_schedule_without_transaction_override,True,32,2024-02-20,complete
2024-02-20,11006.87,86193.24,3,1628986.56,last_posted_transaction_or_prior_closing_balance,synb1_txn_5e126621fbe226b13fd7ecb8,trusted,cn_public_2022_2026_cycles_1_0,public_schedule_without_transaction_override,True,33,2024-02-21,complete
2024-02-21,0.00,0.00,0,1628986.56,last_posted_transaction_or_prior_closing_balance,,trusted,cn_public_2022_2026_cycles_1_0,public_schedule_without_transaction_override,True,34,2024-02-22,complete
2024-02-22,0.00,0.00,0,1628986.56,last_posted_transaction_or_prior_closing_balance,,trusted,cn_public_2022_2026_cycles_1_0,public_schedule_without_transaction_override,True,35,2024-02-23,complete
2024-02-23,60181.22,0.00,1,1689167.78,last_posted_transaction_or_prior_closing_balance,synb1_txn_c98776d2a1ab105cd6d55800,trusted,cn_public_2022_2026_cycles_1_0,public_schedule_without_transaction_override,True,36,2024-02-26,complete
2024-02-24,0.00,1069.16,1,1688098.62,last_posted_transaction_or_prior_closing_balance,synb1_txn_9fc7ac178df85570ebb905e3,trusted,cn_public_2022_2026_cycles_1_0,public_schedule_without_transaction_override,False,,,complete
2024-02-25,75277.88,0.00,1,1763376.50,last_posted_transaction_or_prior_closing_balance,synb1_txn_de16bdb4e4d59757a6eb2b53,trusted,cn_public_2022_2026_cycles_1_0,public_schedule_without_transaction_override,False,,,complete
2024-02-26,0.00,0.00,0,1763376.50,last_posted_transaction_or_prior_closing_balance,,trusted,cn_public_2022_2026_cycles_1_0,public_schedule_without_transaction_override,True,37,2024-02-27,complete
2024-02-27,0.00,66872.32,1,1696504.18,last_posted_transaction_or_prior_closing_balance,synb1_txn_44866147df3ce6e579670774,trusted,cn_public_2022_2026_cycles_1_0,public_schedule_without_transaction_override,True,38,2024-02-28,complete
2024-02-28,4983.95,0.00,1,1701488.13,last_posted_transaction_or_prior_closing_balance,synb1_txn_49fde2c09945df49cb4e21fc,trusted,cn_public_2022_2026_cycles_1_0,public_schedule_without_transaction_override,True,39,2024-02-29,complete
2024-02-29,0.00,0.00,0,1701488.13,last_posted_transaction_or_prior_closing_balance,,trusted,cn_public_2022_2026_cycles_1_0,public_schedule_without_transaction_override,True,40,2024-03-01,complete
2024-03-01,0.00,0.00,0,1701488.13,last_posted_transaction_or_prior_closing_balance,,trusted,cn_public_2022_2026_cycles_1_0,public_schedule_without_transaction_override,True,41,2024-03-04,complete
2024-03-02,0.00,0.00,0,1701488.13,last_posted_transaction_or_prior_closing_balance,,trusted,cn_public_2022_2026_cycles_1_0,public_schedule_without_transaction_override,False,,,complete
2024-03-03,36264.02,0.00,1,1737752.15,last_posted_transaction_or_prior_closing_balance,synb1_txn_d17d87bec3f62e45a254344d,trusted,cn_public_2022_2026_cycles_1_0,public_schedule_without_transaction_override,False,,,complete
2024-03-04,2087.49,2089.40,2,1737750.24,last_posted_transaction_or_prior_closing_balance,synb1_txn_f769ec80101adcb912da6010,trusted,cn_public_2022_2026_cycles_1_0,public_schedule_without_transaction_override,True,42,2024-03-05,complete
2024-03-05,0.00,5800.00,1,1731950.24,last_posted_transaction_or_prior_closing_balance,synb1_txn_3e698b728e30a1dd090009b9,trusted,cn_public_2022_2026_cycles_1_0,public_schedule_without_transaction_override,True,43,2024-03-06,complete
2024-03-06,109520.64,756.48,2,1840714.40,last_posted_transaction_or_prior_closing_balance,synb1_txn_5252024e8790c547e70c2438,trusted,cn_public_2022_2026_cycles_1_0,public_schedule_without_transaction_override,True,44,2024-03-07,complete
2024-03-07,36006.94,25000.00,2,1851721.34,last_posted_transaction_or_prior_closing_balance,synb1_txn_f66692eff60a39d2085a939c,trusted,cn_public_2022_2026_cycles_1_0,public_schedule_without_transaction_override,True,45,2024-03-08,complete
2024-03-08,0.00,27397.82,1,1824323.52,last_posted_transaction_or_prior_closing_balance,synb1_txn_8b6d551e9176ee4e7e548676,trusted,cn_public_2022_2026_cycles_1_0,public_schedule_without_transaction_override,True,46,2024-03-11,complete
2024-03-09,0.00,0.00,0,1824323.52,last_posted_transaction_or_prior_closing_balance,,trusted,cn_public_2022_2026_cycles_1_0,public_schedule_without_transaction_override,False,,,complete
2024-03-10,0.00,0.00,0,1824323.52,last_posted_transaction_or_prior_closing_balance,,trusted,cn_public_2022_2026_cycles_1_0,public_schedule_without_transaction_override,False,,,complete
2024-03-11,0.00,0.00,0,1824323.52,last_posted_transaction_or_prior_closing_balance,,trusted,cn_public_2022_2026_cycles_1_0,public_schedule_without_transaction_override,True,47,2024-03-12,complete
2024-03-12,0.00,13327.96,1,1810995.56,last_posted_transaction_or_prior_closing_balance,synb1_txn_b2b36136abaceeb40df51dad,trusted,cn_public_2022_2026_cycles_1_0,public_schedule_without_transaction_override,True,48,2024-03-13,complete
2024-03-13,1887.60,0.00,1,1812883.16,last_posted_transaction_or_prior_closing_balance,synb1_txn_5a1050864f8005797c4c337b,trusted,cn_public_2022_2026_cycles_1_0,public_schedule_without_transaction_override,True,49,2024-03-14,complete
2024-03-14,0.00,24086.51,1,1788796.65,last_posted_transaction_or_prior_closing_balance,synb1_txn_8235ca425bc8b62d9889ce33,trusted,cn_public_2022_2026_cycles_1_0,public_schedule_without_transaction_override,True,50,2024-03-15,complete
2024-03-15,0.00,0.00,0,1788796.65,last_posted_transaction_or_prior_closing_balance,,trusted,cn_public_2022_2026_cycles_1_0,public_schedule_without_transaction_override,True,51,2024-03-18,complete
2024-03-16,0.00,0.00,0,1788796.65,last_posted_transaction_or_prior_closing_balance,,trusted,cn_public_2022_2026_cycles_1_0,public_schedule_without_transaction_override,False,,,complete
2024-03-17,11492.31,3743.52,3,1796545.44,last_posted_transaction_or_prior_closing_balance,synb1_txn_3108271ff2cecb6f8e41740b,trusted,cn_public_2022_2026_cycles_1_0,public_schedule_without_transaction_override,False,,,complete
2024-03-18,31672.55,25232.41,4,1802985.58,last_posted_transaction_or_prior_closing_balance,synb1_txn_383a9b748f49d127310e475a,trusted,cn_public_2022_2026_cycles_1_0,public_schedule_without_transaction_override,True,52,2024-03-19,complete
2024-03-19,0.00,0.00,0,1802985.58,last_posted_transaction_or_prior_closing_balance,,trusted,cn_public_2022_2026_cycles_1_0,public_schedule_without_transaction_override,True,53,2024-03-20,complete
2024-03-20,0.00,0.00,0,1802985.58,last_posted_transaction_or_prior_closing_balance,,trusted,cn_public_2022_2026_cycles_1_0,public_schedule_without_transaction_override,True,54,2024-03-21,complete
2024-03-21,1552.87,0.00,1,1804538.45,last_posted_transaction_or_prior_closing_balance,synb1_txn_8412f71be645db628a8e7546,trusted,cn_public_2022_2026_cycles_1_0,public_schedule_without_transaction_override,True,55,2024-03-22,complete
2024-03-22,0.00,77292.75,2,1727245.70,last_posted_transaction_or_prior_closing_balance,synb1_txn_6176f376a1de7c496eb08edd,trusted,cn_public_2022_2026_cycles_1_0,public_schedule_without_transaction_override,True,56,2024-03-25,complete
2024-03-23,0.00,0.00,0,1727245.70,last_posted_transaction_or_prior_closing_balance,,trusted,cn_public_2022_2026_cycles_1_0,public_schedule_without_transaction_override,False,,,complete
2024-03-24,45544.69,0.00,1,1772790.39,last_posted_transaction_or_prior_closing_balance,synb1_txn_18bc1ae5bc52a626013058e8,trusted,cn_public_2022_2026_cycles_1_0,public_schedule_without_transaction_override,False,,,complete
2024-03-25,0.00,0.00,0,1772790.39,last_posted_transaction_or_prior_closing_balance,,trusted,cn_public_2022_2026_cycles_1_0,public_schedule_without_transaction_override,True,57,2024-03-26,complete
2024-03-26,21584.23,25311.83,4,1769062.79,last_posted_transaction_or_prior_closing_balance,synb1_txn_5711f1500a59ad23c99282dc,trusted,cn_public_2022_2026_cycles_1_0,public_schedule_without_transaction_override,True,58,2024-03-27,complete
2024-03-27,13506.66,23900.13,2,1758669.32,last_posted_transaction_or_prior_closing_balance,synb1_txn_d32724a2bf6063fd2e3e4ff8,trusted,cn_public_2022_2026_cycles_1_0,public_schedule_without_transaction_override,True,59,2024-03-28,complete
2024-03-28,0.00,0.00,0,1758669.32,last_posted_transaction_or_prior_closing_balance,,trusted,cn_public_2022_2026_cycles_1_0,public_schedule_without_transaction_override,True,60,2024-03-29,complete
2024-03-29,0.00,0.00,0,1758669.32,last_posted_transaction_or_prior_closing_balance,,trusted,cn_public_2022_2026_cycles_1_0,public_schedule_without_transaction_override,True,61,2024-04-01,complete
2024-03-30,0.00,0.00,0,1758669.32,last_posted_transaction_or_prior_closing_balance,,trusted,cn_public_2022_2026_cycles_1_0,public_schedule_without_transaction_override,False,,,complete
2024-03-31,0.00,0.00,0,1758669.32,last_posted_transaction_or_prior_closing_balance,,trusted,cn_public_2022_2026_cycles_1_0,public_schedule_without_transaction_override,False,,,complete
2024-04-01,0.00,0.00,0,1758669.32,last_posted_transaction_or_prior_closing_balance,,trusted,cn_public_2022_2026_cycles_1_0,public_schedule_without_transaction_override,True,62,2024-04-02,complete
2024-04-02,0.00,16165.45,1,1742503.87,last_posted_transaction_or_prior_closing_balance,synb1_txn_cb440a9d1d05f4fd85b014a7,trusted,cn_public_2022_2026_cycles_1_0,public_schedule_without_transaction_override,True,63,2024-04-03,complete
2024-04-03,24562.42,0.00,1,1767066.29,last_posted_transaction_or_prior_closing_balance,synb1_txn_d7211c6c47de546d636b5098,trusted,cn_public_2022_2026_cycles_1_0,public_schedule_without_transaction_override,True,64,2024-04-07,complete
2024-04-04,24845.29,16863.44,3,1775048.14,last_posted_transaction_or_prior_closing_balance,synb1_txn_66f80b017653c5c2cfc3b3f0,trusted,cn_public_2022_2026_cycles_1_0,public_schedule_without_transaction_override,False,,,complete
2024-04-05,3450.79,5800.00,2,1772698.93,last_posted_transaction_or_prior_closing_balance,synb1_txn_d86a5da2aef7bcee15c08597,trusted,cn_public_2022_2026_cycles_1_0,public_schedule_without_transaction_override,False,,,complete
2024-04-06,0.00,0.00,0,1772698.93,last_posted_transaction_or_prior_closing_balance,,trusted,cn_public_2022_2026_cycles_1_0,public_schedule_without_transaction_override,False,,,complete
2024-04-07,7576.38,25000.00,2,1755275.31,last_posted_transaction_or_prior_closing_balance,synb1_txn_912bc0a18b0f2b5aa82dd629,trusted,cn_public_2022_2026_cycles_1_0,public_schedule_without_transaction_override,True,65,2024-04-08,complete
2024-04-08,8491.79,0.00,1,1763767.10,last_posted_transaction_or_prior_closing_balance,synb1_txn_6f53dba2a8b516251bad203c,trusted,cn_public_2022_2026_cycles_1_0,public_schedule_without_transaction_override,True,66,2024-04-09,complete
2024-04-09,0.00,0.00,0,1763767.10,last_posted_transaction_or_prior_closing_balance,,trusted,cn_public_2022_2026_cycles_1_0,public_schedule_without_transaction_override,True,67,2024-04-10,complete
2024-04-10,0.00,2684.86,2,1761082.24,last_posted_transaction_or_prior_closing_balance,synb1_txn_e0bd9052fb79e7cbd4f68845,trusted,cn_public_2022_2026_cycles_1_0,public_schedule_without_transaction_override,True,68,2024-04-11,complete
2024-04-11,10812.99,0.00,1,1771895.23,last_posted_transaction_or_prior_closing_balance,synb1_txn_63008314a0fb3276ced81dee,trusted,cn_public_2022_2026_cycles_1_0,public_schedule_without_transaction_override,True,69,2024-04-12,complete
2024-04-12,31937.66,0.00,1,1803832.89,last_posted_transaction_or_prior_closing_balance,synb1_txn_ce6e0ad44012f3c87d3dbe37,trusted,cn_public_2022_2026_cycles_1_0,public_schedule_without_transaction_override,True,70,2024-04-15,complete
2024-04-13,0.00,1303.03,1,1802529.86,last_posted_transaction_or_prior_closing_balance,synb1_txn_85e3fc6a31cbe662ab7fabaf,trusted,cn_public_2022_2026_cycles_1_0,public_schedule_without_transaction_override,False,,,complete
2024-04-14,5682.84,313.17,2,1807899.53,last_posted_transaction_or_prior_closing_balance,synb1_txn_6229e5c322aaa35a40b5c68e,trusted,cn_public_2022_2026_cycles_1_0,public_schedule_without_transaction_override,False,,,complete
2024-04-15,0.00,20220.00,1,1787679.53,last_posted_transaction_or_prior_closing_balance,synb1_txn_e9c3be65bd8b2c9e6cb7e8d4,trusted,cn_public_2022_2026_cycles_1_0,public_schedule_without_transaction_override,True,71,2024-04-16,complete
2024-04-16,4088.40,6939.96,2,1784827.97,last_posted_transaction_or_prior_closing_balance,synb1_txn_27d99a473dccc9efcea62330,trusted,cn_public_2022_2026_cycles_1_0,public_schedule_without_transaction_override,True,72,2024-04-17,complete
2024-04-17,18701.94,2472.84,2,1801057.07,last_posted_transaction_or_prior_closing_balance,synb1_txn_07121f98394e5679e4f92997,trusted,cn_public_2022_2026_cycles_1_0,public_schedule_without_transaction_override,True,73,2024-04-18,complete
2024-04-18,65848.48,68874.22,5,1798031.33,last_posted_transaction_or_prior_closing_balance,synb1_txn_59766c9f195c55b6b7b15e3c,trusted,cn_public_2022_2026_cycles_1_0,public_schedule_without_transaction_override,True,74,2024-04-19,complete
2024-04-19,23101.21,0.00,2,1821132.54,last_posted_transaction_or_prior_closing_balance,synb1_txn_b6300b8358592cbc28190304,trusted,cn_public_2022_2026_cycles_1_0,public_schedule_without_transaction_override,True,75,2024-04-22,complete
2024-04-20,24039.81,0.00,1,1845172.35,last_posted_transaction_or_prior_closing_balance,synb1_txn_f782c13cff4a9b85df2e972d,trusted,cn_public_2022_2026_cycles_1_0,public_schedule_without_transaction_override,False,,,complete
2024-04-21,0.00,1008.67,1,1844163.68,last_posted_transaction_or_prior_closing_balance,synb1_txn_2759427c01675c6086a3ae3b,trusted,cn_public_2022_2026_cycles_1_0,public_schedule_without_transaction_override,False,,,complete
2024-04-22,0.00,17066.04,2,1827097.64,last_posted_transaction_or_prior_closing_balance,synb1_txn_3dad84f784679991772ccf5b,trusted,cn_public_2022_2026_cycles_1_0,public_schedule_without_transaction_override,True,76,2024-04-23,complete
2024-04-23,0.00,0.00,0,1827097.64,last_posted_transaction_or_prior_closing_balance,,trusted,cn_public_2022_2026_cycles_1_0,public_schedule_without_transaction_override,True,77,2024-04-24,complete
2024-04-24,0.00,2106.71,1,1824990.93,last_posted_transaction_or_prior_closing_balance,synb1_txn_25ced34e5892d28c4fddeec1,trusted,cn_public_2022_2026_cycles_1_0,public_schedule_without_transaction_override,True,78,2024-04-25,complete
2024-04-25,0.00,3907.29,1,1821083.64,last_posted_transaction_or_prior_closing_balance,synb1_txn_d699f30b93817cc02da67763,trusted,cn_public_2022_2026_cycles_1_0,public_schedule_without_transaction_override,True,79,2024-04-26,complete
2024-04-26,0.00,0.00,0,1821083.64,last_posted_transaction_or_prior_closing_balance,,trusted,cn_public_2022_2026_cycles_1_0,public_schedule_without_transaction_override,True,80,2024-04-28,complete
2024-04-27,0.00,0.00,0,1821083.64,last_posted_transaction_or_prior_closing_balance,,trusted,cn_public_2022_2026_cycles_1_0,public_schedule_without_transaction_override,False,,,complete
2024-04-28,0.00,24193.83,1,1796889.81,last_posted_transaction_or_prior_closing_balance,synb1_txn_9b1df57f6a2c65b81789378b,trusted,cn_public_2022_2026_cycles_1_0,public_schedule_without_transaction_override,True,81,2024-04-29,complete
2024-04-29,0.00,0.00,0,1796889.81,last_posted_transaction_or_prior_closing_balance,,trusted,cn_public_2022_2026_cycles_1_0,public_schedule_without_transaction_override,True,82,2024-04-30,complete
2024-04-30,0.00,0.00,0,1796889.81,last_posted_transaction_or_prior_closing_balance,,trusted,cn_public_2022_2026_cycles_1_0,public_schedule_without_transaction_override,True,83,2024-05-06,complete
2024-05-01,0.00,0.00,0,1796889.81,last_posted_transaction_or_prior_closing_balance,,trusted,cn_public_2022_2026_cycles_1_0,public_schedule_without_transaction_override,False,,,complete
2024-05-02,0.00,0.00,0,1796889.81,last_posted_transaction_or_prior_closing_balance,,trusted,cn_public_2022_2026_cycles_1_0,public_schedule_without_transaction_override,False,,,complete
2024-05-03,29148.49,0.00,1,1826038.30,last_posted_transaction_or_prior_closing_balance,synb1_txn_3f17cc7459ea6bfc93fa6931,trusted,cn_public_2022_2026_cycles_1_0,public_schedule_without_transaction_override,False,,,complete
2024-05-04,40671.45,13953.20,3,1852756.55,last_posted_transaction_or_prior_closing_balance,synb1_txn_c2d97e0c31ade353888ea809,trusted,cn_public_2022_2026_cycles_1_0,public_schedule_without_transaction_override,False,,,complete
2024-05-05,0.00,5800.00,1,1846956.55,last_posted_transaction_or_prior_closing_balance,synb1_txn_e6f64b74734f387dc977587b,trusted,cn_public_2022_2026_cycles_1_0,public_schedule_without_transaction_override,False,,,complete
2024-05-06,0.00,0.00,0,1846956.55,last_posted_transaction_or_prior_closing_balance,,trusted,cn_public_2022_2026_cycles_1_0,public_schedule_without_transaction_override,True,84,2024-05-07,complete
2024-05-07,0.00,25000.00,1,1821956.55,last_posted_transaction_or_prior_closing_balance,synb1_txn_fa5f79155a194dff13f900e5,trusted,cn_public_2022_2026_cycles_1_0,public_schedule_without_transaction_override,True,85,2024-05-08,complete
2024-05-08,0.00,27023.35,1,1794933.20,last_posted_transaction_or_prior_closing_balance,synb1_txn_bd3631990b2b2c60706607cc,trusted,cn_public_2022_2026_cycles_1_0,public_schedule_without_transaction_override,True,86,2024-05-09,complete
2024-05-09,0.00,0.00,0,1794933.20,last_posted_transaction_or_prior_closing_balance,,trusted,cn_public_2022_2026_cycles_1_0,public_schedule_without_transaction_override,True,87,2024-05-10,complete
2024-05-10,0.00,69.58,1,1794863.62,last_posted_transaction_or_prior_closing_balance,synb1_txn_1771feb7053bf5a0ee476ecf,trusted,cn_public_2022_2026_cycles_1_0,public_schedule_without_transaction_override,True,88,2024-05-11,complete
2024-05-11,0.00,0.00,0,1794863.62,last_posted_transaction_or_prior_closing_balance,,trusted,cn_public_2022_2026_cycles_1_0,public_schedule_without_transaction_override,True,89,2024-05-13,complete
2024-05-12,5014.12,0.00,1,1799877.74,last_posted_transaction_or_prior_closing_balance,synb1_txn_0b1d56ff115b468aa7f7e09e,trusted,cn_public_2022_2026_cycles_1_0,public_schedule_without_transaction_override,False,,,complete
2024-05-13,0.00,4430.42,1,1795447.32,last_posted_transaction_or_prior_closing_balance,synb1_txn_58bb99d787a07e21d0ba84dc,trusted,cn_public_2022_2026_cycles_1_0,public_schedule_without_transaction_override,True,90,2024-05-14,complete
2024-05-14,0.00,23574.38,1,1771872.94,last_posted_transaction_or_prior_closing_balance,synb1_txn_0879ec6590e992ac614698b5,trusted,cn_public_2022_2026_cycles_1_0,public_schedule_without_transaction_override,True,91,2024-05-15,complete
2024-05-15,0.00,10799.75,1,1761073.19,last_posted_transaction_or_prior_closing_balance,synb1_txn_48a9f9a192ea8b2168578155,trusted,cn_public_2022_2026_cycles_1_0,public_schedule_without_transaction_override,True,92,2024-05-16,complete
2024-05-16,0.00,0.00,0,1761073.19,last_posted_transaction_or_prior_closing_balance,,trusted,cn_public_2022_2026_cycles_1_0,public_schedule_without_transaction_override,True,93,2024-05-17,complete
2024-05-17,86546.04,37078.21,2,1810541.02,last_posted_transaction_or_prior_closing_balance,synb1_txn_afcd74306899dba707c1b106,trusted,cn_public_2022_2026_cycles_1_0,public_schedule_without_transaction_override,True,94,2024-05-20,complete
2024-05-18,13985.81,0.00,1,1824526.83,last_posted_transaction_or_prior_closing_balance,synb1_txn_9ad8d373600afac94862c257,trusted,cn_public_2022_2026_cycles_1_0,public_schedule_without_transaction_override,False,,,complete
2024-05-19,54048.46,10362.40,2,1868212.89,last_posted_transaction_or_prior_closing_balance,synb1_txn_97707aafd2b7e7ad94127883,trusted,cn_public_2022_2026_cycles_1_0,public_schedule_without_transaction_override,False,,,complete
2024-05-20,103547.36,12809.05,5,1958951.20,last_posted_transaction_or_prior_closing_balance,synb1_txn_fff070bf3eee35c1314d1401,trusted,cn_public_2022_2026_cycles_1_0,public_schedule_without_transaction_override,True,95,2024-05-21,complete
2024-05-21,0.00,15190.39,1,1943760.81,last_posted_transaction_or_prior_closing_balance,synb1_txn_4278ffcf612bbaf9489f6ba6,trusted,cn_public_2022_2026_cycles_1_0,public_schedule_without_transaction_override,True,96,2024-05-22,complete
2024-05-22,1498.27,0.00,1,1945259.08,last_posted_transaction_or_prior_closing_balance,synb1_txn_406ae3d3dc5e4cc60e57124d,trusted,cn_public_2022_2026_cycles_1_0,public_schedule_without_transaction_override,True,97,2024-05-23,complete
2024-05-23,0.00,0.00,0,1945259.08,last_posted_transaction_or_prior_closing_balance,,trusted,cn_public_2022_2026_cycles_1_0,public_schedule_without_transaction_override,True,98,2024-05-24,complete
2024-05-24,0.00,0.00,0,1945259.08,last_posted_transaction_or_prior_closing_balance,,trusted,cn_public_2022_2026_cycles_1_0,public_schedule_without_transaction_override,True,99,2024-05-27,complete
2024-05-25,0.00,59258.73,1,1886000.35,last_posted_transaction_or_prior_closing_balance,synb1_txn_befe55908023decb63387079,trusted,cn_public_2022_2026_cycles_1_0,public_schedule_without_transaction_override,False,,,complete
2024-05-26,0.00,15734.73,1,1870265.62,last_posted_transaction_or_prior_closing_balance,synb1_txn_3f5705395154d3e870b4d149,trusted,cn_public_2022_2026_cycles_1_0,public_schedule_without_transaction_override,False,,,complete
2024-05-27,0.00,0.00,0,1870265.62,last_posted_transaction_or_prior_closing_balance,,trusted,cn_public_2022_2026_cycles_1_0,public_schedule_without_transaction_override,True,100,2024-05-28,complete
2024-05-28,0.00,15662.06,1,1854603.56,last_posted_transaction_or_prior_closing_balance,synb1_txn_1b0b4e101717572ce279b945,trusted,cn_public_2022_2026_cycles_1_0,public_schedule_without_transaction_override,True,101,2024-05-29,complete
2024-05-29,0.00,0.00,0,1854603.56,last_posted_transaction_or_prior_closing_balance,,trusted,cn_public_2022_2026_cycles_1_0,public_schedule_without_transaction_override,True,102,2024-05-30,complete
2024-05-30,0.00,0.00,0,1854603.56,last_posted_transaction_or_prior_closing_balance,,trusted,cn_public_2022_2026_cycles_1_0,public_schedule_without_transaction_override,True,103,2024-05-31,complete
2024-05-31,0.00,0.00,0,1854603.56,last_posted_transaction_or_prior_closing_balance,,trusted,cn_public_2022_2026_cycles_1_0,public_schedule_without_transaction_override,True,104,2024-06-03,complete
2024-06-01,0.00,0.00,0,1854603.56,last_posted_transaction_or_prior_closing_balance,,trusted,cn_public_2022_2026_cycles_1_0,public_schedule_without_transaction_override,False,,,complete
2024-06-02,0.00,0.00,0,1854603.56,last_posted_transaction_or_prior_closing_balance,,trusted,cn_public_2022_2026_cycles_1_0,public_schedule_without_transaction_override,False,,,complete
2024-06-03,0.00,0.00,0,1854603.56,last_posted_transaction_or_prior_closing_balance,,trusted,cn_public_2022_2026_cycles_1_0,public_schedule_without_transaction_override,True,105,2024-06-04,complete
2024-06-04,0.00,0.00,0,1854603.56,last_posted_transaction_or_prior_closing_balance,,trusted,cn_public_2022_2026_cycles_1_0,public_schedule_without_transaction_override,True,106,2024-06-05,complete
2024-06-05,58663.31,28185.45,4,1885081.42,last_posted_transaction_or_prior_closing_balance,synb1_txn_233971bf1f05c3250fe32930,trusted,cn_public_2022_2026_cycles_1_0,public_schedule_without_transaction_override,True,107,2024-06-06,complete
2024-06-06,16805.08,556.14,2,1901330.36,last_posted_transaction_or_prior_closing_balance,synb1_txn_8e08b231bbefe69478dad0cc,trusted,cn_public_2022_2026_cycles_1_0,public_schedule_without_transaction_override,True,108,2024-06-07,complete
2024-06-07,0.00,25013.63,2,1876316.73,last_posted_transaction_or_prior_closing_balance,synb1_txn_fa018bda2f131cd71329582e,trusted,cn_public_2022_2026_cycles_1_0,public_schedule_without_transaction_override,True,109,2024-06-11,complete
2024-06-08,75676.72,0.00,1,1951993.45,last_posted_transaction_or_prior_closing_balance,synb1_txn_7dff4daf38f5134ae870e4df,trusted,cn_public_2022_2026_cycles_1_0,public_schedule_without_transaction_override,False,,,complete
2024-06-09,0.00,0.00,0,1951993.45,last_posted_transaction_or_prior_closing_balance,,trusted,cn_public_2022_2026_cycles_1_0,public_schedule_without_transaction_override,False,,,complete
2024-06-10,40600.32,22853.47,3,1969740.30,last_posted_transaction_or_prior_closing_balance,synb1_txn_9fab7ca72c6efd0ee54d5cd5,trusted,cn_public_2022_2026_cycles_1_0,public_schedule_without_transaction_override,False,,,complete
2024-06-11,5435.35,34080.14,2,1941095.51,last_posted_transaction_or_prior_closing_balance,synb1_txn_e0013bca9abc462693f177a3,trusted,cn_public_2022_2026_cycles_1_0,public_schedule_without_transaction_override,True,110,2024-06-12,complete
2024-06-12,14402.53,0.00,1,1955498.04,last_posted_transaction_or_prior_closing_balance,synb1_txn_07505dc4e06b874e969aa679,trusted,cn_public_2022_2026_cycles_1_0,public_schedule_without_transaction_override,True,111,2024-06-13,complete
2024-06-13,14823.26,0.00,1,1970321.30,last_posted_transaction_or_prior_closing_balance,synb1_txn_29752fc8b9af1ca3629c5f1e,trusted,cn_public_2022_2026_cycles_1_0,public_schedule_without_transaction_override,True,112,2024-06-14,complete
2024-06-14,0.00,0.00,0,1970321.30,last_posted_transaction_or_prior_closing_balance,,trusted,cn_public_2022_2026_cycles_1_0,public_schedule_without_transaction_override,True,113,2024-06-17,complete
2024-06-15,0.00,6105.04,2,1964216.26,last_posted_transaction_or_prior_closing_balance,synb1_txn_8f374964659181cafcc66e77,trusted,cn_public_2022_2026_cycles_1_0,public_schedule_without_transaction_override,False,,,complete
2024-06-16,0.00,1128.24,1,1963088.02,last_posted_transaction_or_prior_closing_balance,synb1_txn_a1679030a4a28041e448f533,trusted,cn_public_2022_2026_cycles_1_0,public_schedule_without_transaction_override,False,,,complete
2024-06-17,0.00,0.00,0,1963088.02,last_posted_transaction_or_prior_closing_balance,,trusted,cn_public_2022_2026_cycles_1_0,public_schedule_without_transaction_override,True,114,2024-06-18,complete
2024-06-18,0.00,22013.47,3,1941074.55,last_posted_transaction_or_prior_closing_balance,synb1_txn_edc790afd333d539fcff5370,trusted,cn_public_2022_2026_cycles_1_0,public_schedule_without_transaction_override,True,115,2024-06-19,complete
2024-06-19,12393.10,2267.64,2,1951200.01,last_posted_transaction_or_prior_closing_balance,synb1_txn_4225be8268ca2236b80c6710,trusted,cn_public_2022_2026_cycles_1_0,public_schedule_without_transaction_override,True,116,2024-06-20,complete
2024-06-20,0.00,20256.75,1,1930943.26,last_posted_transaction_or_prior_closing_balance,synb1_txn_71fbc5a55422aa26029b2c16,trusted,cn_public_2022_2026_cycles_1_0,public_schedule_without_transaction_override,True,117,2024-06-21,complete
2024-06-21,0.00,0.00,0,1930943.26,last_posted_transaction_or_prior_closing_balance,,trusted,cn_public_2022_2026_cycles_1_0,public_schedule_without_transaction_override,True,118,2024-06-24,complete
2024-06-22,0.00,44254.46,2,1886688.80,last_posted_transaction_or_prior_closing_balance,synb1_txn_67d74cd4cf59f15e7bb19900,trusted,cn_public_2022_2026_cycles_1_0,public_schedule_without_transaction_override,False,,,complete
2024-06-23,0.00,19148.16,2,1867540.64,last_posted_transaction_or_prior_closing_balance,synb1_txn_e3f42ab18be0d7822de2990d,trusted,cn_public_2022_2026_cycles_1_0,public_schedule_without_transaction_override,False,,,complete
2024-06-24,51700.33,729.59,4,1918511.38,last_posted_transaction_or_prior_closing_balance,synb1_txn_179a95479cbbaebf0bf16908,trusted,cn_public_2022_2026_cycles_1_0,public_schedule_without_transaction_override,True,119,2024-06-25,complete
2024-06-25,0.00,0.00,0,1918511.38,last_posted_transaction_or_prior_closing_balance,,trusted,cn_public_2022_2026_cycles_1_0,public_schedule_without_transaction_override,True,120,2024-06-26,complete
2024-06-26,0.00,0.00,0,1918511.38,last_posted_transaction_or_prior_closing_balance,,trusted,cn_public_2022_2026_cycles_1_0,public_schedule_without_transaction_override,True,121,2024-06-27,complete
2024-06-27,0.00,0.00,0,1918511.38,last_posted_transaction_or_prior_closing_balance,,trusted,cn_public_2022_2026_cycles_1_0,public_schedule_without_transaction_override,True,122,2024-06-28,complete
2024-06-28,0.00,12353.29,1,1906158.09,last_posted_transaction_or_prior_closing_balance,synb1_txn_47e22e8a13f58fbf37d75f2d,trusted,cn_public_2022_2026_cycles_1_0,public_schedule_without_transaction_override,True,123,2024-07-01,complete
2024-06-29,0.00,0.00,0,1906158.09,last_posted_transaction_or_prior_closing_balance,,trusted,cn_public_2022_2026_cycles_1_0,public_schedule_without_transaction_override,False,,,complete
2024-06-30,0.00,0.00,0,1906158.09,last_posted_transaction_or_prior_closing_balance,,trusted,cn_public_2022_2026_cycles_1_0,public_schedule_without_transaction_override,False,,,complete
2024-07-01,0.00,0.00,0,1906158.09,last_posted_transaction_or_prior_closing_balance,,trusted,cn_public_2022_2026_cycles_1_0,public_schedule_without_transaction_override,True,124,2024-07-02,complete
2024-07-02,0.00,0.00,0,1906158.09,last_posted_transaction_or_prior_closing_balance,,trusted,cn_public_2022_2026_cycles_1_0,public_schedule_without_transaction_override,True,125,2024-07-03,complete
2024-07-03,0.00,0.00,0,1906158.09,last_posted_transaction_or_prior_closing_balance,,trusted,cn_public_2022_2026_cycles_1_0,public_schedule_without_transaction_override,True,126,2024-07-04,complete
2024-07-04,0.00,11399.85,1,1894758.24,last_posted_transaction_or_prior_closing_balance,synb1_txn_e2c5f8762f09c4bbe1f09ca9,trusted,cn_public_2022_2026_cycles_1_0,public_schedule_without_transaction_override,True,127,2024-07-05,complete
2024-07-05,0.00,5800.00,1,1888958.24,last_posted_transaction_or_prior_closing_balance,synb1_txn_1d708ea019a9841454a739fe,trusted,cn_public_2022_2026_cycles_1_0,public_schedule_without_transaction_override,True,128,2024-07-08,complete
2024-07-06,0.00,12658.50,1,1876299.74,last_posted_transaction_or_prior_closing_balance,synb1_txn_07c99fe33da81ec14472fbfc,trusted,cn_public_2022_2026_cycles_1_0,public_schedule_without_transaction_override,False,,,complete
2024-07-07,0.00,34153.92,2,1842145.82,last_posted_transaction_or_prior_closing_balance,synb1_txn_93541e0143e7f7dfda15a607,trusted,cn_public_2022_2026_cycles_1_0,public_schedule_without_transaction_override,False,,,complete
2024-07-08,21109.96,214598.20,3,1648657.58,last_posted_transaction_or_prior_closing_balance,synb1_txn_64c4f942c697dee4d7b6e33a,trusted,cn_public_2022_2026_cycles_1_0,public_schedule_without_transaction_override,True,129,2024-07-09,complete
2024-07-09,0.00,0.00,0,1648657.58,last_posted_transaction_or_prior_closing_balance,,trusted,cn_public_2022_2026_cycles_1_0,public_schedule_without_transaction_override,True,130,2024-07-10,complete
2024-07-10,0.00,0.00,0,1648657.58,last_posted_transaction_or_prior_closing_balance,,trusted,cn_public_2022_2026_cycles_1_0,public_schedule_without_transaction_override,True,131,2024-07-11,complete
2024-07-11,0.00,0.00,0,1648657.58,last_posted_transaction_or_prior_closing_balance,,trusted,cn_public_2022_2026_cycles_1_0,public_schedule_without_transaction_override,True,132,2024-07-12,complete
2024-07-12,0.00,0.00,0,1648657.58,last_posted_transaction_or_prior_closing_balance,,trusted,cn_public_2022_2026_cycles_1_0,public_schedule_without_transaction_override,True,133,2024-07-15,complete
2024-07-13,9950.53,0.00,1,1658608.11,last_posted_transaction_or_prior_closing_balance,synb1_txn_7048b4b573bc9bc616616876,trusted,cn_public_2022_2026_cycles_1_0,public_schedule_without_transaction_override,False,,,complete
2024-07-14,135166.16,8648.11,3,1785126.16,last_posted_transaction_or_prior_closing_balance,synb1_txn_12ec1640852b38a8ff5423b1,trusted,cn_public_2022_2026_cycles_1_0,public_schedule_without_transaction_override,False,,,complete
2024-07-15,0.00,0.00,0,1785126.16,last_posted_transaction_or_prior_closing_balance,,trusted,cn_public_2022_2026_cycles_1_0,public_schedule_without_transaction_override,True,134,2024-07-16,complete
2024-07-16,0.00,351.89,1,1784774.27,last_posted_transaction_or_prior_closing_balance,synb1_txn_4b07eecdec838a7c47ef42b0,trusted,cn_public_2022_2026_cycles_1_0,public_schedule_without_transaction_override,True,135,2024-07-17,complete
2024-07-17,0.00,0.00,0,1784774.27,last_posted_transaction_or_prior_closing_balance,,trusted,cn_public_2022_2026_cycles_1_0,public_schedule_without_transaction_override,True,136,2024-07-18,complete
2024-07-18,2016.82,10238.59,4,1776552.50,last_posted_transaction_or_prior_closing_balance,synb1_txn_f2b6c60fd54ed98b83e58e63,trusted,cn_public_2022_2026_cycles_1_0,public_schedule_without_transaction_override,True,137,2024-07-19,complete
2024-07-19,0.00,0.00,0,1776552.50,last_posted_transaction_or_prior_closing_balance,,trusted,cn_public_2022_2026_cycles_1_0,public_schedule_without_transaction_override,True,138,2024-07-22,complete
2024-07-20,22364.40,0.00,2,1798916.90,last_posted_transaction_or_prior_closing_balance,synb1_txn_f8f222ec72fdd6e211867e14,trusted,cn_public_2022_2026_cycles_1_0,public_schedule_without_transaction_override,False,,,complete
2024-07-21,0.00,0.00,0,1798916.90,last_posted_transaction_or_prior_closing_balance,,trusted,cn_public_2022_2026_cycles_1_0,public_schedule_without_transaction_override,False,,,complete
2024-07-22,12824.85,136116.14,2,1675625.61,last_posted_transaction_or_prior_closing_balance,synb1_txn_661ccb8e9682080e86738058,trusted,cn_public_2022_2026_cycles_1_0,public_schedule_without_transaction_override,True,139,2024-07-23,complete
2024-07-23,14.40,0.00,1,1675640.01,last_posted_transaction_or_prior_closing_balance,synb1_txn_e1c32803aad0b5325a6f988d,trusted,cn_public_2022_2026_cycles_1_0,public_schedule_without_transaction_override,True,140,2024-07-24,complete
2024-07-24,13539.65,0.00,1,1689179.66,last_posted_transaction_or_prior_closing_balance,synb1_txn_f765a93f25311dbd624d0082,trusted,cn_public_2022_2026_cycles_1_0,public_schedule_without_transaction_override,True,141,2024-07-25,complete
2024-07-25,0.00,101766.20,1,1587413.46,last_posted_transaction_or_prior_closing_balance,synb1_txn_44a6f40db877d31c55b8cdce,trusted,cn_public_2022_2026_cycles_1_0,public_schedule_without_transaction_override,True,142,2024-07-26,complete
2024-07-26,14095.85,91695.34,4,1509813.97,last_posted_transaction_or_prior_closing_balance,synb1_txn_5d3e77a4b1ca6a1a33dfaeba,trusted,cn_public_2022_2026_cycles_1_0,public_schedule_without_transaction_override,True,143,2024-07-29,complete
2024-07-27,11162.38,39119.25,2,1481857.10,last_posted_transaction_or_prior_closing_balance,synb1_txn_2ab9872bce355f2422f14ef9,trusted,cn_public_2022_2026_cycles_1_0,public_schedule_without_transaction_override,False,,,complete
2024-07-28,0.00,0.00,0,1481857.10,last_posted_transaction_or_prior_closing_balance,,trusted,cn_public_2022_2026_cycles_1_0,public_schedule_without_transaction_override,False,,,complete
2024-07-29,0.00,0.00,0,1481857.10,last_posted_transaction_or_prior_closing_balance,,trusted,cn_public_2022_2026_cycles_1_0,public_schedule_without_transaction_override,True,144,2024-07-30,complete
2024-07-30,0.00,0.00,0,1481857.10,last_posted_transaction_or_prior_closing_balance,,trusted,cn_public_2022_2026_cycles_1_0,public_schedule_without_transaction_override,True,145,2024-07-31,complete
2024-07-31,0.00,0.00,0,1481857.10,last_posted_transaction_or_prior_closing_balance,,trusted,cn_public_2022_2026_cycles_1_0,public_schedule_without_transaction_override,True,146,2024-08-01,complete
2024-08-01,0.00,0.00,0,1481857.10,last_posted_transaction_or_prior_closing_balance,,trusted,cn_public_2022_2026_cycles_1_0,public_schedule_without_transaction_override,True,147,2024-08-02,complete
2024-08-02,10672.93,0.00,1,1492530.03,last_posted_transaction_or_prior_closing_balance,synb1_txn_9b537845c660da0fb807dddf,trusted,cn_public_2022_2026_cycles_1_0,public_schedule_without_transaction_override,True,148,2024-08-05,complete
2024-08-03,0.00,0.00,0,1492530.03,last_posted_transaction_or_prior_closing_balance,,trusted,cn_public_2022_2026_cycles_1_0,public_schedule_without_transaction_override,False,,,complete
2024-08-04,0.00,0.00,0,1492530.03,last_posted_transaction_or_prior_closing_balance,,trusted,cn_public_2022_2026_cycles_1_0,public_schedule_without_transaction_override,False,,,complete
2024-08-05,0.00,5800.00,1,1486730.03,last_posted_transaction_or_prior_closing_balance,synb1_txn_e6ce98653ab0d5897e515f97,trusted,cn_public_2022_2026_cycles_1_0,public_schedule_without_transaction_override,True,149,2024-08-06,complete
2024-08-06,0.00,23135.22,2,1463594.81,last_posted_transaction_or_prior_closing_balance,synb1_txn_a65ffbe71fc1884163472a58,trusted,cn_public_2022_2026_cycles_1_0,public_schedule_without_transaction_override,True,150,2024-08-07,complete
2024-08-07,0.00,31000.00,1,1432594.81,last_posted_transaction_or_prior_closing_balance,synb1_txn_7e2207996f412192f567846c,trusted,cn_public_2022_2026_cycles_1_0,public_schedule_without_transaction_override,True,151,2024-08-08,complete
2024-08-08,14483.55,0.00,1,1447078.36,last_posted_transaction_or_prior_closing_balance,synb1_txn_14d9b6a3c2f97c7e2468b20b,trusted,cn_public_2022_2026_cycles_1_0,public_schedule_without_transaction_override,True,152,2024-08-09,complete
2024-08-09,0.00,50206.12,1,1396872.24,last_posted_transaction_or_prior_closing_balance,synb1_txn_77c7156f08531be8d23ed8fc,trusted,cn_public_2022_2026_cycles_1_0,public_schedule_without_transaction_override,True,153,2024-08-12,complete
2024-08-10,0.00,14979.54,2,1381892.70,last_posted_transaction_or_prior_closing_balance,synb1_txn_dfae69951623b7b33cfd0ae8,trusted,cn_public_2022_2026_cycles_1_0,public_schedule_without_transaction_override,False,,,complete
2024-08-11,0.00,0.00,0,1381892.70,last_posted_transaction_or_prior_closing_balance,,trusted,cn_public_2022_2026_cycles_1_0,public_schedule_without_transaction_override,False,,,complete
2024-08-12,0.00,0.00,0,1381892.70,last_posted_transaction_or_prior_closing_balance,,trusted,cn_public_2022_2026_cycles_1_0,public_schedule_without_transaction_override,True,154,2024-08-13,complete
2024-08-13,0.00,0.00,0,1381892.70,last_posted_transaction_or_prior_closing_balance,,trusted,cn_public_2022_2026_cycles_1_0,public_schedule_without_transaction_override,True,155,2024-08-14,complete
2024-08-14,893.64,0.00,1,1382786.34,last_posted_transaction_or_prior_closing_balance,synb1_txn_239d17df47cd1d3628ffe407,trusted,cn_public_2022_2026_cycles_1_0,public_schedule_without_transaction_override,True,156,2024-08-15,complete
2024-08-15,0.00,14388.16,2,1368398.18,last_posted_transaction_or_prior_closing_balance,synb1_txn_fe8b6fc68523b27c87fc2ac0,trusted,cn_public_2022_2026_cycles_1_0,public_schedule_without_transaction_override,True,157,2024-08-16,complete
2024-08-16,0.00,0.00,0,1368398.18,last_posted_transaction_or_prior_closing_balance,,trusted,cn_public_2022_2026_cycles_1_0,public_schedule_without_transaction_override,True,158,2024-08-19,complete
2024-08-17,19737.98,0.00,1,1388136.16,last_posted_transaction_or_prior_closing_balance,synb1_txn_b01b71dc3946429c33cd9bf2,trusted,cn_public_2022_2026_cycles_1_0,public_schedule_without_transaction_override,False,,,complete
2024-08-18,36968.41,0.00,1,1425104.57,last_posted_transaction_or_prior_closing_balance,synb1_txn_c47f42ec72f01354f2b5641e,trusted,cn_public_2022_2026_cycles_1_0,public_schedule_without_transaction_override,False,,,complete
2024-08-19,0.00,68639.19,3,1356465.38,last_posted_transaction_or_prior_closing_balance,synb1_txn_27301eafa749a63503d51a06,trusted,cn_public_2022_2026_cycles_1_0,public_schedule_without_transaction_override,True,159,2024-08-20,complete
2024-08-20,15275.08,0.00,1,1371740.46,last_posted_transaction_or_prior_closing_balance,synb1_txn_518fcca6398357babc5a51e7,trusted,cn_public_2022_2026_cycles_1_0,public_schedule_without_transaction_override,True,160,2024-08-21,complete
2024-08-21,384.98,0.00,1,1372125.44,last_posted_transaction_or_prior_closing_balance,synb1_txn_e2a0da7af56ce189ae2ac859,trusted,cn_public_2022_2026_cycles_1_0,public_schedule_without_transaction_override,True,161,2024-08-22,complete
2024-08-22,6019.43,0.00,1,1378144.87,last_posted_transaction_or_prior_closing_balance,synb1_txn_3b74dbb4a5aeef0ae7ab355b,trusted,cn_public_2022_2026_cycles_1_0,public_schedule_without_transaction_override,True,162,2024-08-23,complete
2024-08-23,0.00,0.00,0,1378144.87,last_posted_transaction_or_prior_closing_balance,,trusted,cn_public_2022_2026_cycles_1_0,public_schedule_without_transaction_override,True,163,2024-08-26,complete
2024-08-24,0.00,5359.27,1,1372785.60,last_posted_transaction_or_prior_closing_balance,synb1_txn_6052e314cf40fbb6220ddec3,trusted,cn_public_2022_2026_cycles_1_0,public_schedule_without_transaction_override,False,,,complete
2024-08-25,0.00,0.00,0,1372785.60,last_posted_transaction_or_prior_closing_balance,,trusted,cn_public_2022_2026_cycles_1_0,public_schedule_without_transaction_override,False,,,complete
2024-08-26,0.00,4036.11,1,1368749.49,last_posted_transaction_or_prior_closing_balance,synb1_txn_dbddb702818f56b0e7d1bb71,trusted,cn_public_2022_2026_cycles_1_0,public_schedule_without_transaction_override,True,164,2024-08-27,complete
2024-08-27,0.00,0.00,0,1368749.49,last_posted_transaction_or_prior_closing_balance,,trusted,cn_public_2022_2026_cycles_1_0,public_schedule_without_transaction_override,True,165,2024-08-28,complete
2024-08-28,0.00,285754.23,1,1082995.26,last_posted_transaction_or_prior_closing_balance,synb1_txn_bdf95e9af4d32b8ea98b7224,trusted,cn_public_2022_2026_cycles_1_0,public_schedule_without_transaction_override,True,166,2024-08-29,complete
2024-08-29,0.00,0.00,0,1082995.26,last_posted_transaction_or_prior_closing_balance,,trusted,cn_public_2022_2026_cycles_1_0,public_schedule_without_transaction_override,True,167,2024-08-30,complete
2024-08-30,0.00,0.00,0,1082995.26,last_posted_transaction_or_prior_closing_balance,,trusted,cn_public_2022_2026_cycles_1_0,public_schedule_without_transaction_override,True,168,2024-09-02,complete
2024-08-31,0.00,0.00,0,1082995.26,last_posted_transaction_or_prior_closing_balance,,trusted,cn_public_2022_2026_cycles_1_0,public_schedule_without_transaction_override,False,,,complete
2024-09-01,0.00,0.00,0,1082995.26,last_posted_transaction_or_prior_closing_balance,,trusted,cn_public_2022_2026_cycles_1_0,public_schedule_without_transaction_override,False,,,complete
2024-09-02,84546.24,23217.82,3,1144323.68,last_posted_transaction_or_prior_closing_balance,synb1_txn_3b8ccc8d6dc162ce4ab1c7c4,trusted,cn_public_2022_2026_cycles_1_0,public_schedule_without_transaction_override,True,169,2024-09-03,complete
2024-09-03,0.00,74448.36,1,1069875.32,last_posted_transaction_or_prior_closing_balance,synb1_txn_71e220c9154ed3977ab2c117,trusted,cn_public_2022_2026_cycles_1_0,public_schedule_without_transaction_override,True,170,2024-09-04,complete
2024-09-04,79320.54,302.97,2,1148892.89,last_posted_transaction_or_prior_closing_balance,synb1_txn_b969d7eabf7de933d0beb6b4,trusted,cn_public_2022_2026_cycles_1_0,public_schedule_without_transaction_override,True,171,2024-09-05,complete
2024-09-05,0.00,5800.00,1,1143092.89,last_posted_transaction_or_prior_closing_balance,synb1_txn_b00a0091312a0803e6e46ba6,trusted,cn_public_2022_2026_cycles_1_0,public_schedule_without_transaction_override,True,172,2024-09-06,complete
2024-09-06,0.00,132547.18,1,1010545.71,last_posted_transaction_or_prior_closing_balance,synb1_txn_3146639e2f2bdc9e0ca7359d,trusted,cn_public_2022_2026_cycles_1_0,public_schedule_without_transaction_override,True,173,2024-09-09,complete
2024-09-07,1122.32,31000.00,2,980668.03,last_posted_transaction_or_prior_closing_balance,synb1_txn_6a75b37968f0206d88559b3a,trusted,cn_public_2022_2026_cycles_1_0,public_schedule_without_transaction_override,False,,,complete
2024-09-08,0.00,34963.37,1,945704.66,last_posted_transaction_or_prior_closing_balance,synb1_txn_f0a745a67cb4953de3cea155,trusted,cn_public_2022_2026_cycles_1_0,public_schedule_without_transaction_override,False,,,complete
2024-09-09,9680.07,0.00,1,955384.73,last_posted_transaction_or_prior_closing_balance,synb1_txn_621f7c572f6fe88ab94989e6,trusted,cn_public_2022_2026_cycles_1_0,public_schedule_without_transaction_override,True,174,2024-09-10,complete
2024-09-10,31890.60,0.00,1,987275.33,last_posted_transaction_or_prior_closing_balance,synb1_txn_be9ca87c7cb7522066741f0f,trusted,cn_public_2022_2026_cycles_1_0,public_schedule_without_transaction_override,True,175,2024-09-11,complete
2024-09-11,18054.97,1021.96,2,1004308.34,last_posted_transaction_or_prior_closing_balance,synb1_txn_6b7ccebb4f9aad0e059d5143,trusted,cn_public_2022_2026_cycles_1_0,public_schedule_without_transaction_override,True,176,2024-09-12,complete
2024-09-12,27016.11,0.00,1,1031324.45,last_posted_transaction_or_prior_closing_balance,synb1_txn_79cc2be40db0f9d7705d39eb,trusted,cn_public_2022_2026_cycles_1_0,public_schedule_without_transaction_override,True,177,2024-09-13,complete
2024-09-13,0.00,0.00,0,1031324.45,last_posted_transaction_or_prior_closing_balance,,trusted,cn_public_2022_2026_cycles_1_0,public_schedule_without_transaction_override,True,178,2024-09-14,complete
2024-09-14,0.00,0.00,0,1031324.45,last_posted_transaction_or_prior_closing_balance,,trusted,cn_public_2022_2026_cycles_1_0,public_schedule_without_transaction_override,True,179,2024-09-18,complete
2024-09-15,58759.28,0.00,1,1090083.73,last_posted_transaction_or_prior_closing_balance,synb1_txn_5617503bdec3914f85e7caf4,trusted,cn_public_2022_2026_cycles_1_0,public_schedule_without_transaction_override,False,,,complete
2024-09-16,0.00,0.00,0,1090083.73,last_posted_transaction_or_prior_closing_balance,,trusted,cn_public_2022_2026_cycles_1_0,public_schedule_without_transaction_override,False,,,complete
2024-09-17,74168.55,0.00,1,1164252.28,last_posted_transaction_or_prior_closing_balance,synb1_txn_ed3fe745ad416909ac564da0,trusted,cn_public_2022_2026_cycles_1_0,public_schedule_without_transaction_override,False,,,complete
2024-09-18,0.00,4332.16,2,1159920.12,last_posted_transaction_or_prior_closing_balance,synb1_txn_a50a724908befe653c815cb5,trusted,cn_public_2022_2026_cycles_1_0,public_schedule_without_transaction_override,True,180,2024-09-19,complete
2024-09-19,81044.68,0.00,1,1240964.80,last_posted_transaction_or_prior_closing_balance,synb1_txn_abdad5b2aa2847fa352ccffd,trusted,cn_public_2022_2026_cycles_1_0,public_schedule_without_transaction_override,True,181,2024-09-20,complete
2024-09-20,0.00,0.00,0,1240964.80,last_posted_transaction_or_prior_closing_balance,,trusted,cn_public_2022_2026_cycles_1_0,public_schedule_without_transaction_override,True,182,2024-09-23,complete
2024-09-21,0.00,0.00,0,1240964.80,last_posted_transaction_or_prior_closing_balance,,trusted,cn_public_2022_2026_cycles_1_0,public_schedule_without_transaction_override,False,,,complete
2024-09-22,0.00,61613.42,1,1179351.38,last_posted_transaction_or_prior_closing_balance,synb1_txn_3bc328dc7b32123e2d4db8f3,trusted,cn_public_2022_2026_cycles_1_0,public_schedule_without_transaction_override,False,,,complete
2024-09-23,0.00,0.00,0,1179351.38,last_posted_transaction_or_prior_closing_balance,,trusted,cn_public_2022_2026_cycles_1_0,public_schedule_without_transaction_override,True,183,2024-09-24,complete
2024-09-24,0.00,104.48,1,1179246.90,last_posted_transaction_or_prior_closing_balance,synb1_txn_89cb3541ea363370bf4db28e,trusted,cn_public_2022_2026_cycles_1_0,public_schedule_without_transaction_override,True,184,2024-09-25,complete
2024-09-25,0.00,0.00,0,1179246.90,last_posted_transaction_or_prior_closing_balance,,trusted,cn_public_2022_2026_cycles_1_0,public_schedule_without_transaction_override,True,185,2024-09-26,complete
2024-09-26,19455.64,0.00,1,1198702.54,last_posted_transaction_or_prior_closing_balance,synb1_txn_79caa37e0c5bd66f482f58ef,trusted,cn_public_2022_2026_cycles_1_0,public_schedule_without_transaction_override,True,186,2024-09-27,complete
2024-09-27,0.00,0.00,0,1198702.54,last_posted_transaction_or_prior_closing_balance,,trusted,cn_public_2022_2026_cycles_1_0,public_schedule_without_transaction_override,True,187,2024-09-29,complete
2024-09-28,0.00,7873.56,2,1190828.98,last_posted_transaction_or_prior_closing_balance,synb1_txn_ed81b4e02b174d65037cc3fe,trusted,cn_public_2022_2026_cycles_1_0,public_schedule_without_transaction_override,False,,,complete
2024-09-29,0.00,0.00,0,1190828.98,last_posted_transaction_or_prior_closing_balance,,trusted,cn_public_2022_2026_cycles_1_0,public_schedule_without_transaction_override,True,188,2024-09-30,complete
2024-09-30,0.00,0.00,0,1190828.98,last_posted_transaction_or_prior_closing_balance,,trusted,cn_public_2022_2026_cycles_1_0,public_schedule_without_transaction_override,True,189,2024-10-08,complete
2024-10-01,0.00,0.00,0,1190828.98,last_posted_transaction_or_prior_closing_balance,,trusted,cn_public_2022_2026_cycles_1_0,public_schedule_without_transaction_override,False,,,complete
2024-10-02,31936.60,52.52,2,1222713.06,last_posted_transaction_or_prior_closing_balance,synb1_txn_7739996f5e39389131796155,trusted,cn_public_2022_2026_cycles_1_0,public_schedule_without_transaction_override,False,,,complete
2024-10-03,0.00,6982.62,1,1215730.44,last_posted_transaction_or_prior_closing_balance,synb1_txn_2e4b586e8118d0e73f10bbcb,trusted,cn_public_2022_2026_cycles_1_0,public_schedule_without_transaction_override,False,,,complete
2024-10-04,117217.06,1876.58,4,1331070.92,last_posted_transaction_or_prior_closing_balance,synb1_txn_d0d3eeb8790a6bc28688332d,trusted,cn_public_2022_2026_cycles_1_0,public_schedule_without_transaction_override,False,,,complete
2024-10-05,687.36,5800.00,2,1325958.28,last_posted_transaction_or_prior_closing_balance,synb1_txn_d43e09c185108896da00898b,trusted,cn_public_2022_2026_cycles_1_0,public_schedule_without_transaction_override,False,,,complete
2024-10-06,19550.60,38275.69,2,1307233.19,last_posted_transaction_or_prior_closing_balance,synb1_txn_b0bb819b794a8f869ee9ed7c,trusted,cn_public_2022_2026_cycles_1_0,public_schedule_without_transaction_override,False,,,complete
2024-10-07,1729.73,49583.78,3,1259379.14,last_posted_transaction_or_prior_closing_balance,synb1_txn_ea2c328fef2adfff42c58cd8,trusted,cn_public_2022_2026_cycles_1_0,public_schedule_without_transaction_override,False,,,complete
2024-10-08,6243.75,0.00,1,1265622.89,last_posted_transaction_or_prior_closing_balance,synb1_txn_2162e2981082fe07f84e6f2a,trusted,cn_public_2022_2026_cycles_1_0,public_schedule_without_transaction_override,True,190,2024-10-09,complete
2024-10-09,9536.71,0.00,1,1275159.60,last_posted_transaction_or_prior_closing_balance,synb1_txn_7f11f9d111b825e0cd354da9,trusted,cn_public_2022_2026_cycles_1_0,public_schedule_without_transaction_override,True,191,2024-10-10,complete
2024-10-10,0.00,0.00,0,1275159.60,last_posted_transaction_or_prior_closing_balance,,trusted,cn_public_2022_2026_cycles_1_0,public_schedule_without_transaction_override,True,192,2024-10-11,complete
2024-10-11,0.00,66034.62,3,1209124.98,last_posted_transaction_or_prior_closing_balance,synb1_txn_67c0f6444cbb8ee1d8f700cc,trusted,cn_public_2022_2026_cycles_1_0,public_schedule_without_transaction_override,True,193,2024-10-12,complete
2024-10-12,0.00,0.00,0,1209124.98,last_posted_transaction_or_prior_closing_balance,,trusted,cn_public_2022_2026_cycles_1_0,public_schedule_without_transaction_override,True,194,2024-10-14,complete
2024-10-13,1760.17,0.00,1,1210885.15,last_posted_transaction_or_prior_closing_balance,synb1_txn_aabf0e261af7c5479eac7d02,trusted,cn_public_2022_2026_cycles_1_0,public_schedule_without_transaction_override,False,,,complete
2024-10-14,42751.93,0.00,1,1253637.08,last_posted_transaction_or_prior_closing_balance,synb1_txn_64eadf852e6aec498a8843e8,trusted,cn_public_2022_2026_cycles_1_0,public_schedule_without_transaction_override,True,195,2024-10-15,complete
2024-10-15,0.00,0.00,0,1253637.08,last_posted_transaction_or_prior_closing_balance,,trusted,cn_public_2022_2026_cycles_1_0,public_schedule_without_transaction_override,True,196,2024-10-16,complete
2024-10-16,59667.06,0.00,1,1313304.14,last_posted_transaction_or_prior_closing_balance,synb1_txn_12875e9668247e0c6e1e259d,trusted,cn_public_2022_2026_cycles_1_0,public_schedule_without_transaction_override,True,197,2024-10-17,complete
2024-10-17,0.00,0.00,0,1313304.14,last_posted_transaction_or_prior_closing_balance,,trusted,cn_public_2022_2026_cycles_1_0,public_schedule_without_transaction_override,True,198,2024-10-18,complete
2024-10-18,0.00,3239.04,2,1310065.10,last_posted_transaction_or_prior_closing_balance,synb1_txn_e2cc189754b145c280219680,trusted,cn_public_2022_2026_cycles_1_0,public_schedule_without_transaction_override,True,199,2024-10-21,complete
2024-10-19,38250.08,82701.35,4,1265613.83,last_posted_transaction_or_prior_closing_balance,synb1_txn_468bbb189cba2ef78c31e265,trusted,cn_public_2022_2026_cycles_1_0,public_schedule_without_transaction_override,False,,,complete
2024-10-20,0.00,0.00,0,1265613.83,last_posted_transaction_or_prior_closing_balance,,trusted,cn_public_2022_2026_cycles_1_0,public_schedule_without_transaction_override,False,,,complete
2024-10-21,0.00,0.00,0,1265613.83,last_posted_transaction_or_prior_closing_balance,,trusted,cn_public_2022_2026_cycles_1_0,public_schedule_without_transaction_override,True,200,2024-10-22,complete
2024-10-22,930.95,0.00,1,1266544.78,last_posted_transaction_or_prior_closing_balance,synb1_txn_41e7f879e37c6b3ff73089ef,trusted,cn_public_2022_2026_cycles_1_0,public_schedule_without_transaction_override,True,201,2024-10-23,complete
2024-10-23,0.00,0.00,0,1266544.78,last_posted_transaction_or_prior_closing_balance,,trusted,cn_public_2022_2026_cycles_1_0,public_schedule_without_transaction_override,True,202,2024-10-24,complete
2024-10-24,0.00,1505.27,1,1265039.51,last_posted_transaction_or_prior_closing_balance,synb1_txn_696217f247334500702f488c,trusted,cn_public_2022_2026_cycles_1_0,public_schedule_without_transaction_override,True,203,2024-10-25,complete
2024-10-25,0.00,0.00,0,1265039.51,last_posted_transaction_or_prior_closing_balance,,trusted,cn_public_2022_2026_cycles_1_0,public_schedule_without_transaction_override,True,204,2024-10-28,complete
2024-10-26,0.00,1483.73,1,1263555.78,last_posted_transaction_or_prior_closing_balance,synb1_txn_d5c5c1ae3a559903ce3a274a,trusted,cn_public_2022_2026_cycles_1_0,public_schedule_without_transaction_override,False,,,complete
2024-10-27,0.00,0.00,0,1263555.78,last_posted_transaction_or_prior_closing_balance,,trusted,cn_public_2022_2026_cycles_1_0,public_schedule_without_transaction_override,False,,,complete
2024-10-28,0.00,0.00,0,1263555.78,last_posted_transaction_or_prior_closing_balance,,trusted,cn_public_2022_2026_cycles_1_0,public_schedule_without_transaction_override,True,205,2024-10-29,complete
2024-10-29,0.00,0.00,0,1263555.78,last_posted_transaction_or_prior_closing_balance,,trusted,cn_public_2022_2026_cycles_1_0,public_schedule_without_transaction_override,True,206,2024-10-30,complete
2024-10-30,0.00,0.00,0,1263555.78,last_posted_transaction_or_prior_closing_balance,,trusted,cn_public_2022_2026_cycles_1_0,public_schedule_without_transaction_override,True,207,2024-10-31,complete
2024-10-31,0.00,0.00,0,1263555.78,last_posted_transaction_or_prior_closing_balance,,trusted,cn_public_2022_2026_cycles_1_0,public_schedule_without_transaction_override,True,208,2024-11-01,complete
2024-11-01,0.00,0.00,0,1263555.78,last_posted_transaction_or_prior_closing_balance,,trusted,cn_public_2022_2026_cycles_1_0,public_schedule_without_transaction_override,True,209,2024-11-04,complete
2024-11-02,0.00,295.51,1,1263260.27,last_posted_transaction_or_prior_closing_balance,synb1_txn_5e451dff641e805aaece3719,trusted,cn_public_2022_2026_cycles_1_0,public_schedule_without_transaction_override,False,,,complete
2024-11-03,11704.52,0.00,2,1274964.79,last_posted_transaction_or_prior_closing_balance,synb1_txn_06c405a5c642c4ffe4f8b241,trusted,cn_public_2022_2026_cycles_1_0,public_schedule_without_transaction_override,False,,,complete
2024-11-04,976.96,6394.88,2,1269546.87,last_posted_transaction_or_prior_closing_balance,synb1_txn_c2b36b01c4fa74a5c3c14c7f,trusted,cn_public_2022_2026_cycles_1_0,public_schedule_without_transaction_override,True,210,2024-11-05,complete
2024-11-05,0.00,5800.00,1,1263746.87,last_posted_transaction_or_prior_closing_balance,synb1_txn_0a33237d315b4836b2365f39,trusted,cn_public_2022_2026_cycles_1_0,public_schedule_without_transaction_override,True,211,2024-11-06,complete
2024-11-06,0.00,0.00,0,1263746.87,last_posted_transaction_or_prior_closing_balance,,trusted,cn_public_2022_2026_cycles_1_0,public_schedule_without_transaction_override,True,212,2024-11-07,complete
2024-11-07,2784.18,31000.00,2,1235531.05,last_posted_transaction_or_prior_closing_balance,synb1_txn_8faefa8dbd0806462bf6cb12,trusted,cn_public_2022_2026_cycles_1_0,public_schedule_without_transaction_override,True,213,2024-11-08,complete
2024-11-08,0.00,0.00,0,1235531.05,last_posted_transaction_or_prior_closing_balance,,trusted,cn_public_2022_2026_cycles_1_0,public_schedule_without_transaction_override,True,214,2024-11-11,complete
2024-11-09,0.00,648.43,1,1234882.62,last_posted_transaction_or_prior_closing_balance,synb1_txn_0012b413a2bdda1a5bee12d3,trusted,cn_public_2022_2026_cycles_1_0,public_schedule_without_transaction_override,False,,,complete
2024-11-10,0.00,0.00,0,1234882.62,last_posted_transaction_or_prior_closing_balance,,trusted,cn_public_2022_2026_cycles_1_0,public_schedule_without_transaction_override,False,,,complete
2024-11-11,4577.67,375.60,2,1239084.69,last_posted_transaction_or_prior_closing_balance,synb1_txn_2c7b57a2278c837d537a6994,trusted,cn_public_2022_2026_cycles_1_0,public_schedule_without_transaction_override,True,215,2024-11-12,complete
2024-11-12,966.69,1934.01,2,1238117.37,last_posted_transaction_or_prior_closing_balance,synb1_txn_0aca64035171f9cec475b916,trusted,cn_public_2022_2026_cycles_1_0,public_schedule_without_transaction_override,True,216,2024-11-13,complete
2024-11-13,0.00,9723.50,1,1228393.87,last_posted_transaction_or_prior_closing_balance,synb1_txn_38f0c994da198953bf640973,trusted,cn_public_2022_2026_cycles_1_0,public_schedule_without_transaction_override,True,217,2024-11-14,complete
2024-11-14,0.00,0.00,0,1228393.87,last_posted_transaction_or_prior_closing_balance,,trusted,cn_public_2022_2026_cycles_1_0,public_schedule_without_transaction_override,True,218,2024-11-15,complete
2024-11-15,13389.61,9766.65,3,1232016.83,last_posted_transaction_or_prior_closing_balance,synb1_txn_a288a1a16e10ae36d44ac3c7,trusted,cn_public_2022_2026_cycles_1_0,public_schedule_without_transaction_override,True,219,2024-11-18,complete
2024-11-16,0.00,14070.48,1,1217946.35,last_posted_transaction_or_prior_closing_balance,synb1_txn_d4ea6c6390e68f147b8240b5,trusted,cn_public_2022_2026_cycles_1_0,public_schedule_without_transaction_override,False,,,complete
2024-11-17,0.00,0.00,0,1217946.35,last_posted_transaction_or_prior_closing_balance,,trusted,cn_public_2022_2026_cycles_1_0,public_schedule_without_transaction_override,False,,,complete
2024-11-18,0.00,44705.08,4,1173241.27,last_posted_transaction_or_prior_closing_balance,synb1_txn_7049d909ef27ef87c0e5f671,trusted,cn_public_2022_2026_cycles_1_0,public_schedule_without_transaction_override,True,220,2024-11-19,complete
2024-11-19,4848.65,0.00,2,1178089.92,last_posted_transaction_or_prior_closing_balance,synb1_txn_2a881207133c4089cbcc98b3,trusted,cn_public_2022_2026_cycles_1_0,public_schedule_without_transaction_override,True,221,2024-11-20,complete
2024-11-20,0.00,0.00,0,1178089.92,last_posted_transaction_or_prior_closing_balance,,trusted,cn_public_2022_2026_cycles_1_0,public_schedule_without_transaction_override,True,222,2024-11-21,complete
2024-11-21,6961.25,0.00,1,1185051.17,last_posted_transaction_or_prior_closing_balance,synb1_txn_1775d71b7b11fa79f15ce83d,trusted,cn_public_2022_2026_cycles_1_0,public_schedule_without_transaction_override,True,223,2024-11-22,complete
2024-11-22,0.00,0.00,0,1185051.17,last_posted_transaction_or_prior_closing_balance,,trusted,cn_public_2022_2026_cycles_1_0,public_schedule_without_transaction_override,True,224,2024-11-25,complete
2024-11-23,17558.86,3403.16,2,1199206.87,last_posted_transaction_or_prior_closing_balance,synb1_txn_e88f4131ec924a0cef3f6d77,trusted,cn_public_2022_2026_cycles_1_0,public_schedule_without_transaction_override,False,,,complete
2024-11-24,0.00,0.00,0,1199206.87,last_posted_transaction_or_prior_closing_balance,,trusted,cn_public_2022_2026_cycles_1_0,public_schedule_without_transaction_override,False,,,complete
2024-11-25,51683.64,7651.60,3,1243238.91,last_posted_transaction_or_prior_closing_balance,synb1_txn_58125c7b12830ed81fb9b586,trusted,cn_public_2022_2026_cycles_1_0,public_schedule_without_transaction_override,True,225,2024-11-26,complete
2024-11-26,27649.31,0.00,2,1270888.22,last_posted_transaction_or_prior_closing_balance,synb1_txn_4fe8e87c65b779d113173d1a,trusted,cn_public_2022_2026_cycles_1_0,public_schedule_without_transaction_override,True,226,2024-11-27,complete
2024-11-27,5555.58,7757.82,2,1268685.98,last_posted_transaction_or_prior_closing_balance,synb1_txn_5d1a1866bdea3478bbe2578f,trusted,cn_public_2022_2026_cycles_1_0,public_schedule_without_transaction_override,True,227,2024-11-28,complete
2024-11-28,82493.08,0.00,1,1351179.06,last_posted_transaction_or_prior_closing_balance,synb1_txn_bce2e285fbf971c243522cb6,trusted,cn_public_2022_2026_cycles_1_0,public_schedule_without_transaction_override,True,228,2024-11-29,complete
2024-11-29,0.00,0.00,0,1351179.06,last_posted_transaction_or_prior_closing_balance,,trusted,cn_public_2022_2026_cycles_1_0,public_schedule_without_transaction_override,True,229,2024-12-02,complete
2024-11-30,0.00,0.00,0,1351179.06,last_posted_transaction_or_prior_closing_balance,,trusted,cn_public_2022_2026_cycles_1_0,public_schedule_without_transaction_override,False,,,complete
2024-12-01,0.00,0.00,0,1351179.06,last_posted_transaction_or_prior_closing_balance,,trusted,cn_public_2022_2026_cycles_1_0,public_schedule_without_transaction_override,False,,,complete
2024-12-02,43163.23,0.00,1,1394342.29,last_posted_transaction_or_prior_closing_balance,synb1_txn_4f421d76bd42a3fb47ec8f06,trusted,cn_public_2022_2026_cycles_1_0,public_schedule_without_transaction_override,True,230,2024-12-03,complete
2024-12-03,30456.92,0.00,2,1424799.21,last_posted_transaction_or_prior_closing_balance,synb1_txn_1dba0db57595b54bd7243ace,trusted,cn_public_2022_2026_cycles_1_0,public_schedule_without_transaction_override,True,231,2024-12-04,complete
2024-12-04,0.00,0.00,0,1424799.21,last_posted_transaction_or_prior_closing_balance,,trusted,cn_public_2022_2026_cycles_1_0,public_schedule_without_transaction_override,True,232,2024-12-05,complete
2024-12-05,0.00,5800.00,1,1418999.21,last_posted_transaction_or_prior_closing_balance,synb1_txn_99f3ea5183c940a03cb81bc9,trusted,cn_public_2022_2026_cycles_1_0,public_schedule_without_transaction_override,True,233,2024-12-06,complete
2024-12-06,0.00,0.00,0,1418999.21,last_posted_transaction_or_prior_closing_balance,,trusted,cn_public_2022_2026_cycles_1_0,public_schedule_without_transaction_override,True,234,2024-12-09,complete
2024-12-07,0.00,31275.37,2,1387723.84,last_posted_transaction_or_prior_closing_balance,synb1_txn_57f51eb4aadd0e3513d985a9,trusted,cn_public_2022_2026_cycles_1_0,public_schedule_without_transaction_override,False,,,complete
2024-12-08,0.00,3474.19,1,1384249.65,last_posted_transaction_or_prior_closing_balance,synb1_txn_8bf2f66ab012627a5406c1c6,trusted,cn_public_2022_2026_cycles_1_0,public_schedule_without_transaction_override,False,,,complete
2024-12-09,2905.29,0.00,1,1387154.94,last_posted_transaction_or_prior_closing_balance,synb1_txn_c6515c8d9bc2bd5a40aeb816,trusted,cn_public_2022_2026_cycles_1_0,public_schedule_without_transaction_override,True,235,2024-12-10,complete
2024-12-10,635.63,0.00,1,1387790.57,last_posted_transaction_or_prior_closing_balance,synb1_txn_81c3703b5079f5d74aa08ee1,trusted,cn_public_2022_2026_cycles_1_0,public_schedule_without_transaction_override,True,236,2024-12-11,complete
2024-12-11,1130.73,5060.39,2,1383860.91,last_posted_transaction_or_prior_closing_balance,synb1_txn_caebfbc9a261a553e2e703b8,trusted,cn_public_2022_2026_cycles_1_0,public_schedule_without_transaction_override,True,237,2024-12-12,complete
2024-12-12,0.00,1568.64,1,1382292.27,last_posted_transaction_or_prior_closing_balance,synb1_txn_f4d46128e576cb0d9d0a488a,trusted,cn_public_2022_2026_cycles_1_0,public_schedule_without_transaction_override,True,238,2024-12-13,complete
2024-12-13,47763.24,0.00,2,1430055.51,last_posted_transaction_or_prior_closing_balance,synb1_txn_1847577930cf6e67af07d889,trusted,cn_public_2022_2026_cycles_1_0,public_schedule_without_transaction_override,True,239,2024-12-16,complete
2024-12-14,14233.77,0.00,1,1444289.28,last_posted_transaction_or_prior_closing_balance,synb1_txn_4b75706779c26068c3c72cba,trusted,cn_public_2022_2026_cycles_1_0,public_schedule_without_transaction_override,False,,,complete
2024-12-15,1696.41,0.00,1,1445985.69,last_posted_transaction_or_prior_closing_balance,synb1_txn_ff2143f693a40d067d1a7835,trusted,cn_public_2022_2026_cycles_1_0,public_schedule_without_transaction_override,False,,,complete
2024-12-16,797.12,0.00,1,1446782.81,last_posted_transaction_or_prior_closing_balance,synb1_txn_cca3d8dd577f6e1cca1b377d,trusted,cn_public_2022_2026_cycles_1_0,public_schedule_without_transaction_override,True,240,2024-12-17,complete
2024-12-17,0.00,3855.89,1,1442926.92,last_posted_transaction_or_prior_closing_balance,synb1_txn_573f4aadccbcd1404f6f39ea,trusted,cn_public_2022_2026_cycles_1_0,public_schedule_without_transaction_override,True,241,2024-12-18,complete
2024-12-18,0.00,831.04,2,1442095.88,last_posted_transaction_or_prior_closing_balance,synb1_txn_00f3c1f594ebe1b8febe2ce6,trusted,cn_public_2022_2026_cycles_1_0,public_schedule_without_transaction_override,True,242,2024-12-19,complete
2024-12-19,0.00,183.52,1,1441912.36,last_posted_transaction_or_prior_closing_balance,synb1_txn_87dd1c06144318288a57eca1,trusted,cn_public_2022_2026_cycles_1_0,public_schedule_without_transaction_override,True,243,2024-12-20,complete
2024-12-20,0.00,0.00,0,1441912.36,last_posted_transaction_or_prior_closing_balance,,trusted,cn_public_2022_2026_cycles_1_0,public_schedule_without_transaction_override,True,244,2024-12-23,complete
2024-12-21,0.00,0.00,0,1441912.36,last_posted_transaction_or_prior_closing_balance,,trusted,cn_public_2022_2026_cycles_1_0,public_schedule_without_transaction_override,False,,,complete
2024-12-22,13545.42,2477.71,3,1452980.07,last_posted_transaction_or_prior_closing_balance,synb1_txn_dfe80160ae4cdcfaa3a26dfc,trusted,cn_public_2022_2026_cycles_1_0,public_schedule_without_transaction_override,False,,,complete
2024-12-23,14123.23,0.00,1,1467103.30,last_posted_transaction_or_prior_closing_balance,synb1_txn_715ae3459b615ad4448f5d22,trusted,cn_public_2022_2026_cycles_1_0,public_schedule_without_transaction_override,True,245,2024-12-24,complete
2024-12-24,3601.01,155915.34,4,1314788.97,last_posted_transaction_or_prior_closing_balance,synb1_txn_976ea7b565f383cc50b4d4f9,trusted,cn_public_2022_2026_cycles_1_0,public_schedule_without_transaction_override,True,246,2024-12-25,complete
2024-12-25,0.00,0.00,0,1314788.97,last_posted_transaction_or_prior_closing_balance,,trusted,cn_public_2022_2026_cycles_1_0,public_schedule_without_transaction_override,True,247,2024-12-26,complete
2024-12-26,0.00,0.00,0,1314788.97,last_posted_transaction_or_prior_closing_balance,,trusted,cn_public_2022_2026_cycles_1_0,public_schedule_without_transaction_override,True,248,2024-12-27,complete
2024-12-27,0.00,659.99,1,1314128.98,last_posted_transaction_or_prior_closing_balance,synb1_txn_138878022691ffccfcb1347a,trusted,cn_public_2022_2026_cycles_1_0,public_schedule_without_transaction_override,True,249,2024-12-30,complete
2024-12-28,0.00,0.00,0,1314128.98,last_posted_transaction_or_prior_closing_balance,,trusted,cn_public_2022_2026_cycles_1_0,public_schedule_without_transaction_override,False,,,complete
2024-12-29,0.00,0.00,0,1314128.98,last_posted_transaction_or_prior_closing_balance,,trusted,cn_public_2022_2026_cycles_1_0,public_schedule_without_transaction_override,False,,,complete
2024-12-30,0.00,0.00,0,1314128.98,last_posted_transaction_or_prior_closing_balance,,trusted,cn_public_2022_2026_cycles_1_0,public_schedule_without_transaction_override,True,250,2024-12-31,complete
2024-12-31,0.00,0.00,0,1314128.98,last_posted_transaction_or_prior_closing_balance,,trusted,cn_public_2022_2026_cycles_1_0,public_schedule_without_transaction_override,True,251,2025-01-02,complete
2025-01-01,0.00,0.00,0,1314128.98,last_posted_transaction_or_prior_closing_balance,,trusted,cn_public_2022_2026_cycles_1_0,public_schedule_without_transaction_override,False,,,complete
2025-01-02,0.00,0.00,0,1314128.98,last_posted_transaction_or_prior_closing_balance,,trusted,cn_public_2022_2026_cycles_1_0,public_schedule_without_transaction_override,True,252,2025-01-03,complete
2025-01-03,0.00,1256.36,1,1312872.62,last_posted_transaction_or_prior_closing_balance,synb1_txn_9c38e940c755bb360a8dbbd9,trusted,cn_public_2022_2026_cycles_1_0,public_schedule_without_transaction_override,True,253,2025-01-06,complete
2025-01-04,8163.52,0.00,1,1321036.14,last_posted_transaction_or_prior_closing_balance,synb1_txn_65a3133ef474ec36d54a0ae4,trusted,cn_public_2022_2026_cycles_1_0,public_schedule_without_transaction_override,False,,,complete
2025-01-05,12425.41,5800.00,3,1327661.55,last_posted_transaction_or_prior_closing_balance,synb1_txn_884248865960942d813c846f,trusted,cn_public_2022_2026_cycles_1_0,public_schedule_without_transaction_override,False,,,complete
2025-01-06,0.00,0.00,0,1327661.55,last_posted_transaction_or_prior_closing_balance,,trusted,cn_public_2022_2026_cycles_1_0,public_schedule_without_transaction_override,True,254,2025-01-07,complete
2025-01-07,1288.65,49021.59,3,1279928.61,last_posted_transaction_or_prior_closing_balance,synb1_txn_cf363056df01f5e2fc7bad92,trusted,cn_public_2022_2026_cycles_1_0,public_schedule_without_transaction_override,True,255,2025-01-08,complete
2025-01-08,0.00,0.00,0,1279928.61,last_posted_transaction_or_prior_closing_balance,,trusted,cn_public_2022_2026_cycles_1_0,public_schedule_without_transaction_override,True,256,2025-01-09,complete
2025-01-09,0.00,67.06,1,1279861.55,last_posted_transaction_or_prior_closing_balance,synb1_txn_955c95c204ab76342e85ea05,trusted,cn_public_2022_2026_cycles_1_0,public_schedule_without_transaction_override,True,257,2025-01-10,complete
2025-01-10,1914.21,0.00,1,1281775.76,last_posted_transaction_or_prior_closing_balance,synb1_txn_68feb14edfbcf84c1eda9477,trusted,cn_public_2022_2026_cycles_1_0,public_schedule_without_transaction_override,True,258,2025-01-13,complete
2025-01-11,0.00,0.00,0,1281775.76,last_posted_transaction_or_prior_closing_balance,,trusted,cn_public_2022_2026_cycles_1_0,public_schedule_without_transaction_override,False,,,complete
2025-01-12,0.00,3417.03,1,1278358.73,last_posted_transaction_or_prior_closing_balance,synb1_txn_fd4d1e388d925255e40770dc,trusted,cn_public_2022_2026_cycles_1_0,public_schedule_without_transaction_override,False,,,complete
2025-01-13,0.00,0.00,0,1278358.73,last_posted_transaction_or_prior_closing_balance,,trusted,cn_public_2022_2026_cycles_1_0,public_schedule_without_transaction_override,True,259,2025-01-14,complete
2025-01-14,0.00,0.00,0,1278358.73,last_posted_transaction_or_prior_closing_balance,,trusted,cn_public_2022_2026_cycles_1_0,public_schedule_without_transaction_override,True,260,2025-01-15,complete
2025-01-15,0.00,0.00,0,1278358.73,last_posted_transaction_or_prior_closing_balance,,trusted,cn_public_2022_2026_cycles_1_0,public_schedule_without_transaction_override,True,261,2025-01-16,complete
2025-01-16,0.00,1319.60,1,1277039.13,last_posted_transaction_or_prior_closing_balance,synb1_txn_929ff1a36460a906f0f932e5,trusted,cn_public_2022_2026_cycles_1_0,public_schedule_without_transaction_override,True,262,2025-01-17,complete
2025-01-17,0.00,0.00,0,1277039.13,last_posted_transaction_or_prior_closing_balance,,trusted,cn_public_2022_2026_cycles_1_0,public_schedule_without_transaction_override,True,263,2025-01-20,complete
2025-01-18,0.00,11238.92,1,1265800.21,last_posted_transaction_or_prior_closing_balance,synb1_txn_ed1f2152b37ceaebf329a9ae,trusted,cn_public_2022_2026_cycles_1_0,public_schedule_without_transaction_override,False,,,complete
2025-01-19,0.00,0.00,0,1265800.21,last_posted_transaction_or_prior_closing_balance,,trusted,cn_public_2022_2026_cycles_1_0,public_schedule_without_transaction_override,False,,,complete
2025-01-20,0.00,219741.61,3,1046058.60,last_posted_transaction_or_prior_closing_balance,synb1_txn_09dd53067be6e947e3b251d6,trusted,cn_public_2022_2026_cycles_1_0,public_schedule_without_transaction_override,True,264,2025-01-21,complete
2025-01-21,0.00,1328.11,1,1044730.49,last_posted_transaction_or_prior_closing_balance,synb1_txn_121b80dac95c953c74139ad4,trusted,cn_public_2022_2026_cycles_1_0,public_schedule_without_transaction_override,True,265,2025-01-22,complete
2025-01-22,0.00,0.00,0,1044730.49,last_posted_transaction_or_prior_closing_balance,,trusted,cn_public_2022_2026_cycles_1_0,public_schedule_without_transaction_override,True,266,2025-01-23,complete
2025-01-23,0.00,0.00,0,1044730.49,last_posted_transaction_or_prior_closing_balance,,trusted,cn_public_2022_2026_cycles_1_0,public_schedule_without_transaction_override,True,267,2025-01-24,complete
2025-01-24,0.00,0.00,0,1044730.49,last_posted_transaction_or_prior_closing_balance,,trusted,cn_public_2022_2026_cycles_1_0,public_schedule_without_transaction_override,True,268,2025-01-26,complete
2025-01-25,84083.02,15320.92,4,1113492.59,last_posted_transaction_or_prior_closing_balance,synb1_txn_08e1afd4b11dc2aa1335a14f,trusted,cn_public_2022_2026_cycles_1_0,public_schedule_without_transaction_override,False,,,complete
2025-01-26,0.00,0.00,0,1113492.59,last_posted_transaction_or_prior_closing_balance,,trusted,cn_public_2022_2026_cycles_1_0,public_schedule_without_transaction_override,True,269,2025-01-27,complete
2025-01-27,0.00,0.00,0,1113492.59,last_posted_transaction_or_prior_closing_balance,,trusted,cn_public_2022_2026_cycles_1_0,public_schedule_without_transaction_override,True,270,2025-02-05,complete
2025-01-28,14871.19,0.00,1,1128363.78,last_posted_transaction_or_prior_closing_balance,synb1_txn_adf27aa749876e9bef62a06c,trusted,cn_public_2022_2026_cycles_1_0,public_schedule_without_transaction_override,False,,,complete
2025-01-29,0.00,0.00,0,1128363.78,last_posted_transaction_or_prior_closing_balance,,trusted,cn_public_2022_2026_cycles_1_0,public_schedule_without_transaction_override,False,,,complete
2025-01-30,0.00,0.00,0,1128363.78,last_posted_transaction_or_prior_closing_balance,,trusted,cn_public_2022_2026_cycles_1_0,public_schedule_without_transaction_override,False,,,complete
2025-01-31,0.00,0.00,0,1128363.78,last_posted_transaction_or_prior_closing_balance,,trusted,cn_public_2022_2026_cycles_1_0,public_schedule_without_transaction_override,False,,,complete
2025-02-01,0.00,0.00,0,1128363.78,last_posted_transaction_or_prior_closing_balance,,trusted,cn_public_2022_2026_cycles_1_0,public_schedule_without_transaction_override,False,,,complete
2025-02-02,0.00,0.00,0,1128363.78,last_posted_transaction_or_prior_closing_balance,,trusted,cn_public_2022_2026_cycles_1_0,public_schedule_without_transaction_override,False,,,complete
2025-02-03,0.00,0.00,0,1128363.78,last_posted_transaction_or_prior_closing_balance,,trusted,cn_public_2022_2026_cycles_1_0,public_schedule_without_transaction_override,False,,,complete
2025-02-04,33884.35,0.00,1,1162248.13,last_posted_transaction_or_prior_closing_balance,synb1_txn_fe64fa480e491ae50c85c22b,trusted,cn_public_2022_2026_cycles_1_0,public_schedule_without_transaction_override,False,,,complete
2025-02-05,0.00,5800.00,1,1156448.13,last_posted_transaction_or_prior_closing_balance,synb1_txn_457d5bb257ad7bee46ba9b44,trusted,cn_public_2022_2026_cycles_1_0,public_schedule_without_transaction_override,True,271,2025-02-06,complete
2025-02-06,0.00,0.00,0,1156448.13,last_posted_transaction_or_prior_closing_balance,,trusted,cn_public_2022_2026_cycles_1_0,public_schedule_without_transaction_override,True,272,2025-02-07,complete
2025-02-07,0.00,46923.87,2,1109524.26,last_posted_transaction_or_prior_closing_balance,synb1_txn_2fed48c3994d67d1e6338d01,trusted,cn_public_2022_2026_cycles_1_0,public_schedule_without_transaction_override,True,273,2025-02-08,complete
2025-02-08,28973.44,0.00,1,1138497.70,last_posted_transaction_or_prior_closing_balance,synb1_txn_c44c101209d964fafb8681af,trusted,cn_public_2022_2026_cycles_1_0,public_schedule_without_transaction_override,True,274,2025-02-10,complete
2025-02-09,0.00,0.00,0,1138497.70,last_posted_transaction_or_prior_closing_balance,,trusted,cn_public_2022_2026_cycles_1_0,public_schedule_without_transaction_override,False,,,complete
2025-02-10,0.00,2407.55,2,1136090.15,last_posted_transaction_or_prior_closing_balance,synb1_txn_8729aae06f92001345fc5703,trusted,cn_public_2022_2026_cycles_1_0,public_schedule_without_transaction_override,True,275,2025-02-11,complete
2025-02-11,0.00,9895.70,3,1126194.45,last_posted_transaction_or_prior_closing_balance,synb1_txn_2ef10d2e1f0d2359e82d7350,trusted,cn_public_2022_2026_cycles_1_0,public_schedule_without_transaction_override,True,276,2025-02-12,complete
2025-02-12,0.00,0.00,0,1126194.45,last_posted_transaction_or_prior_closing_balance,,trusted,cn_public_2022_2026_cycles_1_0,public_schedule_without_transaction_override,True,277,2025-02-13,complete
2025-02-13,1066.34,0.00,1,1127260.79,last_posted_transaction_or_prior_closing_balance,synb1_txn_a772a7682fa50a74d033a0ec,trusted,cn_public_2022_2026_cycles_1_0,public_schedule_without_transaction_override,True,278,2025-02-14,complete
2025-02-14,25405.19,0.00,2,1152665.98,last_posted_transaction_or_prior_closing_balance,synb1_txn_b35184bc7df49844a031699a,trusted,cn_public_2022_2026_cycles_1_0,public_schedule_without_transaction_override,True,279,2025-02-17,complete
2025-02-15,21446.59,0.00,1,1174112.57,last_posted_transaction_or_prior_closing_balance,synb1_txn_2ff0d2c0b9d2cd2b019d6f0c,trusted,cn_public_2022_2026_cycles_1_0,public_schedule_without_transaction_override,False,,,complete
2025-02-16,0.00,0.00,0,1174112.57,last_posted_transaction_or_prior_closing_balance,,trusted,cn_public_2022_2026_cycles_1_0,public_schedule_without_transaction_override,False,,,complete
2025-02-17,0.00,0.00,0,1174112.57,last_posted_transaction_or_prior_closing_balance,,trusted,cn_public_2022_2026_cycles_1_0,public_schedule_without_transaction_override,True,280,2025-02-18,complete
2025-02-18,0.00,11051.83,3,1163060.74,last_posted_transaction_or_prior_closing_balance,synb1_txn_73ef8c9176171281de4a4778,trusted,cn_public_2022_2026_cycles_1_0,public_schedule_without_transaction_override,True,281,2025-02-19,complete
2025-02-19,0.00,2317.61,1,1160743.13,last_posted_transaction_or_prior_closing_balance,synb1_txn_5d755469e3e609d813635c6e,trusted,cn_public_2022_2026_cycles_1_0,public_schedule_without_transaction_override,True,282,2025-02-20,complete
2025-02-20,0.00,903.62,1,1159839.51,last_posted_transaction_or_prior_closing_balance,synb1_txn_605dcc08b7f0fc1ef1eff341,trusted,cn_public_2022_2026_cycles_1_0,public_schedule_without_transaction_override,True,283,2025-02-21,complete
2025-02-21,0.00,0.00,0,1159839.51,last_posted_transaction_or_prior_closing_balance,,trusted,cn_public_2022_2026_cycles_1_0,public_schedule_without_transaction_override,True,284,2025-02-24,complete
2025-02-22,1514.03,0.00,1,1161353.54,last_posted_transaction_or_prior_closing_balance,synb1_txn_991af6a9b2b4d2c9b6e8ea41,trusted,cn_public_2022_2026_cycles_1_0,public_schedule_without_transaction_override,False,,,complete
2025-02-23,13220.08,17954.55,3,1156619.07,last_posted_transaction_or_prior_closing_balance,synb1_txn_01c94ca35308bd396b189e8a,trusted,cn_public_2022_2026_cycles_1_0,public_schedule_without_transaction_override,False,,,complete
2025-02-24,0.00,0.00,0,1156619.07,last_posted_transaction_or_prior_closing_balance,,trusted,cn_public_2022_2026_cycles_1_0,public_schedule_without_transaction_override,True,285,2025-02-25,complete
2025-02-25,0.00,0.00,0,1156619.07,last_posted_transaction_or_prior_closing_balance,,trusted,cn_public_2022_2026_cycles_1_0,public_schedule_without_transaction_override,True,286,2025-02-26,complete
2025-02-26,11040.01,0.00,1,1167659.08,last_posted_transaction_or_prior_closing_balance,synb1_txn_d727ed8460d239f4bcc31cc4,trusted,cn_public_2022_2026_cycles_1_0,public_schedule_without_transaction_override,True,287,2025-02-27,complete
2025-02-27,70029.97,0.00,1,1237689.05,last_posted_transaction_or_prior_closing_balance,synb1_txn_c60eac65f247c1a0d47d5f96,trusted,cn_public_2022_2026_cycles_1_0,public_schedule_without_transaction_override,True,288,2025-02-28,complete
2025-02-28,0.00,574.62,1,1237114.43,last_posted_transaction_or_prior_closing_balance,synb1_txn_ade8a1a10f5089c48f8b7208,trusted,cn_public_2022_2026_cycles_1_0,public_schedule_without_transaction_override,True,289,2025-03-03,complete
2025-03-01,0.00,0.00,0,1237114.43,last_posted_transaction_or_prior_closing_balance,,trusted,cn_public_2022_2026_cycles_1_0,public_schedule_without_transaction_override,False,,,complete
2025-03-02,57523.94,0.00,1,1294638.37,last_posted_transaction_or_prior_closing_balance,synb1_txn_5f1d7e96d556be0dbd851b07,trusted,cn_public_2022_2026_cycles_1_0,public_schedule_without_transaction_override,False,,,complete
2025-03-03,25249.68,0.00,1,1319888.05,last_posted_transaction_or_prior_closing_balance,synb1_txn_a05b941dcbdcbc6c336ebbb3,trusted,cn_public_2022_2026_cycles_1_0,public_schedule_without_transaction_override,True,290,2025-03-04,complete
2025-03-04,0.00,0.00,0,1319888.05,last_posted_transaction_or_prior_closing_balance,,trusted,cn_public_2022_2026_cycles_1_0,public_schedule_without_transaction_override,True,291,2025-03-05,complete
2025-03-05,0.00,5800.00,1,1314088.05,last_posted_transaction_or_prior_closing_balance,synb1_txn_c06d0d45886ee2dc9768e7a7,trusted,cn_public_2022_2026_cycles_1_0,public_schedule_without_transaction_override,True,292,2025-03-06,complete
2025-03-06,0.00,918.77,1,1313169.28,last_posted_transaction_or_prior_closing_balance,synb1_txn_e27c286ac0b33807be43d535,trusted,cn_public_2022_2026_cycles_1_0,public_schedule_without_transaction_override,True,293,2025-03-07,complete
2025-03-07,16600.92,25973.58,4,1303796.62,last_posted_transaction_or_prior_closing_balance,synb1_txn_7614cdc837f38262eddecce6,trusted,cn_public_2022_2026_cycles_1_0,public_schedule_without_transaction_override,True,294,2025-03-10,complete
2025-03-08,0.00,0.00,0,1303796.62,last_posted_transaction_or_prior_closing_balance,,trusted,cn_public_2022_2026_cycles_1_0,public_schedule_without_transaction_override,False,,,complete
2025-03-09,0.00,78.44,1,1303718.18,last_posted_transaction_or_prior_closing_balance,synb1_txn_65be8d7fe4c47e9c427ded77,trusted,cn_public_2022_2026_cycles_1_0,public_schedule_without_transaction_override,False,,,complete
2025-03-10,62629.14,0.00,1,1366347.32,last_posted_transaction_or_prior_closing_balance,synb1_txn_60feef6989b1d6d54a6e62fb,trusted,cn_public_2022_2026_cycles_1_0,public_schedule_without_transaction_override,True,295,2025-03-11,complete
2025-03-11,0.00,0.00,0,1366347.32,last_posted_transaction_or_prior_closing_balance,,trusted,cn_public_2022_2026_cycles_1_0,public_schedule_without_transaction_override,True,296,2025-03-12,complete
2025-03-12,0.00,0.00,0,1366347.32,last_posted_transaction_or_prior_closing_balance,,trusted,cn_public_2022_2026_cycles_1_0,public_schedule_without_transaction_override,True,297,2025-03-13,complete
2025-03-13,37140.18,0.00,1,1403487.50,last_posted_transaction_or_prior_closing_balance,synb1_txn_6eea8c10f55465b29bda05b4,trusted,cn_public_2022_2026_cycles_1_0,public_schedule_without_transaction_override,True,298,2025-03-14,complete
2025-03-14,0.00,3417.43,1,1400070.07,last_posted_transaction_or_prior_closing_balance,synb1_txn_106716d0603d21eaf8eb6202,trusted,cn_public_2022_2026_cycles_1_0,public_schedule_without_transaction_override,True,299,2025-03-17,complete
2025-03-15,350.38,14277.87,2,1386142.58,last_posted_transaction_or_prior_closing_balance,synb1_txn_32801b3056ee741d36e0e730,trusted,cn_public_2022_2026_cycles_1_0,public_schedule_without_transaction_override,False,,,complete
2025-03-16,0.00,0.00,0,1386142.58,last_posted_transaction_or_prior_closing_balance,,trusted,cn_public_2022_2026_cycles_1_0,public_schedule_without_transaction_override,False,,,complete
2025-03-17,35417.16,6545.43,4,1415014.31,last_posted_transaction_or_prior_closing_balance,synb1_txn_5daac13275d808d9a234aa2b,trusted,cn_public_2022_2026_cycles_1_0,public_schedule_without_transaction_override,True,300,2025-03-18,complete
2025-03-18,0.00,59813.32,5,1355200.99,last_posted_transaction_or_prior_closing_balance,synb1_txn_fbfd5b85b9acd7920e2c02ca,trusted,cn_public_2022_2026_cycles_1_0,public_schedule_without_transaction_override,True,301,2025-03-19,complete
2025-03-19,0.00,6829.66,1,1348371.33,last_posted_transaction_or_prior_closing_balance,synb1_txn_96f131166e4d651a22846c39,trusted,cn_public_2022_2026_cycles_1_0,public_schedule_without_transaction_override,True,302,2025-03-20,complete
2025-03-20,0.00,3602.79,1,1344768.54,last_posted_transaction_or_prior_closing_balance,synb1_txn_4916b126d15df01539c45c25,trusted,cn_public_2022_2026_cycles_1_0,public_schedule_without_transaction_override,True,303,2025-03-21,complete
2025-03-21,0.00,0.00,0,1344768.54,last_posted_transaction_or_prior_closing_balance,,trusted,cn_public_2022_2026_cycles_1_0,public_schedule_without_transaction_override,True,304,2025-03-24,complete
2025-03-22,3235.29,0.00,2,1348003.83,last_posted_transaction_or_prior_closing_balance,synb1_txn_615eaf7fa004cd5c026ef435,trusted,cn_public_2022_2026_cycles_1_0,public_schedule_without_transaction_override,False,,,complete
2025-03-23,0.00,0.00,0,1348003.83,last_posted_transaction_or_prior_closing_balance,,trusted,cn_public_2022_2026_cycles_1_0,public_schedule_without_transaction_override,False,,,complete
2025-03-24,0.00,0.00,0,1348003.83,last_posted_transaction_or_prior_closing_balance,,trusted,cn_public_2022_2026_cycles_1_0,public_schedule_without_transaction_override,True,305,2025-03-25,complete
2025-03-25,0.00,10169.82,1,1337834.01,last_posted_transaction_or_prior_closing_balance,synb1_txn_a2f92d52d50ad9664af4d4c6,trusted,cn_public_2022_2026_cycles_1_0,public_schedule_without_transaction_override,True,306,2025-03-26,complete
2025-03-26,131591.03,5736.33,6,1463688.71,last_posted_transaction_or_prior_closing_balance,synb1_txn_b9e3a45bca8fda20393c264d,trusted,cn_public_2022_2026_cycles_1_0,public_schedule_without_transaction_override,True,307,2025-03-27,complete
2025-03-27,8882.28,0.00,2,1472570.99,last_posted_transaction_or_prior_closing_balance,synb1_txn_8af727307a238ff92542ccc7,trusted,cn_public_2022_2026_cycles_1_0,public_schedule_without_transaction_override,True,308,2025-03-28,complete
2025-03-28,0.00,0.00,0,1472570.99,last_posted_transaction_or_prior_closing_balance,,trusted,cn_public_2022_2026_cycles_1_0,public_schedule_without_transaction_override,True,309,2025-03-31,complete
2025-03-29,0.00,0.00,0,1472570.99,last_posted_transaction_or_prior_closing_balance,,trusted,cn_public_2022_2026_cycles_1_0,public_schedule_without_transaction_override,False,,,complete
2025-03-30,0.00,0.00,0,1472570.99,last_posted_transaction_or_prior_closing_balance,,trusted,cn_public_2022_2026_cycles_1_0,public_schedule_without_transaction_override,False,,,complete
2025-03-31,0.00,0.00,0,1472570.99,last_posted_transaction_or_prior_closing_balance,,trusted,cn_public_2022_2026_cycles_1_0,public_schedule_without_transaction_override,True,310,2025-04-01,complete
2025-04-01,0.00,0.00,0,1472570.99,last_posted_transaction_or_prior_closing_balance,,trusted,cn_public_2022_2026_cycles_1_0,public_schedule_without_transaction_override,True,311,2025-04-02,complete
2025-04-02,22514.75,0.00,1,1495085.74,last_posted_transaction_or_prior_closing_balance,synb1_txn_ecae9e498c0c979f80b51607,trusted,cn_public_2022_2026_cycles_1_0,public_schedule_without_transaction_override,True,312,2025-04-03,complete
2025-04-03,0.00,0.00,0,1495085.74,last_posted_transaction_or_prior_closing_balance,,trusted,cn_public_2022_2026_cycles_1_0,public_schedule_without_transaction_override,True,313,2025-04-07,complete
2025-04-04,0.00,0.00,0,1495085.74,last_posted_transaction_or_prior_closing_balance,,trusted,cn_public_2022_2026_cycles_1_0,public_schedule_without_transaction_override,False,,,complete
2025-04-05,0.00,13770.39,2,1481315.35,last_posted_transaction_or_prior_closing_balance,synb1_txn_4a9a6e17ae141bf45e25d8ae,trusted,cn_public_2022_2026_cycles_1_0,public_schedule_without_transaction_override,False,,,complete
2025-04-06,0.00,11301.13,1,1470014.22,last_posted_transaction_or_prior_closing_balance,synb1_txn_5eef2012322f44536c27548c,trusted,cn_public_2022_2026_cycles_1_0,public_schedule_without_transaction_override,False,,,complete
2025-04-07,0.00,88355.11,2,1381659.11,last_posted_transaction_or_prior_closing_balance,synb1_txn_6a811c0217a60aa845b1751c,trusted,cn_public_2022_2026_cycles_1_0,public_schedule_without_transaction_override,True,314,2025-04-08,complete
2025-04-08,0.00,0.00,0,1381659.11,last_posted_transaction_or_prior_closing_balance,,trusted,cn_public_2022_2026_cycles_1_0,public_schedule_without_transaction_override,True,315,2025-04-09,complete
2025-04-09,0.00,0.00,0,1381659.11,last_posted_transaction_or_prior_closing_balance,,trusted,cn_public_2022_2026_cycles_1_0,public_schedule_without_transaction_override,True,316,2025-04-10,complete
2025-04-10,0.00,0.00,0,1381659.11,last_posted_transaction_or_prior_closing_balance,,trusted,cn_public_2022_2026_cycles_1_0,public_schedule_without_transaction_override,True,317,2025-04-11,complete
2025-04-11,0.00,16707.95,2,1364951.16,last_posted_transaction_or_prior_closing_balance,synb1_txn_fdd782bb03ecf92ac4ac9565,trusted,cn_public_2022_2026_cycles_1_0,public_schedule_without_transaction_override,True,318,2025-04-14,complete
2025-04-12,24733.66,0.00,2,1389684.82,last_posted_transaction_or_prior_closing_balance,synb1_txn_072684964a452b762dc59dfc,trusted,cn_public_2022_2026_cycles_1_0,public_schedule_without_transaction_override,False,,,complete
2025-04-13,0.00,0.00,0,1389684.82,last_posted_transaction_or_prior_closing_balance,,trusted,cn_public_2022_2026_cycles_1_0,public_schedule_without_transaction_override,False,,,complete
2025-04-14,20985.38,0.00,1,1410670.20,last_posted_transaction_or_prior_closing_balance,synb1_txn_e7da6de36d89ce6d66c212b8,trusted,cn_public_2022_2026_cycles_1_0,public_schedule_without_transaction_override,True,319,2025-04-15,complete
2025-04-15,0.00,70396.19,1,1340274.01,last_posted_transaction_or_prior_closing_balance,synb1_txn_f1031dc2867109a40e8af438,trusted,cn_public_2022_2026_cycles_1_0,public_schedule_without_transaction_override,True,320,2025-04-16,complete
2025-04-16,0.00,0.00,0,1340274.01,last_posted_transaction_or_prior_closing_balance,,trusted,cn_public_2022_2026_cycles_1_0,public_schedule_without_transaction_override,True,321,2025-04-17,complete
2025-04-17,187313.60,0.00,2,1527587.61,last_posted_transaction_or_prior_closing_balance,synb1_txn_1321e5882f7e8d773bb41848,trusted,cn_public_2022_2026_cycles_1_0,public_schedule_without_transaction_override,True,322,2025-04-18,complete
2025-04-18,0.00,10277.14,3,1517310.47,last_posted_transaction_or_prior_closing_balance,synb1_txn_c429b8b44ffe3a5fa6585ee1,trusted,cn_public_2022_2026_cycles_1_0,public_schedule_without_transaction_override,True,323,2025-04-21,complete
2025-04-19,0.00,13902.70,1,1503407.77,last_posted_transaction_or_prior_closing_balance,synb1_txn_1d8150886cfe412fd8226d6a,trusted,cn_public_2022_2026_cycles_1_0,public_schedule_without_transaction_override,False,,,complete
2025-04-20,2907.88,7286.21,2,1499029.44,last_posted_transaction_or_prior_closing_balance,synb1_txn_6d814914af5b727163eff479,trusted,cn_public_2022_2026_cycles_1_0,public_schedule_without_transaction_override,False,,,complete
2025-04-21,0.00,0.00,0,1499029.44,last_posted_transaction_or_prior_closing_balance,,trusted,cn_public_2022_2026_cycles_1_0,public_schedule_without_transaction_override,True,324,2025-04-22,complete
2025-04-22,32978.73,0.00,2,1532008.17,last_posted_transaction_or_prior_closing_balance,synb1_txn_559a1cc10382dcf90493d9dd,trusted,cn_public_2022_2026_cycles_1_0,public_schedule_without_transaction_override,True,325,2025-04-23,complete
2025-04-23,0.00,1540.29,1,1530467.88,last_posted_transaction_or_prior_closing_balance,synb1_txn_3bd7d3b72379cbaf5b4530af,trusted,cn_public_2022_2026_cycles_1_0,public_schedule_without_transaction_override,True,326,2025-04-24,complete
2025-04-24,0.00,0.00,0,1530467.88,last_posted_transaction_or_prior_closing_balance,,trusted,cn_public_2022_2026_cycles_1_0,public_schedule_without_transaction_override,True,327,2025-04-25,complete
2025-04-25,0.00,0.00,0,1530467.88,last_posted_transaction_or_prior_closing_balance,,trusted,cn_public_2022_2026_cycles_1_0,public_schedule_without_transaction_override,True,328,2025-04-27,complete
2025-04-26,0.00,0.00,0,1530467.88,last_posted_transaction_or_prior_closing_balance,,trusted,cn_public_2022_2026_cycles_1_0,public_schedule_without_transaction_override,False,,,complete
2025-04-27,0.00,0.00,0,1530467.88,last_posted_transaction_or_prior_closing_balance,,trusted,cn_public_2022_2026_cycles_1_0,public_schedule_without_transaction_override,True,329,2025-04-28,complete
2025-04-28,0.00,124.08,1,1530343.80,last_posted_transaction_or_prior_closing_balance,synb1_txn_730081f89f3f64cdb1e7df7a,trusted,cn_public_2022_2026_cycles_1_0,public_schedule_without_transaction_override,True,330,2025-04-29,complete
2025-04-29,0.00,0.00,0,1530343.80,last_posted_transaction_or_prior_closing_balance,,trusted,cn_public_2022_2026_cycles_1_0,public_schedule_without_transaction_override,True,331,2025-04-30,complete
2025-04-30,0.00,0.00,0,1530343.80,last_posted_transaction_or_prior_closing_balance,,trusted,cn_public_2022_2026_cycles_1_0,public_schedule_without_transaction_override,True,332,2025-05-06,complete
2025-05-01,0.00,0.00,0,1530343.80,last_posted_transaction_or_prior_closing_balance,,trusted,cn_public_2022_2026_cycles_1_0,public_schedule_without_transaction_override,False,,,complete
2025-05-02,0.00,0.00,0,1530343.80,last_posted_transaction_or_prior_closing_balance,,trusted,cn_public_2022_2026_cycles_1_0,public_schedule_without_transaction_override,False,,,complete
2025-05-03,0.00,0.00,0,1530343.80,last_posted_transaction_or_prior_closing_balance,,trusted,cn_public_2022_2026_cycles_1_0,public_schedule_without_transaction_override,False,,,complete
2025-05-04,12475.79,0.00,1,1542819.59,last_posted_transaction_or_prior_closing_balance,synb1_txn_2d4aa22d579f27ade47642f0,trusted,cn_public_2022_2026_cycles_1_0,public_schedule_without_transaction_override,False,,,complete
2025-05-05,0.00,5800.00,1,1537019.59,last_posted_transaction_or_prior_closing_balance,synb1_txn_3ca9a5179c240cde69d51b58,trusted,cn_public_2022_2026_cycles_1_0,public_schedule_without_transaction_override,False,,,complete
2025-05-06,30326.46,0.00,1,1567346.05,last_posted_transaction_or_prior_closing_balance,synb1_txn_b759b5eb9e88afef4d4d0346,trusted,cn_public_2022_2026_cycles_1_0,public_schedule_without_transaction_override,True,333,2025-05-07,complete
2025-05-07,35286.13,25500.00,2,1577132.18,last_posted_transaction_or_prior_closing_balance,synb1_txn_94c102d606e8540bea475625,trusted,cn_public_2022_2026_cycles_1_0,public_schedule_without_transaction_override,True,334,2025-05-08,complete
2025-05-08,0.00,0.00,0,1577132.18,last_posted_transaction_or_prior_closing_balance,,trusted,cn_public_2022_2026_cycles_1_0,public_schedule_without_transaction_override,True,335,2025-05-09,complete
2025-05-09,0.00,0.00,0,1577132.18,last_posted_transaction_or_prior_closing_balance,,trusted,cn_public_2022_2026_cycles_1_0,public_schedule_without_transaction_override,True,336,2025-05-12,complete
2025-05-10,179887.12,12337.26,2,1744682.04,last_posted_transaction_or_prior_closing_balance,synb1_txn_432b3c899ef501056d15d098,trusted,cn_public_2022_2026_cycles_1_0,public_schedule_without_transaction_override,False,,,complete
2025-05-11,57952.28,0.00,1,1802634.32,last_posted_transaction_or_prior_closing_balance,synb1_txn_aa9a6231439ad830d69fd9c0,trusted,cn_public_2022_2026_cycles_1_0,public_schedule_without_transaction_override,False,,,complete
2025-05-12,0.00,0.00,0,1802634.32,last_posted_transaction_or_prior_closing_balance,,trusted,cn_public_2022_2026_cycles_1_0,public_schedule_without_transaction_override,True,337,2025-05-13,complete
2025-05-13,2486.23,0.00,1,1805120.55,last_posted_transaction_or_prior_closing_balance,synb1_txn_6eeec92ec4e8f2b5cbac730b,trusted,cn_public_2022_2026_cycles_1_0,public_schedule_without_transaction_override,True,338,2025-05-14,complete
2025-05-14,0.00,0.00,0,1805120.55,last_posted_transaction_or_prior_closing_balance,,trusted,cn_public_2022_2026_cycles_1_0,public_schedule_without_transaction_override,True,339,2025-05-15,complete
2025-05-15,0.00,1197.53,1,1803923.02,last_posted_transaction_or_prior_closing_balance,synb1_txn_22ff49b039abc946ae706701,trusted,cn_public_2022_2026_cycles_1_0,public_schedule_without_transaction_override,True,340,2025-05-16,complete
2025-05-16,63925.34,0.00,3,1867848.36,last_posted_transaction_or_prior_closing_balance,synb1_txn_4312d5e21c5eb7eac0a90054,trusted,cn_public_2022_2026_cycles_1_0,public_schedule_without_transaction_override,True,341,2025-05-19,complete
2025-05-17,837.69,0.00,1,1868686.05,last_posted_transaction_or_prior_closing_balance,synb1_txn_c138c8bac01b0c95304e70dc,trusted,cn_public_2022_2026_cycles_1_0,public_schedule_without_transaction_override,False,,,complete
2025-05-18,0.00,0.00,0,1868686.05,last_posted_transaction_or_prior_closing_balance,,trusted,cn_public_2022_2026_cycles_1_0,public_schedule_without_transaction_override,False,,,complete
2025-05-19,0.00,18165.25,3,1850520.80,last_posted_transaction_or_prior_closing_balance,synb1_txn_e48e4283b42c4b704c980c15,trusted,cn_public_2022_2026_cycles_1_0,public_schedule_without_transaction_override,True,342,2025-05-20,complete
2025-05-20,0.00,0.00,0,1850520.80,last_posted_transaction_or_prior_closing_balance,,trusted,cn_public_2022_2026_cycles_1_0,public_schedule_without_transaction_override,True,343,2025-05-21,complete
2025-05-21,26279.18,194910.69,2,1681889.29,last_posted_transaction_or_prior_closing_balance,synb1_txn_e6d3347a16456f9b105ad3d5,trusted,cn_public_2022_2026_cycles_1_0,public_schedule_without_transaction_override,True,344,2025-05-22,complete
2025-05-22,0.00,0.00,0,1681889.29,last_posted_transaction_or_prior_closing_balance,,trusted,cn_public_2022_2026_cycles_1_0,public_schedule_without_transaction_override,True,345,2025-05-23,complete
2025-05-23,0.00,0.00,0,1681889.29,last_posted_transaction_or_prior_closing_balance,,trusted,cn_public_2022_2026_cycles_1_0,public_schedule_without_transaction_override,True,346,2025-05-26,complete
2025-05-24,0.00,1369.30,1,1680519.99,last_posted_transaction_or_prior_closing_balance,synb1_txn_661a6f0a4e2e1821f5dfd891,trusted,cn_public_2022_2026_cycles_1_0,public_schedule_without_transaction_override,False,,,complete
2025-05-25,0.00,24033.75,2,1656486.24,last_posted_transaction_or_prior_closing_balance,synb1_txn_5d1d26f6aec0b3d133e70261,trusted,cn_public_2022_2026_cycles_1_0,public_schedule_without_transaction_override,False,,,complete
2025-05-26,20443.71,0.00,1,1676929.95,last_posted_transaction_or_prior_closing_balance,synb1_txn_ef27e2c3e8277910392901a8,trusted,cn_public_2022_2026_cycles_1_0,public_schedule_without_transaction_override,True,347,2025-05-27,complete
2025-05-27,14762.07,56258.12,2,1635433.90,last_posted_transaction_or_prior_closing_balance,synb1_txn_475cd1d1a21533c89f6095a4,trusted,cn_public_2022_2026_cycles_1_0,public_schedule_without_transaction_override,True,348,2025-05-28,complete
2025-05-28,0.00,0.00,0,1635433.90,last_posted_transaction_or_prior_closing_balance,,trusted,cn_public_2022_2026_cycles_1_0,public_schedule_without_transaction_override,True,349,2025-05-29,complete
2025-05-29,0.00,0.00,0,1635433.90,last_posted_transaction_or_prior_closing_balance,,trusted,cn_public_2022_2026_cycles_1_0,public_schedule_without_transaction_override,True,350,2025-05-30,complete
2025-05-30,0.00,0.00,0,1635433.90,last_posted_transaction_or_prior_closing_balance,,trusted,cn_public_2022_2026_cycles_1_0,public_schedule_without_transaction_override,True,351,2025-06-03,complete
2025-05-31,0.00,0.00,0,1635433.90,last_posted_transaction_or_prior_closing_balance,,trusted,cn_public_2022_2026_cycles_1_0,public_schedule_without_transaction_override,False,,,complete
2025-06-01,0.00,0.00,0,1635433.90,last_posted_transaction_or_prior_closing_balance,,trusted,cn_public_2022_2026_cycles_1_0,public_schedule_without_transaction_override,False,,,complete
2025-06-02,0.00,0.00,0,1635433.90,last_posted_transaction_or_prior_closing_balance,,trusted,cn_public_2022_2026_cycles_1_0,public_schedule_without_transaction_override,False,,,complete
2025-06-03,38970.89,0.00,2,1674404.79,last_posted_transaction_or_prior_closing_balance,synb1_txn_be5012f5c9f2499edeaa06a8,trusted,cn_public_2022_2026_cycles_1_0,public_schedule_without_transaction_override,True,352,2025-06-04,complete
2025-06-04,0.00,0.00,0,1674404.79,last_posted_transaction_or_prior_closing_balance,,trusted,cn_public_2022_2026_cycles_1_0,public_schedule_without_transaction_override,True,353,2025-06-05,complete
2025-06-05,0.00,5800.00,1,1668604.79,last_posted_transaction_or_prior_closing_balance,synb1_txn_b14e55ee44674aa46d49ef46,trusted,cn_public_2022_2026_cycles_1_0,public_schedule_without_transaction_override,True,354,2025-06-06,complete
2025-06-06,27305.60,6387.55,2,1689522.84,last_posted_transaction_or_prior_closing_balance,synb1_txn_0a7208c0e7dd9fecd26fecbb,trusted,cn_public_2022_2026_cycles_1_0,public_schedule_without_transaction_override,True,355,2025-06-09,complete
2025-06-07,0.00,25500.00,1,1664022.84,last_posted_transaction_or_prior_closing_balance,synb1_txn_10b93286abe007b2cc983eb1,trusted,cn_public_2022_2026_cycles_1_0,public_schedule_without_transaction_override,False,,,complete
2025-06-08,18891.52,13835.09,2,1669079.27,last_posted_transaction_or_prior_closing_balance,synb1_txn_a6c106f81ea6a253cbb70dfe,trusted,cn_public_2022_2026_cycles_1_0,public_schedule_without_transaction_override,False,,,complete
2025-06-09,0.00,0.00,0,1669079.27,last_posted_transaction_or_prior_closing_balance,,trusted,cn_public_2022_2026_cycles_1_0,public_schedule_without_transaction_override,True,356,2025-06-10,complete
2025-06-10,0.00,0.00,0,1669079.27,last_posted_transaction_or_prior_closing_balance,,trusted,cn_public_2022_2026_cycles_1_0,public_schedule_without_transaction_override,True,357,2025-06-11,complete
2025-06-11,36311.69,61876.59,3,1643514.37,last_posted_transaction_or_prior_closing_balance,synb1_txn_943ba0b3afcb696b2d2bece0,trusted,cn_public_2022_2026_cycles_1_0,public_schedule_without_transaction_override,True,358,2025-06-12,complete
2025-06-12,71020.96,33485.18,3,1681050.15,last_posted_transaction_or_prior_closing_balance,synb1_txn_3045b32facc8c11c84a28d2b,trusted,cn_public_2022_2026_cycles_1_0,public_schedule_without_transaction_override,True,359,2025-06-13,complete
2025-06-13,0.00,0.00,0,1681050.15,last_posted_transaction_or_prior_closing_balance,,trusted,cn_public_2022_2026_cycles_1_0,public_schedule_without_transaction_override,True,360,2025-06-16,complete
2025-06-14,0.00,21356.57,1,1659693.58,last_posted_transaction_or_prior_closing_balance,synb1_txn_b9bd3832347a5a0727fca29d,trusted,cn_public_2022_2026_cycles_1_0,public_schedule_without_transaction_override,False,,,complete
2025-06-15,118562.96,0.00,1,1778256.54,last_posted_transaction_or_prior_closing_balance,synb1_txn_5121b8b44843430edca7e052,trusted,cn_public_2022_2026_cycles_1_0,public_schedule_without_transaction_override,False,,,complete
2025-06-16,464.70,0.00,1,1778721.24,last_posted_transaction_or_prior_closing_balance,synb1_txn_7b478426acfd4f98f64c5bca,trusted,cn_public_2022_2026_cycles_1_0,public_schedule_without_transaction_override,True,361,2025-06-17,complete
2025-06-17,4091.27,3107.75,2,1779704.76,last_posted_transaction_or_prior_closing_balance,synb1_txn_2b30068ba4716b9ba1f18d3c,trusted,cn_public_2022_2026_cycles_1_0,public_schedule_without_transaction_override,True,362,2025-06-18,complete
2025-06-18,8380.30,32433.32,4,1755651.74,last_posted_transaction_or_prior_closing_balance,synb1_txn_cdcd8f671ca78b774eb31819,trusted,cn_public_2022_2026_cycles_1_0,public_schedule_without_transaction_override,True,363,2025-06-19,complete
2025-06-19,0.00,12852.56,1,1742799.18,last_posted_transaction_or_prior_closing_balance,synb1_txn_d0f20afa68e2f4a5b4f538c5,trusted,cn_public_2022_2026_cycles_1_0,public_schedule_without_transaction_override,True,364,2025-06-20,complete
2025-06-20,0.00,0.00,0,1742799.18,last_posted_transaction_or_prior_closing_balance,,trusted,cn_public_2022_2026_cycles_1_0,public_schedule_without_transaction_override,True,365,2025-06-23,complete
2025-06-21,41284.28,0.00,1,1784083.46,last_posted_transaction_or_prior_closing_balance,synb1_txn_3ff9d19d64b4fc13f0203023,trusted,cn_public_2022_2026_cycles_1_0,public_schedule_without_transaction_override,False,,,complete
2025-06-22,19959.51,0.00,1,1804042.97,last_posted_transaction_or_prior_closing_balance,synb1_txn_c079f85c35bbcce207b2b1be,trusted,cn_public_2022_2026_cycles_1_0,public_schedule_without_transaction_override,False,,,complete
2025-06-23,30358.59,0.00,1,1834401.56,last_posted_transaction_or_prior_closing_balance,synb1_txn_658cf2369ba767df9f27fafa,trusted,cn_public_2022_2026_cycles_1_0,public_schedule_without_transaction_override,True,366,2025-06-24,complete
2025-06-24,0.00,0.00,0,1834401.56,last_posted_transaction_or_prior_closing_balance,,trusted,cn_public_2022_2026_cycles_1_0,public_schedule_without_transaction_override,True,367,2025-06-25,complete
2025-06-25,0.00,12156.83,1,1822244.73,last_posted_transaction_or_prior_closing_balance,synb1_txn_ba3dab29c35fbe0891d75307,trusted,cn_public_2022_2026_cycles_1_0,public_schedule_without_transaction_override,True,368,2025-06-26,complete
2025-06-26,2981.73,110165.13,3,1715061.33,last_posted_transaction_or_prior_closing_balance,synb1_txn_66da2d300e3e4db6a472cdec,trusted,cn_public_2022_2026_cycles_1_0,public_schedule_without_transaction_override,True,369,2025-06-27,complete
2025-06-27,0.00,0.00,0,1715061.33,last_posted_transaction_or_prior_closing_balance,,trusted,cn_public_2022_2026_cycles_1_0,public_schedule_without_transaction_override,True,370,2025-06-30,complete
2025-06-28,0.00,4042.05,2,1711019.28,last_posted_transaction_or_prior_closing_balance,synb1_txn_171a05f97f968ed5b551683d,trusted,cn_public_2022_2026_cycles_1_0,public_schedule_without_transaction_override,False,,,complete
2025-06-29,0.00,0.00,0,1711019.28,last_posted_transaction_or_prior_closing_balance,,trusted,cn_public_2022_2026_cycles_1_0,public_schedule_without_transaction_override,False,,,complete
2025-06-30,0.00,0.00,0,1711019.28,last_posted_transaction_or_prior_closing_balance,,trusted,cn_public_2022_2026_cycles_1_0,public_schedule_without_transaction_override,True,371,2025-07-01,complete
2025-07-01,0.00,0.00,0,1711019.28,last_posted_transaction_or_prior_closing_balance,,trusted,cn_public_2022_2026_cycles_1_0,public_schedule_without_transaction_override,True,372,2025-07-02,complete
2025-07-02,151495.77,0.00,1,1862515.05,last_posted_transaction_or_prior_closing_balance,synb1_txn_a5a60d6dee5365bee96ba808,trusted,cn_public_2022_2026_cycles_1_0,public_schedule_without_transaction_override,True,373,2025-07-03,complete
2025-07-03,14937.76,0.00,1,1877452.81,last_posted_transaction_or_prior_closing_balance,synb1_txn_cd216cbf249d2669064aaa6e,trusted,cn_public_2022_2026_cycles_1_0,public_schedule_without_transaction_override,True,374,2025-07-04,complete
2025-07-04,0.00,0.00,0,1877452.81,last_posted_transaction_or_prior_closing_balance,,trusted,cn_public_2022_2026_cycles_1_0,public_schedule_without_transaction_override,True,375,2025-07-07,complete
2025-07-05,0.00,8577.20,2,1868875.61,last_posted_transaction_or_prior_closing_balance,synb1_txn_546fdde63d73c58089cfb41e,trusted,cn_public_2022_2026_cycles_1_0,public_schedule_without_transaction_override,False,,,complete
2025-07-06,0.00,0.00,0,1868875.61,last_posted_transaction_or_prior_closing_balance,,trusted,cn_public_2022_2026_cycles_1_0,public_schedule_without_transaction_override,False,,,complete
2025-07-07,0.00,25500.00,1,1843375.61,last_posted_transaction_or_prior_closing_balance,synb1_txn_c6a257756391a8158e48dfe5,trusted,cn_public_2022_2026_cycles_1_0,public_schedule_without_transaction_override,True,376,2025-07-08,complete
2025-07-08,0.00,0.00,0,1843375.61,last_posted_transaction_or_prior_closing_balance,,trusted,cn_public_2022_2026_cycles_1_0,public_schedule_without_transaction_override,True,377,2025-07-09,complete
2025-07-09,0.00,0.00,0,1843375.61,last_posted_transaction_or_prior_closing_balance,,trusted,cn_public_2022_2026_cycles_1_0,public_schedule_without_transaction_override,True,378,2025-07-10,complete
2025-07-10,0.00,793.55,1,1842582.06,last_posted_transaction_or_prior_closing_balance,synb1_txn_1152cfe42d63a3b9b2cc1a37,trusted,cn_public_2022_2026_cycles_1_0,public_schedule_without_transaction_override,True,379,2025-07-11,complete
2025-07-11,0.00,1556.15,1,1841025.91,last_posted_transaction_or_prior_closing_balance,synb1_txn_12812ea516f4394c675183ba,trusted,cn_public_2022_2026_cycles_1_0,public_schedule_without_transaction_override,True,380,2025-07-14,complete
2025-07-12,0.00,31591.27,2,1809434.64,last_posted_transaction_or_prior_closing_balance,synb1_txn_f26ea9475a085a1e23ae19da,trusted,cn_public_2022_2026_cycles_1_0,public_schedule_without_transaction_override,False,,,complete
2025-07-13,0.00,47835.60,2,1761599.04,last_posted_transaction_or_prior_closing_balance,synb1_txn_f9950b7867e9d2fb206c8f77,trusted,cn_public_2022_2026_cycles_1_0,public_schedule_without_transaction_override,False,,,complete
2025-07-14,8891.10,0.00,1,1770490.14,last_posted_transaction_or_prior_closing_balance,synb1_txn_a3fab15045bd4631970e5a51,trusted,cn_public_2022_2026_cycles_1_0,public_schedule_without_transaction_override,True,381,2025-07-15,complete
2025-07-15,0.00,0.00,0,1770490.14,last_posted_transaction_or_prior_closing_balance,,trusted,cn_public_2022_2026_cycles_1_0,public_schedule_without_transaction_override,True,382,2025-07-16,complete
2025-07-16,0.00,0.00,0,1770490.14,last_posted_transaction_or_prior_closing_balance,,trusted,cn_public_2022_2026_cycles_1_0,public_schedule_without_transaction_override,True,383,2025-07-17,complete
2025-07-17,117832.87,13822.77,2,1874500.24,last_posted_transaction_or_prior_closing_balance,synb1_txn_24daa69dd8e231aef7739f48,trusted,cn_public_2022_2026_cycles_1_0,public_schedule_without_transaction_override,True,384,2025-07-18,complete
2025-07-18,0.00,21963.22,3,1852537.02,last_posted_transaction_or_prior_closing_balance,synb1_txn_cbc1b4c6741216518ee3a783,trusted,cn_public_2022_2026_cycles_1_0,public_schedule_without_transaction_override,True,385,2025-07-21,complete
2025-07-19,7088.99,0.00,1,1859626.01,last_posted_transaction_or_prior_closing_balance,synb1_txn_20776a95b12190cfa06c45a1,trusted,cn_public_2022_2026_cycles_1_0,public_schedule_without_transaction_override,False,,,complete
2025-07-20,0.00,0.00,0,1859626.01,last_posted_transaction_or_prior_closing_balance,,trusted,cn_public_2022_2026_cycles_1_0,public_schedule_without_transaction_override,False,,,complete
2025-07-21,266.03,0.00,2,1859892.04,last_posted_transaction_or_prior_closing_balance,synb1_txn_04598d920c7fccb9345156fc,trusted,cn_public_2022_2026_cycles_1_0,public_schedule_without_transaction_override,True,386,2025-07-22,complete
2025-07-22,0.00,0.00,0,1859892.04,last_posted_transaction_or_prior_closing_balance,,trusted,cn_public_2022_2026_cycles_1_0,public_schedule_without_transaction_override,True,387,2025-07-23,complete
2025-07-23,0.00,90540.97,2,1769351.07,last_posted_transaction_or_prior_closing_balance,synb1_txn_e0bd8d29fd0bfa9b4f89fe98,trusted,cn_public_2022_2026_cycles_1_0,public_schedule_without_transaction_override,True,388,2025-07-24,complete
2025-07-24,0.00,1029.25,1,1768321.82,last_posted_transaction_or_prior_closing_balance,synb1_txn_59087144f6373f590588b4d0,trusted,cn_public_2022_2026_cycles_1_0,public_schedule_without_transaction_override,True,389,2025-07-25,complete
2025-07-25,0.00,0.00,0,1768321.82,last_posted_transaction_or_prior_closing_balance,,trusted,cn_public_2022_2026_cycles_1_0,public_schedule_without_transaction_override,True,390,2025-07-28,complete
2025-07-26,0.00,0.00,0,1768321.82,last_posted_transaction_or_prior_closing_balance,,trusted,cn_public_2022_2026_cycles_1_0,public_schedule_without_transaction_override,False,,,complete
2025-07-27,0.00,21269.39,1,1747052.43,last_posted_transaction_or_prior_closing_balance,synb1_txn_7a1d4a971c4508d21b83c6fe,trusted,cn_public_2022_2026_cycles_1_0,public_schedule_without_transaction_override,False,,,complete
2025-07-28,14709.48,0.00,1,1761761.91,last_posted_transaction_or_prior_closing_balance,synb1_txn_ad592111f4ed05d9bb78dd1d,trusted,cn_public_2022_2026_cycles_1_0,public_schedule_without_transaction_override,True,391,2025-07-29,complete
2025-07-29,0.00,0.00,0,1761761.91,last_posted_transaction_or_prior_closing_balance,,trusted,cn_public_2022_2026_cycles_1_0,public_schedule_without_transaction_override,True,392,2025-07-30,complete
2025-07-30,0.00,0.00,0,1761761.91,last_posted_transaction_or_prior_closing_balance,,trusted,cn_public_2022_2026_cycles_1_0,public_schedule_without_transaction_override,True,393,2025-07-31,complete
2025-07-31,0.00,0.00,0,1761761.91,last_posted_transaction_or_prior_closing_balance,,trusted,cn_public_2022_2026_cycles_1_0,public_schedule_without_transaction_override,True,394,2025-08-01,complete
2025-08-01,0.00,0.00,0,1761761.91,last_posted_transaction_or_prior_closing_balance,,trusted,cn_public_2022_2026_cycles_1_0,public_schedule_without_transaction_override,True,395,2025-08-04,complete
2025-08-02,0.00,43066.84,3,1718695.07,last_posted_transaction_or_prior_closing_balance,synb1_txn_98963b995acd57aa87c1e154,trusted,cn_public_2022_2026_cycles_1_0,public_schedule_without_transaction_override,False,,,complete
2025-08-03,43247.49,0.00,2,1761942.56,last_posted_transaction_or_prior_closing_balance,synb1_txn_31d7b3622a69c0412979c660,trusted,cn_public_2022_2026_cycles_1_0,public_schedule_without_transaction_override,False,,,complete
2025-08-04,0.00,1467.48,1,1760475.08,last_posted_transaction_or_prior_closing_balance,synb1_txn_582a43127982f16c087b2922,trusted,cn_public_2022_2026_cycles_1_0,public_schedule_without_transaction_override,True,396,2025-08-05,complete
2025-08-05,0.00,5800.00,1,1754675.08,last_posted_transaction_or_prior_closing_balance,synb1_txn_f7acd98d958a6aa2997f8211,trusted,cn_public_2022_2026_cycles_1_0,public_schedule_without_transaction_override,True,397,2025-08-06,complete
2025-08-06,2864.73,0.00,1,1757539.81,last_posted_transaction_or_prior_closing_balance,synb1_txn_06d5ae966c5117c3d50d8957,trusted,cn_public_2022_2026_cycles_1_0,public_schedule_without_transaction_override,True,398,2025-08-07,complete
2025-08-07,9332.74,25500.00,2,1741372.55,last_posted_transaction_or_prior_closing_balance,synb1_txn_facd12e45a9d439eeab30c53,trusted,cn_public_2022_2026_cycles_1_0,public_schedule_without_transaction_override,True,399,2025-08-08,complete
2025-08-08,0.00,0.00,0,1741372.55,last_posted_transaction_or_prior_closing_balance,,trusted,cn_public_2022_2026_cycles_1_0,public_schedule_without_transaction_override,True,400,2025-08-11,complete
2025-08-09,0.00,0.00,0,1741372.55,last_posted_transaction_or_prior_closing_balance,,trusted,cn_public_2022_2026_cycles_1_0,public_schedule_without_transaction_override,False,,,complete
2025-08-10,13746.62,17856.81,3,1737262.36,last_posted_transaction_or_prior_closing_balance,synb1_txn_242d2548d5e9224663a84a67,trusted,cn_public_2022_2026_cycles_1_0,public_schedule_without_transaction_override,False,,,complete
2025-08-11,0.00,0.00,0,1737262.36,last_posted_transaction_or_prior_closing_balance,,trusted,cn_public_2022_2026_cycles_1_0,public_schedule_without_transaction_override,True,401,2025-08-12,complete
2025-08-12,0.00,0.00,0,1737262.36,last_posted_transaction_or_prior_closing_balance,,trusted,cn_public_2022_2026_cycles_1_0,public_schedule_without_transaction_override,True,402,2025-08-13,complete
2025-08-13,0.00,0.00,0,1737262.36,last_posted_transaction_or_prior_closing_balance,,trusted,cn_public_2022_2026_cycles_1_0,public_schedule_without_transaction_override,True,403,2025-08-14,complete
2025-08-14,0.00,0.00,0,1737262.36,last_posted_transaction_or_prior_closing_balance,,trusted,cn_public_2022_2026_cycles_1_0,public_schedule_without_transaction_override,True,404,2025-08-15,complete
2025-08-15,0.00,0.00,0,1737262.36,last_posted_transaction_or_prior_closing_balance,,trusted,cn_public_2022_2026_cycles_1_0,public_schedule_without_transaction_override,True,405,2025-08-18,complete
2025-08-16,0.00,3940.93,2,1733321.43,last_posted_transaction_or_prior_closing_balance,synb1_txn_98b372caa748c5cbb3e7e07b,trusted,cn_public_2022_2026_cycles_1_0,public_schedule_without_transaction_override,False,,,complete
2025-08-17,55675.41,0.00,2,1788996.84,last_posted_transaction_or_prior_closing_balance,synb1_txn_223ec67651e7606599d23980,trusted,cn_public_2022_2026_cycles_1_0,public_schedule_without_transaction_override,False,,,complete
2025-08-18,1081.07,14991.05,4,1775086.86,last_posted_transaction_or_prior_closing_balance,synb1_txn_4f6f27a13ecb70ea99294563,trusted,cn_public_2022_2026_cycles_1_0,public_schedule_without_transaction_override,True,406,2025-08-19,complete
2025-08-19,0.00,0.00,0,1775086.86,last_posted_transaction_or_prior_closing_balance,,trusted,cn_public_2022_2026_cycles_1_0,public_schedule_without_transaction_override,True,407,2025-08-20,complete
2025-08-20,0.00,0.00,0,1775086.86,last_posted_transaction_or_prior_closing_balance,,trusted,cn_public_2022_2026_cycles_1_0,public_schedule_without_transaction_override,True,408,2025-08-21,complete
2025-08-21,6161.34,35306.16,3,1745942.04,last_posted_transaction_or_prior_closing_balance,synb1_txn_c74952111123c43904ed73ab,trusted,cn_public_2022_2026_cycles_1_0,public_schedule_without_transaction_override,True,409,2025-08-22,complete
2025-08-22,97132.95,0.00,1,1843074.99,last_posted_transaction_or_prior_closing_balance,synb1_txn_bca071e4c48d59d0bbce4b8a,trusted,cn_public_2022_2026_cycles_1_0,public_schedule_without_transaction_override,True,410,2025-08-25,complete
2025-08-23,0.00,33780.77,2,1809294.22,last_posted_transaction_or_prior_closing_balance,synb1_txn_6f1d7a1ea5d228c22847c844,trusted,cn_public_2022_2026_cycles_1_0,public_schedule_without_transaction_override,False,,,complete
2025-08-24,20053.65,0.00,1,1829347.87,last_posted_transaction_or_prior_closing_balance,synb1_txn_e2196b0bed607638da7d84ba,trusted,cn_public_2022_2026_cycles_1_0,public_schedule_without_transaction_override,False,,,complete
2025-08-25,0.00,12587.58,1,1816760.29,last_posted_transaction_or_prior_closing_balance,synb1_txn_fc31a8544cdc581f44163d6e,trusted,cn_public_2022_2026_cycles_1_0,public_schedule_without_transaction_override,True,411,2025-08-26,complete
2025-08-26,0.00,0.00,0,1816760.29,last_posted_transaction_or_prior_closing_balance,,trusted,cn_public_2022_2026_cycles_1_0,public_schedule_without_transaction_override,True,412,2025-08-27,complete
2025-08-27,0.00,0.00,0,1816760.29,last_posted_transaction_or_prior_closing_balance,,trusted,cn_public_2022_2026_cycles_1_0,public_schedule_without_transaction_override,True,413,2025-08-28,complete
2025-08-28,0.00,19696.63,1,1797063.66,last_posted_transaction_or_prior_closing_balance,synb1_txn_63741831b6fbd31675ac6dad,trusted,cn_public_2022_2026_cycles_1_0,public_schedule_without_transaction_override,True,414,2025-08-29,complete
2025-08-29,0.00,0.00,0,1797063.66,last_posted_transaction_or_prior_closing_balance,,trusted,cn_public_2022_2026_cycles_1_0,public_schedule_without_transaction_override,True,415,2025-09-01,complete
2025-08-30,0.00,0.00,0,1797063.66,last_posted_transaction_or_prior_closing_balance,,trusted,cn_public_2022_2026_cycles_1_0,public_schedule_without_transaction_override,False,,,complete
2025-08-31,0.00,0.00,0,1797063.66,last_posted_transaction_or_prior_closing_balance,,trusted,cn_public_2022_2026_cycles_1_0,public_schedule_without_transaction_override,False,,,complete
2025-09-01,0.00,0.00,0,1797063.66,last_posted_transaction_or_prior_closing_balance,,trusted,cn_public_2022_2026_cycles_1_0,public_schedule_without_transaction_override,True,416,2025-09-02,complete
2025-09-02,0.00,720.73,1,1796342.93,last_posted_transaction_or_prior_closing_balance,synb1_txn_a8936f40ca59b9fb16a95596,trusted,cn_public_2022_2026_cycles_1_0,public_schedule_without_transaction_override,True,417,2025-09-03,complete
2025-09-03,0.00,0.00,0,1796342.93,last_posted_transaction_or_prior_closing_balance,,trusted,cn_public_2022_2026_cycles_1_0,public_schedule_without_transaction_override,True,418,2025-09-04,complete
2025-09-04,8626.63,0.00,1,1804969.56,last_posted_transaction_or_prior_closing_balance,synb1_txn_ed64c57afca513104762563d,trusted,cn_public_2022_2026_cycles_1_0,public_schedule_without_transaction_override,True,419,2025-09-05,complete
2025-09-05,0.00,203210.01,3,1601759.55,last_posted_transaction_or_prior_closing_balance,synb1_txn_ed7004169745f100f20e5c6e,trusted,cn_public_2022_2026_cycles_1_0,public_schedule_without_transaction_override,True,420,2025-09-08,complete
2025-09-06,20785.65,0.00,1,1622545.20,last_posted_transaction_or_prior_closing_balance,synb1_txn_a032e81d72bfafb84776ab7c,trusted,cn_public_2022_2026_cycles_1_0,public_schedule_without_transaction_override,False,,,complete
2025-09-07,22427.18,25500.00,2,1619472.38,last_posted_transaction_or_prior_closing_balance,synb1_txn_c513fceb6597291a3b08fd34,trusted,cn_public_2022_2026_cycles_1_0,public_schedule_without_transaction_override,False,,,complete
2025-09-08,0.00,863.12,1,1618609.26,last_posted_transaction_or_prior_closing_balance,synb1_txn_d5801bb0d38b76163bdbbb54,trusted,cn_public_2022_2026_cycles_1_0,public_schedule_without_transaction_override,True,421,2025-09-09,complete
2025-09-09,0.00,47675.74,1,1570933.52,last_posted_transaction_or_prior_closing_balance,synb1_txn_b30717287cdcd85224575250,trusted,cn_public_2022_2026_cycles_1_0,public_schedule_without_transaction_override,True,422,2025-09-10,complete
2025-09-10,51138.81,0.00,1,1622072.33,last_posted_transaction_or_prior_closing_balance,synb1_txn_20c29e432ded21ad6aa773bf,trusted,cn_public_2022_2026_cycles_1_0,public_schedule_without_transaction_override,True,423,2025-09-11,complete
2025-09-11,19315.03,35371.07,2,1606016.29,last_posted_transaction_or_prior_closing_balance,synb1_txn_765b5912ad4b3cc5873b381b,trusted,cn_public_2022_2026_cycles_1_0,public_schedule_without_transaction_override,True,424,2025-09-12,complete
2025-09-12,0.00,0.00,0,1606016.29,last_posted_transaction_or_prior_closing_balance,,trusted,cn_public_2022_2026_cycles_1_0,public_schedule_without_transaction_override,True,425,2025-09-15,complete
2025-09-13,0.00,2460.37,1,1603555.92,last_posted_transaction_or_prior_closing_balance,synb1_txn_4b602691b8e918c614d303b1,trusted,cn_public_2022_2026_cycles_1_0,public_schedule_without_transaction_override,False,,,complete
2025-09-14,0.00,0.00,0,1603555.92,last_posted_transaction_or_prior_closing_balance,,trusted,cn_public_2022_2026_cycles_1_0,public_schedule_without_transaction_override,False,,,complete
2025-09-15,127628.16,0.00,1,1731184.08,last_posted_transaction_or_prior_closing_balance,synb1_txn_c9478eda0b99c4932b711c71,trusted,cn_public_2022_2026_cycles_1_0,public_schedule_without_transaction_override,True,426,2025-09-16,complete
2025-09-16,0.00,0.00,0,1731184.08,last_posted_transaction_or_prior_closing_balance,,trusted,cn_public_2022_2026_cycles_1_0,public_schedule_without_transaction_override,True,427,2025-09-17,complete
2025-09-17,0.00,0.00,0,1731184.08,last_posted_transaction_or_prior_closing_balance,,trusted,cn_public_2022_2026_cycles_1_0,public_schedule_without_transaction_override,True,428,2025-09-18,complete
2025-09-18,0.00,10695.63,3,1720488.45,last_posted_transaction_or_prior_closing_balance,synb1_txn_8933b1612286029340cac67f,trusted,cn_public_2022_2026_cycles_1_0,public_schedule_without_transaction_override,True,429,2025-09-19,complete
2025-09-19,0.00,0.00,0,1720488.45,last_posted_transaction_or_prior_closing_balance,,trusted,cn_public_2022_2026_cycles_1_0,public_schedule_without_transaction_override,True,430,2025-09-22,complete
2025-09-20,0.00,0.00,0,1720488.45,last_posted_transaction_or_prior_closing_balance,,trusted,cn_public_2022_2026_cycles_1_0,public_schedule_without_transaction_override,False,,,complete
2025-09-21,0.00,0.00,0,1720488.45,last_posted_transaction_or_prior_closing_balance,,trusted,cn_public_2022_2026_cycles_1_0,public_schedule_without_transaction_override,False,,,complete
2025-09-22,0.00,0.00,0,1720488.45,last_posted_transaction_or_prior_closing_balance,,trusted,cn_public_2022_2026_cycles_1_0,public_schedule_without_transaction_override,True,431,2025-09-23,complete
2025-09-23,0.00,318.42,1,1720170.03,last_posted_transaction_or_prior_closing_balance,synb1_txn_5506a7c5e90235f7d77a86ca,trusted,cn_public_2022_2026_cycles_1_0,public_schedule_without_transaction_override,True,432,2025-09-24,complete
2025-09-24,0.00,0.00,0,1720170.03,last_posted_transaction_or_prior_closing_balance,,trusted,cn_public_2022_2026_cycles_1_0,public_schedule_without_transaction_override,True,433,2025-09-25,complete
2025-09-25,0.00,0.00,0,1720170.03,last_posted_transaction_or_prior_closing_balance,,trusted,cn_public_2022_2026_cycles_1_0,public_schedule_without_transaction_override,True,434,2025-09-26,complete
2025-09-26,67164.81,0.00,1,1787334.84,last_posted_transaction_or_prior_closing_balance,synb1_txn_52b954484405c8d0bcbc9e04,trusted,cn_public_2022_2026_cycles_1_0,public_schedule_without_transaction_override,True,435,2025-09-28,complete
2025-09-27,0.00,20136.33,1,1767198.51,last_posted_transaction_or_prior_closing_balance,synb1_txn_f75728aaf51a7f4bdb373f0e,trusted,cn_public_2022_2026_cycles_1_0,public_schedule_without_transaction_override,False,,,complete
2025-09-28,156395.73,237.36,3,1923356.88,last_posted_transaction_or_prior_closing_balance,synb1_txn_099592429d9e6674a4e8993c,trusted,cn_public_2022_2026_cycles_1_0,public_schedule_without_transaction_override,True,436,2025-09-29,complete
2025-09-29,0.00,0.00,0,1923356.88,last_posted_transaction_or_prior_closing_balance,,trusted,cn_public_2022_2026_cycles_1_0,public_schedule_without_transaction_override,True,437,2025-09-30,complete
2025-09-30,0.00,0.00,0,1923356.88,last_posted_transaction_or_prior_closing_balance,,trusted,cn_public_2022_2026_cycles_1_0,public_schedule_without_transaction_override,True,438,2025-10-09,complete
2025-10-01,0.00,0.00,0,1923356.88,last_posted_transaction_or_prior_closing_balance,,trusted,cn_public_2022_2026_cycles_1_0,public_schedule_without_transaction_override,False,,,complete
2025-10-02,0.00,40533.50,2,1882823.38,last_posted_transaction_or_prior_closing_balance,synb1_txn_71e14eb4481bc376467e7fb3,trusted,cn_public_2022_2026_cycles_1_0,public_schedule_without_transaction_override,False,,,complete
2025-10-03,4733.41,35832.31,3,1851724.48,last_posted_transaction_or_prior_closing_balance,synb1_txn_7f19fd14bef3e01b13f48322,trusted,cn_public_2022_2026_cycles_1_0,public_schedule_without_transaction_override,False,,,complete
2025-10-04,0.00,0.00,0,1851724.48,last_posted_transaction_or_prior_closing_balance,,trusted,cn_public_2022_2026_cycles_1_0,public_schedule_without_transaction_override,False,,,complete
2025-10-05,0.00,5800.00,1,1845924.48,last_posted_transaction_or_prior_closing_balance,synb1_txn_fae13bf5754a341c0301df18,trusted,cn_public_2022_2026_cycles_1_0,public_schedule_without_transaction_override,False,,,complete
2025-10-06,0.00,0.00,0,1845924.48,last_posted_transaction_or_prior_closing_balance,,trusted,cn_public_2022_2026_cycles_1_0,public_schedule_without_transaction_override,False,,,complete
2025-10-07,0.00,25500.00,1,1820424.48,last_posted_transaction_or_prior_closing_balance,synb1_txn_633f630f00238a42e7ec06e6,trusted,cn_public_2022_2026_cycles_1_0,public_schedule_without_transaction_override,False,,,complete
2025-10-08,0.00,5359.33,1,1815065.15,last_posted_transaction_or_prior_closing_balance,synb1_txn_61029a1d24dbc589ef0a08ed,trusted,cn_public_2022_2026_cycles_1_0,public_schedule_without_transaction_override,False,,,complete
2025-10-09,0.00,0.00,0,1815065.15,last_posted_transaction_or_prior_closing_balance,,trusted,cn_public_2022_2026_cycles_1_0,public_schedule_without_transaction_override,True,439,2025-10-10,complete
2025-10-10,85275.28,0.00,1,1900340.43,last_posted_transaction_or_prior_closing_balance,synb1_txn_4ca24e52bde51877b24303f7,trusted,cn_public_2022_2026_cycles_1_0,public_schedule_without_transaction_override,True,440,2025-10-11,complete
2025-10-11,0.00,18951.47,1,1881388.96,last_posted_transaction_or_prior_closing_balance,synb1_txn_6d1866d8b045f4ede311fbf8,trusted,cn_public_2022_2026_cycles_1_0,public_schedule_without_transaction_override,True,441,2025-10-13,complete
2025-10-12,54984.99,0.00,1,1936373.95,last_posted_transaction_or_prior_closing_balance,synb1_txn_9c063f89e3cf50272428644b,trusted,cn_public_2022_2026_cycles_1_0,public_schedule_without_transaction_override,False,,,complete
2025-10-13,0.00,38698.17,1,1897675.78,last_posted_transaction_or_prior_closing_balance,synb1_txn_8f71a3853c874d9a3e058585,trusted,cn_public_2022_2026_cycles_1_0,public_schedule_without_transaction_override,True,442,2025-10-14,complete
2025-10-14,154707.69,0.00,1,2052383.47,last_posted_transaction_or_prior_closing_balance,synb1_txn_ec452c36c6888b3563e85c94,trusted,cn_public_2022_2026_cycles_1_0,public_schedule_without_transaction_override,True,443,2025-10-15,complete
2025-10-15,0.00,0.00,0,2052383.47,last_posted_transaction_or_prior_closing_balance,,trusted,cn_public_2022_2026_cycles_1_0,public_schedule_without_transaction_override,True,444,2025-10-16,complete
2025-10-16,0.00,77219.76,2,1975163.71,last_posted_transaction_or_prior_closing_balance,synb1_txn_1daad0fb45fc31fc5bf9a2d5,trusted,cn_public_2022_2026_cycles_1_0,public_schedule_without_transaction_override,True,445,2025-10-17,complete
2025-10-17,1113.44,0.00,1,1976277.15,last_posted_transaction_or_prior_closing_balance,synb1_txn_7d6b51dc2e6ba4499da321f7,trusted,cn_public_2022_2026_cycles_1_0,public_schedule_without_transaction_override,True,446,2025-10-20,complete
2025-10-18,0.00,0.00,0,1976277.15,last_posted_transaction_or_prior_closing_balance,,trusted,cn_public_2022_2026_cycles_1_0,public_schedule_without_transaction_override,False,,,complete
2025-10-19,0.00,0.00,0,1976277.15,last_posted_transaction_or_prior_closing_balance,,trusted,cn_public_2022_2026_cycles_1_0,public_schedule_without_transaction_override,False,,,complete
2025-10-20,65081.65,39729.22,4,2001629.58,last_posted_transaction_or_prior_closing_balance,synb1_txn_7e35ff46538152ba137317c8,trusted,cn_public_2022_2026_cycles_1_0,public_schedule_without_transaction_override,True,447,2025-10-21,complete
2025-10-21,0.00,0.00,0,2001629.58,last_posted_transaction_or_prior_closing_balance,,trusted,cn_public_2022_2026_cycles_1_0,public_schedule_without_transaction_override,True,448,2025-10-22,complete
2025-10-22,0.00,0.00,0,2001629.58,last_posted_transaction_or_prior_closing_balance,,trusted,cn_public_2022_2026_cycles_1_0,public_schedule_without_transaction_override,True,449,2025-10-23,complete
2025-10-23,19140.22,0.00,1,2020769.80,last_posted_transaction_or_prior_closing_balance,synb1_txn_762882045a46fd504d7d7a87,trusted,cn_public_2022_2026_cycles_1_0,public_schedule_without_transaction_override,True,450,2025-10-24,complete
2025-10-24,0.00,12034.80,1,2008735.00,last_posted_transaction_or_prior_closing_balance,synb1_txn_d4aee862f0ce751b3df3ff1d,trusted,cn_public_2022_2026_cycles_1_0,public_schedule_without_transaction_override,True,451,2025-10-27,complete
2025-10-25,53133.07,15777.64,4,2046090.43,last_posted_transaction_or_prior_closing_balance,synb1_txn_e22d401d44d555622a8bddf6,trusted,cn_public_2022_2026_cycles_1_0,public_schedule_without_transaction_override,False,,,complete
2025-10-26,96061.19,812.39,2,2141339.23,last_posted_transaction_or_prior_closing_balance,synb1_txn_ac10b533a9ed14debbaf0b2d,trusted,cn_public_2022_2026_cycles_1_0,public_schedule_without_transaction_override,False,,,complete
2025-10-27,64731.06,0.00,2,2206070.29,last_posted_transaction_or_prior_closing_balance,synb1_txn_9ae1cab9797c99f8ab750c33,trusted,cn_public_2022_2026_cycles_1_0,public_schedule_without_transaction_override,True,452,2025-10-28,complete
2025-10-28,0.00,148692.28,3,2057378.01,last_posted_transaction_or_prior_closing_balance,synb1_txn_ab1b69188b748332b91c3f6b,trusted,cn_public_2022_2026_cycles_1_0,public_schedule_without_transaction_override,True,453,2025-10-29,complete
2025-10-29,0.00,0.00,0,2057378.01,last_posted_transaction_or_prior_closing_balance,,trusted,cn_public_2022_2026_cycles_1_0,public_schedule_without_transaction_override,True,454,2025-10-30,complete
2025-10-30,0.00,0.00,0,2057378.01,last_posted_transaction_or_prior_closing_balance,,trusted,cn_public_2022_2026_cycles_1_0,public_schedule_without_transaction_override,True,455,2025-10-31,complete
2025-10-31,0.00,0.00,0,2057378.01,last_posted_transaction_or_prior_closing_balance,,trusted,cn_public_2022_2026_cycles_1_0,public_schedule_without_transaction_override,True,456,2025-11-03,complete
2025-11-01,0.00,0.00,0,2057378.01,last_posted_transaction_or_prior_closing_balance,,trusted,cn_public_2022_2026_cycles_1_0,public_schedule_without_transaction_override,False,,,complete
2025-11-02,0.00,44691.12,1,2012686.89,last_posted_transaction_or_prior_closing_balance,synb1_txn_e9e123ce27de966954388cfb,trusted,cn_public_2022_2026_cycles_1_0,public_schedule_without_transaction_override,False,,,complete
2025-11-03,0.00,28853.82,1,1983833.07,last_posted_transaction_or_prior_closing_balance,synb1_txn_bb8aa90d3cc3803aed7329d3,trusted,cn_public_2022_2026_cycles_1_0,public_schedule_without_transaction_override,True,457,2025-11-04,complete
2025-11-04,0.00,25738.33,2,1958094.74,last_posted_transaction_or_prior_closing_balance,synb1_txn_ce5e34594244e67a52e2b9f7,trusted,cn_public_2022_2026_cycles_1_0,public_schedule_without_transaction_override,True,458,2025-11-05,complete
2025-11-05,0.00,5800.00,1,1952294.74,last_posted_transaction_or_prior_closing_balance,synb1_txn_55671a33e4fdc5f2e0306c69,trusted,cn_public_2022_2026_cycles_1_0,public_schedule_without_transaction_override,True,459,2025-11-06,complete
2025-11-06,0.00,179486.41,1,1772808.33,last_posted_transaction_or_prior_closing_balance,synb1_txn_0668722d9dae17dce5147153,trusted,cn_public_2022_2026_cycles_1_0,public_schedule_without_transaction_override,True,460,2025-11-07,complete
2025-11-07,0.00,25500.00,1,1747308.33,last_posted_transaction_or_prior_closing_balance,synb1_txn_1a02ac4bada1ba01225cb2d0,trusted,cn_public_2022_2026_cycles_1_0,public_schedule_without_transaction_override,True,461,2025-11-10,complete
2025-11-08,0.00,88434.36,2,1658873.97,last_posted_transaction_or_prior_closing_balance,synb1_txn_e9fd71d845205929d7398bfb,trusted,cn_public_2022_2026_cycles_1_0,public_schedule_without_transaction_override,False,,,complete
2025-11-09,0.00,0.00,0,1658873.97,last_posted_transaction_or_prior_closing_balance,,trusted,cn_public_2022_2026_cycles_1_0,public_schedule_without_transaction_override,False,,,complete
2025-11-10,196267.89,0.00,1,1855141.86,last_posted_transaction_or_prior_closing_balance,synb1_txn_7d46faf6c580a66f39203202,trusted,cn_public_2022_2026_cycles_1_0,public_schedule_without_transaction_override,True,462,2025-11-11,complete
2025-11-11,0.00,0.00,0,1855141.86,last_posted_transaction_or_prior_closing_balance,,trusted,cn_public_2022_2026_cycles_1_0,public_schedule_without_transaction_override,True,463,2025-11-12,complete
2025-11-12,0.00,509.52,1,1854632.34,last_posted_transaction_or_prior_closing_balance,synb1_txn_bd0a120c60c1c24beefae771,trusted,cn_public_2022_2026_cycles_1_0,public_schedule_without_transaction_override,True,464,2025-11-13,complete
2025-11-13,31537.65,0.00,1,1886169.99,last_posted_transaction_or_prior_closing_balance,synb1_txn_772786a15761094d2a39e0f7,trusted,cn_public_2022_2026_cycles_1_0,public_schedule_without_transaction_override,True,465,2025-11-14,complete
2025-11-14,92322.07,0.00,2,1978492.06,last_posted_transaction_or_prior_closing_balance,synb1_txn_8e7d2f45ee7aa23657b01435,trusted,cn_public_2022_2026_cycles_1_0,public_schedule_without_transaction_override,True,466,2025-11-17,complete
2025-11-15,165610.22,2513.24,2,2141589.04,last_posted_transaction_or_prior_closing_balance,synb1_txn_10118768c5552b4359300e7f,trusted,cn_public_2022_2026_cycles_1_0,public_schedule_without_transaction_override,False,,,complete
2025-11-16,13497.79,0.00,1,2155086.83,last_posted_transaction_or_prior_closing_balance,synb1_txn_678548ea315cef9909a00863,trusted,cn_public_2022_2026_cycles_1_0,public_schedule_without_transaction_override,False,,,complete
2025-11-17,30206.12,77403.79,3,2107889.16,last_posted_transaction_or_prior_closing_balance,synb1_txn_f4166d809d74f548a977d8bd,trusted,cn_public_2022_2026_cycles_1_0,public_schedule_without_transaction_override,True,467,2025-11-18,complete
2025-11-18,0.00,39784.49,3,2068104.67,last_posted_transaction_or_prior_closing_balance,synb1_txn_3db2b890e21cb915fbd44545,trusted,cn_public_2022_2026_cycles_1_0,public_schedule_without_transaction_override,True,468,2025-11-19,complete
2025-11-19,3426.19,0.00,1,2071530.86,last_posted_transaction_or_prior_closing_balance,synb1_txn_87128e976db3607887e3b51b,trusted,cn_public_2022_2026_cycles_1_0,public_schedule_without_transaction_override,True,469,2025-11-20,complete
2025-11-20,0.00,600.58,1,2070930.28,last_posted_transaction_or_prior_closing_balance,synb1_txn_7faa520943f3d4acdc93cc2e,trusted,cn_public_2022_2026_cycles_1_0,public_schedule_without_transaction_override,True,470,2025-11-21,complete
2025-11-21,0.00,0.00,0,2070930.28,last_posted_transaction_or_prior_closing_balance,,trusted,cn_public_2022_2026_cycles_1_0,public_schedule_without_transaction_override,True,471,2025-11-24,complete
2025-11-22,0.00,0.00,0,2070930.28,last_posted_transaction_or_prior_closing_balance,,trusted,cn_public_2022_2026_cycles_1_0,public_schedule_without_transaction_override,False,,,complete
2025-11-23,65156.01,41130.33,3,2094955.96,last_posted_transaction_or_prior_closing_balance,synb1_txn_e99f048f7504be86756b4d67,trusted,cn_public_2022_2026_cycles_1_0,public_schedule_without_transaction_override,False,,,complete
2025-11-24,94778.84,0.00,2,2189734.80,last_posted_transaction_or_prior_closing_balance,synb1_txn_16661c04950e61c120d0c771,trusted,cn_public_2022_2026_cycles_1_0,public_schedule_without_transaction_override,True,472,2025-11-25,complete
2025-11-25,0.00,0.00,0,2189734.80,last_posted_transaction_or_prior_closing_balance,,trusted,cn_public_2022_2026_cycles_1_0,public_schedule_without_transaction_override,True,473,2025-11-26,complete
2025-11-26,24340.78,0.00,1,2214075.58,last_posted_transaction_or_prior_closing_balance,synb1_txn_d923711148ab9b86b2f2a766,trusted,cn_public_2022_2026_cycles_1_0,public_schedule_without_transaction_override,True,474,2025-11-27,complete
2025-11-27,0.00,3489.90,1,2210585.68,last_posted_transaction_or_prior_closing_balance,synb1_txn_5547dbb5ebb8e3bafad12e55,trusted,cn_public_2022_2026_cycles_1_0,public_schedule_without_transaction_override,True,475,2025-11-28,complete
2025-11-28,41248.44,0.00,1,2251834.12,last_posted_transaction_or_prior_closing_balance,synb1_txn_e85a0193da7abea775bdc2b1,trusted,cn_public_2022_2026_cycles_1_0,public_schedule_without_transaction_override,True,476,2025-12-01,complete
2025-11-29,0.00,0.00,0,2251834.12,last_posted_transaction_or_prior_closing_balance,,trusted,cn_public_2022_2026_cycles_1_0,public_schedule_without_transaction_override,False,,,complete
2025-11-30,0.00,0.00,0,2251834.12,last_posted_transaction_or_prior_closing_balance,,trusted,cn_public_2022_2026_cycles_1_0,public_schedule_without_transaction_override,False,,,complete
2025-12-01,0.00,0.00,0,2251834.12,last_posted_transaction_or_prior_closing_balance,,trusted,cn_public_2022_2026_cycles_1_0,public_schedule_without_transaction_override,True,477,2025-12-02,complete
2025-12-02,4508.34,0.00,1,2256342.46,last_posted_transaction_or_prior_closing_balance,synb1_txn_edc703ea59ad0b53b6333e95,trusted,cn_public_2022_2026_cycles_1_0,public_schedule_without_transaction_override,True,478,2025-12-03,complete
2025-12-03,0.00,25897.42,1,2230445.04,last_posted_transaction_or_prior_closing_balance,synb1_txn_2b7b4dee65653bf5026dc115,trusted,cn_public_2022_2026_cycles_1_0,public_schedule_without_transaction_override,True,479,2025-12-04,complete
2025-12-04,74723.48,3952.83,3,2301215.69,last_posted_transaction_or_prior_closing_balance,synb1_txn_51119ce11f1f39cc8faeb938,trusted,cn_public_2022_2026_cycles_1_0,public_schedule_without_transaction_override,True,480,2025-12-05,complete
2025-12-05,29315.94,5800.00,3,2324731.63,last_posted_transaction_or_prior_closing_balance,synb1_txn_cf44ee0cffa57f80ec21f213,trusted,cn_public_2022_2026_cycles_1_0,public_schedule_without_transaction_override,True,481,2025-12-08,complete
2025-12-06,32528.41,54601.38,2,2302658.66,last_posted_transaction_or_prior_closing_balance,synb1_txn_b3c288bcf66ea65321b32cfd,trusted,cn_public_2022_2026_cycles_1_0,public_schedule_without_transaction_override,False,,,complete
2025-12-07,0.00,25500.00,1,2277158.66,last_posted_transaction_or_prior_closing_balance,synb1_txn_3ed32c89516ba74db5d39e46,trusted,cn_public_2022_2026_cycles_1_0,public_schedule_without_transaction_override,False,,,complete
2025-12-08,0.00,483.27,1,2276675.39,last_posted_transaction_or_prior_closing_balance,synb1_txn_3552ecd738325bb6265a109d,trusted,cn_public_2022_2026_cycles_1_0,public_schedule_without_transaction_override,True,482,2025-12-09,complete
2025-12-09,41480.17,0.00,1,2318155.56,last_posted_transaction_or_prior_closing_balance,synb1_txn_a8a9c51ded38c5a355bb4721,trusted,cn_public_2022_2026_cycles_1_0,public_schedule_without_transaction_override,True,483,2025-12-10,complete
2025-12-10,0.00,135326.40,1,2182829.16,last_posted_transaction_or_prior_closing_balance,synb1_txn_af7f55affa9e2cb11ce5f421,trusted,cn_public_2022_2026_cycles_1_0,public_schedule_without_transaction_override,True,484,2025-12-11,complete
2025-12-11,29188.47,4553.82,3,2207463.81,last_posted_transaction_or_prior_closing_balance,synb1_txn_7c1b5c80bb1fb3e8196813c7,trusted,cn_public_2022_2026_cycles_1_0,public_schedule_without_transaction_override,True,485,2025-12-12,complete
2025-12-12,65409.12,44095.74,2,2228777.19,last_posted_transaction_or_prior_closing_balance,synb1_txn_05a824c00cc247abe822e346,trusted,cn_public_2022_2026_cycles_1_0,public_schedule_without_transaction_override,True,486,2025-12-15,complete
2025-12-13,114606.98,0.00,1,2343384.17,last_posted_transaction_or_prior_closing_balance,synb1_txn_5e640b929f8b573e08685519,trusted,cn_public_2022_2026_cycles_1_0,public_schedule_without_transaction_override,False,,,complete
2025-12-14,2799.91,49178.30,2,2297005.78,last_posted_transaction_or_prior_closing_balance,synb1_txn_c79eb8957bbd27c54cd8de7a,trusted,cn_public_2022_2026_cycles_1_0,public_schedule_without_transaction_override,False,,,complete
2025-12-15,0.00,17611.50,2,2279394.28,last_posted_transaction_or_prior_closing_balance,synb1_txn_44ca0f2dc4747a133a68b331,trusted,cn_public_2022_2026_cycles_1_0,public_schedule_without_transaction_override,True,487,2025-12-16,complete
2025-12-16,0.00,0.00,0,2279394.28,last_posted_transaction_or_prior_closing_balance,,trusted,cn_public_2022_2026_cycles_1_0,public_schedule_without_transaction_override,True,488,2025-12-17,complete
2025-12-17,0.00,0.00,0,2279394.28,last_posted_transaction_or_prior_closing_balance,,trusted,cn_public_2022_2026_cycles_1_0,public_schedule_without_transaction_override,True,489,2025-12-18,complete
2025-12-18,0.00,61614.86,4,2217779.42,last_posted_transaction_or_prior_closing_balance,synb1_txn_15779cc694d2ff2eb49cc774,trusted,cn_public_2022_2026_cycles_1_0,public_schedule_without_transaction_override,True,490,2025-12-19,complete
2025-12-19,15091.14,0.00,1,2232870.56,last_posted_transaction_or_prior_closing_balance,synb1_txn_88d7cbc1ff1db4898d8dbc62,trusted,cn_public_2022_2026_cycles_1_0,public_schedule_without_transaction_override,True,491,2025-12-22,complete
2025-12-20,32621.38,0.00,1,2265491.94,last_posted_transaction_or_prior_closing_balance,synb1_txn_510853cc9257f5edd6d4c0e4,trusted,cn_public_2022_2026_cycles_1_0,public_schedule_without_transaction_override,False,,,complete
2025-12-21,0.00,0.00,0,2265491.94,last_posted_transaction_or_prior_closing_balance,,trusted,cn_public_2022_2026_cycles_1_0,public_schedule_without_transaction_override,False,,,complete
2025-12-22,6211.37,66.61,2,2271636.70,last_posted_transaction_or_prior_closing_balance,synb1_txn_3a5739e24f415981ddc6b1a0,trusted,cn_public_2022_2026_cycles_1_0,public_schedule_without_transaction_override,True,492,2025-12-23,complete
2025-12-23,0.00,0.00,0,2271636.70,last_posted_transaction_or_prior_closing_balance,,trusted,cn_public_2022_2026_cycles_1_0,public_schedule_without_transaction_override,True,493,2025-12-24,complete
2025-12-24,1875.46,0.00,1,2273512.16,last_posted_transaction_or_prior_closing_balance,synb1_txn_251fe23889914eebb2a0d8f5,trusted,cn_public_2022_2026_cycles_1_0,public_schedule_without_transaction_override,True,494,2025-12-25,complete
2025-12-25,0.00,0.00,0,2273512.16,last_posted_transaction_or_prior_closing_balance,,trusted,cn_public_2022_2026_cycles_1_0,public_schedule_without_transaction_override,True,495,2025-12-26,complete
2025-12-26,3945.92,0.00,1,2277458.08,last_posted_transaction_or_prior_closing_balance,synb1_txn_1a51d82bea9eaf626f48db90,trusted,cn_public_2022_2026_cycles_1_0,public_schedule_without_transaction_override,True,496,2025-12-29,complete
2025-12-27,0.00,0.00,0,2277458.08,last_posted_transaction_or_prior_closing_balance,,trusted,cn_public_2022_2026_cycles_1_0,public_schedule_without_transaction_override,False,,,complete
2025-12-28,109817.91,40890.82,2,2346385.17,last_posted_transaction_or_prior_closing_balance,synb1_txn_554804bfc3eb2b927614ae22,trusted,cn_public_2022_2026_cycles_1_0,public_schedule_without_transaction_override,False,,,complete
2025-12-29,0.00,0.00,0,2346385.17,last_posted_transaction_or_prior_closing_balance,,trusted,cn_public_2022_2026_cycles_1_0,public_schedule_without_transaction_override,True,497,2025-12-30,complete
2025-12-30,0.00,0.00,0,2346385.17,last_posted_transaction_or_prior_closing_balance,,trusted,cn_public_2022_2026_cycles_1_0,public_schedule_without_transaction_override,True,498,2025-12-31,complete
2025-12-31,0.00,0.00,0,2346385.17,last_posted_transaction_or_prior_closing_balance,,trusted,cn_public_2022_2026_cycles_1_0,public_schedule_without_transaction_override,True,499,2026-01-04,complete
