calendar_date,inflow_cny,outflow_cny,transaction_count,ending_balance_cny,day_cut_basis,source_last_transaction_id,reconciliation_status,calendar_source,calendar_inference_status,is_bank_workday,business_step,target_date,execution_status
2024-01-01,1200000.00,0.00,1,1200000.00,last_posted_transaction_or_prior_closing_balance,synb1_txn_c8f5acd606d3622179a628f8,trusted,cn_public_2022_2026_cycles_1_0,public_schedule_without_transaction_override,False,,,complete
2024-01-02,0.00,0.00,0,1200000.00,last_posted_transaction_or_prior_closing_balance,,trusted,cn_public_2022_2026_cycles_1_0,public_schedule_without_transaction_override,True,1,2024-01-03,complete
2024-01-03,0.00,0.00,0,1200000.00,last_posted_transaction_or_prior_closing_balance,,trusted,cn_public_2022_2026_cycles_1_0,public_schedule_without_transaction_override,True,2,2024-01-04,complete
2024-01-04,0.00,12772.58,1,1187227.42,last_posted_transaction_or_prior_closing_balance,synb1_txn_64349701c290f0747c287b19,trusted,cn_public_2022_2026_cycles_1_0,public_schedule_without_transaction_override,True,3,2024-01-05,complete
2024-01-05,0.00,27707.24,2,1159520.18,last_posted_transaction_or_prior_closing_balance,synb1_txn_902297cee84731420114c67b,trusted,cn_public_2022_2026_cycles_1_0,public_schedule_without_transaction_override,True,4,2024-01-08,complete
2024-01-06,0.00,0.00,0,1159520.18,last_posted_transaction_or_prior_closing_balance,,trusted,cn_public_2022_2026_cycles_1_0,public_schedule_without_transaction_override,False,,,complete
2024-01-07,0.00,0.00,0,1159520.18,last_posted_transaction_or_prior_closing_balance,,trusted,cn_public_2022_2026_cycles_1_0,public_schedule_without_transaction_override,False,,,complete
2024-01-08,4425.34,0.00,1,1163945.52,last_posted_transaction_or_prior_closing_balance,synb1_txn_28a2cd6bdc3c41115fff7a3d,trusted,cn_public_2022_2026_cycles_1_0,public_schedule_without_transaction_override,True,5,2024-01-09,complete
2024-01-09,0.00,0.00,0,1163945.52,last_posted_transaction_or_prior_closing_balance,,trusted,cn_public_2022_2026_cycles_1_0,public_schedule_without_transaction_override,True,6,2024-01-10,complete
2024-01-10,0.00,1522.14,1,1162423.38,last_posted_transaction_or_prior_closing_balance,synb1_txn_1dae9b0b802f7eea4d450227,trusted,cn_public_2022_2026_cycles_1_0,public_schedule_without_transaction_override,True,7,2024-01-11,complete
2024-01-11,0.00,0.00,0,1162423.38,last_posted_transaction_or_prior_closing_balance,,trusted,cn_public_2022_2026_cycles_1_0,public_schedule_without_transaction_override,True,8,2024-01-12,complete
2024-01-12,0.00,0.00,0,1162423.38,last_posted_transaction_or_prior_closing_balance,,trusted,cn_public_2022_2026_cycles_1_0,public_schedule_without_transaction_override,True,9,2024-01-15,complete
2024-01-13,0.00,126239.88,1,1036183.50,last_posted_transaction_or_prior_closing_balance,synb1_txn_fde4f9fd1aedf7c583f7694a,trusted,cn_public_2022_2026_cycles_1_0,public_schedule_without_transaction_override,False,,,complete
2024-01-14,0.00,10777.14,2,1025406.36,last_posted_transaction_or_prior_closing_balance,synb1_txn_a9a29caf2a5fbd3165cdc4ea,trusted,cn_public_2022_2026_cycles_1_0,public_schedule_without_transaction_override,False,,,complete
2024-01-15,0.00,0.00,0,1025406.36,last_posted_transaction_or_prior_closing_balance,,trusted,cn_public_2022_2026_cycles_1_0,public_schedule_without_transaction_override,True,10,2024-01-16,complete
2024-01-16,8208.62,4040.25,2,1029574.73,last_posted_transaction_or_prior_closing_balance,synb1_txn_e9d733a76c275f137b85193f,trusted,cn_public_2022_2026_cycles_1_0,public_schedule_without_transaction_override,True,11,2024-01-17,complete
2024-01-17,19035.89,0.00,1,1048610.62,last_posted_transaction_or_prior_closing_balance,synb1_txn_0a1c5aa09555303a75b2c354,trusted,cn_public_2022_2026_cycles_1_0,public_schedule_without_transaction_override,True,12,2024-01-18,complete
2024-01-18,0.00,74452.37,2,974158.25,last_posted_transaction_or_prior_closing_balance,synb1_txn_fbaadf2e149b8a96622328f6,trusted,cn_public_2022_2026_cycles_1_0,public_schedule_without_transaction_override,True,13,2024-01-19,complete
2024-01-19,0.00,0.00,0,974158.25,last_posted_transaction_or_prior_closing_balance,,trusted,cn_public_2022_2026_cycles_1_0,public_schedule_without_transaction_override,True,14,2024-01-22,complete
2024-01-20,68295.64,0.00,1,1042453.89,last_posted_transaction_or_prior_closing_balance,synb1_txn_c685bf954ea9be025031cdf5,trusted,cn_public_2022_2026_cycles_1_0,public_schedule_without_transaction_override,False,,,complete
2024-01-21,0.00,0.00,0,1042453.89,last_posted_transaction_or_prior_closing_balance,,trusted,cn_public_2022_2026_cycles_1_0,public_schedule_without_transaction_override,False,,,complete
2024-01-22,0.00,0.00,0,1042453.89,last_posted_transaction_or_prior_closing_balance,,trusted,cn_public_2022_2026_cycles_1_0,public_schedule_without_transaction_override,True,15,2024-01-23,complete
2024-01-23,0.00,0.00,0,1042453.89,last_posted_transaction_or_prior_closing_balance,,trusted,cn_public_2022_2026_cycles_1_0,public_schedule_without_transaction_override,True,16,2024-01-24,complete
2024-01-24,0.00,17119.78,1,1025334.11,last_posted_transaction_or_prior_closing_balance,synb1_txn_016038848a345ce898dceb8f,trusted,cn_public_2022_2026_cycles_1_0,public_schedule_without_transaction_override,True,17,2024-01-25,complete
2024-01-25,0.00,0.00,0,1025334.11,last_posted_transaction_or_prior_closing_balance,,trusted,cn_public_2022_2026_cycles_1_0,public_schedule_without_transaction_override,True,18,2024-01-26,complete
2024-01-26,139009.51,8290.65,2,1156052.97,last_posted_transaction_or_prior_closing_balance,synb1_txn_11c8b41586b082508702c049,trusted,cn_public_2022_2026_cycles_1_0,public_schedule_without_transaction_override,True,19,2024-01-29,complete
2024-01-27,0.00,6310.42,1,1149742.55,last_posted_transaction_or_prior_closing_balance,synb1_txn_9520cc75082a55e740ab27fe,trusted,cn_public_2022_2026_cycles_1_0,public_schedule_without_transaction_override,False,,,complete
2024-01-28,0.00,90000.00,1,1059742.55,last_posted_transaction_or_prior_closing_balance,synb1_txn_2e2f9f434121919806efbd5d,trusted,cn_public_2022_2026_cycles_1_0,public_schedule_without_transaction_override,False,,,complete
2024-01-29,0.00,0.00,0,1059742.55,last_posted_transaction_or_prior_closing_balance,,trusted,cn_public_2022_2026_cycles_1_0,public_schedule_without_transaction_override,True,20,2024-01-30,complete
2024-01-30,0.00,0.00,0,1059742.55,last_posted_transaction_or_prior_closing_balance,,trusted,cn_public_2022_2026_cycles_1_0,public_schedule_without_transaction_override,True,21,2024-01-31,complete
2024-01-31,0.00,0.00,0,1059742.55,last_posted_transaction_or_prior_closing_balance,,trusted,cn_public_2022_2026_cycles_1_0,public_schedule_without_transaction_override,True,22,2024-02-01,complete
2024-02-01,0.00,0.00,0,1059742.55,last_posted_transaction_or_prior_closing_balance,,trusted,cn_public_2022_2026_cycles_1_0,public_schedule_without_transaction_override,True,23,2024-02-02,complete
2024-02-02,0.00,0.00,0,1059742.55,last_posted_transaction_or_prior_closing_balance,,trusted,cn_public_2022_2026_cycles_1_0,public_schedule_without_transaction_override,True,24,2024-02-04,complete
2024-02-03,54.45,3822.23,2,1055974.77,last_posted_transaction_or_prior_closing_balance,synb1_txn_39aae684ab29e54d24149d3c,trusted,cn_public_2022_2026_cycles_1_0,public_schedule_without_transaction_override,False,,,complete
2024-02-04,1429.00,0.00,1,1057403.77,last_posted_transaction_or_prior_closing_balance,synb1_txn_885794ab69a7c1ac2fab3661,trusted,cn_public_2022_2026_cycles_1_0,public_schedule_without_transaction_override,True,25,2024-02-05,complete
2024-02-05,0.00,27000.00,1,1030403.77,last_posted_transaction_or_prior_closing_balance,synb1_txn_7ac021dfdd55296f0953a773,trusted,cn_public_2022_2026_cycles_1_0,public_schedule_without_transaction_override,True,26,2024-02-06,complete
2024-02-06,0.00,104789.55,1,925614.22,last_posted_transaction_or_prior_closing_balance,synb1_txn_3131d719261565515a0d1d10,trusted,cn_public_2022_2026_cycles_1_0,public_schedule_without_transaction_override,True,27,2024-02-07,complete
2024-02-07,107384.16,155174.84,3,877823.54,last_posted_transaction_or_prior_closing_balance,synb1_txn_485a317696dcdddaffd92c84,trusted,cn_public_2022_2026_cycles_1_0,public_schedule_without_transaction_override,True,28,2024-02-08,complete
2024-02-08,6458.99,232528.58,3,651753.95,last_posted_transaction_or_prior_closing_balance,synb1_txn_2c59042b7e8c3a7f8f4a07ba,trusted,cn_public_2022_2026_cycles_1_0,public_schedule_without_transaction_override,True,29,2024-02-09,complete
2024-02-09,977.28,5367.51,2,647363.72,last_posted_transaction_or_prior_closing_balance,synb1_txn_e09e48d81383d7779a6e1ae5,trusted,cn_public_2022_2026_cycles_1_0,public_schedule_without_transaction_override,True,30,2024-02-18,complete
2024-02-10,185737.06,0.00,3,833100.78,last_posted_transaction_or_prior_closing_balance,synb1_txn_d2cd620c0a7314a2d2c0c449,trusted,cn_public_2022_2026_cycles_1_0,public_schedule_without_transaction_override,False,,,complete
2024-02-11,0.00,366.33,1,832734.45,last_posted_transaction_or_prior_closing_balance,synb1_txn_0718deddb557c84b4dcf28e2,trusted,cn_public_2022_2026_cycles_1_0,public_schedule_without_transaction_override,False,,,complete
2024-02-12,0.00,0.00,0,832734.45,last_posted_transaction_or_prior_closing_balance,,trusted,cn_public_2022_2026_cycles_1_0,public_schedule_without_transaction_override,False,,,complete
2024-02-13,33014.34,0.00,1,865748.79,last_posted_transaction_or_prior_closing_balance,synb1_txn_c6dc487f91a08335e9563b47,trusted,cn_public_2022_2026_cycles_1_0,public_schedule_without_transaction_override,False,,,complete
2024-02-14,27813.05,0.00,1,893561.84,last_posted_transaction_or_prior_closing_balance,synb1_txn_ab63dc8caadb61e8896744c7,trusted,cn_public_2022_2026_cycles_1_0,public_schedule_without_transaction_override,False,,,complete
2024-02-15,0.00,0.00,0,893561.84,last_posted_transaction_or_prior_closing_balance,,trusted,cn_public_2022_2026_cycles_1_0,public_schedule_without_transaction_override,False,,,complete
2024-02-16,0.00,2031.74,1,891530.10,last_posted_transaction_or_prior_closing_balance,synb1_txn_80cfaa2c82b63dca0b654f3e,trusted,cn_public_2022_2026_cycles_1_0,public_schedule_without_transaction_override,False,,,complete
2024-02-17,35941.86,0.00,1,927471.96,last_posted_transaction_or_prior_closing_balance,synb1_txn_3c409e30166e53d64ea701af,trusted,cn_public_2022_2026_cycles_1_0,public_schedule_without_transaction_override,False,,,complete
2024-02-18,117032.06,34219.74,5,1010284.28,last_posted_transaction_or_prior_closing_balance,synb1_txn_85f5269940585bd98699ab11,trusted,cn_public_2022_2026_cycles_1_0,public_schedule_without_transaction_override,True,31,2024-02-19,complete
2024-02-19,0.00,7909.02,1,1002375.26,last_posted_transaction_or_prior_closing_balance,synb1_txn_12278112b9aee2040e90649f,trusted,cn_public_2022_2026_cycles_1_0,public_schedule_without_transaction_override,True,32,2024-02-20,complete
2024-02-20,0.00,0.00,0,1002375.26,last_posted_transaction_or_prior_closing_balance,,trusted,cn_public_2022_2026_cycles_1_0,public_schedule_without_transaction_override,True,33,2024-02-21,complete
2024-02-21,18592.75,0.00,1,1020968.01,last_posted_transaction_or_prior_closing_balance,synb1_txn_7323882dca3b0ad3949aceb8,trusted,cn_public_2022_2026_cycles_1_0,public_schedule_without_transaction_override,True,34,2024-02-22,complete
2024-02-22,0.00,0.00,0,1020968.01,last_posted_transaction_or_prior_closing_balance,,trusted,cn_public_2022_2026_cycles_1_0,public_schedule_without_transaction_override,True,35,2024-02-23,complete
2024-02-23,0.00,38004.69,1,982963.32,last_posted_transaction_or_prior_closing_balance,synb1_txn_af1dd14e90e694af7255797e,trusted,cn_public_2022_2026_cycles_1_0,public_schedule_without_transaction_override,True,36,2024-02-26,complete
2024-02-24,0.00,99336.44,2,883626.88,last_posted_transaction_or_prior_closing_balance,synb1_txn_56d51e171a7dcf0374d2fe4b,trusted,cn_public_2022_2026_cycles_1_0,public_schedule_without_transaction_override,False,,,complete
2024-02-25,0.00,1722.91,1,881903.97,last_posted_transaction_or_prior_closing_balance,synb1_txn_12b93be376ad3d9319b5c27f,trusted,cn_public_2022_2026_cycles_1_0,public_schedule_without_transaction_override,False,,,complete
2024-02-26,0.00,0.00,0,881903.97,last_posted_transaction_or_prior_closing_balance,,trusted,cn_public_2022_2026_cycles_1_0,public_schedule_without_transaction_override,True,37,2024-02-27,complete
2024-02-27,0.00,0.00,0,881903.97,last_posted_transaction_or_prior_closing_balance,,trusted,cn_public_2022_2026_cycles_1_0,public_schedule_without_transaction_override,True,38,2024-02-28,complete
2024-02-28,0.00,98823.67,2,783080.30,last_posted_transaction_or_prior_closing_balance,synb1_txn_3aff33e34957fa2eea79eada,trusted,cn_public_2022_2026_cycles_1_0,public_schedule_without_transaction_override,True,39,2024-02-29,complete
2024-02-29,0.00,0.00,0,783080.30,last_posted_transaction_or_prior_closing_balance,,trusted,cn_public_2022_2026_cycles_1_0,public_schedule_without_transaction_override,True,40,2024-03-01,complete
2024-03-01,0.00,0.00,0,783080.30,last_posted_transaction_or_prior_closing_balance,,trusted,cn_public_2022_2026_cycles_1_0,public_schedule_without_transaction_override,True,41,2024-03-04,complete
2024-03-02,0.00,0.00,0,783080.30,last_posted_transaction_or_prior_closing_balance,,trusted,cn_public_2022_2026_cycles_1_0,public_schedule_without_transaction_override,False,,,complete
2024-03-03,7134.65,0.00,1,790214.95,last_posted_transaction_or_prior_closing_balance,synb1_txn_6b93b313dbbf938a22143c5a,trusted,cn_public_2022_2026_cycles_1_0,public_schedule_without_transaction_override,False,,,complete
2024-03-04,0.00,1794.45,1,788420.50,last_posted_transaction_or_prior_closing_balance,synb1_txn_2a97f7c507b71b0660105bd1,trusted,cn_public_2022_2026_cycles_1_0,public_schedule_without_transaction_override,True,42,2024-03-05,complete
2024-03-05,0.00,142131.74,2,646288.76,last_posted_transaction_or_prior_closing_balance,synb1_txn_0bbbda7dc2a811e79f7936b3,trusted,cn_public_2022_2026_cycles_1_0,public_schedule_without_transaction_override,True,43,2024-03-06,complete
2024-03-06,0.00,0.00,0,646288.76,last_posted_transaction_or_prior_closing_balance,,trusted,cn_public_2022_2026_cycles_1_0,public_schedule_without_transaction_override,True,44,2024-03-07,complete
2024-03-07,0.00,5012.68,1,641276.08,last_posted_transaction_or_prior_closing_balance,synb1_txn_a5a0a2952bb7379f9ac8d4e4,trusted,cn_public_2022_2026_cycles_1_0,public_schedule_without_transaction_override,True,45,2024-03-08,complete
2024-03-08,0.00,0.00,0,641276.08,last_posted_transaction_or_prior_closing_balance,,trusted,cn_public_2022_2026_cycles_1_0,public_schedule_without_transaction_override,True,46,2024-03-11,complete
2024-03-09,0.00,0.00,0,641276.08,last_posted_transaction_or_prior_closing_balance,,trusted,cn_public_2022_2026_cycles_1_0,public_schedule_without_transaction_override,False,,,complete
2024-03-10,0.00,0.00,0,641276.08,last_posted_transaction_or_prior_closing_balance,,trusted,cn_public_2022_2026_cycles_1_0,public_schedule_without_transaction_override,False,,,complete
2024-03-11,0.00,0.00,0,641276.08,last_posted_transaction_or_prior_closing_balance,,trusted,cn_public_2022_2026_cycles_1_0,public_schedule_without_transaction_override,True,47,2024-03-12,complete
2024-03-12,81697.79,0.00,1,722973.87,last_posted_transaction_or_prior_closing_balance,synb1_txn_01aa86e49807ac8e48e8f88b,trusted,cn_public_2022_2026_cycles_1_0,public_schedule_without_transaction_override,True,48,2024-03-13,complete
2024-03-13,101829.45,0.00,1,824803.32,last_posted_transaction_or_prior_closing_balance,synb1_txn_e893926ce5d70a3452194a14,trusted,cn_public_2022_2026_cycles_1_0,public_schedule_without_transaction_override,True,49,2024-03-14,complete
2024-03-14,228428.14,198881.41,2,854350.05,last_posted_transaction_or_prior_closing_balance,synb1_txn_58e08a2ff5f3dd79cd27c122,trusted,cn_public_2022_2026_cycles_1_0,public_schedule_without_transaction_override,True,50,2024-03-15,complete
2024-03-15,0.00,0.00,0,854350.05,last_posted_transaction_or_prior_closing_balance,,trusted,cn_public_2022_2026_cycles_1_0,public_schedule_without_transaction_override,True,51,2024-03-18,complete
2024-03-16,0.00,0.00,0,854350.05,last_posted_transaction_or_prior_closing_balance,,trusted,cn_public_2022_2026_cycles_1_0,public_schedule_without_transaction_override,False,,,complete
2024-03-17,0.00,0.00,0,854350.05,last_posted_transaction_or_prior_closing_balance,,trusted,cn_public_2022_2026_cycles_1_0,public_schedule_without_transaction_override,False,,,complete
2024-03-18,0.00,107795.95,4,746554.10,last_posted_transaction_or_prior_closing_balance,synb1_txn_27e117ec2b285f4adb5d04de,trusted,cn_public_2022_2026_cycles_1_0,public_schedule_without_transaction_override,True,52,2024-03-19,complete
2024-03-19,0.00,0.00,0,746554.10,last_posted_transaction_or_prior_closing_balance,,trusted,cn_public_2022_2026_cycles_1_0,public_schedule_without_transaction_override,True,53,2024-03-20,complete
2024-03-20,0.00,0.00,0,746554.10,last_posted_transaction_or_prior_closing_balance,,trusted,cn_public_2022_2026_cycles_1_0,public_schedule_without_transaction_override,True,54,2024-03-21,complete
2024-03-21,0.00,71853.93,2,674700.17,last_posted_transaction_or_prior_closing_balance,synb1_txn_60e9757fafff54c3a3e44bdd,trusted,cn_public_2022_2026_cycles_1_0,public_schedule_without_transaction_override,True,55,2024-03-22,complete
2024-03-22,0.00,0.00,0,674700.17,last_posted_transaction_or_prior_closing_balance,,trusted,cn_public_2022_2026_cycles_1_0,public_schedule_without_transaction_override,True,56,2024-03-25,complete
2024-03-23,288354.97,0.00,2,963055.14,last_posted_transaction_or_prior_closing_balance,synb1_txn_1b4054c41a4094fb41b877d6,trusted,cn_public_2022_2026_cycles_1_0,public_schedule_without_transaction_override,False,,,complete
2024-03-24,0.00,1820.30,1,961234.84,last_posted_transaction_or_prior_closing_balance,synb1_txn_f8a97ea06e302cf400f86371,trusted,cn_public_2022_2026_cycles_1_0,public_schedule_without_transaction_override,False,,,complete
2024-03-25,0.00,0.00,0,961234.84,last_posted_transaction_or_prior_closing_balance,,trusted,cn_public_2022_2026_cycles_1_0,public_schedule_without_transaction_override,True,57,2024-03-26,complete
2024-03-26,0.00,0.00,0,961234.84,last_posted_transaction_or_prior_closing_balance,,trusted,cn_public_2022_2026_cycles_1_0,public_schedule_without_transaction_override,True,58,2024-03-27,complete
2024-03-27,0.00,130096.63,1,831138.21,last_posted_transaction_or_prior_closing_balance,synb1_txn_7b243c457c87b7ffdef252d4,trusted,cn_public_2022_2026_cycles_1_0,public_schedule_without_transaction_override,True,59,2024-03-28,complete
2024-03-28,0.00,99843.71,2,731294.50,last_posted_transaction_or_prior_closing_balance,synb1_txn_a5334047c4f2af5fe08ae130,trusted,cn_public_2022_2026_cycles_1_0,public_schedule_without_transaction_override,True,60,2024-03-29,complete
2024-03-29,0.00,0.00,0,731294.50,last_posted_transaction_or_prior_closing_balance,,trusted,cn_public_2022_2026_cycles_1_0,public_schedule_without_transaction_override,True,61,2024-04-01,complete
2024-03-30,0.00,0.00,0,731294.50,last_posted_transaction_or_prior_closing_balance,,trusted,cn_public_2022_2026_cycles_1_0,public_schedule_without_transaction_override,False,,,complete
2024-03-31,0.00,0.00,0,731294.50,last_posted_transaction_or_prior_closing_balance,,trusted,cn_public_2022_2026_cycles_1_0,public_schedule_without_transaction_override,False,,,complete
2024-04-01,0.00,0.00,0,731294.50,last_posted_transaction_or_prior_closing_balance,,trusted,cn_public_2022_2026_cycles_1_0,public_schedule_without_transaction_override,True,62,2024-04-02,complete
2024-04-02,0.00,0.00,0,731294.50,last_posted_transaction_or_prior_closing_balance,,trusted,cn_public_2022_2026_cycles_1_0,public_schedule_without_transaction_override,True,63,2024-04-03,complete
2024-04-03,0.00,0.00,0,731294.50,last_posted_transaction_or_prior_closing_balance,,trusted,cn_public_2022_2026_cycles_1_0,public_schedule_without_transaction_override,True,64,2024-04-07,complete
2024-04-04,109215.44,0.00,2,840509.94,last_posted_transaction_or_prior_closing_balance,synb1_txn_694197e25510c9b7575d4d47,trusted,cn_public_2022_2026_cycles_1_0,public_schedule_without_transaction_override,False,,,complete
2024-04-05,0.00,208050.53,3,632459.41,last_posted_transaction_or_prior_closing_balance,synb1_txn_430f6dc016fe5a73c039c757,trusted,cn_public_2022_2026_cycles_1_0,public_schedule_without_transaction_override,False,,,complete
2024-04-06,0.00,17581.67,1,614877.74,last_posted_transaction_or_prior_closing_balance,synb1_txn_7eba36e2aa9780824058bda1,trusted,cn_public_2022_2026_cycles_1_0,public_schedule_without_transaction_override,False,,,complete
2024-04-07,39075.94,11917.63,2,642036.05,last_posted_transaction_or_prior_closing_balance,synb1_txn_063f8017903b5ee60a972f18,trusted,cn_public_2022_2026_cycles_1_0,public_schedule_without_transaction_override,True,65,2024-04-08,complete
2024-04-08,0.00,0.00,0,642036.05,last_posted_transaction_or_prior_closing_balance,,trusted,cn_public_2022_2026_cycles_1_0,public_schedule_without_transaction_override,True,66,2024-04-09,complete
2024-04-09,0.00,0.00,0,642036.05,last_posted_transaction_or_prior_closing_balance,,trusted,cn_public_2022_2026_cycles_1_0,public_schedule_without_transaction_override,True,67,2024-04-10,complete
2024-04-10,0.00,194201.28,1,447834.77,last_posted_transaction_or_prior_closing_balance,synb1_txn_c07b29789f00c428c5537244,trusted,cn_public_2022_2026_cycles_1_0,public_schedule_without_transaction_override,True,68,2024-04-11,complete
2024-04-11,0.00,0.00,0,447834.77,last_posted_transaction_or_prior_closing_balance,,trusted,cn_public_2022_2026_cycles_1_0,public_schedule_without_transaction_override,True,69,2024-04-12,complete
2024-04-12,0.00,0.00,0,447834.77,last_posted_transaction_or_prior_closing_balance,,trusted,cn_public_2022_2026_cycles_1_0,public_schedule_without_transaction_override,True,70,2024-04-15,complete
2024-04-13,0.00,53514.78,1,394319.99,last_posted_transaction_or_prior_closing_balance,synb1_txn_84b53e00002c56b4d3a922bd,trusted,cn_public_2022_2026_cycles_1_0,public_schedule_without_transaction_override,False,,,complete
2024-04-14,0.00,0.00,0,394319.99,last_posted_transaction_or_prior_closing_balance,,trusted,cn_public_2022_2026_cycles_1_0,public_schedule_without_transaction_override,False,,,complete
2024-04-15,39550.66,0.00,1,433870.65,last_posted_transaction_or_prior_closing_balance,synb1_txn_40b2c193abb4790ff4312a88,trusted,cn_public_2022_2026_cycles_1_0,public_schedule_without_transaction_override,True,71,2024-04-16,complete
2024-04-16,0.00,0.00,0,433870.65,last_posted_transaction_or_prior_closing_balance,,trusted,cn_public_2022_2026_cycles_1_0,public_schedule_without_transaction_override,True,72,2024-04-17,complete
2024-04-17,0.00,418.33,1,433452.32,last_posted_transaction_or_prior_closing_balance,synb1_txn_8a48c0e599bba63f6c3ef176,trusted,cn_public_2022_2026_cycles_1_0,public_schedule_without_transaction_override,True,73,2024-04-18,complete
2024-04-18,25700.25,21227.68,4,437924.89,last_posted_transaction_or_prior_closing_balance,synb1_txn_ac8327da866a3a284be8f030,trusted,cn_public_2022_2026_cycles_1_0,public_schedule_without_transaction_override,True,74,2024-04-19,complete
2024-04-19,0.00,22354.54,1,415570.35,last_posted_transaction_or_prior_closing_balance,synb1_txn_81e2daef05b907c5fe34fdaa,trusted,cn_public_2022_2026_cycles_1_0,public_schedule_without_transaction_override,True,75,2024-04-22,complete
2024-04-20,73624.08,0.00,3,489194.43,last_posted_transaction_or_prior_closing_balance,synb1_txn_3cf6d65f0c13250626b5ee17,trusted,cn_public_2022_2026_cycles_1_0,public_schedule_without_transaction_override,False,,,complete
2024-04-21,199250.41,0.00,1,688444.84,last_posted_transaction_or_prior_closing_balance,synb1_txn_ad1eb03af982de31c7f191df,trusted,cn_public_2022_2026_cycles_1_0,public_schedule_without_transaction_override,False,,,complete
2024-04-22,10802.13,111066.09,2,588180.88,last_posted_transaction_or_prior_closing_balance,synb1_txn_4c4223345b0442739186c9ec,trusted,cn_public_2022_2026_cycles_1_0,public_schedule_without_transaction_override,True,76,2024-04-23,complete
2024-04-23,0.00,0.00,0,588180.88,last_posted_transaction_or_prior_closing_balance,,trusted,cn_public_2022_2026_cycles_1_0,public_schedule_without_transaction_override,True,77,2024-04-24,complete
2024-04-24,36549.78,0.00,1,624730.66,last_posted_transaction_or_prior_closing_balance,synb1_txn_32b9bfe6676a88e6690c2a12,trusted,cn_public_2022_2026_cycles_1_0,public_schedule_without_transaction_override,True,78,2024-04-25,complete
2024-04-25,152684.54,0.00,2,777415.20,last_posted_transaction_or_prior_closing_balance,synb1_txn_ff3f12bd00d806c765379838,trusted,cn_public_2022_2026_cycles_1_0,public_schedule_without_transaction_override,True,79,2024-04-26,complete
2024-04-26,6426.98,0.00,1,783842.18,last_posted_transaction_or_prior_closing_balance,synb1_txn_7c7dfd810649eeb4c2448fd5,trusted,cn_public_2022_2026_cycles_1_0,public_schedule_without_transaction_override,True,80,2024-04-28,complete
2024-04-27,93564.79,0.00,1,877406.97,last_posted_transaction_or_prior_closing_balance,synb1_txn_bd6f79b9339a2200c109a3ce,trusted,cn_public_2022_2026_cycles_1_0,public_schedule_without_transaction_override,False,,,complete
2024-04-28,0.00,90000.00,1,787406.97,last_posted_transaction_or_prior_closing_balance,synb1_txn_399088f7e7aace720395d889,trusted,cn_public_2022_2026_cycles_1_0,public_schedule_without_transaction_override,True,81,2024-04-29,complete
2024-04-29,0.00,0.00,0,787406.97,last_posted_transaction_or_prior_closing_balance,,trusted,cn_public_2022_2026_cycles_1_0,public_schedule_without_transaction_override,True,82,2024-04-30,complete
2024-04-30,0.00,0.00,0,787406.97,last_posted_transaction_or_prior_closing_balance,,trusted,cn_public_2022_2026_cycles_1_0,public_schedule_without_transaction_override,True,83,2024-05-06,complete
2024-05-01,0.00,0.00,0,787406.97,last_posted_transaction_or_prior_closing_balance,,trusted,cn_public_2022_2026_cycles_1_0,public_schedule_without_transaction_override,False,,,complete
2024-05-02,0.00,0.00,0,787406.97,last_posted_transaction_or_prior_closing_balance,,trusted,cn_public_2022_2026_cycles_1_0,public_schedule_without_transaction_override,False,,,complete
2024-05-03,15187.14,8796.09,2,793798.02,last_posted_transaction_or_prior_closing_balance,synb1_txn_a04802ba92a4edbc35c33008,trusted,cn_public_2022_2026_cycles_1_0,public_schedule_without_transaction_override,False,,,complete
2024-05-04,0.00,0.00,0,793798.02,last_posted_transaction_or_prior_closing_balance,,trusted,cn_public_2022_2026_cycles_1_0,public_schedule_without_transaction_override,False,,,complete
2024-05-05,22488.35,54576.88,3,761709.49,last_posted_transaction_or_prior_closing_balance,synb1_txn_41b7a2b1a5f5f523c7f1b51c,trusted,cn_public_2022_2026_cycles_1_0,public_schedule_without_transaction_override,False,,,complete
2024-05-06,33740.17,4095.72,2,791353.94,last_posted_transaction_or_prior_closing_balance,synb1_txn_e1209247539bc699208ba6ad,trusted,cn_public_2022_2026_cycles_1_0,public_schedule_without_transaction_override,True,84,2024-05-07,complete
2024-05-07,0.00,0.00,0,791353.94,last_posted_transaction_or_prior_closing_balance,,trusted,cn_public_2022_2026_cycles_1_0,public_schedule_without_transaction_override,True,85,2024-05-08,complete
2024-05-08,41243.21,0.00,1,832597.15,last_posted_transaction_or_prior_closing_balance,synb1_txn_47009c444bf25f183bb42bfa,trusted,cn_public_2022_2026_cycles_1_0,public_schedule_without_transaction_override,True,86,2024-05-09,complete
2024-05-09,0.00,0.00,0,832597.15,last_posted_transaction_or_prior_closing_balance,,trusted,cn_public_2022_2026_cycles_1_0,public_schedule_without_transaction_override,True,87,2024-05-10,complete
2024-05-10,87223.58,34002.91,4,885817.82,last_posted_transaction_or_prior_closing_balance,synb1_txn_57d8ea27395abe7f753445cd,trusted,cn_public_2022_2026_cycles_1_0,public_schedule_without_transaction_override,True,88,2024-05-11,complete
2024-05-11,0.00,64650.00,1,821167.82,last_posted_transaction_or_prior_closing_balance,synb1_txn_5f1cea2eed80cdd4f29afeee,trusted,cn_public_2022_2026_cycles_1_0,public_schedule_without_transaction_override,True,89,2024-05-13,complete
2024-05-12,166259.51,0.00,1,987427.33,last_posted_transaction_or_prior_closing_balance,synb1_txn_f7a708bf715a7e8afe359776,trusted,cn_public_2022_2026_cycles_1_0,public_schedule_without_transaction_override,False,,,complete
2024-05-13,28550.68,0.00,1,1015978.01,last_posted_transaction_or_prior_closing_balance,synb1_txn_25b26cbe49c71dc783537171,trusted,cn_public_2022_2026_cycles_1_0,public_schedule_without_transaction_override,True,90,2024-05-14,complete
2024-05-14,106819.19,0.00,2,1122797.20,last_posted_transaction_or_prior_closing_balance,synb1_txn_546c9586a8a836b5d46c7d08,trusted,cn_public_2022_2026_cycles_1_0,public_schedule_without_transaction_override,True,91,2024-05-15,complete
2024-05-15,0.00,0.00,0,1122797.20,last_posted_transaction_or_prior_closing_balance,,trusted,cn_public_2022_2026_cycles_1_0,public_schedule_without_transaction_override,True,92,2024-05-16,complete
2024-05-16,0.00,0.00,0,1122797.20,last_posted_transaction_or_prior_closing_balance,,trusted,cn_public_2022_2026_cycles_1_0,public_schedule_without_transaction_override,True,93,2024-05-17,complete
2024-05-17,0.00,1088.12,1,1121709.08,last_posted_transaction_or_prior_closing_balance,synb1_txn_fab8f085fcb7e0da2255768d,trusted,cn_public_2022_2026_cycles_1_0,public_schedule_without_transaction_override,True,94,2024-05-20,complete
2024-05-18,876.33,108931.26,2,1013654.15,last_posted_transaction_or_prior_closing_balance,synb1_txn_a5e0d9b086cedbb3950627ae,trusted,cn_public_2022_2026_cycles_1_0,public_schedule_without_transaction_override,False,,,complete
2024-05-19,0.00,0.00,0,1013654.15,last_posted_transaction_or_prior_closing_balance,,trusted,cn_public_2022_2026_cycles_1_0,public_schedule_without_transaction_override,False,,,complete
2024-05-20,0.00,21725.06,3,991929.09,last_posted_transaction_or_prior_closing_balance,synb1_txn_ac0e854dd888f5877e0c0b47,trusted,cn_public_2022_2026_cycles_1_0,public_schedule_without_transaction_override,True,95,2024-05-21,complete
2024-05-21,0.00,0.00,0,991929.09,last_posted_transaction_or_prior_closing_balance,,trusted,cn_public_2022_2026_cycles_1_0,public_schedule_without_transaction_override,True,96,2024-05-22,complete
2024-05-22,0.00,182497.22,1,809431.87,last_posted_transaction_or_prior_closing_balance,synb1_txn_e343d1896b434a2eebe918cc,trusted,cn_public_2022_2026_cycles_1_0,public_schedule_without_transaction_override,True,97,2024-05-23,complete
2024-05-23,67622.57,4130.87,2,872923.57,last_posted_transaction_or_prior_closing_balance,synb1_txn_761b3d656fe81ae8ca5b71e2,trusted,cn_public_2022_2026_cycles_1_0,public_schedule_without_transaction_override,True,98,2024-05-24,complete
2024-05-24,0.00,30874.79,1,842048.78,last_posted_transaction_or_prior_closing_balance,synb1_txn_fdc0f2fe3c4d67c66c9d3d61,trusted,cn_public_2022_2026_cycles_1_0,public_schedule_without_transaction_override,True,99,2024-05-27,complete
2024-05-25,63235.95,111095.71,2,794189.02,last_posted_transaction_or_prior_closing_balance,synb1_txn_450dac37f15d9243ee16e30b,trusted,cn_public_2022_2026_cycles_1_0,public_schedule_without_transaction_override,False,,,complete
2024-05-26,0.00,0.00,0,794189.02,last_posted_transaction_or_prior_closing_balance,,trusted,cn_public_2022_2026_cycles_1_0,public_schedule_without_transaction_override,False,,,complete
2024-05-27,148063.32,10616.73,2,931635.61,last_posted_transaction_or_prior_closing_balance,synb1_txn_a558de32ffc93ed75dbc7bc7,trusted,cn_public_2022_2026_cycles_1_0,public_schedule_without_transaction_override,True,100,2024-05-28,complete
2024-05-28,0.00,90000.00,1,841635.61,last_posted_transaction_or_prior_closing_balance,synb1_txn_365a813e70fd5f86344b4b11,trusted,cn_public_2022_2026_cycles_1_0,public_schedule_without_transaction_override,True,101,2024-05-29,complete
2024-05-29,0.00,0.00,0,841635.61,last_posted_transaction_or_prior_closing_balance,,trusted,cn_public_2022_2026_cycles_1_0,public_schedule_without_transaction_override,True,102,2024-05-30,complete
2024-05-30,0.00,0.00,0,841635.61,last_posted_transaction_or_prior_closing_balance,,trusted,cn_public_2022_2026_cycles_1_0,public_schedule_without_transaction_override,True,103,2024-05-31,complete
2024-05-31,0.00,0.00,0,841635.61,last_posted_transaction_or_prior_closing_balance,,trusted,cn_public_2022_2026_cycles_1_0,public_schedule_without_transaction_override,True,104,2024-06-03,complete
2024-06-01,0.00,0.00,0,841635.61,last_posted_transaction_or_prior_closing_balance,,trusted,cn_public_2022_2026_cycles_1_0,public_schedule_without_transaction_override,False,,,complete
2024-06-02,209966.97,0.00,3,1051602.58,last_posted_transaction_or_prior_closing_balance,synb1_txn_87e3f383e3ff37341dee62d0,trusted,cn_public_2022_2026_cycles_1_0,public_schedule_without_transaction_override,False,,,complete
2024-06-03,83361.94,4547.20,3,1130417.32,last_posted_transaction_or_prior_closing_balance,synb1_txn_32c818561a04b7fb4c8b4c81,trusted,cn_public_2022_2026_cycles_1_0,public_schedule_without_transaction_override,True,105,2024-06-04,complete
2024-06-04,0.00,3866.47,1,1126550.85,last_posted_transaction_or_prior_closing_balance,synb1_txn_303d02a520d694c7fedf6177,trusted,cn_public_2022_2026_cycles_1_0,public_schedule_without_transaction_override,True,106,2024-06-05,complete
2024-06-05,22898.97,51259.06,4,1098190.76,last_posted_transaction_or_prior_closing_balance,synb1_txn_9ec4dc96d8904edc8f332883,trusted,cn_public_2022_2026_cycles_1_0,public_schedule_without_transaction_override,True,107,2024-06-06,complete
2024-06-06,0.00,35446.49,1,1062744.27,last_posted_transaction_or_prior_closing_balance,synb1_txn_9ca3ed1f5b4673e3e6b36089,trusted,cn_public_2022_2026_cycles_1_0,public_schedule_without_transaction_override,True,108,2024-06-07,complete
2024-06-07,47089.24,0.00,1,1109833.51,last_posted_transaction_or_prior_closing_balance,synb1_txn_aa6f84bcac34ba064d53d925,trusted,cn_public_2022_2026_cycles_1_0,public_schedule_without_transaction_override,True,109,2024-06-11,complete
2024-06-08,0.00,0.00,0,1109833.51,last_posted_transaction_or_prior_closing_balance,,trusted,cn_public_2022_2026_cycles_1_0,public_schedule_without_transaction_override,False,,,complete
2024-06-09,0.00,7898.05,1,1101935.46,last_posted_transaction_or_prior_closing_balance,synb1_txn_40b6f73f0b391744c8f57cda,trusted,cn_public_2022_2026_cycles_1_0,public_schedule_without_transaction_override,False,,,complete
2024-06-10,0.00,103441.60,2,998493.86,last_posted_transaction_or_prior_closing_balance,synb1_txn_1a6a518c2ac854111a60ddd9,trusted,cn_public_2022_2026_cycles_1_0,public_schedule_without_transaction_override,False,,,complete
2024-06-11,0.00,20903.80,1,977590.06,last_posted_transaction_or_prior_closing_balance,synb1_txn_8b935337df8e507ec1720bfc,trusted,cn_public_2022_2026_cycles_1_0,public_schedule_without_transaction_override,True,110,2024-06-12,complete
2024-06-12,0.00,0.00,0,977590.06,last_posted_transaction_or_prior_closing_balance,,trusted,cn_public_2022_2026_cycles_1_0,public_schedule_without_transaction_override,True,111,2024-06-13,complete
2024-06-13,19478.45,3069.16,2,993999.35,last_posted_transaction_or_prior_closing_balance,synb1_txn_aaf373cc6181f13c8e72b47c,trusted,cn_public_2022_2026_cycles_1_0,public_schedule_without_transaction_override,True,112,2024-06-14,complete
2024-06-14,42900.18,0.00,1,1036899.53,last_posted_transaction_or_prior_closing_balance,synb1_txn_3feefc9339345cd640b1deba,trusted,cn_public_2022_2026_cycles_1_0,public_schedule_without_transaction_override,True,113,2024-06-17,complete
2024-06-15,26993.05,0.00,1,1063892.58,last_posted_transaction_or_prior_closing_balance,synb1_txn_72748532935eae9cd512ae5a,trusted,cn_public_2022_2026_cycles_1_0,public_schedule_without_transaction_override,False,,,complete
2024-06-16,0.00,0.00,0,1063892.58,last_posted_transaction_or_prior_closing_balance,,trusted,cn_public_2022_2026_cycles_1_0,public_schedule_without_transaction_override,False,,,complete
2024-06-17,109930.33,156704.54,4,1017118.37,last_posted_transaction_or_prior_closing_balance,synb1_txn_316aa0fcdb72554d2c9fcf72,trusted,cn_public_2022_2026_cycles_1_0,public_schedule_without_transaction_override,True,114,2024-06-18,complete
2024-06-18,0.00,172476.68,5,844641.69,last_posted_transaction_or_prior_closing_balance,synb1_txn_f765aacc0a0f9644815e1614,trusted,cn_public_2022_2026_cycles_1_0,public_schedule_without_transaction_override,True,115,2024-06-19,complete
2024-06-19,0.00,80798.79,1,763842.90,last_posted_transaction_or_prior_closing_balance,synb1_txn_215b6f39d01ffa11a3dda064,trusted,cn_public_2022_2026_cycles_1_0,public_schedule_without_transaction_override,True,116,2024-06-20,complete
2024-06-20,102415.02,0.00,2,866257.92,last_posted_transaction_or_prior_closing_balance,synb1_txn_ee599898a1b80d9ad224eed5,trusted,cn_public_2022_2026_cycles_1_0,public_schedule_without_transaction_override,True,117,2024-06-21,complete
2024-06-21,0.00,0.00,0,866257.92,last_posted_transaction_or_prior_closing_balance,,trusted,cn_public_2022_2026_cycles_1_0,public_schedule_without_transaction_override,True,118,2024-06-24,complete
2024-06-22,0.00,0.00,0,866257.92,last_posted_transaction_or_prior_closing_balance,,trusted,cn_public_2022_2026_cycles_1_0,public_schedule_without_transaction_override,False,,,complete
2024-06-23,74985.99,0.00,1,941243.91,last_posted_transaction_or_prior_closing_balance,synb1_txn_c24d1025eb289c3451fb6ed1,trusted,cn_public_2022_2026_cycles_1_0,public_schedule_without_transaction_override,False,,,complete
2024-06-24,0.00,0.00,0,941243.91,last_posted_transaction_or_prior_closing_balance,,trusted,cn_public_2022_2026_cycles_1_0,public_schedule_without_transaction_override,True,119,2024-06-25,complete
2024-06-25,0.00,0.00,0,941243.91,last_posted_transaction_or_prior_closing_balance,,trusted,cn_public_2022_2026_cycles_1_0,public_schedule_without_transaction_override,True,120,2024-06-26,complete
2024-06-26,0.00,0.00,0,941243.91,last_posted_transaction_or_prior_closing_balance,,trusted,cn_public_2022_2026_cycles_1_0,public_schedule_without_transaction_override,True,121,2024-06-27,complete
2024-06-27,0.00,0.00,0,941243.91,last_posted_transaction_or_prior_closing_balance,,trusted,cn_public_2022_2026_cycles_1_0,public_schedule_without_transaction_override,True,122,2024-06-28,complete
2024-06-28,47214.86,90000.00,3,898458.77,last_posted_transaction_or_prior_closing_balance,synb1_txn_24e90f2e783ffe89f4ca8a2c,trusted,cn_public_2022_2026_cycles_1_0,public_schedule_without_transaction_override,True,123,2024-07-01,complete
2024-06-29,0.00,0.00,0,898458.77,last_posted_transaction_or_prior_closing_balance,,trusted,cn_public_2022_2026_cycles_1_0,public_schedule_without_transaction_override,False,,,complete
2024-06-30,0.00,0.00,0,898458.77,last_posted_transaction_or_prior_closing_balance,,trusted,cn_public_2022_2026_cycles_1_0,public_schedule_without_transaction_override,False,,,complete
2024-07-01,0.00,0.00,0,898458.77,last_posted_transaction_or_prior_closing_balance,,trusted,cn_public_2022_2026_cycles_1_0,public_schedule_without_transaction_override,True,124,2024-07-02,complete
2024-07-02,0.00,0.00,0,898458.77,last_posted_transaction_or_prior_closing_balance,,trusted,cn_public_2022_2026_cycles_1_0,public_schedule_without_transaction_override,True,125,2024-07-03,complete
2024-07-03,0.00,0.00,0,898458.77,last_posted_transaction_or_prior_closing_balance,,trusted,cn_public_2022_2026_cycles_1_0,public_schedule_without_transaction_override,True,126,2024-07-04,complete
2024-07-04,0.00,0.00,0,898458.77,last_posted_transaction_or_prior_closing_balance,,trusted,cn_public_2022_2026_cycles_1_0,public_schedule_without_transaction_override,True,127,2024-07-05,complete
2024-07-05,0.00,27000.00,1,871458.77,last_posted_transaction_or_prior_closing_balance,synb1_txn_50a9ad3a6d5d6e34ae2ddf4b,trusted,cn_public_2022_2026_cycles_1_0,public_schedule_without_transaction_override,True,128,2024-07-08,complete
2024-07-06,0.00,11783.60,1,859675.17,last_posted_transaction_or_prior_closing_balance,synb1_txn_7ff6c56086596ec052176b6c,trusted,cn_public_2022_2026_cycles_1_0,public_schedule_without_transaction_override,False,,,complete
2024-07-07,0.00,0.00,0,859675.17,last_posted_transaction_or_prior_closing_balance,,trusted,cn_public_2022_2026_cycles_1_0,public_schedule_without_transaction_override,False,,,complete
2024-07-08,0.00,34329.56,1,825345.61,last_posted_transaction_or_prior_closing_balance,synb1_txn_724a15d5764133063a0a5d15,trusted,cn_public_2022_2026_cycles_1_0,public_schedule_without_transaction_override,True,129,2024-07-09,complete
2024-07-09,0.00,88298.63,1,737046.98,last_posted_transaction_or_prior_closing_balance,synb1_txn_91fe04a90034243253b77622,trusted,cn_public_2022_2026_cycles_1_0,public_schedule_without_transaction_override,True,130,2024-07-10,complete
2024-07-10,0.00,0.00,0,737046.98,last_posted_transaction_or_prior_closing_balance,,trusted,cn_public_2022_2026_cycles_1_0,public_schedule_without_transaction_override,True,131,2024-07-11,complete
2024-07-11,0.00,0.00,0,737046.98,last_posted_transaction_or_prior_closing_balance,,trusted,cn_public_2022_2026_cycles_1_0,public_schedule_without_transaction_override,True,132,2024-07-12,complete
2024-07-12,0.00,0.00,0,737046.98,last_posted_transaction_or_prior_closing_balance,,trusted,cn_public_2022_2026_cycles_1_0,public_schedule_without_transaction_override,True,133,2024-07-15,complete
2024-07-13,0.00,6216.40,1,730830.58,last_posted_transaction_or_prior_closing_balance,synb1_txn_2e6d3ce40035c19769c135d4,trusted,cn_public_2022_2026_cycles_1_0,public_schedule_without_transaction_override,False,,,complete
2024-07-14,96455.66,0.00,1,827286.24,last_posted_transaction_or_prior_closing_balance,synb1_txn_5caa30112581a938323fa7c0,trusted,cn_public_2022_2026_cycles_1_0,public_schedule_without_transaction_override,False,,,complete
2024-07-15,137013.01,0.00,1,964299.25,last_posted_transaction_or_prior_closing_balance,synb1_txn_31b2f072fe32e3f7c608c536,trusted,cn_public_2022_2026_cycles_1_0,public_schedule_without_transaction_override,True,134,2024-07-16,complete
2024-07-16,0.00,173811.52,1,790487.73,last_posted_transaction_or_prior_closing_balance,synb1_txn_a41ef63bddeb7917d84d4a37,trusted,cn_public_2022_2026_cycles_1_0,public_schedule_without_transaction_override,True,135,2024-07-17,complete
2024-07-17,0.00,0.00,0,790487.73,last_posted_transaction_or_prior_closing_balance,,trusted,cn_public_2022_2026_cycles_1_0,public_schedule_without_transaction_override,True,136,2024-07-18,complete
2024-07-18,0.00,22222.45,3,768265.28,last_posted_transaction_or_prior_closing_balance,synb1_txn_565deb7f0ff29748bdfec9f7,trusted,cn_public_2022_2026_cycles_1_0,public_schedule_without_transaction_override,True,137,2024-07-19,complete
2024-07-19,0.00,0.00,0,768265.28,last_posted_transaction_or_prior_closing_balance,,trusted,cn_public_2022_2026_cycles_1_0,public_schedule_without_transaction_override,True,138,2024-07-22,complete
2024-07-20,0.00,0.00,0,768265.28,last_posted_transaction_or_prior_closing_balance,,trusted,cn_public_2022_2026_cycles_1_0,public_schedule_without_transaction_override,False,,,complete
2024-07-21,0.00,0.00,0,768265.28,last_posted_transaction_or_prior_closing_balance,,trusted,cn_public_2022_2026_cycles_1_0,public_schedule_without_transaction_override,False,,,complete
2024-07-22,0.00,0.00,0,768265.28,last_posted_transaction_or_prior_closing_balance,,trusted,cn_public_2022_2026_cycles_1_0,public_schedule_without_transaction_override,True,139,2024-07-23,complete
2024-07-23,0.00,0.00,0,768265.28,last_posted_transaction_or_prior_closing_balance,,trusted,cn_public_2022_2026_cycles_1_0,public_schedule_without_transaction_override,True,140,2024-07-24,complete
2024-07-24,90541.78,0.00,1,858807.06,last_posted_transaction_or_prior_closing_balance,synb1_txn_3120e013c767a627a78fd93e,trusted,cn_public_2022_2026_cycles_1_0,public_schedule_without_transaction_override,True,141,2024-07-25,complete
2024-07-25,0.00,0.00,0,858807.06,last_posted_transaction_or_prior_closing_balance,,trusted,cn_public_2022_2026_cycles_1_0,public_schedule_without_transaction_override,True,142,2024-07-26,complete
2024-07-26,7450.12,0.00,1,866257.18,last_posted_transaction_or_prior_closing_balance,synb1_txn_afff6e021abf3ffd1386699a,trusted,cn_public_2022_2026_cycles_1_0,public_schedule_without_transaction_override,True,143,2024-07-29,complete
2024-07-27,0.00,120036.45,1,746220.73,last_posted_transaction_or_prior_closing_balance,synb1_txn_923bac89799e5cff6fc2f534,trusted,cn_public_2022_2026_cycles_1_0,public_schedule_without_transaction_override,False,,,complete
2024-07-28,27594.43,76500.00,2,697315.16,last_posted_transaction_or_prior_closing_balance,synb1_txn_d325a0c3dcce7a273a269bc3,trusted,cn_public_2022_2026_cycles_1_0,public_schedule_without_transaction_override,False,,,complete
2024-07-29,0.00,0.00,0,697315.16,last_posted_transaction_or_prior_closing_balance,,trusted,cn_public_2022_2026_cycles_1_0,public_schedule_without_transaction_override,True,144,2024-07-30,complete
2024-07-30,0.00,0.00,0,697315.16,last_posted_transaction_or_prior_closing_balance,,trusted,cn_public_2022_2026_cycles_1_0,public_schedule_without_transaction_override,True,145,2024-07-31,complete
2024-07-31,0.00,0.00,0,697315.16,last_posted_transaction_or_prior_closing_balance,,trusted,cn_public_2022_2026_cycles_1_0,public_schedule_without_transaction_override,True,146,2024-08-01,complete
2024-08-01,0.00,0.00,0,697315.16,last_posted_transaction_or_prior_closing_balance,,trusted,cn_public_2022_2026_cycles_1_0,public_schedule_without_transaction_override,True,147,2024-08-02,complete
2024-08-02,9127.65,9553.99,2,696888.82,last_posted_transaction_or_prior_closing_balance,synb1_txn_6039b7e5716e1e0474d7ce2e,trusted,cn_public_2022_2026_cycles_1_0,public_schedule_without_transaction_override,True,148,2024-08-05,complete
2024-08-03,0.00,0.00,0,696888.82,last_posted_transaction_or_prior_closing_balance,,trusted,cn_public_2022_2026_cycles_1_0,public_schedule_without_transaction_override,False,,,complete
2024-08-04,0.00,0.00,0,696888.82,last_posted_transaction_or_prior_closing_balance,,trusted,cn_public_2022_2026_cycles_1_0,public_schedule_without_transaction_override,False,,,complete
2024-08-05,0.00,27000.00,1,669888.82,last_posted_transaction_or_prior_closing_balance,synb1_txn_63042f8a0348dc095a283219,trusted,cn_public_2022_2026_cycles_1_0,public_schedule_without_transaction_override,True,149,2024-08-06,complete
2024-08-06,0.00,3589.09,1,666299.73,last_posted_transaction_or_prior_closing_balance,synb1_txn_567314fd920aa729ca1f2d9c,trusted,cn_public_2022_2026_cycles_1_0,public_schedule_without_transaction_override,True,150,2024-08-07,complete
2024-08-07,0.00,6097.37,1,660202.36,last_posted_transaction_or_prior_closing_balance,synb1_txn_ae57f606fef85ebebb6c00ae,trusted,cn_public_2022_2026_cycles_1_0,public_schedule_without_transaction_override,True,151,2024-08-08,complete
2024-08-08,0.00,0.00,0,660202.36,last_posted_transaction_or_prior_closing_balance,,trusted,cn_public_2022_2026_cycles_1_0,public_schedule_without_transaction_override,True,152,2024-08-09,complete
2024-08-09,56220.97,942.25,3,715481.08,last_posted_transaction_or_prior_closing_balance,synb1_txn_32dc7bc25821f57884e1279e,trusted,cn_public_2022_2026_cycles_1_0,public_schedule_without_transaction_override,True,153,2024-08-12,complete
2024-08-10,0.00,0.00,0,715481.08,last_posted_transaction_or_prior_closing_balance,,trusted,cn_public_2022_2026_cycles_1_0,public_schedule_without_transaction_override,False,,,complete
2024-08-11,0.00,0.00,0,715481.08,last_posted_transaction_or_prior_closing_balance,,trusted,cn_public_2022_2026_cycles_1_0,public_schedule_without_transaction_override,False,,,complete
2024-08-12,0.00,0.00,0,715481.08,last_posted_transaction_or_prior_closing_balance,,trusted,cn_public_2022_2026_cycles_1_0,public_schedule_without_transaction_override,True,154,2024-08-13,complete
2024-08-13,0.00,0.00,0,715481.08,last_posted_transaction_or_prior_closing_balance,,trusted,cn_public_2022_2026_cycles_1_0,public_schedule_without_transaction_override,True,155,2024-08-14,complete
2024-08-14,0.00,0.00,0,715481.08,last_posted_transaction_or_prior_closing_balance,,trusted,cn_public_2022_2026_cycles_1_0,public_schedule_without_transaction_override,True,156,2024-08-15,complete
2024-08-15,0.00,10938.95,1,704542.13,last_posted_transaction_or_prior_closing_balance,synb1_txn_4059ac3a9827b29962c58b37,trusted,cn_public_2022_2026_cycles_1_0,public_schedule_without_transaction_override,True,157,2024-08-16,complete
2024-08-16,0.00,0.00,0,704542.13,last_posted_transaction_or_prior_closing_balance,,trusted,cn_public_2022_2026_cycles_1_0,public_schedule_without_transaction_override,True,158,2024-08-19,complete
2024-08-17,45223.65,0.00,1,749765.78,last_posted_transaction_or_prior_closing_balance,synb1_txn_d8f1c8911ec47c11162c2b48,trusted,cn_public_2022_2026_cycles_1_0,public_schedule_without_transaction_override,False,,,complete
2024-08-18,9247.15,0.00,1,759012.93,last_posted_transaction_or_prior_closing_balance,synb1_txn_0dcec3a9eaa7ae393c5bc006,trusted,cn_public_2022_2026_cycles_1_0,public_schedule_without_transaction_override,False,,,complete
2024-08-19,0.00,4101.04,2,754911.89,last_posted_transaction_or_prior_closing_balance,synb1_txn_661c4ee433a01534555b5282,trusted,cn_public_2022_2026_cycles_1_0,public_schedule_without_transaction_override,True,159,2024-08-20,complete
2024-08-20,0.00,3643.82,1,751268.07,last_posted_transaction_or_prior_closing_balance,synb1_txn_b080029c32a0d04271e68b04,trusted,cn_public_2022_2026_cycles_1_0,public_schedule_without_transaction_override,True,160,2024-08-21,complete
2024-08-21,0.00,0.00,0,751268.07,last_posted_transaction_or_prior_closing_balance,,trusted,cn_public_2022_2026_cycles_1_0,public_schedule_without_transaction_override,True,161,2024-08-22,complete
2024-08-22,0.00,11325.84,2,739942.23,last_posted_transaction_or_prior_closing_balance,synb1_txn_ba232d3966c923e0e07b1178,trusted,cn_public_2022_2026_cycles_1_0,public_schedule_without_transaction_override,True,162,2024-08-23,complete
2024-08-23,0.00,0.00,0,739942.23,last_posted_transaction_or_prior_closing_balance,,trusted,cn_public_2022_2026_cycles_1_0,public_schedule_without_transaction_override,True,163,2024-08-26,complete
2024-08-24,0.00,58209.36,2,681732.87,last_posted_transaction_or_prior_closing_balance,synb1_txn_fa03897e00d3d534bc3951f1,trusted,cn_public_2022_2026_cycles_1_0,public_schedule_without_transaction_override,False,,,complete
2024-08-25,0.00,113156.38,4,568576.49,last_posted_transaction_or_prior_closing_balance,synb1_txn_5580095de6619e72f0e7b02c,trusted,cn_public_2022_2026_cycles_1_0,public_schedule_without_transaction_override,False,,,complete
2024-08-26,0.00,0.00,0,568576.49,last_posted_transaction_or_prior_closing_balance,,trusted,cn_public_2022_2026_cycles_1_0,public_schedule_without_transaction_override,True,164,2024-08-27,complete
2024-08-27,81571.33,24851.60,2,625296.22,last_posted_transaction_or_prior_closing_balance,synb1_txn_297ee4928366db76f2d801b5,trusted,cn_public_2022_2026_cycles_1_0,public_schedule_without_transaction_override,True,165,2024-08-28,complete
2024-08-28,0.00,126861.97,2,498434.25,last_posted_transaction_or_prior_closing_balance,synb1_txn_6f8da51e2c1b511209db32ec,trusted,cn_public_2022_2026_cycles_1_0,public_schedule_without_transaction_override,True,166,2024-08-29,complete
2024-08-29,0.00,0.00,0,498434.25,last_posted_transaction_or_prior_closing_balance,,trusted,cn_public_2022_2026_cycles_1_0,public_schedule_without_transaction_override,True,167,2024-08-30,complete
2024-08-30,0.00,0.00,0,498434.25,last_posted_transaction_or_prior_closing_balance,,trusted,cn_public_2022_2026_cycles_1_0,public_schedule_without_transaction_override,True,168,2024-09-02,complete
2024-08-31,0.00,0.00,0,498434.25,last_posted_transaction_or_prior_closing_balance,,trusted,cn_public_2022_2026_cycles_1_0,public_schedule_without_transaction_override,False,,,complete
2024-09-01,0.00,0.00,0,498434.25,last_posted_transaction_or_prior_closing_balance,,trusted,cn_public_2022_2026_cycles_1_0,public_schedule_without_transaction_override,False,,,complete
2024-09-02,0.00,738.46,1,497695.79,last_posted_transaction_or_prior_closing_balance,synb1_txn_2699642693900149d71a8646,trusted,cn_public_2022_2026_cycles_1_0,public_schedule_without_transaction_override,True,169,2024-09-03,complete
2024-09-03,0.00,1178.30,1,496517.49,last_posted_transaction_or_prior_closing_balance,synb1_txn_28a76e939613d258efc53d4f,trusted,cn_public_2022_2026_cycles_1_0,public_schedule_without_transaction_override,True,170,2024-09-04,complete
2024-09-04,0.00,0.00,0,496517.49,last_posted_transaction_or_prior_closing_balance,,trusted,cn_public_2022_2026_cycles_1_0,public_schedule_without_transaction_override,True,171,2024-09-05,complete
2024-09-05,0.00,27000.00,1,469517.49,last_posted_transaction_or_prior_closing_balance,synb1_txn_dd8b94bd9d4f0677ef38d166,trusted,cn_public_2022_2026_cycles_1_0,public_schedule_without_transaction_override,True,172,2024-09-06,complete
2024-09-06,0.00,9040.90,1,460476.59,last_posted_transaction_or_prior_closing_balance,synb1_txn_86b4b89c109cf4d68ac7ce7d,trusted,cn_public_2022_2026_cycles_1_0,public_schedule_without_transaction_override,True,173,2024-09-09,complete
2024-09-07,0.00,0.00,0,460476.59,last_posted_transaction_or_prior_closing_balance,,trusted,cn_public_2022_2026_cycles_1_0,public_schedule_without_transaction_override,False,,,complete
2024-09-08,8679.64,14211.55,2,454944.68,last_posted_transaction_or_prior_closing_balance,synb1_txn_5afd8856dd2233f3994956ce,trusted,cn_public_2022_2026_cycles_1_0,public_schedule_without_transaction_override,False,,,complete
2024-09-09,0.00,0.00,0,454944.68,last_posted_transaction_or_prior_closing_balance,,trusted,cn_public_2022_2026_cycles_1_0,public_schedule_without_transaction_override,True,174,2024-09-10,complete
2024-09-10,0.00,24937.27,2,430007.41,last_posted_transaction_or_prior_closing_balance,synb1_txn_872e2118249a7ff1c1457793,trusted,cn_public_2022_2026_cycles_1_0,public_schedule_without_transaction_override,True,175,2024-09-11,complete
2024-09-11,0.00,0.00,0,430007.41,last_posted_transaction_or_prior_closing_balance,,trusted,cn_public_2022_2026_cycles_1_0,public_schedule_without_transaction_override,True,176,2024-09-12,complete
2024-09-12,27533.55,31366.14,4,426174.82,last_posted_transaction_or_prior_closing_balance,synb1_txn_e0ee3fcc57c50704002da529,trusted,cn_public_2022_2026_cycles_1_0,public_schedule_without_transaction_override,True,177,2024-09-13,complete
2024-09-13,277.77,0.00,1,426452.59,last_posted_transaction_or_prior_closing_balance,synb1_txn_1e7473444dbd5d9d0bebda7a,trusted,cn_public_2022_2026_cycles_1_0,public_schedule_without_transaction_override,True,178,2024-09-14,complete
2024-09-14,65773.50,0.00,2,492226.09,last_posted_transaction_or_prior_closing_balance,synb1_txn_82efe39efb5016096a54d73d,trusted,cn_public_2022_2026_cycles_1_0,public_schedule_without_transaction_override,True,179,2024-09-18,complete
2024-09-15,60084.43,0.00,1,552310.52,last_posted_transaction_or_prior_closing_balance,synb1_txn_bc62df22074ac7271174e07c,trusted,cn_public_2022_2026_cycles_1_0,public_schedule_without_transaction_override,False,,,complete
2024-09-16,0.00,0.00,0,552310.52,last_posted_transaction_or_prior_closing_balance,,trusted,cn_public_2022_2026_cycles_1_0,public_schedule_without_transaction_override,False,,,complete
2024-09-17,0.00,89489.24,2,462821.28,last_posted_transaction_or_prior_closing_balance,synb1_txn_7e0e157cd64d6bff962abaf1,trusted,cn_public_2022_2026_cycles_1_0,public_schedule_without_transaction_override,False,,,complete
2024-09-18,2411.20,3941.78,3,461290.70,last_posted_transaction_or_prior_closing_balance,synb1_txn_5d58f62fc8f48ce092424815,trusted,cn_public_2022_2026_cycles_1_0,public_schedule_without_transaction_override,True,180,2024-09-19,complete
2024-09-19,0.00,632.99,1,460657.71,last_posted_transaction_or_prior_closing_balance,synb1_txn_19750bf1bb2bc83d64b362d1,trusted,cn_public_2022_2026_cycles_1_0,public_schedule_without_transaction_override,True,181,2024-09-20,complete
2024-09-20,0.00,7363.63,1,453294.08,last_posted_transaction_or_prior_closing_balance,synb1_txn_53485563484fadcf714fdaf8,trusted,cn_public_2022_2026_cycles_1_0,public_schedule_without_transaction_override,True,182,2024-09-23,complete
2024-09-21,0.00,0.00,0,453294.08,last_posted_transaction_or_prior_closing_balance,,trusted,cn_public_2022_2026_cycles_1_0,public_schedule_without_transaction_override,False,,,complete
2024-09-22,0.00,0.00,0,453294.08,last_posted_transaction_or_prior_closing_balance,,trusted,cn_public_2022_2026_cycles_1_0,public_schedule_without_transaction_override,False,,,complete
2024-09-23,5004.44,56384.64,2,401913.88,last_posted_transaction_or_prior_closing_balance,synb1_txn_e69399f6d18666bb0e809198,trusted,cn_public_2022_2026_cycles_1_0,public_schedule_without_transaction_override,True,183,2024-09-24,complete
2024-09-24,0.00,0.00,0,401913.88,last_posted_transaction_or_prior_closing_balance,,trusted,cn_public_2022_2026_cycles_1_0,public_schedule_without_transaction_override,True,184,2024-09-25,complete
2024-09-25,97649.00,0.00,1,499562.88,last_posted_transaction_or_prior_closing_balance,synb1_txn_916505dd1580f49c9eacc288,trusted,cn_public_2022_2026_cycles_1_0,public_schedule_without_transaction_override,True,185,2024-09-26,complete
2024-09-26,41173.67,0.00,1,540736.55,last_posted_transaction_or_prior_closing_balance,synb1_txn_fbc02a1dba2348e52736ec26,trusted,cn_public_2022_2026_cycles_1_0,public_schedule_without_transaction_override,True,186,2024-09-27,complete
2024-09-27,49756.80,0.00,1,590493.35,last_posted_transaction_or_prior_closing_balance,synb1_txn_4d3d71ae9b718e99a8f7072f,trusted,cn_public_2022_2026_cycles_1_0,public_schedule_without_transaction_override,True,187,2024-09-29,complete
2024-09-28,0.00,76500.00,1,513993.35,last_posted_transaction_or_prior_closing_balance,synb1_txn_3bbc7b5420b80001027d2b9f,trusted,cn_public_2022_2026_cycles_1_0,public_schedule_without_transaction_override,False,,,complete
2024-09-29,0.00,0.00,0,513993.35,last_posted_transaction_or_prior_closing_balance,,trusted,cn_public_2022_2026_cycles_1_0,public_schedule_without_transaction_override,True,188,2024-09-30,complete
2024-09-30,0.00,0.00,0,513993.35,last_posted_transaction_or_prior_closing_balance,,trusted,cn_public_2022_2026_cycles_1_0,public_schedule_without_transaction_override,True,189,2024-10-08,complete
2024-10-01,0.00,0.00,0,513993.35,last_posted_transaction_or_prior_closing_balance,,trusted,cn_public_2022_2026_cycles_1_0,public_schedule_without_transaction_override,False,,,complete
2024-10-02,19838.16,37523.49,2,496308.02,last_posted_transaction_or_prior_closing_balance,synb1_txn_e180fd2e979a4b1778b75711,trusted,cn_public_2022_2026_cycles_1_0,public_schedule_without_transaction_override,False,,,complete
2024-10-03,0.00,0.00,0,496308.02,last_posted_transaction_or_prior_closing_balance,,trusted,cn_public_2022_2026_cycles_1_0,public_schedule_without_transaction_override,False,,,complete
2024-10-04,0.00,0.00,0,496308.02,last_posted_transaction_or_prior_closing_balance,,trusted,cn_public_2022_2026_cycles_1_0,public_schedule_without_transaction_override,False,,,complete
2024-10-05,0.00,10800.00,1,485508.02,last_posted_transaction_or_prior_closing_balance,synb1_txn_3c338b5ab4864d9d49e45e3b,trusted,cn_public_2022_2026_cycles_1_0,public_schedule_without_transaction_override,False,,,complete
2024-10-06,0.00,0.00,0,485508.02,last_posted_transaction_or_prior_closing_balance,,trusted,cn_public_2022_2026_cycles_1_0,public_schedule_without_transaction_override,False,,,complete
2024-10-07,0.00,0.00,0,485508.02,last_posted_transaction_or_prior_closing_balance,,trusted,cn_public_2022_2026_cycles_1_0,public_schedule_without_transaction_override,False,,,complete
2024-10-08,83186.85,0.00,4,568694.87,last_posted_transaction_or_prior_closing_balance,synb1_txn_e37a9e14f0eda6fa70bf24a3,trusted,cn_public_2022_2026_cycles_1_0,public_schedule_without_transaction_override,True,190,2024-10-09,complete
2024-10-09,44097.54,0.00,1,612792.41,last_posted_transaction_or_prior_closing_balance,synb1_txn_e65ac9cb4c8b9fe37c5876ce,trusted,cn_public_2022_2026_cycles_1_0,public_schedule_without_transaction_override,True,191,2024-10-10,complete
2024-10-10,6845.45,18218.49,2,601419.37,last_posted_transaction_or_prior_closing_balance,synb1_txn_f32eb340fa5cac8fa738217b,trusted,cn_public_2022_2026_cycles_1_0,public_schedule_without_transaction_override,True,192,2024-10-11,complete
2024-10-11,0.00,1946.23,1,599473.14,last_posted_transaction_or_prior_closing_balance,synb1_txn_5af00c3f22dbcf2bcb6389ec,trusted,cn_public_2022_2026_cycles_1_0,public_schedule_without_transaction_override,True,193,2024-10-12,complete
2024-10-12,0.00,11139.80,2,588333.34,last_posted_transaction_or_prior_closing_balance,synb1_txn_dac0684c8c6a87ba877a2ba3,trusted,cn_public_2022_2026_cycles_1_0,public_schedule_without_transaction_override,True,194,2024-10-14,complete
2024-10-13,27948.29,0.00,1,616281.63,last_posted_transaction_or_prior_closing_balance,synb1_txn_b0ad953ec0d21839be820cfb,trusted,cn_public_2022_2026_cycles_1_0,public_schedule_without_transaction_override,False,,,complete
2024-10-14,0.00,20636.93,2,595644.70,last_posted_transaction_or_prior_closing_balance,synb1_txn_07e0bb857988a534a484844b,trusted,cn_public_2022_2026_cycles_1_0,public_schedule_without_transaction_override,True,195,2024-10-15,complete
2024-10-15,0.00,0.00,0,595644.70,last_posted_transaction_or_prior_closing_balance,,trusted,cn_public_2022_2026_cycles_1_0,public_schedule_without_transaction_override,True,196,2024-10-16,complete
2024-10-16,1109.91,0.00,1,596754.61,last_posted_transaction_or_prior_closing_balance,synb1_txn_4b5af1c670d413456df0a541,trusted,cn_public_2022_2026_cycles_1_0,public_schedule_without_transaction_override,True,197,2024-10-17,complete
2024-10-17,0.00,0.00,0,596754.61,last_posted_transaction_or_prior_closing_balance,,trusted,cn_public_2022_2026_cycles_1_0,public_schedule_without_transaction_override,True,198,2024-10-18,complete
2024-10-18,0.00,8842.98,4,587911.63,last_posted_transaction_or_prior_closing_balance,synb1_txn_ea84cbb9563f9babd4bcd7a3,trusted,cn_public_2022_2026_cycles_1_0,public_schedule_without_transaction_override,True,199,2024-10-21,complete
2024-10-19,0.00,0.00,0,587911.63,last_posted_transaction_or_prior_closing_balance,,trusted,cn_public_2022_2026_cycles_1_0,public_schedule_without_transaction_override,False,,,complete
2024-10-20,37026.77,0.00,1,624938.40,last_posted_transaction_or_prior_closing_balance,synb1_txn_8ea5133e030605295e6101fb,trusted,cn_public_2022_2026_cycles_1_0,public_schedule_without_transaction_override,False,,,complete
2024-10-21,14051.37,4440.11,2,634549.66,last_posted_transaction_or_prior_closing_balance,synb1_txn_0688e1c587199f8da0fe005e,trusted,cn_public_2022_2026_cycles_1_0,public_schedule_without_transaction_override,True,200,2024-10-22,complete
2024-10-22,0.00,0.00,0,634549.66,last_posted_transaction_or_prior_closing_balance,,trusted,cn_public_2022_2026_cycles_1_0,public_schedule_without_transaction_override,True,201,2024-10-23,complete
2024-10-23,71656.48,16000.74,3,690205.40,last_posted_transaction_or_prior_closing_balance,synb1_txn_c204e560f6b1452d94decca7,trusted,cn_public_2022_2026_cycles_1_0,public_schedule_without_transaction_override,True,202,2024-10-24,complete
2024-10-24,0.00,0.00,0,690205.40,last_posted_transaction_or_prior_closing_balance,,trusted,cn_public_2022_2026_cycles_1_0,public_schedule_without_transaction_override,True,203,2024-10-25,complete
2024-10-25,10675.00,13332.88,2,687547.52,last_posted_transaction_or_prior_closing_balance,synb1_txn_9b013dd8f8ba30c87bcb5402,trusted,cn_public_2022_2026_cycles_1_0,public_schedule_without_transaction_override,True,204,2024-10-28,complete
2024-10-26,0.00,6004.12,1,681543.40,last_posted_transaction_or_prior_closing_balance,synb1_txn_c8112ea88191962ec7248966,trusted,cn_public_2022_2026_cycles_1_0,public_schedule_without_transaction_override,False,,,complete
2024-10-27,0.00,18675.77,1,662867.63,last_posted_transaction_or_prior_closing_balance,synb1_txn_8db049aa3a886a2cdb0acd5e,trusted,cn_public_2022_2026_cycles_1_0,public_schedule_without_transaction_override,False,,,complete
2024-10-28,37464.43,76500.00,2,623832.06,last_posted_transaction_or_prior_closing_balance,synb1_txn_42de41b34efd9b9fe6f0937e,trusted,cn_public_2022_2026_cycles_1_0,public_schedule_without_transaction_override,True,205,2024-10-29,complete
2024-10-29,0.00,0.00,0,623832.06,last_posted_transaction_or_prior_closing_balance,,trusted,cn_public_2022_2026_cycles_1_0,public_schedule_without_transaction_override,True,206,2024-10-30,complete
2024-10-30,0.00,0.00,0,623832.06,last_posted_transaction_or_prior_closing_balance,,trusted,cn_public_2022_2026_cycles_1_0,public_schedule_without_transaction_override,True,207,2024-10-31,complete
2024-10-31,0.00,0.00,0,623832.06,last_posted_transaction_or_prior_closing_balance,,trusted,cn_public_2022_2026_cycles_1_0,public_schedule_without_transaction_override,True,208,2024-11-01,complete
2024-11-01,0.00,0.00,0,623832.06,last_posted_transaction_or_prior_closing_balance,,trusted,cn_public_2022_2026_cycles_1_0,public_schedule_without_transaction_override,True,209,2024-11-04,complete
2024-11-02,0.00,0.00,0,623832.06,last_posted_transaction_or_prior_closing_balance,,trusted,cn_public_2022_2026_cycles_1_0,public_schedule_without_transaction_override,False,,,complete
2024-11-03,0.00,0.00,0,623832.06,last_posted_transaction_or_prior_closing_balance,,trusted,cn_public_2022_2026_cycles_1_0,public_schedule_without_transaction_override,False,,,complete
2024-11-04,129406.42,2478.48,4,750760.00,last_posted_transaction_or_prior_closing_balance,synb1_txn_dcee0451c3d4ac9df869c6e7,trusted,cn_public_2022_2026_cycles_1_0,public_schedule_without_transaction_override,True,210,2024-11-05,complete
2024-11-05,0.00,10800.00,1,739960.00,last_posted_transaction_or_prior_closing_balance,synb1_txn_e27ce94f287713788cfb5cbd,trusted,cn_public_2022_2026_cycles_1_0,public_schedule_without_transaction_override,True,211,2024-11-06,complete
2024-11-06,0.00,0.00,0,739960.00,last_posted_transaction_or_prior_closing_balance,,trusted,cn_public_2022_2026_cycles_1_0,public_schedule_without_transaction_override,True,212,2024-11-07,complete
2024-11-07,0.00,1594.24,1,738365.76,last_posted_transaction_or_prior_closing_balance,synb1_txn_c1373f6cc4024d306a6d460a,trusted,cn_public_2022_2026_cycles_1_0,public_schedule_without_transaction_override,True,213,2024-11-08,complete
2024-11-08,0.00,7918.29,1,730447.47,last_posted_transaction_or_prior_closing_balance,synb1_txn_5c008ba703e53adb157397fd,trusted,cn_public_2022_2026_cycles_1_0,public_schedule_without_transaction_override,True,214,2024-11-11,complete
2024-11-09,0.00,1921.36,1,728526.11,last_posted_transaction_or_prior_closing_balance,synb1_txn_18d1bf9fc2c916fe62673246,trusted,cn_public_2022_2026_cycles_1_0,public_schedule_without_transaction_override,False,,,complete
2024-11-10,0.00,0.00,0,728526.11,last_posted_transaction_or_prior_closing_balance,,trusted,cn_public_2022_2026_cycles_1_0,public_schedule_without_transaction_override,False,,,complete
2024-11-11,0.00,0.00,0,728526.11,last_posted_transaction_or_prior_closing_balance,,trusted,cn_public_2022_2026_cycles_1_0,public_schedule_without_transaction_override,True,215,2024-11-12,complete
2024-11-12,0.00,0.00,0,728526.11,last_posted_transaction_or_prior_closing_balance,,trusted,cn_public_2022_2026_cycles_1_0,public_schedule_without_transaction_override,True,216,2024-11-13,complete
2024-11-13,43839.42,15752.86,2,756612.67,last_posted_transaction_or_prior_closing_balance,synb1_txn_d70e0d67cea20ae610938f1e,trusted,cn_public_2022_2026_cycles_1_0,public_schedule_without_transaction_override,True,217,2024-11-14,complete
2024-11-14,0.00,0.00,0,756612.67,last_posted_transaction_or_prior_closing_balance,,trusted,cn_public_2022_2026_cycles_1_0,public_schedule_without_transaction_override,True,218,2024-11-15,complete
2024-11-15,1006.73,0.00,1,757619.40,last_posted_transaction_or_prior_closing_balance,synb1_txn_82302093c694517930fcced0,trusted,cn_public_2022_2026_cycles_1_0,public_schedule_without_transaction_override,True,219,2024-11-18,complete
2024-11-16,50844.95,0.00,2,808464.35,last_posted_transaction_or_prior_closing_balance,synb1_txn_e643513ea1ca57bca66c4511,trusted,cn_public_2022_2026_cycles_1_0,public_schedule_without_transaction_override,False,,,complete
2024-11-17,0.00,0.00,0,808464.35,last_posted_transaction_or_prior_closing_balance,,trusted,cn_public_2022_2026_cycles_1_0,public_schedule_without_transaction_override,False,,,complete
2024-11-18,16111.15,1734.20,3,822841.30,last_posted_transaction_or_prior_closing_balance,synb1_txn_234375f42d264d7fa4ee4298,trusted,cn_public_2022_2026_cycles_1_0,public_schedule_without_transaction_override,True,220,2024-11-19,complete
2024-11-19,0.00,48923.07,2,773918.23,last_posted_transaction_or_prior_closing_balance,synb1_txn_0aac5d96054e2f9a5dc37e25,trusted,cn_public_2022_2026_cycles_1_0,public_schedule_without_transaction_override,True,221,2024-11-20,complete
2024-11-20,0.00,0.00,0,773918.23,last_posted_transaction_or_prior_closing_balance,,trusted,cn_public_2022_2026_cycles_1_0,public_schedule_without_transaction_override,True,222,2024-11-21,complete
2024-11-21,0.00,0.00,0,773918.23,last_posted_transaction_or_prior_closing_balance,,trusted,cn_public_2022_2026_cycles_1_0,public_schedule_without_transaction_override,True,223,2024-11-22,complete
2024-11-22,0.00,0.00,0,773918.23,last_posted_transaction_or_prior_closing_balance,,trusted,cn_public_2022_2026_cycles_1_0,public_schedule_without_transaction_override,True,224,2024-11-25,complete
2024-11-23,0.00,0.00,0,773918.23,last_posted_transaction_or_prior_closing_balance,,trusted,cn_public_2022_2026_cycles_1_0,public_schedule_without_transaction_override,False,,,complete
2024-11-24,0.00,41767.12,2,732151.11,last_posted_transaction_or_prior_closing_balance,synb1_txn_48a17c38e7bc8dda6ba5c2c9,trusted,cn_public_2022_2026_cycles_1_0,public_schedule_without_transaction_override,False,,,complete
2024-11-25,3928.33,0.00,1,736079.44,last_posted_transaction_or_prior_closing_balance,synb1_txn_da3d2fc3528ab5d468aff4e5,trusted,cn_public_2022_2026_cycles_1_0,public_schedule_without_transaction_override,True,225,2024-11-26,complete
2024-11-26,0.00,0.00,0,736079.44,last_posted_transaction_or_prior_closing_balance,,trusted,cn_public_2022_2026_cycles_1_0,public_schedule_without_transaction_override,True,226,2024-11-27,complete
2024-11-27,0.00,9327.74,2,726751.70,last_posted_transaction_or_prior_closing_balance,synb1_txn_5336a70a581b087e8da08ec3,trusted,cn_public_2022_2026_cycles_1_0,public_schedule_without_transaction_override,True,227,2024-11-28,complete
2024-11-28,0.00,64800.00,1,661951.70,last_posted_transaction_or_prior_closing_balance,synb1_txn_0030705ef1c1b396bf227dd4,trusted,cn_public_2022_2026_cycles_1_0,public_schedule_without_transaction_override,True,228,2024-11-29,complete
2024-11-29,0.00,0.00,0,661951.70,last_posted_transaction_or_prior_closing_balance,,trusted,cn_public_2022_2026_cycles_1_0,public_schedule_without_transaction_override,True,229,2024-12-02,complete
2024-11-30,0.00,0.00,0,661951.70,last_posted_transaction_or_prior_closing_balance,,trusted,cn_public_2022_2026_cycles_1_0,public_schedule_without_transaction_override,False,,,complete
2024-12-01,0.00,0.00,0,661951.70,last_posted_transaction_or_prior_closing_balance,,trusted,cn_public_2022_2026_cycles_1_0,public_schedule_without_transaction_override,False,,,complete
2024-12-02,0.00,0.00,0,661951.70,last_posted_transaction_or_prior_closing_balance,,trusted,cn_public_2022_2026_cycles_1_0,public_schedule_without_transaction_override,True,230,2024-12-03,complete
2024-12-03,0.00,0.00,0,661951.70,last_posted_transaction_or_prior_closing_balance,,trusted,cn_public_2022_2026_cycles_1_0,public_schedule_without_transaction_override,True,231,2024-12-04,complete
2024-12-04,0.00,4629.69,1,657322.01,last_posted_transaction_or_prior_closing_balance,synb1_txn_bcfbdab807b64b198d3067fa,trusted,cn_public_2022_2026_cycles_1_0,public_schedule_without_transaction_override,True,232,2024-12-05,complete
2024-12-05,0.00,10800.00,1,646522.01,last_posted_transaction_or_prior_closing_balance,synb1_txn_3316be3098582e7e726c6f12,trusted,cn_public_2022_2026_cycles_1_0,public_schedule_without_transaction_override,True,233,2024-12-06,complete
2024-12-06,0.00,0.00,0,646522.01,last_posted_transaction_or_prior_closing_balance,,trusted,cn_public_2022_2026_cycles_1_0,public_schedule_without_transaction_override,True,234,2024-12-09,complete
2024-12-07,0.00,0.00,0,646522.01,last_posted_transaction_or_prior_closing_balance,,trusted,cn_public_2022_2026_cycles_1_0,public_schedule_without_transaction_override,False,,,complete
2024-12-08,0.00,26013.97,1,620508.04,last_posted_transaction_or_prior_closing_balance,synb1_txn_6a9fe39346d3d0f599cce124,trusted,cn_public_2022_2026_cycles_1_0,public_schedule_without_transaction_override,False,,,complete
2024-12-09,0.00,9390.52,1,611117.52,last_posted_transaction_or_prior_closing_balance,synb1_txn_5d088b912413befe6c50443f,trusted,cn_public_2022_2026_cycles_1_0,public_schedule_without_transaction_override,True,235,2024-12-10,complete
2024-12-10,0.00,0.00,0,611117.52,last_posted_transaction_or_prior_closing_balance,,trusted,cn_public_2022_2026_cycles_1_0,public_schedule_without_transaction_override,True,236,2024-12-11,complete
2024-12-11,0.00,3870.18,1,607247.34,last_posted_transaction_or_prior_closing_balance,synb1_txn_681197e585fd8c525677967f,trusted,cn_public_2022_2026_cycles_1_0,public_schedule_without_transaction_override,True,237,2024-12-12,complete
2024-12-12,9898.55,0.00,1,617145.89,last_posted_transaction_or_prior_closing_balance,synb1_txn_a2a3587238524514e8cd6466,trusted,cn_public_2022_2026_cycles_1_0,public_schedule_without_transaction_override,True,238,2024-12-13,complete
2024-12-13,10941.70,0.00,1,628087.59,last_posted_transaction_or_prior_closing_balance,synb1_txn_4f70c848110b1d4c484ac561,trusted,cn_public_2022_2026_cycles_1_0,public_schedule_without_transaction_override,True,239,2024-12-16,complete
2024-12-14,0.00,28339.73,1,599747.86,last_posted_transaction_or_prior_closing_balance,synb1_txn_a453d51ce034fe702f99bfd7,trusted,cn_public_2022_2026_cycles_1_0,public_schedule_without_transaction_override,False,,,complete
2024-12-15,0.00,3696.93,1,596050.93,last_posted_transaction_or_prior_closing_balance,synb1_txn_9808fb3c95fc83e91e940bd9,trusted,cn_public_2022_2026_cycles_1_0,public_schedule_without_transaction_override,False,,,complete
2024-12-16,0.00,0.00,0,596050.93,last_posted_transaction_or_prior_closing_balance,,trusted,cn_public_2022_2026_cycles_1_0,public_schedule_without_transaction_override,True,240,2024-12-17,complete
2024-12-17,1145.60,0.00,1,597196.53,last_posted_transaction_or_prior_closing_balance,synb1_txn_3dac2cb57bac50dd6aacf339,trusted,cn_public_2022_2026_cycles_1_0,public_schedule_without_transaction_override,True,241,2024-12-18,complete
2024-12-18,50457.43,28781.12,5,618872.84,last_posted_transaction_or_prior_closing_balance,synb1_txn_1d01b49315745a25c6e291e3,trusted,cn_public_2022_2026_cycles_1_0,public_schedule_without_transaction_override,True,242,2024-12-19,complete
2024-12-19,5718.98,0.00,1,624591.82,last_posted_transaction_or_prior_closing_balance,synb1_txn_f924686f175de9bf8a4abd61,trusted,cn_public_2022_2026_cycles_1_0,public_schedule_without_transaction_override,True,243,2024-12-20,complete
2024-12-20,0.00,1579.09,1,623012.73,last_posted_transaction_or_prior_closing_balance,synb1_txn_e52d09b931a87227bc297902,trusted,cn_public_2022_2026_cycles_1_0,public_schedule_without_transaction_override,True,244,2024-12-23,complete
2024-12-21,61123.92,0.00,1,684136.65,last_posted_transaction_or_prior_closing_balance,synb1_txn_0fee11f76cabf1bdc7da3d29,trusted,cn_public_2022_2026_cycles_1_0,public_schedule_without_transaction_override,False,,,complete
2024-12-22,5161.90,0.00,2,689298.55,last_posted_transaction_or_prior_closing_balance,synb1_txn_5770933db2b3032084c37bb9,trusted,cn_public_2022_2026_cycles_1_0,public_schedule_without_transaction_override,False,,,complete
2024-12-23,4720.05,17.77,3,694000.83,last_posted_transaction_or_prior_closing_balance,synb1_txn_bea75580560753972f191ccc,trusted,cn_public_2022_2026_cycles_1_0,public_schedule_without_transaction_override,True,245,2024-12-24,complete
2024-12-24,0.00,0.00,0,694000.83,last_posted_transaction_or_prior_closing_balance,,trusted,cn_public_2022_2026_cycles_1_0,public_schedule_without_transaction_override,True,246,2024-12-25,complete
2024-12-25,8278.87,0.00,1,702279.70,last_posted_transaction_or_prior_closing_balance,synb1_txn_c502fa22525bdf00a26056c3,trusted,cn_public_2022_2026_cycles_1_0,public_schedule_without_transaction_override,True,247,2024-12-26,complete
2024-12-26,0.00,3366.42,2,698913.28,last_posted_transaction_or_prior_closing_balance,synb1_txn_9d60613eefd3bd6f51bfb38e,trusted,cn_public_2022_2026_cycles_1_0,public_schedule_without_transaction_override,True,248,2024-12-27,complete
2024-12-27,0.00,0.00,0,698913.28,last_posted_transaction_or_prior_closing_balance,,trusted,cn_public_2022_2026_cycles_1_0,public_schedule_without_transaction_override,True,249,2024-12-30,complete
2024-12-28,0.00,89552.11,3,609361.17,last_posted_transaction_or_prior_closing_balance,synb1_txn_619bd0059fdd94902d72e4f6,trusted,cn_public_2022_2026_cycles_1_0,public_schedule_without_transaction_override,False,,,complete
2024-12-29,0.00,0.00,0,609361.17,last_posted_transaction_or_prior_closing_balance,,trusted,cn_public_2022_2026_cycles_1_0,public_schedule_without_transaction_override,False,,,complete
2024-12-30,0.00,0.00,0,609361.17,last_posted_transaction_or_prior_closing_balance,,trusted,cn_public_2022_2026_cycles_1_0,public_schedule_without_transaction_override,True,250,2024-12-31,complete
2024-12-31,0.00,0.00,0,609361.17,last_posted_transaction_or_prior_closing_balance,,trusted,cn_public_2022_2026_cycles_1_0,public_schedule_without_transaction_override,True,251,2025-01-02,complete
2025-01-01,0.00,0.00,0,609361.17,last_posted_transaction_or_prior_closing_balance,,trusted,cn_public_2022_2026_cycles_1_0,public_schedule_without_transaction_override,False,,,complete
2025-01-02,4110.42,0.00,1,613471.59,last_posted_transaction_or_prior_closing_balance,synb1_txn_74228d38f9aaa0d549cb98b3,trusted,cn_public_2022_2026_cycles_1_0,public_schedule_without_transaction_override,True,252,2025-01-03,complete
2025-01-03,486260.95,0.00,4,1099732.54,last_posted_transaction_or_prior_closing_balance,synb1_txn_ac49140a33e9b056543524d9,trusted,cn_public_2022_2026_cycles_1_0,public_schedule_without_transaction_override,True,253,2025-01-06,complete
2025-01-04,0.00,35507.42,2,1064225.12,last_posted_transaction_or_prior_closing_balance,synb1_txn_63098c551e615df7515b1f97,trusted,cn_public_2022_2026_cycles_1_0,public_schedule_without_transaction_override,False,,,complete
2025-01-05,0.00,12844.79,2,1051380.33,last_posted_transaction_or_prior_closing_balance,synb1_txn_1c9db860f06db1bdccdfdb58,trusted,cn_public_2022_2026_cycles_1_0,public_schedule_without_transaction_override,False,,,complete
2025-01-06,25611.76,0.00,1,1076992.09,last_posted_transaction_or_prior_closing_balance,synb1_txn_7dcb88bd185450903f4f61c4,trusted,cn_public_2022_2026_cycles_1_0,public_schedule_without_transaction_override,True,254,2025-01-07,complete
2025-01-07,56152.04,0.00,1,1133144.13,last_posted_transaction_or_prior_closing_balance,synb1_txn_c1175ea4728383d8eb8f0693,trusted,cn_public_2022_2026_cycles_1_0,public_schedule_without_transaction_override,True,255,2025-01-08,complete
2025-01-08,0.00,145970.80,1,987173.33,last_posted_transaction_or_prior_closing_balance,synb1_txn_fc45db9b7a10c3b67d53f0a0,trusted,cn_public_2022_2026_cycles_1_0,public_schedule_without_transaction_override,True,256,2025-01-09,complete
2025-01-09,0.00,49926.78,1,937246.55,last_posted_transaction_or_prior_closing_balance,synb1_txn_7e1a736c77be5c38d6cec830,trusted,cn_public_2022_2026_cycles_1_0,public_schedule_without_transaction_override,True,257,2025-01-10,complete
2025-01-10,27801.06,0.00,3,965047.61,last_posted_transaction_or_prior_closing_balance,synb1_txn_153533f1f7ddeebda64f0cf9,trusted,cn_public_2022_2026_cycles_1_0,public_schedule_without_transaction_override,True,258,2025-01-13,complete
2025-01-11,32940.62,0.00,1,997988.23,last_posted_transaction_or_prior_closing_balance,synb1_txn_95fa5f01eebf00648b3ebca0,trusted,cn_public_2022_2026_cycles_1_0,public_schedule_without_transaction_override,False,,,complete
2025-01-12,24366.13,0.00,2,1022354.36,last_posted_transaction_or_prior_closing_balance,synb1_txn_fb475486e8bd79b5072f7c0e,trusted,cn_public_2022_2026_cycles_1_0,public_schedule_without_transaction_override,False,,,complete
2025-01-13,0.00,0.00,0,1022354.36,last_posted_transaction_or_prior_closing_balance,,trusted,cn_public_2022_2026_cycles_1_0,public_schedule_without_transaction_override,True,259,2025-01-14,complete
2025-01-14,0.00,18580.90,1,1003773.46,last_posted_transaction_or_prior_closing_balance,synb1_txn_45e2a335329b73acaa9147c9,trusted,cn_public_2022_2026_cycles_1_0,public_schedule_without_transaction_override,True,260,2025-01-15,complete
2025-01-15,21500.11,0.00,1,1025273.57,last_posted_transaction_or_prior_closing_balance,synb1_txn_a797c76e9da5ff08d117379c,trusted,cn_public_2022_2026_cycles_1_0,public_schedule_without_transaction_override,True,261,2025-01-16,complete
2025-01-16,0.00,9176.43,1,1016097.14,last_posted_transaction_or_prior_closing_balance,synb1_txn_b67d210ab0038ffba0843d74,trusted,cn_public_2022_2026_cycles_1_0,public_schedule_without_transaction_override,True,262,2025-01-17,complete
2025-01-17,0.00,1712.32,1,1014384.82,last_posted_transaction_or_prior_closing_balance,synb1_txn_d132d8f82ee162489eae742f,trusted,cn_public_2022_2026_cycles_1_0,public_schedule_without_transaction_override,True,263,2025-01-20,complete
2025-01-18,0.00,0.00,0,1014384.82,last_posted_transaction_or_prior_closing_balance,,trusted,cn_public_2022_2026_cycles_1_0,public_schedule_without_transaction_override,False,,,complete
2025-01-19,0.00,4348.02,1,1010036.80,last_posted_transaction_or_prior_closing_balance,synb1_txn_48566433830c156e9f76ddd0,trusted,cn_public_2022_2026_cycles_1_0,public_schedule_without_transaction_override,False,,,complete
2025-01-20,19839.74,18985.91,6,1010890.63,last_posted_transaction_or_prior_closing_balance,synb1_txn_5290a14e5cf89f5f7a52cfaa,trusted,cn_public_2022_2026_cycles_1_0,public_schedule_without_transaction_override,True,264,2025-01-21,complete
2025-01-21,0.00,0.00,0,1010890.63,last_posted_transaction_or_prior_closing_balance,,trusted,cn_public_2022_2026_cycles_1_0,public_schedule_without_transaction_override,True,265,2025-01-22,complete
2025-01-22,167151.79,0.00,2,1178042.42,last_posted_transaction_or_prior_closing_balance,synb1_txn_369f37ebbc1770f40cc71216,trusted,cn_public_2022_2026_cycles_1_0,public_schedule_without_transaction_override,True,266,2025-01-23,complete
2025-01-23,0.00,42410.75,1,1135631.67,last_posted_transaction_or_prior_closing_balance,synb1_txn_205790be038c8d2bee78481a,trusted,cn_public_2022_2026_cycles_1_0,public_schedule_without_transaction_override,True,267,2025-01-24,complete
2025-01-24,0.00,0.00,0,1135631.67,last_posted_transaction_or_prior_closing_balance,,trusted,cn_public_2022_2026_cycles_1_0,public_schedule_without_transaction_override,True,268,2025-01-26,complete
2025-01-25,3355.30,0.00,1,1138986.97,last_posted_transaction_or_prior_closing_balance,synb1_txn_469b3e428e4f94201f97324a,trusted,cn_public_2022_2026_cycles_1_0,public_schedule_without_transaction_override,False,,,complete
2025-01-26,0.00,0.00,0,1138986.97,last_posted_transaction_or_prior_closing_balance,,trusted,cn_public_2022_2026_cycles_1_0,public_schedule_without_transaction_override,True,269,2025-01-27,complete
2025-01-27,34733.48,47158.17,2,1126562.28,last_posted_transaction_or_prior_closing_balance,synb1_txn_11d5f522e618c854132dce84,trusted,cn_public_2022_2026_cycles_1_0,public_schedule_without_transaction_override,True,270,2025-02-05,complete
2025-01-28,0.00,64800.00,1,1061762.28,last_posted_transaction_or_prior_closing_balance,synb1_txn_0b81dfbad94c7b9b9c10b95c,trusted,cn_public_2022_2026_cycles_1_0,public_schedule_without_transaction_override,False,,,complete
2025-01-29,0.00,0.00,0,1061762.28,last_posted_transaction_or_prior_closing_balance,,trusted,cn_public_2022_2026_cycles_1_0,public_schedule_without_transaction_override,False,,,complete
2025-01-30,0.00,0.00,0,1061762.28,last_posted_transaction_or_prior_closing_balance,,trusted,cn_public_2022_2026_cycles_1_0,public_schedule_without_transaction_override,False,,,complete
2025-01-31,0.00,0.00,0,1061762.28,last_posted_transaction_or_prior_closing_balance,,trusted,cn_public_2022_2026_cycles_1_0,public_schedule_without_transaction_override,False,,,complete
2025-02-01,0.00,0.00,0,1061762.28,last_posted_transaction_or_prior_closing_balance,,trusted,cn_public_2022_2026_cycles_1_0,public_schedule_without_transaction_override,False,,,complete
2025-02-02,0.00,0.00,0,1061762.28,last_posted_transaction_or_prior_closing_balance,,trusted,cn_public_2022_2026_cycles_1_0,public_schedule_without_transaction_override,False,,,complete
2025-02-03,11121.56,55350.16,2,1017533.68,last_posted_transaction_or_prior_closing_balance,synb1_txn_4fa7affd3810a3cebd034009,trusted,cn_public_2022_2026_cycles_1_0,public_schedule_without_transaction_override,False,,,complete
2025-02-04,19279.01,0.00,1,1036812.69,last_posted_transaction_or_prior_closing_balance,synb1_txn_eaf19946f0b9d112bdda3459,trusted,cn_public_2022_2026_cycles_1_0,public_schedule_without_transaction_override,False,,,complete
2025-02-05,34982.55,10800.00,2,1060995.24,last_posted_transaction_or_prior_closing_balance,synb1_txn_4d84c4c811fdc8e5f9c43130,trusted,cn_public_2022_2026_cycles_1_0,public_schedule_without_transaction_override,True,271,2025-02-06,complete
2025-02-06,0.00,0.00,0,1060995.24,last_posted_transaction_or_prior_closing_balance,,trusted,cn_public_2022_2026_cycles_1_0,public_schedule_without_transaction_override,True,272,2025-02-07,complete
2025-02-07,0.00,0.00,0,1060995.24,last_posted_transaction_or_prior_closing_balance,,trusted,cn_public_2022_2026_cycles_1_0,public_schedule_without_transaction_override,True,273,2025-02-08,complete
2025-02-08,0.00,86078.22,1,974917.02,last_posted_transaction_or_prior_closing_balance,synb1_txn_b3b1e529890d2aaa40a5212e,trusted,cn_public_2022_2026_cycles_1_0,public_schedule_without_transaction_override,True,274,2025-02-10,complete
2025-02-09,35019.85,19270.56,2,990666.31,last_posted_transaction_or_prior_closing_balance,synb1_txn_c8c2d5ab83b15b6f4872fdab,trusted,cn_public_2022_2026_cycles_1_0,public_schedule_without_transaction_override,False,,,complete
2025-02-10,3096.05,0.00,1,993762.36,last_posted_transaction_or_prior_closing_balance,synb1_txn_bd1c55f752b99978ae778af4,trusted,cn_public_2022_2026_cycles_1_0,public_schedule_without_transaction_override,True,275,2025-02-11,complete
2025-02-11,0.00,13129.44,1,980632.92,last_posted_transaction_or_prior_closing_balance,synb1_txn_0c2ab5da4c89ca463fb7c84b,trusted,cn_public_2022_2026_cycles_1_0,public_schedule_without_transaction_override,True,276,2025-02-12,complete
2025-02-12,0.00,196148.14,1,784484.78,last_posted_transaction_or_prior_closing_balance,synb1_txn_ace040032e27a96c023ae9fd,trusted,cn_public_2022_2026_cycles_1_0,public_schedule_without_transaction_override,True,277,2025-02-13,complete
2025-02-13,0.00,0.00,0,784484.78,last_posted_transaction_or_prior_closing_balance,,trusted,cn_public_2022_2026_cycles_1_0,public_schedule_without_transaction_override,True,278,2025-02-14,complete
2025-02-14,149136.10,0.00,3,933620.88,last_posted_transaction_or_prior_closing_balance,synb1_txn_43cb8fde6889823d6eba9bd6,trusted,cn_public_2022_2026_cycles_1_0,public_schedule_without_transaction_override,True,279,2025-02-17,complete
2025-02-15,0.00,0.00,0,933620.88,last_posted_transaction_or_prior_closing_balance,,trusted,cn_public_2022_2026_cycles_1_0,public_schedule_without_transaction_override,False,,,complete
2025-02-16,0.00,0.00,0,933620.88,last_posted_transaction_or_prior_closing_balance,,trusted,cn_public_2022_2026_cycles_1_0,public_schedule_without_transaction_override,False,,,complete
2025-02-17,0.00,67080.69,1,866540.19,last_posted_transaction_or_prior_closing_balance,synb1_txn_b8d739b8e4e4941b8a9f1e8b,trusted,cn_public_2022_2026_cycles_1_0,public_schedule_without_transaction_override,True,280,2025-02-18,complete
2025-02-18,63784.99,5956.47,3,924368.71,last_posted_transaction_or_prior_closing_balance,synb1_txn_f7baad3446be4601b6ac6a19,trusted,cn_public_2022_2026_cycles_1_0,public_schedule_without_transaction_override,True,281,2025-02-19,complete
2025-02-19,0.00,0.00,0,924368.71,last_posted_transaction_or_prior_closing_balance,,trusted,cn_public_2022_2026_cycles_1_0,public_schedule_without_transaction_override,True,282,2025-02-20,complete
2025-02-20,0.00,0.00,0,924368.71,last_posted_transaction_or_prior_closing_balance,,trusted,cn_public_2022_2026_cycles_1_0,public_schedule_without_transaction_override,True,283,2025-02-21,complete
2025-02-21,0.00,0.00,0,924368.71,last_posted_transaction_or_prior_closing_balance,,trusted,cn_public_2022_2026_cycles_1_0,public_schedule_without_transaction_override,True,284,2025-02-24,complete
2025-02-22,0.00,0.00,0,924368.71,last_posted_transaction_or_prior_closing_balance,,trusted,cn_public_2022_2026_cycles_1_0,public_schedule_without_transaction_override,False,,,complete
2025-02-23,6949.45,0.00,1,931318.16,last_posted_transaction_or_prior_closing_balance,synb1_txn_4ab59d5d8017357fd3f0765f,trusted,cn_public_2022_2026_cycles_1_0,public_schedule_without_transaction_override,False,,,complete
2025-02-24,0.00,2363.07,1,928955.09,last_posted_transaction_or_prior_closing_balance,synb1_txn_f3301d0c77c7206394e5c223,trusted,cn_public_2022_2026_cycles_1_0,public_schedule_without_transaction_override,True,285,2025-02-25,complete
2025-02-25,12021.99,0.00,1,940977.08,last_posted_transaction_or_prior_closing_balance,synb1_txn_1ebafe9484608a5e8f261811,trusted,cn_public_2022_2026_cycles_1_0,public_schedule_without_transaction_override,True,286,2025-02-26,complete
2025-02-26,183382.25,0.00,1,1124359.33,last_posted_transaction_or_prior_closing_balance,synb1_txn_bbe27e43fbf2c8a76953a3fe,trusted,cn_public_2022_2026_cycles_1_0,public_schedule_without_transaction_override,True,287,2025-02-27,complete
2025-02-27,32935.98,89318.36,3,1067976.95,last_posted_transaction_or_prior_closing_balance,synb1_txn_701dfb70f205e513c60c0041,trusted,cn_public_2022_2026_cycles_1_0,public_schedule_without_transaction_override,True,288,2025-02-28,complete
2025-02-28,56305.82,87491.36,3,1036791.41,last_posted_transaction_or_prior_closing_balance,synb1_txn_d65a74254133603f9ac76d3e,trusted,cn_public_2022_2026_cycles_1_0,public_schedule_without_transaction_override,True,289,2025-03-03,complete
2025-03-01,0.00,0.00,0,1036791.41,last_posted_transaction_or_prior_closing_balance,,trusted,cn_public_2022_2026_cycles_1_0,public_schedule_without_transaction_override,False,,,complete
2025-03-02,0.00,27829.34,1,1008962.07,last_posted_transaction_or_prior_closing_balance,synb1_txn_ed2013d25c5b2ca08bb6b79b,trusted,cn_public_2022_2026_cycles_1_0,public_schedule_without_transaction_override,False,,,complete
2025-03-03,0.00,0.00,0,1008962.07,last_posted_transaction_or_prior_closing_balance,,trusted,cn_public_2022_2026_cycles_1_0,public_schedule_without_transaction_override,True,290,2025-03-04,complete
2025-03-04,62608.46,0.00,1,1071570.53,last_posted_transaction_or_prior_closing_balance,synb1_txn_422f9e5f19f6888a04a575f3,trusted,cn_public_2022_2026_cycles_1_0,public_schedule_without_transaction_override,True,291,2025-03-05,complete
2025-03-05,0.00,83732.43,2,987838.10,last_posted_transaction_or_prior_closing_balance,synb1_txn_313dd5079440adcb6ac756af,trusted,cn_public_2022_2026_cycles_1_0,public_schedule_without_transaction_override,True,292,2025-03-06,complete
2025-03-06,0.00,24226.44,1,963611.66,last_posted_transaction_or_prior_closing_balance,synb1_txn_a28e8b84141b74a5b175c83c,trusted,cn_public_2022_2026_cycles_1_0,public_schedule_without_transaction_override,True,293,2025-03-07,complete
2025-03-07,0.00,0.00,0,963611.66,last_posted_transaction_or_prior_closing_balance,,trusted,cn_public_2022_2026_cycles_1_0,public_schedule_without_transaction_override,True,294,2025-03-10,complete
2025-03-08,27664.04,0.00,1,991275.70,last_posted_transaction_or_prior_closing_balance,synb1_txn_e8d06cac8330277a75c6a8c7,trusted,cn_public_2022_2026_cycles_1_0,public_schedule_without_transaction_override,False,,,complete
2025-03-09,0.00,0.00,0,991275.70,last_posted_transaction_or_prior_closing_balance,,trusted,cn_public_2022_2026_cycles_1_0,public_schedule_without_transaction_override,False,,,complete
2025-03-10,17414.57,132801.73,3,875888.54,last_posted_transaction_or_prior_closing_balance,synb1_txn_77bbc8aa0eb5703b6fdd561c,trusted,cn_public_2022_2026_cycles_1_0,public_schedule_without_transaction_override,True,295,2025-03-11,complete
2025-03-11,47563.56,0.00,1,923452.10,last_posted_transaction_or_prior_closing_balance,synb1_txn_20a55ba4de0fece5e1a91981,trusted,cn_public_2022_2026_cycles_1_0,public_schedule_without_transaction_override,True,296,2025-03-12,complete
2025-03-12,0.00,0.00,0,923452.10,last_posted_transaction_or_prior_closing_balance,,trusted,cn_public_2022_2026_cycles_1_0,public_schedule_without_transaction_override,True,297,2025-03-13,complete
2025-03-13,102465.24,0.00,1,1025917.34,last_posted_transaction_or_prior_closing_balance,synb1_txn_60b2f04d1a8110ce710de3ac,trusted,cn_public_2022_2026_cycles_1_0,public_schedule_without_transaction_override,True,298,2025-03-14,complete
2025-03-14,42167.25,0.00,1,1068084.59,last_posted_transaction_or_prior_closing_balance,synb1_txn_281959c4d735440ae58d0f30,trusted,cn_public_2022_2026_cycles_1_0,public_schedule_without_transaction_override,True,299,2025-03-17,complete
2025-03-15,0.00,0.00,0,1068084.59,last_posted_transaction_or_prior_closing_balance,,trusted,cn_public_2022_2026_cycles_1_0,public_schedule_without_transaction_override,False,,,complete
2025-03-16,21558.86,0.00,1,1089643.45,last_posted_transaction_or_prior_closing_balance,synb1_txn_94c68c0166c76c91eaf0e4c5,trusted,cn_public_2022_2026_cycles_1_0,public_schedule_without_transaction_override,False,,,complete
2025-03-17,4346.55,185120.57,2,908869.43,last_posted_transaction_or_prior_closing_balance,synb1_txn_a286a8fc8af55da6cec02460,trusted,cn_public_2022_2026_cycles_1_0,public_schedule_without_transaction_override,True,300,2025-03-18,complete
2025-03-18,0.00,9672.85,4,899196.58,last_posted_transaction_or_prior_closing_balance,synb1_txn_bdb0cb0f5db207864671665e,trusted,cn_public_2022_2026_cycles_1_0,public_schedule_without_transaction_override,True,301,2025-03-19,complete
2025-03-19,0.00,0.00,0,899196.58,last_posted_transaction_or_prior_closing_balance,,trusted,cn_public_2022_2026_cycles_1_0,public_schedule_without_transaction_override,True,302,2025-03-20,complete
2025-03-20,0.00,0.00,0,899196.58,last_posted_transaction_or_prior_closing_balance,,trusted,cn_public_2022_2026_cycles_1_0,public_schedule_without_transaction_override,True,303,2025-03-21,complete
2025-03-21,0.00,0.00,0,899196.58,last_posted_transaction_or_prior_closing_balance,,trusted,cn_public_2022_2026_cycles_1_0,public_schedule_without_transaction_override,True,304,2025-03-24,complete
2025-03-22,103912.07,0.00,1,1003108.65,last_posted_transaction_or_prior_closing_balance,synb1_txn_3ce1a0a1cd42b4d74671dc79,trusted,cn_public_2022_2026_cycles_1_0,public_schedule_without_transaction_override,False,,,complete
2025-03-23,0.00,0.00,0,1003108.65,last_posted_transaction_or_prior_closing_balance,,trusted,cn_public_2022_2026_cycles_1_0,public_schedule_without_transaction_override,False,,,complete
2025-03-24,0.00,0.00,0,1003108.65,last_posted_transaction_or_prior_closing_balance,,trusted,cn_public_2022_2026_cycles_1_0,public_schedule_without_transaction_override,True,305,2025-03-25,complete
2025-03-25,0.00,0.00,0,1003108.65,last_posted_transaction_or_prior_closing_balance,,trusted,cn_public_2022_2026_cycles_1_0,public_schedule_without_transaction_override,True,306,2025-03-26,complete
2025-03-26,5894.79,0.00,1,1009003.44,last_posted_transaction_or_prior_closing_balance,synb1_txn_ce3854c00be8e4a4d9308699,trusted,cn_public_2022_2026_cycles_1_0,public_schedule_without_transaction_override,True,307,2025-03-27,complete
2025-03-27,0.00,38228.36,2,970775.08,last_posted_transaction_or_prior_closing_balance,synb1_txn_d107fd6e956323a18e3c946c,trusted,cn_public_2022_2026_cycles_1_0,public_schedule_without_transaction_override,True,308,2025-03-28,complete
2025-03-28,95695.41,64800.00,3,1001670.49,last_posted_transaction_or_prior_closing_balance,synb1_txn_9f97984090fa3fb022cc75a7,trusted,cn_public_2022_2026_cycles_1_0,public_schedule_without_transaction_override,True,309,2025-03-31,complete
2025-03-29,0.00,0.00,0,1001670.49,last_posted_transaction_or_prior_closing_balance,,trusted,cn_public_2022_2026_cycles_1_0,public_schedule_without_transaction_override,False,,,complete
2025-03-30,0.00,0.00,0,1001670.49,last_posted_transaction_or_prior_closing_balance,,trusted,cn_public_2022_2026_cycles_1_0,public_schedule_without_transaction_override,False,,,complete
2025-03-31,0.00,0.00,0,1001670.49,last_posted_transaction_or_prior_closing_balance,,trusted,cn_public_2022_2026_cycles_1_0,public_schedule_without_transaction_override,True,310,2025-04-01,complete
2025-04-01,0.00,0.00,0,1001670.49,last_posted_transaction_or_prior_closing_balance,,trusted,cn_public_2022_2026_cycles_1_0,public_schedule_without_transaction_override,True,311,2025-04-02,complete
2025-04-02,32824.33,0.00,2,1034494.82,last_posted_transaction_or_prior_closing_balance,synb1_txn_225959064f5d7e7bfb894157,trusted,cn_public_2022_2026_cycles_1_0,public_schedule_without_transaction_override,True,312,2025-04-03,complete
2025-04-03,0.00,0.00,0,1034494.82,last_posted_transaction_or_prior_closing_balance,,trusted,cn_public_2022_2026_cycles_1_0,public_schedule_without_transaction_override,True,313,2025-04-07,complete
2025-04-04,52335.56,21752.24,3,1065078.14,last_posted_transaction_or_prior_closing_balance,synb1_txn_df9b22be34c080d7b388deb4,trusted,cn_public_2022_2026_cycles_1_0,public_schedule_without_transaction_override,False,,,complete
2025-04-05,0.00,10800.00,1,1054278.14,last_posted_transaction_or_prior_closing_balance,synb1_txn_b3c58ac71e8f5ecc04095d34,trusted,cn_public_2022_2026_cycles_1_0,public_schedule_without_transaction_override,False,,,complete
2025-04-06,0.00,0.00,0,1054278.14,last_posted_transaction_or_prior_closing_balance,,trusted,cn_public_2022_2026_cycles_1_0,public_schedule_without_transaction_override,False,,,complete
2025-04-07,0.00,28454.17,1,1025823.97,last_posted_transaction_or_prior_closing_balance,synb1_txn_b368dd313c1819ce7fe142bd,trusted,cn_public_2022_2026_cycles_1_0,public_schedule_without_transaction_override,True,314,2025-04-08,complete
2025-04-08,0.00,10084.62,1,1015739.35,last_posted_transaction_or_prior_closing_balance,synb1_txn_7bcdae925d9368fbfce9be80,trusted,cn_public_2022_2026_cycles_1_0,public_schedule_without_transaction_override,True,315,2025-04-09,complete
2025-04-09,18784.67,0.00,1,1034524.02,last_posted_transaction_or_prior_closing_balance,synb1_txn_72c09327715258a787bd927e,trusted,cn_public_2022_2026_cycles_1_0,public_schedule_without_transaction_override,True,316,2025-04-10,complete
2025-04-10,0.00,843.31,1,1033680.71,last_posted_transaction_or_prior_closing_balance,synb1_txn_221c12b02ab9f6eaf7619c52,trusted,cn_public_2022_2026_cycles_1_0,public_schedule_without_transaction_override,True,317,2025-04-11,complete
2025-04-11,0.00,0.00,0,1033680.71,last_posted_transaction_or_prior_closing_balance,,trusted,cn_public_2022_2026_cycles_1_0,public_schedule_without_transaction_override,True,318,2025-04-14,complete
2025-04-12,9747.30,0.00,1,1043428.01,last_posted_transaction_or_prior_closing_balance,synb1_txn_1dde99901893dfbee043233e,trusted,cn_public_2022_2026_cycles_1_0,public_schedule_without_transaction_override,False,,,complete
2025-04-13,0.00,14642.01,1,1028786.00,last_posted_transaction_or_prior_closing_balance,synb1_txn_c4d81fe5309dd3e53e55547d,trusted,cn_public_2022_2026_cycles_1_0,public_schedule_without_transaction_override,False,,,complete
2025-04-14,0.00,0.00,0,1028786.00,last_posted_transaction_or_prior_closing_balance,,trusted,cn_public_2022_2026_cycles_1_0,public_schedule_without_transaction_override,True,319,2025-04-15,complete
2025-04-15,76913.51,0.00,1,1105699.51,last_posted_transaction_or_prior_closing_balance,synb1_txn_994a20107502d592654395bd,trusted,cn_public_2022_2026_cycles_1_0,public_schedule_without_transaction_override,True,320,2025-04-16,complete
2025-04-16,45150.16,8159.09,3,1142690.58,last_posted_transaction_or_prior_closing_balance,synb1_txn_ab18d11d29c4807694c0f1ca,trusted,cn_public_2022_2026_cycles_1_0,public_schedule_without_transaction_override,True,321,2025-04-17,complete
2025-04-17,48698.19,0.00,2,1191388.77,last_posted_transaction_or_prior_closing_balance,synb1_txn_2eaca42b81833892d3c4c51a,trusted,cn_public_2022_2026_cycles_1_0,public_schedule_without_transaction_override,True,322,2025-04-18,complete
2025-04-18,502.33,39654.24,4,1152236.86,last_posted_transaction_or_prior_closing_balance,synb1_txn_d64b1c7c5b574d8f8ef0780c,trusted,cn_public_2022_2026_cycles_1_0,public_schedule_without_transaction_override,True,323,2025-04-21,complete
2025-04-19,69233.54,0.00,1,1221470.40,last_posted_transaction_or_prior_closing_balance,synb1_txn_8062f9904b7f300ebf9cf9ba,trusted,cn_public_2022_2026_cycles_1_0,public_schedule_without_transaction_override,False,,,complete
2025-04-20,13655.73,115973.75,4,1119152.38,last_posted_transaction_or_prior_closing_balance,synb1_txn_7eeceea0c77f2089f8503941,trusted,cn_public_2022_2026_cycles_1_0,public_schedule_without_transaction_override,False,,,complete
2025-04-21,0.00,4200.82,1,1114951.56,last_posted_transaction_or_prior_closing_balance,synb1_txn_9724d0e16e7a1b69284720f5,trusted,cn_public_2022_2026_cycles_1_0,public_schedule_without_transaction_override,True,324,2025-04-22,complete
2025-04-22,0.00,0.00,0,1114951.56,last_posted_transaction_or_prior_closing_balance,,trusted,cn_public_2022_2026_cycles_1_0,public_schedule_without_transaction_override,True,325,2025-04-23,complete
2025-04-23,713.38,37189.02,3,1078475.92,last_posted_transaction_or_prior_closing_balance,synb1_txn_6c44b2c96460a18ec9cdec5e,trusted,cn_public_2022_2026_cycles_1_0,public_schedule_without_transaction_override,True,326,2025-04-24,complete
2025-04-24,0.00,35118.48,4,1043357.44,last_posted_transaction_or_prior_closing_balance,synb1_txn_9f968edf7af9de2c37442ba6,trusted,cn_public_2022_2026_cycles_1_0,public_schedule_without_transaction_override,True,327,2025-04-25,complete
2025-04-25,0.00,0.00,0,1043357.44,last_posted_transaction_or_prior_closing_balance,,trusted,cn_public_2022_2026_cycles_1_0,public_schedule_without_transaction_override,True,328,2025-04-27,complete
2025-04-26,0.00,0.00,0,1043357.44,last_posted_transaction_or_prior_closing_balance,,trusted,cn_public_2022_2026_cycles_1_0,public_schedule_without_transaction_override,False,,,complete
2025-04-27,0.00,13922.47,1,1029434.97,last_posted_transaction_or_prior_closing_balance,synb1_txn_0173c0d3ca05b2d8baf31f60,trusted,cn_public_2022_2026_cycles_1_0,public_schedule_without_transaction_override,True,329,2025-04-28,complete
2025-04-28,0.00,46334.25,2,983100.72,last_posted_transaction_or_prior_closing_balance,synb1_txn_b9200c759ea1a90793981507,trusted,cn_public_2022_2026_cycles_1_0,public_schedule_without_transaction_override,True,330,2025-04-29,complete
2025-04-29,0.00,0.00,0,983100.72,last_posted_transaction_or_prior_closing_balance,,trusted,cn_public_2022_2026_cycles_1_0,public_schedule_without_transaction_override,True,331,2025-04-30,complete
2025-04-30,0.00,0.00,0,983100.72,last_posted_transaction_or_prior_closing_balance,,trusted,cn_public_2022_2026_cycles_1_0,public_schedule_without_transaction_override,True,332,2025-05-06,complete
2025-05-01,0.00,0.00,0,983100.72,last_posted_transaction_or_prior_closing_balance,,trusted,cn_public_2022_2026_cycles_1_0,public_schedule_without_transaction_override,False,,,complete
2025-05-02,0.00,0.00,0,983100.72,last_posted_transaction_or_prior_closing_balance,,trusted,cn_public_2022_2026_cycles_1_0,public_schedule_without_transaction_override,False,,,complete
2025-05-03,0.00,0.00,0,983100.72,last_posted_transaction_or_prior_closing_balance,,trusted,cn_public_2022_2026_cycles_1_0,public_schedule_without_transaction_override,False,,,complete
2025-05-04,50085.92,0.00,1,1033186.64,last_posted_transaction_or_prior_closing_balance,synb1_txn_f52e2934d532b8b460b1676f,trusted,cn_public_2022_2026_cycles_1_0,public_schedule_without_transaction_override,False,,,complete
2025-05-05,0.00,11944.02,2,1021242.62,last_posted_transaction_or_prior_closing_balance,synb1_txn_663a3f24626eafc652642b2b,trusted,cn_public_2022_2026_cycles_1_0,public_schedule_without_transaction_override,False,,,complete
2025-05-06,0.00,8218.07,1,1013024.55,last_posted_transaction_or_prior_closing_balance,synb1_txn_64d0043b327a8f0a01bcaa44,trusted,cn_public_2022_2026_cycles_1_0,public_schedule_without_transaction_override,True,333,2025-05-07,complete
2025-05-07,0.00,0.00,0,1013024.55,last_posted_transaction_or_prior_closing_balance,,trusted,cn_public_2022_2026_cycles_1_0,public_schedule_without_transaction_override,True,334,2025-05-08,complete
2025-05-08,0.00,0.00,0,1013024.55,last_posted_transaction_or_prior_closing_balance,,trusted,cn_public_2022_2026_cycles_1_0,public_schedule_without_transaction_override,True,335,2025-05-09,complete
2025-05-09,6313.47,0.00,2,1019338.02,last_posted_transaction_or_prior_closing_balance,synb1_txn_db863e8fe2873328a718a264,trusted,cn_public_2022_2026_cycles_1_0,public_schedule_without_transaction_override,True,336,2025-05-12,complete
2025-05-10,0.00,71703.91,2,947634.11,last_posted_transaction_or_prior_closing_balance,synb1_txn_cd794611f165dd554d225164,trusted,cn_public_2022_2026_cycles_1_0,public_schedule_without_transaction_override,False,,,complete
2025-05-11,0.00,3566.89,1,944067.22,last_posted_transaction_or_prior_closing_balance,synb1_txn_74c0bbd0a9a5105a53f2a182,trusted,cn_public_2022_2026_cycles_1_0,public_schedule_without_transaction_override,False,,,complete
2025-05-12,8035.00,404.95,2,951697.27,last_posted_transaction_or_prior_closing_balance,synb1_txn_842e29671b8e0543a20972f9,trusted,cn_public_2022_2026_cycles_1_0,public_schedule_without_transaction_override,True,337,2025-05-13,complete
2025-05-13,0.00,67362.90,1,884334.37,last_posted_transaction_or_prior_closing_balance,synb1_txn_026b2aa8a4cf31359cb32415,trusted,cn_public_2022_2026_cycles_1_0,public_schedule_without_transaction_override,True,338,2025-05-14,complete
2025-05-14,0.00,69350.40,2,814983.97,last_posted_transaction_or_prior_closing_balance,synb1_txn_3c8ef3fdc0a4ad961737e5b9,trusted,cn_public_2022_2026_cycles_1_0,public_schedule_without_transaction_override,True,339,2025-05-15,complete
2025-05-15,0.00,0.00,0,814983.97,last_posted_transaction_or_prior_closing_balance,,trusted,cn_public_2022_2026_cycles_1_0,public_schedule_without_transaction_override,True,340,2025-05-16,complete
2025-05-16,0.00,5614.52,1,809369.45,last_posted_transaction_or_prior_closing_balance,synb1_txn_a8dd07d995294c0ed1235f9d,trusted,cn_public_2022_2026_cycles_1_0,public_schedule_without_transaction_override,True,341,2025-05-19,complete
2025-05-17,0.00,0.00,0,809369.45,last_posted_transaction_or_prior_closing_balance,,trusted,cn_public_2022_2026_cycles_1_0,public_schedule_without_transaction_override,False,,,complete
2025-05-18,46492.05,19634.99,2,836226.51,last_posted_transaction_or_prior_closing_balance,synb1_txn_7208dbdc710c3eea32b1aefe,trusted,cn_public_2022_2026_cycles_1_0,public_schedule_without_transaction_override,False,,,complete
2025-05-19,0.00,2680.94,2,833545.57,last_posted_transaction_or_prior_closing_balance,synb1_txn_71a245d115b231c93b5bfdd4,trusted,cn_public_2022_2026_cycles_1_0,public_schedule_without_transaction_override,True,342,2025-05-20,complete
2025-05-20,0.00,0.00,0,833545.57,last_posted_transaction_or_prior_closing_balance,,trusted,cn_public_2022_2026_cycles_1_0,public_schedule_without_transaction_override,True,343,2025-05-21,complete
2025-05-21,0.00,0.00,0,833545.57,last_posted_transaction_or_prior_closing_balance,,trusted,cn_public_2022_2026_cycles_1_0,public_schedule_without_transaction_override,True,344,2025-05-22,complete
2025-05-22,117407.69,0.00,2,950953.26,last_posted_transaction_or_prior_closing_balance,synb1_txn_999d6b281aa7e4d8b8a30f50,trusted,cn_public_2022_2026_cycles_1_0,public_schedule_without_transaction_override,True,345,2025-05-23,complete
2025-05-23,0.00,0.00,0,950953.26,last_posted_transaction_or_prior_closing_balance,,trusted,cn_public_2022_2026_cycles_1_0,public_schedule_without_transaction_override,True,346,2025-05-26,complete
2025-05-24,0.00,0.00,0,950953.26,last_posted_transaction_or_prior_closing_balance,,trusted,cn_public_2022_2026_cycles_1_0,public_schedule_without_transaction_override,False,,,complete
2025-05-25,13642.87,0.00,1,964596.13,last_posted_transaction_or_prior_closing_balance,synb1_txn_d7f609a4b70cb65ab3b02bcb,trusted,cn_public_2022_2026_cycles_1_0,public_schedule_without_transaction_override,False,,,complete
2025-05-26,0.00,3178.65,1,961417.48,last_posted_transaction_or_prior_closing_balance,synb1_txn_cad2ed495909fa10c127162f,trusted,cn_public_2022_2026_cycles_1_0,public_schedule_without_transaction_override,True,347,2025-05-27,complete
2025-05-27,0.00,0.00,0,961417.48,last_posted_transaction_or_prior_closing_balance,,trusted,cn_public_2022_2026_cycles_1_0,public_schedule_without_transaction_override,True,348,2025-05-28,complete
2025-05-28,0.00,40500.00,1,920917.48,last_posted_transaction_or_prior_closing_balance,synb1_txn_5ebf363a9444f918fcf6f721,trusted,cn_public_2022_2026_cycles_1_0,public_schedule_without_transaction_override,True,349,2025-05-29,complete
2025-05-29,0.00,0.00,0,920917.48,last_posted_transaction_or_prior_closing_balance,,trusted,cn_public_2022_2026_cycles_1_0,public_schedule_without_transaction_override,True,350,2025-05-30,complete
2025-05-30,0.00,0.00,0,920917.48,last_posted_transaction_or_prior_closing_balance,,trusted,cn_public_2022_2026_cycles_1_0,public_schedule_without_transaction_override,True,351,2025-06-03,complete
2025-05-31,0.00,0.00,0,920917.48,last_posted_transaction_or_prior_closing_balance,,trusted,cn_public_2022_2026_cycles_1_0,public_schedule_without_transaction_override,False,,,complete
2025-06-01,0.00,0.00,0,920917.48,last_posted_transaction_or_prior_closing_balance,,trusted,cn_public_2022_2026_cycles_1_0,public_schedule_without_transaction_override,False,,,complete
2025-06-02,8785.91,52281.54,3,877421.85,last_posted_transaction_or_prior_closing_balance,synb1_txn_a8b6be6539e512338fd908e0,trusted,cn_public_2022_2026_cycles_1_0,public_schedule_without_transaction_override,False,,,complete
2025-06-03,42116.87,0.00,2,919538.72,last_posted_transaction_or_prior_closing_balance,synb1_txn_60d8a1ec581d7c59136b7bff,trusted,cn_public_2022_2026_cycles_1_0,public_schedule_without_transaction_override,True,352,2025-06-04,complete
2025-06-04,0.00,0.00,0,919538.72,last_posted_transaction_or_prior_closing_balance,,trusted,cn_public_2022_2026_cycles_1_0,public_schedule_without_transaction_override,True,353,2025-06-05,complete
2025-06-05,0.00,73047.68,2,846491.04,last_posted_transaction_or_prior_closing_balance,synb1_txn_e8ca5794055f8a01f03098ee,trusted,cn_public_2022_2026_cycles_1_0,public_schedule_without_transaction_override,True,354,2025-06-06,complete
2025-06-06,0.00,36616.87,1,809874.17,last_posted_transaction_or_prior_closing_balance,synb1_txn_968e8a5b7a2e537f9628253e,trusted,cn_public_2022_2026_cycles_1_0,public_schedule_without_transaction_override,True,355,2025-06-09,complete
2025-06-07,8308.06,0.00,1,818182.23,last_posted_transaction_or_prior_closing_balance,synb1_txn_af08fd82e69f2fe0e8c02e4b,trusted,cn_public_2022_2026_cycles_1_0,public_schedule_without_transaction_override,False,,,complete
2025-06-08,10018.41,23263.04,2,804937.60,last_posted_transaction_or_prior_closing_balance,synb1_txn_4e2b4c7dd12b70b2cd6c8391,trusted,cn_public_2022_2026_cycles_1_0,public_schedule_without_transaction_override,False,,,complete
2025-06-09,0.00,0.00,0,804937.60,last_posted_transaction_or_prior_closing_balance,,trusted,cn_public_2022_2026_cycles_1_0,public_schedule_without_transaction_override,True,356,2025-06-10,complete
2025-06-10,0.00,2551.58,1,802386.02,last_posted_transaction_or_prior_closing_balance,synb1_txn_33c0767725a819b361bcff9e,trusted,cn_public_2022_2026_cycles_1_0,public_schedule_without_transaction_override,True,357,2025-06-11,complete
2025-06-11,9037.23,160.74,2,811262.51,last_posted_transaction_or_prior_closing_balance,synb1_txn_43234dc0c909f21913cbab78,trusted,cn_public_2022_2026_cycles_1_0,public_schedule_without_transaction_override,True,358,2025-06-12,complete
2025-06-12,0.00,0.00,0,811262.51,last_posted_transaction_or_prior_closing_balance,,trusted,cn_public_2022_2026_cycles_1_0,public_schedule_without_transaction_override,True,359,2025-06-13,complete
2025-06-13,0.00,0.00,0,811262.51,last_posted_transaction_or_prior_closing_balance,,trusted,cn_public_2022_2026_cycles_1_0,public_schedule_without_transaction_override,True,360,2025-06-16,complete
2025-06-14,0.00,0.00,0,811262.51,last_posted_transaction_or_prior_closing_balance,,trusted,cn_public_2022_2026_cycles_1_0,public_schedule_without_transaction_override,False,,,complete
2025-06-15,23091.97,0.00,1,834354.48,last_posted_transaction_or_prior_closing_balance,synb1_txn_e696901949f0d7310db05852,trusted,cn_public_2022_2026_cycles_1_0,public_schedule_without_transaction_override,False,,,complete
2025-06-16,33579.55,0.00,2,867934.03,last_posted_transaction_or_prior_closing_balance,synb1_txn_47b0de656ea63dfb422c907e,trusted,cn_public_2022_2026_cycles_1_0,public_schedule_without_transaction_override,True,361,2025-06-17,complete
2025-06-17,0.00,38299.56,1,829634.47,last_posted_transaction_or_prior_closing_balance,synb1_txn_bce6f38000512353f9c2ef04,trusted,cn_public_2022_2026_cycles_1_0,public_schedule_without_transaction_override,True,362,2025-06-18,complete
2025-06-18,0.00,2734.03,2,826900.44,last_posted_transaction_or_prior_closing_balance,synb1_txn_7287874650d0a472e8489e7c,trusted,cn_public_2022_2026_cycles_1_0,public_schedule_without_transaction_override,True,363,2025-06-19,complete
2025-06-19,0.00,0.00,0,826900.44,last_posted_transaction_or_prior_closing_balance,,trusted,cn_public_2022_2026_cycles_1_0,public_schedule_without_transaction_override,True,364,2025-06-20,complete
2025-06-20,0.00,0.00,0,826900.44,last_posted_transaction_or_prior_closing_balance,,trusted,cn_public_2022_2026_cycles_1_0,public_schedule_without_transaction_override,True,365,2025-06-23,complete
2025-06-21,93592.00,0.00,2,920492.44,last_posted_transaction_or_prior_closing_balance,synb1_txn_8041f0a01f71df5872bc01a6,trusted,cn_public_2022_2026_cycles_1_0,public_schedule_without_transaction_override,False,,,complete
2025-06-22,1426.53,5274.72,3,916644.25,last_posted_transaction_or_prior_closing_balance,synb1_txn_ca593d25aa377fa26721696a,trusted,cn_public_2022_2026_cycles_1_0,public_schedule_without_transaction_override,False,,,complete
2025-06-23,0.00,0.00,0,916644.25,last_posted_transaction_or_prior_closing_balance,,trusted,cn_public_2022_2026_cycles_1_0,public_schedule_without_transaction_override,True,366,2025-06-24,complete
2025-06-24,0.00,0.00,0,916644.25,last_posted_transaction_or_prior_closing_balance,,trusted,cn_public_2022_2026_cycles_1_0,public_schedule_without_transaction_override,True,367,2025-06-25,complete
2025-06-25,0.00,2273.14,1,914371.11,last_posted_transaction_or_prior_closing_balance,synb1_txn_a68cb94bf20b24a33a7dfdb8,trusted,cn_public_2022_2026_cycles_1_0,public_schedule_without_transaction_override,True,368,2025-06-26,complete
2025-06-26,0.00,0.00,0,914371.11,last_posted_transaction_or_prior_closing_balance,,trusted,cn_public_2022_2026_cycles_1_0,public_schedule_without_transaction_override,True,369,2025-06-27,complete
2025-06-27,0.00,0.00,0,914371.11,last_posted_transaction_or_prior_closing_balance,,trusted,cn_public_2022_2026_cycles_1_0,public_schedule_without_transaction_override,True,370,2025-06-30,complete
2025-06-28,8939.47,64937.53,5,858373.05,last_posted_transaction_or_prior_closing_balance,synb1_txn_edf77d76430a4ef852e81f36,trusted,cn_public_2022_2026_cycles_1_0,public_schedule_without_transaction_override,False,,,complete
2025-06-29,0.00,0.00,0,858373.05,last_posted_transaction_or_prior_closing_balance,,trusted,cn_public_2022_2026_cycles_1_0,public_schedule_without_transaction_override,False,,,complete
2025-06-30,0.00,0.00,0,858373.05,last_posted_transaction_or_prior_closing_balance,,trusted,cn_public_2022_2026_cycles_1_0,public_schedule_without_transaction_override,True,371,2025-07-01,complete
2025-07-01,0.00,0.00,0,858373.05,last_posted_transaction_or_prior_closing_balance,,trusted,cn_public_2022_2026_cycles_1_0,public_schedule_without_transaction_override,True,372,2025-07-02,complete
2025-07-02,0.00,0.00,0,858373.05,last_posted_transaction_or_prior_closing_balance,,trusted,cn_public_2022_2026_cycles_1_0,public_schedule_without_transaction_override,True,373,2025-07-03,complete
2025-07-03,0.00,0.00,0,858373.05,last_posted_transaction_or_prior_closing_balance,,trusted,cn_public_2022_2026_cycles_1_0,public_schedule_without_transaction_override,True,374,2025-07-04,complete
2025-07-04,0.00,6379.84,1,851993.21,last_posted_transaction_or_prior_closing_balance,synb1_txn_894c40ac3ac630020fe52877,trusted,cn_public_2022_2026_cycles_1_0,public_schedule_without_transaction_override,True,375,2025-07-07,complete
2025-07-05,27588.18,10800.00,2,868781.39,last_posted_transaction_or_prior_closing_balance,synb1_txn_f258bfcace6413023da890a7,trusted,cn_public_2022_2026_cycles_1_0,public_schedule_without_transaction_override,False,,,complete
2025-07-06,11977.14,0.00,1,880758.53,last_posted_transaction_or_prior_closing_balance,synb1_txn_81f9bf78410e2a0b09525157,trusted,cn_public_2022_2026_cycles_1_0,public_schedule_without_transaction_override,False,,,complete
2025-07-07,33656.72,0.00,1,914415.25,last_posted_transaction_or_prior_closing_balance,synb1_txn_7c875a96ea0f583f08b34415,trusted,cn_public_2022_2026_cycles_1_0,public_schedule_without_transaction_override,True,376,2025-07-08,complete
2025-07-08,47015.28,0.00,1,961430.53,last_posted_transaction_or_prior_closing_balance,synb1_txn_cb77db9106040bb3fb3f6b49,trusted,cn_public_2022_2026_cycles_1_0,public_schedule_without_transaction_override,True,377,2025-07-09,complete
2025-07-09,0.00,0.00,0,961430.53,last_posted_transaction_or_prior_closing_balance,,trusted,cn_public_2022_2026_cycles_1_0,public_schedule_without_transaction_override,True,378,2025-07-10,complete
2025-07-10,0.00,0.00,0,961430.53,last_posted_transaction_or_prior_closing_balance,,trusted,cn_public_2022_2026_cycles_1_0,public_schedule_without_transaction_override,True,379,2025-07-11,complete
2025-07-11,0.00,0.00,0,961430.53,last_posted_transaction_or_prior_closing_balance,,trusted,cn_public_2022_2026_cycles_1_0,public_schedule_without_transaction_override,True,380,2025-07-14,complete
2025-07-12,0.00,0.00,0,961430.53,last_posted_transaction_or_prior_closing_balance,,trusted,cn_public_2022_2026_cycles_1_0,public_schedule_without_transaction_override,False,,,complete
2025-07-13,18120.15,0.00,1,979550.68,last_posted_transaction_or_prior_closing_balance,synb1_txn_3d5a5825cb46b79fa0afc405,trusted,cn_public_2022_2026_cycles_1_0,public_schedule_without_transaction_override,False,,,complete
2025-07-14,41338.34,10037.35,4,1010851.67,last_posted_transaction_or_prior_closing_balance,synb1_txn_1f103fdeafa3cd146ced9a5e,trusted,cn_public_2022_2026_cycles_1_0,public_schedule_without_transaction_override,True,381,2025-07-15,complete
2025-07-15,0.00,1955.84,1,1008895.83,last_posted_transaction_or_prior_closing_balance,synb1_txn_e6615f8c9ad76a445613bd47,trusted,cn_public_2022_2026_cycles_1_0,public_schedule_without_transaction_override,True,382,2025-07-16,complete
2025-07-16,0.00,13576.01,1,995319.82,last_posted_transaction_or_prior_closing_balance,synb1_txn_63e690ed88cfce06cff6ecfc,trusted,cn_public_2022_2026_cycles_1_0,public_schedule_without_transaction_override,True,383,2025-07-17,complete
2025-07-17,0.00,0.00,0,995319.82,last_posted_transaction_or_prior_closing_balance,,trusted,cn_public_2022_2026_cycles_1_0,public_schedule_without_transaction_override,True,384,2025-07-18,complete
2025-07-18,6819.66,2627.85,3,999511.63,last_posted_transaction_or_prior_closing_balance,synb1_txn_f8840b83216616b52f3d3f03,trusted,cn_public_2022_2026_cycles_1_0,public_schedule_without_transaction_override,True,385,2025-07-21,complete
2025-07-19,47911.86,0.00,3,1047423.49,last_posted_transaction_or_prior_closing_balance,synb1_txn_c641b10f79a97aede5764305,trusted,cn_public_2022_2026_cycles_1_0,public_schedule_without_transaction_override,False,,,complete
2025-07-20,0.00,31539.96,2,1015883.53,last_posted_transaction_or_prior_closing_balance,synb1_txn_61df1d789b1d55773f093b22,trusted,cn_public_2022_2026_cycles_1_0,public_schedule_without_transaction_override,False,,,complete
2025-07-21,0.00,0.00,0,1015883.53,last_posted_transaction_or_prior_closing_balance,,trusted,cn_public_2022_2026_cycles_1_0,public_schedule_without_transaction_override,True,386,2025-07-22,complete
2025-07-22,0.00,0.00,0,1015883.53,last_posted_transaction_or_prior_closing_balance,,trusted,cn_public_2022_2026_cycles_1_0,public_schedule_without_transaction_override,True,387,2025-07-23,complete
2025-07-23,0.00,33339.57,1,982543.96,last_posted_transaction_or_prior_closing_balance,synb1_txn_af470ac25688fb19f3ae2077,trusted,cn_public_2022_2026_cycles_1_0,public_schedule_without_transaction_override,True,388,2025-07-24,complete
2025-07-24,0.00,70703.50,1,911840.46,last_posted_transaction_or_prior_closing_balance,synb1_txn_4c0d0e2b4b4057a60e0bbb85,trusted,cn_public_2022_2026_cycles_1_0,public_schedule_without_transaction_override,True,389,2025-07-25,complete
2025-07-25,0.00,5995.51,1,905844.95,last_posted_transaction_or_prior_closing_balance,synb1_txn_37e95283b6c08180d0886274,trusted,cn_public_2022_2026_cycles_1_0,public_schedule_without_transaction_override,True,390,2025-07-28,complete
2025-07-26,1506.17,0.00,1,907351.12,last_posted_transaction_or_prior_closing_balance,synb1_txn_8ac40b2361f49f6f950e121b,trusted,cn_public_2022_2026_cycles_1_0,public_schedule_without_transaction_override,False,,,complete
2025-07-27,0.00,4365.80,1,902985.32,last_posted_transaction_or_prior_closing_balance,synb1_txn_11daff297413ef85775ab912,trusted,cn_public_2022_2026_cycles_1_0,public_schedule_without_transaction_override,False,,,complete
2025-07-28,0.00,107346.77,2,795638.55,last_posted_transaction_or_prior_closing_balance,synb1_txn_81070c0ecf3cddc93c3d4a0c,trusted,cn_public_2022_2026_cycles_1_0,public_schedule_without_transaction_override,True,391,2025-07-29,complete
2025-07-29,0.00,0.00,0,795638.55,last_posted_transaction_or_prior_closing_balance,,trusted,cn_public_2022_2026_cycles_1_0,public_schedule_without_transaction_override,True,392,2025-07-30,complete
2025-07-30,0.00,0.00,0,795638.55,last_posted_transaction_or_prior_closing_balance,,trusted,cn_public_2022_2026_cycles_1_0,public_schedule_without_transaction_override,True,393,2025-07-31,complete
2025-07-31,0.00,0.00,0,795638.55,last_posted_transaction_or_prior_closing_balance,,trusted,cn_public_2022_2026_cycles_1_0,public_schedule_without_transaction_override,True,394,2025-08-01,complete
2025-08-01,0.00,0.00,0,795638.55,last_posted_transaction_or_prior_closing_balance,,trusted,cn_public_2022_2026_cycles_1_0,public_schedule_without_transaction_override,True,395,2025-08-04,complete
2025-08-02,0.00,0.00,0,795638.55,last_posted_transaction_or_prior_closing_balance,,trusted,cn_public_2022_2026_cycles_1_0,public_schedule_without_transaction_override,False,,,complete
2025-08-03,0.00,0.00,0,795638.55,last_posted_transaction_or_prior_closing_balance,,trusted,cn_public_2022_2026_cycles_1_0,public_schedule_without_transaction_override,False,,,complete
2025-08-04,0.00,8066.61,1,787571.94,last_posted_transaction_or_prior_closing_balance,synb1_txn_725edec0ddf91056a00b2acd,trusted,cn_public_2022_2026_cycles_1_0,public_schedule_without_transaction_override,True,396,2025-08-05,complete
2025-08-05,37157.36,10800.00,3,813929.30,last_posted_transaction_or_prior_closing_balance,synb1_txn_ea81afae46cae169a84d9076,trusted,cn_public_2022_2026_cycles_1_0,public_schedule_without_transaction_override,True,397,2025-08-06,complete
2025-08-06,0.00,0.00,0,813929.30,last_posted_transaction_or_prior_closing_balance,,trusted,cn_public_2022_2026_cycles_1_0,public_schedule_without_transaction_override,True,398,2025-08-07,complete
2025-08-07,63073.42,30642.50,2,846360.22,last_posted_transaction_or_prior_closing_balance,synb1_txn_dc20cb669cfbff8b3795af6a,trusted,cn_public_2022_2026_cycles_1_0,public_schedule_without_transaction_override,True,399,2025-08-08,complete
2025-08-08,0.00,0.00,0,846360.22,last_posted_transaction_or_prior_closing_balance,,trusted,cn_public_2022_2026_cycles_1_0,public_schedule_without_transaction_override,True,400,2025-08-11,complete
2025-08-09,45498.87,13664.95,2,878194.14,last_posted_transaction_or_prior_closing_balance,synb1_txn_2893a57996111b5abc97f884,trusted,cn_public_2022_2026_cycles_1_0,public_schedule_without_transaction_override,False,,,complete
2025-08-10,0.00,0.00,0,878194.14,last_posted_transaction_or_prior_closing_balance,,trusted,cn_public_2022_2026_cycles_1_0,public_schedule_without_transaction_override,False,,,complete
2025-08-11,0.00,0.00,0,878194.14,last_posted_transaction_or_prior_closing_balance,,trusted,cn_public_2022_2026_cycles_1_0,public_schedule_without_transaction_override,True,401,2025-08-12,complete
2025-08-12,42368.21,0.00,1,920562.35,last_posted_transaction_or_prior_closing_balance,synb1_txn_a2b89725a5e08ce78e173599,trusted,cn_public_2022_2026_cycles_1_0,public_schedule_without_transaction_override,True,402,2025-08-13,complete
2025-08-13,0.00,0.00,0,920562.35,last_posted_transaction_or_prior_closing_balance,,trusted,cn_public_2022_2026_cycles_1_0,public_schedule_without_transaction_override,True,403,2025-08-14,complete
2025-08-14,0.00,0.00,0,920562.35,last_posted_transaction_or_prior_closing_balance,,trusted,cn_public_2022_2026_cycles_1_0,public_schedule_without_transaction_override,True,404,2025-08-15,complete
2025-08-15,0.00,0.00,0,920562.35,last_posted_transaction_or_prior_closing_balance,,trusted,cn_public_2022_2026_cycles_1_0,public_schedule_without_transaction_override,True,405,2025-08-18,complete
2025-08-16,0.00,0.00,0,920562.35,last_posted_transaction_or_prior_closing_balance,,trusted,cn_public_2022_2026_cycles_1_0,public_schedule_without_transaction_override,False,,,complete
2025-08-17,0.00,0.00,0,920562.35,last_posted_transaction_or_prior_closing_balance,,trusted,cn_public_2022_2026_cycles_1_0,public_schedule_without_transaction_override,False,,,complete
2025-08-18,45856.07,2654.40,4,963764.02,last_posted_transaction_or_prior_closing_balance,synb1_txn_414c6be6dd0c231725bbde4e,trusted,cn_public_2022_2026_cycles_1_0,public_schedule_without_transaction_override,True,406,2025-08-19,complete
2025-08-19,0.00,77816.63,1,885947.39,last_posted_transaction_or_prior_closing_balance,synb1_txn_250bbfb4b7b2733ee3e3aac3,trusted,cn_public_2022_2026_cycles_1_0,public_schedule_without_transaction_override,True,407,2025-08-20,complete
2025-08-20,0.00,0.00,0,885947.39,last_posted_transaction_or_prior_closing_balance,,trusted,cn_public_2022_2026_cycles_1_0,public_schedule_without_transaction_override,True,408,2025-08-21,complete
2025-08-21,0.00,15420.51,2,870526.88,last_posted_transaction_or_prior_closing_balance,synb1_txn_2a4246257141c7f112c03509,trusted,cn_public_2022_2026_cycles_1_0,public_schedule_without_transaction_override,True,409,2025-08-22,complete
2025-08-22,0.00,0.00,0,870526.88,last_posted_transaction_or_prior_closing_balance,,trusted,cn_public_2022_2026_cycles_1_0,public_schedule_without_transaction_override,True,410,2025-08-25,complete
2025-08-23,0.00,0.00,0,870526.88,last_posted_transaction_or_prior_closing_balance,,trusted,cn_public_2022_2026_cycles_1_0,public_schedule_without_transaction_override,False,,,complete
2025-08-24,439.07,0.00,1,870965.95,last_posted_transaction_or_prior_closing_balance,synb1_txn_92d59515287e0fcab1fa5eb6,trusted,cn_public_2022_2026_cycles_1_0,public_schedule_without_transaction_override,False,,,complete
2025-08-25,0.00,1757.50,1,869208.45,last_posted_transaction_or_prior_closing_balance,synb1_txn_6983d26e35903c5c0103a6ff,trusted,cn_public_2022_2026_cycles_1_0,public_schedule_without_transaction_override,True,411,2025-08-26,complete
2025-08-26,0.00,34139.72,1,835068.73,last_posted_transaction_or_prior_closing_balance,synb1_txn_3213a7400915b20bb8465a4d,trusted,cn_public_2022_2026_cycles_1_0,public_schedule_without_transaction_override,True,412,2025-08-27,complete
2025-08-27,0.00,0.00,0,835068.73,last_posted_transaction_or_prior_closing_balance,,trusted,cn_public_2022_2026_cycles_1_0,public_schedule_without_transaction_override,True,413,2025-08-28,complete
2025-08-28,0.00,102345.28,2,732723.45,last_posted_transaction_or_prior_closing_balance,synb1_txn_db9b769770aa408b9bbe1fd4,trusted,cn_public_2022_2026_cycles_1_0,public_schedule_without_transaction_override,True,414,2025-08-29,complete
2025-08-29,0.00,0.00,0,732723.45,last_posted_transaction_or_prior_closing_balance,,trusted,cn_public_2022_2026_cycles_1_0,public_schedule_without_transaction_override,True,415,2025-09-01,complete
2025-08-30,0.00,0.00,0,732723.45,last_posted_transaction_or_prior_closing_balance,,trusted,cn_public_2022_2026_cycles_1_0,public_schedule_without_transaction_override,False,,,complete
2025-08-31,0.00,0.00,0,732723.45,last_posted_transaction_or_prior_closing_balance,,trusted,cn_public_2022_2026_cycles_1_0,public_schedule_without_transaction_override,False,,,complete
2025-09-01,0.00,0.00,0,732723.45,last_posted_transaction_or_prior_closing_balance,,trusted,cn_public_2022_2026_cycles_1_0,public_schedule_without_transaction_override,True,416,2025-09-02,complete
2025-09-02,3453.56,0.00,1,736177.01,last_posted_transaction_or_prior_closing_balance,synb1_txn_f5785c222018f7b40fc1d30d,trusted,cn_public_2022_2026_cycles_1_0,public_schedule_without_transaction_override,True,417,2025-09-03,complete
2025-09-03,9431.66,0.00,1,745608.67,last_posted_transaction_or_prior_closing_balance,synb1_txn_cdb542c85e8d590e2eaab810,trusted,cn_public_2022_2026_cycles_1_0,public_schedule_without_transaction_override,True,418,2025-09-04,complete
2025-09-04,4749.89,0.00,1,750358.56,last_posted_transaction_or_prior_closing_balance,synb1_txn_7904e5bd6ea662a381e58874,trusted,cn_public_2022_2026_cycles_1_0,public_schedule_without_transaction_override,True,419,2025-09-05,complete
2025-09-05,1842.91,38470.83,3,713730.64,last_posted_transaction_or_prior_closing_balance,synb1_txn_160c9958a594543515cde41e,trusted,cn_public_2022_2026_cycles_1_0,public_schedule_without_transaction_override,True,420,2025-09-08,complete
2025-09-06,0.00,12473.45,2,701257.19,last_posted_transaction_or_prior_closing_balance,synb1_txn_1f1037cfded11a57965b2b0a,trusted,cn_public_2022_2026_cycles_1_0,public_schedule_without_transaction_override,False,,,complete
2025-09-07,0.00,0.00,0,701257.19,last_posted_transaction_or_prior_closing_balance,,trusted,cn_public_2022_2026_cycles_1_0,public_schedule_without_transaction_override,False,,,complete
2025-09-08,2648.61,0.00,1,703905.80,last_posted_transaction_or_prior_closing_balance,synb1_txn_275979e1e30c1226de4f01ec,trusted,cn_public_2022_2026_cycles_1_0,public_schedule_without_transaction_override,True,421,2025-09-09,complete
2025-09-09,0.00,35371.75,2,668534.05,last_posted_transaction_or_prior_closing_balance,synb1_txn_92f5cdea78a3466947e17ac4,trusted,cn_public_2022_2026_cycles_1_0,public_schedule_without_transaction_override,True,422,2025-09-10,complete
2025-09-10,0.00,0.00,0,668534.05,last_posted_transaction_or_prior_closing_balance,,trusted,cn_public_2022_2026_cycles_1_0,public_schedule_without_transaction_override,True,423,2025-09-11,complete
2025-09-11,0.00,0.00,0,668534.05,last_posted_transaction_or_prior_closing_balance,,trusted,cn_public_2022_2026_cycles_1_0,public_schedule_without_transaction_override,True,424,2025-09-12,complete
2025-09-12,0.00,3267.70,1,665266.35,last_posted_transaction_or_prior_closing_balance,synb1_txn_750635805b581b3de277598f,trusted,cn_public_2022_2026_cycles_1_0,public_schedule_without_transaction_override,True,425,2025-09-15,complete
2025-09-13,0.00,0.00,0,665266.35,last_posted_transaction_or_prior_closing_balance,,trusted,cn_public_2022_2026_cycles_1_0,public_schedule_without_transaction_override,False,,,complete
2025-09-14,0.00,0.00,0,665266.35,last_posted_transaction_or_prior_closing_balance,,trusted,cn_public_2022_2026_cycles_1_0,public_schedule_without_transaction_override,False,,,complete
2025-09-15,12813.46,0.00,1,678079.81,last_posted_transaction_or_prior_closing_balance,synb1_txn_d29593e33801d35f0318915f,trusted,cn_public_2022_2026_cycles_1_0,public_schedule_without_transaction_override,True,426,2025-09-16,complete
2025-09-16,0.00,21952.72,1,656127.09,last_posted_transaction_or_prior_closing_balance,synb1_txn_422c66732e8152203c7dada3,trusted,cn_public_2022_2026_cycles_1_0,public_schedule_without_transaction_override,True,427,2025-09-17,complete
2025-09-17,106160.97,0.00,4,762288.06,last_posted_transaction_or_prior_closing_balance,synb1_txn_0f595d62d6bcb6faf0389ff3,trusted,cn_public_2022_2026_cycles_1_0,public_schedule_without_transaction_override,True,428,2025-09-18,complete
2025-09-18,5761.18,2601.31,3,765447.93,last_posted_transaction_or_prior_closing_balance,synb1_txn_b42f2bafee3a5ff197bbe386,trusted,cn_public_2022_2026_cycles_1_0,public_schedule_without_transaction_override,True,429,2025-09-19,complete
2025-09-19,142.63,0.00,1,765590.56,last_posted_transaction_or_prior_closing_balance,synb1_txn_11b06bd543c6321d552727f4,trusted,cn_public_2022_2026_cycles_1_0,public_schedule_without_transaction_override,True,430,2025-09-22,complete
2025-09-20,0.00,156.31,1,765434.25,last_posted_transaction_or_prior_closing_balance,synb1_txn_685e02b86554f4ea99102e98,trusted,cn_public_2022_2026_cycles_1_0,public_schedule_without_transaction_override,False,,,complete
2025-09-21,0.00,0.00,0,765434.25,last_posted_transaction_or_prior_closing_balance,,trusted,cn_public_2022_2026_cycles_1_0,public_schedule_without_transaction_override,False,,,complete
2025-09-22,0.00,42799.02,2,722635.23,last_posted_transaction_or_prior_closing_balance,synb1_txn_920695a32c3f2551e135a45f,trusted,cn_public_2022_2026_cycles_1_0,public_schedule_without_transaction_override,True,431,2025-09-23,complete
2025-09-23,21182.85,43624.17,2,700193.91,last_posted_transaction_or_prior_closing_balance,synb1_txn_5a4d33a37795182a59ec129d,trusted,cn_public_2022_2026_cycles_1_0,public_schedule_without_transaction_override,True,432,2025-09-24,complete
2025-09-24,2790.81,0.00,1,702984.72,last_posted_transaction_or_prior_closing_balance,synb1_txn_d1e0611571d90fd249297bf0,trusted,cn_public_2022_2026_cycles_1_0,public_schedule_without_transaction_override,True,433,2025-09-25,complete
2025-09-25,17266.15,1092.12,2,719158.75,last_posted_transaction_or_prior_closing_balance,synb1_txn_5fa249a1e5b8263e2e2a5b3f,trusted,cn_public_2022_2026_cycles_1_0,public_schedule_without_transaction_override,True,434,2025-09-26,complete
2025-09-26,0.00,2479.98,1,716678.77,last_posted_transaction_or_prior_closing_balance,synb1_txn_850a4580d858b6b698cb65d2,trusted,cn_public_2022_2026_cycles_1_0,public_schedule_without_transaction_override,True,435,2025-09-28,complete
2025-09-27,1456.46,54065.40,2,664069.83,last_posted_transaction_or_prior_closing_balance,synb1_txn_81af953783d5ac118548752b,trusted,cn_public_2022_2026_cycles_1_0,public_schedule_without_transaction_override,False,,,complete
2025-09-28,46469.36,40500.00,3,670039.19,last_posted_transaction_or_prior_closing_balance,synb1_txn_bc68eea11f707cf8f5cf71ef,trusted,cn_public_2022_2026_cycles_1_0,public_schedule_without_transaction_override,True,436,2025-09-29,complete
2025-09-29,0.00,0.00,0,670039.19,last_posted_transaction_or_prior_closing_balance,,trusted,cn_public_2022_2026_cycles_1_0,public_schedule_without_transaction_override,True,437,2025-09-30,complete
2025-09-30,0.00,0.00,0,670039.19,last_posted_transaction_or_prior_closing_balance,,trusted,cn_public_2022_2026_cycles_1_0,public_schedule_without_transaction_override,True,438,2025-10-09,complete
2025-10-01,0.00,0.00,0,670039.19,last_posted_transaction_or_prior_closing_balance,,trusted,cn_public_2022_2026_cycles_1_0,public_schedule_without_transaction_override,False,,,complete
2025-10-02,0.00,0.00,0,670039.19,last_posted_transaction_or_prior_closing_balance,,trusted,cn_public_2022_2026_cycles_1_0,public_schedule_without_transaction_override,False,,,complete
2025-10-03,0.00,0.00,0,670039.19,last_posted_transaction_or_prior_closing_balance,,trusted,cn_public_2022_2026_cycles_1_0,public_schedule_without_transaction_override,False,,,complete
2025-10-04,0.00,0.00,0,670039.19,last_posted_transaction_or_prior_closing_balance,,trusted,cn_public_2022_2026_cycles_1_0,public_schedule_without_transaction_override,False,,,complete
2025-10-05,0.00,69300.28,2,600738.91,last_posted_transaction_or_prior_closing_balance,synb1_txn_43bf05a011a1ce2a6e12153b,trusted,cn_public_2022_2026_cycles_1_0,public_schedule_without_transaction_override,False,,,complete
2025-10-06,14292.98,15943.72,3,599088.17,last_posted_transaction_or_prior_closing_balance,synb1_txn_5a91db4c632f770ca199ed59,trusted,cn_public_2022_2026_cycles_1_0,public_schedule_without_transaction_override,False,,,complete
2025-10-07,59905.53,292.96,3,658700.74,last_posted_transaction_or_prior_closing_balance,synb1_txn_7639cbb8ad735e4c55cfb9ed,trusted,cn_public_2022_2026_cycles_1_0,public_schedule_without_transaction_override,False,,,complete
2025-10-08,0.00,0.00,0,658700.74,last_posted_transaction_or_prior_closing_balance,,trusted,cn_public_2022_2026_cycles_1_0,public_schedule_without_transaction_override,False,,,complete
2025-10-09,80420.28,47433.40,3,691687.62,last_posted_transaction_or_prior_closing_balance,synb1_txn_44396120354a66ea1cc0009f,trusted,cn_public_2022_2026_cycles_1_0,public_schedule_without_transaction_override,True,439,2025-10-10,complete
2025-10-10,87358.21,0.00,1,779045.83,last_posted_transaction_or_prior_closing_balance,synb1_txn_c13d6efd51674a7dab74c97f,trusted,cn_public_2022_2026_cycles_1_0,public_schedule_without_transaction_override,True,440,2025-10-11,complete
2025-10-11,0.00,0.00,0,779045.83,last_posted_transaction_or_prior_closing_balance,,trusted,cn_public_2022_2026_cycles_1_0,public_schedule_without_transaction_override,True,441,2025-10-13,complete
2025-10-12,0.00,0.00,0,779045.83,last_posted_transaction_or_prior_closing_balance,,trusted,cn_public_2022_2026_cycles_1_0,public_schedule_without_transaction_override,False,,,complete
2025-10-13,0.00,0.00,0,779045.83,last_posted_transaction_or_prior_closing_balance,,trusted,cn_public_2022_2026_cycles_1_0,public_schedule_without_transaction_override,True,442,2025-10-14,complete
2025-10-14,0.00,0.00,0,779045.83,last_posted_transaction_or_prior_closing_balance,,trusted,cn_public_2022_2026_cycles_1_0,public_schedule_without_transaction_override,True,443,2025-10-15,complete
2025-10-15,0.00,14058.35,1,764987.48,last_posted_transaction_or_prior_closing_balance,synb1_txn_a5dbd58d38faaf7b19afbde1,trusted,cn_public_2022_2026_cycles_1_0,public_schedule_without_transaction_override,True,444,2025-10-16,complete
2025-10-16,0.00,7229.60,1,757757.88,last_posted_transaction_or_prior_closing_balance,synb1_txn_2e6a9f7659022c2424e5f2e7,trusted,cn_public_2022_2026_cycles_1_0,public_schedule_without_transaction_override,True,445,2025-10-17,complete
2025-10-17,0.00,0.00,0,757757.88,last_posted_transaction_or_prior_closing_balance,,trusted,cn_public_2022_2026_cycles_1_0,public_schedule_without_transaction_override,True,446,2025-10-20,complete
2025-10-18,0.00,1605.32,1,756152.56,last_posted_transaction_or_prior_closing_balance,synb1_txn_e3205ad37ea146184054139e,trusted,cn_public_2022_2026_cycles_1_0,public_schedule_without_transaction_override,False,,,complete
2025-10-19,0.00,0.00,0,756152.56,last_posted_transaction_or_prior_closing_balance,,trusted,cn_public_2022_2026_cycles_1_0,public_schedule_without_transaction_override,False,,,complete
2025-10-20,0.00,2680.94,2,753471.62,last_posted_transaction_or_prior_closing_balance,synb1_txn_0b6e31ae643b9938f0259b87,trusted,cn_public_2022_2026_cycles_1_0,public_schedule_without_transaction_override,True,447,2025-10-21,complete
2025-10-21,0.00,19536.11,2,733935.51,last_posted_transaction_or_prior_closing_balance,synb1_txn_9acdc5c7ab95e1a2f331e610,trusted,cn_public_2022_2026_cycles_1_0,public_schedule_without_transaction_override,True,448,2025-10-22,complete
2025-10-22,0.00,12501.84,1,721433.67,last_posted_transaction_or_prior_closing_balance,synb1_txn_a4e6add90ed150bdd3210cb1,trusted,cn_public_2022_2026_cycles_1_0,public_schedule_without_transaction_override,True,449,2025-10-23,complete
2025-10-23,0.00,0.00,0,721433.67,last_posted_transaction_or_prior_closing_balance,,trusted,cn_public_2022_2026_cycles_1_0,public_schedule_without_transaction_override,True,450,2025-10-24,complete
2025-10-24,0.00,2770.73,1,718662.94,last_posted_transaction_or_prior_closing_balance,synb1_txn_c0528028d5b243da5a5a18d8,trusted,cn_public_2022_2026_cycles_1_0,public_schedule_without_transaction_override,True,451,2025-10-27,complete
2025-10-25,0.00,0.00,0,718662.94,last_posted_transaction_or_prior_closing_balance,,trusted,cn_public_2022_2026_cycles_1_0,public_schedule_without_transaction_override,False,,,complete
2025-10-26,0.00,6977.76,1,711685.18,last_posted_transaction_or_prior_closing_balance,synb1_txn_f4b2a07341304e0fcc4fbd9b,trusted,cn_public_2022_2026_cycles_1_0,public_schedule_without_transaction_override,False,,,complete
2025-10-27,0.00,11216.10,1,700469.08,last_posted_transaction_or_prior_closing_balance,synb1_txn_cbd2a2112299865b91406efa,trusted,cn_public_2022_2026_cycles_1_0,public_schedule_without_transaction_override,True,452,2025-10-28,complete
2025-10-28,0.00,92613.13,4,607855.95,last_posted_transaction_or_prior_closing_balance,synb1_txn_7e3a83cd8d0efeb5576fd4bd,trusted,cn_public_2022_2026_cycles_1_0,public_schedule_without_transaction_override,True,453,2025-10-29,complete
2025-10-29,0.00,0.00,0,607855.95,last_posted_transaction_or_prior_closing_balance,,trusted,cn_public_2022_2026_cycles_1_0,public_schedule_without_transaction_override,True,454,2025-10-30,complete
2025-10-30,0.00,0.00,0,607855.95,last_posted_transaction_or_prior_closing_balance,,trusted,cn_public_2022_2026_cycles_1_0,public_schedule_without_transaction_override,True,455,2025-10-31,complete
2025-10-31,0.00,0.00,0,607855.95,last_posted_transaction_or_prior_closing_balance,,trusted,cn_public_2022_2026_cycles_1_0,public_schedule_without_transaction_override,True,456,2025-11-03,complete
2025-11-01,0.00,0.00,0,607855.95,last_posted_transaction_or_prior_closing_balance,,trusted,cn_public_2022_2026_cycles_1_0,public_schedule_without_transaction_override,False,,,complete
2025-11-02,0.00,0.00,0,607855.95,last_posted_transaction_or_prior_closing_balance,,trusted,cn_public_2022_2026_cycles_1_0,public_schedule_without_transaction_override,False,,,complete
2025-11-03,0.00,116141.85,2,491714.10,last_posted_transaction_or_prior_closing_balance,synb1_txn_e22f557fecde89857e099a44,trusted,cn_public_2022_2026_cycles_1_0,public_schedule_without_transaction_override,True,457,2025-11-04,complete
2025-11-04,2774.32,0.00,1,494488.42,last_posted_transaction_or_prior_closing_balance,synb1_txn_030d59de8fa453605bedb2d7,trusted,cn_public_2022_2026_cycles_1_0,public_schedule_without_transaction_override,True,458,2025-11-05,complete
2025-11-05,4224.25,10800.00,2,487912.67,last_posted_transaction_or_prior_closing_balance,synb1_txn_6a3f4abe800945798a024129,trusted,cn_public_2022_2026_cycles_1_0,public_schedule_without_transaction_override,True,459,2025-11-06,complete
2025-11-06,0.00,0.00,0,487912.67,last_posted_transaction_or_prior_closing_balance,,trusted,cn_public_2022_2026_cycles_1_0,public_schedule_without_transaction_override,True,460,2025-11-07,complete
2025-11-07,0.00,9178.87,1,478733.80,last_posted_transaction_or_prior_closing_balance,synb1_txn_01945b6cd90646d476a86d35,trusted,cn_public_2022_2026_cycles_1_0,public_schedule_without_transaction_override,True,461,2025-11-10,complete
2025-11-08,0.00,0.00,0,478733.80,last_posted_transaction_or_prior_closing_balance,,trusted,cn_public_2022_2026_cycles_1_0,public_schedule_without_transaction_override,False,,,complete
2025-11-09,16347.95,0.00,1,495081.75,last_posted_transaction_or_prior_closing_balance,synb1_txn_4d3a970ea46057762b809994,trusted,cn_public_2022_2026_cycles_1_0,public_schedule_without_transaction_override,False,,,complete
2025-11-10,0.00,0.00,0,495081.75,last_posted_transaction_or_prior_closing_balance,,trusted,cn_public_2022_2026_cycles_1_0,public_schedule_without_transaction_override,True,462,2025-11-11,complete
2025-11-11,1563.65,45637.63,2,451007.77,last_posted_transaction_or_prior_closing_balance,synb1_txn_b93c949a9e8d0d85402cdf5e,trusted,cn_public_2022_2026_cycles_1_0,public_schedule_without_transaction_override,True,463,2025-11-12,complete
2025-11-12,7801.10,53226.92,2,405581.95,last_posted_transaction_or_prior_closing_balance,synb1_txn_d95a9becc32174219435e1ff,trusted,cn_public_2022_2026_cycles_1_0,public_schedule_without_transaction_override,True,464,2025-11-13,complete
2025-11-13,0.00,0.00,0,405581.95,last_posted_transaction_or_prior_closing_balance,,trusted,cn_public_2022_2026_cycles_1_0,public_schedule_without_transaction_override,True,465,2025-11-14,complete
2025-11-14,976.64,0.00,1,406558.59,last_posted_transaction_or_prior_closing_balance,synb1_txn_414df367d420a4ded04b01e0,trusted,cn_public_2022_2026_cycles_1_0,public_schedule_without_transaction_override,True,466,2025-11-17,complete
2025-11-15,0.00,0.00,0,406558.59,last_posted_transaction_or_prior_closing_balance,,trusted,cn_public_2022_2026_cycles_1_0,public_schedule_without_transaction_override,False,,,complete
2025-11-16,27547.92,0.00,1,434106.51,last_posted_transaction_or_prior_closing_balance,synb1_txn_db38bcb81c6abddce111746a,trusted,cn_public_2022_2026_cycles_1_0,public_schedule_without_transaction_override,False,,,complete
2025-11-17,0.00,0.00,0,434106.51,last_posted_transaction_or_prior_closing_balance,,trusted,cn_public_2022_2026_cycles_1_0,public_schedule_without_transaction_override,True,467,2025-11-18,complete
2025-11-18,433.25,2734.03,3,431805.73,last_posted_transaction_or_prior_closing_balance,synb1_txn_376bf078b36c674220211718,trusted,cn_public_2022_2026_cycles_1_0,public_schedule_without_transaction_override,True,468,2025-11-19,complete
2025-11-19,0.00,0.00,0,431805.73,last_posted_transaction_or_prior_closing_balance,,trusted,cn_public_2022_2026_cycles_1_0,public_schedule_without_transaction_override,True,469,2025-11-20,complete
2025-11-20,0.00,0.00,0,431805.73,last_posted_transaction_or_prior_closing_balance,,trusted,cn_public_2022_2026_cycles_1_0,public_schedule_without_transaction_override,True,470,2025-11-21,complete
2025-11-21,60372.36,3822.37,2,488355.72,last_posted_transaction_or_prior_closing_balance,synb1_txn_f6c8ef294fc81be8dda4b200,trusted,cn_public_2022_2026_cycles_1_0,public_schedule_without_transaction_override,True,471,2025-11-24,complete
2025-11-22,0.00,4572.09,1,483783.63,last_posted_transaction_or_prior_closing_balance,synb1_txn_880454923f1835dc5d3a40ff,trusted,cn_public_2022_2026_cycles_1_0,public_schedule_without_transaction_override,False,,,complete
2025-11-23,0.00,572.31,1,483211.32,last_posted_transaction_or_prior_closing_balance,synb1_txn_4267bd714f415597bdfcc253,trusted,cn_public_2022_2026_cycles_1_0,public_schedule_without_transaction_override,False,,,complete
2025-11-24,40949.88,0.00,1,524161.20,last_posted_transaction_or_prior_closing_balance,synb1_txn_e6da2dafda9034f0bf129b29,trusted,cn_public_2022_2026_cycles_1_0,public_schedule_without_transaction_override,True,472,2025-11-25,complete
2025-11-25,0.00,14254.36,1,509906.84,last_posted_transaction_or_prior_closing_balance,synb1_txn_edd2296964f4eea251e51c9f,trusted,cn_public_2022_2026_cycles_1_0,public_schedule_without_transaction_override,True,473,2025-11-26,complete
2025-11-26,3957.60,0.00,1,513864.44,last_posted_transaction_or_prior_closing_balance,synb1_txn_ad525c9554e32ca2d375e90c,trusted,cn_public_2022_2026_cycles_1_0,public_schedule_without_transaction_override,True,474,2025-11-27,complete
2025-11-27,47973.78,0.00,1,561838.22,last_posted_transaction_or_prior_closing_balance,synb1_txn_9ee8374cf6418a1c778e90cc,trusted,cn_public_2022_2026_cycles_1_0,public_schedule_without_transaction_override,True,475,2025-11-28,complete
2025-11-28,23973.30,40500.00,2,545311.52,last_posted_transaction_or_prior_closing_balance,synb1_txn_9a000103aa8118c95d031bba,trusted,cn_public_2022_2026_cycles_1_0,public_schedule_without_transaction_override,True,476,2025-12-01,complete
2025-11-29,0.00,0.00,0,545311.52,last_posted_transaction_or_prior_closing_balance,,trusted,cn_public_2022_2026_cycles_1_0,public_schedule_without_transaction_override,False,,,complete
2025-11-30,0.00,0.00,0,545311.52,last_posted_transaction_or_prior_closing_balance,,trusted,cn_public_2022_2026_cycles_1_0,public_schedule_without_transaction_override,False,,,complete
2025-12-01,0.00,0.00,0,545311.52,last_posted_transaction_or_prior_closing_balance,,trusted,cn_public_2022_2026_cycles_1_0,public_schedule_without_transaction_override,True,477,2025-12-02,complete
2025-12-02,38140.14,29742.84,4,553708.82,last_posted_transaction_or_prior_closing_balance,synb1_txn_0af005c24caa48bb0cb5f1b3,trusted,cn_public_2022_2026_cycles_1_0,public_schedule_without_transaction_override,True,478,2025-12-03,complete
2025-12-03,3698.33,0.00,1,557407.15,last_posted_transaction_or_prior_closing_balance,synb1_txn_d2e39a830da7a3f72fe27280,trusted,cn_public_2022_2026_cycles_1_0,public_schedule_without_transaction_override,True,479,2025-12-04,complete
2025-12-04,19414.76,0.00,1,576821.91,last_posted_transaction_or_prior_closing_balance,synb1_txn_8757808bba2d929df659f120,trusted,cn_public_2022_2026_cycles_1_0,public_schedule_without_transaction_override,True,480,2025-12-05,complete
2025-12-05,0.00,10800.00,1,566021.91,last_posted_transaction_or_prior_closing_balance,synb1_txn_b62970a1025d88121604fa54,trusted,cn_public_2022_2026_cycles_1_0,public_schedule_without_transaction_override,True,481,2025-12-08,complete
2025-12-06,0.00,0.00,0,566021.91,last_posted_transaction_or_prior_closing_balance,,trusted,cn_public_2022_2026_cycles_1_0,public_schedule_without_transaction_override,False,,,complete
2025-12-07,0.00,0.00,0,566021.91,last_posted_transaction_or_prior_closing_balance,,trusted,cn_public_2022_2026_cycles_1_0,public_schedule_without_transaction_override,False,,,complete
2025-12-08,0.00,0.00,0,566021.91,last_posted_transaction_or_prior_closing_balance,,trusted,cn_public_2022_2026_cycles_1_0,public_schedule_without_transaction_override,True,482,2025-12-09,complete
2025-12-09,0.00,29604.97,1,536416.94,last_posted_transaction_or_prior_closing_balance,synb1_txn_cdb5ad43c706e1924b885f5a,trusted,cn_public_2022_2026_cycles_1_0,public_schedule_without_transaction_override,True,483,2025-12-10,complete
2025-12-10,0.00,0.00,0,536416.94,last_posted_transaction_or_prior_closing_balance,,trusted,cn_public_2022_2026_cycles_1_0,public_schedule_without_transaction_override,True,484,2025-12-11,complete
2025-12-11,0.00,0.00,0,536416.94,last_posted_transaction_or_prior_closing_balance,,trusted,cn_public_2022_2026_cycles_1_0,public_schedule_without_transaction_override,True,485,2025-12-12,complete
2025-12-12,0.00,33257.77,1,503159.17,last_posted_transaction_or_prior_closing_balance,synb1_txn_de24d59c76d02559586be747,trusted,cn_public_2022_2026_cycles_1_0,public_schedule_without_transaction_override,True,486,2025-12-15,complete
2025-12-13,0.00,73724.61,2,429434.56,last_posted_transaction_or_prior_closing_balance,synb1_txn_f0af3dcce0723ba9fa4e5f0a,trusted,cn_public_2022_2026_cycles_1_0,public_schedule_without_transaction_override,False,,,complete
2025-12-14,0.00,40787.47,3,388647.09,last_posted_transaction_or_prior_closing_balance,synb1_txn_c14f27d7249c5c3d2313368b,trusted,cn_public_2022_2026_cycles_1_0,public_schedule_without_transaction_override,False,,,complete
2025-12-15,7255.56,0.00,1,395902.65,last_posted_transaction_or_prior_closing_balance,synb1_txn_3b686cae7be378128bcaa56d,trusted,cn_public_2022_2026_cycles_1_0,public_schedule_without_transaction_override,True,487,2025-12-16,complete
2025-12-16,0.13,0.00,1,395902.78,last_posted_transaction_or_prior_closing_balance,synb1_txn_9c2973bee54a549896898124,trusted,cn_public_2022_2026_cycles_1_0,public_schedule_without_transaction_override,True,488,2025-12-17,complete
2025-12-17,0.00,0.00,0,395902.78,last_posted_transaction_or_prior_closing_balance,,trusted,cn_public_2022_2026_cycles_1_0,public_schedule_without_transaction_override,True,489,2025-12-18,complete
2025-12-18,0.00,2627.85,2,393274.93,last_posted_transaction_or_prior_closing_balance,synb1_txn_eeabf1b4df67f5d480baf399,trusted,cn_public_2022_2026_cycles_1_0,public_schedule_without_transaction_override,True,490,2025-12-19,complete
2025-12-19,0.00,0.00,0,393274.93,last_posted_transaction_or_prior_closing_balance,,trusted,cn_public_2022_2026_cycles_1_0,public_schedule_without_transaction_override,True,491,2025-12-22,complete
2025-12-20,0.00,0.00,0,393274.93,last_posted_transaction_or_prior_closing_balance,,trusted,cn_public_2022_2026_cycles_1_0,public_schedule_without_transaction_override,False,,,complete
2025-12-21,0.00,0.00,0,393274.93,last_posted_transaction_or_prior_closing_balance,,trusted,cn_public_2022_2026_cycles_1_0,public_schedule_without_transaction_override,False,,,complete
2025-12-22,23058.40,0.00,1,416333.33,last_posted_transaction_or_prior_closing_balance,synb1_txn_44042d80b92972621967f2db,trusted,cn_public_2022_2026_cycles_1_0,public_schedule_without_transaction_override,True,492,2025-12-23,complete
2025-12-23,0.00,0.00,0,416333.33,last_posted_transaction_or_prior_closing_balance,,trusted,cn_public_2022_2026_cycles_1_0,public_schedule_without_transaction_override,True,493,2025-12-24,complete
2025-12-24,85223.24,0.00,2,501556.57,last_posted_transaction_or_prior_closing_balance,synb1_txn_0076cb9d8c37c1e9ce3ca022,trusted,cn_public_2022_2026_cycles_1_0,public_schedule_without_transaction_override,True,494,2025-12-25,complete
2025-12-25,3039.60,0.00,1,504596.17,last_posted_transaction_or_prior_closing_balance,synb1_txn_cbd134da1208339f71ebbafe,trusted,cn_public_2022_2026_cycles_1_0,public_schedule_without_transaction_override,True,495,2025-12-26,complete
2025-12-26,0.00,0.00,0,504596.17,last_posted_transaction_or_prior_closing_balance,,trusted,cn_public_2022_2026_cycles_1_0,public_schedule_without_transaction_override,True,496,2025-12-29,complete
2025-12-27,6108.09,37622.49,5,473081.77,last_posted_transaction_or_prior_closing_balance,synb1_txn_bf22a2492aedef810655e844,trusted,cn_public_2022_2026_cycles_1_0,public_schedule_without_transaction_override,False,,,complete
2025-12-28,49995.25,40500.00,2,482577.02,last_posted_transaction_or_prior_closing_balance,synb1_txn_45b739d483f706f742784f11,trusted,cn_public_2022_2026_cycles_1_0,public_schedule_without_transaction_override,False,,,complete
2025-12-29,0.00,0.00,0,482577.02,last_posted_transaction_or_prior_closing_balance,,trusted,cn_public_2022_2026_cycles_1_0,public_schedule_without_transaction_override,True,497,2025-12-30,complete
2025-12-30,0.00,0.00,0,482577.02,last_posted_transaction_or_prior_closing_balance,,trusted,cn_public_2022_2026_cycles_1_0,public_schedule_without_transaction_override,True,498,2025-12-31,complete
2025-12-31,0.00,0.00,0,482577.02,last_posted_transaction_or_prior_closing_balance,,trusted,cn_public_2022_2026_cycles_1_0,public_schedule_without_transaction_override,True,499,2026-01-04,complete
