calendar_date,inflow_cny,outflow_cny,transaction_count,ending_balance_cny,day_cut_basis,source_last_transaction_id,reconciliation_status,calendar_source,calendar_inference_status,is_bank_workday,business_step,target_date,execution_status
2024-01-01,3264000.00,0.00,1,3264000.00,last_posted_transaction_or_prior_closing_balance,synb1_txn_0bc67d6167d701632b08c56f,trusted,cn_public_2022_2026_cycles_1_0,public_schedule_without_transaction_override,False,,,complete
2024-01-02,40033.09,8171.95,2,3295861.14,last_posted_transaction_or_prior_closing_balance,synb1_txn_4b9037a047b0efaaf1b10b79,trusted,cn_public_2022_2026_cycles_1_0,public_schedule_without_transaction_override,True,1,2024-01-03,complete
2024-01-03,33810.59,0.00,1,3329671.73,last_posted_transaction_or_prior_closing_balance,synb1_txn_9c085b59064d33a798c08bc0,trusted,cn_public_2022_2026_cycles_1_0,public_schedule_without_transaction_override,True,2,2024-01-04,complete
2024-01-04,0.00,0.00,0,3329671.73,last_posted_transaction_or_prior_closing_balance,,trusted,cn_public_2022_2026_cycles_1_0,public_schedule_without_transaction_override,True,3,2024-01-05,complete
2024-01-05,0.00,24810.06,3,3304861.67,last_posted_transaction_or_prior_closing_balance,synb1_txn_e19201d039644f0314bc1c14,trusted,cn_public_2022_2026_cycles_1_0,public_schedule_without_transaction_override,True,4,2024-01-08,complete
2024-01-06,0.00,66583.39,1,3238278.28,last_posted_transaction_or_prior_closing_balance,synb1_txn_3eef1192341339edb9551df9,trusted,cn_public_2022_2026_cycles_1_0,public_schedule_without_transaction_override,False,,,complete
2024-01-07,0.00,82000.00,1,3156278.28,last_posted_transaction_or_prior_closing_balance,synb1_txn_0729203fdbd85bd4af94500c,trusted,cn_public_2022_2026_cycles_1_0,public_schedule_without_transaction_override,False,,,complete
2024-01-08,0.00,69835.24,1,3086443.04,last_posted_transaction_or_prior_closing_balance,synb1_txn_ec9f2dce23cd6b66e271a51e,trusted,cn_public_2022_2026_cycles_1_0,public_schedule_without_transaction_override,True,5,2024-01-09,complete
2024-01-09,0.00,48665.12,1,3037777.92,last_posted_transaction_or_prior_closing_balance,synb1_txn_9e08eb6fef5af4dc512d440d,trusted,cn_public_2022_2026_cycles_1_0,public_schedule_without_transaction_override,True,6,2024-01-10,complete
2024-01-10,0.00,4350.88,1,3033427.04,last_posted_transaction_or_prior_closing_balance,synb1_txn_98ee1b006c804d66cc677432,trusted,cn_public_2022_2026_cycles_1_0,public_schedule_without_transaction_override,True,7,2024-01-11,complete
2024-01-11,0.00,0.00,0,3033427.04,last_posted_transaction_or_prior_closing_balance,,trusted,cn_public_2022_2026_cycles_1_0,public_schedule_without_transaction_override,True,8,2024-01-12,complete
2024-01-12,17985.64,0.00,1,3051412.68,last_posted_transaction_or_prior_closing_balance,synb1_txn_29687dd5f40d4669fad91980,trusted,cn_public_2022_2026_cycles_1_0,public_schedule_without_transaction_override,True,9,2024-01-15,complete
2024-01-13,0.00,0.00,0,3051412.68,last_posted_transaction_or_prior_closing_balance,,trusted,cn_public_2022_2026_cycles_1_0,public_schedule_without_transaction_override,False,,,complete
2024-01-14,198.93,1365.77,2,3050245.84,last_posted_transaction_or_prior_closing_balance,synb1_txn_3cf83f1ffb9a6d95f7e313b1,trusted,cn_public_2022_2026_cycles_1_0,public_schedule_without_transaction_override,False,,,complete
2024-01-15,46546.19,5647.00,2,3091145.03,last_posted_transaction_or_prior_closing_balance,synb1_txn_a31dc63b1fd82cab25de8f25,trusted,cn_public_2022_2026_cycles_1_0,public_schedule_without_transaction_override,True,10,2024-01-16,complete
2024-01-16,0.00,0.00,0,3091145.03,last_posted_transaction_or_prior_closing_balance,,trusted,cn_public_2022_2026_cycles_1_0,public_schedule_without_transaction_override,True,11,2024-01-17,complete
2024-01-17,0.00,0.00,0,3091145.03,last_posted_transaction_or_prior_closing_balance,,trusted,cn_public_2022_2026_cycles_1_0,public_schedule_without_transaction_override,True,12,2024-01-18,complete
2024-01-18,0.00,739.94,1,3090405.09,last_posted_transaction_or_prior_closing_balance,synb1_txn_63e3bff7b9da04a416021f2f,trusted,cn_public_2022_2026_cycles_1_0,public_schedule_without_transaction_override,True,13,2024-01-19,complete
2024-01-19,0.00,0.00,0,3090405.09,last_posted_transaction_or_prior_closing_balance,,trusted,cn_public_2022_2026_cycles_1_0,public_schedule_without_transaction_override,True,14,2024-01-22,complete
2024-01-20,0.00,0.00,0,3090405.09,last_posted_transaction_or_prior_closing_balance,,trusted,cn_public_2022_2026_cycles_1_0,public_schedule_without_transaction_override,False,,,complete
2024-01-21,2308.34,0.00,1,3092713.43,last_posted_transaction_or_prior_closing_balance,synb1_txn_5d4898d0d6267d89abdf020d,trusted,cn_public_2022_2026_cycles_1_0,public_schedule_without_transaction_override,False,,,complete
2024-01-22,68532.73,0.00,1,3161246.16,last_posted_transaction_or_prior_closing_balance,synb1_txn_9533f792d0f74b799df89a83,trusted,cn_public_2022_2026_cycles_1_0,public_schedule_without_transaction_override,True,15,2024-01-23,complete
2024-01-23,0.00,0.00,0,3161246.16,last_posted_transaction_or_prior_closing_balance,,trusted,cn_public_2022_2026_cycles_1_0,public_schedule_without_transaction_override,True,16,2024-01-24,complete
2024-01-24,0.00,0.00,0,3161246.16,last_posted_transaction_or_prior_closing_balance,,trusted,cn_public_2022_2026_cycles_1_0,public_schedule_without_transaction_override,True,17,2024-01-25,complete
2024-01-25,0.00,112943.76,2,3048302.40,last_posted_transaction_or_prior_closing_balance,synb1_txn_18a18b8b8fd044e937887c22,trusted,cn_public_2022_2026_cycles_1_0,public_schedule_without_transaction_override,True,18,2024-01-26,complete
2024-01-26,6536.49,0.00,1,3054838.89,last_posted_transaction_or_prior_closing_balance,synb1_txn_3ae2203a2fce631a51aef01a,trusted,cn_public_2022_2026_cycles_1_0,public_schedule_without_transaction_override,True,19,2024-01-29,complete
2024-01-27,0.00,0.00,0,3054838.89,last_posted_transaction_or_prior_closing_balance,,trusted,cn_public_2022_2026_cycles_1_0,public_schedule_without_transaction_override,False,,,complete
2024-01-28,0.00,14602.09,1,3040236.80,last_posted_transaction_or_prior_closing_balance,synb1_txn_32c4053f12f677f533eda9e2,trusted,cn_public_2022_2026_cycles_1_0,public_schedule_without_transaction_override,False,,,complete
2024-01-29,0.00,0.00,0,3040236.80,last_posted_transaction_or_prior_closing_balance,,trusted,cn_public_2022_2026_cycles_1_0,public_schedule_without_transaction_override,True,20,2024-01-30,complete
2024-01-30,0.00,0.00,0,3040236.80,last_posted_transaction_or_prior_closing_balance,,trusted,cn_public_2022_2026_cycles_1_0,public_schedule_without_transaction_override,True,21,2024-01-31,complete
2024-01-31,0.00,0.00,0,3040236.80,last_posted_transaction_or_prior_closing_balance,,trusted,cn_public_2022_2026_cycles_1_0,public_schedule_without_transaction_override,True,22,2024-02-01,complete
2024-02-01,0.00,0.00,0,3040236.80,last_posted_transaction_or_prior_closing_balance,,trusted,cn_public_2022_2026_cycles_1_0,public_schedule_without_transaction_override,True,23,2024-02-02,complete
2024-02-02,0.00,0.00,0,3040236.80,last_posted_transaction_or_prior_closing_balance,,trusted,cn_public_2022_2026_cycles_1_0,public_schedule_without_transaction_override,True,24,2024-02-04,complete
2024-02-03,0.00,101257.46,1,2938979.34,last_posted_transaction_or_prior_closing_balance,synb1_txn_a5ded647140da7894a6d9afc,trusted,cn_public_2022_2026_cycles_1_0,public_schedule_without_transaction_override,False,,,complete
2024-02-04,0.00,0.00,0,2938979.34,last_posted_transaction_or_prior_closing_balance,,trusted,cn_public_2022_2026_cycles_1_0,public_schedule_without_transaction_override,True,25,2024-02-05,complete
2024-02-05,0.00,19500.00,1,2919479.34,last_posted_transaction_or_prior_closing_balance,synb1_txn_d2e9c5e40d22904913d890c3,trusted,cn_public_2022_2026_cycles_1_0,public_schedule_without_transaction_override,True,26,2024-02-06,complete
2024-02-06,0.00,0.00,0,2919479.34,last_posted_transaction_or_prior_closing_balance,,trusted,cn_public_2022_2026_cycles_1_0,public_schedule_without_transaction_override,True,27,2024-02-07,complete
2024-02-07,0.00,82000.00,1,2837479.34,last_posted_transaction_or_prior_closing_balance,synb1_txn_53b4b37fe9cefac2434c62b8,trusted,cn_public_2022_2026_cycles_1_0,public_schedule_without_transaction_override,True,28,2024-02-08,complete
2024-02-08,0.00,0.00,0,2837479.34,last_posted_transaction_or_prior_closing_balance,,trusted,cn_public_2022_2026_cycles_1_0,public_schedule_without_transaction_override,True,29,2024-02-09,complete
2024-02-09,0.00,0.00,0,2837479.34,last_posted_transaction_or_prior_closing_balance,,trusted,cn_public_2022_2026_cycles_1_0,public_schedule_without_transaction_override,True,30,2024-02-18,complete
2024-02-10,46233.14,61879.86,3,2821832.62,last_posted_transaction_or_prior_closing_balance,synb1_txn_a3aa956979ef9aa6fe964880,trusted,cn_public_2022_2026_cycles_1_0,public_schedule_without_transaction_override,False,,,complete
2024-02-11,0.00,2290.03,1,2819542.59,last_posted_transaction_or_prior_closing_balance,synb1_txn_656fa532f038b6f8bf134e26,trusted,cn_public_2022_2026_cycles_1_0,public_schedule_without_transaction_override,False,,,complete
2024-02-12,28172.71,0.00,1,2847715.30,last_posted_transaction_or_prior_closing_balance,synb1_txn_557f060a4e2e53c3eec067be,trusted,cn_public_2022_2026_cycles_1_0,public_schedule_without_transaction_override,False,,,complete
2024-02-13,32578.67,0.00,1,2880293.97,last_posted_transaction_or_prior_closing_balance,synb1_txn_f16d5c1724cfd78ffa09b72b,trusted,cn_public_2022_2026_cycles_1_0,public_schedule_without_transaction_override,False,,,complete
2024-02-14,38081.93,18637.06,2,2899738.84,last_posted_transaction_or_prior_closing_balance,synb1_txn_c00bfc0caeb22721452e3142,trusted,cn_public_2022_2026_cycles_1_0,public_schedule_without_transaction_override,False,,,complete
2024-02-15,3070.73,0.00,1,2902809.57,last_posted_transaction_or_prior_closing_balance,synb1_txn_3467e0b8aae5f02b088ca65c,trusted,cn_public_2022_2026_cycles_1_0,public_schedule_without_transaction_override,False,,,complete
2024-02-16,0.00,102.08,1,2902707.49,last_posted_transaction_or_prior_closing_balance,synb1_txn_86a1b2c876f6d595312f1f94,trusted,cn_public_2022_2026_cycles_1_0,public_schedule_without_transaction_override,False,,,complete
2024-02-17,0.00,0.00,0,2902707.49,last_posted_transaction_or_prior_closing_balance,,trusted,cn_public_2022_2026_cycles_1_0,public_schedule_without_transaction_override,False,,,complete
2024-02-18,0.00,3664.64,2,2899042.85,last_posted_transaction_or_prior_closing_balance,synb1_txn_e0c43791e67a0509731d7f37,trusted,cn_public_2022_2026_cycles_1_0,public_schedule_without_transaction_override,True,31,2024-02-19,complete
2024-02-19,20306.63,1153.64,2,2918195.84,last_posted_transaction_or_prior_closing_balance,synb1_txn_c58a99e7dadd925c90c93eed,trusted,cn_public_2022_2026_cycles_1_0,public_schedule_without_transaction_override,True,32,2024-02-20,complete
2024-02-20,0.00,0.00,0,2918195.84,last_posted_transaction_or_prior_closing_balance,,trusted,cn_public_2022_2026_cycles_1_0,public_schedule_without_transaction_override,True,33,2024-02-21,complete
2024-02-21,35668.11,1377.35,3,2952486.60,last_posted_transaction_or_prior_closing_balance,synb1_txn_3accbed19915243907eac142,trusted,cn_public_2022_2026_cycles_1_0,public_schedule_without_transaction_override,True,34,2024-02-22,complete
2024-02-22,6099.17,80000.00,2,2878585.77,last_posted_transaction_or_prior_closing_balance,synb1_txn_952dc2b6a74fff3947f88d07,trusted,cn_public_2022_2026_cycles_1_0,public_schedule_without_transaction_override,True,35,2024-02-23,complete
2024-02-23,22697.30,0.00,2,2901283.07,last_posted_transaction_or_prior_closing_balance,synb1_txn_f37482be4171a294d5809faa,trusted,cn_public_2022_2026_cycles_1_0,public_schedule_without_transaction_override,True,36,2024-02-26,complete
2024-02-24,1518.53,0.00,1,2902801.60,last_posted_transaction_or_prior_closing_balance,synb1_txn_5d848e7b75e3a2b67113a38c,trusted,cn_public_2022_2026_cycles_1_0,public_schedule_without_transaction_override,False,,,complete
2024-02-25,32917.55,0.00,3,2935719.15,last_posted_transaction_or_prior_closing_balance,synb1_txn_cf8212af113fdce335fc693e,trusted,cn_public_2022_2026_cycles_1_0,public_schedule_without_transaction_override,False,,,complete
2024-02-26,0.00,13569.08,1,2922150.07,last_posted_transaction_or_prior_closing_balance,synb1_txn_e9f3024591336cfd013a2144,trusted,cn_public_2022_2026_cycles_1_0,public_schedule_without_transaction_override,True,37,2024-02-27,complete
2024-02-27,6791.53,7678.98,2,2921262.62,last_posted_transaction_or_prior_closing_balance,synb1_txn_88a3bd526d26264bc0a98ccb,trusted,cn_public_2022_2026_cycles_1_0,public_schedule_without_transaction_override,True,38,2024-02-28,complete
2024-02-28,0.00,34188.06,1,2887074.56,last_posted_transaction_or_prior_closing_balance,synb1_txn_cd815ef9896e8f39fdd4599e,trusted,cn_public_2022_2026_cycles_1_0,public_schedule_without_transaction_override,True,39,2024-02-29,complete
2024-02-29,0.00,0.00,0,2887074.56,last_posted_transaction_or_prior_closing_balance,,trusted,cn_public_2022_2026_cycles_1_0,public_schedule_without_transaction_override,True,40,2024-03-01,complete
2024-03-01,0.00,0.00,0,2887074.56,last_posted_transaction_or_prior_closing_balance,,trusted,cn_public_2022_2026_cycles_1_0,public_schedule_without_transaction_override,True,41,2024-03-04,complete
2024-03-02,0.00,0.00,0,2887074.56,last_posted_transaction_or_prior_closing_balance,,trusted,cn_public_2022_2026_cycles_1_0,public_schedule_without_transaction_override,False,,,complete
2024-03-03,0.00,204.09,1,2886870.47,last_posted_transaction_or_prior_closing_balance,synb1_txn_2f8241e3b150d10b704e829c,trusted,cn_public_2022_2026_cycles_1_0,public_schedule_without_transaction_override,False,,,complete
2024-03-04,0.00,12295.91,1,2874574.56,last_posted_transaction_or_prior_closing_balance,synb1_txn_d6211de11fba6f19d132de31,trusted,cn_public_2022_2026_cycles_1_0,public_schedule_without_transaction_override,True,42,2024-03-05,complete
2024-03-05,0.00,19500.00,1,2855074.56,last_posted_transaction_or_prior_closing_balance,synb1_txn_a41bad985dd2042b33bc1907,trusted,cn_public_2022_2026_cycles_1_0,public_schedule_without_transaction_override,True,43,2024-03-06,complete
2024-03-06,42371.66,0.00,2,2897446.22,last_posted_transaction_or_prior_closing_balance,synb1_txn_fcc8b4fecaa0b4cabccff831,trusted,cn_public_2022_2026_cycles_1_0,public_schedule_without_transaction_override,True,44,2024-03-07,complete
2024-03-07,0.00,82000.00,1,2815446.22,last_posted_transaction_or_prior_closing_balance,synb1_txn_dd1fa08d65ef303116a6c76d,trusted,cn_public_2022_2026_cycles_1_0,public_schedule_without_transaction_override,True,45,2024-03-08,complete
2024-03-08,0.00,3716.55,1,2811729.67,last_posted_transaction_or_prior_closing_balance,synb1_txn_7b2371fea1ccabe9c2c0e627,trusted,cn_public_2022_2026_cycles_1_0,public_schedule_without_transaction_override,True,46,2024-03-11,complete
2024-03-09,51900.92,0.00,2,2863630.59,last_posted_transaction_or_prior_closing_balance,synb1_txn_b663cb78dafbf5917fb93d20,trusted,cn_public_2022_2026_cycles_1_0,public_schedule_without_transaction_override,False,,,complete
2024-03-10,0.00,0.00,0,2863630.59,last_posted_transaction_or_prior_closing_balance,,trusted,cn_public_2022_2026_cycles_1_0,public_schedule_without_transaction_override,False,,,complete
2024-03-11,0.00,162760.24,1,2700870.35,last_posted_transaction_or_prior_closing_balance,synb1_txn_c52f3f3e156378ec3577739f,trusted,cn_public_2022_2026_cycles_1_0,public_schedule_without_transaction_override,True,47,2024-03-12,complete
2024-03-12,20266.69,0.00,1,2721137.04,last_posted_transaction_or_prior_closing_balance,synb1_txn_fcf62ac1b2bdc2d205b6d8a1,trusted,cn_public_2022_2026_cycles_1_0,public_schedule_without_transaction_override,True,48,2024-03-13,complete
2024-03-13,0.00,0.00,0,2721137.04,last_posted_transaction_or_prior_closing_balance,,trusted,cn_public_2022_2026_cycles_1_0,public_schedule_without_transaction_override,True,49,2024-03-14,complete
2024-03-14,134831.28,0.00,1,2855968.32,last_posted_transaction_or_prior_closing_balance,synb1_txn_ac28d1ec6c64f70519973b2d,trusted,cn_public_2022_2026_cycles_1_0,public_schedule_without_transaction_override,True,50,2024-03-15,complete
2024-03-15,7339.63,0.00,1,2863307.95,last_posted_transaction_or_prior_closing_balance,synb1_txn_6b13d1aaf3c067e73405f8e1,trusted,cn_public_2022_2026_cycles_1_0,public_schedule_without_transaction_override,True,51,2024-03-18,complete
2024-03-16,18088.53,44250.32,3,2837146.16,last_posted_transaction_or_prior_closing_balance,synb1_txn_203b871f1f7d80e1a6f91da5,trusted,cn_public_2022_2026_cycles_1_0,public_schedule_without_transaction_override,False,,,complete
2024-03-17,35882.24,0.00,2,2873028.40,last_posted_transaction_or_prior_closing_balance,synb1_txn_5aa34ba51d257bc4c4261ef8,trusted,cn_public_2022_2026_cycles_1_0,public_schedule_without_transaction_override,False,,,complete
2024-03-18,9422.75,2764.16,3,2879686.99,last_posted_transaction_or_prior_closing_balance,synb1_txn_b4387ff995bba381be112a0a,trusted,cn_public_2022_2026_cycles_1_0,public_schedule_without_transaction_override,True,52,2024-03-19,complete
2024-03-19,18191.15,5592.23,2,2892285.91,last_posted_transaction_or_prior_closing_balance,synb1_txn_77f830fd370e3afe8ad29032,trusted,cn_public_2022_2026_cycles_1_0,public_schedule_without_transaction_override,True,53,2024-03-20,complete
2024-03-20,4922.09,0.00,1,2897208.00,last_posted_transaction_or_prior_closing_balance,synb1_txn_e2d3453159a3c19a6791c66d,trusted,cn_public_2022_2026_cycles_1_0,public_schedule_without_transaction_override,True,54,2024-03-21,complete
2024-03-21,0.00,1098.78,1,2896109.22,last_posted_transaction_or_prior_closing_balance,synb1_txn_7a4f00ab0f63ee12ffa257c5,trusted,cn_public_2022_2026_cycles_1_0,public_schedule_without_transaction_override,True,55,2024-03-22,complete
2024-03-22,0.00,0.00,0,2896109.22,last_posted_transaction_or_prior_closing_balance,,trusted,cn_public_2022_2026_cycles_1_0,public_schedule_without_transaction_override,True,56,2024-03-25,complete
2024-03-23,56463.96,33256.89,2,2919316.29,last_posted_transaction_or_prior_closing_balance,synb1_txn_8afd767e0c03390622dcd688,trusted,cn_public_2022_2026_cycles_1_0,public_schedule_without_transaction_override,False,,,complete
2024-03-24,0.00,0.00,0,2919316.29,last_posted_transaction_or_prior_closing_balance,,trusted,cn_public_2022_2026_cycles_1_0,public_schedule_without_transaction_override,False,,,complete
2024-03-25,0.00,37731.99,1,2881584.30,last_posted_transaction_or_prior_closing_balance,synb1_txn_e70bce8cb2e849483020aaf9,trusted,cn_public_2022_2026_cycles_1_0,public_schedule_without_transaction_override,True,57,2024-03-26,complete
2024-03-26,61666.99,0.00,1,2943251.29,last_posted_transaction_or_prior_closing_balance,synb1_txn_00212a1f654710f6ffdefeac,trusted,cn_public_2022_2026_cycles_1_0,public_schedule_without_transaction_override,True,58,2024-03-27,complete
2024-03-27,0.00,13328.20,1,2929923.09,last_posted_transaction_or_prior_closing_balance,synb1_txn_2b831f5a907dd7348b129272,trusted,cn_public_2022_2026_cycles_1_0,public_schedule_without_transaction_override,True,59,2024-03-28,complete
2024-03-28,9654.11,0.00,1,2939577.20,last_posted_transaction_or_prior_closing_balance,synb1_txn_1ba0023ce9ff15e93adf3098,trusted,cn_public_2022_2026_cycles_1_0,public_schedule_without_transaction_override,True,60,2024-03-29,complete
2024-03-29,0.00,0.00,0,2939577.20,last_posted_transaction_or_prior_closing_balance,,trusted,cn_public_2022_2026_cycles_1_0,public_schedule_without_transaction_override,True,61,2024-04-01,complete
2024-03-30,0.00,0.00,0,2939577.20,last_posted_transaction_or_prior_closing_balance,,trusted,cn_public_2022_2026_cycles_1_0,public_schedule_without_transaction_override,False,,,complete
2024-03-31,0.00,0.00,0,2939577.20,last_posted_transaction_or_prior_closing_balance,,trusted,cn_public_2022_2026_cycles_1_0,public_schedule_without_transaction_override,False,,,complete
2024-04-01,0.00,0.00,0,2939577.20,last_posted_transaction_or_prior_closing_balance,,trusted,cn_public_2022_2026_cycles_1_0,public_schedule_without_transaction_override,True,62,2024-04-02,complete
2024-04-02,0.00,0.00,0,2939577.20,last_posted_transaction_or_prior_closing_balance,,trusted,cn_public_2022_2026_cycles_1_0,public_schedule_without_transaction_override,True,63,2024-04-03,complete
2024-04-03,0.00,8698.16,1,2930879.04,last_posted_transaction_or_prior_closing_balance,synb1_txn_5f780be4fed694c33127b649,trusted,cn_public_2022_2026_cycles_1_0,public_schedule_without_transaction_override,True,64,2024-04-07,complete
2024-04-04,10886.50,0.00,1,2941765.54,last_posted_transaction_or_prior_closing_balance,synb1_txn_e4499452cca7b00a82c1eeb1,trusted,cn_public_2022_2026_cycles_1_0,public_schedule_without_transaction_override,False,,,complete
2024-04-05,72502.45,19500.00,2,2994767.99,last_posted_transaction_or_prior_closing_balance,synb1_txn_f5feca92f77ab075c27024a5,trusted,cn_public_2022_2026_cycles_1_0,public_schedule_without_transaction_override,False,,,complete
2024-04-06,0.00,0.00,0,2994767.99,last_posted_transaction_or_prior_closing_balance,,trusted,cn_public_2022_2026_cycles_1_0,public_schedule_without_transaction_override,False,,,complete
2024-04-07,0.00,116467.17,2,2878300.82,last_posted_transaction_or_prior_closing_balance,synb1_txn_cbc80d354aab2f02bd3bfba2,trusted,cn_public_2022_2026_cycles_1_0,public_schedule_without_transaction_override,True,65,2024-04-08,complete
2024-04-08,5842.23,1068.12,3,2883074.93,last_posted_transaction_or_prior_closing_balance,synb1_txn_6a71710e346f50e13b4c6ec8,trusted,cn_public_2022_2026_cycles_1_0,public_schedule_without_transaction_override,True,66,2024-04-09,complete
2024-04-09,0.00,62284.82,1,2820790.11,last_posted_transaction_or_prior_closing_balance,synb1_txn_7539834e5d96fcafd0b5afc6,trusted,cn_public_2022_2026_cycles_1_0,public_schedule_without_transaction_override,True,67,2024-04-10,complete
2024-04-10,0.00,54149.43,2,2766640.68,last_posted_transaction_or_prior_closing_balance,synb1_txn_dd6e8d4b684a7005b9dd203b,trusted,cn_public_2022_2026_cycles_1_0,public_schedule_without_transaction_override,True,68,2024-04-11,complete
2024-04-11,0.00,69346.41,2,2697294.27,last_posted_transaction_or_prior_closing_balance,synb1_txn_3b1af3f9a13f9a31668ba0fe,trusted,cn_public_2022_2026_cycles_1_0,public_schedule_without_transaction_override,True,69,2024-04-12,complete
2024-04-12,0.00,0.00,0,2697294.27,last_posted_transaction_or_prior_closing_balance,,trusted,cn_public_2022_2026_cycles_1_0,public_schedule_without_transaction_override,True,70,2024-04-15,complete
2024-04-13,19659.41,0.00,1,2716953.68,last_posted_transaction_or_prior_closing_balance,synb1_txn_eaa65b7ea3d973b3858f9b9a,trusted,cn_public_2022_2026_cycles_1_0,public_schedule_without_transaction_override,False,,,complete
2024-04-14,0.00,8343.49,1,2708610.19,last_posted_transaction_or_prior_closing_balance,synb1_txn_4b16743b9a895055698f43ca,trusted,cn_public_2022_2026_cycles_1_0,public_schedule_without_transaction_override,False,,,complete
2024-04-15,61903.93,0.00,1,2770514.12,last_posted_transaction_or_prior_closing_balance,synb1_txn_012a088660029b7e4aae7a46,trusted,cn_public_2022_2026_cycles_1_0,public_schedule_without_transaction_override,True,71,2024-04-16,complete
2024-04-16,20346.85,0.00,1,2790860.97,last_posted_transaction_or_prior_closing_balance,synb1_txn_4740c501f76af51e36937bb3,trusted,cn_public_2022_2026_cycles_1_0,public_schedule_without_transaction_override,True,72,2024-04-17,complete
2024-04-17,0.00,0.00,0,2790860.97,last_posted_transaction_or_prior_closing_balance,,trusted,cn_public_2022_2026_cycles_1_0,public_schedule_without_transaction_override,True,73,2024-04-18,complete
2024-04-18,46522.21,22940.04,4,2814443.14,last_posted_transaction_or_prior_closing_balance,synb1_txn_cddeb4b000e62cc1dbe57d08,trusted,cn_public_2022_2026_cycles_1_0,public_schedule_without_transaction_override,True,74,2024-04-19,complete
2024-04-19,0.00,46292.20,1,2768150.94,last_posted_transaction_or_prior_closing_balance,synb1_txn_b0a73639f5fbd387e43aeb9a,trusted,cn_public_2022_2026_cycles_1_0,public_schedule_without_transaction_override,True,75,2024-04-22,complete
2024-04-20,0.00,0.00,0,2768150.94,last_posted_transaction_or_prior_closing_balance,,trusted,cn_public_2022_2026_cycles_1_0,public_schedule_without_transaction_override,False,,,complete
2024-04-21,0.00,0.00,0,2768150.94,last_posted_transaction_or_prior_closing_balance,,trusted,cn_public_2022_2026_cycles_1_0,public_schedule_without_transaction_override,False,,,complete
2024-04-22,0.00,0.00,0,2768150.94,last_posted_transaction_or_prior_closing_balance,,trusted,cn_public_2022_2026_cycles_1_0,public_schedule_without_transaction_override,True,76,2024-04-23,complete
2024-04-23,4026.21,0.00,1,2772177.15,last_posted_transaction_or_prior_closing_balance,synb1_txn_875b4204eeb55af20a41e586,trusted,cn_public_2022_2026_cycles_1_0,public_schedule_without_transaction_override,True,77,2024-04-24,complete
2024-04-24,0.00,0.00,0,2772177.15,last_posted_transaction_or_prior_closing_balance,,trusted,cn_public_2022_2026_cycles_1_0,public_schedule_without_transaction_override,True,78,2024-04-25,complete
2024-04-25,69921.32,0.00,1,2842098.47,last_posted_transaction_or_prior_closing_balance,synb1_txn_d1908fb099c859822776cdd3,trusted,cn_public_2022_2026_cycles_1_0,public_schedule_without_transaction_override,True,79,2024-04-26,complete
2024-04-26,88615.56,0.00,1,2930714.03,last_posted_transaction_or_prior_closing_balance,synb1_txn_5fbbf81da0107373803e4f5b,trusted,cn_public_2022_2026_cycles_1_0,public_schedule_without_transaction_override,True,80,2024-04-28,complete
2024-04-27,13221.33,0.00,1,2943935.36,last_posted_transaction_or_prior_closing_balance,synb1_txn_781dad20f653a24ce3b9d51f,trusted,cn_public_2022_2026_cycles_1_0,public_schedule_without_transaction_override,False,,,complete
2024-04-28,0.00,0.00,0,2943935.36,last_posted_transaction_or_prior_closing_balance,,trusted,cn_public_2022_2026_cycles_1_0,public_schedule_without_transaction_override,True,81,2024-04-29,complete
2024-04-29,0.00,0.00,0,2943935.36,last_posted_transaction_or_prior_closing_balance,,trusted,cn_public_2022_2026_cycles_1_0,public_schedule_without_transaction_override,True,82,2024-04-30,complete
2024-04-30,0.00,0.00,0,2943935.36,last_posted_transaction_or_prior_closing_balance,,trusted,cn_public_2022_2026_cycles_1_0,public_schedule_without_transaction_override,True,83,2024-05-06,complete
2024-05-01,0.00,0.00,0,2943935.36,last_posted_transaction_or_prior_closing_balance,,trusted,cn_public_2022_2026_cycles_1_0,public_schedule_without_transaction_override,False,,,complete
2024-05-02,0.00,0.00,0,2943935.36,last_posted_transaction_or_prior_closing_balance,,trusted,cn_public_2022_2026_cycles_1_0,public_schedule_without_transaction_override,False,,,complete
2024-05-03,0.00,0.00,0,2943935.36,last_posted_transaction_or_prior_closing_balance,,trusted,cn_public_2022_2026_cycles_1_0,public_schedule_without_transaction_override,False,,,complete
2024-05-04,0.00,103554.87,2,2840380.49,last_posted_transaction_or_prior_closing_balance,synb1_txn_7f6f5852cf233f24e1daa7bb,trusted,cn_public_2022_2026_cycles_1_0,public_schedule_without_transaction_override,False,,,complete
2024-05-05,9250.01,19875.11,3,2829755.39,last_posted_transaction_or_prior_closing_balance,synb1_txn_0c9bc4e99e45880c145ebc27,trusted,cn_public_2022_2026_cycles_1_0,public_schedule_without_transaction_override,False,,,complete
2024-05-06,0.00,0.00,0,2829755.39,last_posted_transaction_or_prior_closing_balance,,trusted,cn_public_2022_2026_cycles_1_0,public_schedule_without_transaction_override,True,84,2024-05-07,complete
2024-05-07,41238.17,114438.69,4,2756554.87,last_posted_transaction_or_prior_closing_balance,synb1_txn_102d000c51ba4e2edfe8c43f,trusted,cn_public_2022_2026_cycles_1_0,public_schedule_without_transaction_override,True,85,2024-05-08,complete
2024-05-08,0.00,32583.06,1,2723971.81,last_posted_transaction_or_prior_closing_balance,synb1_txn_233d652d312d4738c616fcec,trusted,cn_public_2022_2026_cycles_1_0,public_schedule_without_transaction_override,True,86,2024-05-09,complete
2024-05-09,98439.18,48923.89,2,2773487.10,last_posted_transaction_or_prior_closing_balance,synb1_txn_f6b2181b9219ef62811282ed,trusted,cn_public_2022_2026_cycles_1_0,public_schedule_without_transaction_override,True,87,2024-05-10,complete
2024-05-10,0.00,0.00,0,2773487.10,last_posted_transaction_or_prior_closing_balance,,trusted,cn_public_2022_2026_cycles_1_0,public_schedule_without_transaction_override,True,88,2024-05-11,complete
2024-05-11,0.00,0.00,0,2773487.10,last_posted_transaction_or_prior_closing_balance,,trusted,cn_public_2022_2026_cycles_1_0,public_schedule_without_transaction_override,True,89,2024-05-13,complete
2024-05-12,6682.09,0.00,1,2780169.19,last_posted_transaction_or_prior_closing_balance,synb1_txn_67c95b27d985e3e02fbfe557,trusted,cn_public_2022_2026_cycles_1_0,public_schedule_without_transaction_override,False,,,complete
2024-05-13,0.00,24437.31,1,2755731.88,last_posted_transaction_or_prior_closing_balance,synb1_txn_bb73395da2f6f0dcc782d4e9,trusted,cn_public_2022_2026_cycles_1_0,public_schedule_without_transaction_override,True,90,2024-05-14,complete
2024-05-14,0.00,0.00,0,2755731.88,last_posted_transaction_or_prior_closing_balance,,trusted,cn_public_2022_2026_cycles_1_0,public_schedule_without_transaction_override,True,91,2024-05-15,complete
2024-05-15,12866.87,0.00,1,2768598.75,last_posted_transaction_or_prior_closing_balance,synb1_txn_aaa84fff67c3e71336c65722,trusted,cn_public_2022_2026_cycles_1_0,public_schedule_without_transaction_override,True,92,2024-05-16,complete
2024-05-16,7673.94,0.00,1,2776272.69,last_posted_transaction_or_prior_closing_balance,synb1_txn_202919e7b73cf8dc2e2b7673,trusted,cn_public_2022_2026_cycles_1_0,public_schedule_without_transaction_override,True,93,2024-05-17,complete
2024-05-17,0.00,0.00,0,2776272.69,last_posted_transaction_or_prior_closing_balance,,trusted,cn_public_2022_2026_cycles_1_0,public_schedule_without_transaction_override,True,94,2024-05-20,complete
2024-05-18,0.00,0.00,0,2776272.69,last_posted_transaction_or_prior_closing_balance,,trusted,cn_public_2022_2026_cycles_1_0,public_schedule_without_transaction_override,False,,,complete
2024-05-19,135641.62,0.00,2,2911914.31,last_posted_transaction_or_prior_closing_balance,synb1_txn_1ffae75f03c1e04b0e06cd6c,trusted,cn_public_2022_2026_cycles_1_0,public_schedule_without_transaction_override,False,,,complete
2024-05-20,0.00,15437.26,3,2896477.05,last_posted_transaction_or_prior_closing_balance,synb1_txn_cb65fadb8ed4afc8852b7d7e,trusted,cn_public_2022_2026_cycles_1_0,public_schedule_without_transaction_override,True,95,2024-05-21,complete
2024-05-21,83219.85,0.00,1,2979696.90,last_posted_transaction_or_prior_closing_balance,synb1_txn_90b92cfcdb329254b3f10261,trusted,cn_public_2022_2026_cycles_1_0,public_schedule_without_transaction_override,True,96,2024-05-22,complete
2024-05-22,0.00,0.00,0,2979696.90,last_posted_transaction_or_prior_closing_balance,,trusted,cn_public_2022_2026_cycles_1_0,public_schedule_without_transaction_override,True,97,2024-05-23,complete
2024-05-23,166228.84,27032.29,3,3118893.45,last_posted_transaction_or_prior_closing_balance,synb1_txn_1106df17d8005d966517511e,trusted,cn_public_2022_2026_cycles_1_0,public_schedule_without_transaction_override,True,98,2024-05-24,complete
2024-05-24,0.00,16040.11,1,3102853.34,last_posted_transaction_or_prior_closing_balance,synb1_txn_c177c7c106e01e652c60fa37,trusted,cn_public_2022_2026_cycles_1_0,public_schedule_without_transaction_override,True,99,2024-05-27,complete
2024-05-25,0.00,0.00,0,3102853.34,last_posted_transaction_or_prior_closing_balance,,trusted,cn_public_2022_2026_cycles_1_0,public_schedule_without_transaction_override,False,,,complete
2024-05-26,0.00,0.00,0,3102853.34,last_posted_transaction_or_prior_closing_balance,,trusted,cn_public_2022_2026_cycles_1_0,public_schedule_without_transaction_override,False,,,complete
2024-05-27,0.00,94002.17,1,3008851.17,last_posted_transaction_or_prior_closing_balance,synb1_txn_989685c411e9914bc3728717,trusted,cn_public_2022_2026_cycles_1_0,public_schedule_without_transaction_override,True,100,2024-05-28,complete
2024-05-28,29435.43,0.00,2,3038286.60,last_posted_transaction_or_prior_closing_balance,synb1_txn_c039deb62c6d1b61d6746549,trusted,cn_public_2022_2026_cycles_1_0,public_schedule_without_transaction_override,True,101,2024-05-29,complete
2024-05-29,0.00,0.00,0,3038286.60,last_posted_transaction_or_prior_closing_balance,,trusted,cn_public_2022_2026_cycles_1_0,public_schedule_without_transaction_override,True,102,2024-05-30,complete
2024-05-30,0.00,0.00,0,3038286.60,last_posted_transaction_or_prior_closing_balance,,trusted,cn_public_2022_2026_cycles_1_0,public_schedule_without_transaction_override,True,103,2024-05-31,complete
2024-05-31,0.00,0.00,0,3038286.60,last_posted_transaction_or_prior_closing_balance,,trusted,cn_public_2022_2026_cycles_1_0,public_schedule_without_transaction_override,True,104,2024-06-03,complete
2024-06-01,0.00,0.00,0,3038286.60,last_posted_transaction_or_prior_closing_balance,,trusted,cn_public_2022_2026_cycles_1_0,public_schedule_without_transaction_override,False,,,complete
2024-06-02,50690.41,0.00,1,3088977.01,last_posted_transaction_or_prior_closing_balance,synb1_txn_f923a37660be5b0185e5bf1c,trusted,cn_public_2022_2026_cycles_1_0,public_schedule_without_transaction_override,False,,,complete
2024-06-03,0.00,0.00,0,3088977.01,last_posted_transaction_or_prior_closing_balance,,trusted,cn_public_2022_2026_cycles_1_0,public_schedule_without_transaction_override,True,105,2024-06-04,complete
2024-06-04,0.00,87.16,1,3088889.85,last_posted_transaction_or_prior_closing_balance,synb1_txn_56a46e5ff0b100a32463db90,trusted,cn_public_2022_2026_cycles_1_0,public_schedule_without_transaction_override,True,106,2024-06-05,complete
2024-06-05,200026.73,19500.00,2,3269416.58,last_posted_transaction_or_prior_closing_balance,synb1_txn_1ca4d5c7a136cc7149e96840,trusted,cn_public_2022_2026_cycles_1_0,public_schedule_without_transaction_override,True,107,2024-06-06,complete
2024-06-06,0.00,0.00,0,3269416.58,last_posted_transaction_or_prior_closing_balance,,trusted,cn_public_2022_2026_cycles_1_0,public_schedule_without_transaction_override,True,108,2024-06-07,complete
2024-06-07,73504.18,224760.28,3,3118160.48,last_posted_transaction_or_prior_closing_balance,synb1_txn_9a52325abb773bc672fe83d9,trusted,cn_public_2022_2026_cycles_1_0,public_schedule_without_transaction_override,True,109,2024-06-11,complete
2024-06-08,0.00,0.00,0,3118160.48,last_posted_transaction_or_prior_closing_balance,,trusted,cn_public_2022_2026_cycles_1_0,public_schedule_without_transaction_override,False,,,complete
2024-06-09,0.00,335486.16,1,2782674.32,last_posted_transaction_or_prior_closing_balance,synb1_txn_030c5e004d35fb43105e4b1c,trusted,cn_public_2022_2026_cycles_1_0,public_schedule_without_transaction_override,False,,,complete
2024-06-10,0.00,0.00,0,2782674.32,last_posted_transaction_or_prior_closing_balance,,trusted,cn_public_2022_2026_cycles_1_0,public_schedule_without_transaction_override,False,,,complete
2024-06-11,0.00,0.00,0,2782674.32,last_posted_transaction_or_prior_closing_balance,,trusted,cn_public_2022_2026_cycles_1_0,public_schedule_without_transaction_override,True,110,2024-06-12,complete
2024-06-12,108082.69,2014.68,2,2888742.33,last_posted_transaction_or_prior_closing_balance,synb1_txn_0aae124313e460e352f2c21a,trusted,cn_public_2022_2026_cycles_1_0,public_schedule_without_transaction_override,True,111,2024-06-13,complete
2024-06-13,0.00,0.00,0,2888742.33,last_posted_transaction_or_prior_closing_balance,,trusted,cn_public_2022_2026_cycles_1_0,public_schedule_without_transaction_override,True,112,2024-06-14,complete
2024-06-14,63716.29,8506.23,2,2943952.39,last_posted_transaction_or_prior_closing_balance,synb1_txn_0374179f5629736a6d224db9,trusted,cn_public_2022_2026_cycles_1_0,public_schedule_without_transaction_override,True,113,2024-06-17,complete
2024-06-15,331737.23,61006.23,3,3214683.39,last_posted_transaction_or_prior_closing_balance,synb1_txn_443b90468e3c2db169c5d573,trusted,cn_public_2022_2026_cycles_1_0,public_schedule_without_transaction_override,False,,,complete
2024-06-16,0.00,143518.49,2,3071164.90,last_posted_transaction_or_prior_closing_balance,synb1_txn_bf717212ff6d87a046a20d31,trusted,cn_public_2022_2026_cycles_1_0,public_schedule_without_transaction_override,False,,,complete
2024-06-17,0.00,0.00,0,3071164.90,last_posted_transaction_or_prior_closing_balance,,trusted,cn_public_2022_2026_cycles_1_0,public_schedule_without_transaction_override,True,114,2024-06-18,complete
2024-06-18,164037.55,35996.91,6,3199205.54,last_posted_transaction_or_prior_closing_balance,synb1_txn_004c9a621108ba9a18d9216d,trusted,cn_public_2022_2026_cycles_1_0,public_schedule_without_transaction_override,True,115,2024-06-19,complete
2024-06-19,0.00,0.00,0,3199205.54,last_posted_transaction_or_prior_closing_balance,,trusted,cn_public_2022_2026_cycles_1_0,public_schedule_without_transaction_override,True,116,2024-06-20,complete
2024-06-20,0.00,0.00,0,3199205.54,last_posted_transaction_or_prior_closing_balance,,trusted,cn_public_2022_2026_cycles_1_0,public_schedule_without_transaction_override,True,117,2024-06-21,complete
2024-06-21,0.00,110226.24,2,3088979.30,last_posted_transaction_or_prior_closing_balance,synb1_txn_b12cf3685b55d7e88681a3e5,trusted,cn_public_2022_2026_cycles_1_0,public_schedule_without_transaction_override,True,118,2024-06-24,complete
2024-06-22,57374.71,0.00,1,3146354.01,last_posted_transaction_or_prior_closing_balance,synb1_txn_e782d996d018140ac57ed43c,trusted,cn_public_2022_2026_cycles_1_0,public_schedule_without_transaction_override,False,,,complete
2024-06-23,0.00,0.00,0,3146354.01,last_posted_transaction_or_prior_closing_balance,,trusted,cn_public_2022_2026_cycles_1_0,public_schedule_without_transaction_override,False,,,complete
2024-06-24,15313.96,0.00,1,3161667.97,last_posted_transaction_or_prior_closing_balance,synb1_txn_0da5e994f1e311b0130acd13,trusted,cn_public_2022_2026_cycles_1_0,public_schedule_without_transaction_override,True,119,2024-06-25,complete
2024-06-25,37008.93,0.00,1,3198676.90,last_posted_transaction_or_prior_closing_balance,synb1_txn_e843cb6328fcfafdd92e399a,trusted,cn_public_2022_2026_cycles_1_0,public_schedule_without_transaction_override,True,120,2024-06-26,complete
2024-06-26,50535.58,0.00,1,3249212.48,last_posted_transaction_or_prior_closing_balance,synb1_txn_d27340251bad1392a94ddd61,trusted,cn_public_2022_2026_cycles_1_0,public_schedule_without_transaction_override,True,121,2024-06-27,complete
2024-06-27,62280.10,0.00,1,3311492.58,last_posted_transaction_or_prior_closing_balance,synb1_txn_9212a8b2bdf06e7ad176caae,trusted,cn_public_2022_2026_cycles_1_0,public_schedule_without_transaction_override,True,122,2024-06-28,complete
2024-06-28,21065.64,0.00,1,3332558.22,last_posted_transaction_or_prior_closing_balance,synb1_txn_bdecc13b0c99b36e2ac52ed5,trusted,cn_public_2022_2026_cycles_1_0,public_schedule_without_transaction_override,True,123,2024-07-01,complete
2024-06-29,0.00,0.00,0,3332558.22,last_posted_transaction_or_prior_closing_balance,,trusted,cn_public_2022_2026_cycles_1_0,public_schedule_without_transaction_override,False,,,complete
2024-06-30,0.00,0.00,0,3332558.22,last_posted_transaction_or_prior_closing_balance,,trusted,cn_public_2022_2026_cycles_1_0,public_schedule_without_transaction_override,False,,,complete
2024-07-01,0.00,0.00,0,3332558.22,last_posted_transaction_or_prior_closing_balance,,trusted,cn_public_2022_2026_cycles_1_0,public_schedule_without_transaction_override,True,124,2024-07-02,complete
2024-07-02,0.00,0.00,0,3332558.22,last_posted_transaction_or_prior_closing_balance,,trusted,cn_public_2022_2026_cycles_1_0,public_schedule_without_transaction_override,True,125,2024-07-03,complete
2024-07-03,0.00,43673.11,1,3288885.11,last_posted_transaction_or_prior_closing_balance,synb1_txn_2b64b382834905c3f65cc3d4,trusted,cn_public_2022_2026_cycles_1_0,public_schedule_without_transaction_override,True,126,2024-07-04,complete
2024-07-04,0.00,0.00,0,3288885.11,last_posted_transaction_or_prior_closing_balance,,trusted,cn_public_2022_2026_cycles_1_0,public_schedule_without_transaction_override,True,127,2024-07-05,complete
2024-07-05,0.00,19500.00,1,3269385.11,last_posted_transaction_or_prior_closing_balance,synb1_txn_df7f626e80cb5c06bfcad06d,trusted,cn_public_2022_2026_cycles_1_0,public_schedule_without_transaction_override,True,128,2024-07-08,complete
2024-07-06,0.00,306410.30,1,2962974.81,last_posted_transaction_or_prior_closing_balance,synb1_txn_8fff66e5f3e01834b1e07e73,trusted,cn_public_2022_2026_cycles_1_0,public_schedule_without_transaction_override,False,,,complete
2024-07-07,0.00,82000.00,1,2880974.81,last_posted_transaction_or_prior_closing_balance,synb1_txn_922bd3a3a4f718a0e6e5ae48,trusted,cn_public_2022_2026_cycles_1_0,public_schedule_without_transaction_override,False,,,complete
2024-07-08,0.00,0.00,0,2880974.81,last_posted_transaction_or_prior_closing_balance,,trusted,cn_public_2022_2026_cycles_1_0,public_schedule_without_transaction_override,True,129,2024-07-09,complete
2024-07-09,177597.41,0.00,2,3058572.22,last_posted_transaction_or_prior_closing_balance,synb1_txn_310373c15d80ef32b86b2dce,trusted,cn_public_2022_2026_cycles_1_0,public_schedule_without_transaction_override,True,130,2024-07-10,complete
2024-07-10,17718.46,0.00,1,3076290.68,last_posted_transaction_or_prior_closing_balance,synb1_txn_aaf4b8c8111bd66f10f458e6,trusted,cn_public_2022_2026_cycles_1_0,public_schedule_without_transaction_override,True,131,2024-07-11,complete
2024-07-11,186401.42,0.00,2,3262692.10,last_posted_transaction_or_prior_closing_balance,synb1_txn_91ddc24b3b8a55a67d2c47af,trusted,cn_public_2022_2026_cycles_1_0,public_schedule_without_transaction_override,True,132,2024-07-12,complete
2024-07-12,0.00,154827.10,1,3107865.00,last_posted_transaction_or_prior_closing_balance,synb1_txn_a457fc7532d07a801cf5b2f9,trusted,cn_public_2022_2026_cycles_1_0,public_schedule_without_transaction_override,True,133,2024-07-15,complete
2024-07-13,277434.91,0.00,1,3385299.91,last_posted_transaction_or_prior_closing_balance,synb1_txn_821a7a46e17872a89aba8e76,trusted,cn_public_2022_2026_cycles_1_0,public_schedule_without_transaction_override,False,,,complete
2024-07-14,0.00,43840.90,1,3341459.01,last_posted_transaction_or_prior_closing_balance,synb1_txn_32ae9ad9984d6ed19b388b05,trusted,cn_public_2022_2026_cycles_1_0,public_schedule_without_transaction_override,False,,,complete
2024-07-15,0.00,0.00,0,3341459.01,last_posted_transaction_or_prior_closing_balance,,trusted,cn_public_2022_2026_cycles_1_0,public_schedule_without_transaction_override,True,134,2024-07-16,complete
2024-07-16,44378.49,0.00,1,3385837.50,last_posted_transaction_or_prior_closing_balance,synb1_txn_4b496354a47a7a97054b95c9,trusted,cn_public_2022_2026_cycles_1_0,public_schedule_without_transaction_override,True,135,2024-07-17,complete
2024-07-17,0.00,106911.61,1,3278925.89,last_posted_transaction_or_prior_closing_balance,synb1_txn_1c08802567a24ca178ecac28,trusted,cn_public_2022_2026_cycles_1_0,public_schedule_without_transaction_override,True,136,2024-07-18,complete
2024-07-18,46157.34,94817.32,4,3230265.91,last_posted_transaction_or_prior_closing_balance,synb1_txn_7943dc025a75ed44c8740a31,trusted,cn_public_2022_2026_cycles_1_0,public_schedule_without_transaction_override,True,137,2024-07-19,complete
2024-07-19,0.00,6796.18,1,3223469.73,last_posted_transaction_or_prior_closing_balance,synb1_txn_7b7cd2618d2bc1927a50489f,trusted,cn_public_2022_2026_cycles_1_0,public_schedule_without_transaction_override,True,138,2024-07-22,complete
2024-07-20,0.00,0.00,0,3223469.73,last_posted_transaction_or_prior_closing_balance,,trusted,cn_public_2022_2026_cycles_1_0,public_schedule_without_transaction_override,False,,,complete
2024-07-21,0.00,0.00,0,3223469.73,last_posted_transaction_or_prior_closing_balance,,trusted,cn_public_2022_2026_cycles_1_0,public_schedule_without_transaction_override,False,,,complete
2024-07-22,88866.61,0.00,1,3312336.34,last_posted_transaction_or_prior_closing_balance,synb1_txn_8c7fccd973026c2d08aaf253,trusted,cn_public_2022_2026_cycles_1_0,public_schedule_without_transaction_override,True,139,2024-07-23,complete
2024-07-23,640.31,0.00,1,3312976.65,last_posted_transaction_or_prior_closing_balance,synb1_txn_12266d1a32eb9ec2b6ce28e8,trusted,cn_public_2022_2026_cycles_1_0,public_schedule_without_transaction_override,True,140,2024-07-24,complete
2024-07-24,0.00,0.00,0,3312976.65,last_posted_transaction_or_prior_closing_balance,,trusted,cn_public_2022_2026_cycles_1_0,public_schedule_without_transaction_override,True,141,2024-07-25,complete
2024-07-25,0.00,209.49,1,3312767.16,last_posted_transaction_or_prior_closing_balance,synb1_txn_6e07fc916b3d0b69217d99f7,trusted,cn_public_2022_2026_cycles_1_0,public_schedule_without_transaction_override,True,142,2024-07-26,complete
2024-07-26,0.00,0.00,0,3312767.16,last_posted_transaction_or_prior_closing_balance,,trusted,cn_public_2022_2026_cycles_1_0,public_schedule_without_transaction_override,True,143,2024-07-29,complete
2024-07-27,0.00,12290.51,1,3300476.65,last_posted_transaction_or_prior_closing_balance,synb1_txn_6fbbd696e675fc01648e7bb9,trusted,cn_public_2022_2026_cycles_1_0,public_schedule_without_transaction_override,False,,,complete
2024-07-28,165047.05,0.00,3,3465523.70,last_posted_transaction_or_prior_closing_balance,synb1_txn_0da7352862c70ee6c69607aa,trusted,cn_public_2022_2026_cycles_1_0,public_schedule_without_transaction_override,False,,,complete
2024-07-29,0.00,0.00,0,3465523.70,last_posted_transaction_or_prior_closing_balance,,trusted,cn_public_2022_2026_cycles_1_0,public_schedule_without_transaction_override,True,144,2024-07-30,complete
2024-07-30,0.00,0.00,0,3465523.70,last_posted_transaction_or_prior_closing_balance,,trusted,cn_public_2022_2026_cycles_1_0,public_schedule_without_transaction_override,True,145,2024-07-31,complete
2024-07-31,0.00,0.00,0,3465523.70,last_posted_transaction_or_prior_closing_balance,,trusted,cn_public_2022_2026_cycles_1_0,public_schedule_without_transaction_override,True,146,2024-08-01,complete
2024-08-01,0.00,0.00,0,3465523.70,last_posted_transaction_or_prior_closing_balance,,trusted,cn_public_2022_2026_cycles_1_0,public_schedule_without_transaction_override,True,147,2024-08-02,complete
2024-08-02,0.00,0.00,0,3465523.70,last_posted_transaction_or_prior_closing_balance,,trusted,cn_public_2022_2026_cycles_1_0,public_schedule_without_transaction_override,True,148,2024-08-05,complete
2024-08-03,0.00,0.00,0,3465523.70,last_posted_transaction_or_prior_closing_balance,,trusted,cn_public_2022_2026_cycles_1_0,public_schedule_without_transaction_override,False,,,complete
2024-08-04,82648.17,0.00,1,3548171.87,last_posted_transaction_or_prior_closing_balance,synb1_txn_66992437ab8f141af815aa4c,trusted,cn_public_2022_2026_cycles_1_0,public_schedule_without_transaction_override,False,,,complete
2024-08-05,0.00,19500.00,1,3528671.87,last_posted_transaction_or_prior_closing_balance,synb1_txn_6796f13e8bf1a9f51137f803,trusted,cn_public_2022_2026_cycles_1_0,public_schedule_without_transaction_override,True,149,2024-08-06,complete
2024-08-06,0.00,0.00,0,3528671.87,last_posted_transaction_or_prior_closing_balance,,trusted,cn_public_2022_2026_cycles_1_0,public_schedule_without_transaction_override,True,150,2024-08-07,complete
2024-08-07,0.00,82000.00,1,3446671.87,last_posted_transaction_or_prior_closing_balance,synb1_txn_995cf12aa40f5c96adaffd83,trusted,cn_public_2022_2026_cycles_1_0,public_schedule_without_transaction_override,True,151,2024-08-08,complete
2024-08-08,0.00,0.00,0,3446671.87,last_posted_transaction_or_prior_closing_balance,,trusted,cn_public_2022_2026_cycles_1_0,public_schedule_without_transaction_override,True,152,2024-08-09,complete
2024-08-09,0.00,30018.22,1,3416653.65,last_posted_transaction_or_prior_closing_balance,synb1_txn_d0c448e15eb5386fda3e3008,trusted,cn_public_2022_2026_cycles_1_0,public_schedule_without_transaction_override,True,153,2024-08-12,complete
2024-08-10,0.00,4747.93,1,3411905.72,last_posted_transaction_or_prior_closing_balance,synb1_txn_a4bfd134b29e75b9ee23dc7b,trusted,cn_public_2022_2026_cycles_1_0,public_schedule_without_transaction_override,False,,,complete
2024-08-11,0.00,0.00,0,3411905.72,last_posted_transaction_or_prior_closing_balance,,trusted,cn_public_2022_2026_cycles_1_0,public_schedule_without_transaction_override,False,,,complete
2024-08-12,0.00,20.97,1,3411884.75,last_posted_transaction_or_prior_closing_balance,synb1_txn_c260a599bdbe136185226329,trusted,cn_public_2022_2026_cycles_1_0,public_schedule_without_transaction_override,True,154,2024-08-13,complete
2024-08-13,76156.59,39472.97,2,3448568.37,last_posted_transaction_or_prior_closing_balance,synb1_txn_2b3d1761932e95b16cfc5b64,trusted,cn_public_2022_2026_cycles_1_0,public_schedule_without_transaction_override,True,155,2024-08-14,complete
2024-08-14,131021.69,0.00,1,3579590.06,last_posted_transaction_or_prior_closing_balance,synb1_txn_1395c5ec8509c450889a970f,trusted,cn_public_2022_2026_cycles_1_0,public_schedule_without_transaction_override,True,156,2024-08-15,complete
2024-08-15,13590.50,65940.86,2,3527239.70,last_posted_transaction_or_prior_closing_balance,synb1_txn_597c29b29f8d27cb6537da79,trusted,cn_public_2022_2026_cycles_1_0,public_schedule_without_transaction_override,True,157,2024-08-16,complete
2024-08-16,121061.86,0.00,1,3648301.56,last_posted_transaction_or_prior_closing_balance,synb1_txn_98faea89a4dea381c6107474,trusted,cn_public_2022_2026_cycles_1_0,public_schedule_without_transaction_override,True,158,2024-08-19,complete
2024-08-17,0.00,0.00,0,3648301.56,last_posted_transaction_or_prior_closing_balance,,trusted,cn_public_2022_2026_cycles_1_0,public_schedule_without_transaction_override,False,,,complete
2024-08-18,21495.55,83006.08,3,3586791.03,last_posted_transaction_or_prior_closing_balance,synb1_txn_28efb9d54bb27dcfdc4923f4,trusted,cn_public_2022_2026_cycles_1_0,public_schedule_without_transaction_override,False,,,complete
2024-08-19,0.00,47594.01,4,3539197.02,last_posted_transaction_or_prior_closing_balance,synb1_txn_90a628b17bf9cb96dc6cc20d,trusted,cn_public_2022_2026_cycles_1_0,public_schedule_without_transaction_override,True,159,2024-08-20,complete
2024-08-20,0.00,0.00,0,3539197.02,last_posted_transaction_or_prior_closing_balance,,trusted,cn_public_2022_2026_cycles_1_0,public_schedule_without_transaction_override,True,160,2024-08-21,complete
2024-08-21,120517.64,116091.80,2,3543622.86,last_posted_transaction_or_prior_closing_balance,synb1_txn_4a388e15996fd572ce6b25a0,trusted,cn_public_2022_2026_cycles_1_0,public_schedule_without_transaction_override,True,161,2024-08-22,complete
2024-08-22,0.00,0.00,0,3543622.86,last_posted_transaction_or_prior_closing_balance,,trusted,cn_public_2022_2026_cycles_1_0,public_schedule_without_transaction_override,True,162,2024-08-23,complete
2024-08-23,0.00,0.00,0,3543622.86,last_posted_transaction_or_prior_closing_balance,,trusted,cn_public_2022_2026_cycles_1_0,public_schedule_without_transaction_override,True,163,2024-08-26,complete
2024-08-24,0.00,0.00,0,3543622.86,last_posted_transaction_or_prior_closing_balance,,trusted,cn_public_2022_2026_cycles_1_0,public_schedule_without_transaction_override,False,,,complete
2024-08-25,0.00,0.00,0,3543622.86,last_posted_transaction_or_prior_closing_balance,,trusted,cn_public_2022_2026_cycles_1_0,public_schedule_without_transaction_override,False,,,complete
2024-08-26,0.00,0.00,0,3543622.86,last_posted_transaction_or_prior_closing_balance,,trusted,cn_public_2022_2026_cycles_1_0,public_schedule_without_transaction_override,True,164,2024-08-27,complete
2024-08-27,0.00,0.00,0,3543622.86,last_posted_transaction_or_prior_closing_balance,,trusted,cn_public_2022_2026_cycles_1_0,public_schedule_without_transaction_override,True,165,2024-08-28,complete
2024-08-28,0.00,33340.84,3,3510282.02,last_posted_transaction_or_prior_closing_balance,synb1_txn_09443e1a3020d42eeb1b9cbb,trusted,cn_public_2022_2026_cycles_1_0,public_schedule_without_transaction_override,True,166,2024-08-29,complete
2024-08-29,0.00,0.00,0,3510282.02,last_posted_transaction_or_prior_closing_balance,,trusted,cn_public_2022_2026_cycles_1_0,public_schedule_without_transaction_override,True,167,2024-08-30,complete
2024-08-30,0.00,0.00,0,3510282.02,last_posted_transaction_or_prior_closing_balance,,trusted,cn_public_2022_2026_cycles_1_0,public_schedule_without_transaction_override,True,168,2024-09-02,complete
2024-08-31,0.00,0.00,0,3510282.02,last_posted_transaction_or_prior_closing_balance,,trusted,cn_public_2022_2026_cycles_1_0,public_schedule_without_transaction_override,False,,,complete
2024-09-01,0.00,0.00,0,3510282.02,last_posted_transaction_or_prior_closing_balance,,trusted,cn_public_2022_2026_cycles_1_0,public_schedule_without_transaction_override,False,,,complete
2024-09-02,0.00,0.00,0,3510282.02,last_posted_transaction_or_prior_closing_balance,,trusted,cn_public_2022_2026_cycles_1_0,public_schedule_without_transaction_override,True,169,2024-09-03,complete
2024-09-03,0.00,0.00,0,3510282.02,last_posted_transaction_or_prior_closing_balance,,trusted,cn_public_2022_2026_cycles_1_0,public_schedule_without_transaction_override,True,170,2024-09-04,complete
2024-09-04,0.00,14379.99,2,3495902.03,last_posted_transaction_or_prior_closing_balance,synb1_txn_2b24177e56eb808c5cf65835,trusted,cn_public_2022_2026_cycles_1_0,public_schedule_without_transaction_override,True,171,2024-09-05,complete
2024-09-05,8875.30,120073.15,4,3384704.18,last_posted_transaction_or_prior_closing_balance,synb1_txn_ee920a86e9a8a86a129991e6,trusted,cn_public_2022_2026_cycles_1_0,public_schedule_without_transaction_override,True,172,2024-09-06,complete
2024-09-06,0.00,0.00,0,3384704.18,last_posted_transaction_or_prior_closing_balance,,trusted,cn_public_2022_2026_cycles_1_0,public_schedule_without_transaction_override,True,173,2024-09-09,complete
2024-09-07,5505.30,82000.00,2,3308209.48,last_posted_transaction_or_prior_closing_balance,synb1_txn_31df773306efb7cf6d91fe9b,trusted,cn_public_2022_2026_cycles_1_0,public_schedule_without_transaction_override,False,,,complete
2024-09-08,60219.70,0.00,1,3368429.18,last_posted_transaction_or_prior_closing_balance,synb1_txn_fa43783a79abb5459666d0c5,trusted,cn_public_2022_2026_cycles_1_0,public_schedule_without_transaction_override,False,,,complete
2024-09-09,15809.08,0.00,1,3384238.26,last_posted_transaction_or_prior_closing_balance,synb1_txn_732be3c21c812c178d51adfa,trusted,cn_public_2022_2026_cycles_1_0,public_schedule_without_transaction_override,True,174,2024-09-10,complete
2024-09-10,0.00,0.00,0,3384238.26,last_posted_transaction_or_prior_closing_balance,,trusted,cn_public_2022_2026_cycles_1_0,public_schedule_without_transaction_override,True,175,2024-09-11,complete
2024-09-11,0.00,0.00,0,3384238.26,last_posted_transaction_or_prior_closing_balance,,trusted,cn_public_2022_2026_cycles_1_0,public_schedule_without_transaction_override,True,176,2024-09-12,complete
2024-09-12,0.00,0.00,0,3384238.26,last_posted_transaction_or_prior_closing_balance,,trusted,cn_public_2022_2026_cycles_1_0,public_schedule_without_transaction_override,True,177,2024-09-13,complete
2024-09-13,0.00,0.00,0,3384238.26,last_posted_transaction_or_prior_closing_balance,,trusted,cn_public_2022_2026_cycles_1_0,public_schedule_without_transaction_override,True,178,2024-09-14,complete
2024-09-14,133240.68,0.00,1,3517478.94,last_posted_transaction_or_prior_closing_balance,synb1_txn_eeae6e5347db45153fe11f86,trusted,cn_public_2022_2026_cycles_1_0,public_schedule_without_transaction_override,True,179,2024-09-18,complete
2024-09-15,0.00,0.00,0,3517478.94,last_posted_transaction_or_prior_closing_balance,,trusted,cn_public_2022_2026_cycles_1_0,public_schedule_without_transaction_override,False,,,complete
2024-09-16,0.00,10164.02,1,3507314.92,last_posted_transaction_or_prior_closing_balance,synb1_txn_0d942cfe80c4fd607d739b63,trusted,cn_public_2022_2026_cycles_1_0,public_schedule_without_transaction_override,False,,,complete
2024-09-17,83343.20,0.00,1,3590658.12,last_posted_transaction_or_prior_closing_balance,synb1_txn_2a36f069336557772556b169,trusted,cn_public_2022_2026_cycles_1_0,public_schedule_without_transaction_override,False,,,complete
2024-09-18,201750.19,13875.43,5,3778532.88,last_posted_transaction_or_prior_closing_balance,synb1_txn_55940fea43dd8cec2d241dbc,trusted,cn_public_2022_2026_cycles_1_0,public_schedule_without_transaction_override,True,180,2024-09-19,complete
2024-09-19,0.00,22680.49,1,3755852.39,last_posted_transaction_or_prior_closing_balance,synb1_txn_d9b88087f187931ac3b47e2c,trusted,cn_public_2022_2026_cycles_1_0,public_schedule_without_transaction_override,True,181,2024-09-20,complete
2024-09-20,2452.94,30611.81,2,3727693.52,last_posted_transaction_or_prior_closing_balance,synb1_txn_ad2e75be50a415461ac60923,trusted,cn_public_2022_2026_cycles_1_0,public_schedule_without_transaction_override,True,182,2024-09-23,complete
2024-09-21,0.00,390.11,1,3727303.41,last_posted_transaction_or_prior_closing_balance,synb1_txn_50e4433fe2a19106ca6d6347,trusted,cn_public_2022_2026_cycles_1_0,public_schedule_without_transaction_override,False,,,complete
2024-09-22,0.00,80945.76,1,3646357.65,last_posted_transaction_or_prior_closing_balance,synb1_txn_87008db38f168e5bc43d31aa,trusted,cn_public_2022_2026_cycles_1_0,public_schedule_without_transaction_override,False,,,complete
2024-09-23,0.00,0.00,0,3646357.65,last_posted_transaction_or_prior_closing_balance,,trusted,cn_public_2022_2026_cycles_1_0,public_schedule_without_transaction_override,True,183,2024-09-24,complete
2024-09-24,0.00,0.00,0,3646357.65,last_posted_transaction_or_prior_closing_balance,,trusted,cn_public_2022_2026_cycles_1_0,public_schedule_without_transaction_override,True,184,2024-09-25,complete
2024-09-25,0.00,6065.56,1,3640292.09,last_posted_transaction_or_prior_closing_balance,synb1_txn_5820e08aa4e464800ded74c7,trusted,cn_public_2022_2026_cycles_1_0,public_schedule_without_transaction_override,True,185,2024-09-26,complete
2024-09-26,15085.61,87697.31,2,3567680.39,last_posted_transaction_or_prior_closing_balance,synb1_txn_0c0d0309b5f9c2fcb746f04f,trusted,cn_public_2022_2026_cycles_1_0,public_schedule_without_transaction_override,True,186,2024-09-27,complete
2024-09-27,0.00,0.00,0,3567680.39,last_posted_transaction_or_prior_closing_balance,,trusted,cn_public_2022_2026_cycles_1_0,public_schedule_without_transaction_override,True,187,2024-09-29,complete
2024-09-28,0.00,0.00,0,3567680.39,last_posted_transaction_or_prior_closing_balance,,trusted,cn_public_2022_2026_cycles_1_0,public_schedule_without_transaction_override,False,,,complete
2024-09-29,0.00,0.00,0,3567680.39,last_posted_transaction_or_prior_closing_balance,,trusted,cn_public_2022_2026_cycles_1_0,public_schedule_without_transaction_override,True,188,2024-09-30,complete
2024-09-30,0.00,0.00,0,3567680.39,last_posted_transaction_or_prior_closing_balance,,trusted,cn_public_2022_2026_cycles_1_0,public_schedule_without_transaction_override,True,189,2024-10-08,complete
2024-10-01,0.00,0.00,0,3567680.39,last_posted_transaction_or_prior_closing_balance,,trusted,cn_public_2022_2026_cycles_1_0,public_schedule_without_transaction_override,False,,,complete
2024-10-02,0.00,5842.70,1,3561837.69,last_posted_transaction_or_prior_closing_balance,synb1_txn_8673794ac2d2984aae4a831f,trusted,cn_public_2022_2026_cycles_1_0,public_schedule_without_transaction_override,False,,,complete
2024-10-03,37344.31,33939.69,2,3565242.31,last_posted_transaction_or_prior_closing_balance,synb1_txn_1c3491ce8d2f972b7b798740,trusted,cn_public_2022_2026_cycles_1_0,public_schedule_without_transaction_override,False,,,complete
2024-10-04,0.00,0.00,0,3565242.31,last_posted_transaction_or_prior_closing_balance,,trusted,cn_public_2022_2026_cycles_1_0,public_schedule_without_transaction_override,False,,,complete
2024-10-05,21133.78,19500.00,2,3566876.09,last_posted_transaction_or_prior_closing_balance,synb1_txn_87e07b2d19d928b4fdc71523,trusted,cn_public_2022_2026_cycles_1_0,public_schedule_without_transaction_override,False,,,complete
2024-10-06,0.00,0.00,0,3566876.09,last_posted_transaction_or_prior_closing_balance,,trusted,cn_public_2022_2026_cycles_1_0,public_schedule_without_transaction_override,False,,,complete
2024-10-07,2941.47,87152.55,3,3482665.01,last_posted_transaction_or_prior_closing_balance,synb1_txn_fc1f4ca1a1612c1494301ae0,trusted,cn_public_2022_2026_cycles_1_0,public_schedule_without_transaction_override,False,,,complete
2024-10-08,0.00,89092.51,2,3393572.50,last_posted_transaction_or_prior_closing_balance,synb1_txn_d63a54cc6ca4c6d922380760,trusted,cn_public_2022_2026_cycles_1_0,public_schedule_without_transaction_override,True,190,2024-10-09,complete
2024-10-09,19404.65,4557.85,3,3408419.30,last_posted_transaction_or_prior_closing_balance,synb1_txn_2d66cb406eaaa8f22b3dc0f6,trusted,cn_public_2022_2026_cycles_1_0,public_schedule_without_transaction_override,True,191,2024-10-10,complete
2024-10-10,0.00,0.00,0,3408419.30,last_posted_transaction_or_prior_closing_balance,,trusted,cn_public_2022_2026_cycles_1_0,public_schedule_without_transaction_override,True,192,2024-10-11,complete
2024-10-11,2744.23,34456.35,2,3376707.18,last_posted_transaction_or_prior_closing_balance,synb1_txn_23d4de343bc08c99915af8fc,trusted,cn_public_2022_2026_cycles_1_0,public_schedule_without_transaction_override,True,193,2024-10-12,complete
2024-10-12,137016.68,0.00,1,3513723.86,last_posted_transaction_or_prior_closing_balance,synb1_txn_9fd3e30e5f94ce5e0c5609aa,trusted,cn_public_2022_2026_cycles_1_0,public_schedule_without_transaction_override,True,194,2024-10-14,complete
2024-10-13,0.00,0.00,0,3513723.86,last_posted_transaction_or_prior_closing_balance,,trusted,cn_public_2022_2026_cycles_1_0,public_schedule_without_transaction_override,False,,,complete
2024-10-14,0.00,0.00,0,3513723.86,last_posted_transaction_or_prior_closing_balance,,trusted,cn_public_2022_2026_cycles_1_0,public_schedule_without_transaction_override,True,195,2024-10-15,complete
2024-10-15,0.00,0.00,0,3513723.86,last_posted_transaction_or_prior_closing_balance,,trusted,cn_public_2022_2026_cycles_1_0,public_schedule_without_transaction_override,True,196,2024-10-16,complete
2024-10-16,24977.20,0.00,1,3538701.06,last_posted_transaction_or_prior_closing_balance,synb1_txn_2813d05843cb510c937e6a81,trusted,cn_public_2022_2026_cycles_1_0,public_schedule_without_transaction_override,True,197,2024-10-17,complete
2024-10-17,0.00,0.00,0,3538701.06,last_posted_transaction_or_prior_closing_balance,,trusted,cn_public_2022_2026_cycles_1_0,public_schedule_without_transaction_override,True,198,2024-10-18,complete
2024-10-18,421782.15,52944.36,6,3907538.85,last_posted_transaction_or_prior_closing_balance,synb1_txn_5947222521d028332b51bcfb,trusted,cn_public_2022_2026_cycles_1_0,public_schedule_without_transaction_override,True,199,2024-10-21,complete
2024-10-19,351008.09,0.00,1,4258546.94,last_posted_transaction_or_prior_closing_balance,synb1_txn_dd9ca407d0124a3d1d564c80,trusted,cn_public_2022_2026_cycles_1_0,public_schedule_without_transaction_override,False,,,complete
2024-10-20,70884.00,0.00,2,4329430.94,last_posted_transaction_or_prior_closing_balance,synb1_txn_9bee1074f9cc0cba2d4a7015,trusted,cn_public_2022_2026_cycles_1_0,public_schedule_without_transaction_override,False,,,complete
2024-10-21,0.00,1314.85,2,4328116.09,last_posted_transaction_or_prior_closing_balance,synb1_txn_2bb6e011f9b8c0b4c86ae5d0,trusted,cn_public_2022_2026_cycles_1_0,public_schedule_without_transaction_override,True,200,2024-10-22,complete
2024-10-22,0.00,0.00,0,4328116.09,last_posted_transaction_or_prior_closing_balance,,trusted,cn_public_2022_2026_cycles_1_0,public_schedule_without_transaction_override,True,201,2024-10-23,complete
2024-10-23,63585.44,0.00,1,4391701.53,last_posted_transaction_or_prior_closing_balance,synb1_txn_3dde5bdd5c9f27294c988806,trusted,cn_public_2022_2026_cycles_1_0,public_schedule_without_transaction_override,True,202,2024-10-24,complete
2024-10-24,0.00,0.00,0,4391701.53,last_posted_transaction_or_prior_closing_balance,,trusted,cn_public_2022_2026_cycles_1_0,public_schedule_without_transaction_override,True,203,2024-10-25,complete
2024-10-25,0.00,172193.95,1,4219507.58,last_posted_transaction_or_prior_closing_balance,synb1_txn_e4636ac2555fc243d3f07946,trusted,cn_public_2022_2026_cycles_1_0,public_schedule_without_transaction_override,True,204,2024-10-28,complete
2024-10-26,0.00,279671.29,2,3939836.29,last_posted_transaction_or_prior_closing_balance,synb1_txn_98cf1f1fdbbe5232ba1b2d2d,trusted,cn_public_2022_2026_cycles_1_0,public_schedule_without_transaction_override,False,,,complete
2024-10-27,0.00,91286.52,2,3848549.77,last_posted_transaction_or_prior_closing_balance,synb1_txn_52aea0e9a8b47f43bbe13d88,trusted,cn_public_2022_2026_cycles_1_0,public_schedule_without_transaction_override,False,,,complete
2024-10-28,0.00,0.00,0,3848549.77,last_posted_transaction_or_prior_closing_balance,,trusted,cn_public_2022_2026_cycles_1_0,public_schedule_without_transaction_override,True,205,2024-10-29,complete
2024-10-29,0.00,0.00,0,3848549.77,last_posted_transaction_or_prior_closing_balance,,trusted,cn_public_2022_2026_cycles_1_0,public_schedule_without_transaction_override,True,206,2024-10-30,complete
2024-10-30,0.00,0.00,0,3848549.77,last_posted_transaction_or_prior_closing_balance,,trusted,cn_public_2022_2026_cycles_1_0,public_schedule_without_transaction_override,True,207,2024-10-31,complete
2024-10-31,0.00,0.00,0,3848549.77,last_posted_transaction_or_prior_closing_balance,,trusted,cn_public_2022_2026_cycles_1_0,public_schedule_without_transaction_override,True,208,2024-11-01,complete
2024-11-01,0.00,0.00,0,3848549.77,last_posted_transaction_or_prior_closing_balance,,trusted,cn_public_2022_2026_cycles_1_0,public_schedule_without_transaction_override,True,209,2024-11-04,complete
2024-11-02,0.00,137360.44,1,3711189.33,last_posted_transaction_or_prior_closing_balance,synb1_txn_d02d79269e2b41c5e9b96294,trusted,cn_public_2022_2026_cycles_1_0,public_schedule_without_transaction_override,False,,,complete
2024-11-03,5697.77,0.00,1,3716887.10,last_posted_transaction_or_prior_closing_balance,synb1_txn_cd65a5a6649f32139f2dc2f2,trusted,cn_public_2022_2026_cycles_1_0,public_schedule_without_transaction_override,False,,,complete
2024-11-04,18368.49,204536.96,3,3530718.63,last_posted_transaction_or_prior_closing_balance,synb1_txn_16776555cc166d0662da6e84,trusted,cn_public_2022_2026_cycles_1_0,public_schedule_without_transaction_override,True,210,2024-11-05,complete
2024-11-05,0.00,731169.00,2,2799549.63,last_posted_transaction_or_prior_closing_balance,synb1_txn_04cb466cb08d913cb4b70ecb,trusted,cn_public_2022_2026_cycles_1_0,public_schedule_without_transaction_override,True,211,2024-11-06,complete
2024-11-06,23504.38,0.00,1,2823054.01,last_posted_transaction_or_prior_closing_balance,synb1_txn_331fdf55d868150d4ff511f8,trusted,cn_public_2022_2026_cycles_1_0,public_schedule_without_transaction_override,True,212,2024-11-07,complete
2024-11-07,0.00,84000.00,1,2739054.01,last_posted_transaction_or_prior_closing_balance,synb1_txn_6363b2e7b8606afe09a132c6,trusted,cn_public_2022_2026_cycles_1_0,public_schedule_without_transaction_override,True,213,2024-11-08,complete
2024-11-08,0.00,0.00,0,2739054.01,last_posted_transaction_or_prior_closing_balance,,trusted,cn_public_2022_2026_cycles_1_0,public_schedule_without_transaction_override,True,214,2024-11-11,complete
2024-11-09,0.00,0.00,0,2739054.01,last_posted_transaction_or_prior_closing_balance,,trusted,cn_public_2022_2026_cycles_1_0,public_schedule_without_transaction_override,False,,,complete
2024-11-10,0.00,0.00,0,2739054.01,last_posted_transaction_or_prior_closing_balance,,trusted,cn_public_2022_2026_cycles_1_0,public_schedule_without_transaction_override,False,,,complete
2024-11-11,0.00,0.00,0,2739054.01,last_posted_transaction_or_prior_closing_balance,,trusted,cn_public_2022_2026_cycles_1_0,public_schedule_without_transaction_override,True,215,2024-11-12,complete
2024-11-12,0.00,55132.65,1,2683921.36,last_posted_transaction_or_prior_closing_balance,synb1_txn_0f0495f233f95a28f2b5579c,trusted,cn_public_2022_2026_cycles_1_0,public_schedule_without_transaction_override,True,216,2024-11-13,complete
2024-11-13,415377.23,0.00,1,3099298.59,last_posted_transaction_or_prior_closing_balance,synb1_txn_e2757ae532881c3b28b44218,trusted,cn_public_2022_2026_cycles_1_0,public_schedule_without_transaction_override,True,217,2024-11-14,complete
2024-11-14,0.00,0.00,0,3099298.59,last_posted_transaction_or_prior_closing_balance,,trusted,cn_public_2022_2026_cycles_1_0,public_schedule_without_transaction_override,True,218,2024-11-15,complete
2024-11-15,0.00,0.00,0,3099298.59,last_posted_transaction_or_prior_closing_balance,,trusted,cn_public_2022_2026_cycles_1_0,public_schedule_without_transaction_override,True,219,2024-11-18,complete
2024-11-16,622.73,9117.62,2,3090803.70,last_posted_transaction_or_prior_closing_balance,synb1_txn_d1c29c537a8b3abba378f7cb,trusted,cn_public_2022_2026_cycles_1_0,public_schedule_without_transaction_override,False,,,complete
2024-11-17,0.00,0.00,0,3090803.70,last_posted_transaction_or_prior_closing_balance,,trusted,cn_public_2022_2026_cycles_1_0,public_schedule_without_transaction_override,False,,,complete
2024-11-18,0.00,91998.45,3,2998805.25,last_posted_transaction_or_prior_closing_balance,synb1_txn_294626169fe21d1314041ca3,trusted,cn_public_2022_2026_cycles_1_0,public_schedule_without_transaction_override,True,220,2024-11-19,complete
2024-11-19,0.00,0.00,0,2998805.25,last_posted_transaction_or_prior_closing_balance,,trusted,cn_public_2022_2026_cycles_1_0,public_schedule_without_transaction_override,True,221,2024-11-20,complete
2024-11-20,62760.97,0.00,2,3061566.22,last_posted_transaction_or_prior_closing_balance,synb1_txn_3950034d17f7248ce39c6393,trusted,cn_public_2022_2026_cycles_1_0,public_schedule_without_transaction_override,True,222,2024-11-21,complete
2024-11-21,123882.07,0.00,1,3185448.29,last_posted_transaction_or_prior_closing_balance,synb1_txn_e02b3107a4fa8d86b30b1723,trusted,cn_public_2022_2026_cycles_1_0,public_schedule_without_transaction_override,True,223,2024-11-22,complete
2024-11-22,193261.94,5882.38,4,3372827.85,last_posted_transaction_or_prior_closing_balance,synb1_txn_da6838dbe6b8539bb2bf40eb,trusted,cn_public_2022_2026_cycles_1_0,public_schedule_without_transaction_override,True,224,2024-11-25,complete
2024-11-23,0.00,0.00,0,3372827.85,last_posted_transaction_or_prior_closing_balance,,trusted,cn_public_2022_2026_cycles_1_0,public_schedule_without_transaction_override,False,,,complete
2024-11-24,24716.16,0.00,2,3397544.01,last_posted_transaction_or_prior_closing_balance,synb1_txn_7e51d030689be5924849cbe0,trusted,cn_public_2022_2026_cycles_1_0,public_schedule_without_transaction_override,False,,,complete
2024-11-25,0.00,0.00,0,3397544.01,last_posted_transaction_or_prior_closing_balance,,trusted,cn_public_2022_2026_cycles_1_0,public_schedule_without_transaction_override,True,225,2024-11-26,complete
2024-11-26,49902.26,0.00,2,3447446.27,last_posted_transaction_or_prior_closing_balance,synb1_txn_05cdb12f11a529fb814d9921,trusted,cn_public_2022_2026_cycles_1_0,public_schedule_without_transaction_override,True,226,2024-11-27,complete
2024-11-27,0.00,0.00,0,3447446.27,last_posted_transaction_or_prior_closing_balance,,trusted,cn_public_2022_2026_cycles_1_0,public_schedule_without_transaction_override,True,227,2024-11-28,complete
2024-11-28,0.00,0.00,0,3447446.27,last_posted_transaction_or_prior_closing_balance,,trusted,cn_public_2022_2026_cycles_1_0,public_schedule_without_transaction_override,True,228,2024-11-29,complete
2024-11-29,0.00,0.00,0,3447446.27,last_posted_transaction_or_prior_closing_balance,,trusted,cn_public_2022_2026_cycles_1_0,public_schedule_without_transaction_override,True,229,2024-12-02,complete
2024-11-30,0.00,0.00,0,3447446.27,last_posted_transaction_or_prior_closing_balance,,trusted,cn_public_2022_2026_cycles_1_0,public_schedule_without_transaction_override,False,,,complete
2024-12-01,0.00,0.00,0,3447446.27,last_posted_transaction_or_prior_closing_balance,,trusted,cn_public_2022_2026_cycles_1_0,public_schedule_without_transaction_override,False,,,complete
2024-12-02,30083.57,0.00,1,3477529.84,last_posted_transaction_or_prior_closing_balance,synb1_txn_2159bd78afa9abb83d30776c,trusted,cn_public_2022_2026_cycles_1_0,public_schedule_without_transaction_override,True,230,2024-12-03,complete
2024-12-03,3499.02,7547.70,2,3473481.16,last_posted_transaction_or_prior_closing_balance,synb1_txn_746238d3935e7ef8c262493d,trusted,cn_public_2022_2026_cycles_1_0,public_schedule_without_transaction_override,True,231,2024-12-04,complete
2024-12-04,31154.93,65234.29,5,3439401.80,last_posted_transaction_or_prior_closing_balance,synb1_txn_4ba0b75bdc4373a6cb7703b5,trusted,cn_public_2022_2026_cycles_1_0,public_schedule_without_transaction_override,True,232,2024-12-05,complete
2024-12-05,59541.28,19500.00,2,3479443.08,last_posted_transaction_or_prior_closing_balance,synb1_txn_508073378107e1bcde10cc6c,trusted,cn_public_2022_2026_cycles_1_0,public_schedule_without_transaction_override,True,233,2024-12-06,complete
2024-12-06,269327.27,816.63,3,3747953.72,last_posted_transaction_or_prior_closing_balance,synb1_txn_1309b0c3654acd9167683835,trusted,cn_public_2022_2026_cycles_1_0,public_schedule_without_transaction_override,True,234,2024-12-09,complete
2024-12-07,531.52,84000.00,2,3664485.24,last_posted_transaction_or_prior_closing_balance,synb1_txn_8f8592b2ea1ce0f85ef93e0d,trusted,cn_public_2022_2026_cycles_1_0,public_schedule_without_transaction_override,False,,,complete
2024-12-08,107771.59,30575.66,3,3741681.17,last_posted_transaction_or_prior_closing_balance,synb1_txn_8e7f7d8184e8a6eccc8360a4,trusted,cn_public_2022_2026_cycles_1_0,public_schedule_without_transaction_override,False,,,complete
2024-12-09,0.00,0.00,0,3741681.17,last_posted_transaction_or_prior_closing_balance,,trusted,cn_public_2022_2026_cycles_1_0,public_schedule_without_transaction_override,True,235,2024-12-10,complete
2024-12-10,82127.82,38790.60,3,3785018.39,last_posted_transaction_or_prior_closing_balance,synb1_txn_d23093cee0d2fc60d9d1f71b,trusted,cn_public_2022_2026_cycles_1_0,public_schedule_without_transaction_override,True,236,2024-12-11,complete
2024-12-11,0.00,0.00,0,3785018.39,last_posted_transaction_or_prior_closing_balance,,trusted,cn_public_2022_2026_cycles_1_0,public_schedule_without_transaction_override,True,237,2024-12-12,complete
2024-12-12,15806.38,0.00,1,3800824.77,last_posted_transaction_or_prior_closing_balance,synb1_txn_460137b28ca46dc6c716f141,trusted,cn_public_2022_2026_cycles_1_0,public_schedule_without_transaction_override,True,238,2024-12-13,complete
2024-12-13,0.00,0.00,0,3800824.77,last_posted_transaction_or_prior_closing_balance,,trusted,cn_public_2022_2026_cycles_1_0,public_schedule_without_transaction_override,True,239,2024-12-16,complete
2024-12-14,0.00,0.00,0,3800824.77,last_posted_transaction_or_prior_closing_balance,,trusted,cn_public_2022_2026_cycles_1_0,public_schedule_without_transaction_override,False,,,complete
2024-12-15,48388.41,0.00,1,3849213.18,last_posted_transaction_or_prior_closing_balance,synb1_txn_ba45bba3f9e253cdea67644d,trusted,cn_public_2022_2026_cycles_1_0,public_schedule_without_transaction_override,False,,,complete
2024-12-16,26591.34,0.00,1,3875804.52,last_posted_transaction_or_prior_closing_balance,synb1_txn_a999eec4c5017f84eda6c9ad,trusted,cn_public_2022_2026_cycles_1_0,public_schedule_without_transaction_override,True,240,2024-12-17,complete
2024-12-17,6640.12,0.00,1,3882444.64,last_posted_transaction_or_prior_closing_balance,synb1_txn_1a0ea83b4efc73425cb0e7c1,trusted,cn_public_2022_2026_cycles_1_0,public_schedule_without_transaction_override,True,241,2024-12-18,complete
2024-12-18,0.00,101508.31,4,3780936.33,last_posted_transaction_or_prior_closing_balance,synb1_txn_c070cbc5d68ad7102e6d79b7,trusted,cn_public_2022_2026_cycles_1_0,public_schedule_without_transaction_override,True,242,2024-12-19,complete
2024-12-19,0.00,0.00,0,3780936.33,last_posted_transaction_or_prior_closing_balance,,trusted,cn_public_2022_2026_cycles_1_0,public_schedule_without_transaction_override,True,243,2024-12-20,complete
2024-12-20,0.00,0.00,0,3780936.33,last_posted_transaction_or_prior_closing_balance,,trusted,cn_public_2022_2026_cycles_1_0,public_schedule_without_transaction_override,True,244,2024-12-23,complete
2024-12-21,0.00,0.00,0,3780936.33,last_posted_transaction_or_prior_closing_balance,,trusted,cn_public_2022_2026_cycles_1_0,public_schedule_without_transaction_override,False,,,complete
2024-12-22,0.00,58518.13,1,3722418.20,last_posted_transaction_or_prior_closing_balance,synb1_txn_241079f20b4ad8a7c3403d0f,trusted,cn_public_2022_2026_cycles_1_0,public_schedule_without_transaction_override,False,,,complete
2024-12-23,0.00,0.00,0,3722418.20,last_posted_transaction_or_prior_closing_balance,,trusted,cn_public_2022_2026_cycles_1_0,public_schedule_without_transaction_override,True,245,2024-12-24,complete
2024-12-24,0.00,140406.13,4,3582012.07,last_posted_transaction_or_prior_closing_balance,synb1_txn_73e5ea79da5038ee9ff54ef5,trusted,cn_public_2022_2026_cycles_1_0,public_schedule_without_transaction_override,True,246,2024-12-25,complete
2024-12-25,0.00,0.00,0,3582012.07,last_posted_transaction_or_prior_closing_balance,,trusted,cn_public_2022_2026_cycles_1_0,public_schedule_without_transaction_override,True,247,2024-12-26,complete
2024-12-26,72436.75,15985.26,3,3638463.56,last_posted_transaction_or_prior_closing_balance,synb1_txn_2a3e91186bf11a9e8eb4efc7,trusted,cn_public_2022_2026_cycles_1_0,public_schedule_without_transaction_override,True,248,2024-12-27,complete
2024-12-27,0.00,0.00,0,3638463.56,last_posted_transaction_or_prior_closing_balance,,trusted,cn_public_2022_2026_cycles_1_0,public_schedule_without_transaction_override,True,249,2024-12-30,complete
2024-12-28,0.00,0.00,0,3638463.56,last_posted_transaction_or_prior_closing_balance,,trusted,cn_public_2022_2026_cycles_1_0,public_schedule_without_transaction_override,False,,,complete
2024-12-29,0.00,0.00,0,3638463.56,last_posted_transaction_or_prior_closing_balance,,trusted,cn_public_2022_2026_cycles_1_0,public_schedule_without_transaction_override,False,,,complete
2024-12-30,0.00,0.00,0,3638463.56,last_posted_transaction_or_prior_closing_balance,,trusted,cn_public_2022_2026_cycles_1_0,public_schedule_without_transaction_override,True,250,2024-12-31,complete
2024-12-31,0.00,0.00,0,3638463.56,last_posted_transaction_or_prior_closing_balance,,trusted,cn_public_2022_2026_cycles_1_0,public_schedule_without_transaction_override,True,251,2025-01-02,complete
2025-01-01,0.00,0.00,0,3638463.56,last_posted_transaction_or_prior_closing_balance,,trusted,cn_public_2022_2026_cycles_1_0,public_schedule_without_transaction_override,False,,,complete
2025-01-02,0.00,0.00,0,3638463.56,last_posted_transaction_or_prior_closing_balance,,trusted,cn_public_2022_2026_cycles_1_0,public_schedule_without_transaction_override,True,252,2025-01-03,complete
2025-01-03,8735.58,167071.96,4,3480127.18,last_posted_transaction_or_prior_closing_balance,synb1_txn_a4003479d9efecaf9c5a9730,trusted,cn_public_2022_2026_cycles_1_0,public_schedule_without_transaction_override,True,253,2025-01-06,complete
2025-01-04,0.00,0.00,0,3480127.18,last_posted_transaction_or_prior_closing_balance,,trusted,cn_public_2022_2026_cycles_1_0,public_schedule_without_transaction_override,False,,,complete
2025-01-05,0.00,20460.69,2,3459666.49,last_posted_transaction_or_prior_closing_balance,synb1_txn_5a2958ba049846c40c3dde72,trusted,cn_public_2022_2026_cycles_1_0,public_schedule_without_transaction_override,False,,,complete
2025-01-06,0.00,64801.45,1,3394865.04,last_posted_transaction_or_prior_closing_balance,synb1_txn_fbc1c02899a535753e6cdd01,trusted,cn_public_2022_2026_cycles_1_0,public_schedule_without_transaction_override,True,254,2025-01-07,complete
2025-01-07,0.00,102684.71,3,3292180.33,last_posted_transaction_or_prior_closing_balance,synb1_txn_66ca09b053734f515be325e1,trusted,cn_public_2022_2026_cycles_1_0,public_schedule_without_transaction_override,True,255,2025-01-08,complete
2025-01-08,0.00,0.00,0,3292180.33,last_posted_transaction_or_prior_closing_balance,,trusted,cn_public_2022_2026_cycles_1_0,public_schedule_without_transaction_override,True,256,2025-01-09,complete
2025-01-09,58986.71,0.00,1,3351167.04,last_posted_transaction_or_prior_closing_balance,synb1_txn_2de93c61d10a4c2c79e75012,trusted,cn_public_2022_2026_cycles_1_0,public_schedule_without_transaction_override,True,257,2025-01-10,complete
2025-01-10,59968.12,84262.37,3,3326872.79,last_posted_transaction_or_prior_closing_balance,synb1_txn_0e3a326f1c6a921ebdca92d0,trusted,cn_public_2022_2026_cycles_1_0,public_schedule_without_transaction_override,True,258,2025-01-13,complete
2025-01-11,1016.71,0.00,1,3327889.50,last_posted_transaction_or_prior_closing_balance,synb1_txn_c649ff9a367fc81a7ffdde36,trusted,cn_public_2022_2026_cycles_1_0,public_schedule_without_transaction_override,False,,,complete
2025-01-12,0.00,0.00,0,3327889.50,last_posted_transaction_or_prior_closing_balance,,trusted,cn_public_2022_2026_cycles_1_0,public_schedule_without_transaction_override,False,,,complete
2025-01-13,0.00,0.00,0,3327889.50,last_posted_transaction_or_prior_closing_balance,,trusted,cn_public_2022_2026_cycles_1_0,public_schedule_without_transaction_override,True,259,2025-01-14,complete
2025-01-14,0.00,0.00,0,3327889.50,last_posted_transaction_or_prior_closing_balance,,trusted,cn_public_2022_2026_cycles_1_0,public_schedule_without_transaction_override,True,260,2025-01-15,complete
2025-01-15,0.00,32000.29,2,3295889.21,last_posted_transaction_or_prior_closing_balance,synb1_txn_c9359cac010c4946ca9e6c5e,trusted,cn_public_2022_2026_cycles_1_0,public_schedule_without_transaction_override,True,261,2025-01-16,complete
2025-01-16,0.00,121314.44,1,3174574.77,last_posted_transaction_or_prior_closing_balance,synb1_txn_1a4c825ee8f00c2134f4e692,trusted,cn_public_2022_2026_cycles_1_0,public_schedule_without_transaction_override,True,262,2025-01-17,complete
2025-01-17,0.00,216.84,1,3174357.93,last_posted_transaction_or_prior_closing_balance,synb1_txn_479fe658e27ce265db01bdc7,trusted,cn_public_2022_2026_cycles_1_0,public_schedule_without_transaction_override,True,263,2025-01-20,complete
2025-01-18,0.00,0.00,0,3174357.93,last_posted_transaction_or_prior_closing_balance,,trusted,cn_public_2022_2026_cycles_1_0,public_schedule_without_transaction_override,False,,,complete
2025-01-19,0.00,0.00,0,3174357.93,last_posted_transaction_or_prior_closing_balance,,trusted,cn_public_2022_2026_cycles_1_0,public_schedule_without_transaction_override,False,,,complete
2025-01-20,0.00,6590.23,3,3167767.70,last_posted_transaction_or_prior_closing_balance,synb1_txn_7454e215aceb3c8c333e62c5,trusted,cn_public_2022_2026_cycles_1_0,public_schedule_without_transaction_override,True,264,2025-01-21,complete
2025-01-21,148087.57,0.00,3,3315855.27,last_posted_transaction_or_prior_closing_balance,synb1_txn_6ed3b89d90d2cbf003a7fd0c,trusted,cn_public_2022_2026_cycles_1_0,public_schedule_without_transaction_override,True,265,2025-01-22,complete
2025-01-22,2953.50,0.00,1,3318808.77,last_posted_transaction_or_prior_closing_balance,synb1_txn_83e900b3f112430b6774d343,trusted,cn_public_2022_2026_cycles_1_0,public_schedule_without_transaction_override,True,266,2025-01-23,complete
2025-01-23,0.00,4856.96,1,3313951.81,last_posted_transaction_or_prior_closing_balance,synb1_txn_16158d6c46b8f8dd152748c9,trusted,cn_public_2022_2026_cycles_1_0,public_schedule_without_transaction_override,True,267,2025-01-24,complete
2025-01-24,0.00,0.00,0,3313951.81,last_posted_transaction_or_prior_closing_balance,,trusted,cn_public_2022_2026_cycles_1_0,public_schedule_without_transaction_override,True,268,2025-01-26,complete
2025-01-25,12247.73,0.00,1,3326199.54,last_posted_transaction_or_prior_closing_balance,synb1_txn_63f25fe9e933e94dd8f0f0bc,trusted,cn_public_2022_2026_cycles_1_0,public_schedule_without_transaction_override,False,,,complete
2025-01-26,99346.77,0.00,1,3425546.31,last_posted_transaction_or_prior_closing_balance,synb1_txn_b7d64ae0710f67e9a20bbb16,trusted,cn_public_2022_2026_cycles_1_0,public_schedule_without_transaction_override,True,269,2025-01-27,complete
2025-01-27,18537.31,4370.17,2,3439713.45,last_posted_transaction_or_prior_closing_balance,synb1_txn_e64e455ef0c4c6796d6eba27,trusted,cn_public_2022_2026_cycles_1_0,public_schedule_without_transaction_override,True,270,2025-02-05,complete
2025-01-28,0.00,0.00,0,3439713.45,last_posted_transaction_or_prior_closing_balance,,trusted,cn_public_2022_2026_cycles_1_0,public_schedule_without_transaction_override,False,,,complete
2025-01-29,0.00,0.00,0,3439713.45,last_posted_transaction_or_prior_closing_balance,,trusted,cn_public_2022_2026_cycles_1_0,public_schedule_without_transaction_override,False,,,complete
2025-01-30,0.00,0.00,0,3439713.45,last_posted_transaction_or_prior_closing_balance,,trusted,cn_public_2022_2026_cycles_1_0,public_schedule_without_transaction_override,False,,,complete
2025-01-31,0.00,0.00,0,3439713.45,last_posted_transaction_or_prior_closing_balance,,trusted,cn_public_2022_2026_cycles_1_0,public_schedule_without_transaction_override,False,,,complete
2025-02-01,0.00,0.00,0,3439713.45,last_posted_transaction_or_prior_closing_balance,,trusted,cn_public_2022_2026_cycles_1_0,public_schedule_without_transaction_override,False,,,complete
2025-02-02,161777.68,0.00,1,3601491.13,last_posted_transaction_or_prior_closing_balance,synb1_txn_60d7dd4590007660bb6aaf04,trusted,cn_public_2022_2026_cycles_1_0,public_schedule_without_transaction_override,False,,,complete
2025-02-03,0.00,0.00,0,3601491.13,last_posted_transaction_or_prior_closing_balance,,trusted,cn_public_2022_2026_cycles_1_0,public_schedule_without_transaction_override,False,,,complete
2025-02-04,0.00,836.81,1,3600654.32,last_posted_transaction_or_prior_closing_balance,synb1_txn_05dbef30fdde41b8f7caa390,trusted,cn_public_2022_2026_cycles_1_0,public_schedule_without_transaction_override,False,,,complete
2025-02-05,0.00,34063.31,4,3566591.01,last_posted_transaction_or_prior_closing_balance,synb1_txn_bfec0cc0cc2505dfc516333b,trusted,cn_public_2022_2026_cycles_1_0,public_schedule_without_transaction_override,True,271,2025-02-06,complete
2025-02-06,0.00,0.00,0,3566591.01,last_posted_transaction_or_prior_closing_balance,,trusted,cn_public_2022_2026_cycles_1_0,public_schedule_without_transaction_override,True,272,2025-02-07,complete
2025-02-07,33192.51,84000.00,2,3515783.52,last_posted_transaction_or_prior_closing_balance,synb1_txn_b73bea18924134a9973eb4f1,trusted,cn_public_2022_2026_cycles_1_0,public_schedule_without_transaction_override,True,273,2025-02-08,complete
2025-02-08,0.00,16844.98,1,3498938.54,last_posted_transaction_or_prior_closing_balance,synb1_txn_2633752d1d70283e75c2b3cf,trusted,cn_public_2022_2026_cycles_1_0,public_schedule_without_transaction_override,True,274,2025-02-10,complete
2025-02-09,0.00,0.00,0,3498938.54,last_posted_transaction_or_prior_closing_balance,,trusted,cn_public_2022_2026_cycles_1_0,public_schedule_without_transaction_override,False,,,complete
2025-02-10,16936.24,68134.50,2,3447740.28,last_posted_transaction_or_prior_closing_balance,synb1_txn_ef081f0dc957979dafadff16,trusted,cn_public_2022_2026_cycles_1_0,public_schedule_without_transaction_override,True,275,2025-02-11,complete
2025-02-11,120166.70,0.00,3,3567906.98,last_posted_transaction_or_prior_closing_balance,synb1_txn_cf1c0f1d9ebd4fcb315cb0b3,trusted,cn_public_2022_2026_cycles_1_0,public_schedule_without_transaction_override,True,276,2025-02-12,complete
2025-02-12,186680.71,0.00,3,3754587.69,last_posted_transaction_or_prior_closing_balance,synb1_txn_c989326353e34848f9d1b376,trusted,cn_public_2022_2026_cycles_1_0,public_schedule_without_transaction_override,True,277,2025-02-13,complete
2025-02-13,23838.44,10895.28,2,3767530.85,last_posted_transaction_or_prior_closing_balance,synb1_txn_8f919bdee92fb61034b4b2b6,trusted,cn_public_2022_2026_cycles_1_0,public_schedule_without_transaction_override,True,278,2025-02-14,complete
2025-02-14,0.00,0.00,0,3767530.85,last_posted_transaction_or_prior_closing_balance,,trusted,cn_public_2022_2026_cycles_1_0,public_schedule_without_transaction_override,True,279,2025-02-17,complete
2025-02-15,12651.59,22448.15,2,3757734.29,last_posted_transaction_or_prior_closing_balance,synb1_txn_3000a632fa7e553f12d9a26e,trusted,cn_public_2022_2026_cycles_1_0,public_schedule_without_transaction_override,False,,,complete
2025-02-16,0.00,0.00,0,3757734.29,last_posted_transaction_or_prior_closing_balance,,trusted,cn_public_2022_2026_cycles_1_0,public_schedule_without_transaction_override,False,,,complete
2025-02-17,0.00,2718.09,1,3755016.20,last_posted_transaction_or_prior_closing_balance,synb1_txn_59ad3bc3cd0b210da986de3a,trusted,cn_public_2022_2026_cycles_1_0,public_schedule_without_transaction_override,True,280,2025-02-18,complete
2025-02-18,0.00,133567.61,3,3621448.59,last_posted_transaction_or_prior_closing_balance,synb1_txn_a0139ab16ad88264f627bc7e,trusted,cn_public_2022_2026_cycles_1_0,public_schedule_without_transaction_override,True,281,2025-02-19,complete
2025-02-19,0.00,0.00,0,3621448.59,last_posted_transaction_or_prior_closing_balance,,trusted,cn_public_2022_2026_cycles_1_0,public_schedule_without_transaction_override,True,282,2025-02-20,complete
2025-02-20,10163.27,3782.11,2,3627829.75,last_posted_transaction_or_prior_closing_balance,synb1_txn_d5fbdf9d83e9afbecff85f04,trusted,cn_public_2022_2026_cycles_1_0,public_schedule_without_transaction_override,True,283,2025-02-21,complete
2025-02-21,0.00,78575.67,1,3549254.08,last_posted_transaction_or_prior_closing_balance,synb1_txn_b0d9451023a19427e0eabbed,trusted,cn_public_2022_2026_cycles_1_0,public_schedule_without_transaction_override,True,284,2025-02-24,complete
2025-02-22,78176.67,0.00,1,3627430.75,last_posted_transaction_or_prior_closing_balance,synb1_txn_3a3f55529e886f89b3841a6a,trusted,cn_public_2022_2026_cycles_1_0,public_schedule_without_transaction_override,False,,,complete
2025-02-23,0.00,383356.24,1,3244074.51,last_posted_transaction_or_prior_closing_balance,synb1_txn_8913c62e2691ec3734d62cc9,trusted,cn_public_2022_2026_cycles_1_0,public_schedule_without_transaction_override,False,,,complete
2025-02-24,0.00,0.00,0,3244074.51,last_posted_transaction_or_prior_closing_balance,,trusted,cn_public_2022_2026_cycles_1_0,public_schedule_without_transaction_override,True,285,2025-02-25,complete
2025-02-25,0.00,0.00,0,3244074.51,last_posted_transaction_or_prior_closing_balance,,trusted,cn_public_2022_2026_cycles_1_0,public_schedule_without_transaction_override,True,286,2025-02-26,complete
2025-02-26,0.00,0.00,0,3244074.51,last_posted_transaction_or_prior_closing_balance,,trusted,cn_public_2022_2026_cycles_1_0,public_schedule_without_transaction_override,True,287,2025-02-27,complete
2025-02-27,0.00,0.00,0,3244074.51,last_posted_transaction_or_prior_closing_balance,,trusted,cn_public_2022_2026_cycles_1_0,public_schedule_without_transaction_override,True,288,2025-02-28,complete
2025-02-28,17316.19,0.00,1,3261390.70,last_posted_transaction_or_prior_closing_balance,synb1_txn_b3185e2abb91e1445db674f2,trusted,cn_public_2022_2026_cycles_1_0,public_schedule_without_transaction_override,True,289,2025-03-03,complete
2025-03-01,0.00,0.00,0,3261390.70,last_posted_transaction_or_prior_closing_balance,,trusted,cn_public_2022_2026_cycles_1_0,public_schedule_without_transaction_override,False,,,complete
2025-03-02,62605.35,0.00,1,3323996.05,last_posted_transaction_or_prior_closing_balance,synb1_txn_c39c8c10c2cf829fab1924df,trusted,cn_public_2022_2026_cycles_1_0,public_schedule_without_transaction_override,False,,,complete
2025-03-03,0.00,0.00,0,3323996.05,last_posted_transaction_or_prior_closing_balance,,trusted,cn_public_2022_2026_cycles_1_0,public_schedule_without_transaction_override,True,290,2025-03-04,complete
2025-03-04,71841.30,11658.95,3,3384178.40,last_posted_transaction_or_prior_closing_balance,synb1_txn_ce47e6ffb3df51132191a934,trusted,cn_public_2022_2026_cycles_1_0,public_schedule_without_transaction_override,True,291,2025-03-05,complete
2025-03-05,0.00,106657.98,2,3277520.42,last_posted_transaction_or_prior_closing_balance,synb1_txn_57e8981a64e81d35c59e1aa9,trusted,cn_public_2022_2026_cycles_1_0,public_schedule_without_transaction_override,True,292,2025-03-06,complete
2025-03-06,11528.98,0.00,1,3289049.40,last_posted_transaction_or_prior_closing_balance,synb1_txn_771998757eb710212b1dbef7,trusted,cn_public_2022_2026_cycles_1_0,public_schedule_without_transaction_override,True,293,2025-03-07,complete
2025-03-07,0.00,84000.00,1,3205049.40,last_posted_transaction_or_prior_closing_balance,synb1_txn_f8d7f460b93b3aee88ecf4f9,trusted,cn_public_2022_2026_cycles_1_0,public_schedule_without_transaction_override,True,294,2025-03-10,complete
2025-03-08,0.00,81382.93,2,3123666.47,last_posted_transaction_or_prior_closing_balance,synb1_txn_6db3cd5dab913b87eee1b51c,trusted,cn_public_2022_2026_cycles_1_0,public_schedule_without_transaction_override,False,,,complete
2025-03-09,23388.42,0.00,2,3147054.89,last_posted_transaction_or_prior_closing_balance,synb1_txn_0d7243267549658966a4eaf6,trusted,cn_public_2022_2026_cycles_1_0,public_schedule_without_transaction_override,False,,,complete
2025-03-10,0.00,0.00,0,3147054.89,last_posted_transaction_or_prior_closing_balance,,trusted,cn_public_2022_2026_cycles_1_0,public_schedule_without_transaction_override,True,295,2025-03-11,complete
2025-03-11,0.00,0.00,0,3147054.89,last_posted_transaction_or_prior_closing_balance,,trusted,cn_public_2022_2026_cycles_1_0,public_schedule_without_transaction_override,True,296,2025-03-12,complete
2025-03-12,0.00,0.00,0,3147054.89,last_posted_transaction_or_prior_closing_balance,,trusted,cn_public_2022_2026_cycles_1_0,public_schedule_without_transaction_override,True,297,2025-03-13,complete
2025-03-13,0.00,0.00,0,3147054.89,last_posted_transaction_or_prior_closing_balance,,trusted,cn_public_2022_2026_cycles_1_0,public_schedule_without_transaction_override,True,298,2025-03-14,complete
2025-03-14,3268.80,0.00,1,3150323.69,last_posted_transaction_or_prior_closing_balance,synb1_txn_01ac29a7b92d8bcd4057a289,trusted,cn_public_2022_2026_cycles_1_0,public_schedule_without_transaction_override,True,299,2025-03-17,complete
2025-03-15,80666.04,0.00,1,3230989.73,last_posted_transaction_or_prior_closing_balance,synb1_txn_23faac3434c5343b4a8fc2e1,trusted,cn_public_2022_2026_cycles_1_0,public_schedule_without_transaction_override,False,,,complete
2025-03-16,0.00,0.00,0,3230989.73,last_posted_transaction_or_prior_closing_balance,,trusted,cn_public_2022_2026_cycles_1_0,public_schedule_without_transaction_override,False,,,complete
2025-03-17,0.00,0.00,0,3230989.73,last_posted_transaction_or_prior_closing_balance,,trusted,cn_public_2022_2026_cycles_1_0,public_schedule_without_transaction_override,True,300,2025-03-18,complete
2025-03-18,0.00,74906.38,3,3156083.35,last_posted_transaction_or_prior_closing_balance,synb1_txn_b280d182808cd836b53e0e66,trusted,cn_public_2022_2026_cycles_1_0,public_schedule_without_transaction_override,True,301,2025-03-19,complete
2025-03-19,62469.52,0.00,2,3218552.87,last_posted_transaction_or_prior_closing_balance,synb1_txn_0af2d588fc0a121ba1ab0c56,trusted,cn_public_2022_2026_cycles_1_0,public_schedule_without_transaction_override,True,302,2025-03-20,complete
2025-03-20,99344.54,259126.49,3,3058770.92,last_posted_transaction_or_prior_closing_balance,synb1_txn_b073779cc1150d70763c2c02,trusted,cn_public_2022_2026_cycles_1_0,public_schedule_without_transaction_override,True,303,2025-03-21,complete
2025-03-21,23451.10,0.00,1,3082222.02,last_posted_transaction_or_prior_closing_balance,synb1_txn_56d80601a29ab0b0787c2fc7,trusted,cn_public_2022_2026_cycles_1_0,public_schedule_without_transaction_override,True,304,2025-03-24,complete
2025-03-22,0.00,0.00,0,3082222.02,last_posted_transaction_or_prior_closing_balance,,trusted,cn_public_2022_2026_cycles_1_0,public_schedule_without_transaction_override,False,,,complete
2025-03-23,251761.63,466.02,2,3333517.63,last_posted_transaction_or_prior_closing_balance,synb1_txn_415828640d7ed127267dfbe0,trusted,cn_public_2022_2026_cycles_1_0,public_schedule_without_transaction_override,False,,,complete
2025-03-24,9090.83,0.00,1,3342608.46,last_posted_transaction_or_prior_closing_balance,synb1_txn_969bdd44e622061f2f878a2f,trusted,cn_public_2022_2026_cycles_1_0,public_schedule_without_transaction_override,True,305,2025-03-25,complete
2025-03-25,0.00,87175.50,2,3255432.96,last_posted_transaction_or_prior_closing_balance,synb1_txn_5ad2abccb522f431db581951,trusted,cn_public_2022_2026_cycles_1_0,public_schedule_without_transaction_override,True,306,2025-03-26,complete
2025-03-26,0.00,0.00,0,3255432.96,last_posted_transaction_or_prior_closing_balance,,trusted,cn_public_2022_2026_cycles_1_0,public_schedule_without_transaction_override,True,307,2025-03-27,complete
2025-03-27,4023.49,0.00,1,3259456.45,last_posted_transaction_or_prior_closing_balance,synb1_txn_e5338fbd43c6928d1251937a,trusted,cn_public_2022_2026_cycles_1_0,public_schedule_without_transaction_override,True,308,2025-03-28,complete
2025-03-28,0.00,0.00,0,3259456.45,last_posted_transaction_or_prior_closing_balance,,trusted,cn_public_2022_2026_cycles_1_0,public_schedule_without_transaction_override,True,309,2025-03-31,complete
2025-03-29,0.00,0.00,0,3259456.45,last_posted_transaction_or_prior_closing_balance,,trusted,cn_public_2022_2026_cycles_1_0,public_schedule_without_transaction_override,False,,,complete
2025-03-30,0.00,0.00,0,3259456.45,last_posted_transaction_or_prior_closing_balance,,trusted,cn_public_2022_2026_cycles_1_0,public_schedule_without_transaction_override,False,,,complete
2025-03-31,0.00,0.00,0,3259456.45,last_posted_transaction_or_prior_closing_balance,,trusted,cn_public_2022_2026_cycles_1_0,public_schedule_without_transaction_override,True,310,2025-04-01,complete
2025-04-01,0.00,0.00,0,3259456.45,last_posted_transaction_or_prior_closing_balance,,trusted,cn_public_2022_2026_cycles_1_0,public_schedule_without_transaction_override,True,311,2025-04-02,complete
2025-04-02,32364.01,0.00,1,3291820.46,last_posted_transaction_or_prior_closing_balance,synb1_txn_22d510cb485d78e9f9fc71a3,trusted,cn_public_2022_2026_cycles_1_0,public_schedule_without_transaction_override,True,312,2025-04-03,complete
2025-04-03,0.00,0.00,0,3291820.46,last_posted_transaction_or_prior_closing_balance,,trusted,cn_public_2022_2026_cycles_1_0,public_schedule_without_transaction_override,True,313,2025-04-07,complete
2025-04-04,16933.23,0.00,1,3308753.69,last_posted_transaction_or_prior_closing_balance,synb1_txn_1f839423aef74ecb89e13fd2,trusted,cn_public_2022_2026_cycles_1_0,public_schedule_without_transaction_override,False,,,complete
2025-04-05,0.00,19500.00,1,3289253.69,last_posted_transaction_or_prior_closing_balance,synb1_txn_2b885a1a19d5d6b6cdfccaf2,trusted,cn_public_2022_2026_cycles_1_0,public_schedule_without_transaction_override,False,,,complete
2025-04-06,14477.75,0.00,1,3303731.44,last_posted_transaction_or_prior_closing_balance,synb1_txn_ddddcb22f334f644b5fe581e,trusted,cn_public_2022_2026_cycles_1_0,public_schedule_without_transaction_override,False,,,complete
2025-04-07,0.00,261968.85,2,3041762.59,last_posted_transaction_or_prior_closing_balance,synb1_txn_01814eee4ee2bf21de8ced36,trusted,cn_public_2022_2026_cycles_1_0,public_schedule_without_transaction_override,True,314,2025-04-08,complete
2025-04-08,0.00,0.00,0,3041762.59,last_posted_transaction_or_prior_closing_balance,,trusted,cn_public_2022_2026_cycles_1_0,public_schedule_without_transaction_override,True,315,2025-04-09,complete
2025-04-09,21451.16,26191.02,4,3037022.73,last_posted_transaction_or_prior_closing_balance,synb1_txn_084bd76243b8db6ae6375168,trusted,cn_public_2022_2026_cycles_1_0,public_schedule_without_transaction_override,True,316,2025-04-10,complete
2025-04-10,0.00,0.00,0,3037022.73,last_posted_transaction_or_prior_closing_balance,,trusted,cn_public_2022_2026_cycles_1_0,public_schedule_without_transaction_override,True,317,2025-04-11,complete
2025-04-11,0.00,0.00,0,3037022.73,last_posted_transaction_or_prior_closing_balance,,trusted,cn_public_2022_2026_cycles_1_0,public_schedule_without_transaction_override,True,318,2025-04-14,complete
2025-04-12,12887.47,0.00,1,3049910.20,last_posted_transaction_or_prior_closing_balance,synb1_txn_e0e944f9a49911f29e6daabe,trusted,cn_public_2022_2026_cycles_1_0,public_schedule_without_transaction_override,False,,,complete
2025-04-13,10103.22,29349.89,2,3030663.53,last_posted_transaction_or_prior_closing_balance,synb1_txn_532c4baefd4511e2263da4af,trusted,cn_public_2022_2026_cycles_1_0,public_schedule_without_transaction_override,False,,,complete
2025-04-14,0.00,0.00,0,3030663.53,last_posted_transaction_or_prior_closing_balance,,trusted,cn_public_2022_2026_cycles_1_0,public_schedule_without_transaction_override,True,319,2025-04-15,complete
2025-04-15,0.00,0.00,0,3030663.53,last_posted_transaction_or_prior_closing_balance,,trusted,cn_public_2022_2026_cycles_1_0,public_schedule_without_transaction_override,True,320,2025-04-16,complete
2025-04-16,0.00,8851.43,1,3021812.10,last_posted_transaction_or_prior_closing_balance,synb1_txn_7ff8eddc6bc99cbccde07320,trusted,cn_public_2022_2026_cycles_1_0,public_schedule_without_transaction_override,True,321,2025-04-17,complete
2025-04-17,28356.32,0.00,3,3050168.42,last_posted_transaction_or_prior_closing_balance,synb1_txn_6c8d6a3f0cef29fcd75dd895,trusted,cn_public_2022_2026_cycles_1_0,public_schedule_without_transaction_override,True,322,2025-04-18,complete
2025-04-18,2648.48,28203.87,4,3024613.03,last_posted_transaction_or_prior_closing_balance,synb1_txn_9c306f2a48258344127509b6,trusted,cn_public_2022_2026_cycles_1_0,public_schedule_without_transaction_override,True,323,2025-04-21,complete
2025-04-19,0.00,0.00,0,3024613.03,last_posted_transaction_or_prior_closing_balance,,trusted,cn_public_2022_2026_cycles_1_0,public_schedule_without_transaction_override,False,,,complete
2025-04-20,0.00,0.00,0,3024613.03,last_posted_transaction_or_prior_closing_balance,,trusted,cn_public_2022_2026_cycles_1_0,public_schedule_without_transaction_override,False,,,complete
2025-04-21,192832.73,0.00,2,3217445.76,last_posted_transaction_or_prior_closing_balance,synb1_txn_00fc0f567eb2919ba5e1b7c3,trusted,cn_public_2022_2026_cycles_1_0,public_schedule_without_transaction_override,True,324,2025-04-22,complete
2025-04-22,0.00,0.00,0,3217445.76,last_posted_transaction_or_prior_closing_balance,,trusted,cn_public_2022_2026_cycles_1_0,public_schedule_without_transaction_override,True,325,2025-04-23,complete
2025-04-23,0.00,51751.31,1,3165694.45,last_posted_transaction_or_prior_closing_balance,synb1_txn_4a1c136ec3f815413f144ab6,trusted,cn_public_2022_2026_cycles_1_0,public_schedule_without_transaction_override,True,326,2025-04-24,complete
2025-04-24,0.00,3849.23,1,3161845.22,last_posted_transaction_or_prior_closing_balance,synb1_txn_89d9feb17434be9ecfdf9be4,trusted,cn_public_2022_2026_cycles_1_0,public_schedule_without_transaction_override,True,327,2025-04-25,complete
2025-04-25,0.00,0.00,0,3161845.22,last_posted_transaction_or_prior_closing_balance,,trusted,cn_public_2022_2026_cycles_1_0,public_schedule_without_transaction_override,True,328,2025-04-27,complete
2025-04-26,84030.93,0.00,2,3245876.15,last_posted_transaction_or_prior_closing_balance,synb1_txn_84e26cc1979ca9afe6755a00,trusted,cn_public_2022_2026_cycles_1_0,public_schedule_without_transaction_override,False,,,complete
2025-04-27,24734.70,0.00,1,3270610.85,last_posted_transaction_or_prior_closing_balance,synb1_txn_6a4f682a3f6e957c2b41dd1c,trusted,cn_public_2022_2026_cycles_1_0,public_schedule_without_transaction_override,True,329,2025-04-28,complete
2025-04-28,0.00,6148.57,1,3264462.28,last_posted_transaction_or_prior_closing_balance,synb1_txn_7be35917b7ef3c610c7ebfc8,trusted,cn_public_2022_2026_cycles_1_0,public_schedule_without_transaction_override,True,330,2025-04-29,complete
2025-04-29,0.00,0.00,0,3264462.28,last_posted_transaction_or_prior_closing_balance,,trusted,cn_public_2022_2026_cycles_1_0,public_schedule_without_transaction_override,True,331,2025-04-30,complete
2025-04-30,0.00,0.00,0,3264462.28,last_posted_transaction_or_prior_closing_balance,,trusted,cn_public_2022_2026_cycles_1_0,public_schedule_without_transaction_override,True,332,2025-05-06,complete
2025-05-01,0.00,0.00,0,3264462.28,last_posted_transaction_or_prior_closing_balance,,trusted,cn_public_2022_2026_cycles_1_0,public_schedule_without_transaction_override,False,,,complete
2025-05-02,10095.25,0.00,1,3274557.53,last_posted_transaction_or_prior_closing_balance,synb1_txn_f55b4170ae7810f5b472954e,trusted,cn_public_2022_2026_cycles_1_0,public_schedule_without_transaction_override,False,,,complete
2025-05-03,0.00,0.00,0,3274557.53,last_posted_transaction_or_prior_closing_balance,,trusted,cn_public_2022_2026_cycles_1_0,public_schedule_without_transaction_override,False,,,complete
2025-05-04,0.00,28817.92,2,3245739.61,last_posted_transaction_or_prior_closing_balance,synb1_txn_a8708d1e84c106bcce5f21e3,trusted,cn_public_2022_2026_cycles_1_0,public_schedule_without_transaction_override,False,,,complete
2025-05-05,38477.26,19500.00,2,3264716.87,last_posted_transaction_or_prior_closing_balance,synb1_txn_148e28d39c50059526ef59ad,trusted,cn_public_2022_2026_cycles_1_0,public_schedule_without_transaction_override,False,,,complete
2025-05-06,30121.07,3217.58,2,3291620.36,last_posted_transaction_or_prior_closing_balance,synb1_txn_54c4383134954669317efb4c,trusted,cn_public_2022_2026_cycles_1_0,public_schedule_without_transaction_override,True,333,2025-05-07,complete
2025-05-07,0.00,86693.99,2,3204926.37,last_posted_transaction_or_prior_closing_balance,synb1_txn_19c044323f161eabf19ca1ec,trusted,cn_public_2022_2026_cycles_1_0,public_schedule_without_transaction_override,True,334,2025-05-08,complete
2025-05-08,28038.30,0.00,2,3232964.67,last_posted_transaction_or_prior_closing_balance,synb1_txn_653462736dd7787ad33326c1,trusted,cn_public_2022_2026_cycles_1_0,public_schedule_without_transaction_override,True,335,2025-05-09,complete
2025-05-09,113505.95,0.00,1,3346470.62,last_posted_transaction_or_prior_closing_balance,synb1_txn_d9c997ce345f30189dd5652b,trusted,cn_public_2022_2026_cycles_1_0,public_schedule_without_transaction_override,True,336,2025-05-12,complete
2025-05-10,0.00,7760.49,1,3338710.13,last_posted_transaction_or_prior_closing_balance,synb1_txn_4208b865897db24cd718266c,trusted,cn_public_2022_2026_cycles_1_0,public_schedule_without_transaction_override,False,,,complete
2025-05-11,10768.79,0.00,1,3349478.92,last_posted_transaction_or_prior_closing_balance,synb1_txn_c98e6b9b9a6c5ff6eebd7c5d,trusted,cn_public_2022_2026_cycles_1_0,public_schedule_without_transaction_override,False,,,complete
2025-05-12,0.00,0.00,0,3349478.92,last_posted_transaction_or_prior_closing_balance,,trusted,cn_public_2022_2026_cycles_1_0,public_schedule_without_transaction_override,True,337,2025-05-13,complete
2025-05-13,61537.18,0.00,2,3411016.10,last_posted_transaction_or_prior_closing_balance,synb1_txn_59a5501db36da3e46dd9122b,trusted,cn_public_2022_2026_cycles_1_0,public_schedule_without_transaction_override,True,338,2025-05-14,complete
2025-05-14,0.00,7369.99,1,3403646.11,last_posted_transaction_or_prior_closing_balance,synb1_txn_f485cbf848096ef72f2c0e6d,trusted,cn_public_2022_2026_cycles_1_0,public_schedule_without_transaction_override,True,339,2025-05-15,complete
2025-05-15,0.00,32676.19,2,3370969.92,last_posted_transaction_or_prior_closing_balance,synb1_txn_448d61411cb710051bb126a9,trusted,cn_public_2022_2026_cycles_1_0,public_schedule_without_transaction_override,True,340,2025-05-16,complete
2025-05-16,0.00,10791.37,1,3360178.55,last_posted_transaction_or_prior_closing_balance,synb1_txn_d05bcc5336f3c9015e75a52d,trusted,cn_public_2022_2026_cycles_1_0,public_schedule_without_transaction_override,True,341,2025-05-19,complete
2025-05-17,0.00,7386.79,1,3352791.76,last_posted_transaction_or_prior_closing_balance,synb1_txn_ca6e074d4ac68d4ae3c17027,trusted,cn_public_2022_2026_cycles_1_0,public_schedule_without_transaction_override,False,,,complete
2025-05-18,17685.53,18841.56,3,3351635.73,last_posted_transaction_or_prior_closing_balance,synb1_txn_d030a2f4853e04e1e7bd78e4,trusted,cn_public_2022_2026_cycles_1_0,public_schedule_without_transaction_override,False,,,complete
2025-05-19,0.00,2983.68,2,3348652.05,last_posted_transaction_or_prior_closing_balance,synb1_txn_c0fb7d0dd60cf7cb71ab9619,trusted,cn_public_2022_2026_cycles_1_0,public_schedule_without_transaction_override,True,342,2025-05-20,complete
2025-05-20,1923.71,0.00,1,3350575.76,last_posted_transaction_or_prior_closing_balance,synb1_txn_0fecaa53f99cfe3262f18128,trusted,cn_public_2022_2026_cycles_1_0,public_schedule_without_transaction_override,True,343,2025-05-21,complete
2025-05-21,0.00,0.00,0,3350575.76,last_posted_transaction_or_prior_closing_balance,,trusted,cn_public_2022_2026_cycles_1_0,public_schedule_without_transaction_override,True,344,2025-05-22,complete
2025-05-22,0.00,10678.23,1,3339897.53,last_posted_transaction_or_prior_closing_balance,synb1_txn_422668ddb1cb7f033ba95491,trusted,cn_public_2022_2026_cycles_1_0,public_schedule_without_transaction_override,True,345,2025-05-23,complete
2025-05-23,0.00,0.00,0,3339897.53,last_posted_transaction_or_prior_closing_balance,,trusted,cn_public_2022_2026_cycles_1_0,public_schedule_without_transaction_override,True,346,2025-05-26,complete
2025-05-24,0.00,0.00,0,3339897.53,last_posted_transaction_or_prior_closing_balance,,trusted,cn_public_2022_2026_cycles_1_0,public_schedule_without_transaction_override,False,,,complete
2025-05-25,0.00,33591.66,2,3306305.87,last_posted_transaction_or_prior_closing_balance,synb1_txn_b7d94e209a5da1a54c435534,trusted,cn_public_2022_2026_cycles_1_0,public_schedule_without_transaction_override,False,,,complete
2025-05-26,0.00,0.00,0,3306305.87,last_posted_transaction_or_prior_closing_balance,,trusted,cn_public_2022_2026_cycles_1_0,public_schedule_without_transaction_override,True,347,2025-05-27,complete
2025-05-27,0.00,375785.13,2,2930520.74,last_posted_transaction_or_prior_closing_balance,synb1_txn_17119c3a5d44b5d9ddbbab94,trusted,cn_public_2022_2026_cycles_1_0,public_schedule_without_transaction_override,True,348,2025-05-28,complete
2025-05-28,98966.96,0.00,1,3029487.70,last_posted_transaction_or_prior_closing_balance,synb1_txn_f56c1a4974ca2cf21ced30e5,trusted,cn_public_2022_2026_cycles_1_0,public_schedule_without_transaction_override,True,349,2025-05-29,complete
2025-05-29,0.00,0.00,0,3029487.70,last_posted_transaction_or_prior_closing_balance,,trusted,cn_public_2022_2026_cycles_1_0,public_schedule_without_transaction_override,True,350,2025-05-30,complete
2025-05-30,0.00,0.00,0,3029487.70,last_posted_transaction_or_prior_closing_balance,,trusted,cn_public_2022_2026_cycles_1_0,public_schedule_without_transaction_override,True,351,2025-06-03,complete
2025-05-31,0.00,0.00,0,3029487.70,last_posted_transaction_or_prior_closing_balance,,trusted,cn_public_2022_2026_cycles_1_0,public_schedule_without_transaction_override,False,,,complete
2025-06-01,0.00,0.00,0,3029487.70,last_posted_transaction_or_prior_closing_balance,,trusted,cn_public_2022_2026_cycles_1_0,public_schedule_without_transaction_override,False,,,complete
2025-06-02,8106.08,241419.97,3,2796173.81,last_posted_transaction_or_prior_closing_balance,synb1_txn_76a5c904a2e9e21c3e708a5e,trusted,cn_public_2022_2026_cycles_1_0,public_schedule_without_transaction_override,False,,,complete
2025-06-03,0.00,0.00,0,2796173.81,last_posted_transaction_or_prior_closing_balance,,trusted,cn_public_2022_2026_cycles_1_0,public_schedule_without_transaction_override,True,352,2025-06-04,complete
2025-06-04,0.00,0.00,0,2796173.81,last_posted_transaction_or_prior_closing_balance,,trusted,cn_public_2022_2026_cycles_1_0,public_schedule_without_transaction_override,True,353,2025-06-05,complete
2025-06-05,0.00,19500.00,1,2776673.81,last_posted_transaction_or_prior_closing_balance,synb1_txn_308b13972c1cdf352826269e,trusted,cn_public_2022_2026_cycles_1_0,public_schedule_without_transaction_override,True,354,2025-06-06,complete
2025-06-06,89904.06,42671.24,5,2823906.63,last_posted_transaction_or_prior_closing_balance,synb1_txn_09a0e09e0c1202add01c2fc0,trusted,cn_public_2022_2026_cycles_1_0,public_schedule_without_transaction_override,True,355,2025-06-09,complete
2025-06-07,0.00,84000.00,1,2739906.63,last_posted_transaction_or_prior_closing_balance,synb1_txn_f5a23184e87ac83645da8a3d,trusted,cn_public_2022_2026_cycles_1_0,public_schedule_without_transaction_override,False,,,complete
2025-06-08,0.00,75226.03,1,2664680.60,last_posted_transaction_or_prior_closing_balance,synb1_txn_ec5b1aacf3ad87661bf26101,trusted,cn_public_2022_2026_cycles_1_0,public_schedule_without_transaction_override,False,,,complete
2025-06-09,0.00,0.00,0,2664680.60,last_posted_transaction_or_prior_closing_balance,,trusted,cn_public_2022_2026_cycles_1_0,public_schedule_without_transaction_override,True,356,2025-06-10,complete
2025-06-10,0.00,24661.45,2,2640019.15,last_posted_transaction_or_prior_closing_balance,synb1_txn_fc19d176365299330aa75a79,trusted,cn_public_2022_2026_cycles_1_0,public_schedule_without_transaction_override,True,357,2025-06-11,complete
2025-06-11,0.00,3071.93,1,2636947.22,last_posted_transaction_or_prior_closing_balance,synb1_txn_8f61af22864a8b6d4043b650,trusted,cn_public_2022_2026_cycles_1_0,public_schedule_without_transaction_override,True,358,2025-06-12,complete
2025-06-12,0.00,0.00,0,2636947.22,last_posted_transaction_or_prior_closing_balance,,trusted,cn_public_2022_2026_cycles_1_0,public_schedule_without_transaction_override,True,359,2025-06-13,complete
2025-06-13,56595.79,36531.83,3,2657011.18,last_posted_transaction_or_prior_closing_balance,synb1_txn_80012e48ee335929f976ce63,trusted,cn_public_2022_2026_cycles_1_0,public_schedule_without_transaction_override,True,360,2025-06-16,complete
2025-06-14,55445.86,66866.89,2,2645590.15,last_posted_transaction_or_prior_closing_balance,synb1_txn_949d6989fc0e24d50d62316b,trusted,cn_public_2022_2026_cycles_1_0,public_schedule_without_transaction_override,False,,,complete
2025-06-15,192564.94,0.00,1,2838155.09,last_posted_transaction_or_prior_closing_balance,synb1_txn_be136c99fb48d24ca6a04052,trusted,cn_public_2022_2026_cycles_1_0,public_schedule_without_transaction_override,False,,,complete
2025-06-16,60340.54,0.00,2,2898495.63,last_posted_transaction_or_prior_closing_balance,synb1_txn_ec2471636f39ab000aea5e36,trusted,cn_public_2022_2026_cycles_1_0,public_schedule_without_transaction_override,True,361,2025-06-17,complete
2025-06-17,0.00,0.00,0,2898495.63,last_posted_transaction_or_prior_closing_balance,,trusted,cn_public_2022_2026_cycles_1_0,public_schedule_without_transaction_override,True,362,2025-06-18,complete
2025-06-18,0.00,18271.85,3,2880223.78,last_posted_transaction_or_prior_closing_balance,synb1_txn_04887c09f72f0b583511d20f,trusted,cn_public_2022_2026_cycles_1_0,public_schedule_without_transaction_override,True,363,2025-06-19,complete
2025-06-19,0.00,0.00,0,2880223.78,last_posted_transaction_or_prior_closing_balance,,trusted,cn_public_2022_2026_cycles_1_0,public_schedule_without_transaction_override,True,364,2025-06-20,complete
2025-06-20,0.00,0.00,0,2880223.78,last_posted_transaction_or_prior_closing_balance,,trusted,cn_public_2022_2026_cycles_1_0,public_schedule_without_transaction_override,True,365,2025-06-23,complete
2025-06-21,0.00,0.00,0,2880223.78,last_posted_transaction_or_prior_closing_balance,,trusted,cn_public_2022_2026_cycles_1_0,public_schedule_without_transaction_override,False,,,complete
2025-06-22,0.00,0.00,0,2880223.78,last_posted_transaction_or_prior_closing_balance,,trusted,cn_public_2022_2026_cycles_1_0,public_schedule_without_transaction_override,False,,,complete
2025-06-23,0.00,8227.73,1,2871996.05,last_posted_transaction_or_prior_closing_balance,synb1_txn_7d6ee0d627cf71b1da6136e5,trusted,cn_public_2022_2026_cycles_1_0,public_schedule_without_transaction_override,True,366,2025-06-24,complete
2025-06-24,33710.16,0.00,1,2905706.21,last_posted_transaction_or_prior_closing_balance,synb1_txn_f0592069a9214d5cd3a3d409,trusted,cn_public_2022_2026_cycles_1_0,public_schedule_without_transaction_override,True,367,2025-06-25,complete
2025-06-25,0.00,0.00,0,2905706.21,last_posted_transaction_or_prior_closing_balance,,trusted,cn_public_2022_2026_cycles_1_0,public_schedule_without_transaction_override,True,368,2025-06-26,complete
2025-06-26,82932.57,10691.17,3,2977947.61,last_posted_transaction_or_prior_closing_balance,synb1_txn_e9b8cf08889c80729719a467,trusted,cn_public_2022_2026_cycles_1_0,public_schedule_without_transaction_override,True,369,2025-06-27,complete
2025-06-27,0.00,0.00,0,2977947.61,last_posted_transaction_or_prior_closing_balance,,trusted,cn_public_2022_2026_cycles_1_0,public_schedule_without_transaction_override,True,370,2025-06-30,complete
2025-06-28,0.00,0.00,0,2977947.61,last_posted_transaction_or_prior_closing_balance,,trusted,cn_public_2022_2026_cycles_1_0,public_schedule_without_transaction_override,False,,,complete
2025-06-29,0.00,0.00,0,2977947.61,last_posted_transaction_or_prior_closing_balance,,trusted,cn_public_2022_2026_cycles_1_0,public_schedule_without_transaction_override,False,,,complete
2025-06-30,0.00,0.00,0,2977947.61,last_posted_transaction_or_prior_closing_balance,,trusted,cn_public_2022_2026_cycles_1_0,public_schedule_without_transaction_override,True,371,2025-07-01,complete
2025-07-01,0.00,0.00,0,2977947.61,last_posted_transaction_or_prior_closing_balance,,trusted,cn_public_2022_2026_cycles_1_0,public_schedule_without_transaction_override,True,372,2025-07-02,complete
2025-07-02,8795.54,0.00,1,2986743.15,last_posted_transaction_or_prior_closing_balance,synb1_txn_232bd78b3f5699792eec047e,trusted,cn_public_2022_2026_cycles_1_0,public_schedule_without_transaction_override,True,373,2025-07-03,complete
2025-07-03,0.00,0.00,0,2986743.15,last_posted_transaction_or_prior_closing_balance,,trusted,cn_public_2022_2026_cycles_1_0,public_schedule_without_transaction_override,True,374,2025-07-04,complete
2025-07-04,16980.13,0.00,1,3003723.28,last_posted_transaction_or_prior_closing_balance,synb1_txn_82948c549da08e876adf2fe2,trusted,cn_public_2022_2026_cycles_1_0,public_schedule_without_transaction_override,True,375,2025-07-07,complete
2025-07-05,29666.74,19500.00,2,3013890.02,last_posted_transaction_or_prior_closing_balance,synb1_txn_f96b0ada77670f761fab25dd,trusted,cn_public_2022_2026_cycles_1_0,public_schedule_without_transaction_override,False,,,complete
2025-07-06,13559.79,0.00,1,3027449.81,last_posted_transaction_or_prior_closing_balance,synb1_txn_a8d87de1a7a6f5ff95272f8b,trusted,cn_public_2022_2026_cycles_1_0,public_schedule_without_transaction_override,False,,,complete
2025-07-07,99943.09,126690.73,5,3000702.17,last_posted_transaction_or_prior_closing_balance,synb1_txn_7fe5b92a0c8ae244df52ff78,trusted,cn_public_2022_2026_cycles_1_0,public_schedule_without_transaction_override,True,376,2025-07-08,complete
2025-07-08,0.00,95535.86,2,2905166.31,last_posted_transaction_or_prior_closing_balance,synb1_txn_daa7813e0dfaae0be0788d8f,trusted,cn_public_2022_2026_cycles_1_0,public_schedule_without_transaction_override,True,377,2025-07-09,complete
2025-07-09,0.00,0.00,0,2905166.31,last_posted_transaction_or_prior_closing_balance,,trusted,cn_public_2022_2026_cycles_1_0,public_schedule_without_transaction_override,True,378,2025-07-10,complete
2025-07-10,0.00,0.00,0,2905166.31,last_posted_transaction_or_prior_closing_balance,,trusted,cn_public_2022_2026_cycles_1_0,public_schedule_without_transaction_override,True,379,2025-07-11,complete
2025-07-11,0.00,1925.06,1,2903241.25,last_posted_transaction_or_prior_closing_balance,synb1_txn_eb09df3c8fac8f84800c7654,trusted,cn_public_2022_2026_cycles_1_0,public_schedule_without_transaction_override,True,380,2025-07-14,complete
2025-07-12,0.00,0.00,0,2903241.25,last_posted_transaction_or_prior_closing_balance,,trusted,cn_public_2022_2026_cycles_1_0,public_schedule_without_transaction_override,False,,,complete
2025-07-13,30040.38,0.00,2,2933281.63,last_posted_transaction_or_prior_closing_balance,synb1_txn_dbba926d2ffae5e46bec9e87,trusted,cn_public_2022_2026_cycles_1_0,public_schedule_without_transaction_override,False,,,complete
2025-07-14,0.00,133959.41,1,2799322.22,last_posted_transaction_or_prior_closing_balance,synb1_txn_c299a41af1f13a4f5283d4fb,trusted,cn_public_2022_2026_cycles_1_0,public_schedule_without_transaction_override,True,381,2025-07-15,complete
2025-07-15,0.00,8063.92,2,2791258.30,last_posted_transaction_or_prior_closing_balance,synb1_txn_95b83b4a671c84e06105b758,trusted,cn_public_2022_2026_cycles_1_0,public_schedule_without_transaction_override,True,382,2025-07-16,complete
2025-07-16,0.00,0.00,0,2791258.30,last_posted_transaction_or_prior_closing_balance,,trusted,cn_public_2022_2026_cycles_1_0,public_schedule_without_transaction_override,True,383,2025-07-17,complete
2025-07-17,0.00,33846.01,1,2757412.29,last_posted_transaction_or_prior_closing_balance,synb1_txn_0a450d42081c13e598a39114,trusted,cn_public_2022_2026_cycles_1_0,public_schedule_without_transaction_override,True,384,2025-07-18,complete
2025-07-18,0.00,5975.90,3,2751436.39,last_posted_transaction_or_prior_closing_balance,synb1_txn_6a4d1007c6710d5de0045cb8,trusted,cn_public_2022_2026_cycles_1_0,public_schedule_without_transaction_override,True,385,2025-07-21,complete
2025-07-19,49897.03,0.00,1,2801333.42,last_posted_transaction_or_prior_closing_balance,synb1_txn_72734b14631ca219f9829918,trusted,cn_public_2022_2026_cycles_1_0,public_schedule_without_transaction_override,False,,,complete
2025-07-20,0.00,0.00,0,2801333.42,last_posted_transaction_or_prior_closing_balance,,trusted,cn_public_2022_2026_cycles_1_0,public_schedule_without_transaction_override,False,,,complete
2025-07-21,0.00,0.00,0,2801333.42,last_posted_transaction_or_prior_closing_balance,,trusted,cn_public_2022_2026_cycles_1_0,public_schedule_without_transaction_override,True,386,2025-07-22,complete
2025-07-22,0.00,0.00,0,2801333.42,last_posted_transaction_or_prior_closing_balance,,trusted,cn_public_2022_2026_cycles_1_0,public_schedule_without_transaction_override,True,387,2025-07-23,complete
2025-07-23,0.00,4710.16,1,2796623.26,last_posted_transaction_or_prior_closing_balance,synb1_txn_1404a26122fe5c9c2b5ab3f2,trusted,cn_public_2022_2026_cycles_1_0,public_schedule_without_transaction_override,True,388,2025-07-24,complete
2025-07-24,149909.23,38568.28,2,2907964.21,last_posted_transaction_or_prior_closing_balance,synb1_txn_781bdabb6e347a9d5be09efa,trusted,cn_public_2022_2026_cycles_1_0,public_schedule_without_transaction_override,True,389,2025-07-25,complete
2025-07-25,0.00,9022.70,1,2898941.51,last_posted_transaction_or_prior_closing_balance,synb1_txn_c470fdec13a9245ed74db25e,trusted,cn_public_2022_2026_cycles_1_0,public_schedule_without_transaction_override,True,390,2025-07-28,complete
2025-07-26,31725.56,0.00,1,2930667.07,last_posted_transaction_or_prior_closing_balance,synb1_txn_fb296ca6b39cc30604b64adc,trusted,cn_public_2022_2026_cycles_1_0,public_schedule_without_transaction_override,False,,,complete
2025-07-27,40422.51,60647.31,2,2910442.27,last_posted_transaction_or_prior_closing_balance,synb1_txn_2092023b8515c3802bc9f8b4,trusted,cn_public_2022_2026_cycles_1_0,public_schedule_without_transaction_override,False,,,complete
2025-07-28,0.00,0.00,0,2910442.27,last_posted_transaction_or_prior_closing_balance,,trusted,cn_public_2022_2026_cycles_1_0,public_schedule_without_transaction_override,True,391,2025-07-29,complete
2025-07-29,0.00,0.00,0,2910442.27,last_posted_transaction_or_prior_closing_balance,,trusted,cn_public_2022_2026_cycles_1_0,public_schedule_without_transaction_override,True,392,2025-07-30,complete
2025-07-30,0.00,0.00,0,2910442.27,last_posted_transaction_or_prior_closing_balance,,trusted,cn_public_2022_2026_cycles_1_0,public_schedule_without_transaction_override,True,393,2025-07-31,complete
2025-07-31,0.00,0.00,0,2910442.27,last_posted_transaction_or_prior_closing_balance,,trusted,cn_public_2022_2026_cycles_1_0,public_schedule_without_transaction_override,True,394,2025-08-01,complete
2025-08-01,0.00,0.00,0,2910442.27,last_posted_transaction_or_prior_closing_balance,,trusted,cn_public_2022_2026_cycles_1_0,public_schedule_without_transaction_override,True,395,2025-08-04,complete
2025-08-02,20917.32,0.00,1,2931359.59,last_posted_transaction_or_prior_closing_balance,synb1_txn_2dd1a3d69e95d5bd5480057c,trusted,cn_public_2022_2026_cycles_1_0,public_schedule_without_transaction_override,False,,,complete
2025-08-03,86403.35,235922.73,2,2781840.21,last_posted_transaction_or_prior_closing_balance,synb1_txn_a12bbdbd9fdf663cc248c41b,trusted,cn_public_2022_2026_cycles_1_0,public_schedule_without_transaction_override,False,,,complete
2025-08-04,0.00,0.00,0,2781840.21,last_posted_transaction_or_prior_closing_balance,,trusted,cn_public_2022_2026_cycles_1_0,public_schedule_without_transaction_override,True,396,2025-08-05,complete
2025-08-05,5036.60,19500.00,2,2767376.81,last_posted_transaction_or_prior_closing_balance,synb1_txn_83c9c78b985140bdf4a86972,trusted,cn_public_2022_2026_cycles_1_0,public_schedule_without_transaction_override,True,397,2025-08-06,complete
2025-08-06,0.00,0.00,0,2767376.81,last_posted_transaction_or_prior_closing_balance,,trusted,cn_public_2022_2026_cycles_1_0,public_schedule_without_transaction_override,True,398,2025-08-07,complete
2025-08-07,0.00,84000.00,1,2683376.81,last_posted_transaction_or_prior_closing_balance,synb1_txn_62c8a69fda4711bf4d875589,trusted,cn_public_2022_2026_cycles_1_0,public_schedule_without_transaction_override,True,399,2025-08-08,complete
2025-08-08,0.00,23023.66,2,2660353.15,last_posted_transaction_or_prior_closing_balance,synb1_txn_2ff47b3ecc96e91735d6a863,trusted,cn_public_2022_2026_cycles_1_0,public_schedule_without_transaction_override,True,400,2025-08-11,complete
2025-08-09,0.00,0.00,0,2660353.15,last_posted_transaction_or_prior_closing_balance,,trusted,cn_public_2022_2026_cycles_1_0,public_schedule_without_transaction_override,False,,,complete
2025-08-10,31681.87,55716.96,4,2636318.06,last_posted_transaction_or_prior_closing_balance,synb1_txn_a6ce0152206f5e6f9cf41d09,trusted,cn_public_2022_2026_cycles_1_0,public_schedule_without_transaction_override,False,,,complete
2025-08-11,0.00,0.00,0,2636318.06,last_posted_transaction_or_prior_closing_balance,,trusted,cn_public_2022_2026_cycles_1_0,public_schedule_without_transaction_override,True,401,2025-08-12,complete
2025-08-12,0.00,0.00,0,2636318.06,last_posted_transaction_or_prior_closing_balance,,trusted,cn_public_2022_2026_cycles_1_0,public_schedule_without_transaction_override,True,402,2025-08-13,complete
2025-08-13,0.00,0.00,0,2636318.06,last_posted_transaction_or_prior_closing_balance,,trusted,cn_public_2022_2026_cycles_1_0,public_schedule_without_transaction_override,True,403,2025-08-14,complete
2025-08-14,8694.55,34261.64,2,2610750.97,last_posted_transaction_or_prior_closing_balance,synb1_txn_d0ecd4bafa2721e45cc8b4c5,trusted,cn_public_2022_2026_cycles_1_0,public_schedule_without_transaction_override,True,404,2025-08-15,complete
2025-08-15,0.00,11279.70,1,2599471.27,last_posted_transaction_or_prior_closing_balance,synb1_txn_743ceeeb44384dee827b3f0e,trusted,cn_public_2022_2026_cycles_1_0,public_schedule_without_transaction_override,True,405,2025-08-18,complete
2025-08-16,22533.55,11101.82,2,2610903.00,last_posted_transaction_or_prior_closing_balance,synb1_txn_e6efeaa1bf3dfcca44d5e6f7,trusted,cn_public_2022_2026_cycles_1_0,public_schedule_without_transaction_override,False,,,complete
2025-08-17,0.00,0.00,0,2610903.00,last_posted_transaction_or_prior_closing_balance,,trusted,cn_public_2022_2026_cycles_1_0,public_schedule_without_transaction_override,False,,,complete
2025-08-18,0.00,8964.55,3,2601938.45,last_posted_transaction_or_prior_closing_balance,synb1_txn_017604c09ba81aff6f8218ba,trusted,cn_public_2022_2026_cycles_1_0,public_schedule_without_transaction_override,True,406,2025-08-19,complete
2025-08-19,0.00,0.00,0,2601938.45,last_posted_transaction_or_prior_closing_balance,,trusted,cn_public_2022_2026_cycles_1_0,public_schedule_without_transaction_override,True,407,2025-08-20,complete
2025-08-20,148044.29,0.00,4,2749982.74,last_posted_transaction_or_prior_closing_balance,synb1_txn_aa418d12f558af79521b1a11,trusted,cn_public_2022_2026_cycles_1_0,public_schedule_without_transaction_override,True,408,2025-08-21,complete
2025-08-21,0.00,0.00,0,2749982.74,last_posted_transaction_or_prior_closing_balance,,trusted,cn_public_2022_2026_cycles_1_0,public_schedule_without_transaction_override,True,409,2025-08-22,complete
2025-08-22,0.00,0.00,0,2749982.74,last_posted_transaction_or_prior_closing_balance,,trusted,cn_public_2022_2026_cycles_1_0,public_schedule_without_transaction_override,True,410,2025-08-25,complete
2025-08-23,26480.68,5488.36,2,2770975.06,last_posted_transaction_or_prior_closing_balance,synb1_txn_e8848cb70247f02276374082,trusted,cn_public_2022_2026_cycles_1_0,public_schedule_without_transaction_override,False,,,complete
2025-08-24,0.00,0.00,0,2770975.06,last_posted_transaction_or_prior_closing_balance,,trusted,cn_public_2022_2026_cycles_1_0,public_schedule_without_transaction_override,False,,,complete
2025-08-25,48418.62,0.00,1,2819393.68,last_posted_transaction_or_prior_closing_balance,synb1_txn_6ffe22cdf0f1e0ec438162f0,trusted,cn_public_2022_2026_cycles_1_0,public_schedule_without_transaction_override,True,411,2025-08-26,complete
2025-08-26,18329.17,0.00,1,2837722.85,last_posted_transaction_or_prior_closing_balance,synb1_txn_5cd76b9aeff948e77dd27022,trusted,cn_public_2022_2026_cycles_1_0,public_schedule_without_transaction_override,True,412,2025-08-27,complete
2025-08-27,0.00,27693.21,1,2810029.64,last_posted_transaction_or_prior_closing_balance,synb1_txn_21fc021737dbeb8947dbd412,trusted,cn_public_2022_2026_cycles_1_0,public_schedule_without_transaction_override,True,413,2025-08-28,complete
2025-08-28,0.00,1230.18,1,2808799.46,last_posted_transaction_or_prior_closing_balance,synb1_txn_ab7e9dec825232bfcb60aecc,trusted,cn_public_2022_2026_cycles_1_0,public_schedule_without_transaction_override,True,414,2025-08-29,complete
2025-08-29,0.00,0.00,0,2808799.46,last_posted_transaction_or_prior_closing_balance,,trusted,cn_public_2022_2026_cycles_1_0,public_schedule_without_transaction_override,True,415,2025-09-01,complete
2025-08-30,0.00,0.00,0,2808799.46,last_posted_transaction_or_prior_closing_balance,,trusted,cn_public_2022_2026_cycles_1_0,public_schedule_without_transaction_override,False,,,complete
2025-08-31,0.00,0.00,0,2808799.46,last_posted_transaction_or_prior_closing_balance,,trusted,cn_public_2022_2026_cycles_1_0,public_schedule_without_transaction_override,False,,,complete
2025-09-01,0.00,0.00,0,2808799.46,last_posted_transaction_or_prior_closing_balance,,trusted,cn_public_2022_2026_cycles_1_0,public_schedule_without_transaction_override,True,416,2025-09-02,complete
2025-09-02,0.00,16179.85,1,2792619.61,last_posted_transaction_or_prior_closing_balance,synb1_txn_00647722435679bfdc7f88e5,trusted,cn_public_2022_2026_cycles_1_0,public_schedule_without_transaction_override,True,417,2025-09-03,complete
2025-09-03,0.00,39388.69,1,2753230.92,last_posted_transaction_or_prior_closing_balance,synb1_txn_26f5ca984778df29e2c2d415,trusted,cn_public_2022_2026_cycles_1_0,public_schedule_without_transaction_override,True,418,2025-09-04,complete
2025-09-04,133297.21,78961.21,2,2807566.92,last_posted_transaction_or_prior_closing_balance,synb1_txn_6c192e852fe89c3d4e3b0e84,trusted,cn_public_2022_2026_cycles_1_0,public_schedule_without_transaction_override,True,419,2025-09-05,complete
2025-09-05,0.00,19500.00,1,2788066.92,last_posted_transaction_or_prior_closing_balance,synb1_txn_aedf72e3cedeba5e791aefe9,trusted,cn_public_2022_2026_cycles_1_0,public_schedule_without_transaction_override,True,420,2025-09-08,complete
2025-09-06,0.00,0.00,0,2788066.92,last_posted_transaction_or_prior_closing_balance,,trusted,cn_public_2022_2026_cycles_1_0,public_schedule_without_transaction_override,False,,,complete
2025-09-07,28666.93,94144.34,5,2722589.51,last_posted_transaction_or_prior_closing_balance,synb1_txn_501d8d6ce2e265338dba4370,trusted,cn_public_2022_2026_cycles_1_0,public_schedule_without_transaction_override,False,,,complete
2025-09-08,0.00,0.00,0,2722589.51,last_posted_transaction_or_prior_closing_balance,,trusted,cn_public_2022_2026_cycles_1_0,public_schedule_without_transaction_override,True,421,2025-09-09,complete
2025-09-09,54372.02,0.00,1,2776961.53,last_posted_transaction_or_prior_closing_balance,synb1_txn_1d09f8addac6c98cfcf4aa43,trusted,cn_public_2022_2026_cycles_1_0,public_schedule_without_transaction_override,True,422,2025-09-10,complete
2025-09-10,20106.05,0.00,1,2797067.58,last_posted_transaction_or_prior_closing_balance,synb1_txn_7bb14df38752195a1514e781,trusted,cn_public_2022_2026_cycles_1_0,public_schedule_without_transaction_override,True,423,2025-09-11,complete
2025-09-11,0.00,0.00,0,2797067.58,last_posted_transaction_or_prior_closing_balance,,trusted,cn_public_2022_2026_cycles_1_0,public_schedule_without_transaction_override,True,424,2025-09-12,complete
2025-09-12,0.00,0.00,0,2797067.58,last_posted_transaction_or_prior_closing_balance,,trusted,cn_public_2022_2026_cycles_1_0,public_schedule_without_transaction_override,True,425,2025-09-15,complete
2025-09-13,0.00,0.00,0,2797067.58,last_posted_transaction_or_prior_closing_balance,,trusted,cn_public_2022_2026_cycles_1_0,public_schedule_without_transaction_override,False,,,complete
2025-09-14,46842.41,0.00,1,2843909.99,last_posted_transaction_or_prior_closing_balance,synb1_txn_d406449b4d46ef5cb8257ee2,trusted,cn_public_2022_2026_cycles_1_0,public_schedule_without_transaction_override,False,,,complete
2025-09-15,25832.93,0.00,1,2869742.92,last_posted_transaction_or_prior_closing_balance,synb1_txn_eaffcc7b0437156b44801352,trusted,cn_public_2022_2026_cycles_1_0,public_schedule_without_transaction_override,True,426,2025-09-16,complete
2025-09-16,9523.68,0.00,1,2879266.60,last_posted_transaction_or_prior_closing_balance,synb1_txn_b8aeae40701a8bf31db325e3,trusted,cn_public_2022_2026_cycles_1_0,public_schedule_without_transaction_override,True,427,2025-09-17,complete
2025-09-17,0.00,0.00,0,2879266.60,last_posted_transaction_or_prior_closing_balance,,trusted,cn_public_2022_2026_cycles_1_0,public_schedule_without_transaction_override,True,428,2025-09-18,complete
2025-09-18,0.00,4652.48,2,2874614.12,last_posted_transaction_or_prior_closing_balance,synb1_txn_ab5b76d5c273b5ec658a530d,trusted,cn_public_2022_2026_cycles_1_0,public_schedule_without_transaction_override,True,429,2025-09-19,complete
2025-09-19,0.00,180580.25,1,2694033.87,last_posted_transaction_or_prior_closing_balance,synb1_txn_9abe5e73cb4cf04aa4c5799e,trusted,cn_public_2022_2026_cycles_1_0,public_schedule_without_transaction_override,True,430,2025-09-22,complete
2025-09-20,0.00,0.00,0,2694033.87,last_posted_transaction_or_prior_closing_balance,,trusted,cn_public_2022_2026_cycles_1_0,public_schedule_without_transaction_override,False,,,complete
2025-09-21,0.00,0.00,0,2694033.87,last_posted_transaction_or_prior_closing_balance,,trusted,cn_public_2022_2026_cycles_1_0,public_schedule_without_transaction_override,False,,,complete
2025-09-22,0.00,0.00,0,2694033.87,last_posted_transaction_or_prior_closing_balance,,trusted,cn_public_2022_2026_cycles_1_0,public_schedule_without_transaction_override,True,431,2025-09-23,complete
2025-09-23,76281.93,14084.83,2,2756230.97,last_posted_transaction_or_prior_closing_balance,synb1_txn_6a753e20cd587c06204396dc,trusted,cn_public_2022_2026_cycles_1_0,public_schedule_without_transaction_override,True,432,2025-09-24,complete
2025-09-24,5076.84,14092.82,2,2747214.99,last_posted_transaction_or_prior_closing_balance,synb1_txn_25e4f2075ded6242bc4dbfcd,trusted,cn_public_2022_2026_cycles_1_0,public_schedule_without_transaction_override,True,433,2025-09-25,complete
2025-09-25,0.00,0.00,0,2747214.99,last_posted_transaction_or_prior_closing_balance,,trusted,cn_public_2022_2026_cycles_1_0,public_schedule_without_transaction_override,True,434,2025-09-26,complete
2025-09-26,0.00,0.00,0,2747214.99,last_posted_transaction_or_prior_closing_balance,,trusted,cn_public_2022_2026_cycles_1_0,public_schedule_without_transaction_override,True,435,2025-09-28,complete
2025-09-27,0.00,27303.76,1,2719911.23,last_posted_transaction_or_prior_closing_balance,synb1_txn_5be92f88db51be93017b23c9,trusted,cn_public_2022_2026_cycles_1_0,public_schedule_without_transaction_override,False,,,complete
2025-09-28,0.00,0.00,0,2719911.23,last_posted_transaction_or_prior_closing_balance,,trusted,cn_public_2022_2026_cycles_1_0,public_schedule_without_transaction_override,True,436,2025-09-29,complete
2025-09-29,0.00,0.00,0,2719911.23,last_posted_transaction_or_prior_closing_balance,,trusted,cn_public_2022_2026_cycles_1_0,public_schedule_without_transaction_override,True,437,2025-09-30,complete
2025-09-30,0.00,0.00,0,2719911.23,last_posted_transaction_or_prior_closing_balance,,trusted,cn_public_2022_2026_cycles_1_0,public_schedule_without_transaction_override,True,438,2025-10-09,complete
2025-10-01,0.00,0.00,0,2719911.23,last_posted_transaction_or_prior_closing_balance,,trusted,cn_public_2022_2026_cycles_1_0,public_schedule_without_transaction_override,False,,,complete
2025-10-02,3749.43,0.00,1,2723660.66,last_posted_transaction_or_prior_closing_balance,synb1_txn_2584129fe6dfafbb215854d0,trusted,cn_public_2022_2026_cycles_1_0,public_schedule_without_transaction_override,False,,,complete
2025-10-03,0.00,0.00,0,2723660.66,last_posted_transaction_or_prior_closing_balance,,trusted,cn_public_2022_2026_cycles_1_0,public_schedule_without_transaction_override,False,,,complete
2025-10-04,54662.06,0.00,1,2778322.72,last_posted_transaction_or_prior_closing_balance,synb1_txn_cf9c7cfd6661795e927e3822,trusted,cn_public_2022_2026_cycles_1_0,public_schedule_without_transaction_override,False,,,complete
2025-10-05,0.00,43994.01,2,2734328.71,last_posted_transaction_or_prior_closing_balance,synb1_txn_02933fe2b7482a3d4301169b,trusted,cn_public_2022_2026_cycles_1_0,public_schedule_without_transaction_override,False,,,complete
2025-10-06,0.00,0.00,0,2734328.71,last_posted_transaction_or_prior_closing_balance,,trusted,cn_public_2022_2026_cycles_1_0,public_schedule_without_transaction_override,False,,,complete
2025-10-07,0.00,134697.54,2,2599631.17,last_posted_transaction_or_prior_closing_balance,synb1_txn_191e8a3127b82bb682a7039e,trusted,cn_public_2022_2026_cycles_1_0,public_schedule_without_transaction_override,False,,,complete
2025-10-08,0.00,0.00,0,2599631.17,last_posted_transaction_or_prior_closing_balance,,trusted,cn_public_2022_2026_cycles_1_0,public_schedule_without_transaction_override,False,,,complete
2025-10-09,0.00,0.00,0,2599631.17,last_posted_transaction_or_prior_closing_balance,,trusted,cn_public_2022_2026_cycles_1_0,public_schedule_without_transaction_override,True,439,2025-10-10,complete
2025-10-10,0.00,12839.49,1,2586791.68,last_posted_transaction_or_prior_closing_balance,synb1_txn_f0b9921ba899f4add980cd49,trusted,cn_public_2022_2026_cycles_1_0,public_schedule_without_transaction_override,True,440,2025-10-11,complete
2025-10-11,0.00,2160.51,1,2584631.17,last_posted_transaction_or_prior_closing_balance,synb1_txn_2979e5eccbd6ae4400b8784b,trusted,cn_public_2022_2026_cycles_1_0,public_schedule_without_transaction_override,True,441,2025-10-13,complete
2025-10-12,12347.30,102810.56,3,2494167.91,last_posted_transaction_or_prior_closing_balance,synb1_txn_bfa3b90300f9425767e712f9,trusted,cn_public_2022_2026_cycles_1_0,public_schedule_without_transaction_override,False,,,complete
2025-10-13,0.00,0.00,0,2494167.91,last_posted_transaction_or_prior_closing_balance,,trusted,cn_public_2022_2026_cycles_1_0,public_schedule_without_transaction_override,True,442,2025-10-14,complete
2025-10-14,0.00,0.00,0,2494167.91,last_posted_transaction_or_prior_closing_balance,,trusted,cn_public_2022_2026_cycles_1_0,public_schedule_without_transaction_override,True,443,2025-10-15,complete
2025-10-15,20337.62,0.00,2,2514505.53,last_posted_transaction_or_prior_closing_balance,synb1_txn_5c6e8c885dd1d58c3c69139b,trusted,cn_public_2022_2026_cycles_1_0,public_schedule_without_transaction_override,True,444,2025-10-16,complete
2025-10-16,18650.62,0.00,1,2533156.15,last_posted_transaction_or_prior_closing_balance,synb1_txn_9ad7ce8b32d15cba3190134a,trusted,cn_public_2022_2026_cycles_1_0,public_schedule_without_transaction_override,True,445,2025-10-17,complete
2025-10-17,62848.59,11115.29,4,2584889.45,last_posted_transaction_or_prior_closing_balance,synb1_txn_e925808a1a6eabd597dc189f,trusted,cn_public_2022_2026_cycles_1_0,public_schedule_without_transaction_override,True,446,2025-10-20,complete
2025-10-18,5803.78,0.00,1,2590693.23,last_posted_transaction_or_prior_closing_balance,synb1_txn_d694fc88ce473c5cd92c7a56,trusted,cn_public_2022_2026_cycles_1_0,public_schedule_without_transaction_override,False,,,complete
2025-10-19,39211.43,0.00,1,2629904.66,last_posted_transaction_or_prior_closing_balance,synb1_txn_59595d4c4525043437028209,trusted,cn_public_2022_2026_cycles_1_0,public_schedule_without_transaction_override,False,,,complete
2025-10-20,0.00,113707.62,3,2516197.04,last_posted_transaction_or_prior_closing_balance,synb1_txn_ec116950d20fe803fa27c444,trusted,cn_public_2022_2026_cycles_1_0,public_schedule_without_transaction_override,True,447,2025-10-21,complete
2025-10-21,0.00,0.00,0,2516197.04,last_posted_transaction_or_prior_closing_balance,,trusted,cn_public_2022_2026_cycles_1_0,public_schedule_without_transaction_override,True,448,2025-10-22,complete
2025-10-22,0.00,0.00,0,2516197.04,last_posted_transaction_or_prior_closing_balance,,trusted,cn_public_2022_2026_cycles_1_0,public_schedule_without_transaction_override,True,449,2025-10-23,complete
2025-10-23,64418.72,0.00,1,2580615.76,last_posted_transaction_or_prior_closing_balance,synb1_txn_6497ab8feb83acdc74b13e72,trusted,cn_public_2022_2026_cycles_1_0,public_schedule_without_transaction_override,True,450,2025-10-24,complete
2025-10-24,57155.77,51281.81,2,2586489.72,last_posted_transaction_or_prior_closing_balance,synb1_txn_8e00b5848c26989c5e08e441,trusted,cn_public_2022_2026_cycles_1_0,public_schedule_without_transaction_override,True,451,2025-10-27,complete
2025-10-25,0.00,0.00,0,2586489.72,last_posted_transaction_or_prior_closing_balance,,trusted,cn_public_2022_2026_cycles_1_0,public_schedule_without_transaction_override,False,,,complete
2025-10-26,0.00,0.00,0,2586489.72,last_posted_transaction_or_prior_closing_balance,,trusted,cn_public_2022_2026_cycles_1_0,public_schedule_without_transaction_override,False,,,complete
2025-10-27,33594.68,0.00,2,2620084.40,last_posted_transaction_or_prior_closing_balance,synb1_txn_36e64d3f24971b6910ff9f90,trusted,cn_public_2022_2026_cycles_1_0,public_schedule_without_transaction_override,True,452,2025-10-28,complete
2025-10-28,0.00,439.30,1,2619645.10,last_posted_transaction_or_prior_closing_balance,synb1_txn_ef3184888f494e9e55066d97,trusted,cn_public_2022_2026_cycles_1_0,public_schedule_without_transaction_override,True,453,2025-10-29,complete
2025-10-29,0.00,0.00,0,2619645.10,last_posted_transaction_or_prior_closing_balance,,trusted,cn_public_2022_2026_cycles_1_0,public_schedule_without_transaction_override,True,454,2025-10-30,complete
2025-10-30,0.00,0.00,0,2619645.10,last_posted_transaction_or_prior_closing_balance,,trusted,cn_public_2022_2026_cycles_1_0,public_schedule_without_transaction_override,True,455,2025-10-31,complete
2025-10-31,0.00,0.00,0,2619645.10,last_posted_transaction_or_prior_closing_balance,,trusted,cn_public_2022_2026_cycles_1_0,public_schedule_without_transaction_override,True,456,2025-11-03,complete
2025-11-01,0.00,0.00,0,2619645.10,last_posted_transaction_or_prior_closing_balance,,trusted,cn_public_2022_2026_cycles_1_0,public_schedule_without_transaction_override,False,,,complete
2025-11-02,83026.49,31022.14,2,2671649.45,last_posted_transaction_or_prior_closing_balance,synb1_txn_a1a4b96481bf77a4b62bafa2,trusted,cn_public_2022_2026_cycles_1_0,public_schedule_without_transaction_override,False,,,complete
2025-11-03,101559.12,0.00,1,2773208.57,last_posted_transaction_or_prior_closing_balance,synb1_txn_8e8c41f19eb50d856aba37ac,trusted,cn_public_2022_2026_cycles_1_0,public_schedule_without_transaction_override,True,457,2025-11-04,complete
2025-11-04,0.00,0.00,0,2773208.57,last_posted_transaction_or_prior_closing_balance,,trusted,cn_public_2022_2026_cycles_1_0,public_schedule_without_transaction_override,True,458,2025-11-05,complete
2025-11-05,0.00,19500.00,1,2753708.57,last_posted_transaction_or_prior_closing_balance,synb1_txn_b9dd75b9003d194bdc59bf6d,trusted,cn_public_2022_2026_cycles_1_0,public_schedule_without_transaction_override,True,459,2025-11-06,complete
2025-11-06,6741.32,0.00,1,2760449.89,last_posted_transaction_or_prior_closing_balance,synb1_txn_861668be16723beffad15b2e,trusted,cn_public_2022_2026_cycles_1_0,public_schedule_without_transaction_override,True,460,2025-11-07,complete
2025-11-07,0.00,121247.85,2,2639202.04,last_posted_transaction_or_prior_closing_balance,synb1_txn_fa499b53eaabe693ab9cabe8,trusted,cn_public_2022_2026_cycles_1_0,public_schedule_without_transaction_override,True,461,2025-11-10,complete
2025-11-08,0.00,2867.34,1,2636334.70,last_posted_transaction_or_prior_closing_balance,synb1_txn_7c86e9982270cd73d85ab3c0,trusted,cn_public_2022_2026_cycles_1_0,public_schedule_without_transaction_override,False,,,complete
2025-11-09,0.00,35674.61,1,2600660.09,last_posted_transaction_or_prior_closing_balance,synb1_txn_53910e784eafaf98a8763f07,trusted,cn_public_2022_2026_cycles_1_0,public_schedule_without_transaction_override,False,,,complete
2025-11-10,0.00,0.00,0,2600660.09,last_posted_transaction_or_prior_closing_balance,,trusted,cn_public_2022_2026_cycles_1_0,public_schedule_without_transaction_override,True,462,2025-11-11,complete
2025-11-11,3587.95,64833.49,3,2539414.55,last_posted_transaction_or_prior_closing_balance,synb1_txn_49f7f93ac65125b381d3244e,trusted,cn_public_2022_2026_cycles_1_0,public_schedule_without_transaction_override,True,463,2025-11-12,complete
2025-11-12,0.00,0.00,0,2539414.55,last_posted_transaction_or_prior_closing_balance,,trusted,cn_public_2022_2026_cycles_1_0,public_schedule_without_transaction_override,True,464,2025-11-13,complete
2025-11-13,0.00,0.00,0,2539414.55,last_posted_transaction_or_prior_closing_balance,,trusted,cn_public_2022_2026_cycles_1_0,public_schedule_without_transaction_override,True,465,2025-11-14,complete
2025-11-14,0.00,0.00,0,2539414.55,last_posted_transaction_or_prior_closing_balance,,trusted,cn_public_2022_2026_cycles_1_0,public_schedule_without_transaction_override,True,466,2025-11-17,complete
2025-11-15,0.00,8301.62,2,2531112.93,last_posted_transaction_or_prior_closing_balance,synb1_txn_43baae7b11485d302763e004,trusted,cn_public_2022_2026_cycles_1_0,public_schedule_without_transaction_override,False,,,complete
2025-11-16,0.00,0.00,0,2531112.93,last_posted_transaction_or_prior_closing_balance,,trusted,cn_public_2022_2026_cycles_1_0,public_schedule_without_transaction_override,False,,,complete
2025-11-17,0.00,0.00,0,2531112.93,last_posted_transaction_or_prior_closing_balance,,trusted,cn_public_2022_2026_cycles_1_0,public_schedule_without_transaction_override,True,467,2025-11-18,complete
2025-11-18,35374.39,4105.92,3,2562381.40,last_posted_transaction_or_prior_closing_balance,synb1_txn_889eca60ae361dd9c1b585c1,trusted,cn_public_2022_2026_cycles_1_0,public_schedule_without_transaction_override,True,468,2025-11-19,complete
2025-11-19,0.00,2799.31,1,2559582.09,last_posted_transaction_or_prior_closing_balance,synb1_txn_a626252ecf61c67139088116,trusted,cn_public_2022_2026_cycles_1_0,public_schedule_without_transaction_override,True,469,2025-11-20,complete
2025-11-20,0.00,47012.91,2,2512569.18,last_posted_transaction_or_prior_closing_balance,synb1_txn_59f734b13c3d4e04484dd7aa,trusted,cn_public_2022_2026_cycles_1_0,public_schedule_without_transaction_override,True,470,2025-11-21,complete
2025-11-21,0.00,0.00,0,2512569.18,last_posted_transaction_or_prior_closing_balance,,trusted,cn_public_2022_2026_cycles_1_0,public_schedule_without_transaction_override,True,471,2025-11-24,complete
2025-11-22,10468.75,2824.32,2,2520213.61,last_posted_transaction_or_prior_closing_balance,synb1_txn_476a85bbae7ce36593b53756,trusted,cn_public_2022_2026_cycles_1_0,public_schedule_without_transaction_override,False,,,complete
2025-11-23,0.00,0.00,0,2520213.61,last_posted_transaction_or_prior_closing_balance,,trusted,cn_public_2022_2026_cycles_1_0,public_schedule_without_transaction_override,False,,,complete
2025-11-24,0.00,0.00,0,2520213.61,last_posted_transaction_or_prior_closing_balance,,trusted,cn_public_2022_2026_cycles_1_0,public_schedule_without_transaction_override,True,472,2025-11-25,complete
2025-11-25,10971.89,0.00,1,2531185.50,last_posted_transaction_or_prior_closing_balance,synb1_txn_70fd7b47cfc1dcfe3723d920,trusted,cn_public_2022_2026_cycles_1_0,public_schedule_without_transaction_override,True,473,2025-11-26,complete
2025-11-26,47990.09,0.00,2,2579175.59,last_posted_transaction_or_prior_closing_balance,synb1_txn_1d6b5b534fee7fd759acb54d,trusted,cn_public_2022_2026_cycles_1_0,public_schedule_without_transaction_override,True,474,2025-11-27,complete
2025-11-27,0.00,5202.81,1,2573972.78,last_posted_transaction_or_prior_closing_balance,synb1_txn_f57d3eff428d749397e140e5,trusted,cn_public_2022_2026_cycles_1_0,public_schedule_without_transaction_override,True,475,2025-11-28,complete
2025-11-28,0.00,0.00,0,2573972.78,last_posted_transaction_or_prior_closing_balance,,trusted,cn_public_2022_2026_cycles_1_0,public_schedule_without_transaction_override,True,476,2025-12-01,complete
2025-11-29,0.00,0.00,0,2573972.78,last_posted_transaction_or_prior_closing_balance,,trusted,cn_public_2022_2026_cycles_1_0,public_schedule_without_transaction_override,False,,,complete
2025-11-30,0.00,0.00,0,2573972.78,last_posted_transaction_or_prior_closing_balance,,trusted,cn_public_2022_2026_cycles_1_0,public_schedule_without_transaction_override,False,,,complete
2025-12-01,0.00,0.00,0,2573972.78,last_posted_transaction_or_prior_closing_balance,,trusted,cn_public_2022_2026_cycles_1_0,public_schedule_without_transaction_override,True,477,2025-12-02,complete
2025-12-02,19689.01,2710.25,3,2590951.54,last_posted_transaction_or_prior_closing_balance,synb1_txn_3d9e3000971e51f4098c6315,trusted,cn_public_2022_2026_cycles_1_0,public_schedule_without_transaction_override,True,478,2025-12-03,complete
2025-12-03,0.00,178690.76,1,2412260.78,last_posted_transaction_or_prior_closing_balance,synb1_txn_005ba4149e92e7ff8bdeb683,trusted,cn_public_2022_2026_cycles_1_0,public_schedule_without_transaction_override,True,479,2025-12-04,complete
2025-12-04,0.00,0.00,0,2412260.78,last_posted_transaction_or_prior_closing_balance,,trusted,cn_public_2022_2026_cycles_1_0,public_schedule_without_transaction_override,True,480,2025-12-05,complete
2025-12-05,0.00,19500.00,1,2392760.78,last_posted_transaction_or_prior_closing_balance,synb1_txn_26363dd547bde0eeff2c988d,trusted,cn_public_2022_2026_cycles_1_0,public_schedule_without_transaction_override,True,481,2025-12-08,complete
2025-12-06,0.00,0.00,0,2392760.78,last_posted_transaction_or_prior_closing_balance,,trusted,cn_public_2022_2026_cycles_1_0,public_schedule_without_transaction_override,False,,,complete
2025-12-07,0.00,84000.00,1,2308760.78,last_posted_transaction_or_prior_closing_balance,synb1_txn_b118cb3149aa89294db0a9bc,trusted,cn_public_2022_2026_cycles_1_0,public_schedule_without_transaction_override,False,,,complete
2025-12-08,0.00,0.00,0,2308760.78,last_posted_transaction_or_prior_closing_balance,,trusted,cn_public_2022_2026_cycles_1_0,public_schedule_without_transaction_override,True,482,2025-12-09,complete
2025-12-09,26968.26,0.00,1,2335729.04,last_posted_transaction_or_prior_closing_balance,synb1_txn_8b87fbb7cf56bd4a4df27491,trusted,cn_public_2022_2026_cycles_1_0,public_schedule_without_transaction_override,True,483,2025-12-10,complete
2025-12-10,36031.29,0.00,1,2371760.33,last_posted_transaction_or_prior_closing_balance,synb1_txn_13eb4563487186a2981d4207,trusted,cn_public_2022_2026_cycles_1_0,public_schedule_without_transaction_override,True,484,2025-12-11,complete
2025-12-11,0.00,0.00,0,2371760.33,last_posted_transaction_or_prior_closing_balance,,trusted,cn_public_2022_2026_cycles_1_0,public_schedule_without_transaction_override,True,485,2025-12-12,complete
2025-12-12,0.00,0.00,0,2371760.33,last_posted_transaction_or_prior_closing_balance,,trusted,cn_public_2022_2026_cycles_1_0,public_schedule_without_transaction_override,True,486,2025-12-15,complete
2025-12-13,0.00,8591.11,1,2363169.22,last_posted_transaction_or_prior_closing_balance,synb1_txn_17a8de2f0989eebf0cafbb06,trusted,cn_public_2022_2026_cycles_1_0,public_schedule_without_transaction_override,False,,,complete
2025-12-14,0.00,0.00,0,2363169.22,last_posted_transaction_or_prior_closing_balance,,trusted,cn_public_2022_2026_cycles_1_0,public_schedule_without_transaction_override,False,,,complete
2025-12-15,24161.11,0.00,1,2387330.33,last_posted_transaction_or_prior_closing_balance,synb1_txn_4a17de3489fb82536a79ddc0,trusted,cn_public_2022_2026_cycles_1_0,public_schedule_without_transaction_override,True,487,2025-12-16,complete
2025-12-16,0.00,0.00,0,2387330.33,last_posted_transaction_or_prior_closing_balance,,trusted,cn_public_2022_2026_cycles_1_0,public_schedule_without_transaction_override,True,488,2025-12-17,complete
2025-12-17,0.00,41977.96,1,2345352.37,last_posted_transaction_or_prior_closing_balance,synb1_txn_4d950258e5c61bd600534479,trusted,cn_public_2022_2026_cycles_1_0,public_schedule_without_transaction_override,True,489,2025-12-18,complete
2025-12-18,1823.47,2233.28,3,2344942.56,last_posted_transaction_or_prior_closing_balance,synb1_txn_790de4ee10ba6583f1053fda,trusted,cn_public_2022_2026_cycles_1_0,public_schedule_without_transaction_override,True,490,2025-12-19,complete
2025-12-19,0.00,0.00,0,2344942.56,last_posted_transaction_or_prior_closing_balance,,trusted,cn_public_2022_2026_cycles_1_0,public_schedule_without_transaction_override,True,491,2025-12-22,complete
2025-12-20,24180.55,0.00,1,2369123.11,last_posted_transaction_or_prior_closing_balance,synb1_txn_9a19a0eb6d0635c6199cb08c,trusted,cn_public_2022_2026_cycles_1_0,public_schedule_without_transaction_override,False,,,complete
2025-12-21,48665.00,0.00,2,2417788.11,last_posted_transaction_or_prior_closing_balance,synb1_txn_138f21c91dd0d61374ace537,trusted,cn_public_2022_2026_cycles_1_0,public_schedule_without_transaction_override,False,,,complete
2025-12-22,6770.53,0.00,1,2424558.64,last_posted_transaction_or_prior_closing_balance,synb1_txn_398466f84705f30133f041d0,trusted,cn_public_2022_2026_cycles_1_0,public_schedule_without_transaction_override,True,492,2025-12-23,complete
2025-12-23,0.00,0.00,0,2424558.64,last_posted_transaction_or_prior_closing_balance,,trusted,cn_public_2022_2026_cycles_1_0,public_schedule_without_transaction_override,True,493,2025-12-24,complete
2025-12-24,0.00,31189.19,2,2393369.45,last_posted_transaction_or_prior_closing_balance,synb1_txn_620c89d9716e1c3e7224a124,trusted,cn_public_2022_2026_cycles_1_0,public_schedule_without_transaction_override,True,494,2025-12-25,complete
2025-12-25,0.00,6490.82,1,2386878.63,last_posted_transaction_or_prior_closing_balance,synb1_txn_28264792b2855eaa5423671d,trusted,cn_public_2022_2026_cycles_1_0,public_schedule_without_transaction_override,True,495,2025-12-26,complete
2025-12-26,0.00,0.00,0,2386878.63,last_posted_transaction_or_prior_closing_balance,,trusted,cn_public_2022_2026_cycles_1_0,public_schedule_without_transaction_override,True,496,2025-12-29,complete
2025-12-27,13484.27,101220.73,2,2299142.17,last_posted_transaction_or_prior_closing_balance,synb1_txn_0d2933af3be78c62287aa90c,trusted,cn_public_2022_2026_cycles_1_0,public_schedule_without_transaction_override,False,,,complete
2025-12-28,89426.51,5798.93,3,2382769.75,last_posted_transaction_or_prior_closing_balance,synb1_txn_f417bc463291dc2c4579c923,trusted,cn_public_2022_2026_cycles_1_0,public_schedule_without_transaction_override,False,,,complete
2025-12-29,0.00,0.00,0,2382769.75,last_posted_transaction_or_prior_closing_balance,,trusted,cn_public_2022_2026_cycles_1_0,public_schedule_without_transaction_override,True,497,2025-12-30,complete
2025-12-30,0.00,0.00,0,2382769.75,last_posted_transaction_or_prior_closing_balance,,trusted,cn_public_2022_2026_cycles_1_0,public_schedule_without_transaction_override,True,498,2025-12-31,complete
2025-12-31,0.00,0.00,0,2382769.75,last_posted_transaction_or_prior_closing_balance,,trusted,cn_public_2022_2026_cycles_1_0,public_schedule_without_transaction_override,True,499,2026-01-04,complete
