transaction_id,booking_datetime,direction_cn,amount_cny,cash_flow_type_cn,usage_scope_cn
synb1_txn_0c9041078d430b7156b1e77d,2024-01-01T09:00:00,流入,3600000.00,股东注资或股东借款,仅供人工查看；不得作为模型输入或导入数据库
synb1_txn_84ceb1b0a8425d02998d1867,2024-01-03T09:00:00,流出,60000.00,投用设备购买款,仅供人工查看；不得作为模型输入或导入数据库
synb1_txn_44ae168192faea1ef33d5b3c,2024-01-03T09:00:00,流出,37221.05,固定场地租赁付款,仅供人工查看；不得作为模型输入或导入数据库
synb1_txn_aae9fa4df5af5feccc4eb4a8,2024-01-05T09:00:00,流出,17836.31,备件到货后按供应合同付款,仅供人工查看；不得作为模型输入或导入数据库
synb1_txn_b548203724b3e2164caf8c5b,2024-01-07T09:00:00,流出,160991.30,持续服务班组工资,仅供人工查看；不得作为模型输入或导入数据库
synb1_txn_97f39ca3b7bced016b1bf253,2024-01-08T09:00:00,流出,12842.14,备件到货后按供应合同付款,仅供人工查看；不得作为模型输入或导入数据库
synb1_txn_642b52a32182e8e461cd7ce6,2024-01-11T09:00:00,流出,19976.67,备件到货后按供应合同付款,仅供人工查看；不得作为模型输入或导入数据库
synb1_txn_fd3feb0ea0f001c8f03c5b98,2024-01-14T09:00:00,流出,14269.06,备件到货后按供应合同付款,仅供人工查看；不得作为模型输入或导入数据库
synb1_txn_14611d47964d0a694a9287c7,2024-01-16T09:00:00,流出,8115.52,备件到货后按供应合同付款,仅供人工查看；不得作为模型输入或导入数据库
synb1_txn_7ac1a099a6bb5ff1936e1af8,2024-01-18T09:00:00,流出,21435.56,备件到货后按供应合同付款,仅供人工查看；不得作为模型输入或导入数据库
synb1_txn_3634491862570e27edbed61f,2024-01-19T09:00:00,流出,9738.62,备件到货后按供应合同付款,仅供人工查看；不得作为模型输入或导入数据库
synb1_txn_4098dc3d1db552d6f5bf29f3,2024-01-21T09:00:00,流出,11908.64,备件到货后按供应合同付款,仅供人工查看；不得作为模型输入或导入数据库
synb1_txn_8257dd24b933d1899f4da0ef,2024-01-22T09:00:00,流出,21911.91,备件到货后按供应合同付款,仅供人工查看；不得作为模型输入或导入数据库
synb1_txn_652bf06ccb0a1f5c787cb29f,2024-01-23T15:00:00,流入,21857.14,客户交付验收后的合同回款,仅供人工查看；不得作为模型输入或导入数据库
synb1_txn_28ba76b8e2abd1c9c0c08842,2024-01-24T09:00:00,流出,18259.92,备件到货后按供应合同付款,仅供人工查看；不得作为模型输入或导入数据库
synb1_txn_3d0fcdc5366137605742ad73,2024-01-25T09:00:00,流出,54405.94,合规、技术支持及外部服务费,仅供人工查看；不得作为模型输入或导入数据库
synb1_txn_59012e09242d9b35e90441a5,2024-01-25T09:00:00,流出,21100.37,备件到货后按供应合同付款,仅供人工查看；不得作为模型输入或导入数据库
synb1_txn_c3163cf8b0a72befe9b97d1f,2024-01-27T09:00:00,流出,21435.58,备件到货后按供应合同付款,仅供人工查看；不得作为模型输入或导入数据库
synb1_txn_1b20c8ef3dbfa5e3df6a689a,2024-01-27T15:00:00,流入,19006.21,客户交付验收后的合同回款,仅供人工查看；不得作为模型输入或导入数据库
synb1_txn_af89fbfaa647b472634d585c,2024-01-28T09:00:00,流出,16506.15,备件到货后按供应合同付款,仅供人工查看；不得作为模型输入或导入数据库
synb1_txn_ea0be6bc1b8792cef1d8982d,2024-01-30T09:00:00,流出,10997.12,备件到货后按供应合同付款,仅供人工查看；不得作为模型输入或导入数据库
synb1_txn_ecbb56b726c89422e5cc0c31,2024-01-31T09:00:00,流出,15130.64,备件到货后按供应合同付款,仅供人工查看；不得作为模型输入或导入数据库
synb1_txn_ea9e4e1cd1e8c2993136b978,2024-01-31T15:00:00,流入,19956.52,客户交付验收后的合同回款,仅供人工查看；不得作为模型输入或导入数据库
synb1_txn_a1f6a8c0867d1a44e2834840,2024-02-02T09:00:00,流出,17466.01,备件到货后按供应合同付款,仅供人工查看；不得作为模型输入或导入数据库
synb1_txn_de42c4a0c794b8d79ee3afa4,2024-02-02T09:00:00,流出,15518.57,备件到货后按供应合同付款,仅供人工查看；不得作为模型输入或导入数据库
synb1_txn_7838aa99a07422092a6e1bd1,2024-02-02T15:00:00,流入,15558.22,客户交付验收后的合同回款,仅供人工查看；不得作为模型输入或导入数据库
synb1_txn_b18043f9cf0c63b1dcee42d9,2024-02-03T09:00:00,流出,37221.05,固定场地租赁付款,仅供人工查看；不得作为模型输入或导入数据库
synb1_txn_1d1ea31ebb3da00eee6f1052,2024-02-03T09:00:00,流出,27510.25,备件到货后按供应合同付款,仅供人工查看；不得作为模型输入或导入数据库
synb1_txn_becfc47abac04dbb96796d39,2024-02-04T15:00:00,流入,25658.38,客户交付验收后的合同回款,仅供人工查看；不得作为模型输入或导入数据库
synb1_txn_f5cc34419b6593d91083b59a,2024-02-05T09:00:00,流出,5175.11,备件到货后按供应合同付款,仅供人工查看；不得作为模型输入或导入数据库
synb1_txn_d00760b193af1fe9e42f8496,2024-02-05T09:00:00,流出,7162.42,备件到货后按供应合同付款,仅供人工查看；不得作为模型输入或导入数据库
synb1_txn_ba1f92dde7ffa11101a2bace,2024-02-06T09:00:00,流出,22008.22,备件到货后按供应合同付款,仅供人工查看；不得作为模型输入或导入数据库
synb1_txn_3297852f65c9b7af413b01b1,2024-02-06T15:00:00,流入,20744.29,客户交付验收后的合同回款,仅供人工查看；不得作为模型输入或导入数据库
synb1_txn_eb3a3335b6d705b40c62385c,2024-02-07T09:00:00,流出,160991.30,持续服务班组工资,仅供人工查看；不得作为模型输入或导入数据库
synb1_txn_7f7eaf06a644f701e19b5cb8,2024-02-08T09:00:00,流出,10997.13,备件到货后按供应合同付款,仅供人工查看；不得作为模型输入或导入数据库
synb1_txn_a049f3310f0135c41c41ff83,2024-02-08T09:00:00,流出,16712.31,备件到货后按供应合同付款,仅供人工查看；不得作为模型输入或导入数据库
synb1_txn_f0a1a9d9e02f10fba5838db1,2024-02-08T15:00:00,流入,24708.07,客户交付验收后的合同回款,仅供人工查看；不得作为模型输入或导入数据库
synb1_txn_a848d5023b6994d05f308ec9,2024-02-10T15:00:00,流入,14693.87,客户交付验收后的合同回款,仅供人工查看；不得作为模型输入或导入数据库
synb1_txn_6923f2b9769f1f41ba97e8ea,2024-02-11T09:00:00,流出,11937.38,备件到货后按供应合同付款,仅供人工查看；不得作为模型输入或导入数据库
synb1_txn_1d398b2680bc86aba128d91c,2024-02-12T15:00:00,流入,11403.72,客户交付验收后的合同回款,仅供人工查看；不得作为模型输入或导入数据库
synb1_txn_ca40ebaddb2f55ef6d6e1756,2024-02-13T09:00:00,流出,13999.27,备件到货后按供应合同付款,仅供人工查看；不得作为模型输入或导入数据库
synb1_txn_6fb95f9215a9c5d7f9687dcf,2024-02-14T15:00:00,流入,10372.14,客户交付验收后的合同回款,仅供人工查看；不得作为模型输入或导入数据库
synb1_txn_9b845c930b116d36bac4973f,2024-02-14T15:00:00,流入,9303.66,客户交付验收后的合同回款,仅供人工查看；不得作为模型输入或导入数据库
synb1_txn_72aee1f65718e494c0694d67,2024-02-16T09:00:00,流出,7874.59,备件到货后按供应合同付款,仅供人工查看；不得作为模型输入或导入数据库
synb1_txn_fbf65f0566beb968665a6781,2024-02-16T15:00:00,流入,11403.72,客户交付验收后的合同回款,仅供人工查看；不得作为模型输入或导入数据库
synb1_txn_546d09c0b6c5f95b6f07872c,2024-02-18T09:00:00,流出,13605.43,备件到货后按供应合同付款,仅供人工查看；不得作为模型输入或导入数据库
synb1_txn_f6e10c361846b68120e20a91,2024-02-18T15:00:00,流入,19879.95,客户交付验收后的合同回款,仅供人工查看；不得作为模型输入或导入数据库
synb1_txn_d57b7d181d0fefdf5001612d,2024-02-18T15:00:00,流入,16539.84,客户交付验收后的合同回款,仅供人工查看；不得作为模型输入或导入数据库
synb1_txn_9b8ed5abcdb8475e6a4d8fe4,2024-02-19T09:00:00,流出,9624.50,备件到货后按供应合同付款,仅供人工查看；不得作为模型输入或导入数据库
synb1_txn_27e471bf335d8c74c27ca9fc,2024-02-20T15:00:00,流入,14254.65,客户交付验收后的合同回款,仅供人工查看；不得作为模型输入或导入数据库
synb1_txn_c9ccf881cca24f1b1977962f,2024-02-21T09:00:00,流出,14321.50,备件到货后按供应合同付款,仅供人工查看；不得作为模型输入或导入数据库
synb1_txn_203449481591a006f552785e,2024-02-22T09:00:00,流出,24498.74,备件到货后按供应合同付款,仅供人工查看；不得作为模型输入或导入数据库
synb1_txn_cb5350b5444607b92a899c40,2024-02-22T15:00:00,流入,13829.53,客户交付验收后的合同回款,仅供人工查看；不得作为模型输入或导入数据库
synb1_txn_b4b0012a0cd77163a9e96415,2024-02-22T15:00:00,流入,11371.14,客户交付验收后的合同回款,仅供人工查看；不得作为模型输入或导入数据库
synb1_txn_efaa4378a9dd419edad17366,2024-02-24T09:00:00,流出,10025.05,备件到货后按供应合同付款,仅供人工查看；不得作为模型输入或导入数据库
synb1_txn_e85cdc5c78908c3572a78b71,2024-02-24T15:00:00,流入,17105.58,客户交付验收后的合同回款,仅供人工查看；不得作为模型输入或导入数据库
synb1_txn_fa14f47dca60e02fd00c9c63,2024-02-25T09:00:00,流出,54405.94,合规、技术支持及外部服务费,仅供人工查看；不得作为模型输入或导入数据库
synb1_txn_f38eacb5fa21316714392e7e,2024-02-25T09:00:00,流出,12249.36,备件到货后按供应合同付款,仅供人工查看；不得作为模型输入或导入数据库
synb1_txn_90ece5d44be3a915c01fa21a,2024-02-26T15:00:00,流入,22472.98,客户交付验收后的合同回款,仅供人工查看；不得作为模型输入或导入数据库
synb1_txn_89bde0f04d9f02b21ac0c757,2024-02-26T15:00:00,流入,26877.24,客户交付验收后的合同回款,仅供人工查看；不得作为模型输入或导入数据库
synb1_txn_86a8c052d251b7ff1caa7a94,2024-02-27T09:00:00,流出,10741.15,备件到货后按供应合同付款,仅供人工查看；不得作为模型输入或导入数据库
synb1_txn_a9d2572d1bb1ae06fbb8e806,2024-02-27T09:00:00,流出,23568.40,备件到货后按供应合同付款,仅供人工查看；不得作为模型输入或导入数据库
synb1_txn_4e5d3847694ed370f43539f3,2024-02-28T09:00:00,流出,6300.00,缴纳模拟增值税,仅供人工查看；不得作为模型输入或导入数据库
synb1_txn_763a79cc6e92b366ffd80aea,2024-02-28T09:00:00,流出,756.00,缴纳附加税,仅供人工查看；不得作为模型输入或导入数据库
synb1_txn_722ff74e3dc5efd5170f3b05,2024-02-28T09:00:00,流出,12249.36,备件到货后按供应合同付款,仅供人工查看；不得作为模型输入或导入数据库
synb1_txn_3f34eec38199d5c3620d8c2c,2024-02-28T15:00:00,流入,19956.52,客户交付验收后的合同回款,仅供人工查看；不得作为模型输入或导入数据库
synb1_txn_ebf4b6d2e594fdc77c0a5c1b,2024-03-01T09:00:00,流出,12404.42,备件到货后按供应合同付款,仅供人工查看；不得作为模型输入或导入数据库
synb1_txn_252e2aca1f459fc13475c732,2024-03-01T15:00:00,流入,19879.95,客户交付验收后的合同回款,仅供人工查看；不得作为模型输入或导入数据库
synb1_txn_d878cf12e1d55df3ac203b3b,2024-03-01T15:00:00,流入,10337.40,客户交付验收后的合同回款,仅供人工查看；不得作为模型输入或导入数据库
synb1_txn_9fa50c48fb6a5aef4297ce81,2024-03-02T09:00:00,流出,10499.45,备件到货后按供应合同付款,仅供人工查看；不得作为模型输入或导入数据库
synb1_txn_fe665fa6e9363c3e27dd7136,2024-03-03T09:00:00,流出,37221.05,固定场地租赁付款,仅供人工查看；不得作为模型输入或导入数据库
synb1_txn_4aedda1434cd0d88ab9b3af9,2024-03-03T15:00:00,流入,21857.14,客户交付验收后的合同回款,仅供人工查看；不得作为模型输入或导入数据库
synb1_txn_7c96401520cb46f4e8d8e2e4,2024-03-03T15:00:00,流入,21409.29,客户交付验收后的合同回款,仅供人工查看；不得作为模型输入或导入数据库
synb1_txn_380a1e48fa1e66f3bbdd16cf,2024-03-04T09:00:00,流出,31011.05,备件到货后按供应合同付款,仅供人工查看；不得作为模型输入或导入数据库
synb1_txn_63ddade9ebc8401c65312ad5,2024-03-05T09:00:00,流出,20998.93,备件到货后按供应合同付款,仅供人工查看；不得作为模型输入或导入数据库
synb1_txn_ae2fc73d71964fe6f7cf62ea,2024-03-05T15:00:00,流入,11236.49,客户交付验收后的合同回款,仅供人工查看；不得作为模型输入或导入数据库
synb1_txn_1253161e11dc1be8ad6b9477,2024-03-05T15:00:00,流入,13438.62,客户交付验收后的合同回款,仅供人工查看；不得作为模型输入或导入数据库
synb1_txn_583828ac99342af876872b1f,2024-03-07T09:00:00,流出,160991.30,持续服务班组工资,仅供人工查看；不得作为模型输入或导入数据库
synb1_txn_c3da27afc89dac75484c3b1b,2024-03-07T09:00:00,流出,31011.07,备件到货后按供应合同付款,仅供人工查看；不得作为模型输入或导入数据库
synb1_txn_a15ab142ecf53d988e6edd7d,2024-03-07T15:00:00,流入,11403.77,客户交付验收后的合同回款,仅供人工查看；不得作为模型输入或导入数据库
synb1_txn_855ff6f217181beb7680ac50,2024-03-07T15:00:00,流入,22668.66,客户交付验收后的合同回款,仅供人工查看；不得作为模型输入或导入数据库
synb1_txn_6296b52c211ce64a4928d8ae,2024-03-09T15:00:00,流入,17286.91,客户交付验收后的合同回款,仅供人工查看；不得作为模型输入或导入数据库
synb1_txn_24ab44675ee29d387a13925f,2024-03-09T15:00:00,流入,26877.24,客户交付验收后的合同回款,仅供人工查看；不得作为模型输入或导入数据库
synb1_txn_bee61310dbafad81b754f8b1,2024-03-10T09:00:00,流出,10597.30,备件到货后按供应合同付款,仅供人工查看；不得作为模型输入或导入数据库
synb1_txn_023247352e177e2837e798aa,2024-03-11T15:00:00,流入,13853.07,客户交付验收后的合同回款,仅供人工查看；不得作为模型输入或导入数据库
synb1_txn_599e1d56503eae0137eba9ad,2024-03-13T09:00:00,流出,6623.31,备件到货后按供应合同付款,仅供人工查看；不得作为模型输入或导入数据库
synb1_txn_d351d70e98b52733a0581932,2024-03-13T15:00:00,流入,19879.95,客户交付验收后的合同回款,仅供人工查看；不得作为模型输入或导入数据库
synb1_txn_c06bd641396a211acb0ebbdf,2024-03-13T15:00:00,流入,14472.36,客户交付验收后的合同回款,仅供人工查看；不得作为模型输入或导入数据库
synb1_txn_4857ba17d3fb58aeac8bcd9e,2024-03-15T09:00:00,流出,9054.26,备件到货后按供应合同付款,仅供人工查看；不得作为模型输入或导入数据库
synb1_txn_191454265d584867272d7a58,2024-03-15T09:00:00,流出,6741.94,备件到货后按供应合同付款,仅供人工查看；不得作为模型输入或导入数据库
synb1_txn_790503b3e4d451f409cb2630,2024-03-15T15:00:00,流入,13853.07,客户交付验收后的合同回款,仅供人工查看；不得作为模型输入或导入数据库
synb1_txn_c3ddae82faee35e4d9bdb4a8,2024-03-15T15:00:00,流入,9521.04,客户交付验收后的合同回款,仅供人工查看；不得作为模型输入或导入数据库
synb1_txn_9086d6ba00012ae8be563b0b,2024-03-16T09:00:00,流出,11259.63,备件到货后按供应合同付款,仅供人工查看；不得作为模型输入或导入数据库
synb1_txn_58c43a811e7c1dadcf74e3d5,2024-03-17T09:00:00,流出,16859.34,备件到货后按供应合同付款,仅供人工查看；不得作为模型输入或导入数据库
synb1_txn_74b72270de1340e44b44510a,2024-03-17T09:00:00,流出,23816.49,备件到货后按供应合同付款,仅供人工查看；不得作为模型输入或导入数据库
synb1_txn_1858ee8c9b97c7bbb5164ea9,2024-03-17T15:00:00,流入,19880.00,客户交付验收后的合同回款,仅供人工查看；不得作为模型输入或导入数据库
synb1_txn_353c3aff99605bcbac6ec0c9,2024-03-17T15:00:00,流入,10337.40,客户交付验收后的合同回款,仅供人工查看；不得作为模型输入或导入数据库
synb1_txn_ca941292f61d91c83f3a22bd,2024-03-18T09:00:00,流出,10447.22,备件到货后按供应合同付款,仅供人工查看；不得作为模型输入或导入数据库
synb1_txn_d8f865ccd552f74b78316bf3,2024-03-18T09:00:00,流出,12258.08,备件到货后按供应合同付款,仅供人工查看；不得作为模型输入或导入数据库
synb1_txn_211a8e3de9606e53fad00464,2024-03-19T09:00:00,流出,12584.30,备件到货后按供应合同付款,仅供人工查看；不得作为模型输入或导入数据库
synb1_txn_6d6a2f74be78bb63204f0d57,2024-03-19T15:00:00,流入,11334.33,客户交付验收后的合同回款,仅供人工查看；不得作为模型输入或导入数据库
synb1_txn_e81ceec1a4ccc51f35f92ea7,2024-03-19T15:00:00,流入,10155.77,客户交付验收后的合同回款,仅供人工查看；不得作为模型输入或导入数据库
synb1_txn_f748557c7bb511ba6c310ada,2024-03-20T09:00:00,流出,15454.39,备件到货后按供应合同付款,仅供人工查看；不得作为模型输入或导入数据库
synb1_txn_26e47398c839765a1d430f22,2024-03-20T09:00:00,流出,10207.06,备件到货后按供应合同付款,仅供人工查看；不得作为模型输入或导入数据库
synb1_txn_af60af2404f9d45d2e9bd0fd,2024-03-21T09:00:00,流出,16715.56,备件到货后按供应合同付款,仅供人工查看；不得作为模型输入或导入数据库
synb1_txn_e9919ef283a3fc99b69fd615,2024-03-21T09:00:00,流出,8580.65,备件到货后按供应合同付款,仅供人工查看；不得作为模型输入或导入数据库
synb1_txn_b1b91c55a5867bab2a689bf7,2024-03-21T15:00:00,流入,14472.36,客户交付验收后的合同回款,仅供人工查看；不得作为模型输入或导入数据库
synb1_txn_9be0267ced42c5297a3c9eb6,2024-03-22T09:00:00,流出,19357.02,备件到货后按供应合同付款,仅供人工查看；不得作为模型输入或导入数据库
synb1_txn_2cae2b0e834fb114bf677730,2024-03-23T09:00:00,流出,19669.23,备件到货后按供应合同付款,仅供人工查看；不得作为模型输入或导入数据库
synb1_txn_8cc79ffa804fd23dbeb52710,2024-03-23T09:00:00,流出,31755.32,备件到货后按供应合同付款,仅供人工查看；不得作为模型输入或导入数据库
synb1_txn_5b819225d3a465cd00ecefa6,2024-03-23T15:00:00,流入,23928.03,客户交付验收后的合同回款,仅供人工查看；不得作为模型输入或导入数据库
synb1_txn_61e6b2ba0c00c19282f23c22,2024-03-23T15:00:00,流入,8886.30,客户交付验收后的合同回款,仅供人工查看；不得作为模型输入或导入数据库
synb1_txn_f444c32bbc628e16d9671019,2024-03-24T09:00:00,流出,10447.24,备件到货后按供应合同付款,仅供人工查看；不得作为模型输入或导入数据库
synb1_txn_0c3186b78bace672cd5f813c,2024-03-24T09:00:00,流出,13483.90,备件到货后按供应合同付款,仅供人工查看；不得作为模型输入或导入数据库
synb1_txn_10c1bd7979f635f8da142ab6,2024-03-25T09:00:00,流出,54405.94,合规、技术支持及外部服务费,仅供人工查看；不得作为模型输入或导入数据库
synb1_txn_653fb88f5e457700c336ee36,2024-03-25T09:00:00,流出,9678.51,备件到货后按供应合同付款,仅供人工查看；不得作为模型输入或导入数据库
synb1_txn_d7556532c01f80f0c249bb00,2024-03-25T15:00:00,流入,24809.76,客户交付验收后的合同回款,仅供人工查看；不得作为模型输入或导入数据库
synb1_txn_7b8d430718697f510f8be1af,2024-03-26T09:00:00,流出,13347.00,备件到货后按供应合同付款,仅供人工查看；不得作为模型输入或导入数据库
synb1_txn_2b478d2a10c105a99eff7334,2024-03-26T09:00:00,流出,23816.50,备件到货后按供应合同付款,仅供人工查看；不得作为模型输入或导入数据库
synb1_txn_9dc22ab9ab188cd4d8ce951e,2024-03-26T15:00:00,流入,16956.37,客户交付验收后的合同回款,仅供人工查看；不得作为模型输入或导入数据库
synb1_txn_399f99b79927ce8a9eccba04,2024-03-27T15:00:00,流入,27706.14,客户交付验收后的合同回款,仅供人工查看；不得作为模型输入或导入数据库
synb1_txn_39faa198de5b6fcd2bba6cfd,2024-03-27T15:00:00,流入,5712.62,客户交付验收后的合同回款,仅供人工查看；不得作为模型输入或导入数据库
synb1_txn_0de86722f226693a45c55664,2024-03-28T09:00:00,流出,6300.00,缴纳模拟增值税,仅供人工查看；不得作为模型输入或导入数据库
synb1_txn_9a31041d3ffdd136fe639b78,2024-03-28T09:00:00,流出,756.00,缴纳附加税,仅供人工查看；不得作为模型输入或导入数据库
synb1_txn_028a845d61bb676b052278d2,2024-03-28T09:00:00,流出,26131.98,备件到货后按供应合同付款,仅供人工查看；不得作为模型输入或导入数据库
synb1_txn_1865d438d074e013fff49a3d,2024-03-29T15:00:00,流入,26877.28,客户交付验收后的合同回款,仅供人工查看；不得作为模型输入或导入数据库
synb1_txn_d1a897268d28fdb2f9f10a59,2024-03-30T15:00:00,流入,10597.73,客户交付验收后的合同回款,仅供人工查看；不得作为模型输入或导入数据库
synb1_txn_48d2134b07257e11f78c3e69,2024-03-31T09:00:00,流出,23228.44,备件到货后按供应合同付款,仅供人工查看；不得作为模型输入或导入数据库
synb1_txn_713aa38c137da785861c3f53,2024-03-31T15:00:00,流入,30224.88,客户交付验收后的合同回款,仅供人工查看；不得作为模型输入或导入数据库
synb1_txn_9c104bd347e19f33ab6ba295,2024-03-31T15:00:00,流入,17772.61,客户交付验收后的合同回款,仅供人工查看；不得作为模型输入或导入数据库
synb1_txn_8654eafa339deabe5a48f0b2,2024-04-02T15:00:00,流入,32666.66,客户交付验收后的合同回款,仅供人工查看；不得作为模型输入或导入数据库
synb1_txn_318a47a706f9c45f5bc93f6f,2024-04-03T09:00:00,流出,37221.05,固定场地租赁付款,仅供人工查看；不得作为模型输入或导入数据库
synb1_txn_9018d2128d819476fab21a89,2024-04-03T15:00:00,流入,6358.64,客户交付验收后的合同回款,仅供人工查看；不得作为模型输入或导入数据库
synb1_txn_9440bad60e5520a978eb8f30,2024-04-04T15:00:00,流入,12593.70,客户交付验收后的合同回款,仅供人工查看；不得作为模型输入或导入数据库
synb1_txn_db9b77c4c0a9c8c2a98bb723,2024-04-04T15:00:00,流入,10790.51,客户交付验收后的合同回款,仅供人工查看；不得作为模型输入或导入数据库
synb1_txn_213db9b368fea0d665461a16,2024-04-06T15:00:00,流入,18463.76,客户交付验收后的合同回款,仅供人工查看；不得作为模型输入或导入数据库
synb1_txn_ce97f620b81550234b4fa1b8,2024-04-07T09:00:00,流出,160991.30,持续服务班组工资,仅供人工查看；不得作为模型输入或导入数据库
synb1_txn_0f846a37ea3e837b21cdcb50,2024-04-07T15:00:00,流入,17662.89,客户交付验收后的合同回款,仅供人工查看；不得作为模型输入或导入数据库
synb1_txn_99ddd003167a369805090241,2024-04-08T15:00:00,流入,20149.92,客户交付验收后的合同回款,仅供人工查看；不得作为模型输入或导入数据库
synb1_txn_ef355394e2b3aa1e37456e14,2024-04-08T15:00:00,流入,6347.36,客户交付验收后的合同回款,仅供人工查看；不得作为模型输入或导入数据库
synb1_txn_0b5389dc49af19d31af4c448,2024-04-10T09:00:00,流出,12611.96,备件到货后按供应合同付款,仅供人工查看；不得作为模型输入或导入数据库
synb1_txn_f58574b409e63b9c4f3c511f,2024-04-10T15:00:00,流入,22724.63,客户交付验收后的合同回款,仅供人工查看；不得作为模型输入或导入数据库
synb1_txn_75bf1d2c596b11decfd6391a,2024-04-11T15:00:00,流入,9184.70,客户交付验收后的合同回款,仅供人工查看；不得作为模型输入或导入数据库
synb1_txn_2336e46a638c0521c16d4d47,2024-04-12T09:00:00,流出,6587.89,备件到货后按供应合同付款,仅供人工查看；不得作为模型输入或导入数据库
synb1_txn_989972fbf5dda46ce5c4bc0c,2024-04-12T09:00:00,流出,7632.63,备件到货后按供应合同付款,仅供人工查看；不得作为模型输入或导入数据库
synb1_txn_f5df401d73e322ca9271d30a,2024-04-12T15:00:00,流入,27706.14,客户交付验收后的合同回款,仅供人工查看；不得作为模型输入或导入数据库
synb1_txn_cf5ce94c854e6ae636052c17,2024-04-12T15:00:00,流入,13964.19,客户交付验收后的合同回款,仅供人工查看；不得作为模型输入或导入数据库
synb1_txn_13879a030b852c2084e59afa,2024-04-12T15:00:00,流入,28601.57,客户交付验收后的合同回款,仅供人工查看；不得作为模型输入或导入数据库
synb1_txn_92faa68b8604e91663b35c2c,2024-04-13T09:00:00,流出,34052.29,备件到货后按供应合同付款,仅供人工查看；不得作为模型输入或导入数据库
synb1_txn_979a19bd655abb74a12c353b,2024-04-14T09:00:00,流出,14033.73,备件到货后按供应合同付款,仅供人工查看；不得作为模型输入或导入数据库
synb1_txn_96c71207b257bcdbe2f1afea,2024-04-14T15:00:00,流入,19884.05,客户交付验收后的合同回款,仅供人工查看；不得作为模型输入或导入数据库
synb1_txn_63f39fd2e412996cb6cf98d6,2024-04-15T09:00:00,流出,12297.40,备件到货后按供应合同付款,仅供人工查看；不得作为模型输入或导入数据库
synb1_txn_0d24952fd33b5645fe2e21ee,2024-04-15T09:00:00,流出,15265.26,备件到货后按供应合同付款,仅供人工查看；不得作为模型输入或导入数据库
synb1_txn_a6fcea628c87f0c6edfc0827,2024-04-15T15:00:00,流入,18369.40,客户交付验收后的合同回款,仅供人工查看；不得作为模型输入或导入数据库
synb1_txn_c37365e8a2d4f5115b52fb93,2024-04-16T09:00:00,流出,21440.33,备件到货后按供应合同付款,仅供人工查看；不得作为模型输入或导入数据库
synb1_txn_d548dbf90193907eece71e5c,2024-04-16T15:00:00,流入,30224.94,客户交付验收后的合同回款,仅供人工查看；不得作为模型输入或导入数据库
synb1_txn_8cd2870d1dd9614624d10220,2024-04-16T15:00:00,流入,8251.56,客户交付验收后的合同回款,仅供人工查看；不得作为模型输入或导入数据库
synb1_txn_080c3b0bd29e72b2033f0b60,2024-04-16T15:00:00,流入,12435.46,客户交付验收后的合同回款,仅供人工查看；不得作为模型输入或导入数据库
synb1_txn_7e02925268024e61cdff2514,2024-04-17T09:00:00,流出,24057.83,备件到货后按供应合同付款,仅供人工查看；不得作为模型输入或导入数据库
synb1_txn_6f4aa71a552948ef3d834a8b,2024-04-18T09:00:00,流出,7466.28,备件到货后按供应合同付款,仅供人工查看；不得作为模型输入或导入数据库
synb1_txn_586eeec9db96ba897adc0445,2024-04-18T09:00:00,流出,10176.84,备件到货后按供应合同付款,仅供人工查看；不得作为模型输入或导入数据库
synb1_txn_68eb05d6ac71e3bac485201a,2024-04-18T15:00:00,流入,35507.24,客户交付验收后的合同回款,仅供人工查看；不得作为模型输入或导入数据库
synb1_txn_00e5e794b254432dd22e57d5,2024-04-19T09:00:00,流出,25223.93,备件到货后按供应合同付款,仅供人工查看；不得作为模型输入或导入数据库
synb1_txn_8164404c627f007e355c36b8,2024-04-19T09:00:00,流出,14585.34,备件到货后按供应合同付款,仅供人工查看；不得作为模型输入或导入数据库
synb1_txn_e8cea478d66b9c642038e1ab,2024-04-19T15:00:00,流入,11304.25,客户交付验收后的合同回款,仅供人工查看；不得作为模型输入或导入数据库
synb1_txn_7ba1eb3c22de4ec4b38011ea,2024-04-20T09:00:00,流出,24057.83,备件到货后按供应合同付款,仅供人工查看；不得作为模型输入或导入数据库
synb1_txn_24d8a0813c3143f4b7678714,2024-04-20T15:00:00,流入,7616.83,客户交付验收后的合同回款,仅供人工查看；不得作为模型输入或导入数据库
synb1_txn_61fa4d6b8ee4baf859673080,2024-04-20T15:00:00,流入,26114.48,客户交付验收后的合同回款,仅供人工查看；不得作为模型输入或导入数据库
synb1_txn_9e31a28810efb5858c7efcf4,2024-04-21T09:00:00,流出,3513.55,备件到货后按供应合同付款,仅供人工查看；不得作为模型输入或导入数据库
synb1_txn_29b5c867e761613ac64b41e3,2024-04-21T09:00:00,流出,11448.96,备件到货后按供应合同付款,仅供人工查看；不得作为模型输入或导入数据库
synb1_txn_ad824bc56743abc634b7de3a,2024-04-22T09:00:00,流出,26926.79,备件到货后按供应合同付款,仅供人工查看；不得作为模型输入或导入数据库
synb1_txn_ff8b0640aca58c72e2f5b856,2024-04-22T15:00:00,流入,18463.76,客户交付验收后的合同回款,仅供人工查看；不得作为模型输入或导入数据库
synb1_txn_c1f9501d085cd56061546963,2024-04-23T09:00:00,流出,20048.20,备件到货后按供应合同付款,仅供人工查看；不得作为模型输入或导入数据库
synb1_txn_8b3fde7702aa708e9ae8e60d,2024-04-23T09:00:00,流出,14004.03,备件到货后按供应合同付款,仅供人工查看；不得作为模型输入或导入数据库
synb1_txn_20f125f11b76ae97599ac04d,2024-04-23T15:00:00,流入,19075.92,客户交付验收后的合同回款,仅供人工查看；不得作为模型输入或导入数据库
synb1_txn_fe4059302e3be3c65976fab7,2024-04-24T15:00:00,流入,9521.04,客户交付验收后的合同回款,仅供人工查看；不得作为模型输入或导入数据库
synb1_txn_571991aac8eee932cbab955a,2024-04-24T15:00:00,流入,14922.56,客户交付验收后的合同回款,仅供人工查看；不得作为模型输入或导入数据库
synb1_txn_141318e5b6829af16e56d5ee,2024-04-25T09:00:00,流出,54405.94,合规、技术支持及外部服务费,仅供人工查看；不得作为模型输入或导入数据库
synb1_txn_e45cba0a5d07565c1243d6d8,2024-04-25T09:00:00,流出,22804.81,备件到货后按供应合同付款,仅供人工查看；不得作为模型输入或导入数据库
synb1_txn_b4ba817cb481ab4ec0a1fa85,2024-04-25T09:00:00,流出,10097.54,备件到货后按供应合同付款,仅供人工查看；不得作为模型输入或导入数据库
synb1_txn_ff9670d498eac1e86a868b65,2024-04-25T15:00:00,流入,10879.43,客户交付验收后的合同回款,仅供人工查看；不得作为模型输入或导入数据库
synb1_txn_f431d7e3f476d91149d231ac,2024-04-26T09:00:00,流出,9741.93,备件到货后按供应合同付款,仅供人工查看；不得作为模型输入或导入数据库
synb1_txn_431d1464ab8a18222426a3ea,2024-04-26T15:00:00,流入,18463.76,客户交付验收后的合同回款,仅供人工查看；不得作为模型输入或导入数据库
synb1_txn_9eda9730d52ab8c5d528abee,2024-04-27T15:00:00,流入,14836.82,客户交付验收后的合同回款,仅供人工查看；不得作为模型输入或导入数据库
synb1_txn_f9389ac869ac56d2998f789b,2024-04-28T09:00:00,流出,16665.05,备件到货后按供应合同付款,仅供人工查看；不得作为模型输入或导入数据库
synb1_txn_20240650278badd7321eb4e7,2024-04-28T09:00:00,流出,13463.42,备件到货后按供应合同付款,仅供人工查看；不得作为模型输入或导入数据库
synb1_txn_28990c909cb4de05396bdbd4,2024-04-28T15:00:00,流入,10155.82,客户交付验收后的合同回款,仅供人工查看；不得作为模型输入或导入数据库
synb1_txn_d778f2c8b2545615a71ad4b5,2024-04-28T15:00:00,流入,17409.65,客户交付验收后的合同回款,仅供人工查看；不得作为模型输入或导入数据库
synb1_txn_eddc9a8059734860337b790a,2024-04-29T09:00:00,流出,6300.00,缴纳模拟增值税,仅供人工查看；不得作为模型输入或导入数据库
synb1_txn_7b18e67cb8e51e72b74bab10,2024-04-29T09:00:00,流出,756.00,缴纳附加税,仅供人工查看；不得作为模型输入或导入数据库
synb1_txn_bd8d648ffc54dc1220116211,2024-04-29T09:00:00,流出,16439.52,备件到货后按供应合同付款,仅供人工查看；不得作为模型输入或导入数据库
synb1_txn_3cda66fc6916ed98ef2fbf6c,2024-04-29T15:00:00,流入,22967.70,客户交付验收后的合同回款,仅供人工查看；不得作为模型输入或导入数据库
synb1_txn_c7d05ffd80fc674d5c9a1799,2024-04-30T15:00:00,流入,24144.92,客户交付验收后的合同回款,仅供人工查看；不得作为模型输入或导入数据库
synb1_txn_cf076730b7ccda76399c7c5a,2024-04-30T15:00:00,流入,15958.38,客户交付验收后的合同回款,仅供人工查看；不得作为模型输入或导入数据库
synb1_txn_a76482de421d750e066b8413,2024-05-01T09:00:00,流出,10525.30,备件到货后按供应合同付款,仅供人工查看；不得作为模型输入或导入数据库
synb1_txn_5fe7cd4da30c2283f7ef5a51,2024-05-01T15:00:00,流入,17662.89,客户交付验收后的合同回款,仅供人工查看；不得作为模型输入或导入数据库
synb1_txn_a7d17ec80fe67e2cd2548b9a,2024-05-02T09:00:00,流出,14612.93,备件到货后按供应合同付款,仅供人工查看；不得作为模型输入或导入数据库
synb1_txn_56753c61ea6a1437fa27327a,2024-05-02T15:00:00,流入,17409.65,客户交付验收后的合同回款,仅供人工查看；不得作为模型输入或导入数据库
synb1_txn_63ed558f4bac677b431bb406,2024-05-03T09:00:00,流出,37221.05,固定场地租赁付款,仅供人工查看；不得作为模型输入或导入数据库
synb1_txn_c006464b7f506a141df6cb47,2024-05-03T15:00:00,流入,15714.74,客户交付验收后的合同回款,仅供人工查看；不得作为模型输入或导入数据库
synb1_txn_8fe92336abae9d5e4254d3ab,2024-05-04T09:00:00,流出,21927.73,备件到货后按供应合同付款,仅供人工查看；不得作为模型输入或导入数据库
synb1_txn_e25068252b47df7e7318edde,2024-05-04T15:00:00,流入,17043.47,客户交付验收后的合同回款,仅供人工查看；不得作为模型输入或导入数据库
synb1_txn_dbae85180c94194e0699d0e2,2024-05-04T15:00:00,流入,10971.38,客户交付验收后的合同回款,仅供人工查看；不得作为模型输入或导入数据库
synb1_txn_8f0e68e62d1723fc6b76559d,2024-05-05T15:00:00,流入,18369.40,客户交付验收后的合同回款,仅供人工查看；不得作为模型输入或导入数据库
synb1_txn_a869bf2e24e813b9ef7fbec9,2024-05-05T15:00:00,流入,13572.88,客户交付验收后的合同回款,仅供人工查看；不得作为模型输入或导入数据库
synb1_txn_999d00927b839fe31fcd8d09,2024-05-06T15:00:00,流入,9948.37,客户交付验收后的合同回款,仅供人工查看；不得作为模型输入或导入数据库
synb1_txn_b619b7a2044ccf95a2aa24c9,2024-05-07T09:00:00,流出,160991.30,持续服务班组工资,仅供人工查看；不得作为模型输入或导入数据库
synb1_txn_2d0eeeac9088fc3165d7e373,2024-05-07T15:00:00,流入,31429.48,客户交付验收后的合同回款,仅供人工查看；不得作为模型输入或导入数据库
synb1_txn_58d7946078c529085609f01a,2024-05-08T09:00:00,流出,13931.79,备件到货后按供应合同付款,仅供人工查看；不得作为模型输入或导入数据库
synb1_txn_541ba5afce530744f09e2dd5,2024-05-08T15:00:00,流入,18463.76,客户交付验收后的合同回款,仅供人工查看；不得作为模型输入或导入数据库
synb1_txn_c4a7dd8fc360ed462e656c06,2024-05-08T15:00:00,流入,16955.78,客户交付验收后的合同回款,仅供人工查看；不得作为模型输入或导入数据库
synb1_txn_305ce2b86c8218d2a493cb92,2024-05-09T09:00:00,流出,30645.18,备件到货后按供应合同付款,仅供人工查看；不得作为模型输入或导入数据库
synb1_txn_c30b3248a41af17ea6b43dfe,2024-05-09T15:00:00,流入,9891.27,客户交付验收后的合同回款,仅供人工查看；不得作为模型输入或导入数据库
synb1_txn_d692d50e172165cd29ddf6b8,2024-05-09T15:00:00,流入,8874.57,客户交付验收后的合同回款,仅供人工查看；不得作为模型输入或导入数据库
synb1_txn_2e392e1d4b17e26bd35c6d11,2024-05-10T15:00:00,流入,19896.75,客户交付验收后的合同回款,仅供人工查看；不得作为模型输入或导入数据库
synb1_txn_5dcec5a24b7647ac58b09934,2024-05-11T09:00:00,流出,22290.87,备件到货后按供应合同付款,仅供人工查看；不得作为模型输入或导入数据库
synb1_txn_487ec8648901ea291fde143c,2024-05-11T15:00:00,流入,9670.61,客户交付验收后的合同回款,仅供人工查看；不得作为模型输入或导入数据库
synb1_txn_c8914ce606376416dc310025,2024-05-12T09:00:00,流出,18108.51,备件到货后按供应合同付款,仅供人工查看；不得作为模型输入或导入数据库
synb1_txn_de50523ac30f058169902da6,2024-05-12T15:00:00,流入,18463.76,客户交付验收后的合同回款,仅供人工查看；不得作为模型输入或导入数据库
synb1_txn_05e66a87addd5995d33c2cf0,2024-05-12T15:00:00,流入,24934.97,客户交付验收后的合同回款,仅供人工查看；不得作为模型输入或导入数据库
synb1_txn_9d0df096c51d7b9afba31442,2024-05-13T15:00:00,流入,14094.91,客户交付验收后的合同回款,仅供人工查看；不得作为模型输入或导入数据库
synb1_txn_8f98e5f5b5f068f2cb42c73a,2024-05-14T09:00:00,流出,8359.07,备件到货后按供应合同付款,仅供人工查看；不得作为模型输入或导入数据库
synb1_txn_bf755a0e2e7d3c81252b260d,2024-05-14T15:00:00,流入,22383.84,客户交付验收后的合同回款,仅供人工查看；不得作为模型输入或导入数据库
synb1_txn_9279ac33056e224853d113d1,2024-05-15T09:00:00,流出,16715.55,备件到货后按供应合同付款,仅供人工查看；不得作为模型输入或导入数据库
synb1_txn_e1e0c3451d34e7a10f6b0a78,2024-05-15T15:00:00,流入,30220.65,客户交付验收后的合同回款,仅供人工查看；不得作为模型输入或导入数据库
synb1_txn_d1abc0e70e1c1ee94510ceaa,2024-05-16T15:00:00,流入,11362.41,客户交付验收后的合同回款,仅供人工查看；不得作为模型输入或导入数据库
synb1_txn_124d0f4ffb6d8f55f67c79d3,2024-05-16T15:00:00,流入,7979.19,客户交付验收后的合同回款,仅供人工查看；不得作为模型输入或导入数据库
synb1_txn_52115a36c89070940c4f355d,2024-05-17T09:00:00,流出,10216.66,备件到货后按供应合同付款,仅供人工查看；不得作为模型输入或导入数据库
synb1_txn_a9ce2c57bfe75ac929adeea7,2024-05-17T15:00:00,流入,12528.81,客户交付验收后的合同回款,仅供人工查看；不得作为模型输入或导入数据库
synb1_txn_72f4a184b3b85cc283e73827,2024-05-18T09:00:00,流出,27859.27,备件到货后按供应合同付款,仅供人工查看；不得作为模型输入或导入数据库
synb1_txn_d6adce8173b4c6e7925b8c95,2024-05-18T15:00:00,流入,17409.65,客户交付验收后的合同回款,仅供人工查看；不得作为模型输入或导入数据库
synb1_txn_ef7f3fd4e31e71877a5b058d,2024-05-19T15:00:00,流入,21758.87,客户交付验收后的合同回款,仅供人工查看；不得作为模型输入或导入数据库
synb1_txn_8b4ff50f9da698281ba53c82,2024-05-20T09:00:00,流出,12856.47,备件到货后按供应合同付款,仅供人工查看；不得作为模型输入或导入数据库
synb1_txn_e7af3cd6cc6bda57296148bd,2024-05-20T15:00:00,流入,21942.77,客户交付验收后的合同回款,仅供人工查看；不得作为模型输入或导入数据库
synb1_txn_f8879f45bba900b545e61558,2024-05-21T15:00:00,流入,6786.44,客户交付验收后的合同回款,仅供人工查看；不得作为模型输入或导入数据库
synb1_txn_129001bec8b4494eb72b9485,2024-05-22T09:00:00,流出,5713.99,备件到货后按供应合同付款,仅供人工查看；不得作为模型输入或导入数据库
synb1_txn_c97312af7b7c265f1e72c106,2024-05-22T15:00:00,流入,23627.39,客户交付验收后的合同回款,仅供人工查看；不得作为模型输入或导入数据库
synb1_txn_d6323d5d0c958c3aed913403,2024-05-23T09:00:00,流出,8570.98,备件到货后按供应合同付款,仅供人工查看；不得作为模型输入或导入数据库
synb1_txn_da4af495d79adbfaf750a65c,2024-05-23T15:00:00,流入,22967.70,客户交付验收后的合同回款,仅供人工查看；不得作为模型输入或导入数据库
synb1_txn_b3d162e8941d31bf94bacdb3,2024-05-24T15:00:00,流入,24934.97,客户交付验收后的合同回款,仅供人工查看；不得作为模型输入或导入数据库
synb1_txn_d869e57e48cb9b83a7fbef86,2024-05-24T15:00:00,流入,6695.65,客户交付验收后的合同回款,仅供人工查看；不得作为模型输入或导入数据库
synb1_txn_4484ff6fcc57cc2fddb8544b,2024-05-24T15:00:00,流入,37173.91,客户交付验收后的合同回款,仅供人工查看；不得作为模型输入或导入数据库
synb1_txn_4bad7aac10e3848dbcde9352,2024-05-25T09:00:00,流出,54405.94,合规、技术支持及外部服务费,仅供人工查看；不得作为模型输入或导入数据库
synb1_txn_2171bb516d3d64e83610702e,2024-05-25T09:00:00,流出,6856.78,备件到货后按供应合同付款,仅供人工查看；不得作为模型输入或导入数据库
synb1_txn_76e4e85c6a5cc1513712f081,2024-05-25T15:00:00,流入,12528.81,客户交付验收后的合同回款,仅供人工查看；不得作为模型输入或导入数据库
synb1_txn_c50c5b3b6cd5fb690565ac5e,2024-05-26T09:00:00,流出,5713.99,备件到货后按供应合同付款,仅供人工查看；不得作为模型输入或导入数据库
synb1_txn_ac6df594caf632bea79947a9,2024-05-26T15:00:00,流入,11191.98,客户交付验收后的合同回款,仅供人工查看；不得作为模型输入或导入数据库
synb1_txn_912d9ac6f380069e8234384a,2024-05-27T15:00:00,流入,19341.22,客户交付验收后的合同回款,仅供人工查看；不得作为模型输入或导入数据库
synb1_txn_3bf047957dc13cb6e3de7c44,2024-05-28T09:00:00,流出,6300.00,缴纳模拟增值税,仅供人工查看；不得作为模型输入或导入数据库
synb1_txn_e071a1ef1ebf73c9662c3fe5,2024-05-28T09:00:00,流出,756.00,缴纳附加税,仅供人工查看；不得作为模型输入或导入数据库
synb1_txn_4eb44c1d448159b7bb2c7eff,2024-05-28T09:00:00,流出,14856.37,备件到货后按供应合同付款,仅供人工查看；不得作为模型输入或导入数据库
synb1_txn_ef18ab6326c29bec68c6390c,2024-05-28T15:00:00,流入,23937.57,客户交付验收后的合同回款,仅供人工查看；不得作为模型输入或导入数据库
synb1_txn_c1949946cc67bf0ed36c8b7e,2024-05-28T15:00:00,流入,17043.47,客户交付验收后的合同回款,仅供人工查看；不得作为模型输入或导入数据库
synb1_txn_819ac495d3f5acb88518c667,2024-05-28T15:00:00,流入,21521.73,客户交付验收后的合同回款,仅供人工查看；不得作为模型输入或导入数据库
synb1_txn_e83c58b9ce7a89ab23339ad4,2024-05-29T09:00:00,流出,12856.49,备件到货后按供应合同付款,仅供人工查看；不得作为模型输入或导入数据库
synb1_txn_7abbb264e0d9c31df16455cc,2024-05-29T15:00:00,流入,10440.67,客户交付验收后的合同回款,仅供人工查看；不得作为模型输入或导入数据库
synb1_txn_d6869aea05838e38acad241a,2024-05-30T15:00:00,流入,22372.88,客户交付验收后的合同回款,仅供人工查看；不得作为模型输入或导入数据库
synb1_txn_0ce9155bea7b3dadf9d54b97,2024-05-31T09:00:00,流出,12570.79,备件到货后按供应合同付款,仅供人工查看；不得作为模型输入或导入数据库
synb1_txn_29e7df0d5353a6b2bb8f6711,2024-05-31T15:00:00,流入,32638.31,客户交付验收后的合同回款,仅供人工查看；不得作为模型输入或导入数据库
synb1_txn_35f00ac1c0e77cdfa7d49b33,2024-06-01T09:00:00,流出,22643.76,备件到货后按供应合同付款,仅供人工查看；不得作为模型输入或导入数据库
synb1_txn_fac123856252fd4106f6cb3b,2024-06-01T15:00:00,流入,25932.37,客户交付验收后的合同回款,仅供人工查看；不得作为模型输入或导入数据库
synb1_txn_7bf1e3f369d0373a5f299f24,2024-06-01T15:00:00,流入,14608.69,客户交付验收后的合同回款,仅供人工查看；不得作为模型输入或导入数据库
synb1_txn_2d8df15de482311cb1168e25,2024-06-01T15:00:00,流入,52826.08,客户交付验收后的合同回款,仅供人工查看；不得作为模型输入或导入数据库
synb1_txn_bf07a548dd520e9f9c9884ed,2024-06-02T15:00:00,流入,12528.81,客户交付验收后的合同回款,仅供人工查看；不得作为模型输入或导入数据库
synb1_txn_d170538874b7f2b59c841aef,2024-06-03T09:00:00,流出,37221.05,固定场地租赁付款,仅供人工查看；不得作为模型输入或导入数据库
synb1_txn_7cad0d1a7d86486be7d936ad,2024-06-03T09:00:00,流出,23069.96,备件到货后按供应合同付款,仅供人工查看；不得作为模型输入或导入数据库
synb1_txn_b24704062da6e4c55ac9fcd3,2024-06-03T15:00:00,流入,27457.62,客户交付验收后的合同回款,仅供人工查看；不得作为模型输入或导入数据库
synb1_txn_0313c960e91cfb2bf926f0c6,2024-06-03T15:00:00,流入,7621.92,客户交付验收后的合同回款,仅供人工查看；不得作为模型输入或导入数据库
synb1_txn_7b6bef57d4b3869f39408504,2024-06-04T09:00:00,流出,10977.20,备件到货后按供应合同付款,仅供人工查看；不得作为模型输入或导入数据库
synb1_txn_f56cd8b572e7013f67c83bbe,2024-06-04T09:00:00,流出,20832.26,备件到货后按供应合同付款,仅供人工查看；不得作为模型输入或导入数据库
synb1_txn_d0ff1bd015c8a6c70159640d,2024-06-04T15:00:00,流入,18132.39,客户交付验收后的合同回款,仅供人工查看；不得作为模型输入或导入数据库
synb1_txn_e994f1f9a1a47d5fe3df4ece,2024-06-05T15:00:00,流入,13963.58,客户交付验收后的合同回款,仅供人工查看；不得作为模型输入或导入数据库
synb1_txn_fb6959f42eadf25c5671711b,2024-06-05T15:00:00,流入,5478.26,客户交付验收后的合同回款,仅供人工查看；不得作为模型输入或导入数据库
synb1_txn_bf4876f6c81d8b146e67b656,2024-06-05T15:00:00,流入,31304.34,客户交付验收后的合同回款,仅供人工查看；不得作为模型输入或导入数据库
synb1_txn_a43ca52f14481fe5bdcfe9b2,2024-06-06T09:00:00,流出,23069.96,备件到货后按供应合同付款,仅供人工查看；不得作为模型输入或导入数据库
synb1_txn_81e9303ff9beeb97204a127e,2024-06-06T09:00:00,流出,32363.91,备件到货后按供应合同付款,仅供人工查看；不得作为模型输入或导入数据库
synb1_txn_215fb43327a825ede61a2635,2024-06-06T15:00:00,流入,8874.57,客户交付验收后的合同回款,仅供人工查看；不得作为模型输入或导入数据库
synb1_txn_2a6ed83d9d26f035c6c61e4e,2024-06-07T09:00:00,流出,160991.30,持续服务班组工资,仅供人工查看；不得作为模型输入或导入数据库
synb1_txn_7f86c83f69b2e0a70ad9c12e,2024-06-07T09:00:00,流出,12132.70,备件到货后按供应合同付款,仅供人工查看；不得作为模型输入或导入数据库
synb1_txn_9380edc27b4ab9d296d190a5,2024-06-07T09:00:00,流出,20832.26,备件到货后按供应合同付款,仅供人工查看；不得作为模型输入或导入数据库
synb1_txn_d4ec48f4180e308e0808351f,2024-06-07T15:00:00,流入,25423.72,客户交付验收后的合同回款,仅供人工查看；不得作为模型输入或导入数据库
synb1_txn_7c579327952066b53eff9a19,2024-06-07T15:00:00,流入,9051.03,客户交付验收后的合同回款,仅供人工查看；不得作为模型输入或导入数据库
synb1_txn_ef9e81669dbe1b54e91a7923,2024-06-08T15:00:00,流入,20550.08,客户交付验收后的合同回款,仅供人工查看；不得作为模型输入或导入数据库
synb1_txn_78d4cc5f55ff9dcfeddbe62c,2024-06-09T09:00:00,流出,6591.41,备件到货后按供应合同付款,仅供人工查看；不得作为模型输入或导入数据库
synb1_txn_0d625203d553b25ed96758aa,2024-06-09T09:00:00,流出,12329.11,备件到货后按供应合同付款,仅供人工查看；不得作为模型输入或导入数据库
synb1_txn_429521dc3f251229b46473a1,2024-06-09T15:00:00,流入,22940.17,客户交付验收后的合同回款,仅供人工查看；不得作为模型输入或导入数据库
synb1_txn_7ea1fa8b3896875d82dc81c5,2024-06-09T15:00:00,流入,13999.99,客户交付验收后的合同回款,仅供人工查看；不得作为模型输入或导入数据库
synb1_txn_c4460bb732b13aa609937115,2024-06-09T15:00:00,流入,27391.30,客户交付验收后的合同回款,仅供人工查看；不得作为模型输入或导入数据库
synb1_txn_901a99a4509a01374e43b804,2024-06-10T09:00:00,流出,5777.47,备件到货后按供应合同付款,仅供人工查看；不得作为模型输入或导入数据库
synb1_txn_9b036ae436e3403e00af9d39,2024-06-10T09:00:00,流出,19020.78,备件到货后按供应合同付款,仅供人工查看；不得作为模型输入或导入数据库
synb1_txn_c8b56118b343d7d61cb72ccc,2024-06-10T15:00:00,流入,5742.37,客户交付验收后的合同回款,仅供人工查看；不得作为模型输入或导入数据库
synb1_txn_f1eac732077bde58e8840230,2024-06-11T15:00:00,流入,22372.88,客户交付验收后的合同回款,仅供人工查看；不得作为模型输入或导入数据库
synb1_txn_45b904520d837265e6ea3218,2024-06-11T15:00:00,流入,7145.55,客户交付验收后的合同回款,仅供人工查看；不得作为模型输入或导入数据库
synb1_txn_9bae73a21f3ed18a77df71fc,2024-06-12T09:00:00,流出,20598.21,备件到货后按供应合同付款,仅供人工查看；不得作为模型输入或导入数据库
synb1_txn_fc3d1396db113dfa14358877,2024-06-12T09:00:00,流出,13870.25,备件到货后按供应合同付款,仅供人工查看；不得作为模型输入或导入数据库
synb1_txn_f7a7ad39fead9840b00e60f0,2024-06-13T09:00:00,流出,14443.72,备件到货后按供应合同付款,仅供人工查看；不得作为模型输入或导入数据库
synb1_txn_8956d868285d35ea0900ad8a,2024-06-13T15:00:00,流入,27927.24,客户交付验收后的合同回款,仅供人工查看；不得作为模型输入或导入数据库
synb1_txn_c9ff5e0ed3c92761f78966c2,2024-06-13T15:00:00,流入,15217.39,客户交付验收后的合同回款,仅供人工查看；不得作为模型输入或导入数据库
synb1_txn_fb007438ed131e3991eede03,2024-06-13T15:00:00,流入,29347.82,客户交付验收后的合同回款,仅供人工查看；不得作为模型输入或导入数据库
synb1_txn_bf94563193d3b6e4af5d9108,2024-06-14T15:00:00,流入,4176.27,客户交付验收后的合同回款,仅供人工查看；不得作为模型输入或导入数据库
synb1_txn_9735c77cda6e91752dee1754,2024-06-15T09:00:00,流出,36987.35,备件到货后按供应合同付款,仅供人工查看；不得作为模型输入或导入数据库
synb1_txn_93c65b29b067e0d146fadb42,2024-06-15T15:00:00,流入,20338.98,客户交付验收后的合同回款,仅供人工查看；不得作为模型输入或导入数据库
synb1_txn_af4f18cdac4d8b777aafe066,2024-06-15T15:00:00,流入,13338.37,客户交付验收后的合同回款,仅供人工查看；不得作为模型输入或导入数据库
synb1_txn_f9e736762835d588e7e2cd30,2024-06-17T09:00:00,流出,35306.09,备件到货后按供应合同付款,仅供人工查看；不得作为模型输入或导入数据库
synb1_txn_1ec1f1364a033c8b0eb5e48f,2024-06-17T15:00:00,流入,6086.95,客户交付验收后的合同回款,仅供人工查看；不得作为模型输入或导入数据库
synb1_txn_3db2b55ec34c2bd3720dc9d4,2024-06-17T15:00:00,流入,15652.17,客户交付验收后的合同回款,仅供人工查看；不得作为模型输入或导入数据库
synb1_txn_d74d71fb8743d4d9ffd72b20,2024-06-18T15:00:00,流入,7308.53,客户交付验收后的合同回款,仅供人工查看；不得作为模型输入或导入数据库
synb1_txn_b624d25e8d0d15e2fe780066,2024-06-19T15:00:00,流入,25423.72,客户交付验收后的合同回款,仅供人工查看；不得作为模型输入或导入数据库
synb1_txn_126aa3ccb04b227cc70253d7,2024-06-19T15:00:00,流入,8098.29,客户交付验收后的合同回款,仅供人工查看；不得作为模型输入或导入数据库
synb1_txn_160dbcfecd44cf3f3bf14348,2024-06-20T09:00:00,流出,37267.54,备件到货后按供应合同付款,仅供人工查看；不得作为模型输入或导入数据库
synb1_txn_c3aeec296519798271ac6404,2024-06-21T15:00:00,流入,10956.52,客户交付验收后的合同回款,仅供人工查看；不得作为模型输入或导入数据库
synb1_txn_30394fb3ae89eedbed0f2748,2024-06-21T15:00:00,流入,50869.56,客户交付验收后的合同回款,仅供人工查看；不得作为模型输入或导入数据库
synb1_txn_3dc351463817e45aa60f1986,2024-06-23T09:00:00,流出,19614.49,备件到货后按供应合同付款,仅供人工查看；不得作为模型输入或导入数据库
synb1_txn_4d70c40b82d9e6cfc6309426,2024-06-23T15:00:00,流入,13220.33,客户交付验收后的合同回款,仅供人工查看；不得作为模型输入或导入数据库
synb1_txn_341938b71047bf2f6d07f5d7,2024-06-23T15:00:00,流入,12862.00,客户交付验收后的合同回款,仅供人工查看；不得作为模型输入或导入数据库
synb1_txn_6bade6bb1e8221a76efa9679,2024-06-25T09:00:00,流出,54405.94,合规、技术支持及外部服务费,仅供人工查看；不得作为模型输入或导入数据库
synb1_txn_c0f50e625d04f30ff82a617d,2024-06-25T15:00:00,流入,13391.30,客户交付验收后的合同回款,仅供人工查看；不得作为模型输入或导入数据库
synb1_txn_eb5c54c688d67ccf3a2a349c,2024-06-25T15:00:00,流入,29347.82,客户交付验收后的合同回款,仅供人工查看；不得作为模型输入或导入数据库
synb1_txn_b3c658575440217b534dfe72,2024-06-26T09:00:00,流出,29421.76,备件到货后按供应合同付款,仅供人工查看；不得作为模型输入或导入数据库
synb1_txn_0e0d18a7e0e88199cc814e55,2024-06-27T15:00:00,流入,24406.77,客户交付验收后的合同回款,仅供人工查看；不得作为模型输入或导入数据库
synb1_txn_f7787c20f732c7457753b688,2024-06-27T15:00:00,流入,9051.03,客户交付验收后的合同回款,仅供人工查看；不得作为模型输入或导入数据库
synb1_txn_5ff49c8b18d1bd30a8421f8b,2024-06-28T09:00:00,流出,6300.00,缴纳模拟增值税,仅供人工查看；不得作为模型输入或导入数据库
synb1_txn_72458aa653f858d7b2d2b478,2024-06-28T09:00:00,流出,756.00,缴纳附加税,仅供人工查看；不得作为模型输入或导入数据库
synb1_txn_80ac29627d7231b844735c1c,2024-06-29T09:00:00,流出,21619.53,备件到货后按供应合同付款,仅供人工查看；不得作为模型输入或导入数据库
synb1_txn_297562d5ebc4c351e2b4b54f,2024-06-29T15:00:00,流入,10347.82,客户交付验收后的合同回款,仅供人工查看；不得作为模型输入或导入数据库
synb1_txn_ffeba0e589b5c975b8115971,2024-06-29T15:00:00,流入,25434.78,客户交付验收后的合同回款,仅供人工查看；不得作为模型输入或导入数据库
synb1_txn_9f41dc85bcc8e67302283715,2024-07-01T09:00:00,流出,65683.61,备件到货后按供应合同付款,仅供人工查看；不得作为模型输入或导入数据库
synb1_txn_c689f13e9972500217371be9,2024-07-01T15:00:00,流入,16271.18,客户交付验收后的合同回款,仅供人工查看；不得作为模型输入或导入数据库
synb1_txn_22975ef6d7aaa034e106ddbd,2024-07-01T15:00:00,流入,4287.33,客户交付验收后的合同回款,仅供人工查看；不得作为模型输入或导入数据库
synb1_txn_6a781e1f44fb6c8fb4e45ff1,2024-07-02T09:00:00,流出,33321.67,备件到货后按供应合同付款,仅供人工查看；不得作为模型输入或导入数据库
synb1_txn_afbf0e22d0df93486250f761,2024-07-02T09:00:00,流出,15442.52,备件到货后按供应合同付款,仅供人工查看；不得作为模型输入或导入数据库
synb1_txn_9c49cdd5c5cbe222e24520c7,2024-07-03T09:00:00,流出,37221.05,固定场地租赁付款,仅供人工查看；不得作为模型输入或导入数据库
synb1_txn_85f5acc60c6a9750cd4c19bf,2024-07-03T09:00:00,流出,20409.52,备件到货后按供应合同付款,仅供人工查看；不得作为模型输入或导入数据库
synb1_txn_542b75a572b00de8c10b2fb6,2024-07-03T15:00:00,流入,10347.82,客户交付验收后的合同回款,仅供人工查看；不得作为模型输入或导入数据库
synb1_txn_aa3b76da9a1f2d93ee7d584d,2024-07-03T15:00:00,流入,17608.69,客户交付验收后的合同回款,仅供人工查看；不得作为模型输入或导入数据库
synb1_txn_bcd76511dbf6ee5710dfba27,2024-07-03T15:00:00,流入,68906.00,客户交付验收后的合同回款,仅供人工查看；不得作为模型输入或导入数据库
synb1_txn_74a3f0ffae4fbc2eb14d1b2f,2024-07-04T09:00:00,流出,57116.18,备件到货后按供应合同付款,仅供人工查看；不得作为模型输入或导入数据库
synb1_txn_2e66f6cfd9ba2d5f8766a8a3,2024-07-05T09:00:00,流出,43574.50,备件到货后按供应合同付款,仅供人工查看；不得作为模型输入或导入数据库
synb1_txn_50825169780c4472df5ad498,2024-07-05T09:00:00,流出,21619.53,备件到货后按供应合同付款,仅供人工查看；不得作为模型输入或导入数据库
synb1_txn_5988298a2db16f03fffc5936,2024-07-05T15:00:00,流入,17288.13,客户交付验收后的合同回款,仅供人工查看；不得作为模型输入或导入数据库
synb1_txn_96e59558a015bbf0d0ddb24f,2024-07-05T15:00:00,流入,6192.81,客户交付验收后的合同回款,仅供人工查看；不得作为模型输入或导入数据库
synb1_txn_abf74c605d3e3c1ea34cba99,2024-07-05T15:00:00,流入,16055.02,客户交付验收后的合同回款,仅供人工查看；不得作为模型输入或导入数据库
synb1_txn_7f37b18d1e4d3e671ca5aa4b,2024-07-06T09:00:00,流出,13606.35,备件到货后按供应合同付款,仅供人工查看；不得作为模型输入或导入数据库
synb1_txn_be16da3d9b0eb4ae67903f59,2024-07-07T09:00:00,流出,160991.30,持续服务班组工资,仅供人工查看；不得作为模型输入或导入数据库
synb1_txn_019905f55de9d052ebabddfd,2024-07-07T09:00:00,流出,45692.94,备件到货后按供应合同付款,仅供人工查看；不得作为模型输入或导入数据库
synb1_txn_5a9dddb13023f2eb7ad2b0bd,2024-07-07T15:00:00,流入,12782.66,客户交付验收后的合同回款,仅供人工查看；不得作为模型输入或导入数据库
synb1_txn_8fa2471d98fc9791cc7d74cc,2024-07-07T15:00:00,流入,45000.07,客户交付验收后的合同回款,仅供人工查看；不得作为模型输入或导入数据库
synb1_txn_f9adeda1478c8066525c4dab,2024-07-07T15:00:00,流入,39374.86,客户交付验收后的合同回款,仅供人工查看；不得作为模型输入或导入数据库
synb1_txn_26d13d197ba6744af9f8da35,2024-07-08T09:00:00,流出,43574.50,备件到货后按供应合同付款,仅供人工查看；不得作为模型输入或导入数据库
synb1_txn_da7b900e158c5c2161322fa0,2024-07-08T09:00:00,流出,10809.78,备件到货后按供应合同付款,仅供人工查看；不得作为模型输入或导入数据库
synb1_txn_0ad370e61d365976b7643b5a,2024-07-09T09:00:00,流出,16327.62,备件到货后按供应合同付款,仅供人工查看；不得作为模型输入或导入数据库
synb1_txn_c56689ac419a141e4a716e19,2024-07-09T15:00:00,流入,21355.93,客户交付验收后的合同回款,仅供人工查看；不得作为模型输入或导入数据库
synb1_txn_a02cb7a8e3ad65d7f9ce91cc,2024-07-09T15:00:00,流入,10956.52,客户交付验收后的合同回款,仅供人工查看；不得作为模型输入或导入数据库
synb1_txn_7881bc6f16432d8aa233b2a9,2024-07-09T15:00:00,流入,23660.03,客户交付验收后的合同回款,仅供人工查看；不得作为模型输入或导入数据库
synb1_txn_6a8c05c8073dcab185ca3693,2024-07-10T09:00:00,流出,39981.35,备件到货后按供应合同付款,仅供人工查看；不得作为模型输入或导入数据库
synb1_txn_abaca0c04419db134f3f2229,2024-07-11T09:00:00,流出,35884.89,备件到货后按供应合同付款,仅供人工查看；不得作为模型输入或导入数据库
synb1_txn_f7a8b924018d44d0c044748b,2024-07-11T15:00:00,流入,27070.21,客户交付验收后的合同回款,仅供人工查看；不得作为模型输入或导入数据库
synb1_txn_6e2e31606979173429e3fe18,2024-07-12T09:00:00,流出,21770.18,备件到货后按供应合同付款,仅供人工查看；不得作为模型输入或导入数据库
synb1_txn_e4f77a7b892ce8171a6e1d72,2024-07-13T15:00:00,流入,20339.04,客户交付验收后的合同回款,仅供人工查看；不得作为模型输入或导入数据库
synb1_txn_00e6431234552b0940d7fd48,2024-07-13T15:00:00,流入,9527.40,客户交付验收后的合同回款,仅供人工查看；不得作为模型输入或导入数据库
synb1_txn_3fc147e5907af4d4d5b8b78a,2024-07-13T15:00:00,流入,24733.49,客户交付验收后的合同回款,仅供人工查看；不得作为模型输入或导入数据库
synb1_txn_c11a64f4a11491a052c6010b,2024-07-13T15:00:00,流入,11830.01,客户交付验收后的合同回款,仅供人工查看；不得作为模型输入或导入数据库
synb1_txn_b19005d7bbaee04152651a09,2024-07-14T09:00:00,流出,47844.64,备件到货后按供应合同付款,仅供人工查看；不得作为模型输入或导入数据库
synb1_txn_2604ebcabfa80172c4bbc377,2024-07-15T15:00:00,流入,34453.00,客户交付验收后的合同回款,仅供人工查看；不得作为模型输入或导入数据库
synb1_txn_c9fe1fcd921202d5d6933261,2024-07-17T09:00:00,流出,35086.07,备件到货后按供应合同付款,仅供人工查看；不得作为模型输入或导入数据库
synb1_txn_6b1262cd118dddb724fb63c4,2024-07-17T15:00:00,流入,11432.96,客户交付验收后的合同回款,仅供人工查看；不得作为模型输入或导入数据库
synb1_txn_f2ef676d25e4012e86389595,2024-07-17T15:00:00,流入,29680.18,客户交付验收后的合同回款,仅供人工查看；不得作为模型输入或导入数据库
synb1_txn_ff5a240929a30b32846611a4,2024-07-17T15:00:00,流入,16900.02,客户交付验收后的合同回款,仅供人工查看；不得作为模型输入或导入数据库
synb1_txn_b85a2bd8cca8fe3ff80d0858,2024-07-18T09:00:00,流出,38939.13,备件到货后按供应合同付款,仅供人工查看；不得作为模型输入或导入数据库
synb1_txn_7a3aa52aad23535d69fa9fbc,2024-07-19T09:00:00,流出,42627.20,备件到货后按供应合同付款,仅供人工查看；不得作为模型输入或导入数据库
synb1_txn_b32c9a65a2af888cf959d913,2024-07-19T15:00:00,流入,68906.00,客户交付验收后的合同回款,仅供人工查看；不得作为模型输入或导入数据库
synb1_txn_f3c48f61e96481520c654d13,2024-07-20T09:00:00,流出,31896.43,备件到货后按供应合同付款,仅供人工查看；不得作为模型输入或导入数据库
synb1_txn_d0c48f5b3a063de31d40ad2d,2024-07-21T09:00:00,流出,19469.56,备件到货后按供应合同付款,仅供人工查看；不得作为模型输入或导入数据库
synb1_txn_e8617a7e94abdecb983fc926,2024-07-21T15:00:00,流入,42046.93,客户交付验收后的合同回款,仅供人工查看；不得作为模型输入或导入数据库
synb1_txn_ebb5681e1caf1ed0352eff03,2024-07-21T15:00:00,流入,6760.01,客户交付验收后的合同回款,仅供人工查看；不得作为模型输入或导入数据库
synb1_txn_2c79a6ae8f5060ceed03ed12,2024-07-22T09:00:00,流出,28925.60,备件到货后按供应合同付款,仅供人工查看；不得作为模型输入或导入数据库
synb1_txn_d56cd2618632ff53a7a03260,2024-07-23T09:00:00,流出,51034.31,备件到货后按供应合同付款,仅供人工查看；不得作为模型输入或导入数据库
synb1_txn_8075579d427c7726a9fd329a,2024-07-23T15:00:00,流入,27070.21,客户交付验收后的合同回款,仅供人工查看；不得作为模型输入或导入数据库
synb1_txn_3ca440bbe1552a72422005b9,2024-07-24T09:00:00,流出,36992.17,备件到货后按供应合同付款,仅供人工查看；不得作为模型输入或导入数据库
synb1_txn_16bdc62a0e463974fd7fcf37,2024-07-25T09:00:00,流出,54405.94,合规、技术支持及外部服务费,仅供人工查看；不得作为模型输入或导入数据库
synb1_txn_ad0da8e04aa5b97c0166a59a,2024-07-25T09:00:00,流出,30448.00,备件到货后按供应合同付款,仅供人工查看；不得作为模型输入或导入数据库
synb1_txn_d9f01eb6fe1c8b865cf99cea,2024-07-25T15:00:00,流入,42046.93,客户交付验收后的合同回款,仅供人工查看；不得作为模型输入或导入数据库
synb1_txn_778628f299315c3995f53c04,2024-07-25T15:00:00,流入,10985.01,客户交付验收后的合同回款,仅供人工查看；不得作为模型输入或导入数据库
synb1_txn_b204ecd644349c39e7d5c8c3,2024-07-26T09:00:00,流出,19100.37,备件到货后按供应合同付款,仅供人工查看；不得作为模型输入或导入数据库
synb1_txn_06b3cc2a3bc75255d35c2f8c,2024-07-27T09:00:00,流出,17522.62,备件到货后按供应合同付款,仅供人工查看；不得作为模型输入或导入数据库
synb1_txn_e42338f1bb8937d76d1fb392,2024-07-27T15:00:00,流入,63984.15,客户交付验收后的合同回款,仅供人工查看；不得作为模型输入或导入数据库
synb1_txn_7d9708a0ff401ac748327924,2024-07-28T09:00:00,流出,35015.22,备件到货后按供应合同付款,仅供人工查看；不得作为模型输入或导入数据库
synb1_txn_ae4599d7aba2f91acd725a8b,2024-07-29T09:00:00,流出,51515.74,缴纳企业所得税,仅供人工查看；不得作为模型输入或导入数据库
synb1_txn_d6c45d62a00733c77078dc21,2024-07-29T09:00:00,流出,12900.00,缴纳模拟增值税,仅供人工查看；不得作为模型输入或导入数据库
synb1_txn_e10c2ec8c4f47e28319005ab,2024-07-29T09:00:00,流出,1548.00,缴纳附加税,仅供人工查看；不得作为模型输入或导入数据库
synb1_txn_d696394e3820e3a2995889fb,2024-07-29T09:00:00,流出,17736.06,备件到货后按供应合同付款,仅供人工查看；不得作为模型输入或导入数据库
synb1_txn_618e5db45b707fc93203399c,2024-07-29T15:00:00,流入,64307.07,客户交付验收后的合同回款,仅供人工查看；不得作为模型输入或导入数据库
synb1_txn_2a029259c719368e8792bd91,2024-07-29T15:00:00,流入,20280.03,客户交付验收后的合同回款,仅供人工查看；不得作为模型输入或导入数据库
synb1_txn_eee23be81b27b24338d8c272,2024-07-31T15:00:00,流入,36913.93,客户交付验收后的合同回款,仅供人工查看；不得作为模型输入或导入数据库
synb1_txn_c5394fa0004da503b02b83ec,2024-08-01T09:00:00,流出,34107.81,备件到货后按供应合同付款,仅供人工查看；不得作为模型输入或导入数据库
synb1_txn_59242bda08a2fa610d568c66,2024-08-02T15:00:00,流入,49466.98,客户交付验收后的合同回款,仅供人工查看；不得作为模型输入或导入数据库
synb1_txn_f84f67415cba2a5f0ebe931f,2024-08-02T15:00:00,流入,16900.02,客户交付验收后的合同回款,仅供人工查看；不得作为模型输入或导入数据库
synb1_txn_ead69f67191fb54a915c05ee,2024-08-03T09:00:00,流出,37221.05,固定场地租赁付款,仅供人工查看；不得作为模型输入或导入数据库
synb1_txn_73a141a77ba9d46eeac5ef19,2024-08-03T15:00:00,流入,46683.56,客户交付验收后的合同回款,仅供人工查看；不得作为模型输入或导入数据库
synb1_txn_cbf05b3c3158f16364338024,2024-08-04T09:00:00,流出,30014.90,备件到货后按供应合同付款,仅供人工查看；不得作为模型输入或导入数据库
synb1_txn_4ab6d532e0e50088b22c6386,2024-08-04T15:00:00,流入,54140.43,客户交付验收后的合同回款,仅供人工查看；不得作为模型输入或导入数据库
synb1_txn_048b4b874030a904f0ee5f18,2024-08-06T15:00:00,流入,29680.18,客户交付验收后的合同回款,仅供人工查看；不得作为模型输入或导入数据库
synb1_txn_f672b8562a667c103dffb16b,2024-08-06T15:00:00,流入,16900.02,客户交付验收后的合同回款,仅供人工查看；不得作为模型输入或导入数据库
synb1_txn_aa4907bfe253c403b34b5c53,2024-08-07T09:00:00,流出,160991.30,持续服务班组工资,仅供人工查看；不得作为模型输入或导入数据库
synb1_txn_cf04d973f0c68e2e97957458,2024-08-07T15:00:00,流入,46683.56,客户交付验收后的合同回款,仅供人工查看；不得作为模型输入或导入数据库
synb1_txn_d7e4eaf5da17cefca595283f,2024-08-08T15:00:00,流入,51679.50,客户交付验收后的合同回款,仅供人工查看；不得作为模型输入或导入数据库
synb1_txn_32a56b96b96d6a4537f50b55,2024-08-09T09:00:00,流出,31586.98,备件到货后按供应合同付款,仅供人工查看；不得作为模型输入或导入数据库
synb1_txn_10d1c5982250a12dc1e0a0b0,2024-08-10T15:00:00,流入,69253.77,客户交付验收后的合同回款,仅供人工查看；不得作为模型输入或导入数据库
synb1_txn_2340eb5d0cf49ab3dbc51f57,2024-08-10T15:00:00,流入,9295.01,客户交付验收后的合同回款,仅供人工查看；不得作为模型输入或导入数据库
synb1_txn_4a254c23c95b8bdc4ccf060f,2024-08-11T09:00:00,流出,53346.90,备件到货后按供应合同付款,仅供人工查看；不得作为模型输入或导入数据库
synb1_txn_36e85b712676f18961978e8c,2024-08-11T15:00:00,流入,40267.55,客户交付验收后的合同回款,仅供人工查看；不得作为模型输入或导入数据库
synb1_txn_adef232deea07969f3620c18,2024-08-11T15:00:00,流入,40594.40,客户交付验收后的合同回款,仅供人工查看；不得作为模型输入或导入数据库
synb1_txn_8baf27100c8eb449fa98fe5c,2024-08-12T09:00:00,流出,51328.85,备件到货后按供应合同付款,仅供人工查看；不得作为模型输入或导入数据库
synb1_txn_ffed04446bf5d2d6ba9d0f2b,2024-08-12T15:00:00,流入,39374.86,客户交付验收后的合同回款,仅供人工查看；不得作为模型输入或导入数据库
synb1_txn_043ee1afeebd5e219034e4f6,2024-08-14T09:00:00,流出,32116.60,备件到货后按供应合同付款,仅供人工查看；不得作为模型输入或导入数据库
synb1_txn_b35fddf865b9530f5b82ade3,2024-08-14T09:00:00,流出,50539.17,备件到货后按供应合同付款,仅供人工查看；不得作为模型输入或导入数据库
synb1_txn_e6a42fbbd82adc8872d080d2,2024-08-14T15:00:00,流入,66780.42,客户交付验收后的合同回款,仅供人工查看；不得作为模型输入或导入数据库
synb1_txn_3a749c0b28c07a5d495dec51,2024-08-14T15:00:00,流入,9295.01,客户交付验收后的合同回款,仅供人工查看；不得作为模型输入或导入数据库
synb1_txn_93c02087bcb2f44ca359eee2,2024-08-15T09:00:00,流出,35535.35,备件到货后按供应合同付款,仅供人工查看；不得作为模型输入或导入数据库
synb1_txn_6728525a163fc436695bf9fc,2024-08-15T15:00:00,流入,26845.03,客户交付验收后的合同回款,仅供人工查看；不得作为模型输入或导入数据库
synb1_txn_0709c4fc5d05b266183c6907,2024-08-15T15:00:00,流入,24356.64,客户交付验收后的合同回款,仅供人工查看；不得作为模型输入或导入数据库
synb1_txn_372bc244f57fa20aa5ab8d5c,2024-08-16T09:00:00,流出,54394.31,备件到货后按供应合同付款,仅供人工查看；不得作为模型输入或导入数据库
synb1_txn_d980785a29e631780fd35abe,2024-08-16T09:00:00,流出,37062.05,备件到货后按供应合同付款,仅供人工查看；不得作为模型输入或导入数据库
synb1_txn_43b6a2811ba0f02e30e67ce4,2024-08-16T15:00:00,流入,56601.42,客户交付验收后的合同回款,仅供人工查看；不得作为模型输入或导入数据库
synb1_txn_a9adf7f3ef9c6fb79d7c0700,2024-08-16T15:00:00,流入,47565.43,客户交付验收后的合同回款,仅供人工查看；不得作为模型输入或导入数据库
synb1_txn_0b04f351855c8f6ffd7b6467,2024-08-17T09:00:00,流出,33306.10,备件到货后按供应合同付款,仅供人工查看；不得作为模型输入或导入数据库
synb1_txn_2ceaa929aeae37a864bde936,2024-08-17T09:00:00,流出,42115.97,备件到货后按供应合同付款,仅供人工查看；不得作为模型输入或导入数据库
synb1_txn_dd804f113220466ba608d203,2024-08-18T09:00:00,流出,28152.28,备件到货后按供应合同付款,仅供人工查看；不得作为模型输入或导入数据库
synb1_txn_1bf5fc66b95683254b8d0503,2024-08-18T09:00:00,流出,39483.75,备件到货后按供应合同付款,仅供人工查看；不得作为模型输入或导入数据库
synb1_txn_948cd404015884e6c2e4ed38,2024-08-18T15:00:00,流入,49466.98,客户交付验收后的合同回款,仅供人工查看；不得作为模型输入或导入数据库
synb1_txn_877c2fa91e63ce4f9822996b,2024-08-18T15:00:00,流入,16055.08,客户交付验收后的合同回款,仅供人工查看；不得作为模型输入或导入数据库
synb1_txn_6cdec0726672bf69923ecdc5,2024-08-19T09:00:00,流出,32142.09,备件到货后按供应合同付款,仅供人工查看；不得作为模型输入或导入数据库
synb1_txn_971872b43cdc099299db2492,2024-08-19T09:00:00,流出,13477.11,备件到货后按供应合同付款,仅供人工查看；不得作为模型输入或导入数据库
synb1_txn_0f233f19121ec2dbb5d27564,2024-08-19T15:00:00,流入,49855.07,客户交付验收后的合同回款,仅供人工查看；不得作为模型输入或导入数据库
synb1_txn_85e44a5f8eb242dadb7b03e4,2024-08-19T15:00:00,流入,30445.80,客户交付验收后的合同回款,仅供人工查看；不得作为模型输入或导入数据库
synb1_txn_831b3cd407ace7e6b326abf2,2024-08-20T09:00:00,流出,29737.59,备件到货后按供应合同付款,仅供人工查看；不得作为模型输入或导入数据库
synb1_txn_a41ca7eac5ce3c3fd5986f1d,2024-08-20T09:00:00,流出,30885.06,备件到货后按供应合同付款,仅供人工查看；不得作为模型输入或导入数据库
synb1_txn_505a4b512ad25b5022eda56d,2024-08-20T15:00:00,流入,26755.55,客户交付验收后的合同回款,仅供人工查看；不得作为模型输入或导入数据库
synb1_txn_02c4fd13c1f72d6fb82939ba,2024-08-21T09:00:00,流出,20853.54,备件到货后按供应合同付款,仅供人工查看；不得作为模型输入或导入数据库
synb1_txn_e1acfbe4d3aea37029dbb5d2,2024-08-21T15:00:00,流入,43921.81,客户交付验收后的合同回款,仅供人工查看；不得作为模型输入或导入数据库
synb1_txn_42fca89c5751bb9ed30c23e5,2024-08-22T09:00:00,流出,29669.62,备件到货后按供应合同付款,仅供人工查看；不得作为模型输入或导入数据库
synb1_txn_ff3c7e9f1847afb425e8a1fd,2024-08-22T09:00:00,流出,32008.14,备件到货后按供应合同付款,仅供人工查看；不得作为模型输入或导入数据库
synb1_txn_4650f1a8ad7d58eb3a435755,2024-08-22T15:00:00,流入,59360.37,客户交付验收后的合同回款,仅供人工查看；不得作为模型输入或导入数据库
synb1_txn_2e7f3fa69d3112ad262c259b,2024-08-23T09:00:00,流出,20221.59,备件到货后按供应合同付款,仅供人工查看；不得作为模型输入或导入数据库
synb1_txn_1a5a37861fd61909d60ae8f7,2024-08-23T09:00:00,流出,17134.85,备件到货后按供应合同付款,仅供人工查看；不得作为模型输入或导入数据库
synb1_txn_fdeecf14c77cc12f3e827887,2024-08-23T15:00:00,流入,38350.05,客户交付验收后的合同回款,仅供人工查看；不得作为模型输入或导入数据库
synb1_txn_22dedc012a50a07f29282d3f,2024-08-23T15:00:00,流入,46683.56,客户交付验收后的合同回款,仅供人工查看；不得作为模型输入或导入数据库
synb1_txn_06315c4931c1782b349ad3bf,2024-08-24T09:00:00,流出,29194.95,备件到货后按供应合同付款,仅供人工查看；不得作为模型输入或导入数据库
synb1_txn_c66185cee098080027fa4ba9,2024-08-24T15:00:00,流入,35674.07,客户交付验收后的合同回款,仅供人工查看；不得作为模型输入或导入数据库
synb1_txn_a95e1ffbab1faa6fb3af052b,2024-08-25T09:00:00,流出,54405.94,合规、技术支持及外部服务费,仅供人工查看；不得作为模型输入或导入数据库
synb1_txn_ad613995fee35f2c837ad79e,2024-08-25T09:00:00,流出,56866.80,备件到货后按供应合同付款,仅供人工查看；不得作为模型输入或导入数据库
synb1_txn_7bcaa2e203ed143ff9e516bf,2024-08-25T09:00:00,流出,18531.04,备件到货后按供应合同付款,仅供人工查看；不得作为模型输入或导入数据库
synb1_txn_1380717044567b68a2774ca2,2024-08-25T15:00:00,流入,21960.90,客户交付验收后的合同回款,仅供人工查看；不得作为模型输入或导入数据库
synb1_txn_65e05ce2e8635082013d3c39,2024-08-26T09:00:00,流出,21807.99,备件到货后按供应合同付款,仅供人工查看；不得作为模型输入或导入数据库
synb1_txn_ce7af731161cc17c9f15d829,2024-08-26T15:00:00,流入,19786.86,客户交付验收后的合同回款,仅供人工查看；不得作为模型输入或导入数据库
synb1_txn_9a07fbb44654bb713d5db724,2024-08-27T09:00:00,流出,29194.97,备件到货后按供应合同付款,仅供人工查看；不得作为模型输入或导入数据库
synb1_txn_bfcbdececff38d58ac346a46,2024-08-27T15:00:00,流入,36432.55,客户交付验收后的合同回款,仅供人工查看；不得作为模型输入或导入数据库
synb1_txn_7c581478501cf918dd2657b7,2024-08-27T15:00:00,流入,20297.20,客户交付验收后的合同回款,仅供人工查看；不得作为模型输入或导入数据库
synb1_txn_fe0e7d47d8caddbec84c0f45,2024-08-28T09:00:00,流出,51515.74,缴纳企业所得税,仅供人工查看；不得作为模型输入或导入数据库
synb1_txn_c43c904ea78009eb82376911,2024-08-28T09:00:00,流出,12900.00,缴纳模拟增值税,仅供人工查看；不得作为模型输入或导入数据库
synb1_txn_61baa5c761e8d9f307698fbf,2024-08-28T09:00:00,流出,1548.00,缴纳附加税,仅供人工查看；不得作为模型输入或导入数据库
synb1_txn_a91e6bb87b34318931c79770,2024-08-28T15:00:00,流入,83239.50,客户交付验收后的合同回款,仅供人工查看；不得作为模型输入或导入数据库
synb1_txn_df1f039688bb0173534dc9cf,2024-08-29T09:00:00,流出,40500.56,备件到货后按供应合同付款,仅供人工查看；不得作为模型输入或导入数据库
synb1_txn_21fbc6ee7418823bcf1a9667,2024-08-29T15:00:00,流入,40261.66,客户交付验收后的合同回款,仅供人工查看；不得作为模型输入或导入数据库
synb1_txn_c8bd471148725a087feff325,2024-08-31T15:00:00,流入,47937.56,客户交付验收后的合同回款,仅供人工查看；不得作为模型输入或导入数据库
synb1_txn_1e35bad5137ff09e6618ee49,2024-08-31T15:00:00,流入,42624.12,客户交付验收后的合同回款,仅供人工查看；不得作为模型输入或导入数据库
synb1_txn_6796df955a9b9e6cc751d5a3,2024-09-01T09:00:00,流出,34269.73,备件到货后按供应合同付款,仅供人工查看；不得作为模型输入或导入数据库
synb1_txn_0cbb63e6ca0b57a79de591b5,2024-09-01T15:00:00,流入,35674.07,客户交付验收后的合同回款,仅供人工查看；不得作为模型输入或导入数据库
synb1_txn_6b63d36820b0f4f2e32bdfc5,2024-09-02T15:00:00,流入,29281.21,客户交付验收后的合同回款,仅供人工查看；不得作为模型输入或导入数据库
synb1_txn_5f2f61379288b9a8fb2fa7b8,2024-09-02T15:00:00,流入,17432.43,客户交付验收后的合同回款,仅供人工查看；不得作为模型输入或导入数据库
synb1_txn_6da85daf2411c14e2826bb95,2024-09-03T09:00:00,流出,37221.05,固定场地租赁付款,仅供人工查看；不得作为模型输入或导入数据库
synb1_txn_b8d779412ca1a821782717b3,2024-09-04T15:00:00,流入,17257.52,客户交付验收后的合同回款,仅供人工查看；不得作为模型输入或导入数据库
synb1_txn_f9b414b7f0bd7084ed5d4e85,2024-09-04T15:00:00,流入,20297.20,客户交付验收后的合同回款,仅供人工查看；不得作为模型输入或导入数据库
synb1_txn_8bdda1430e92224217d416ba,2024-09-05T15:00:00,流入,23782.71,客户交付验收后的合同回款,仅供人工查看；不得作为模型输入或导入数据库
synb1_txn_3cf97ec581c5a7c7483d4265,2024-09-06T15:00:00,流入,43921.81,客户交付验收后的合同回款,仅供人工查看；不得作为模型输入或导入数据库
synb1_txn_dd602ea779d3b05c9c3bffe2,2024-09-06T15:00:00,流入,25180.17,客户交付验收后的合同回款,仅供人工查看；不得作为模型输入或导入数据库
synb1_txn_6860ec2b2105a6ea25296671,2024-09-07T09:00:00,流出,160991.30,持续服务班组工资,仅供人工查看；不得作为模型输入或导入数据库
synb1_txn_d7ea06fbbde0d793a9f5ddb5,2024-09-08T15:00:00,流入,32597.54,客户交付验收后的合同回款,仅供人工查看；不得作为模型输入或导入数据库
synb1_txn_12ce25a8739cecde1e9de4fd,2024-09-08T15:00:00,流入,48713.28,客户交付验收后的合同回款,仅供人工查看；不得作为模型输入或导入数据库
synb1_txn_1272dda4d0f4bad619bd9501,2024-09-09T15:00:00,流入,74320.98,客户交付验收后的合同回款,仅供人工查看；不得作为模型输入或导入数据库
synb1_txn_ce2f44b5d615300a49a0ccf4,2024-09-10T15:00:00,流入,49412.04,客户交付验收后的合同回款,仅供人工查看；不得作为模型输入或导入数据库
synb1_txn_1f023cd846b1dab44a576991,2024-09-10T15:00:00,流入,25180.17,客户交付验收后的合同回款,仅供人工查看；不得作为模型输入或导入数据库
synb1_txn_50b0a667dc71c1c37c693559,2024-09-11T09:00:00,流出,12344.33,备件到货后按供应合同付款,仅供人工查看；不得作为模型输入或导入数据库
synb1_txn_56c5fa0352558f11e7161d02,2024-09-12T15:00:00,流入,30680.04,客户交付验收后的合同回款,仅供人工查看；不得作为模型输入或导入数据库
synb1_txn_9b29190b2ba05ca19e4e5f1b,2024-09-12T15:00:00,流入,40594.40,客户交付验收后的合同回款,仅供人工查看；不得作为模型输入或导入数据库
synb1_txn_bd9c9c760616c34542559aae,2024-09-13T09:00:00,流出,22791.89,备件到货后按供应合同付款,仅供人工查看；不得作为模型输入或导入数据库
synb1_txn_d6c24d6361f855b988af0c45,2024-09-13T15:00:00,流入,83239.50,客户交付验收后的合同回款,仅供人工查看；不得作为模型输入或导入数据库
synb1_txn_ab1906b2d0636a653d6c7421,2024-09-14T09:00:00,流出,29626.41,备件到货后按供应合同付款,仅供人工查看；不得作为模型输入或导入数据库
synb1_txn_e242296b88d426c4c0095660,2024-09-14T15:00:00,流入,16470.68,客户交付验收后的合同回款,仅供人工查看；不得作为模型输入或导入数据库
synb1_txn_6c77f871eaa28134c1635098,2024-09-14T15:00:00,流入,40675.67,客户交付验收后的合同回款,仅供人工查看；不得作为模型输入或导入数据库
synb1_txn_6cba5ee12fd09d4909d3ac12,2024-09-15T15:00:00,流入,37229.43,客户交付验收后的合同回款,仅供人工查看；不得作为模型输入或导入数据库
synb1_txn_635741ad051999eaca5c5c6b,2024-09-16T09:00:00,流出,47337.00,备件到货后按供应合同付款,仅供人工查看；不得作为模型输入或导入数据库
synb1_txn_8962dcb9ae05c46e04b744e4,2024-09-16T15:00:00,流入,34515.04,客户交付验收后的合同回款,仅供人工查看；不得作为模型输入或导入数据库
synb1_txn_fb762068736953ec0f5b3624,2024-09-16T15:00:00,流入,38564.74,客户交付验收后的合同回款,仅供人工查看；不得作为模型输入或导入数据库
synb1_txn_f6ddcfaafd34b62d4fd2d3be,2024-09-17T09:00:00,流出,32095.27,备件到货后按供应合同付款,仅供人工查看；不得作为模型输入或导入数据库
synb1_txn_eac20fea4a896e519448df4b,2024-09-17T15:00:00,流入,44592.59,客户交付验收后的合同回款,仅供人工查看；不得作为模型输入或导入数据库
synb1_txn_ee662769cc241ad2949972b3,2024-09-18T09:00:00,流出,21689.35,备件到货后按供应合同付款,仅供人工查看；不得作为模型输入或导入数据库
synb1_txn_dfb1a6c0b037f652eace9eb4,2024-09-18T15:00:00,流入,47581.96,客户交付验收后的合同回款,仅供人工查看；不得作为模型输入或导入数据库
synb1_txn_73fa62e5e9a048e94831b387,2024-09-18T15:00:00,流入,32927.92,客户交付验收后的合同回款,仅供人工查看；不得作为模型输入或导入数据库
synb1_txn_4d95355b8a292ccfb25a4b61,2024-09-19T09:00:00,流出,33311.22,备件到货后按供应合同付款,仅供人工查看；不得作为模型输入或导入数据库
synb1_txn_ef898d5f7a5c66cd1e786da3,2024-09-19T15:00:00,流入,26060.60,客户交付验收后的合同回款,仅供人工查看；不得作为模型输入或导入数据库
synb1_txn_980c14a392f2bb30ce641e0c,2024-09-20T09:00:00,流出,33329.73,备件到货后按供应合同付款,仅供人工查看；不得作为模型输入或导入数据库
synb1_txn_ab1f4d8bfb499891133f80ce,2024-09-20T09:00:00,流出,23881.73,备件到货后按供应合同付款,仅供人工查看；不得作为模型输入或导入数据库
synb1_txn_5bf0d48a86e5b82bacad2f41,2024-09-20T15:00:00,流入,21092.53,客户交付验收后的合同回款,仅供人工查看；不得作为模型输入或导入数据库
synb1_txn_fdb899e280def7747721dcc8,2024-09-20T15:00:00,流入,19385.24,客户交付验收后的合同回款,仅供人工查看；不得作为模型输入或导入数据库
synb1_txn_592e9921071ca4d84e983d31,2024-09-21T09:00:00,流出,22556.92,备件到货后按供应合同付款,仅供人工查看；不得作为模型输入或导入数据库
synb1_txn_7c24adf9e651cb5fde169900,2024-09-21T15:00:00,流入,80266.66,客户交付验收后的合同回款,仅供人工查看；不得作为模型输入或导入数据库
synb1_txn_7186a0ec0dc48c98897aae85,2024-09-22T09:00:00,流出,22791.90,备件到货后按供应合同付款,仅供人工查看；不得作为模型输入或导入数据库
synb1_txn_dcc70fc4150484f2f12f6d42,2024-09-22T15:00:00,流入,42091.74,客户交付验收后的合同回款,仅供人工查看；不得作为模型输入或导入数据库
synb1_txn_472c68c2433ddaa7aae83087,2024-09-22T15:00:00,流入,50360.35,客户交付验收后的合同回款,仅供人工查看；不得作为模型输入或导入数据库
synb1_txn_17879c8d9be315b49b17b7a9,2024-09-23T09:00:00,流出,55724.04,备件到货后按供应合同付款,仅供人工查看；不得作为模型输入或导入数据库
synb1_txn_a709b22c435b6ca8070902a9,2024-09-23T15:00:00,流入,44675.32,客户交付验收后的合同回款,仅供人工查看；不得作为模型输入或导入数据库
synb1_txn_765cdb041ac3da04e91d4e5a,2024-09-24T09:00:00,流出,14499.62,备件到货后按供应合同付款,仅供人工查看；不得作为模型输入或导入数据库
synb1_txn_7744bd9231f28b24963ac349,2024-09-24T09:00:00,流出,23424.50,备件到货后按供应合同付款,仅供人工查看；不得作为模型输入或导入数据库
synb1_txn_b4e5fd580c60a0ab213fba10,2024-09-24T15:00:00,流入,21092.59,客户交付验收后的合同回款,仅供人工查看；不得作为模型输入或导入数据库
synb1_txn_70dd3aa1564f0d7d122b2497,2024-09-24T15:00:00,流入,26923.95,客户交付验收后的合同回款,仅供人工查看；不得作为模型输入或导入数据库
synb1_txn_5784fed0bf121bad992d8762,2024-09-25T09:00:00,流出,54405.94,合规、技术支持及外部服务费,仅供人工查看；不得作为模型输入或导入数据库
synb1_txn_db6f5a8ed29c253218a362c3,2024-09-25T15:00:00,流入,62429.63,客户交付验收后的合同回款,仅供人工查看；不得作为模型输入或导入数据库
synb1_txn_69dcc5ef5921197babb0b365,2024-09-25T15:00:00,流入,29068.08,客户交付验收后的合同回款,仅供人工查看；不得作为模型输入或导入数据库
synb1_txn_d00badc5c2a6fe89de6da423,2024-09-26T09:00:00,流出,28051.55,备件到货后按供应合同付款,仅供人工查看；不得作为模型输入或导入数据库
synb1_txn_d01a293261a817c03626542b,2024-09-26T09:00:00,流出,63684.61,备件到货后按供应合同付款,仅供人工查看；不得作为模型输入或导入数据库
synb1_txn_b63aeaa53b622c04753e3773,2024-09-26T15:00:00,流入,47581.96,客户交付验收后的合同回款,仅供人工查看；不得作为模型输入或导入数据库
synb1_txn_712c735f32cb9074d06dd332,2024-09-26T15:00:00,流入,25180.17,客户交付验收后的合同回款,仅供人工查看；不得作为模型输入或导入数据库
synb1_txn_3e440c129f590fdfaa4e86ac,2024-09-27T09:00:00,流出,45109.93,备件到货后按供应合同付款,仅供人工查看；不得作为模型输入或导入数据库
synb1_txn_6124e11a2cb63528dbd2aede,2024-09-27T09:00:00,流出,16483.93,备件到货后按供应合同付款,仅供人工查看；不得作为模型输入或导入数据库
synb1_txn_d7f2191ce833123ea88a775b,2024-09-27T15:00:00,流入,44675.32,客户交付验收后的合同回款,仅供人工查看；不得作为模型输入或导入数据库
synb1_txn_333f2b4cf6cdfcefa0f14637,2024-09-28T15:00:00,流入,25846.99,客户交付验收后的合同回款,仅供人工查看；不得作为模型输入或导入数据库
synb1_txn_28f2873c62e7b672df7dce25,2024-09-29T09:00:00,流出,28051.55,备件到货后按供应合同付款,仅供人工查看；不得作为模型输入或导入数据库
synb1_txn_e664ce51a527f72ffc81b43d,2024-09-29T09:00:00,流出,53070.53,备件到货后按供应合同付款,仅供人工查看；不得作为模型输入或导入数据库
synb1_txn_389f36ada2f7fc0605b43e8e,2024-09-29T15:00:00,流入,71348.21,客户交付验收后的合同回款,仅供人工查看；不得作为模型输入或导入数据库
synb1_txn_bb0ea5e691e23ed8c4ec03f3,2024-09-29T15:00:00,流入,58136.16,客户交付验收后的合同回款,仅供人工查看；不得作为模型输入或导入数据库
synb1_txn_e90a859d035379f6e0b0f1dc,2024-09-30T09:00:00,流出,51515.74,缴纳企业所得税,仅供人工查看；不得作为模型输入或导入数据库
synb1_txn_5965cd3f7086f70bcac77220,2024-09-30T09:00:00,流出,12900.00,缴纳模拟增值税,仅供人工查看；不得作为模型输入或导入数据库
synb1_txn_8ca733118d245467ce32ca7c,2024-09-30T09:00:00,流出,1548.00,缴纳附加税,仅供人工查看；不得作为模型输入或导入数据库
synb1_txn_e42b1ab33ca85d2f91f5f56f,2024-09-30T09:00:00,流出,22554.96,备件到货后按供应合同付款,仅供人工查看；不得作为模型输入或导入数据库
synb1_txn_8f7b744605bfc633e0926023,2024-09-30T15:00:00,流入,27451.13,客户交付验收后的合同回款,仅供人工查看；不得作为模型输入或导入数据库
synb1_txn_e788937f812e6955bba29739,2024-09-30T15:00:00,流入,42612.61,客户交付验收后的合同回款,仅供人工查看；不得作为模型输入或导入数据库
synb1_txn_42c2299734930bf93798ee6c,2024-10-01T15:00:00,流入,42813.85,客户交付验收后的合同回款,仅供人工查看；不得作为模型输入或导入数据库
synb1_txn_d78baa53c193ab58eeb6d84d,2024-10-02T09:00:00,流出,36817.66,备件到货后按供应合同付款,仅供人工查看；不得作为模型输入或导入数据库
synb1_txn_376fff2ea4a356909ce6280a,2024-10-02T15:00:00,流入,29077.86,客户交付验收后的合同回款,仅供人工查看；不得作为模型输入或导入数据库
synb1_txn_3549a833b9b8bc2ddc62861b,2024-10-03T09:00:00,流出,37221.05,固定场地租赁付款,仅供人工查看；不得作为模型输入或导入数据库
synb1_txn_9e890aee7158c771c8b53c56,2024-10-03T09:00:00,流出,37054.61,备件到货后按供应合同付款,仅供人工查看；不得作为模型输入或导入数据库
synb1_txn_c9d81b3d5b9d7ce8c9dd1bdc,2024-10-03T15:00:00,流入,35296.95,客户交付验收后的合同回款,仅供人工查看；不得作为模型输入或导入数据库
synb1_txn_5e88b41b55460ad4da231ce9,2024-10-04T15:00:00,流入,36601.57,客户交付验收后的合同回款,仅供人工查看；不得作为模型输入或导入数据库
synb1_txn_35609ac3f56c60d3c2a1d705,2024-10-04T15:00:00,流入,21306.30,客户交付验收后的合同回款,仅供人工查看；不得作为模型输入或导入数据库
synb1_txn_414f02e94ef7f399cfa4403f,2024-10-05T09:00:00,流出,40324.14,备件到货后按供应合同付款,仅供人工查看；不得作为模型输入或导入数据库
synb1_txn_9dac18405f4536667156655b,2024-10-05T15:00:00,流入,37229.43,客户交付验收后的合同回款,仅供人工查看；不得作为模型输入或导入数据库
synb1_txn_e294b56e905ffe8ff9140689,2024-10-06T15:00:00,流入,24770.03,客户交付验收后的合同回款,仅供人工查看；不得作为模型输入或导入数据库
synb1_txn_36b2bbdf545a48171ebfbea4,2024-10-07T09:00:00,流出,160991.30,持续服务班组工资,仅供人工查看；不得作为模型输入或导入数据库
synb1_txn_01f49cf01b6dc947ecd9395d,2024-10-07T15:00:00,流入,33220.66,客户交付验收后的合同回款,仅供人工查看；不得作为模型输入或导入数据库
synb1_txn_16a5dd1237a4d842746d0150,2024-10-08T15:00:00,流入,29054.05,客户交付验收后的合同回款,仅供人工查看；不得作为模型输入或导入数据库
synb1_txn_576997aaaf77748dc4c8fa55,2024-10-09T09:00:00,流出,26690.84,备件到货后按供应合同付款,仅供人工查看；不得作为模型输入或导入数据库
synb1_txn_0e01406969b0bd2b36b78b7a,2024-10-09T15:00:00,流入,39090.90,客户交付验收后的合同回款,仅供人工查看；不得作为模型输入或导入数据库
synb1_txn_862095e0869c1eb7347242db,2024-10-10T09:00:00,流出,31521.85,备件到货后按供应合同付款,仅供人工查看；不得作为模型输入或导入数据库
synb1_txn_8814e82f96463c49f3c35510,2024-10-10T15:00:00,流入,24770.03,客户交付验收后的合同回款,仅供人工查看；不得作为模型输入或导入数据库
synb1_txn_225a3f0fd111c41fc7152104,2024-10-11T15:00:00,流入,49830.99,客户交付验收后的合同回款,仅供人工查看；不得作为模型输入或导入数据库
synb1_txn_fa5fd8fd0c1d1d50ca739c4e,2024-10-12T09:00:00,流出,18840.59,备件到货后按供应合同付款,仅供人工查看；不得作为模型输入或导入数据库
synb1_txn_d26cac4c998be42b96298136,2024-10-12T15:00:00,流入,29054.05,客户交付验收后的合同回款,仅供人工查看；不得作为模型输入或导入数据库
synb1_txn_aa5fe86ff9f71183e139a3db,2024-10-13T09:00:00,流出,25217.48,备件到货后按供应合同付款,仅供人工查看；不得作为模型输入或导入数据库
synb1_txn_8466afa125d772c44bf04966,2024-10-13T15:00:00,流入,22337.66,客户交付验收后的合同回款,仅供人工查看；不得作为模型输入或导入数据库
synb1_txn_a8c8d4dc3ac7b01ebc38a3e5,2024-10-14T15:00:00,流入,24770.03,客户交付验收后的合同回款,仅供人工查看；不得作为模型输入或导入数据库
synb1_txn_dcea4c8d683bb11995a9fb62,2024-10-14T15:00:00,流入,25697.21,客户交付验收后的合同回款,仅供人工查看；不得作为模型输入或导入数据库
synb1_txn_e9e96326e6161816c3103956,2024-10-15T09:00:00,流出,25120.79,备件到货后按供应合同付款,仅供人工查看；不得作为模型输入或导入数据库
synb1_txn_00d2c92b45590f46bc1cb008,2024-10-15T15:00:00,流入,29068.08,客户交付验收后的合同回款,仅供人工查看；不得作为模型输入或导入数据库
synb1_txn_4c070c4d798f1bd1e94bc9b5,2024-10-16T09:00:00,流出,18913.11,备件到货后按供应合同付款,仅供人工查看；不得作为模型输入或导入数据库
synb1_txn_420a1302b3beccf5b99769e8,2024-10-16T15:00:00,流入,19369.44,客户交付验收后的合同回款,仅供人工查看；不得作为模型输入或导入数据库
synb1_txn_850bdcc08371fa7e482066fb,2024-10-17T09:00:00,流出,39159.84,备件到货后按供应合同付款,仅供人工查看；不得作为模型输入或导入数据库
synb1_txn_b0b9b43418b681ca384d6b1d,2024-10-17T15:00:00,流入,20476.19,客户交付验收后的合同回款,仅供人工查看；不得作为模型输入或导入数据库
synb1_txn_cb01fbfc36b527ee169c8186,2024-10-18T09:00:00,流出,34541.12,备件到货后按供应合同付款,仅供人工查看；不得作为模型输入或导入数据库
synb1_txn_840139c5a87661bf2f1ea70f,2024-10-18T15:00:00,流入,22616.11,客户交付验收后的合同回款,仅供人工查看；不得作为模型输入或导入数据库
synb1_txn_26c3b3da01480fc239f8d537,2024-10-18T15:00:00,流入,12848.60,客户交付验收后的合同回款,仅供人工查看；不得作为模型输入或导入数据库
synb1_txn_d1c48bd177c9e6dae8f1e0c6,2024-10-19T09:00:00,流出,42554.51,备件到货后按供应合同付款,仅供人工查看；不得作为模型输入或导入数据库
synb1_txn_f9cc2a7bab20613c5d33126b,2024-10-19T15:00:00,流入,20762.91,客户交付验收后的合同回款,仅供人工查看；不得作为模型输入或导入数据库
synb1_txn_ad26728a5dc1c4f649a05172,2024-10-20T09:00:00,流出,26793.57,备件到货后按供应合同付款,仅供人工查看；不得作为模型输入或导入数据库
synb1_txn_baabeb1e053705b5bdecbbb1,2024-10-20T15:00:00,流入,47725.17,客户交付验收后的合同回款,仅供人工查看；不得作为模型输入或导入数据库
synb1_txn_1c79bd6916e26f685f908f1c,2024-10-21T09:00:00,流出,12817.62,备件到货后按供应合同付款,仅供人工查看；不得作为模型输入或导入数据库
synb1_txn_f46f3cf6465c2a7f11fd0a39,2024-10-21T15:00:00,流入,46536.79,客户交付验收后的合同回款,仅供人工查看；不得作为模型输入或导入数据库
synb1_txn_1eea83608711fdb1957dd590,2024-10-22T15:00:00,流入,19385.24,客户交付验收后的合同回款,仅供人工查看；不得作为模型输入或导入数据库
synb1_txn_56bf728c89e360ada3e736c7,2024-10-22T15:00:00,流入,32835.32,客户交付验收后的合同回款,仅供人工查看；不得作为模型输入或导入数据库
synb1_txn_a9b4944d0a1d0a07c9c65f77,2024-10-23T09:00:00,流出,30915.66,备件到货后按供应合同付款,仅供人工查看；不得作为模型输入或导入数据库
synb1_txn_0639a140e3986ca730f166b7,2024-10-23T15:00:00,流入,16610.33,客户交付验收后的合同回款,仅供人工查看；不得作为模型输入或导入数据库
synb1_txn_1ef21ea2659e253f682ae1d4,2024-10-24T09:00:00,流出,23071.71,备件到货后按供应合同付款,仅供人工查看；不得作为模型输入或导入数据库
synb1_txn_465369e09d5d00382a9e9b0d,2024-10-24T15:00:00,流入,35793.87,客户交付验收后的合同回款,仅供人工查看；不得作为模型输入或导入数据库
synb1_txn_caf2bf0736ac694312c0a8a1,2024-10-24T15:00:00,流入,43434.34,客户交付验收后的合同回款,仅供人工查看；不得作为模型输入或导入数据库
synb1_txn_4f9e441b829182a62af0afbd,2024-10-25T09:00:00,流出,54405.94,合规、技术支持及外部服务费,仅供人工查看；不得作为模型输入或导入数据库
synb1_txn_8fd90b72dea788f9f8d50f0e,2024-10-25T15:00:00,流入,48398.26,客户交付验收后的合同回款,仅供人工查看；不得作为模型输入或导入数据库
synb1_txn_fb748068dd23a8bdc451f14b,2024-10-26T09:00:00,流出,37098.81,备件到货后按供应合同付款,仅供人工查看；不得作为模型输入或导入数据库
synb1_txn_1ecfe91011d1d87839ec1ba0,2024-10-26T15:00:00,流入,9692.62,客户交付验收后的合同回款,仅供人工查看；不得作为模型输入或导入数据库
synb1_txn_3a2f58e9c4a9ac4abb8907c6,2024-10-26T15:00:00,流入,34262.94,客户交付验收后的合同回款,仅供人工查看；不得作为模型输入或导入数据库
synb1_txn_88c3c0728c9b07e58516efaf,2024-10-27T09:00:00,流出,15381.14,备件到货后按供应合同付款,仅供人工查看；不得作为模型输入或导入数据库
synb1_txn_bea6f736bbf0481a8755e4ca,2024-10-27T15:00:00,流入,47754.70,客户交付验收后的合同回款,仅供人工查看；不得作为模型输入或导入数据库
synb1_txn_5cde470c8a4419d880ea0002,2024-10-28T09:00:00,流出,51515.74,缴纳企业所得税,仅供人工查看；不得作为模型输入或导入数据库
synb1_txn_ebfbaf6ac3061669bd1cce00,2024-10-28T09:00:00,流出,12900.00,缴纳模拟增值税,仅供人工查看；不得作为模型输入或导入数据库
synb1_txn_3ae9ef4e7da90de96b0242c6,2024-10-28T09:00:00,流出,1548.00,缴纳附加税,仅供人工查看；不得作为模型输入或导入数据库
synb1_txn_b19cbc3d1578f7d203feebce,2024-10-28T15:00:00,流入,25567.05,客户交付验收后的合同回款,仅供人工查看；不得作为模型输入或导入数据库
synb1_txn_65a7d4a4c2ed9aa830508677,2024-10-28T15:00:00,流入,60808.07,客户交付验收后的合同回款,仅供人工查看；不得作为模型输入或导入数据库
synb1_txn_6aa6f47a3f2eb7c37fc9c739,2024-10-29T15:00:00,流入,20476.25,客户交付验收后的合同回款,仅供人工查看；不得作为模型输入或导入数据库
synb1_txn_fedd62bf394cbc5a7b1a9208,2024-10-30T09:00:00,流出,19653.70,备件到货后按供应合同付款,仅供人工查看；不得作为模型输入或导入数据库
synb1_txn_1992acf085e09b4015d5b34f,2024-10-30T15:00:00,流入,8615.66,客户交付验收后的合同回款,仅供人工查看；不得作为模型输入或导入数据库
synb1_txn_08a06c17879dfcd3f33a99ed,2024-10-30T15:00:00,流入,25697.21,客户交付验收后的合同回款,仅供人工查看；不得作为模型输入或导入数据库
synb1_txn_ce05c096bf821d3708888a9e,2024-10-31T15:00:00,流入,26991.79,客户交付验收后的合同回款,仅供人工查看；不得作为模型输入或导入数据库
synb1_txn_818208075821f27bac963158,2024-11-01T15:00:00,流入,42611.75,客户交付验收后的合同回款,仅供人工查看；不得作为模型输入或导入数据库
synb1_txn_aa62be5e42a851bfd9bdecb6,2024-11-01T15:00:00,流入,54292.92,客户交付验收后的合同回款,仅供人工查看；不得作为模型输入或导入数据库
synb1_txn_a2014411db6dda38c5f644a4,2024-11-02T09:00:00,流出,55163.24,备件到货后按供应合同付款,仅供人工查看；不得作为模型输入或导入数据库
synb1_txn_38f705ca0faf6792998b7375,2024-11-03T09:00:00,流出,37221.05,固定场地租赁付款,仅供人工查看；不得作为模型输入或导入数据库
synb1_txn_8b933033f7a76d9dfbf216d1,2024-11-03T09:00:00,流出,32835.27,备件到货后按供应合同付款,仅供人工查看；不得作为模型输入或导入数据库
synb1_txn_61ee269e1475e0e7946949fd,2024-11-03T15:00:00,流入,26924.01,客户交付验收后的合同回款,仅供人工查看；不得作为模型输入或导入数据库
synb1_txn_cb8ed38f737bcebd0f2aea66,2024-11-03T15:00:00,流入,31407.70,客户交付验收后的合同回款,仅供人工查看；不得作为模型输入或导入数据库
synb1_txn_7c7294be3caa06cb5e93157d,2024-11-03T15:00:00,流入,47887.36,客户交付验收后的合同回款,仅供人工查看；不得作为模型输入或导入数据库
synb1_txn_092a16e6824bc4cf6f6ae1e9,2024-11-04T15:00:00,流入,51907.29,客户交付验收后的合同回款,仅供人工查看；不得作为模型输入或导入数据库
synb1_txn_c1eb552612a64aeb00ea1232,2024-11-05T09:00:00,流出,15996.16,备件到货后按供应合同付款,仅供人工查看；不得作为模型输入或导入数据库
synb1_txn_1aad012bb53d5ad3bba23c8f,2024-11-05T09:00:00,流出,68297.35,备件到货后按供应合同付款,仅供人工查看；不得作为模型输入或导入数据库
synb1_txn_cd816c294d075eca1886a586,2024-11-05T09:00:00,流出,39137.54,备件到货后按供应合同付款,仅供人工查看；不得作为模型输入或导入数据库
synb1_txn_bfea54a67cd586c076122f5e,2024-11-05T15:00:00,流入,37498.34,客户交付验收后的合同回款,仅供人工查看；不得作为模型输入或导入数据库
synb1_txn_3dc5a948af8874c1d07bfb02,2024-11-05T15:00:00,流入,47777.77,客户交付验收后的合同回款,仅供人工查看；不得作为模型输入或导入数据库
synb1_txn_b7cbc35ab2d5b4fc483c1da8,2024-11-06T09:00:00,流出,49252.90,备件到货后按供应合同付款,仅供人工查看；不得作为模型输入或导入数据库
synb1_txn_279c036c477ae9439606b82e,2024-11-07T09:00:00,流出,160991.30,持续服务班组工资,仅供人工查看；不得作为模型输入或导入数据库
synb1_txn_2edc25066810193170a069aa,2024-11-07T09:00:00,流出,47562.97,备件到货后按供应合同付款,仅供人工查看；不得作为模型输入或导入数据库
synb1_txn_d0eb5f9c7e2c3f17238f5a44,2024-11-07T15:00:00,流入,34262.94,客户交付验收后的合同回款,仅供人工查看；不得作为模型输入或导入数据库
synb1_txn_8b1b9274574f699e3ccac888,2024-11-07T15:00:00,流入,58297.65,客户交付验收后的合同回款,仅供人工查看；不得作为模型输入或导入数据库
synb1_txn_81b570bdd0b52142dbbda164,2024-11-08T09:00:00,流出,15996.16,备件到货后按供应合同付款,仅供人工查看；不得作为模型输入或导入数据库
synb1_txn_8daa9f41c42e0027516bc824,2024-11-08T09:00:00,流出,34148.67,备件到货后按供应合同付款,仅供人工查看；不得作为模型输入或导入数据库
synb1_txn_5cc612efc22ea4865d7d9325,2024-11-08T09:00:00,流出,30983.89,备件到货后按供应合同付款,仅供人工查看；不得作为模型输入或导入数据库
synb1_txn_22ae5bcb7024c49248e8b27b,2024-11-08T15:00:00,流入,53983.64,客户交付验收后的合同回款,仅供人工查看；不得作为模型输入或导入数据库
synb1_txn_215dda25cbf3f795766245b0,2024-11-09T09:00:00,流出,62387.01,备件到货后按供应合同付款,仅供人工查看；不得作为模型输入或导入数据库
synb1_txn_cba80bf77295124409827d51,2024-11-09T15:00:00,流入,20453.64,客户交付验收后的合同回款,仅供人工查看；不得作为模型输入或导入数据库
synb1_txn_1b5ccae689f9f4749d66263c,2024-11-09T15:00:00,流入,32575.75,客户交付验收后的合同回款,仅供人工查看；不得作为模型输入或导入数据库
synb1_txn_e10836c959be473a4da3c775,2024-11-10T09:00:00,流出,33470.24,备件到货后按供应合同付款,仅供人工查看；不得作为模型输入或导入数据库
synb1_txn_36a13f1dbeaa949b095b953e,2024-11-11T09:00:00,流出,15055.21,备件到货后按供应合同付款,仅供人工查看；不得作为模型输入或导入数据库
synb1_txn_f7b0d340696b37f334b0ed02,2024-11-11T09:00:00,流出,23641.40,备件到货后按供应合同付款,仅供人工查看；不得作为模型输入或导入数据库
synb1_txn_7bb2beb59f39fb97e651283e,2024-11-11T09:00:00,流出,27722.42,备件到货后按供应合同付款,仅供人工查看；不得作为模型输入或导入数据库
synb1_txn_11cb95cdd430de634985a9eb,2024-11-11T15:00:00,流入,18559.09,客户交付验收后的合同回款,仅供人工查看；不得作为模型输入或导入数据库
synb1_txn_a477ac430d5895086c6fdf20,2024-11-11T15:00:00,流入,27066.76,客户交付验收后的合同回款,仅供人工查看；不得作为模型输入或导入数据库
synb1_txn_08b789f94c81847a8e9085dc,2024-11-12T09:00:00,流出,52536.44,备件到货后按供应合同付款,仅供人工查看；不得作为模型输入或导入数据库
synb1_txn_d4eebfe52cd2bb51b40df368,2024-11-13T09:00:00,流出,26423.87,备件到货后按供应合同付款,仅供人工查看；不得作为模型输入或导入数据库
synb1_txn_93a92b5859ec865590d046da,2024-11-13T15:00:00,流入,17044.70,客户交付验收后的合同回款,仅供人工查看；不得作为模型输入或导入数据库
synb1_txn_5172d5435f8d064d2a9f7674,2024-11-13T15:00:00,流入,19545.45,客户交付验收后的合同回款,仅供人工查看；不得作为模型输入或导入数据库
synb1_txn_617dbb1d9914001ab7a9e58d,2024-11-14T09:00:00,流出,15996.17,备件到货后按供应合同付款,仅供人工查看；不得作为模型输入或导入数据库
synb1_txn_f09cd8646da2d5378191efd5,2024-11-14T09:00:00,流出,24460.98,备件到货后按供应合同付款,仅供人工查看；不得作为模型输入或导入数据库
synb1_txn_d7da9e264c6ea2e13598747b,2024-11-15T15:00:00,流入,27124.83,客户交付验收后的合同回款,仅供人工查看；不得作为模型输入或导入数据库
synb1_txn_0b5e8a2533a634d67f80d55d,2024-11-15T15:00:00,流入,18738.53,客户交付验收后的合同回款,仅供人工查看；不得作为模型输入或导入数据库
synb1_txn_c6a45358421e91705f05219c,2024-11-16T09:00:00,流出,35231.84,备件到货后按供应合同付款,仅供人工查看；不得作为模型输入或导入数据库
synb1_txn_de2f502ed348a91a98ca3aa5,2024-11-17T15:00:00,流入,23862.58,客户交付验收后的合同回款,仅供人工查看；不得作为模型输入或导入数据库
synb1_txn_dd1e8d5b7fa363745f3c58f9,2024-11-17T15:00:00,流入,36919.19,客户交付验收后的合同回款,仅供人工查看；不得作为模型输入或导入数据库
synb1_txn_fdff70c17fe56d2d1a8f8e99,2024-11-18T09:00:00,流出,49324.56,备件到货后按供应合同付款,仅供人工查看；不得作为模型输入或导入数据库
synb1_txn_73d899b9e5d905750e06277f,2024-11-19T15:00:00,流入,39973.43,客户交付验收后的合同回款,仅供人工查看；不得作为模型输入或导入数据库
synb1_txn_5db025e0de8e912cba60406a,2024-11-19T15:00:00,流入,43723.24,客户交付验收后的合同回款,仅供人工查看；不得作为模型输入或导入数据库
synb1_txn_aaea951d8b56523e77739f44,2024-11-21T09:00:00,流出,36993.42,备件到货后按供应合同付款,仅供人工查看；不得作为模型输入或导入数据库
synb1_txn_abc803a777b098b458b27b51,2024-11-21T15:00:00,流入,46020.70,客户交付验收后的合同回款,仅供人工查看；不得作为模型输入或导入数据库
synb1_txn_3195997c741bd0febadb45bb,2024-11-21T15:00:00,流入,58636.36,客户交付验收后的合同回款,仅供人工查看；不得作为模型输入或导入数据库
synb1_txn_6393111462e2022fec4f177c,2024-11-23T15:00:00,流入,37118.19,客户交付验收后的合同回款,仅供人工查看；不得作为模型输入或导入数据库
synb1_txn_dfb85288bb4c29a3bcf0205e,2024-11-23T15:00:00,流入,16656.47,客户交付验收后的合同回款,仅供人工查看；不得作为模型输入或导入数据库
synb1_txn_68395f1ac223f68937fae4c5,2024-11-23T15:00:00,流入,28268.93,客户交付验收后的合同回款,仅供人工查看；不得作为模型输入或导入数据库
synb1_txn_6cccb92d9f5ae16626db9b92,2024-11-24T09:00:00,流出,29947.05,备件到货后按供应合同付款,仅供人工查看；不得作为模型输入或导入数据库
synb1_txn_d71c6825ad22bfe390ddd33b,2024-11-25T09:00:00,流出,54405.94,合规、技术支持及外部服务费,仅供人工查看；不得作为模型输入或导入数据库
synb1_txn_e79b56f10a47354e95f127c2,2024-11-25T15:00:00,流入,35793.87,客户交付验收后的合同回款,仅供人工查看；不得作为模型输入或导入数据库
synb1_txn_7f7eb83e756f35672d8cf22a,2024-11-25T15:00:00,流入,19545.45,客户交付验收后的合同回款,仅供人工查看；不得作为模型输入或导入数据库
synb1_txn_360302fbc2f6df3c7cefdc6f,2024-11-27T09:00:00,流出,26423.89,备件到货后按供应合同付款,仅供人工查看；不得作为模型输入或导入数据库
synb1_txn_72db88bd45cf641ae03ca925,2024-11-27T15:00:00,流入,38545.87,客户交付验收后的合同回款,仅供人工查看；不得作为模型输入或导入数据库
synb1_txn_ec0b963dd9b10bf1253095fc,2024-11-27T15:00:00,流入,16656.47,客户交付验收后的合同回款,仅供人工查看；不得作为模型输入或导入数据库
synb1_txn_b12d6d1b3b109c1be76ab1f6,2024-11-27T15:00:00,流入,17396.26,客户交付验收后的合同回款,仅供人工查看；不得作为模型输入或导入数据库
synb1_txn_781359f6278e39650c580b28,2024-11-28T09:00:00,流出,51515.74,缴纳企业所得税,仅供人工查看；不得作为模型输入或导入数据库
synb1_txn_f6c99fc9e7205b45bfdfce0a,2024-11-28T09:00:00,流出,12900.00,缴纳模拟增值税,仅供人工查看；不得作为模型输入或导入数据库
synb1_txn_86434c3c22c5641ee68e6564,2024-11-28T09:00:00,流出,1548.00,缴纳附加税,仅供人工查看；不得作为模型输入或导入数据库
synb1_txn_162624822b0fdd8776182e3c,2024-11-29T15:00:00,流入,39202.81,客户交付验收后的合同回款,仅供人工查看；不得作为模型输入或导入数据库
synb1_txn_1b93a24aed3c57e3130f914f,2024-11-29T15:00:00,流入,32575.75,客户交付验收后的合同回款,仅供人工查看；不得作为模型输入或导入数据库
synb1_txn_4538bc7fd757f2a3d78ee16c,2024-11-30T09:00:00,流出,36329.78,备件到货后按供应合同付款,仅供人工查看；不得作为模型输入或导入数据库
synb1_txn_6b900d6805501fcafad3a319,2024-12-01T15:00:00,流入,56215.59,客户交付验收后的合同回款,仅供人工查看；不得作为模型输入或导入数据库
synb1_txn_d6fe1b895988d97180cd227b,2024-12-01T15:00:00,流入,17396.26,客户交付验收后的合同回款,仅供人工查看；不得作为模型输入或导入数据库
synb1_txn_41369265781178bb2cca1d91,2024-12-02T09:00:00,流出,42154.68,备件到货后按供应合同付款,仅供人工查看；不得作为模型输入或导入数据库
synb1_txn_fc1acbd4c830eec9096c278f,2024-12-03T09:00:00,流出,37221.05,固定场地租赁付款,仅供人工查看；不得作为模型输入或导入数据库
synb1_txn_ef5be8a1511681658b48c57b,2024-12-03T09:00:00,流出,56784.36,备件到货后按供应合同付款,仅供人工查看；不得作为模型输入或导入数据库
synb1_txn_1db4af8752604b33f489b8ac,2024-12-03T09:00:00,流出,25644.55,备件到货后按供应合同付款,仅供人工查看；不得作为模型输入或导入数据库
synb1_txn_f7e25af39a9f3274165465e9,2024-12-03T15:00:00,流入,35793.94,客户交付验收后的合同回款,仅供人工查看；不得作为模型输入或导入数据库
synb1_txn_f981088d12c599756999ed2f,2024-12-03T15:00:00,流入,54292.92,客户交付验收后的合同回款,仅供人工查看；不得作为模型输入或导入数据库
synb1_txn_78a09d821239138cbbb9e06b,2024-12-03T15:00:00,流入,43158.08,客户交付验收后的合同回款,仅供人工查看；不得作为模型输入或导入数据库
synb1_txn_5fa63af67784d78ac89db721,2024-12-04T09:00:00,流出,16380.10,备件到货后按供应合同付款,仅供人工查看；不得作为模型输入或导入数据库
synb1_txn_6493b66cc3ec0de3b900899d,2024-12-05T09:00:00,流出,16861.87,备件到货后按供应合同付款,仅供人工查看；不得作为模型输入或导入数据库
synb1_txn_62b4878a888e9c50686e4187,2024-12-05T15:00:00,流入,33312.94,客户交付验收后的合同回款,仅供人工查看；不得作为模型输入或导入数据库
synb1_txn_c2a111c22ff00934f8236878,2024-12-05T15:00:00,流入,17396.26,客户交付验收后的合同回款,仅供人工查看；不得作为模型输入或导入数据库
synb1_txn_7ddefb7b634576289480862b,2024-12-06T09:00:00,流出,31546.87,备件到货后按供应合同付款,仅供人工查看；不得作为模型输入或导入数据库
synb1_txn_2a3756372f08f81c566db802,2024-12-06T09:00:00,流出,44877.96,备件到货后按供应合同付款,仅供人工查看；不得作为模型输入或导入数据库
synb1_txn_9d44816a19235e16ae947b0b,2024-12-07T09:00:00,流出,160991.30,持续服务班组工资,仅供人工查看；不得作为模型输入或导入数据库
synb1_txn_0a09cb3787b588d09475e372,2024-12-07T09:00:00,流出,12740.08,备件到货后按供应合同付款,仅供人工查看；不得作为模型输入或导入数据库
synb1_txn_bcf15407f2ed941923696005,2024-12-07T15:00:00,流入,17373.80,客户交付验收后的合同回款,仅供人工查看；不得作为模型输入或导入数据库
synb1_txn_70c24a6e2bdf69526de59a1e,2024-12-07T15:00:00,流入,51378.67,客户交付验收后的合同回款,仅供人工查看；不得作为模型输入或导入数据库
synb1_txn_87205ee91ad54220b9627a97,2024-12-08T09:00:00,流出,42154.68,备件到货后按供应合同付款,仅供人工查看；不得作为模型输入或导入数据库
synb1_txn_d42486a2cb80da4b6c7fe394,2024-12-09T09:00:00,流出,25237.49,备件到货后按供应合同付款,仅供人工查看；不得作为模型输入或导入数据库
synb1_txn_6e976dc31b7b5039f45df448,2024-12-09T09:00:00,流出,25644.57,备件到货后按供应合同付款,仅供人工查看；不得作为模型输入或导入数据库
synb1_txn_5237315b3a8bb0f239ed6b9e,2024-12-09T15:00:00,流入,45805.30,客户交付验收后的合同回款,仅供人工查看；不得作为模型输入或导入数据库
synb1_txn_93d1d53a20d0ad940de3be75,2024-12-09T15:00:00,流入,17396.26,客户交付验收后的合同回款,仅供人工查看；不得作为模型输入或导入数据库
synb1_txn_8c0987df06d98222c2673cf7,2024-12-10T09:00:00,流出,10010.06,备件到货后按供应合同付款,仅供人工查看；不得作为模型输入或导入数据库
synb1_txn_53b5322a06efaa7b4552dd91,2024-12-11T09:00:00,流出,42154.70,备件到货后按供应合同付款,仅供人工查看；不得作为模型输入或导入数据库
synb1_txn_aded42b31dda2f7b54a5b640,2024-12-11T15:00:00,流入,57544.11,客户交付验收后的合同回款,仅供人工查看；不得作为模型输入或导入数据库
synb1_txn_c96ac6a0db791f679e8204bf,2024-12-12T09:00:00,流出,18928.14,备件到货后按供应合同付款,仅供人工查看；不得作为模型输入或导入数据库
synb1_txn_c55a64fd8c3f38e78783cd78,2024-12-13T09:00:00,流出,15470.11,备件到货后按供应合同付款,仅供人工查看；不得作为模型输入或导入数据库
synb1_txn_cc2cd83b73082c5ce555d2a1,2024-12-13T09:00:00,流出,29615.82,备件到货后按供应合同付款,仅供人工查看；不得作为模型输入或导入数据库
synb1_txn_3192087730ca3ae97e662672,2024-12-13T15:00:00,流入,35395.00,客户交付验收后的合同回款,仅供人工查看；不得作为模型输入或导入数据库
synb1_txn_cd765e1d8040284878b02be9,2024-12-13T15:00:00,流入,27181.66,客户交付验收后的合同回款,仅供人工查看；不得作为模型输入或导入数据库
synb1_txn_e30640e80c60b6230a0e79ac,2024-12-15T09:00:00,流出,30880.52,备件到货后按供应合同付款,仅供人工查看；不得作为模型输入或导入数据库
synb1_txn_0f7220beec893a69a357fa81,2024-12-15T15:00:00,流入,45213.23,客户交付验收后的合同回款,仅供人工查看；不得作为模型输入或导入数据库
synb1_txn_b3a56508ace4793cf299d7ad,2024-12-15T15:00:00,流入,24110.34,客户交付验收后的合同回款,仅供人工查看；不得作为模型输入或导入数据库
synb1_txn_a21900f5f05bdf9d0f023c2c,2024-12-16T09:00:00,流出,36197.11,备件到货后按供应合同付款,仅供人工查看；不得作为模型输入或导入数据库
synb1_txn_123f8fe52985d252c371da34,2024-12-17T15:00:00,流入,54133.59,客户交付验收后的合同回款,仅供人工查看；不得作为模型输入或导入数据库
synb1_txn_978fc1d73656e787079bf557,2024-12-17T15:00:00,流入,26094.39,客户交付验收后的合同回款,仅供人工查看；不得作为模型输入或导入数据库
synb1_txn_6fef41a964c4e5f4fa91a6c0,2024-12-18T09:00:00,流出,28307.15,备件到货后按供应合同付款,仅供人工查看；不得作为模型输入或导入数据库
synb1_txn_09efb483b9bbf21a6b3a6b77,2024-12-19T09:00:00,流出,30074.94,备件到货后按供应合同付款,仅供人工查看；不得作为模型输入或导入数据库
synb1_txn_776539be73cbd39ef74bb638,2024-12-19T09:00:00,流出,55940.99,备件到货后按供应合同付款,仅供人工查看；不得作为模型输入或导入数据库
synb1_txn_5816fc7fc979dff4762eb58e,2024-12-19T15:00:00,流入,57544.11,客户交付验收后的合同回款,仅供人工查看；不得作为模型输入或导入数据库
synb1_txn_0800a95ef2e31faa8e335225,2024-12-19T15:00:00,流入,43398.62,客户交付验收后的合同回款,仅供人工查看；不得作为模型输入或导入数据库
synb1_txn_fa11541f020493d20bbcf197,2024-12-21T09:00:00,流出,69481.18,备件到货后按供应合同付款,仅供人工查看；不得作为模型输入或导入数据库
synb1_txn_becb5b2f27912bafdfa0ed38,2024-12-21T15:00:00,流入,23919.86,客户交付验收后的合同回款,仅供人工查看；不得作为模型输入或导入数据库
synb1_txn_339a1219685acf39818e46ac,2024-12-22T09:00:00,流出,12029.97,备件到货后按供应合同付款,仅供人工查看；不得作为模型输入或导入数据库
synb1_txn_892e3c5913f5c09db13c2a6a,2024-12-22T09:00:00,流出,62522.30,备件到货后按供应合同付款,仅供人工查看；不得作为模型输入或导入数据库
synb1_txn_ebfa49a6130df932036dc879,2024-12-23T15:00:00,流入,39047.79,客户交付验收后的合同回款,仅供人工查看；不得作为模型输入或导入数据库
synb1_txn_709d858c075bc9e491c5ac9c,2024-12-23T15:00:00,流入,43398.62,客户交付验收后的合同回款,仅供人工查看；不得作为模型输入或导入数据库
synb1_txn_14eac778c47d250bbcdf3d05,2024-12-24T09:00:00,流出,28307.17,备件到货后按供应合同付款,仅供人工查看；不得作为模型输入或导入数据库
synb1_txn_b1ddc32f1b776207c8bfb883,2024-12-25T09:00:00,流出,54405.94,合规、技术支持及外部服务费,仅供人工查看；不得作为模型输入或导入数据库
synb1_txn_7a0b05c1240313bb9c4e8ecf,2024-12-25T09:00:00,流出,36089.93,备件到货后按供应合同付款,仅供人工查看；不得作为模型输入或导入数据库
synb1_txn_aebd767c708d0296dc023146,2024-12-25T15:00:00,流入,28268.93,客户交付验收后的合同回款,仅供人工查看；不得作为模型输入或导入数据库
synb1_txn_91d017c7db69b80045331d76,2024-12-27T09:00:00,流出,54600.35,备件到货后按供应合同付款,仅供人工查看；不得作为模型输入或导入数据库
synb1_txn_349737482d31da5d9a22e0f6,2024-12-27T15:00:00,流入,47268.38,客户交付验收后的合同回款,仅供人工查看；不得作为模型输入或导入数据库
synb1_txn_57480a5d93b17adc5bec2772,2024-12-27T15:00:00,流入,57864.83,客户交付验收后的合同回款,仅供人工查看；不得作为模型输入或导入数据库
synb1_txn_4e61f2dbab6ab2753c0653f5,2024-12-28T09:00:00,流出,13533.75,备件到货后按供应合同付款,仅供人工查看；不得作为模型输入或导入数据库
synb1_txn_b8d76d3067961d4a4476c5a7,2024-12-29T15:00:00,流入,21745.33,客户交付验收后的合同回款,仅供人工查看；不得作为模型输入或导入数据库
synb1_txn_20b1db1fefe0a698dc9d343c,2024-12-30T09:00:00,流出,51515.74,缴纳企业所得税,仅供人工查看；不得作为模型输入或导入数据库
synb1_txn_e6de996d83b0fccfc3c43ddd,2024-12-30T09:00:00,流出,12900.00,缴纳模拟增值税,仅供人工查看；不得作为模型输入或导入数据库
synb1_txn_aa13c691565afd6497785387,2024-12-30T09:00:00,流出,1548.00,缴纳附加税,仅供人工查看；不得作为模型输入或导入数据库
synb1_txn_dc786e93826d0f0769672ecc,2024-12-30T09:00:00,流出,27300.17,备件到货后按供应合同付款,仅供人工查看；不得作为模型输入或导入数据库
synb1_txn_6c7901027c63d7240e17586c,2024-12-31T15:00:00,流入,53433.82,客户交付验收后的合同回款,仅供人工查看；不得作为模型输入或导入数据库
synb1_txn_c85b6bd97558faa9b05c2769,2024-12-31T15:00:00,流入,62686.90,客户交付验收后的合同回款,仅供人工查看；不得作为模型输入或导入数据库
synb1_txn_2be13fa93f4f15ad8492b28c,2025-01-01T15:00:00,流入,34909.09,客户交付验收后的合同回款,仅供人工查看；不得作为模型输入或导入数据库
synb1_txn_a092f1760a690974818621cb,2025-01-02T09:00:00,流出,30712.69,备件到货后按供应合同付款,仅供人工查看；不得作为模型输入或导入数据库
synb1_txn_ed70391b059523cbab6b3d77,2025-01-02T15:00:00,流入,9785.39,客户交付验收后的合同回款,仅供人工查看；不得作为模型输入或导入数据库
synb1_txn_3e6ad394a995d1f714eb6699,2025-01-03T09:00:00,流出,37221.05,固定场地租赁付款,仅供人工查看；不得作为模型输入或导入数据库
synb1_txn_6846015f095359a7fdf85443,2025-01-04T15:00:00,流入,36992.64,客户交付验收后的合同回款,仅供人工查看；不得作为模型输入或导入数据库
synb1_txn_9183c846d5154f851758405c,2025-01-04T15:00:00,流入,43398.62,客户交付验收后的合同回款,仅供人工查看；不得作为模型输入或导入数据库
synb1_txn_a1fa420e90ae91a11b5482a5,2025-01-05T09:00:00,流出,58012.90,备件到货后按供应合同付款,仅供人工查看；不得作为模型输入或导入数据库
synb1_txn_3cd9bce587922c5a3f371c1d,2025-01-05T15:00:00,流入,39272.72,客户交付验收后的合同回款,仅供人工查看；不得作为模型输入或导入数据库
synb1_txn_7b5f34b0142e2d3bda16f834,2025-01-06T15:00:00,流入,27181.72,客户交付验收后的合同回款,仅供人工查看；不得作为模型输入或导入数据库
synb1_txn_1c1104cf1fc883a330bd5be3,2025-01-07T09:00:00,流出,160991.30,持续服务班组工资,仅供人工查看；不得作为模型输入或导入数据库
synb1_txn_bf930b6bd372361d4f3800e4,2025-01-08T15:00:00,流入,43158.08,客户交付验收后的合同回款,仅供人工查看；不得作为模型输入或导入数据库
synb1_txn_19232af9e736e443af26922b,2025-01-08T15:00:00,流入,31343.45,客户交付验收后的合同回款,仅供人工查看；不得作为模型输入或导入数据库
synb1_txn_44297f448681a90eeac8d949,2025-01-09T15:00:00,流入,33454.54,客户交付验收后的合同回款,仅供人工查看；不得作为模型输入或导入数据库
synb1_txn_6268567a482fb7e6f8017891,2025-01-10T09:00:00,流出,9085.94,备件到货后按供应合同付款,仅供人工查看；不得作为模型输入或导入数据库
synb1_txn_91aa5bf72ad7f407e64433a8,2025-01-12T09:00:00,流出,3355.60,备件到货后按供应合同付款,仅供人工查看；不得作为模型输入或导入数据库
synb1_txn_95b4ae6856d65867665bda1e,2025-01-12T15:00:00,流入,30827.20,客户交付验收后的合同回款,仅供人工查看；不得作为模型输入或导入数据库
synb1_txn_2b574a8bc314c5218657022a,2025-01-12T15:00:00,流入,38576.55,客户交付验收后的合同回款,仅供人工查看；不得作为模型输入或导入数据库
synb1_txn_923eb000e93cb184ee3fe8c1,2025-01-13T09:00:00,流出,9540.24,备件到货后按供应合同付款,仅供人工查看；不得作为模型输入或导入数据库
synb1_txn_481327567d112dd19ffed73b,2025-01-13T15:00:00,流入,30545.45,客户交付验收后的合同回款,仅供人工查看；不得作为模型输入或导入数据库
synb1_txn_5ad86773834de2bef15855f8,2025-01-13T15:00:00,流入,65517.65,客户交付验收后的合同回款,仅供人工查看；不得作为模型输入或导入数据库
synb1_txn_b25b9fceb9ad003ad69da446,2025-01-15T09:00:00,流出,15980.59,备件到货后按供应合同付款,仅供人工查看；不得作为模型输入或导入数据库
synb1_txn_edf7ee06d125d8d175753f51,2025-01-15T09:00:00,流出,5678.71,备件到货后按供应合同付款,仅供人工查看；不得作为模型输入或导入数据库
synb1_txn_7c72efd04bb14164d1050cb3,2025-01-16T09:00:00,流出,5905.86,备件到货后按供应合同付款,仅供人工查看；不得作为模型输入或导入数据库
synb1_txn_108d26b5fd33dd9fe63ed6a5,2025-01-16T15:00:00,流入,18496.39,客户交付验收后的合同回款,仅供人工查看；不得作为模型输入或导入数据库
synb1_txn_4b799fe70cd5c20d52d6c527,2025-01-16T15:00:00,流入,48220.69,客户交付验收后的合同回款,仅供人工查看；不得作为模型输入或导入数据库
synb1_txn_df7f738e1845d3bc45c96e52,2025-01-17T09:00:00,流出,16737.27,备件到货后按供应合同付款,仅供人工查看；不得作为模型输入或导入数据库
synb1_txn_8a65af061d5c82c9f5cceced,2025-01-17T15:00:00,流入,40727.27,客户交付验收后的合同回款,仅供人工查看；不得作为模型输入或导入数据库
synb1_txn_129a3f985c661f59723d9307,2025-01-17T15:00:00,流入,37798.64,客户交付验收后的合同回款,仅供人工查看；不得作为模型输入或导入数据库
synb1_txn_a03f02289b2c5b138e01088d,2025-01-18T09:00:00,流出,15314.73,备件到货后按供应合同付款,仅供人工查看；不得作为模型输入或导入数据库
synb1_txn_bcb956ed4bf7e8b40cabc19a,2025-01-18T09:00:00,流出,4646.22,备件到货后按供应合同付款,仅供人工查看；不得作为模型输入或导入数据库
synb1_txn_d14fed999284a3b65f526387,2025-01-19T09:00:00,流出,9540.27,备件到货后按供应合同付款,仅供人工查看；不得作为模型输入或导入数据库
synb1_txn_354d29b3c8ba28d8e8074738,2025-01-20T09:00:00,流出,7970.13,备件到货后按供应合同付款,仅供人工查看；不得作为模型输入或导入数据库
synb1_txn_6c89076f8380025ef273d03a,2025-01-20T15:00:00,流入,55453.79,客户交付验收后的合同回款,仅供人工查看；不得作为模型输入或导入数据库
synb1_txn_e32c735598d9c95434636d40,2025-01-21T09:00:00,流出,11985.44,备件到货后按供应合同付款,仅供人工查看；不得作为模型输入或导入数据库
synb1_txn_304262872ed4a3d135783993,2025-01-21T09:00:00,流出,3355.62,备件到货后按供应合同付款,仅供人工查看；不得作为模型输入或导入数据库
synb1_txn_47b645fd88af363586ded7ce,2025-01-21T15:00:00,流入,23272.72,客户交付验收后的合同回款,仅供人工查看；不得作为模型输入或导入数据库
synb1_txn_e980070b65cdd74f62175e60,2025-01-21T15:00:00,流入,30238.91,客户交付验收后的合同回款,仅供人工查看；不得作为模型输入或导入数据库
synb1_txn_afee90df039b8cd89bff365c,2025-01-22T09:00:00,流出,12588.97,备件到货后按供应合同付款,仅供人工查看；不得作为模型输入或导入数据库
synb1_txn_f101c2ef4f8c81ea57b3cb2d,2025-01-23T09:00:00,流出,11158.18,备件到货后按供应合同付款,仅供人工查看；不得作为模型输入或导入数据库
synb1_txn_85b477244914ac5862dfad06,2025-01-24T09:00:00,流出,11319.59,备件到货后按供应合同付款,仅供人工查看；不得作为模型输入或导入数据库
synb1_txn_84224347835a5ae46dbf9eba,2025-01-24T09:00:00,流出,12231.08,备件到货后按供应合同付款,仅供人工查看；不得作为模型输入或导入数据库
synb1_txn_1f6f863da234f054132dfe24,2025-01-24T15:00:00,流入,21699.31,客户交付验收后的合同回款,仅供人工查看；不得作为模型输入或导入数据库
synb1_txn_b39dde2a423ff489656f4f1a,2025-01-25T09:00:00,流出,154405.94,合规、技术支持及外部服务费,仅供人工查看；不得作为模型输入或导入数据库
synb1_txn_256c222810c24c443d437848,2025-01-25T09:00:00,流出,8392.64,备件到货后按供应合同付款,仅供人工查看；不得作为模型输入或导入数据库
synb1_txn_180a4dc4fd6c05886c6c7529,2025-01-25T15:00:00,流入,11636.36,客户交付验收后的合同回款,仅供人工查看；不得作为模型输入或导入数据库
synb1_txn_41c1d14d0727d7326c896857,2025-01-25T15:00:00,流入,70557.47,客户交付验收后的合同回款,仅供人工查看；不得作为模型输入或导入数据库
synb1_txn_1d90374b311c252c9a3fe7a5,2025-01-26T09:00:00,流出,9564.17,备件到货后按供应合同付款,仅供人工查看；不得作为模型输入或导入数据库
synb1_txn_8c7638d0e86500382bb46400,2025-01-26T15:00:00,流入,3476.74,客户交付验收后的合同回款,仅供人工查看；不得作为模型输入或导入数据库
synb1_txn_6b1789e771a492dd514c1ec9,2025-01-27T09:00:00,流出,9610.13,备件到货后按供应合同付款,仅供人工查看；不得作为模型输入或导入数据库
synb1_txn_b80e86fde765ef7d400af324,2025-01-28T09:00:00,流出,12064.43,备件到货后按供应合同付款,仅供人工查看；不得作为模型输入或导入数据库
synb1_txn_57be663d822672be13cd7917,2025-01-28T15:00:00,流入,33754.53,客户交付验收后的合同回款,仅供人工查看；不得作为模型输入或导入数据库
synb1_txn_d01b3f63fecbd2d15bc3763e,2025-01-29T15:00:00,流入,29090.90,客户交付验收后的合同回款,仅供人工查看；不得作为模型输入或导入数据库
synb1_txn_3e3bfafaacf515b9897320e1,2025-01-29T15:00:00,流入,50398.19,客户交付验收后的合同回款,仅供人工查看；不得作为模型输入或导入数据库
synb1_txn_a9f10bd6678bc1278896820f,2025-01-30T09:00:00,流出,13978.38,备件到货后按供应合同付款,仅供人工查看；不得作为模型输入或导入数据库
synb1_txn_8f6cb6c7fd0b1cef34304465,2025-01-30T15:00:00,流入,6953.48,客户交付验收后的合同回款,仅供人工查看；不得作为模型输入或导入数据库
synb1_txn_b8c0b0ddc3db2d2b9ee5e4fb,2025-01-31T09:00:00,流出,10490.83,备件到货后按供应合同付款,仅供人工查看；不得作为模型输入或导入数据库
synb1_txn_892bd9da4b8d402b4505b361,2025-01-31T15:00:00,流入,35710.07,客户交付验收后的合同回款,仅供人工查看；不得作为模型输入或导入数据库
synb1_txn_cc3fa3d471fdec03f469dd5f,2025-02-02T09:00:00,流出,9610.16,备件到货后按供应合同付款,仅供人工查看；不得作为模型输入或导入数据库
synb1_txn_965b885f725e4fae7ae1c292,2025-02-02T15:00:00,流入,34909.09,客户交付验收后的合同回款,仅供人工查看；不得作为模型输入或导入数据库
synb1_txn_83de69f98075f071747feb54,2025-02-02T15:00:00,流入,65517.65,客户交付验收后的合同回款,仅供人工查看；不得作为模型输入或导入数据库
synb1_txn_7b2b3e886f224a0a3859d8d2,2025-02-03T09:00:00,流出,37221.05,固定场地租赁付款,仅供人工查看；不得作为模型输入或导入数据库
synb1_txn_1967b56862d5631f79cafa61,2025-02-03T15:00:00,流入,7488.37,客户交付验收后的合同回款,仅供人工查看；不得作为模型输入或导入数据库
synb1_txn_6f4332efa90894f813986c9f,2025-02-04T15:00:00,流入,19228.50,客户交付验收后的合同回款,仅供人工查看；不得作为模型输入或导入数据库
synb1_txn_662aa876effee7902b70ba09,2025-02-05T09:00:00,流出,51515.74,缴纳企业所得税,仅供人工查看；不得作为模型输入或导入数据库
synb1_txn_0b96a90f4b7415764f39bfd6,2025-02-05T09:00:00,流出,12900.00,缴纳模拟增值税,仅供人工查看；不得作为模型输入或导入数据库
synb1_txn_b5692dbf224d4bb4a0e19f34,2025-02-05T09:00:00,流出,1548.00,缴纳附加税,仅供人工查看；不得作为模型输入或导入数据库
synb1_txn_639eb76c6e000704157eed33,2025-02-06T15:00:00,流入,39272.72,客户交付验收后的合同回款,仅供人工查看；不得作为模型输入或导入数据库
synb1_txn_96ea106ab33988ec72e5232d,2025-02-06T15:00:00,流入,60477.83,客户交付验收后的合同回款,仅供人工查看；不得作为模型输入或导入数据库
synb1_txn_d39f53b6256b2423a444ce98,2025-02-07T09:00:00,流出,160991.30,持续服务班组工资,仅供人工查看；不得作为模型输入或导入数据库
synb1_txn_8598a66fd2fee13ccd4681a8,2025-02-07T15:00:00,流入,4546.51,客户交付验收后的合同回款,仅供人工查看；不得作为模型输入或导入数据库
synb1_txn_4d8a5fde60de381df3023e7f,2025-02-08T15:00:00,流入,31589.68,客户交付验收后的合同回款,仅供人工查看；不得作为模型输入或导入数据库
synb1_txn_31043665c2a579838042f553,2025-02-10T15:00:00,流入,39272.72,客户交付验收后的合同回款,仅供人工查看；不得作为模型输入或导入数据库
synb1_txn_f72dd00a492d1cde344ff313,2025-02-10T15:00:00,流入,27719.00,客户交付验收后的合同回款,仅供人工查看；不得作为模型输入或导入数据库
synb1_txn_edb5d9e6f41bd0c5ce0376e9,2025-02-11T15:00:00,流入,6418.60,客户交付验收后的合同回款,仅供人工查看；不得作为模型输入或导入数据库
synb1_txn_51cf6be3e422e7c22a2c707e,2025-02-12T09:00:00,流出,3680.65,备件到货后按供应合同付款,仅供人工查看；不得作为模型输入或导入数据库
synb1_txn_9f9d2777338ebecede052a5a,2025-02-12T15:00:00,流入,23348.89,客户交付验收后的合同回款,仅供人工查看；不得作为模型输入或导入数据库
synb1_txn_ee59cbcd55b18b08b3a57ad1,2025-02-12T15:00:00,流入,10814.52,客户交付验收后的合同回款,仅供人工查看；不得作为模型输入或导入数据库
synb1_txn_4cf0216e4af2c10791fbf74d,2025-02-14T09:00:00,流出,9491.57,备件到货后按供应合同付款,仅供人工查看；不得作为模型输入或导入数据库
synb1_txn_1f4455074515202dc750eaa7,2025-02-14T15:00:00,流入,18909.14,客户交付验收后的合同回款,仅供人工查看；不得作为模型输入或导入数据库
synb1_txn_24dddcde37c8b10a7c47bbab,2025-02-14T15:00:00,流入,52918.10,客户交付验收后的合同回款,仅供人工查看；不得作为模型输入或导入数据库
synb1_txn_e7759db72f3210019afb9ed3,2025-02-15T09:00:00,流出,3943.55,备件到货后按供应合同付款,仅供人工查看；不得作为模型输入或导入数据库
synb1_txn_282c3de8cde3fa77c959a174,2025-02-15T15:00:00,流入,5348.83,客户交付验收后的合同回款,仅供人工查看；不得作为模型输入或导入数据库
synb1_txn_0c34db72bbe0fbf7f7f2df41,2025-02-16T15:00:00,流入,12361.17,客户交付验收后的合同回款,仅供人工查看；不得作为模型输入或导入数据库
synb1_txn_09db2893a2c5b0c42f00013f,2025-02-16T15:00:00,流入,16637.73,客户交付验收后的合同回款,仅供人工查看；不得作为模型输入或导入数据库
synb1_txn_baf7a4b316790c9cccea615f,2025-02-17T09:00:00,流出,8992.01,备件到货后按供应合同付款,仅供人工查看；不得作为模型输入或导入数据库
synb1_txn_27affb21d50058d4633e0da7,2025-02-18T09:00:00,流出,6309.68,备件到货后按供应合同付款,仅供人工查看；不得作为模型输入或导入数据库
synb1_txn_30eaad5fee9a8043987c292e,2025-02-18T15:00:00,流入,68037.56,客户交付验收后的合同回款,仅供人工查看；不得作为模型输入或导入数据库
synb1_txn_d4c2a22fe8f5093a0de31557,2025-02-19T09:00:00,流出,10388.65,备件到货后按供应合同付款,仅供人工查看；不得作为模型输入或导入数据库
synb1_txn_502e9544cf23cdce7730ef6c,2025-02-19T15:00:00,流入,7220.93,客户交付验收后的合同回款,仅供人工查看；不得作为模型输入或导入数据库
synb1_txn_c913d9412216fe556691fbc9,2025-02-20T09:00:00,流出,12488.91,备件到货后按供应合同付款,仅供人工查看；不得作为模型输入或导入数据库
synb1_txn_15220c483b679464737dcb16,2025-02-20T15:00:00,流入,16481.57,客户交付验收后的合同回款,仅供人工查看；不得作为模型输入或导入数据库
synb1_txn_ffc8971c57c38f4953af37a4,2025-02-20T15:00:00,流入,23292.82,客户交付验收后的合同回款,仅供人工查看；不得作为模型输入或导入数据库
synb1_txn_8cad48d6124cd73c0523a239,2025-02-21T09:00:00,流出,4995.18,备件到货后按供应合同付款,仅供人工查看；不得作为模型输入或导入数据库
synb1_txn_e462671e72dbc6e5a0c9fde6,2025-02-21T09:00:00,流出,7496.49,备件到货后按供应合同付款,仅供人工查看；不得作为模型输入或导入数据库
synb1_txn_57fa98cc730c841c9dab7be6,2025-02-22T09:00:00,流出,8904.56,备件到货后按供应合同付款,仅供人工查看；不得作为模型输入或导入数据库
synb1_txn_3d0d1892a712f8eeaffa7088,2025-02-22T15:00:00,流入,60477.83,客户交付验收后的合同回款,仅供人工查看；不得作为模型输入或导入数据库
synb1_txn_63513dec16599a069dbee2d3,2025-02-23T09:00:00,流出,3996.46,备件到货后按供应合同付款,仅供人工查看；不得作为模型输入或导入数据库
synb1_txn_06ce82845d1fba4d8b16bd9c,2025-02-23T15:00:00,流入,4813.95,客户交付验收后的合同回款,仅供人工查看；不得作为模型输入或导入数据库
synb1_txn_bda7351a6187b5e522be3241,2025-02-24T09:00:00,流出,5291.64,备件到货后按供应合同付款,仅供人工查看；不得作为模型输入或导入数据库
synb1_txn_aec793221c00e45c26e13c6e,2025-02-24T15:00:00,流入,26095.82,客户交付验收后的合同回款,仅供人工查看；不得作为模型输入或导入数据库
synb1_txn_a5a883694035f8460f231655,2025-02-24T15:00:00,流入,14142.07,客户交付验收后的合同回款,仅供人工查看；不得作为模型输入或导入数据库
synb1_txn_f7aaeae545cf7b4bc03a2d06,2025-02-25T09:00:00,流出,154405.94,合规、技术支持及外部服务费,仅供人工查看；不得作为模型输入或导入数据库
synb1_txn_0dc85a3a22645d51b8a720d1,2025-02-25T09:00:00,流出,2890.65,备件到货后按供应合同付款,仅供人工查看；不得作为模型输入或导入数据库
synb1_txn_377a8b362137a7a34fcc4f8a,2025-02-25T09:00:00,流出,6307.39,备件到货后按供应合同付款,仅供人工查看；不得作为模型输入或导入数据库
synb1_txn_80094dfba93caaa043741afb,2025-02-25T15:00:00,流入,19943.18,客户交付验收后的合同回款,仅供人工查看；不得作为模型输入或导入数据库
synb1_txn_afd3c15be68454e63c76fd2d,2025-02-26T15:00:00,流入,20159.35,客户交付验收后的合同回款,仅供人工查看；不得作为模型输入或导入数据库
synb1_txn_cbab0f5540f244197a011ad3,2025-02-27T09:00:00,流出,8819.40,备件到货后按供应合同付款,仅供人工查看；不得作为模型输入或导入数据库
synb1_txn_bf2cdc955762ed0a38e5852b,2025-02-27T15:00:00,流入,3744.18,客户交付验收后的合同回款,仅供人工查看；不得作为模型输入或导入数据库
synb1_txn_6b95a9b8ef58162f3d026faf,2025-02-28T09:00:00,流出,3450.00,缴纳模拟增值税,仅供人工查看；不得作为模型输入或导入数据库
synb1_txn_cb94f8ca371ce641fb33582a,2025-02-28T09:00:00,流出,414.00,缴纳附加税,仅供人工查看；不得作为模型输入或导入数据库
synb1_txn_31ec5d8bfcffd142b0b48f17,2025-02-28T09:00:00,流出,8671.97,备件到货后按供应合同付款,仅供人工查看；不得作为模型输入或导入数据库
synb1_txn_94e03c8e3162ea20181049f7,2025-02-28T09:00:00,流出,6678.43,备件到货后按供应合同付款,仅供人工查看；不得作为模型输入或导入数据库
synb1_txn_57edcfb69b68dd8681eec4b8,2025-02-28T15:00:00,流入,24722.35,客户交付验收后的合同回款,仅供人工查看；不得作为模型输入或导入数据库
synb1_txn_f7cb28e6fd83a8ab1e363dce,2025-02-28T15:00:00,流入,17469.61,客户交付验收后的合同回款,仅供人工查看；不得作为模型输入或导入数据库
synb1_txn_bab1884f8bc5dd2cd926664e,2025-03-01T15:00:00,流入,6903.40,客户交付验收后的合同回款,仅供人工查看；不得作为模型输入或导入数据库
synb1_txn_4b86bd066291c7ba1e471590,2025-03-02T09:00:00,流出,5291.66,备件到货后按供应合同付款,仅供人工查看；不得作为模型输入或导入数据库
synb1_txn_8c0d2c70d742da06dbf1d91f,2025-03-02T15:00:00,流入,12307.36,客户交付验收后的合同回款,仅供人工查看；不得作为模型输入或导入数据库
synb1_txn_9807c84fd8544a56052a4dda,2025-03-03T09:00:00,流出,37221.05,固定场地租赁付款,仅供人工查看；不得作为模型输入或导入数据库
synb1_txn_21198a516172b21f14f149ac,2025-03-03T09:00:00,流出,3613.32,备件到货后按供应合同付款,仅供人工查看；不得作为模型输入或导入数据库
synb1_txn_634f0f0d9d70bbddf96a3229,2025-03-03T15:00:00,流入,2406.97,客户交付验收后的合同回款,仅供人工查看；不得作为模型输入或导入数据库
synb1_txn_a0a733a474d22724badef7b6,2025-03-04T15:00:00,流入,21975.43,客户交付验收后的合同回款,仅供人工查看；不得作为模型输入或导入数据库
synb1_txn_9bfed3ba60389d70787757ed,2025-03-04T15:00:00,流入,19133.39,客户交付验收后的合同回款,仅供人工查看；不得作为模型输入或导入数据库
synb1_txn_c39905ab2fe8b406b77fd786,2025-03-05T15:00:00,流入,11505.68,客户交付验收后的合同回款,仅供人工查看；不得作为模型输入或导入数据库
synb1_txn_30cc98846a85e17a9a55b1bf,2025-03-06T09:00:00,流出,9033.33,备件到货后按供应合同付款,仅供人工查看；不得作为模型输入或导入数据库
synb1_txn_14cc2aef6217608a9b67a704,2025-03-06T15:00:00,流入,9845.89,客户交付验收后的合同回款,仅供人工查看；不得作为模型输入或导入数据库
synb1_txn_9571fd06234216cdd21744cc,2025-03-07T09:00:00,流出,160991.30,持续服务班组工资,仅供人工查看；不得作为模型输入或导入数据库
synb1_txn_62aa277882ee23d3ab34c050,2025-03-07T15:00:00,流入,2941.86,客户交付验收后的合同回款,仅供人工查看；不得作为模型输入或导入数据库
synb1_txn_b63d022226828bbd1c9b3a10,2025-03-07T15:00:00,流入,10454.54,客户交付验收后的合同回款,仅供人工查看；不得作为模型输入或导入数据库
synb1_txn_88c013d843aa4575ed2eb3e9,2025-03-08T15:00:00,流入,35710.07,客户交付验收后的合同回款,仅供人工查看；不得作为模型输入或导入数据库
synb1_txn_c3ca1d77c0fa647aec1a09b0,2025-03-08T15:00:00,流入,7486.97,客户交付验收后的合同回款,仅供人工查看；不得作为模型输入或导入数据库
synb1_txn_9ca84cdea946872d63c6860f,2025-03-09T09:00:00,流出,12120.60,备件到货后按供应合同付款,仅供人工查看；不得作为模型输入或导入数据库
synb1_txn_cb2130437beffe5db1473531,2025-03-09T15:00:00,流入,7670.45,客户交付验收后的合同回款,仅供人工查看；不得作为模型输入或导入数据库
synb1_txn_88e8d056fc639005f28d0ca4,2025-03-10T09:00:00,流出,9683.71,备件到货后按供应合同付款,仅供人工查看；不得作为模型输入或导入数据库
synb1_txn_853cfab755ad7865d73c1eb8,2025-03-10T15:00:00,流入,4430.65,客户交付验收后的合同回款,仅供人工查看；不得作为模型输入或导入数据库
synb1_txn_80bf1b50ce40e8b841338007,2025-03-11T09:00:00,流出,5653.99,备件到货后按供应合同付款,仅供人工查看；不得作为模型输入或导入数据库
synb1_txn_17f8a9cae63860f2a71a4f48,2025-03-11T15:00:00,流入,2139.58,客户交付验收后的合同回款,仅供人工查看；不得作为模型输入或导入数据库
synb1_txn_78e4f3c6eb87edf856c2315a,2025-03-11T15:00:00,流入,7272.72,客户交付验收后的合同回款,仅供人工查看；不得作为模型输入或导入数据库
synb1_txn_6e8bd3444d0f12c09fdedbbf,2025-03-12T09:00:00,流出,15203.89,备件到货后按供应合同付款,仅供人工查看；不得作为模型输入或导入数据库
synb1_txn_e986a1dd597cccc129583efc,2025-03-12T09:00:00,流出,6464.32,备件到货后按供应合同付款,仅供人工查看；不得作为模型输入或导入数据库
synb1_txn_496c51ce259906d520e405f3,2025-03-12T15:00:00,流入,27469.28,客户交付验收后的合同回款,仅供人工查看；不得作为模型输入或导入数据库
synb1_txn_6292efca4dda8d0fd540e225,2025-03-12T15:00:00,流入,18301.50,客户交付验收后的合同回款,仅供人工查看；不得作为模型输入或导入数据库
synb1_txn_8cfee5019f60f3830c7cf920,2025-03-13T09:00:00,流出,6455.81,备件到货后按供应合同付款,仅供人工查看；不得作为模型输入或导入数据库
synb1_txn_8b1ef5ea48c7def18fc475e8,2025-03-13T15:00:00,流入,6136.36,客户交付验收后的合同回款,仅供人工查看；不得作为模型输入或导入数据库
synb1_txn_68ab5eee0374ee99238585e1,2025-03-14T09:00:00,流出,5182.82,备件到货后按供应合同付款,仅供人工查看；不得作为模型输入或导入数据库
synb1_txn_d101d3967aa90b98ee974909,2025-03-14T15:00:00,流入,9845.89,客户交付验收后的合同回款,仅供人工查看；不得作为模型输入或导入数据库
synb1_txn_10172862c4cbeb152f964004,2025-03-15T09:00:00,流出,14034.36,备件到货后按供应合同付款,仅供人工查看；不得作为模型输入或导入数据库
synb1_txn_38cad0ba935f05294d9522e0,2025-03-15T09:00:00,流出,11312.56,备件到货后按供应合同付款,仅供人工查看；不得作为模型输入或导入数据库
synb1_txn_f36380c6ac94a9e925cc4b58,2025-03-15T15:00:00,流入,5909.09,客户交付验收后的合同回款,仅供人工查看；不得作为模型输入或导入数据库
synb1_txn_ee20c32e24f0eb0452ce86e9,2025-03-16T09:00:00,流出,6455.81,备件到货后按供应合同付款,仅供人工查看；不得作为模型输入或导入数据库
synb1_txn_5ef915015824a934d3597ead,2025-03-16T15:00:00,流入,30216.27,客户交付验收后的合同回款,仅供人工查看；不得作为模型输入或导入数据库
synb1_txn_980510135587457ee459a8d7,2025-03-16T15:00:00,流入,18301.50,客户交付验收后的合同回款,仅供人工查看；不得作为模型输入或导入数据库
synb1_txn_6773542d2a3c0a694c5d8c5c,2025-03-17T09:00:00,流出,2355.83,备件到货后按供应合同付款,仅供人工查看；不得作为模型输入或导入数据库
synb1_txn_5ef87fab4b9541edf63a6f0c,2025-03-17T15:00:00,流入,11505.68,客户交付验收后的合同回款,仅供人工查看；不得作为模型输入或导入数据库
synb1_txn_8b9b224fdbbbe4ce42e902ec,2025-03-18T09:00:00,流出,15203.89,备件到货后按供应合同付款,仅供人工查看；不得作为模型输入或导入数据库
synb1_txn_f584c10ae9719c43a662fc10,2025-03-18T09:00:00,流出,7272.36,备件到货后按供应合同付款,仅供人工查看；不得作为模型输入或导入数据库
synb1_txn_b668f2e7c5ba7e17e8e39e0f,2025-03-18T15:00:00,流入,10830.47,客户交付验收后的合同回款,仅供人工查看；不得作为模型输入或导入数据库
synb1_txn_44aefa657d216d1fc095ec3d,2025-03-19T09:00:00,流出,9683.73,备件到货后按供应合同付款,仅供人工查看；不得作为模型输入或导入数据库
synb1_txn_205bcb6cc1f00bff5405802b,2025-03-19T15:00:00,流入,11363.63,客户交付验收后的合同回款,仅供人工查看；不得作为模型输入或导入数据库
synb1_txn_1da37f860c62d83ee367d029,2025-03-20T09:00:00,流出,3533.76,备件到货后按供应合同付款,仅供人工查看；不得作为模型输入或导入数据库
synb1_txn_71edafbbb19c255291397d76,2025-03-20T15:00:00,流入,9150.75,客户交付验收后的合同回款,仅供人工查看；不得作为模型输入或导入数据库
synb1_txn_c9e553808ec67bee1ed8995d,2025-03-21T09:00:00,流出,9356.25,备件到货后按供应合同付款,仅供人工查看；不得作为模型输入或导入数据库
synb1_txn_bccef56b05731b5298a5378a,2025-03-21T15:00:00,流入,8437.49,客户交付验收后的合同回款,仅供人工查看；不得作为模型输入或导入数据库
synb1_txn_56ec409b6ebd3db72c036dfe,2025-03-22T09:00:00,流出,3823.17,备件到货后按供应合同付款,仅供人工查看；不得作为模型输入或导入数据库
synb1_txn_fed998f1bd7b71581c68cdd3,2025-03-22T15:00:00,流入,12799.65,客户交付验收后的合同回款,仅供人工查看；不得作为模型输入或导入数据库
synb1_txn_76bede03c698e4c90012af9f,2025-03-23T15:00:00,流入,5000.00,客户交付验收后的合同回款,仅供人工查看；不得作为模型输入或导入数据库
synb1_txn_f7f7b525648f6e4e10880920,2025-03-24T15:00:00,流入,6655.09,客户交付验收后的合同回款,仅供人工查看；不得作为模型输入或导入数据库
synb1_txn_325c4b0598fc07458bfca0d0,2025-03-24T15:00:00,流入,3403.27,客户交付验收后的合同回款,仅供人工查看；不得作为模型输入或导入数据库
synb1_txn_359d4b48e3150a05151c4489,2025-03-24T15:00:00,流入,7921.53,客户交付验收后的合同回款,仅供人工查看；不得作为模型输入或导入数据库
synb1_txn_4ac12879d7df64e5efbad5d3,2025-03-25T09:00:00,流出,154405.94,合规、技术支持及外部服务费,仅供人工查看；不得作为模型输入或导入数据库
synb1_txn_d49a05b447c54c4cf76030e5,2025-03-25T09:00:00,流出,12425.32,备件到货后按供应合同付款,仅供人工查看；不得作为模型输入或导入数据库
synb1_txn_dac42421bc87968ba85325a9,2025-03-25T15:00:00,流入,9971.59,客户交付验收后的合同回款,仅供人工查看；不得作为模型输入或导入数据库
synb1_txn_dd9b010df0f49eaa3c34e28d,2025-03-26T15:00:00,流入,4922.94,客户交付验收后的合同回款,仅供人工查看；不得作为模型输入或导入数据库
synb1_txn_cdc108e7f9b55ec2f758d065,2025-03-27T15:00:00,流入,5454.54,客户交付验收后的合同回款,仅供人工查看；不得作为模型输入或导入数据库
synb1_txn_12484b94186f5075f8e88fcf,2025-03-28T09:00:00,流出,3450.00,缴纳模拟增值税,仅供人工查看；不得作为模型输入或导入数据库
synb1_txn_b381c9605112a71c65a56b8f,2025-03-28T09:00:00,流出,414.00,缴纳附加税,仅供人工查看；不得作为模型输入或导入数据库
synb1_txn_1aeaa2fdd9337c4dd8eb8e27,2025-03-28T09:00:00,流出,12903.22,备件到货后按供应合同付款,仅供人工查看；不得作为模型输入或导入数据库
synb1_txn_d0bb00f3218d9103ea9252fa,2025-03-28T15:00:00,流入,18301.55,客户交付验收后的合同回款,仅供人工查看；不得作为模型输入或导入数据库
synb1_txn_871f862c2e18f2f54d1335b3,2025-03-28T15:00:00,流入,5672.12,客户交付验收后的合同回款,仅供人工查看；不得作为模型输入或导入数据库
synb1_txn_55c6be6eaec55a56b0c01fa1,2025-03-28T15:00:00,流入,7129.38,客户交付验收后的合同回款,仅供人工查看；不得作为模型输入或导入数据库
synb1_txn_6580641c33dbc453811c1eac,2025-03-29T15:00:00,流入,12272.72,客户交付验收后的合同回款,仅供人工查看；不得作为模型输入或导入数据库
synb1_txn_d221f9ed5c67f3d2a36af801,2025-03-30T15:00:00,流入,5907.53,客户交付验收后的合同回款,仅供人工查看；不得作为模型输入或导入数据库
synb1_txn_4a1900e61a53030634833a38,2025-03-31T09:00:00,流出,4301.10,备件到货后按供应合同付款,仅供人工查看；不得作为模型输入或导入数据库
synb1_txn_ad1e56787f882886191e4258,2025-03-31T15:00:00,流入,10454.54,客户交付验收后的合同回款,仅供人工查看；不得作为模型输入或导入数据库
synb1_txn_6c1015e17fa5682de8898d90,2025-04-01T15:00:00,流入,10100.15,客户交付验收后的合同回款,仅供人工查看；不得作为模型输入或导入数据库
synb1_txn_552c72227e3851fe3d22bcec,2025-04-01T15:00:00,流入,10587.95,客户交付验收后的合同回款,仅供人工查看；不得作为模型输入或导入数据库
synb1_txn_6fa9b4854cf7c3e582c580c5,2025-04-01T15:00:00,流入,12674.45,客户交付验收后的合同回款,仅供人工查看；不得作为模型输入或导入数据库
synb1_txn_2a3daa2333b5ce633b37ef66,2025-04-02T15:00:00,流入,15340.90,客户交付验收后的合同回款,仅供人工查看；不得作为模型输入或导入数据库
synb1_txn_0ea583443d8da1d913f1c17f,2025-04-03T09:00:00,流出,37221.05,固定场地租赁付款,仅供人工查看；不得作为模型输入或导入数据库
synb1_txn_8b0c1a8d27ef95f0c23aaa17,2025-04-03T09:00:00,流出,10630.56,备件到货后按供应合同付款,仅供人工查看；不得作为模型输入或导入数据库
synb1_txn_b672028c724c2e2fa4c55e10,2025-04-03T15:00:00,流入,11322.77,客户交付验收后的合同回款,仅供人工查看；不得作为模型输入或导入数据库
synb1_txn_4e78216f0d16be772f8d6ed0,2025-04-03T15:00:00,流入,10467.43,客户交付验收后的合同回款,仅供人工查看；不得作为模型输入或导入数据库
synb1_txn_4f5d3db9029166a353592162,2025-04-04T09:00:00,流出,10747.89,备件到货后按供应合同付款,仅供人工查看；不得作为模型输入或导入数据库
synb1_txn_125ac52b0266458c00901de9,2025-04-04T15:00:00,流入,10000.00,客户交付验收后的合同回款,仅供人工查看；不得作为模型输入或导入数据库
synb1_txn_9c29a25da325531084377e8a,2025-04-05T15:00:00,流入,3366.71,客户交付验收后的合同回款,仅供人工查看；不得作为模型输入或导入数据库
synb1_txn_8951ba6b23629b36e756689a,2025-04-05T15:00:00,流入,6050.26,客户交付验收后的合同回款,仅供人工查看；不得作为模型输入或导入数据库
synb1_txn_4a14a494f209b82d935ff4ec,2025-04-05T15:00:00,流入,7921.53,客户交付验收后的合同回款,仅供人工查看；不得作为模型输入或导入数据库
synb1_txn_d4cb8639892ec542882a70fb,2025-04-06T09:00:00,流出,9757.07,备件到货后按供应合同付款,仅供人工查看；不得作为模型输入或导入数据库
synb1_txn_9fad61b434cf7b2452e24e66,2025-04-06T09:00:00,流出,11448.29,备件到货后按供应合同付款,仅供人工查看；不得作为模型输入或导入数据库
synb1_txn_42af30e3a4d016b5fbb5a6f3,2025-04-06T09:00:00,流出,4019.04,备件到货后按供应合同付款,仅供人工查看；不得作为模型输入或导入数据库
synb1_txn_9a923516a6e1613060879d9a,2025-04-06T15:00:00,流入,13039.77,客户交付验收后的合同回款,仅供人工查看；不得作为模型输入或导入数据库
synb1_txn_fc6326ad57596f78a5e6d1ca,2025-04-07T09:00:00,流出,160991.30,持续服务班组工资,仅供人工查看；不得作为模型输入或导入数据库
synb1_txn_2e6867fb4b09e17bd676f219,2025-04-07T09:00:00,流出,4030.45,备件到货后按供应合同付款,仅供人工查看；不得作为模型输入或导入数据库
synb1_txn_b42b0701b6567bcdb6b53c43,2025-04-07T15:00:00,流入,5907.53,客户交付验收后的合同回款,仅供人工查看；不得作为模型输入或导入数据库
synb1_txn_43c5b776e90280f8b17ed4c4,2025-04-07T15:00:00,流入,8373.94,客户交付验收后的合同回款,仅供人工查看；不得作为模型输入或导入数据库
synb1_txn_22412e64f81abbc6a0d24160,2025-04-08T09:00:00,流出,12600.87,备件到货后按供应合同付款,仅供人工查看；不得作为模型输入或导入数据库
synb1_txn_8fb9f3483177682755fb152f,2025-04-08T15:00:00,流入,8636.36,客户交付验收后的合同回款,仅供人工查看；不得作为模型输入或导入数据库
synb1_txn_a884028850f56b01d700d790,2025-04-09T09:00:00,流出,12196.33,备件到货后按供应合同付款,仅供人工查看；不得作为模型输入或导入数据库
synb1_txn_1877a2f9296188fd44ac329e,2025-04-09T09:00:00,流出,8995.08,备件到货后按供应合同付款,仅供人工查看；不得作为模型输入或导入数据库
synb1_txn_cedc1ba2930e3355c8394b97,2025-04-09T09:00:00,流出,10230.28,备件到货后按供应合同付款,仅供人工查看；不得作为模型输入或导入数据库
synb1_txn_ee6e67314f3653c259b8bf16,2025-04-09T15:00:00,流入,11783.51,客户交付验收后的合同回款,仅供人工查看；不得作为模型输入或导入数据库
synb1_txn_8b1c1467911194e9d59ca033,2025-04-09T15:00:00,流入,7562.82,客户交付验收后的合同回款,仅供人工查看；不得作为模型输入或导入数据库
synb1_txn_67b6bd586d987f50bc9b65f2,2025-04-09T15:00:00,流入,11882.30,客户交付验收后的合同回款,仅供人工查看；不得作为模型输入或导入数据库
synb1_txn_63dc92e40eb01fefdb2bf0a9,2025-04-10T09:00:00,流出,10300.06,备件到货后按供应合同付款,仅供人工查看；不得作为模型输入或导入数据库
synb1_txn_63b162296ccb06ab01f182b0,2025-04-10T15:00:00,流入,18409.14,客户交付验收后的合同回款,仅供人工查看；不得作为模型输入或导入数据库
synb1_txn_d6a0f77abf7887ee00ecccc3,2025-04-11T09:00:00,流出,5727.67,备件到货后按供应合同付款,仅供人工查看；不得作为模型输入或导入数据库
synb1_txn_903c6d13aa3cc04b43ee1ddd,2025-04-11T15:00:00,流入,10830.47,客户交付验收后的合同回款,仅供人工查看；不得作为模型输入或导入数据库
synb1_txn_d3449add4609737dd6ddc68d,2025-04-11T15:00:00,流入,4186.97,客户交付验收后的合同回款,仅供人工查看；不得作为模型输入或导入数据库
synb1_txn_0a546cbbcf8671839304770b,2025-04-12T09:00:00,流出,4878.53,备件到货后按供应合同付款,仅供人工查看；不得作为模型输入或导入数据库
synb1_txn_d2d1ff0d0b4f95cc583af79b,2025-04-12T09:00:00,流出,9812.84,备件到货后按供应合同付款,仅供人工查看；不得作为模型输入或导入数据库
synb1_txn_b9e9b1615a401afe852df567,2025-04-12T09:00:00,流出,8768.81,备件到货后按供应合同付款,仅供人工查看；不得作为模型输入或导入数据库
synb1_txn_1a34699d9273166017fad936,2025-04-12T15:00:00,流入,5454.54,客户交付验收后的合同回款,仅供人工查看；不得作为模型输入或导入数据库
synb1_txn_9c6a98954d77cbad59302e4a,2025-04-13T09:00:00,流出,12091.39,备件到货后按供应合同付款,仅供人工查看；不得作为模型输入或导入数据库
synb1_txn_c37279a558557f5dc3d86bc3,2025-04-13T15:00:00,流入,10941.83,客户交付验收后的合同回款,仅供人工查看；不得作为模型输入或导入数据库
synb1_txn_6ed264627c3b228e8ac87cf4,2025-04-13T15:00:00,流入,9831.67,客户交付验收后的合同回款,仅供人工查看；不得作为模型输入或导入数据库
synb1_txn_8da05f7089e56e0cdf36df49,2025-04-13T15:00:00,流入,11882.30,客户交付验收后的合同回款,仅供人工查看；不得作为模型输入或导入数据库
synb1_txn_5b763207ce1fda32191d1eaa,2025-04-14T09:00:00,流出,12028.11,备件到货后按供应合同付款,仅供人工查看；不得作为模型输入或导入数据库
synb1_txn_18bea0d1a907870c0173fabe,2025-04-15T09:00:00,流出,12196.35,备件到货后按供应合同付款,仅供人工查看；不得作为模型输入或导入数据库
synb1_txn_d53163f227974426fc2802bc,2025-04-15T09:00:00,流出,6942.00,备件到货后按供应合同付款,仅供人工查看；不得作为模型输入或导入数据库
synb1_txn_05a77cdaf0574613c9d698e6,2025-04-15T15:00:00,流入,8861.35,客户交付验收后的合同回款,仅供人工查看；不得作为模型输入或导入数据库
synb1_txn_aec695be78c176f16794e151,2025-04-15T15:00:00,流入,8897.31,客户交付验收后的合同回款,仅供人工查看；不得作为模型输入或导入数据库
synb1_txn_714051e03724a3305cbdd822,2025-04-16T15:00:00,流入,11818.18,客户交付验收后的合同回款,仅供人工查看；不得作为模型输入或导入数据库
synb1_txn_21441c2d8262f8c827e870e7,2025-04-17T09:00:00,流出,15464.73,备件到货后按供应合同付款,仅供人工查看；不得作为模型输入或导入数据库
synb1_txn_84b91a2d7bb07bd65738996a,2025-04-17T09:00:00,流出,15008.50,备件到货后按供应合同付款,仅供人工查看；不得作为模型输入或导入数据库
synb1_txn_c8f88cd424dbe1e43a3ecba6,2025-04-17T15:00:00,流入,6733.43,客户交付验收后的合同回款,仅供人工查看；不得作为模型输入或导入数据库
synb1_txn_504ea8de5ba6ed88aa295444,2025-04-17T15:00:00,流入,9453.53,客户交付验收后的合同回款,仅供人工查看；不得作为模型输入或导入数据库
synb1_txn_2cb4ce38481ac92c30fb03d6,2025-04-17T15:00:00,流入,10297.99,客户交付验收后的合同回款,仅供人工查看；不得作为模型输入或导入数据库
synb1_txn_5491a652fc0717b5bb95309e,2025-04-19T09:00:00,流出,5363.70,备件到货后按供应合同付款,仅供人工查看；不得作为模型输入或导入数据库
synb1_txn_bb282b29d74483282ca8f801,2025-04-19T15:00:00,流入,7327.20,客户交付验收后的合同回款,仅供人工查看；不得作为模型输入或导入数据库
synb1_txn_f28c9a3c7600b68786604cef,2025-04-20T09:00:00,流出,8868.66,备件到货后按供应合同付款,仅供人工查看；不得作为模型输入或导入数据库
synb1_txn_9433a2c1d9f6ccab386352c3,2025-04-20T15:00:00,流入,12727.32,客户交付验收后的合同回款,仅供人工查看；不得作为模型输入或导入数据库
synb1_txn_db482a160f85dcbf6da4d854,2025-04-21T15:00:00,流入,5891.75,客户交付验收后的合同回款,仅供人工查看；不得作为模型输入或导入数据库
synb1_txn_59e00e7b662c0964acbb55a6,2025-04-21T15:00:00,流入,8697.25,客户交付验收后的合同回款,仅供人工查看；不得作为模型输入或导入数据库
synb1_txn_923f9cc03394d232416cf768,2025-04-21T15:00:00,流入,17427.37,客户交付验收后的合同回款,仅供人工查看；不得作为模型输入或导入数据库
synb1_txn_f7945e9bb5741ccbb1f56e55,2025-04-22T09:00:00,流出,13945.63,备件到货后按供应合同付款,仅供人工查看；不得作为模型输入或导入数据库
synb1_txn_50777b15250e0cc6b4ee417e,2025-04-23T09:00:00,流出,12961.89,备件到货后按供应合同付款,仅供人工查看；不得作为模型输入或导入数据库
synb1_txn_23f330fa895f4d3658c18824,2025-04-23T15:00:00,流入,9944.05,客户交付验收后的合同回款,仅供人工查看；不得作为模型输入或导入数据库
synb1_txn_2f896a9f4af33168d06bf1d6,2025-04-25T09:00:00,流出,154405.94,合规、技术支持及外部服务费,仅供人工查看；不得作为模型输入或导入数据库
synb1_txn_9aa85ab2daa97769d5aa591b,2025-04-25T09:00:00,流出,8581.93,备件到货后按供应合同付款,仅供人工查看；不得作为模型输入或导入数据库
synb1_txn_ae8303a4fafa8e66db87107e,2025-04-25T15:00:00,流入,8416.79,客户交付验收后的合同回款,仅供人工查看；不得作为模型输入或导入数据库
synb1_txn_2c1d499090d7e557dc47ec8a,2025-04-25T15:00:00,流入,9453.53,客户交付验收后的合同回款,仅供人工查看；不得作为模型输入或导入数据库
synb1_txn_c96d1717d473bc40f4ea558a,2025-04-25T15:00:00,流入,13466.60,客户交付验收后的合同回款,仅供人工查看；不得作为模型输入或导入数据库
synb1_txn_d2b70631273db52d592c61bb,2025-04-26T09:00:00,流出,5457.65,备件到货后按供应合同付款,仅供人工查看；不得作为模型输入或导入数据库
synb1_txn_d43eb45f9de788d657373a31,2025-04-27T15:00:00,流入,14131.03,客户交付验收后的合同回款,仅供人工查看；不得作为模型输入或导入数据库
synb1_txn_60bffdb14e41cf0269cab4d7,2025-04-28T09:00:00,流出,3450.00,缴纳模拟增值税,仅供人工查看；不得作为模型输入或导入数据库
synb1_txn_603257c5a4510e3710f35173,2025-04-28T09:00:00,流出,414.00,缴纳附加税,仅供人工查看；不得作为模型输入或导入数据库
synb1_txn_06a0f5822353d3223d51ab99,2025-04-28T09:00:00,流出,9118.32,备件到货后按供应合同付款,仅供人工查看；不得作为模型输入或导入数据库
synb1_txn_e7f264830f9f05493d762319,2025-04-29T15:00:00,流入,10941.83,客户交付验收后的合同回款,仅供人工查看；不得作为模型输入或导入数据库
synb1_txn_487e58aca28a972bf4a4b857,2025-04-29T15:00:00,流入,5293.97,客户交付验收后的合同回款,仅供人工查看；不得作为模型输入或导入数据库
synb1_txn_64c6daee81ac76cb0ad4ff3a,2025-04-29T15:00:00,流入,19011.68,客户交付验收后的合同回款,仅供人工查看；不得作为模型输入或导入数据库
synb1_txn_6dc8c85e5d91f5add3c93a69,2025-05-01T09:00:00,流出,6942.63,备件到货后按供应合同付款,仅供人工查看；不得作为模型输入或导入数据库
synb1_txn_d7c1495f74806babd0e6832a,2025-05-01T15:00:00,流入,10990.80,客户交付验收后的合同回款,仅供人工查看；不得作为模型输入或导入数据库
synb1_txn_0947db0c7ad3fbbe280b5453,2025-05-02T09:00:00,流出,6608.85,备件到货后按供应合同付款,仅供人工查看；不得作为模型输入或导入数据库
synb1_txn_ec9b4c72b1ab91c9e85a7347,2025-05-03T09:00:00,流出,37221.05,固定场地租赁付款,仅供人工查看；不得作为模型输入或导入数据库
synb1_txn_be3b0210de6e2ed58faab186,2025-05-03T09:00:00,流出,4375.99,备件到货后按供应合同付款,仅供人工查看；不得作为模型输入或导入数据库
synb1_txn_a1d71cbead717d16ace80004,2025-05-03T15:00:00,流入,4208.39,客户交付验收后的合同回款,仅供人工查看；不得作为模型输入或导入数据库
synb1_txn_3bd0b240af2c756c50c713aa,2025-05-03T15:00:00,流入,4915.83,客户交付验收后的合同回款,仅供人工查看；不得作为模型输入或导入数据库
synb1_txn_f606f61b8fda1b12559a7f41,2025-05-03T15:00:00,流入,9505.84,客户交付验收后的合同回款,仅供人工查看；不得作为模型输入或导入数据库
synb1_txn_5589b8a78e85427a8931f25b,2025-05-03T15:00:00,流入,8957.34,客户交付验收后的合同回款,仅供人工查看；不得作为模型输入或导入数据库
synb1_txn_b13ea1913006d2cbf8e7d763,2025-05-04T09:00:00,流出,5554.10,备件到货后按供应合同付款,仅供人工查看；不得作为模型输入或导入数据库
synb1_txn_2b8308a03f2a37d63002e2b5,2025-05-05T09:00:00,流出,6168.26,备件到货后按供应合同付款,仅供人工查看；不得作为模型输入或导入数据库
synb1_txn_a587663781219dc602a3717d,2025-05-05T15:00:00,流入,8897.31,客户交付验收后的合同回款,仅供人工查看；不得作为模型输入或导入数据库
synb1_txn_012b4e5c8d73a7543c7b9e52,2025-05-05T15:00:00,流入,21201.11,客户交付验收后的合同回款,仅供人工查看；不得作为模型输入或导入数据库
synb1_txn_000a077e302a9a3f720f15b4,2025-05-06T09:00:00,流出,8354.16,备件到货后按供应合同付款,仅供人工查看；不得作为模型输入或导入数据库
synb1_txn_3755d087240bfd09ea1952ed,2025-05-07T09:00:00,流出,160991.30,持续服务班组工资,仅供人工查看；不得作为模型输入或导入数据库
synb1_txn_de3561b7c837470743b172f9,2025-05-07T09:00:00,流出,5206.97,备件到货后按供应合同付款,仅供人工查看；不得作为模型输入或导入数据库
synb1_txn_5f5b12b1d8a233aed124cdbd,2025-05-07T15:00:00,流入,10100.15,客户交付验收后的合同回款,仅供人工查看；不得作为模型输入或导入数据库
synb1_txn_d2c657bd1457a7651d1153e4,2025-05-07T15:00:00,流入,10209.87,客户交付验收后的合同回款,仅供人工查看；不得作为模型输入或导入数据库
synb1_txn_decd14ba2327ec41353b46d7,2025-05-07T15:00:00,流入,20596.02,客户交付验收后的合同回款,仅供人工查看；不得作为模型输入或导入数据库
synb1_txn_01bfb3e1cbd1082e7958a468,2025-05-07T15:00:00,流入,3518.95,客户交付验收后的合同回款,仅供人工查看；不得作为模型输入或导入数据库
synb1_txn_1427edb9d2d9d2d5f91d4ab4,2025-05-08T09:00:00,流出,6608.85,备件到货后按供应合同付款,仅供人工查看；不得作为模型输入或导入数据库
synb1_txn_849169d5bf9b1c431ad0abb0,2025-05-09T09:00:00,流出,6762.89,备件到货后按供应合同付款,仅供人工查看；不得作为模型输入或导入数据库
synb1_txn_7cffd9b36c8dfd7ab677076f,2025-05-09T15:00:00,流入,10467.43,客户交付验收后的合同回款,仅供人工查看；不得作为模型输入或导入数据库
synb1_txn_9f0f116eb9ff9aa8d61fc189,2025-05-09T15:00:00,流入,9636.87,客户交付验收后的合同回款,仅供人工查看；不得作为模型输入或导入数据库
synb1_txn_bf3410a4c8b8fe49ac158ad0,2025-05-10T09:00:00,流出,5206.99,备件到货后按供应合同付款,仅供人工查看；不得作为模型输入或导入数据库
synb1_txn_b29a68bc358af794cd9cfe2c,2025-05-11T09:00:00,流出,7049.45,备件到货后按供应合同付款,仅供人工查看；不得作为模型输入或导入数据库
synb1_txn_bd85d77428d33937135919b0,2025-05-11T15:00:00,流入,8837.63,客户交付验收后的合同回款,仅供人工查看；不得作为模型输入或导入数据库
synb1_txn_fcb909ebfd59455de444dbb5,2025-05-11T15:00:00,流入,7357.81,客户交付验收后的合同回款,仅供人工查看；不得作为模型输入或导入数据库
synb1_txn_74154b1ddeaf1fd1daf43815,2025-05-12T09:00:00,流出,9945.44,备件到货后按供应合同付款,仅供人工查看；不得作为模型输入或导入数据库
synb1_txn_0f754a098c5c46e59a1ea3ed,2025-05-13T15:00:00,流入,5757.08,客户交付验收后的合同回款,仅供人工查看；不得作为模型输入或导入数据库
synb1_txn_1d9dedab63ece5b3f436500e,2025-05-13T15:00:00,流入,10845.07,客户交付验收后的合同回款,仅供人工查看；不得作为模型输入或导入数据库
synb1_txn_16d7ba6364a6ab40f389dd37,2025-05-13T15:00:00,流入,8673.18,客户交付验收后的合同回款,仅供人工查看；不得作为模型输入或导入数据库
synb1_txn_e279c908961f406793f2fc3b,2025-05-14T09:00:00,流出,12422.22,备件到货后按供应合同付款,仅供人工查看；不得作为模型输入或导入数据库
synb1_txn_7a237d2033c93a2f35ce1163,2025-05-15T15:00:00,流入,7996.01,客户交付验收后的合同回款,仅供人工查看；不得作为模型输入或导入数据库
synb1_txn_4c6b9afcfcd7727a140838be,2025-05-15T15:00:00,流入,3838.86,客户交付验收后的合同回款,仅供人工查看；不得作为模型输入或导入数据库
synb1_txn_d7e8f9fd69c35f97458b8adb,2025-05-16T09:00:00,流出,10393.84,备件到货后按供应合同付款,仅供人工查看；不得作为模型输入或导入数据库
synb1_txn_c19de93e400836d0d3b9650b,2025-05-17T09:00:00,流出,13377.78,备件到货后按供应合同付款,仅供人工查看；不得作为模型输入或导入数据库
synb1_txn_198e32f04f7022d75303678b,2025-05-17T15:00:00,流入,4710.39,客户交付验收后的合同回款,仅供人工查看；不得作为模型输入或导入数据库
synb1_txn_8f28dd8e38c46291804e266e,2025-05-17T15:00:00,流入,10845.07,客户交付验收后的合同回款,仅供人工查看；不得作为模型输入或导入数据库
synb1_txn_b3000c7041854b1b27670983,2025-05-17T15:00:00,流入,17346.36,客户交付验收后的合同回款,仅供人工查看；不得作为模型输入或导入数据库
synb1_txn_44477b6f5b37d2b1ec4bd864,2025-05-19T09:00:00,流出,10888.79,备件到货后按供应合同付款,仅供人工查看；不得作为模型输入或导入数据库
synb1_txn_48de998655c53ec7f2d3a43c,2025-05-19T15:00:00,流入,7037.91,客户交付验收后的合同回款,仅供人工查看；不得作为模型输入或导入数据库
synb1_txn_367852f12132982afe2225fb,2025-05-20T09:00:00,流出,7644.44,备件到货后按供应合同付款,仅供人工查看；不得作为模型输入或导入数据库
synb1_txn_b6ac54faf016e1eef9955ac2,2025-05-21T15:00:00,流入,3943.66,客户交付验收后的合同回款,仅供人工查看；不得作为模型输入或导入数据库
synb1_txn_3c0f91641496d63bf265d0ec,2025-05-21T15:00:00,流入,9636.87,客户交付验收后的合同回款,仅供人工查看；不得作为模型输入或导入数据库
synb1_txn_245f01f691e126aaeaa429c0,2025-05-22T09:00:00,流出,5444.39,备件到货后按供应合同付款,仅供人工查看；不得作为模型输入或导入数据库
synb1_txn_ef3fd586c9abcdd4441fa9f4,2025-05-23T09:00:00,流出,9077.80,备件到货后按供应合同付款,仅供人工查看；不得作为模型输入或导入数据库
synb1_txn_3d088bf23ca4bafb995fc339,2025-05-23T15:00:00,流入,6398.10,客户交付验收后的合同回款,仅供人工查看；不得作为模型输入或导入数据库
synb1_txn_c13ed764ed529dd1822772ed,2025-05-25T09:00:00,流出,154405.94,合规、技术支持及外部服务费,仅供人工查看；不得作为模型输入或导入数据库
synb1_txn_81f77bd324ca4f9bb7852768,2025-05-25T09:00:00,流出,10888.81,备件到货后按供应合同付款,仅供人工查看；不得作为模型输入或导入数据库
synb1_txn_656b9224c68808ba2da82d89,2025-05-25T15:00:00,流入,10352.11,客户交付验收后的合同回款,仅供人工查看；不得作为模型输入或导入数据库
synb1_txn_c51de4e32782f415a0825ae6,2025-05-25T15:00:00,流入,10600.55,客户交付验收后的合同回款,仅供人工查看；不得作为模型输入或导入数据库
synb1_txn_c0c0f8eefdf4cc0137d7d398,2025-05-26T09:00:00,流出,9267.67,备件到货后按供应合同付款,仅供人工查看；不得作为模型输入或导入数据库
synb1_txn_613dd1f331f5868252fe3155,2025-05-27T15:00:00,流入,7357.81,客户交付验收后的合同回款,仅供人工查看；不得作为模型输入或导入数据库
synb1_txn_821cb8b0cdb9ea44c3d655b2,2025-05-28T09:00:00,流出,3450.00,缴纳模拟增值税,仅供人工查看；不得作为模型输入或导入数据库
synb1_txn_4195e98293ced5bd41443e7a,2025-05-28T09:00:00,流出,414.00,缴纳附加税,仅供人工查看；不得作为模型输入或导入数据库
synb1_txn_4e64e391497dcee3897517c3,2025-05-28T09:00:00,流出,3459.65,备件到货后按供应合同付款,仅供人工查看；不得作为模型输入或导入数据库
synb1_txn_d5ea2eaea5a07871d7ab0510,2025-05-29T09:00:00,流出,7087.04,备件到货后按供应合同付款,仅供人工查看；不得作为模型输入或导入数据库
synb1_txn_170ac8ef9b6c79b00839df5b,2025-05-29T15:00:00,流入,9859.15,客户交付验收后的合同回款,仅供人工查看；不得作为模型输入或导入数据库
synb1_txn_9d3bc499584f59059374f08a,2025-05-29T15:00:00,流入,11564.24,客户交付验收后的合同回款,仅供人工查看；不得作为模型输入或导入数据库
synb1_txn_56e8fa83b6aa75218c68a929,2025-05-31T09:00:00,流出,5996.72,备件到货后按供应合同付款,仅供人工查看；不得作为模型输入或导入数据库
synb1_txn_8c767756b65dcaf140405846,2025-05-31T15:00:00,流入,6398.10,客户交付验收后的合同回款,仅供人工查看；不得作为模型输入或导入数据库
synb1_txn_db777a6f922219cf7a10553b,2025-06-01T09:00:00,流出,14174.09,备件到货后按供应合同付款,仅供人工查看；不得作为模型输入或导入数据库
synb1_txn_63fd49beadb695135f46fd94,2025-06-02T15:00:00,流入,9859.15,客户交付验收后的合同回款,仅供人工查看；不得作为模型输入或导入数据库
synb1_txn_bdfa919cdf5e1c9621a36a7d,2025-06-02T15:00:00,流入,22164.80,客户交付验收后的合同回款,仅供人工查看；不得作为模型输入或导入数据库
synb1_txn_532ae96b0cf0ceda5ac422cc,2025-06-03T09:00:00,流出,37221.05,固定场地租赁付款,仅供人工查看；不得作为模型输入或导入数据库
synb1_txn_408c8cf0adc98b082ba6abde,2025-06-03T09:00:00,流出,6227.37,备件到货后按供应合同付款,仅供人工查看；不得作为模型输入或导入数据库
synb1_txn_be52c4ba1453ae5d70d96b1b,2025-06-03T15:00:00,流入,13027.22,客户交付验收后的合同回款,仅供人工查看；不得作为模型输入或导入数据库
synb1_txn_7fc823c532773fa9b5d13021,2025-06-04T09:00:00,流出,8722.53,备件到货后按供应合同付款,仅供人工查看；不得作为模型输入或导入数据库
synb1_txn_59870bd69e6cfa8ef517a709,2025-06-04T15:00:00,流入,2879.14,客户交付验收后的合同回款,仅供人工查看；不得作为模型输入或导入数据库
synb1_txn_7d5d7ff82443378fb9922736,2025-06-06T09:00:00,流出,2306.44,备件到货后按供应合同付款,仅供人工查看；不得作为模型输入或导入数据库
synb1_txn_5bec137b8bc1107aabda5222,2025-06-06T15:00:00,流入,7394.36,客户交付验收后的合同回款,仅供人工查看；不得作为模型输入或导入数据库
synb1_txn_f2465ef0e6cf3b09fcff3262,2025-06-06T15:00:00,流入,16382.68,客户交付验收后的合同回款,仅供人工查看；不得作为模型输入或导入数据库
synb1_txn_cddd8e0f1d778897c0d2137e,2025-06-07T09:00:00,流出,160991.30,持续服务班组工资,仅供人工查看；不得作为模型输入或导入数据库
synb1_txn_46320650f6407c5493982aed,2025-06-07T15:00:00,流入,15508.60,客户交付验收后的合同回款,仅供人工查看；不得作为模型输入或导入数据库
synb1_txn_f40d27e773bcd270ca88b65f,2025-06-08T15:00:00,流入,7357.81,客户交付验收后的合同回款,仅供人工查看；不得作为模型输入或导入数据库
synb1_txn_53df9ea307459b86d6da541a,2025-06-10T15:00:00,流入,12323.94,客户交付验收后的合同回款,仅供人工查看；不得作为模型输入或导入数据库
synb1_txn_d7f6cf745a1e95aa5d8b5f01,2025-06-10T15:00:00,流入,17346.36,客户交付验收后的合同回款,仅供人工查看；不得作为模型输入或导入数据库
synb1_txn_cb4110f3ae0737c3e9536ef9,2025-06-11T09:00:00,流出,7966.29,备件到货后按供应合同付款,仅供人工查看；不得作为模型输入或导入数据库
synb1_txn_a26a022a6562cc9dc28a354e,2025-06-11T15:00:00,流入,8375.34,客户交付验收后的合同回款,仅供人工查看；不得作为模型输入或导入数据库
synb1_txn_602368a0efca5a66021243ab,2025-06-11T15:00:00,流入,12406.88,客户交付验收后的合同回款,仅供人工查看；不得作为模型输入或导入数据库
synb1_txn_215613df32fe7da403bc60fc,2025-06-12T15:00:00,流入,2559.24,客户交付验收后的合同回款,仅供人工查看；不得作为模型输入或导入数据库
synb1_txn_b0f8791969e50fa42d31810b,2025-06-14T09:00:00,流出,3793.47,备件到货后按供应合同付款,仅供人工查看；不得作为模型输入或导入数据库
synb1_txn_31fb72dd5d2951bb211f78c7,2025-06-14T15:00:00,流入,12816.90,客户交付验收后的合同回款,仅供人工查看；不得作为模型输入或导入数据库
synb1_txn_79b73074fc0ab5b787a48f0e,2025-06-14T15:00:00,流入,16382.68,客户交付验收后的合同回款,仅供人工查看；不得作为模型输入或导入数据库
synb1_txn_7012defba60651b0c10ed005,2025-06-15T15:00:00,流入,16106.44,客户交付验收后的合同回款,仅供人工查看；不得作为模型输入或导入数据库
synb1_txn_d6cd777b91bffad569adf0a8,2025-06-15T15:00:00,流入,16749.29,客户交付验收后的合同回款,仅供人工查看；不得作为模型输入或导入数据库
synb1_txn_a3ab99e08f85071676061538,2025-06-16T09:00:00,流出,10995.39,备件到货后按供应合同付款,仅供人工查看；不得作为模型输入或导入数据库
synb1_txn_145eae2f238b8638e6e251ab,2025-06-16T15:00:00,流入,3838.93,客户交付验收后的合同回款,仅供人工查看；不得作为模型输入或导入数据库
synb1_txn_615911ffd3ec876123f82cbd,2025-06-16T15:00:00,流入,14986.21,客户交付验收后的合同回款,仅供人工查看；不得作为模型输入或导入数据库
synb1_txn_70f61cb2d5395c9de1743d4d,2025-06-17T09:00:00,流出,3034.78,备件到货后按供应合同付款,仅供人工查看；不得作为模型输入或导入数据库
synb1_txn_1d1553b060dcf3096534f59e,2025-06-18T09:00:00,流出,2981.69,备件到货后按供应合同付款,仅供人工查看；不得作为模型输入或导入数据库
synb1_txn_b0a91e2e3f27a85db7bfca37,2025-06-18T15:00:00,流入,7394.36,客户交付验收后的合同回款,仅供人工查看；不得作为模型输入或导入数据库
synb1_txn_d48d0554ed3e04f27c33d0c9,2025-06-18T15:00:00,流入,11564.30,客户交付验收后的合同回款,仅供人工查看；不得作为模型输入或导入数据库
synb1_txn_6a22236b3a96d52aef1de6c8,2025-06-19T09:00:00,流出,12152.80,备件到货后按供应合同付款,仅供人工查看；不得作为模型输入或导入数据库
synb1_txn_8c573c03586a667a33aa549c,2025-06-19T15:00:00,流入,8375.34,客户交付验收后的合同回款,仅供人工查看；不得作为模型输入或导入数据库
synb1_txn_af5c2fa13c58c35e5ec7c2d0,2025-06-19T15:00:00,流入,11166.19,客户交付验收后的合同回款,仅供人工查看；不得作为模型输入或导入数据库
synb1_txn_f3dba7962f47f5d9a92dc022,2025-06-20T09:00:00,流出,6828.27,备件到货后按供应合同付款,仅供人工查看；不得作为模型输入或导入数据库
synb1_txn_4f07b403bf320d842643278c,2025-06-20T15:00:00,流入,14450.98,客户交付验收后的合同回款,仅供人工查看；不得作为模型输入或导入数据库
synb1_txn_8f874eb5b80a5eabc925bd8f,2025-06-21T09:00:00,流出,5367.05,备件到货后按供应合同付款,仅供人工查看；不得作为模型输入或导入数据库
synb1_txn_cc2481cc79d1850f19aed960,2025-06-21T15:00:00,流入,5928.61,客户交付验收后的合同回款,仅供人工查看；不得作为模型输入或导入数据库
synb1_txn_d6a2cb3de006e8ca7ffd44cd,2025-06-22T09:00:00,流出,6365.75,备件到货后按供应合同付款,仅供人工查看；不得作为模型输入或导入数据库
synb1_txn_5249beefa00ac5cee038aba0,2025-06-22T15:00:00,流入,4436.61,客户交付验收后的合同回款,仅供人工查看；不得作为模型输入或导入数据库
synb1_txn_41a3a217649da41395b532d7,2025-06-23T09:00:00,流出,5443.50,备件到货后按供应合同付款,仅供人工查看；不得作为模型输入或导入数据库
synb1_txn_2fc1c72d730b18adb7e95b8d,2025-06-23T15:00:00,流入,5798.31,客户交付验收后的合同回款,仅供人工查看；不得作为模型输入或导入数据库
synb1_txn_08acd0c18ed3014547147413,2025-06-23T15:00:00,流入,13027.22,客户交付验收后的合同回款,仅供人工查看；不得作为模型输入或导入数据库
synb1_txn_f8a4b1a26e24f62c62dd7e33,2025-06-24T09:00:00,流出,5565.83,备件到货后按供应合同付款,仅供人工查看；不得作为模型输入或导入数据库
synb1_txn_6ddba3641ec4024fb1ab31d4,2025-06-24T15:00:00,流入,11774.88,客户交付验收后的合同回款,仅供人工查看；不得作为模型输入或导入数据库
synb1_txn_cec48d47b4e8f5483aef4b81,2025-06-25T09:00:00,流出,154405.94,合规、技术支持及外部服务费,仅供人工查看；不得作为模型输入或导入数据库
synb1_txn_187740ad21bb6869286da6d1,2025-06-25T09:00:00,流出,8101.89,备件到货后按供应合同付款,仅供人工查看；不得作为模型输入或导入数据库
synb1_txn_9ac52d38c29750de43ed72d5,2025-06-25T09:00:00,流出,12911.61,备件到货后按供应合同付款,仅供人工查看；不得作为模型输入或导入数据库
synb1_txn_58f80fca00b738374dfa0b7c,2025-06-25T15:00:00,流入,8208.85,客户交付验收后的合同回款,仅供人工查看；不得作为模型输入或导入数据库
synb1_txn_fbf6bdf649b21616147b63ca,2025-06-26T09:00:00,流出,6532.20,备件到货后按供应合同付款,仅供人工查看；不得作为模型输入或导入数据库
synb1_txn_5f5698e31b90cf9c4de41ea2,2025-06-26T15:00:00,流入,4929.62,客户交付验收后的合同回款,仅供人工查看；不得作为模型输入或导入数据库
synb1_txn_cb84bf43407dc1f457ab4b18,2025-06-27T09:00:00,流出,3776.82,备件到货后按供应合同付款,仅供人工查看；不得作为模型输入或导入数据库
synb1_txn_695afa29ef1888ddb3f0af69,2025-06-27T15:00:00,流入,6442.57,客户交付验收后的合同回款,仅供人工查看；不得作为模型输入或导入数据库
synb1_txn_067ba22c22db98bcab45b0e5,2025-06-27T15:00:00,流入,9925.50,客户交付验收后的合同回款,仅供人工查看；不得作为模型输入或导入数据库
synb1_txn_44bd1aa48879fec275a828e0,2025-06-28T09:00:00,流出,12415.01,备件到货后按供应合同付款,仅供人工查看；不得作为模型输入或导入数据库
synb1_txn_37a9721cca2c2f1b5351c7d4,2025-06-28T15:00:00,流入,4816.99,客户交付验收后的合同回款,仅供人工查看；不得作为模型输入或导入数据库
synb1_txn_c671c1a54b4f959822ba8871,2025-06-29T09:00:00,流出,6169.30,备件到货后按供应合同付款,仅供人工查看；不得作为模型输入或导入数据库
synb1_txn_86b55ab72763b9f0582de97b,2025-06-29T15:00:00,流入,8208.85,客户交付验收后的合同回款,仅供人工查看；不得作为模型输入或导入数据库
synb1_txn_f1ebc68a36fa08044e1c62b0,2025-06-30T09:00:00,流出,3450.00,缴纳模拟增值税,仅供人工查看；不得作为模型输入或导入数据库
synb1_txn_2196f6de506084d6e8fd643e,2025-06-30T09:00:00,流出,414.00,缴纳附加税,仅供人工查看；不得作为模型输入或导入数据库
synb1_txn_dc3742d9693a67976ce7595f,2025-07-01T09:00:00,流出,13408.21,备件到货后按供应合同付款,仅供人工查看；不得作为模型输入或导入数据库
synb1_txn_2a9c95786714944e82ca9397,2025-07-01T15:00:00,流入,7731.09,客户交付验收后的合同回款,仅供人工查看；不得作为模型输入或导入数据库
synb1_txn_d61e4ec8c3264f6ddd020895,2025-07-01T15:00:00,流入,9925.50,客户交付验收后的合同回款,仅供人工查看；不得作为模型输入或导入数据库
synb1_txn_861ae99a8ce3896b531e9556,2025-07-02T09:00:00,流出,5443.52,备件到货后按供应合同付款,仅供人工查看；不得作为模型输入或导入数据库
synb1_txn_b6d653b1f5bf953c19a5b312,2025-07-02T15:00:00,流入,5887.44,客户交付验收后的合同回款,仅供人工查看；不得作为模型输入或导入数据库
synb1_txn_60c354efb63f37b516b1fe5e,2025-07-03T09:00:00,流出,37221.05,固定场地租赁付款,仅供人工查看；不得作为模型输入或导入数据库
synb1_txn_144a1d589bca02a0e52c7221,2025-07-03T15:00:00,流入,6840.71,客户交付验收后的合同回款,仅供人工查看；不得作为模型输入或导入数据库
synb1_txn_32c2dd32f702eb87334ff062,2025-07-03T15:00:00,流入,4860.85,客户交付验收后的合同回款,仅供人工查看；不得作为模型输入或导入数据库
synb1_txn_01a23b7480d9279bc42cb09e,2025-07-04T09:00:00,流出,8442.22,备件到货后按供应合同付款,仅供人工查看；不得作为模型输入或导入数据库
synb1_txn_ab48dec9af309f87acfe138d,2025-07-05T15:00:00,流入,17394.95,客户交付验收后的合同回款,仅供人工查看；不得作为模型输入或导入数据库
synb1_txn_66f6c64e0b801dd9ef579dff,2025-07-05T15:00:00,流入,13647.57,客户交付验收后的合同回款,仅供人工查看；不得作为模型输入或导入数据库
synb1_txn_9714976a074a2eeedc9a3018,2025-07-06T15:00:00,流入,8028.32,客户交付验收后的合同回款,仅供人工查看；不得作为模型输入或导入数据库
synb1_txn_546ed59cb03f00c8d4ae399e,2025-07-07T09:00:00,流出,160991.30,持续服务班组工资,仅供人工查看；不得作为模型输入或导入数据库
synb1_txn_9057c04a93c6554c9af393b1,2025-07-07T15:00:00,流入,6384.66,客户交付验收后的合同回款,仅供人工查看；不得作为模型输入或导入数据库
synb1_txn_5f8c4753f1472ce1981852e6,2025-07-07T15:00:00,流入,11489.28,客户交付验收后的合同回款,仅供人工查看；不得作为模型输入或导入数据库
synb1_txn_95164183ba80a5c7594cfcc4,2025-07-09T15:00:00,流入,8375.34,客户交付验收后的合同回款,仅供人工查看；不得作为模型输入或导入数据库
synb1_txn_c58a36080ceaeff1e2419b38,2025-07-09T15:00:00,流入,6823.78,客户交付验收后的合同回款,仅供人工查看；不得作为模型输入或导入数据库
synb1_txn_88938c84b9f5974f1d51c63d,2025-07-10T15:00:00,流入,9633.99,客户交付验收后的合同回款,仅供人工查看；不得作为模型输入或导入数据库
synb1_txn_3d657917c87592b48b665da3,2025-07-11T15:00:00,流入,5928.61,客户交付验收后的合同回款,仅供人工查看；不得作为模型输入或导入数据库
synb1_txn_3e9dacf1bb09f78b6e05c5ce,2025-07-11T15:00:00,流入,11931.18,客户交付验收后的合同回款,仅供人工查看；不得作为模型输入或导入数据库
synb1_txn_91e862fa8914c17dd1c0e1e7,2025-07-11T15:00:00,流入,35509.90,客户交付验收后的合同回款,仅供人工查看；不得作为模型输入或导入数据库
synb1_txn_9aab338a0d75e7a7f8c5135b,2025-07-12T09:00:00,流出,12426.90,备件到货后按供应合同付款,仅供人工查看；不得作为模型输入或导入数据库
synb1_txn_e944bb7b248ee187f89df5da,2025-07-12T15:00:00,流入,44275.58,客户交付验收后的合同回款,仅供人工查看；不得作为模型输入或导入数据库
synb1_txn_41463d0bbee79450f0faf8de,2025-07-13T09:00:00,流出,21630.71,备件到货后按供应合同付款,仅供人工查看；不得作为模型输入或导入数据库
synb1_txn_914368282993fc3ef0918856,2025-07-13T15:00:00,流入,6442.57,客户交付验收后的合同回款,仅供人工查看；不得作为模型输入或导入数据库
synb1_txn_a6a9df4935a0099d2d671291,2025-07-13T15:00:00,流入,12406.88,客户交付验收后的合同回款,仅供人工查看；不得作为模型输入或导入数据库
synb1_txn_635af2e4db4bb8c08fe8ed6b,2025-07-14T09:00:00,流出,17036.15,备件到货后按供应合同付款,仅供人工查看；不得作为模型输入或导入数据库
synb1_txn_f56e9a86d8a516d4d09ddd1d,2025-07-14T15:00:00,流入,14986.21,客户交付验收后的合同回款,仅供人工查看；不得作为模型输入或导入数据库
synb1_txn_5d1ad4f8d1ac408b7e7747b2,2025-07-15T09:00:00,流出,12991.76,备件到货后按供应合同付款,仅供人工查看；不得作为模型输入或导入数据库
synb1_txn_3b6970861975bd79367e0780,2025-07-15T09:00:00,流出,16275.10,备件到货后按供应合同付款,仅供人工查看；不得作为模型输入或导入数据库
synb1_txn_d95c671ddedeb7a3a819e850,2025-07-15T15:00:00,流入,5928.61,客户交付验收后的合同回款,仅供人工查看；不得作为模型输入或导入数据库
synb1_txn_816e7cf572b989a12f5ede74,2025-07-15T15:00:00,流入,9721.70,客户交付验收后的合同回款,仅供人工查看；不得作为模型输入或导入数据库
synb1_txn_d1df89f49e14915c12f599d4,2025-07-15T15:00:00,流入,14795.79,客户交付验收后的合同回款,仅供人工查看；不得作为模型输入或导入数据库
synb1_txn_15cb45272e6d2e7313ae4542,2025-07-16T09:00:00,流出,18926.87,备件到货后按供应合同付款,仅供人工查看；不得作为模型输入或导入数据库
synb1_txn_adfea49c50fa4b9a42cb43c1,2025-07-16T15:00:00,流入,39614.99,客户交付验收后的合同回款,仅供人工查看；不得作为模型输入或导入数据库
synb1_txn_dc14b877b69a41c5d15f0189,2025-07-17T09:00:00,流出,7862.84,备件到货后按供应合同付款,仅供人工查看；不得作为模型输入或导入数据库
synb1_txn_9bd2b2e82486f099ab58ba2f,2025-07-17T15:00:00,流入,9663.86,客户交付验收后的合同回款,仅供人工查看；不得作为模型输入或导入数据库
synb1_txn_34421bc8e25aec8f0fd2f6a5,2025-07-17T15:00:00,流入,7444.19,客户交付验收后的合同回款,仅供人工查看；不得作为模型输入或导入数据库
synb1_txn_da49d57b9ff79256bb30e0d1,2025-07-18T09:00:00,流出,9037.75,备件到货后按供应合同付款,仅供人工查看；不得作为模型输入或导入数据库
synb1_txn_b4d8d4d4d342cc7cd2e7eb8f,2025-07-18T09:00:00,流出,14973.10,备件到货后按供应合同付款,仅供人工查看；不得作为模型输入或导入数据库
synb1_txn_b17fc327077b93de394dff58,2025-07-18T15:00:00,流入,14986.21,客户交付验收后的合同回款,仅供人工查看；不得作为模型输入或导入数据库
synb1_txn_907fabfda81c1e1b93f3ef22,2025-07-19T09:00:00,流出,27038.39,备件到货后按供应合同付款,仅供人工查看；不得作为模型输入或导入数据库
synb1_txn_b4a008b99c5519e447a33606,2025-07-19T15:00:00,流入,5928.61,客户交付验收后的合同回款,仅供人工查看；不得作为模型输入或导入数据库
synb1_txn_74a6acff762d1bad4c0935e7,2025-07-19T15:00:00,流入,12373.07,客户交付验收后的合同回款,仅供人工查看；不得作为模型输入或导入数据库
synb1_txn_64ec18a3817ec591ed2744dc,2025-07-19T15:00:00,流入,14795.79,客户交付验收后的合同回款,仅供人工查看；不得作为模型输入或导入数据库
synb1_txn_1dcbdec8b94ba884118dba34,2025-07-20T09:00:00,流出,11139.02,备件到货后按供应合同付款,仅供人工查看；不得作为模型输入或导入数据库
synb1_txn_60b6dec0bcca78961bc7e8c5,2025-07-20T09:00:00,流出,27012.28,备件到货后按供应合同付款,仅供人工查看；不得作为模型输入或导入数据库
synb1_txn_b99f36b45cdc70728005b47f,2025-07-20T15:00:00,流入,55927.05,客户交付验收后的合同回款,仅供人工查看；不得作为模型输入或导入数据库
synb1_txn_6ee6872a3999acc94dd7ac0b,2025-07-21T09:00:00,流出,14686.37,备件到货后按供应合同付款,仅供人工查看；不得作为模型输入或导入数据库
synb1_txn_a434af815e806373d6904d26,2025-07-21T09:00:00,流出,13020.08,备件到货后按供应合同付款,仅供人工查看；不得作为模型输入或导入数据库
synb1_txn_45d46ce68cf201528f56e7e5,2025-07-21T15:00:00,流入,9019.60,客户交付验收后的合同回款,仅供人工查看；不得作为模型输入或导入数据库
synb1_txn_7e155b2140e1910a2c922e65,2025-07-21T15:00:00,流入,10171.43,客户交付验收后的合同回款,仅供人工查看；不得作为模型输入或导入数据库
synb1_txn_a1395fd5aa89c0bb4e81150b,2025-07-22T09:00:00,流出,33798.00,备件到货后按供应合同付款,仅供人工查看；不得作为模型输入或导入数据库
synb1_txn_e7ae6f447df7c6891b8e8b87,2025-07-22T15:00:00,流入,9633.99,客户交付验收后的合同回款,仅供人工查看；不得作为模型输入或导入数据库
synb1_txn_576c74cefae437b2df15896d,2025-07-22T15:00:00,流入,20116.05,客户交付验收后的合同回款,仅供人工查看；不得作为模型输入或导入数据库
synb1_txn_ac2038ed35ea8df26fd8b4e5,2025-07-23T09:00:00,流出,9173.33,备件到货后按供应合同付款,仅供人工查看；不得作为模型输入或导入数据库
synb1_txn_587a065139e35f88b8f4ff43,2025-07-23T09:00:00,流出,54024.57,备件到货后按供应合同付款,仅供人工查看；不得作为模型输入或导入数据库
synb1_txn_5f0e92ddf39fc765ff16723a,2025-07-23T15:00:00,流入,6384.66,客户交付验收后的合同回款,仅供人工查看；不得作为模型输入或导入数据库
synb1_txn_6fcde7bdd76900559f4b9a19,2025-07-23T15:00:00,流入,3535.16,客户交付验收后的合同回款,仅供人工查看；不得作为模型输入或导入数据库
synb1_txn_723e19b51ba621ec2a3181e2,2025-07-23T15:00:00,流入,22193.69,客户交付验收后的合同回款,仅供人工查看；不得作为模型输入或导入数据库
synb1_txn_11d0dbfeb50fc234d45fbca0,2025-07-24T09:00:00,流出,13671.11,备件到货后按供应合同付款,仅供人工查看；不得作为模型输入或导入数据库
synb1_txn_e234f9cca8e79f40496c894d,2025-07-24T15:00:00,流入,60587.63,客户交付验收后的合同回款,仅供人工查看；不得作为模型输入或导入数据库
synb1_txn_e8a427294a7af0568024c3a5,2025-07-25T09:00:00,流出,54405.94,合规、技术支持及外部服务费,仅供人工查看；不得作为模型输入或导入数据库
synb1_txn_fd38ee55219583d44bd6dd28,2025-07-25T15:00:00,流入,18039.29,客户交付验收后的合同回款,仅供人工查看；不得作为模型输入或导入数据库
synb1_txn_6a813b9e4bb401bd224c36b3,2025-07-25T15:00:00,流入,8137.14,客户交付验收后的合同回款,仅供人工查看；不得作为模型输入或导入数据库
synb1_txn_feb3bcbe4882d26be426a01d,2025-07-26T09:00:00,流出,27817.49,备件到货后按供应合同付款,仅供人工查看；不得作为模型输入或导入数据库
synb1_txn_05fe98d7e44dc943e4432125,2025-07-26T09:00:00,流出,33765.35,备件到货后按供应合同付款,仅供人工查看；不得作为模型输入或导入数据库
synb1_txn_5e343a441ab81428fd5ace75,2025-07-26T15:00:00,流入,6957.88,客户交付验收后的合同回款,仅供人工查看；不得作为模型输入或导入数据库
synb1_txn_d0c6b8de2dab1fcb156ad2c5,2025-07-26T15:00:00,流入,32688.58,客户交付验收后的合同回款,仅供人工查看；不得作为模型输入或导入数据库
synb1_txn_698f9c7978f1c54a2631d484,2025-07-27T15:00:00,流入,8208.85,客户交付验收后的合同回款,仅供人工查看；不得作为模型输入或导入数据库
synb1_txn_110025237c5cb3b58f017c21,2025-07-27T15:00:00,流入,7512.22,客户交付验收后的合同回款,仅供人工查看；不得作为模型输入或导入数据库
synb1_txn_fcd67eef3ff63874fe87c2f7,2025-07-27T15:00:00,流入,17754.95,客户交付验收后的合同回款,仅供人工查看；不得作为模型输入或导入数据库
synb1_txn_ce6dada0743a209239337259,2025-07-28T09:00:00,流出,3450.00,缴纳模拟增值税,仅供人工查看；不得作为模型输入或导入数据库
synb1_txn_8d5dfcbb646775054a35c827,2025-07-28T09:00:00,流出,414.00,缴纳附加税,仅供人工查看；不得作为模型输入或导入数据库
synb1_txn_a234f9528fbcda436b5ada89,2025-07-28T15:00:00,流入,25633.23,客户交付验收后的合同回款,仅供人工查看；不得作为模型输入或导入数据库
synb1_txn_2a74bc6176ab19a44a5148f8,2025-07-29T09:00:00,流出,24607.78,备件到货后按供应合同付款,仅供人工查看；不得作为模型输入或导入数据库
synb1_txn_ab711a159a00690242da9788,2025-07-29T09:00:00,流出,51773.56,备件到货后按供应合同付款,仅供人工查看；不得作为模型输入或导入数据库
synb1_txn_0f974df9abd02184052242e2,2025-07-29T15:00:00,流入,14240.00,客户交付验收后的合同回款,仅供人工查看；不得作为模型输入或导入数据库
synb1_txn_6badca4444d7c9f59550c023,2025-07-30T15:00:00,流入,6422.70,客户交付验收后的合同回款,仅供人工查看；不得作为模型输入或导入数据库
synb1_txn_3abbdf12a13ff28491c23ffe,2025-07-30T15:00:00,流入,31431.33,客户交付验收后的合同回款,仅供人工查看；不得作为模型输入或导入数据库
synb1_txn_14e4982509e5235a1887868c,2025-07-31T15:00:00,流入,4560.47,客户交付验收后的合同回款,仅供人工查看；不得作为模型输入或导入数据库
synb1_txn_25c58607d1d1166c261fa245,2025-07-31T15:00:00,流入,12373.07,客户交付验收后的合同回款,仅供人工查看；不得作为模型输入或导入数据库
synb1_txn_5544a9a33a7ed52d2cf52afe,2025-07-31T15:00:00,流入,13316.21,客户交付验收后的合同回款,仅供人工查看；不得作为模型输入或导入数据库
synb1_txn_d5f6944c3bc837fc3e3f1534,2025-08-01T09:00:00,流出,28887.39,备件到货后按供应合同付款,仅供人工查看；不得作为模型输入或导入数据库
synb1_txn_db5e29a6de9dd1e47b59c7da,2025-08-01T15:00:00,流入,34954.40,客户交付验收后的合同回款,仅供人工查看；不得作为模型输入或导入数据库
synb1_txn_c95b35089974b450a7c6361b,2025-08-02T15:00:00,流入,13731.43,客户交付验收后的合同回款,仅供人工查看；不得作为模型输入或导入数据库
synb1_txn_18f49937efe964e3c5df2250,2025-08-03T09:00:00,流出,37221.05,固定场地租赁付款,仅供人工查看；不得作为模型输入或导入数据库
synb1_txn_6790c80e1c291a3871d36aad,2025-08-03T15:00:00,流入,32688.58,客户交付验收后的合同回款,仅供人工查看；不得作为模型输入或导入数据库
synb1_txn_c9b00bcf02463d3c94df55be,2025-08-04T09:00:00,流出,12838.85,备件到货后按供应合同付款,仅供人工查看；不得作为模型输入或导入数据库
synb1_txn_9f1d6a04a372219b102d71e7,2025-08-04T15:00:00,流入,8664.99,客户交付验收后的合同回款,仅供人工查看；不得作为模型输入或导入数据库
synb1_txn_9897bbbd5d72d6856c387f82,2025-08-04T15:00:00,流入,7954.12,客户交付验收后的合同回款,仅供人工查看；不得作为模型输入或导入数据库
synb1_txn_4635013f1b862af947fa3ab3,2025-08-04T15:00:00,流入,20714.11,客户交付验收后的合同回款,仅供人工查看；不得作为模型输入或导入数据库
synb1_txn_2b69c399c65675b54d0201af,2025-08-05T15:00:00,流入,44275.58,客户交付验收后的合同回款,仅供人工查看；不得作为模型输入或导入数据库
synb1_txn_71f9ed6e36a927c1676239ea,2025-08-06T15:00:00,流入,10171.43,客户交付验收后的合同回款,仅供人工查看；不得作为模型输入或导入数据库
synb1_txn_74d6f13e6fd996943c34542b,2025-08-07T09:00:00,流出,160991.30,持续服务班组工资,仅供人工查看；不得作为模型输入或导入数据库
synb1_txn_47cb453af58b6c9094d81426,2025-08-07T15:00:00,流入,30174.08,客户交付验收后的合同回款,仅供人工查看；不得作为模型输入或导入数据库
synb1_txn_f2bef107c33025d8bac169b8,2025-08-08T09:00:00,流出,28494.78,备件到货后按供应合同付款,仅供人工查看；不得作为模型输入或导入数据库
synb1_txn_62c87190b8214f647ea7adbc,2025-08-08T15:00:00,流入,6628.43,客户交付验收后的合同回款,仅供人工查看；不得作为模型输入或导入数据库
synb1_txn_06d081ba00b0851e9175ba5e,2025-08-08T15:00:00,流入,14795.79,客户交付验收后的合同回款,仅供人工查看；不得作为模型输入或导入数据库
synb1_txn_8419f814d2ca2dfa9a70121e,2025-08-09T15:00:00,流入,60587.63,客户交付验收后的合同回款,仅供人工查看；不得作为模型输入或导入数据库
synb1_txn_8a938670a443c3ff507ad751,2025-08-10T09:00:00,流出,17381.81,备件到货后按供应合同付款,仅供人工查看；不得作为模型输入或导入数据库
synb1_txn_188a2188d0c8af417efb57e8,2025-08-10T09:00:00,流出,12221.59,备件到货后按供应合同付款,仅供人工查看；不得作为模型输入或导入数据库
synb1_txn_5b0e87c466dfaaf1c0ae641b,2025-08-10T15:00:00,流入,10680.00,客户交付验收后的合同回款,仅供人工查看；不得作为模型输入或导入数据库
synb1_txn_6495e3423566efb32b5125d9,2025-08-10T15:00:00,流入,43620.68,客户交付验收后的合同回款,仅供人工查看；不得作为模型输入或导入数据库
synb1_txn_f3683a69ead6ee0088ffe674,2025-08-11T09:00:00,流出,37993.04,备件到货后按供应合同付款,仅供人工查看；不得作为模型输入或导入数据库
synb1_txn_597dff47866c3213f15fce95,2025-08-11T15:00:00,流入,20116.05,客户交付验收后的合同回款,仅供人工查看；不得作为模型输入或导入数据库
synb1_txn_37be3b30c1e43e37909e17fd,2025-08-12T09:00:00,流出,49244.50,备件到货后按供应合同付款,仅供人工查看；不得作为模型输入或导入数据库
synb1_txn_2f31ed76034728afd551bc6d,2025-08-12T15:00:00,流入,4418.95,客户交付验收后的合同回款,仅供人工查看；不得作为模型输入或导入数据库
synb1_txn_b014d751c11b5327dd5dfab9,2025-08-12T15:00:00,流入,26632.42,客户交付验收后的合同回款,仅供人工查看；不得作为模型输入或导入数据库
synb1_txn_6838cae54acc435a7804aada,2025-08-13T09:00:00,流出,19864.93,备件到货后按供应合同付款,仅供人工查看；不得作为模型输入或导入数据库
synb1_txn_7f9b3aed3a53d92241912d32,2025-08-13T09:00:00,流出,21622.81,备件到货后按供应合同付款,仅供人工查看；不得作为模型输入或导入数据库
synb1_txn_a4ba4253989afbae19b77685,2025-08-13T15:00:00,流入,34954.40,客户交付验收后的合同回款,仅供人工查看；不得作为模型输入或导入数据库
synb1_txn_505a0dd138d4bcc898f9a7c0,2025-08-14T09:00:00,流出,21371.08,备件到货后按供应合同付款,仅供人工查看；不得作为模型输入或导入数据库
synb1_txn_7111da73849e7a3ff7186d47,2025-08-14T15:00:00,流入,7628.57,客户交付验收后的合同回款,仅供人工查看；不得作为模型输入或导入数据库
synb1_txn_0f901a6f4d545501aa5b7d7e,2025-08-14T15:00:00,流入,26551.72,客户交付验收后的合同回款,仅供人工查看；不得作为模型输入或导入数据库
synb1_txn_43086a03ed0397ddfd9834f3,2025-08-15T09:00:00,流出,41365.38,备件到货后按供应合同付款,仅供人工查看；不得作为模型输入或导入数据库
synb1_txn_7091b3bf164300fdee122476,2025-08-15T15:00:00,流入,30174.08,客户交付验收后的合同回款,仅供人工查看；不得作为模型输入或导入数据库
synb1_txn_bec3606c82740f16e079cd4e,2025-08-16T09:00:00,流出,17381.81,备件到货后按供应合同付款,仅供人工查看；不得作为模型输入或导入数据库
synb1_txn_97e789eff308250809e3beeb,2025-08-16T09:00:00,流出,15982.08,备件到货后按供应合同付款,仅供人工查看；不得作为模型输入或导入数据库
synb1_txn_bd22b4a286cc028c4e848646,2025-08-16T15:00:00,流入,7070.39,客户交付验收后的合同回款,仅供人工查看；不得作为模型输入或导入数据库
synb1_txn_b45c8767015a5cfbf1f80063,2025-08-16T15:00:00,流入,26632.42,客户交付验收后的合同回款,仅供人工查看；不得作为模型输入或导入数据库
synb1_txn_f838abfe4e728497ba9374a5,2025-08-17T09:00:00,流出,56989.58,备件到货后按供应合同付款,仅供人工查看；不得作为模型输入或导入数据库
synb1_txn_0301d677d4de1de8e500e90b,2025-08-17T09:00:00,流出,12005.31,备件到货后按供应合同付款,仅供人工查看；不得作为模型输入或导入数据库
synb1_txn_160964ed5167690839798911,2025-08-17T15:00:00,流入,39614.99,客户交付验收后的合同回款,仅供人工查看；不得作为模型输入或导入数据库
synb1_txn_2873d9fe7d68be42875f5ee4,2025-08-18T09:00:00,流出,27576.92,备件到货后按供应合同付款,仅供人工查看；不得作为模型输入或导入数据库
synb1_txn_7bc9bfd94788529a76171d7b,2025-08-18T15:00:00,流入,10680.00,客户交付验收后的合同回款,仅供人工查看；不得作为模型输入或导入数据库
synb1_txn_e050426a149a0f22ab3bf87c,2025-08-18T15:00:00,流入,34137.93,客户交付验收后的合同回款,仅供人工查看；不得作为模型输入或导入数据库
synb1_txn_64d6c2035abd9a00f6d25d92,2025-08-19T09:00:00,流出,32280.54,备件到货后按供应合同付款,仅供人工查看；不得作为模型输入或导入数据库
synb1_txn_60b242d985d4a0b1edcf3bbb,2025-08-19T09:00:00,流出,25383.31,备件到货后按供应合同付款,仅供人工查看；不得作为模型输入或导入数据库
synb1_txn_5eb617f5b4d75b24810e33f5,2025-08-19T15:00:00,流入,31431.33,客户交付验收后的合同回款,仅供人工查看；不得作为模型输入或导入数据库
synb1_txn_b29bb1dc01a23c2614c5af37,2025-08-20T09:00:00,流出,39017.28,备件到货后按供应合同付款,仅供人工查看；不得作为模型输入或导入数据库
synb1_txn_503739e2aaf63c06d3505394,2025-08-20T15:00:00,流入,32550.74,客户交付验收后的合同回款,仅供人工查看；不得作为模型输入或导入数据库
synb1_txn_98dcc226d39fb0b3fd7b214f,2025-08-20T15:00:00,流入,29826.11,客户交付验收后的合同回款,仅供人工查看；不得作为模型输入或导入数据库
synb1_txn_db31b0dd0c10d23a9623cbdc,2025-08-21T09:00:00,流出,19697.81,备件到货后按供应合同付款,仅供人工查看；不得作为模型输入或导入数据库
synb1_txn_3a6292cc61d8196ada767fcc,2025-08-21T09:00:00,流出,41254.32,备件到货后按供应合同付款,仅供人工查看；不得作为模型输入或导入数据库
synb1_txn_cad96a0c23d9419eaf411c3e,2025-08-21T15:00:00,流入,55927.05,客户交付验收后的合同回款,仅供人工查看；不得作为模型输入或导入数据库
synb1_txn_05b50ee5fa98ac72b240cafd,2025-08-21T15:00:00,流入,13044.15,客户交付验收后的合同回款,仅供人工查看；不得作为模型输入或导入数据库
synb1_txn_9d925e97fda1fe2b4a70e66a,2025-08-22T15:00:00,流入,13731.43,客户交付验收后的合同回款,仅供人工查看；不得作为模型输入或导入数据库
synb1_txn_52b8acf240ba7a0129cf3baa,2025-08-22T15:00:00,流入,18965.51,客户交付验收后的合同回款,仅供人工查看；不得作为模型输入或导入数据库
synb1_txn_dd06fa39d2b011e7d6456b7d,2025-08-23T09:00:00,流出,36386.21,备件到货后按供应合同付款,仅供人工查看；不得作为模型输入或导入数据库
synb1_txn_b4e4a83baf83deb4db6745ec,2025-08-23T09:00:00,流出,22509.97,备件到货后按供应合同付款,仅供人工查看；不得作为模型输入或导入数据库
synb1_txn_2bd58b34b97cde5085dd95d4,2025-08-23T15:00:00,流入,26402.32,客户交付验收后的合同回款,仅供人工查看；不得作为模型输入或导入数据库
synb1_txn_a9f9946d8d86d8f80fb77e09,2025-08-24T09:00:00,流出,41254.32,备件到货后按供应合同付款,仅供人工查看；不得作为模型输入或导入数据库
synb1_txn_0de2b5e3b0e7774e4b0ea201,2025-08-24T15:00:00,流入,17755.01,客户交付验收后的合同回款,仅供人工查看；不得作为模型输入或导入数据库
synb1_txn_14734b94147dc9c50e2e30c6,2025-08-24T15:00:00,流入,14264.66,客户交付验收后的合同回款,仅供人工查看；不得作为模型输入或导入数据库
synb1_txn_cc720a2e5cf6df10eefe8b28,2025-08-25T09:00:00,流出,54405.94,合规、技术支持及外部服务费,仅供人工查看；不得作为模型输入或导入数据库
synb1_txn_68d705d7bb9b51a2ae917f66,2025-08-25T15:00:00,流入,41945.34,客户交付验收后的合同回款,仅供人工查看；不得作为模型输入或导入数据库
synb1_txn_7f65d62ed22533cb58551762,2025-08-25T15:00:00,流入,21196.75,客户交付验收后的合同回款,仅供人工查看；不得作为模型输入或导入数据库
synb1_txn_9c10d673b158deed1400c447,2025-08-26T09:00:00,流出,15320.51,备件到货后按供应合同付款,仅供人工查看；不得作为模型输入或导入数据库
synb1_txn_f001a4a7dbe9d4ae58479c15,2025-08-26T09:00:00,流出,33014.64,备件到货后按供应合同付款,仅供人工查看；不得作为模型输入或导入数据库
synb1_txn_3e7bec4c03960577adbe3187,2025-08-26T15:00:00,流入,9662.86,客户交付验收后的合同回款,仅供人工查看；不得作为模型输入或导入数据库
synb1_txn_acc7a466c7193990cf603fe3,2025-08-26T15:00:00,流入,41724.13,客户交付验收后的合同回款,仅供人工查看；不得作为模型输入或导入数据库
synb1_txn_0d31568f6ed5a9e7a41d5548,2025-08-27T09:00:00,流出,19040.45,备件到货后按供应合同付款,仅供人工查看；不得作为模型输入或导入数据库
synb1_txn_822eafe0862037683eafa9c3,2025-08-27T15:00:00,流入,25145.06,客户交付验收后的合同回款,仅供人工查看；不得作为模型输入或导入数据库
synb1_txn_15ca39bc058c63877a4a265e,2025-08-28T09:00:00,流出,36458.70,缴纳企业所得税,仅供人工查看；不得作为模型输入或导入数据库
synb1_txn_a4a37788d36d0cb44e87b6ad,2025-08-28T09:00:00,流出,11000.00,缴纳模拟增值税,仅供人工查看；不得作为模型输入或导入数据库
synb1_txn_5337b0744f1c14bb1f18ab65,2025-08-28T09:00:00,流出,1320.00,缴纳附加税,仅供人工查看；不得作为模型输入或导入数据库
synb1_txn_7564df440904f9eb995194c8,2025-08-28T15:00:00,流入,29826.11,客户交付验收后的合同回款,仅供人工查看；不得作为模型输入或导入数据库
synb1_txn_42dd1d9cfefaef255e2e7137,2025-08-29T09:00:00,流出,53621.79,备件到货后按供应合同付款,仅供人工查看；不得作为模型输入或导入数据库
synb1_txn_08359148beef6bcff80695f9,2025-08-29T15:00:00,流入,34240.91,客户交付验收后的合同回款,仅供人工查看；不得作为模型输入或导入数据库
synb1_txn_7d32ebe349b2b7de4651cd6f,2025-08-30T09:00:00,流出,23800.60,备件到货后按供应合同付款,仅供人工查看；不得作为模型输入或导入数据库
synb1_txn_a48b5bb57abcf95b1094c45f,2025-08-30T15:00:00,流入,4068.57,客户交付验收后的合同回款,仅供人工查看；不得作为模型输入或导入数据库
synb1_txn_f12d6907e3a1fec617106e65,2025-08-30T15:00:00,流入,32241.37,客户交付验收后的合同回款,仅供人工查看；不得作为模型输入或导入数据库
synb1_txn_6a510b36d3ba7071a59732fd,2025-08-31T15:00:00,流入,10058.02,客户交付验收后的合同回款,仅供人工查看；不得作为模型输入或导入数据库
synb1_txn_8906e79760e85769d36c7c04,2025-09-01T09:00:00,流出,32556.10,备件到货后按供应合同付款,仅供人工查看；不得作为模型输入或导入数据库
synb1_txn_8e1e8c0de35233d8b3c83fdc,2025-09-01T15:00:00,流入,12967.87,客户交付验收后的合同回款,仅供人工查看；不得作为模型输入或导入数据库
synb1_txn_6c96f9058619b3b1dfb0651a,2025-09-02T15:00:00,流入,30979.87,客户交付验收后的合同回款,仅供人工查看；不得作为模型输入或导入数据库
synb1_txn_cda5908efdb7faa9d65fb77d,2025-09-03T09:00:00,流出,37221.05,固定场地租赁付款,仅供人工查看；不得作为模型输入或导入数据库
synb1_txn_f5dca9cd110b12344bf95c6e,2025-09-03T15:00:00,流入,9662.92,客户交付验收后的合同回款,仅供人工查看；不得作为模型输入或导入数据库
synb1_txn_30f5f1377f18dea076256174,2025-09-03T15:00:00,流入,28448.27,客户交付验收后的合同回款,仅供人工查看；不得作为模型输入或导入数据库
synb1_txn_ad2f2563dfc7658c0b45ec89,2025-09-04T15:00:00,流入,13829.83,客户交付验收后的合同回款,仅供人工查看；不得作为模型输入或导入数据库
synb1_txn_d79a92a55c2f7bddf4236ca4,2025-09-05T09:00:00,流出,22710.40,备件到货后按供应合同付款,仅供人工查看；不得作为模型输入或导入数据库
synb1_txn_cd9577ad4377874536f7f5ad,2025-09-05T15:00:00,流入,25935.75,客户交付验收后的合同回款,仅供人工查看；不得作为模型输入或导入数据库
synb1_txn_3b7b6996ed61a01f300db563,2025-09-06T15:00:00,流入,24457.79,客户交付验收后的合同回款,仅供人工查看；不得作为模型输入或导入数据库
synb1_txn_f0c94dcd7c1f3180f12e67e4,2025-09-07T09:00:00,流出,160991.30,持续服务班组工资,仅供人工查看；不得作为模型输入或导入数据库
synb1_txn_717258534ae3d4da855c2d84,2025-09-07T09:00:00,流出,23398.60,备件到货后按供应合同付款,仅供人工查看；不得作为模型输入或导入数据库
synb1_txn_48fb2deafef3f3f6eb11ac35,2025-09-07T15:00:00,流入,39827.58,客户交付验收后的合同回款,仅供人工查看；不得作为模型输入或导入数据库
synb1_txn_59156e926a8e13f52d63c7bc,2025-09-08T09:00:00,流出,6488.68,备件到货后按供应合同付款,仅供人工查看；不得作为模型输入或导入数据库
synb1_txn_a30536b535e6e26ba4cfadce,2025-09-09T15:00:00,流入,18155.02,客户交付验收后的合同回款,仅供人工查看；不得作为模型输入或导入数据库
synb1_txn_9f94c485c5431a6452c0cda2,2025-09-09T15:00:00,流入,14512.47,客户交付验收后的合同回款,仅供人工查看；不得作为模型输入或导入数据库
synb1_txn_c5252458112fa573d32b615f,2025-09-10T09:00:00,流出,18941.72,备件到货后按供应合同付款,仅供人工查看；不得作为模型输入或导入数据库
synb1_txn_10e5fff1003f3644437da9ae,2025-09-10T15:00:00,流入,29349.35,客户交付验收后的合同回款,仅供人工查看；不得作为模型输入或导入数据库
synb1_txn_067a43c60a0d65ee4028407c,2025-09-11T09:00:00,流出,18654.97,备件到货后按供应合同付款,仅供人工查看；不得作为模型输入或导入数据库
synb1_txn_6308f37db00a6352640b3fac,2025-09-11T15:00:00,流入,53103.44,客户交付验收后的合同回款,仅供人工查看；不得作为模型输入或导入数据库
synb1_txn_fffc14ceba4754ee7680bee8,2025-09-13T09:00:00,流出,27855.47,备件到货后按供应合同付款,仅供人工查看；不得作为模型输入或导入数据库
synb1_txn_93e946610bafc204a0b4acea,2025-09-13T15:00:00,流入,25935.75,客户交付验收后的合同回款,仅供人工查看；不得作为模型输入或导入数据库
synb1_txn_d477fdf925ad63efb8dc1cfa,2025-09-13T15:00:00,流入,31443.68,客户交付验收后的合同回款,仅供人工查看；不得作为模型输入或导入数据库
synb1_txn_33e1161afd7adb6dfc92c942,2025-09-14T09:00:00,流出,21088.25,备件到货后按供应合同付款,仅供人工查看；不得作为模型输入或导入数据库
synb1_txn_dfedee279bc9a58496c09992,2025-09-14T15:00:00,流入,39132.46,客户交付验收后的合同回款,仅供人工查看；不得作为模型输入或导入数据库
synb1_txn_2d0901006082a9776640ca43,2025-09-15T15:00:00,流入,51206.89,客户交付验收后的合同回款,仅供人工查看；不得作为模型输入或导入数据库
synb1_txn_c842e13ce44ad6cbf95520bb,2025-09-16T09:00:00,流出,13370.64,备件到货后按供应合同付款,仅供人工查看；不得作为模型输入或导入数据库
synb1_txn_bebc4c1a740c88dfe36e9d9a,2025-09-17T15:00:00,流入,31122.90,客户交付验收后的合同回款,仅供人工查看；不得作为模型输入或导入数据库
synb1_txn_a312188278df0682288152b2,2025-09-17T15:00:00,流入,19349.96,客户交付验收后的合同回款,仅供人工查看；不得作为模型输入或导入数据库
synb1_txn_63a9a93d2350df95a3f399fe,2025-09-18T09:00:00,流出,26741.25,备件到货后按供应合同付款,仅供人工查看；不得作为模型输入或导入数据库
synb1_txn_0e16a02529f6091ec225ec07,2025-09-18T15:00:00,流入,32610.39,客户交付验收后的合同回款,仅供人工查看；不得作为模型输入或导入数据库
synb1_txn_baaeabe63e12ee3dad5a44cd,2025-09-19T15:00:00,流入,20862.06,客户交付验收后的合同回款,仅供人工查看；不得作为模型输入或导入数据库
synb1_txn_19b17876f63b635d149a0cf2,2025-09-19T15:00:00,流入,29964.15,客户交付验收后的合同回款,仅供人工查看；不得作为模型输入或导入数据库
synb1_txn_abccc963f972b842b8c6c8ef,2025-09-20T09:00:00,流出,12097.23,备件到货后按供应合同付款,仅供人工查看；不得作为模型输入或导入数据库
synb1_txn_6f36e29f90378abe28340a12,2025-09-21T09:00:00,流出,23398.60,备件到货后按供应合同付款,仅供人工查看；不得作为模型输入或导入数据库
synb1_txn_6a6224bddc6f71d4f69440bb,2025-09-21T15:00:00,流入,36310.05,客户交付验收后的合同回款,仅供人工查看；不得作为模型输入或导入数据库
synb1_txn_450a4afd559ecf30ddec0e56,2025-09-21T15:00:00,流入,32653.06,客户交付验收后的合同回款,仅供人工查看；不得作为模型输入或导入数据库
synb1_txn_b3488019f8249fd4bc25fcab,2025-09-22T15:00:00,流入,30979.87,客户交付验收后的合同回款,仅供人工查看；不得作为模型输入或导入数据库
synb1_txn_0848a68cfcb47ed3f07f4d90,2025-09-23T09:00:00,流出,31755.24,备件到货后按供应合同付款,仅供人工查看；不得作为模型输入或导入数据库
synb1_txn_561344b998c29a285621fdbb,2025-09-23T15:00:00,流入,45517.31,客户交付验收后的合同回款,仅供人工查看；不得作为模型输入或导入数据库
synb1_txn_6909f7d41c4aa87d23ae749e,2025-09-23T15:00:00,流入,17122.37,客户交付验收后的合同回款,仅供人工查看；不得作为模型输入或导入数据库
synb1_txn_b2feb05104c37827ffe89402,2025-09-24T09:00:00,流出,8913.75,备件到货后按供应合同付款,仅供人工查看；不得作为模型输入或导入数据库
synb1_txn_970847f88bb3efce22cb635a,2025-09-25T09:00:00,流出,54405.94,合规、技术支持及外部服务费,仅供人工查看；不得作为模型输入或导入数据库
synb1_txn_65109660f7bfc14ec837489b,2025-09-25T15:00:00,流入,25935.75,客户交付验收后的合同回款,仅供人工查看；不得作为模型输入或导入数据库
synb1_txn_5082933361a96195e8c62505,2025-09-25T15:00:00,流入,22978.07,客户交付验收后的合同回款,仅供人工查看；不得作为模型输入或导入数据库
synb1_txn_fe8ab1c7845bca67b22d67e3,2025-09-26T09:00:00,流出,33267.39,备件到货后按供应合同付款,仅供人工查看；不得作为模型输入或导入数据库
synb1_txn_4a4c73adc85ff2d71f1a6543,2025-09-26T15:00:00,流入,44024.02,客户交付验收后的合同回款,仅供人工查看；不得作为模型输入或导入数据库
synb1_txn_e17340d2f7f237330665e4b3,2025-09-27T09:00:00,流出,30083.93,备件到货后按供应合同付款,仅供人工查看；不得作为模型输入或导入数据库
synb1_txn_fae82e7557f94c62437dbf67,2025-09-27T15:00:00,流入,34244.75,客户交付验收后的合同回款,仅供人工查看；不得作为模型输入或导入数据库
synb1_txn_cfc626eb6229cfd41a455d10,2025-09-28T09:00:00,流出,36458.70,缴纳企业所得税,仅供人工查看；不得作为模型输入或导入数据库
synb1_txn_caa812b0c0effaf5b7f32341,2025-09-28T09:00:00,流出,11000.00,缴纳模拟增值税,仅供人工查看；不得作为模型输入或导入数据库
synb1_txn_81eb8e257f0e90fa6c4b05ce,2025-09-28T09:00:00,流出,1320.00,缴纳附加税,仅供人工查看；不得作为模型输入或导入数据库
synb1_txn_37ca07709a80e6dd6a25aa92,2025-09-29T09:00:00,流出,28730.95,备件到货后按供应合同付款,仅供人工查看；不得作为模型输入或导入数据库
synb1_txn_2fd1ea1c9ab724e46332ca51,2025-09-29T15:00:00,流入,33716.47,客户交付验收后的合同回款,仅供人工查看；不得作为模型输入或导入数据库
synb1_txn_3c7938912d8a6bf5e7952090,2025-09-29T15:00:00,流入,22978.07,客户交付验收后的合同回款,仅供人工查看；不得作为模型输入或导入数据库
synb1_txn_fd91c91dd6c7cb3ffd33f2a0,2025-09-29T15:00:00,流入,49754.18,客户交付验收后的合同回款,仅供人工查看；不得作为模型输入或导入数据库
synb1_txn_24d651873ed055174a13a90f,2025-09-30T09:00:00,流出,26462.71,备件到货后按供应合同付款,仅供人工查看；不得作为模型输入或导入数据库
synb1_txn_46c50c3b4eb17413c9eb8e9a,2025-09-30T15:00:00,流入,35871.43,客户交付验收后的合同回款,仅供人工查看；不得作为模型输入或导入数据库
synb1_txn_127a640298c08af34ad65147,2025-10-01T15:00:00,流入,34244.75,客户交付验收后的合同回款,仅供人工查看；不得作为模型输入或导入数据库
synb1_txn_8ea8457b30572cbcaa143afa,2025-10-02T09:00:00,流出,28263.11,备件到货后按供应合同付款,仅供人工查看；不得作为模型输入或导入数据库
synb1_txn_aae0d3a06e496bdeb08fe39a,2025-10-03T09:00:00,流出,37221.05,固定场地租赁付款,仅供人工查看；不得作为模型输入或导入数据库
synb1_txn_fcb636773321bc085769bd8d,2025-10-03T09:00:00,流出,45155.19,备件到货后按供应合同付款,仅供人工查看；不得作为模型输入或导入数据库
synb1_txn_6f9246459e2eaab8e408b315,2025-10-03T09:00:00,流出,27855.48,备件到货后按供应合同付款,仅供人工查看；不得作为模型输入或导入数据库
synb1_txn_b5d3dd163ee648611a67aa0b,2025-10-03T15:00:00,流入,19451.85,客户交付验收后的合同回款,仅供人工查看；不得作为模型输入或导入数据库
synb1_txn_17a63cfe38906ea788225874,2025-10-03T15:00:00,流入,9674.98,客户交付验收后的合同回款,仅供人工查看；不得作为模型输入或导入数据库
synb1_txn_6b9cff336d5fc93d0092bfec,2025-10-03T15:00:00,流入,34611.60,客户交付验收后的合同回款,仅供人工查看；不得作为模型输入或导入数据库
synb1_txn_263bc8b907f80c6df2343c5e,2025-10-04T09:00:00,流出,15590.02,备件到货后按供应合同付款,仅供人工查看；不得作为模型输入或导入数据库
synb1_txn_cf926ee433fb83d94d23bf9b,2025-10-04T15:00:00,流入,24457.83,客户交付验收后的合同回款,仅供人工查看；不得作为模型输入或导入数据库
synb1_txn_f9ecae449d0b02618fb3c84a,2025-10-05T09:00:00,流出,21197.33,备件到货后按供应合同付款,仅供人工查看；不得作为模型输入或导入数据库
synb1_txn_e9f2e85749bcb3391371b91a,2025-10-05T15:00:00,流入,29964.15,客户交付验收后的合同回款,仅供人工查看；不得作为模型输入或导入数据库
synb1_txn_e4b04d932fc322399474c2d9,2025-10-06T09:00:00,流出,38704.45,备件到货后按供应合同付款,仅供人工查看；不得作为模型输入或导入数据库
synb1_txn_0b1b4d930a2d3400e1d893e8,2025-10-06T09:00:00,流出,15320.51,备件到货后按供应合同付款,仅供人工查看；不得作为模型输入或导入数据库
synb1_txn_3628d7d4b781ec5513382563,2025-10-07T09:00:00,流出,160991.30,持续服务班组工资,仅供人工查看；不得作为模型输入或导入数据库
synb1_txn_a6257887c764a4a07e02b91e,2025-10-07T09:00:00,流出,23984.65,备件到货后按供应合同付款,仅供人工查看；不得作为模型输入或导入数据库
synb1_txn_fd141c342904b244c8d66135,2025-10-07T15:00:00,流入,26606.19,客户交付验收后的合同回款,仅供人工查看；不得作为模型输入或导入数据库
synb1_txn_a63fbecb8309d78f6d25a245,2025-10-07T15:00:00,流入,21632.25,客户交付验收后的合同回款,仅供人工查看；不得作为模型输入或导入数据库
synb1_txn_4781e5bad59b3d3d67f6be7d,2025-10-08T09:00:00,流出,49460.45,备件到货后按供应合同付款,仅供人工查看；不得作为模型输入或导入数据库
synb1_txn_4239e0cb01f443e987cab802,2025-10-09T09:00:00,流出,17739.54,备件到货后按供应合同付款,仅供人工查看；不得作为模型输入或导入数据库
synb1_txn_f084d3e62ea7f55a5b6d5f7f,2025-10-09T09:00:00,流出,36212.15,备件到货后按供应合同付款,仅供人工查看；不得作为模型输入或导入数据库
synb1_txn_b002f294dde08231ac4f1dc4,2025-10-09T15:00:00,流入,34244.75,客户交付验收后的合同回款,仅供人工查看；不得作为模型输入或导入数据库
synb1_txn_b0b7975c0d0d887a5c168dc4,2025-10-10T09:00:00,流出,32379.28,备件到货后按供应合同付款,仅供人工查看；不得作为模型输入或导入数据库
synb1_txn_22fb63bd2ecf0c52184fabe8,2025-10-11T09:00:00,流出,45927.59,备件到货后按供应合同付款,仅供人工查看；不得作为模型输入或导入数据库
synb1_txn_65d23a94b030eb97ad8554dd,2025-10-11T15:00:00,流入,22978.07,客户交付验收后的合同回款,仅供人工查看；不得作为模型输入或导入数据库
synb1_txn_41d134d696bf4d01a441a8b7,2025-10-11T15:00:00,流入,30285.15,客户交付验收后的合同回款,仅供人工查看；不得作为模型输入或导入数据库
synb1_txn_6ffa5e4a7102c038f2dbdefa,2025-10-12T09:00:00,流出,20964.92,备件到货后按供应合同付款,仅供人工查看；不得作为模型输入或导入数据库
synb1_txn_1ba18090c5d3e37347e3dae0,2025-10-13T09:00:00,流出,20386.96,备件到货后按供应合同付款,仅供人工查看；不得作为模型输入或导入数据库
synb1_txn_4d6d388298c717ff984264fb,2025-10-13T15:00:00,流入,27823.86,客户交付验收后的合同回款,仅供人工查看；不得作为模型输入或导入数据库
synb1_txn_15be8571791f1514e4ca4a46,2025-10-15T09:00:00,流出,28781.58,备件到货后按供应合同付款,仅供人工查看；不得作为模型输入或导入数据库
synb1_txn_77d1378d4803c87f31e02ae8,2025-10-15T15:00:00,流入,20559.33,客户交付验收后的合同回款,仅供人工查看；不得作为模型输入或导入数据库
synb1_txn_40803fdb8712ef049b350ef2,2025-10-15T15:00:00,流入,49754.18,客户交付验收后的合同回款,仅供人工查看；不得作为模型输入或导入数据库
synb1_txn_0c857163dd31ef2cafd8d972,2025-10-17T15:00:00,流入,17122.37,客户交付验收后的合同回款,仅供人工查看；不得作为模型输入或导入数据库
synb1_txn_2d16cbe1a92749f0195f1971,2025-10-17T15:00:00,流入,16345.82,客户交付验收后的合同回款,仅供人工查看；不得作为模型输入或导入数据库
synb1_txn_aaf0af33c1b5950be127e820,2025-10-18T09:00:00,流出,30474.61,备件到货后按供应合同付款,仅供人工查看；不得作为模型输入或导入数据库
synb1_txn_7e7fffe368587a50539c06dd,2025-10-18T15:00:00,流入,20536.65,客户交付验收后的合同回款,仅供人工查看；不得作为模型输入或导入数据库
synb1_txn_27862f09479267a18bc9ab09,2025-10-19T15:00:00,流入,30234.31,客户交付验收后的合同回款,仅供人工查看；不得作为模型输入或导入数据库
synb1_txn_971bd83c30c7ad41ca4c1c3c,2025-10-19T15:00:00,流入,60570.30,客户交付验收后的合同回款,仅供人工查看；不得作为模型输入或导入数据库
synb1_txn_653aaec532374b4428f733cb,2025-10-21T09:00:00,流出,37246.75,备件到货后按供应合同付款,仅供人工查看；不得作为模型输入或导入数据库
synb1_txn_2bccc0a17bc452c8cf177287,2025-10-21T15:00:00,流入,42805.93,客户交付验收后的合同回款,仅供人工查看；不得作为模型输入或导入数据库
synb1_txn_bf53968d334e940c15f4a62c,2025-10-21T15:00:00,流入,22289.76,客户交付验收后的合同回款,仅供人工查看；不得作为模型输入或导入数据库
synb1_txn_9c2ea8fa169edec92069e2d4,2025-10-22T15:00:00,流入,30015.11,客户交付验收后的合同回款,仅供人工查看；不得作为模型输入或导入数据库
synb1_txn_0cde4c4033e126a1b18f17d9,2025-10-23T15:00:00,流入,25396.88,客户交付验收后的合同回款,仅供人工查看；不得作为模型输入或导入数据库
synb1_txn_6414beeb250fc199b5027191,2025-10-23T15:00:00,流入,36774.82,客户交付验收后的合同回款,仅供人工查看；不得作为模型输入或导入数据库
synb1_txn_819c790e874414c74864817b,2025-10-24T09:00:00,流出,33860.70,备件到货后按供应合同付款,仅供人工查看；不得作为模型输入或导入数据库
synb1_txn_b08ae1eb617c4f7f1519021c,2025-10-25T09:00:00,流出,54405.94,合规、技术支持及外部服务费,仅供人工查看；不得作为模型输入或导入数据库
synb1_txn_0b4e286c87d94c096f9c10a2,2025-10-25T15:00:00,流入,19262.67,客户交付验收后的合同回款,仅供人工查看；不得作为模型输入或导入数据库
synb1_txn_8aa729bf5df49aab39697316,2025-10-25T15:00:00,流入,23775.75,客户交付验收后的合同回款,仅供人工查看；不得作为模型输入或导入数据库
synb1_txn_208af8795457f5c68381f445,2025-10-26T15:00:00,流入,33174.60,客户交付验收后的合同回款,仅供人工查看；不得作为模型输入或导入数据库
synb1_txn_23b46f1cc70c7c27d539be9d,2025-10-27T09:00:00,流出,20055.94,备件到货后按供应合同付款,仅供人工查看；不得作为模型输入或导入数据库
synb1_txn_dc84076a2098412f51f7eb2a,2025-10-27T15:00:00,流入,32448.37,客户交付验收后的合同回款,仅供人工查看；不得作为模型输入或导入数据库
synb1_txn_b10ebd2bea7155b0b963beb5,2025-10-28T09:00:00,流出,36458.70,缴纳企业所得税,仅供人工查看；不得作为模型输入或导入数据库
synb1_txn_027c6fb1460451aca79ebb63,2025-10-28T09:00:00,流出,11000.00,缴纳模拟增值税,仅供人工查看；不得作为模型输入或导入数据库
synb1_txn_036ce16022bc9ec6d22e5452,2025-10-28T09:00:00,流出,1320.00,缴纳附加税,仅供人工查看；不得作为模型输入或导入数据库
synb1_txn_8f4954460528d25f310ffd19,2025-10-28T15:00:00,流入,44444.44,客户交付验收后的合同回款,仅供人工查看；不得作为模型输入或导入数据库
synb1_txn_878eded9ad140d2e76463663,2025-10-29T09:00:00,流出,35424.90,备件到货后按供应合同付款,仅供人工查看；不得作为模型输入或导入数据库
synb1_txn_1d965b2329a6291c01cc1fae,2025-10-29T15:00:00,流入,25683.56,客户交付验收后的合同回款,仅供人工查看；不得作为模型输入或导入数据库
synb1_txn_fe8bd24b903de07b86c72954,2025-10-29T15:00:00,流入,14859.84,客户交付验收后的合同回款,仅供人工查看；不得作为模型输入或导入数据库
synb1_txn_37767bdf38f3fa6c04c16546,2025-10-30T09:00:00,流出,10863.63,备件到货后按供应合同付款,仅供人工查看；不得作为模型输入或导入数据库
synb1_txn_96e5381ae8fdd91dfa47d8e5,2025-10-30T15:00:00,流入,31594.86,客户交付验收后的合同回款,仅供人工查看；不得作为模型输入或导入数据库
synb1_txn_1d2056594c733c9441964a42,2025-10-31T15:00:00,流入,56243.85,客户交付验收后的合同回款,仅供人工查看；不得作为模型输入或导入数据库
synb1_txn_653094af1ab214067467d677,2025-11-01T09:00:00,流出,31488.80,备件到货后按供应合同付款,仅供人工查看；不得作为模型输入或导入数据库
synb1_txn_abed02db95c87651f54c6ecb,2025-11-01T15:00:00,流入,42222.22,客户交付验收后的合同回款,仅供人工查看；不得作为模型输入或导入数据库
synb1_txn_3e02df8e6348f75a46247de0,2025-11-02T09:00:00,流出,11699.30,备件到货后按供应合同付款,仅供人工查看；不得作为模型输入或导入数据库
synb1_txn_a02260f05e51f7c77df9bd53,2025-11-02T15:00:00,流入,19262.72,客户交付验收后的合同回款,仅供人工查看；不得作为模型输入或导入数据库
synb1_txn_7ec384831f5df1a530469453,2025-11-02T15:00:00,流入,11887.87,客户交付验收后的合同回款,仅供人工查看；不得作为模型输入或导入数据库
synb1_txn_2d2350baf9c85726c201570f,2025-11-03T09:00:00,流出,37221.05,固定场地租赁付款,仅供人工查看；不得作为模型输入或导入数据库
synb1_txn_1d848e1e5cac6de8f31e86c6,2025-11-03T15:00:00,流入,31594.86,客户交付验收后的合同回款,仅供人工查看；不得作为模型输入或导入数据库
synb1_txn_30cc3aab3606ea7421ee7d1e,2025-11-04T09:00:00,流出,37392.95,备件到货后按供应合同付款,仅供人工查看；不得作为模型输入或导入数据库
synb1_txn_a91377b3e9216433c77ed723,2025-11-04T15:00:00,流入,28121.92,客户交付验收后的合同回款,仅供人工查看；不得作为模型输入或导入数据库
synb1_txn_71377a6fb826640749b4426c,2025-11-05T09:00:00,流出,22562.95,备件到货后按供应合同付款,仅供人工查看；不得作为模型输入或导入数据库
synb1_txn_6a04c661ed30c1f9ef526135,2025-11-05T15:00:00,流入,19999.99,客户交付验收后的合同回款,仅供人工查看；不得作为模型输入或导入数据库
synb1_txn_374d253f696767859df45742,2025-11-06T15:00:00,流入,19317.79,客户交付验收后的合同回款,仅供人工查看；不得作为模型输入或导入数据库
synb1_txn_d11f03aa14d0824e5a15a49b,2025-11-07T09:00:00,流出,160991.30,持续服务班组工资,仅供人工查看；不得作为模型输入或导入数据库
synb1_txn_d610d00f58fbd1ae602a14bd,2025-11-07T09:00:00,流出,31488.80,备件到货后按供应合同付款,仅供人工查看；不得作为模型输入或导入数据库
synb1_txn_e32ca91ec83fa4668a9ae608,2025-11-07T15:00:00,流入,15797.43,客户交付验收后的合同回款,仅供人工查看；不得作为模型输入或导入数据库
synb1_txn_8493ca148e899bfebc2d5b08,2025-11-08T15:00:00,流入,49754.18,客户交付验收后的合同回款,仅供人工查看；不得作为模型输入或导入数据库
synb1_txn_ffbd292a870ffde92141bf55,2025-11-09T15:00:00,流入,22222.22,客户交付验收后的合同回款,仅供人工查看；不得作为模型输入或导入数据库
synb1_txn_e300b967f5f749012ba24eba,2025-11-10T15:00:00,流入,29719.69,客户交付验收后的合同回款,仅供人工查看；不得作为模型输入或导入数据库
synb1_txn_d96702e12e4f2ad6a862590e,2025-11-11T15:00:00,流入,44232.80,客户交付验收后的合同回款,仅供人工查看；不得作为模型输入或导入数据库
synb1_txn_3078b2982880ebfcd9c7aa4d,2025-11-12T09:00:00,流出,15378.25,备件到货后按供应合同付款,仅供人工查看；不得作为模型输入或导入数据库
synb1_txn_f68036f2abbb97940f8208ed,2025-11-12T15:00:00,流入,38938.10,客户交付验收后的合同回款,仅供人工查看；不得作为模型输入或导入数据库
synb1_txn_4da465056e81f963c64764e8,2025-11-13T15:00:00,流入,44444.44,客户交付验收后的合同回款,仅供人工查看；不得作为模型输入或导入数据库
synb1_txn_02c625a711e653feb83802c3,2025-11-14T15:00:00,流入,28233.70,客户交付验收后的合同回款,仅供人工查看；不得作为模型输入或导入数据库
synb1_txn_8edc8eb8512b3614fe8ab00d,2025-11-15T09:00:00,流出,57837.39,备件到货后按供应合同付款,仅供人工查看；不得作为模型输入或导入数据库
synb1_txn_a27d1de3c539c04a109b5816,2025-11-15T09:00:00,流出,16916.07,备件到货后按供应合同付款,仅供人工查看；不得作为模型输入或导入数据库
synb1_txn_1798a437abfb16471ab8f979,2025-11-15T15:00:00,流入,15797.43,客户交付验收后的合同回款,仅供人工查看；不得作为模型输入或导入数据库
synb1_txn_285748461620ff74058b8420,2025-11-16T15:00:00,流入,19097.22,客户交付验收后的合同回款,仅供人工查看；不得作为模型输入或导入数据库
synb1_txn_192d5ae993e9a59d05dcc3f5,2025-11-17T09:00:00,流出,20593.15,备件到货后按供应合同付款,仅供人工查看；不得作为模型输入或导入数据库
synb1_txn_e4d69484f3fff21ec3a23cf9,2025-11-17T09:00:00,流出,64224.44,备件到货后按供应合同付款,仅供人工查看；不得作为模型输入或导入数据库
synb1_txn_0da5ea1f00d8674ba0194da4,2025-11-17T15:00:00,流入,37777.77,客户交付验收后的合同回款,仅供人工查看；不得作为模型输入或导入数据库
synb1_txn_8e06ebea2df8759d8aa02179,2025-11-18T09:00:00,流出,28918.69,备件到货后按供应合同付款,仅供人工查看；不得作为模型输入或导入数据库
synb1_txn_bcd2637261af7ffb9a060464,2025-11-18T09:00:00,流出,38445.62,备件到货后按供应合同付款,仅供人工查看；不得作为模型输入或导入数据库
synb1_txn_bd80a578e4e374b706923dee,2025-11-18T15:00:00,流入,41607.56,客户交付验收后的合同回款,仅供人工查看；不得作为模型输入或导入数据库
synb1_txn_f387e61258da1133f29d3fff,2025-11-19T09:00:00,流出,38555.47,备件到货后按供应合同付款,仅供人工查看；不得作为模型输入或导入数据库
synb1_txn_7b8647d1eac32b35bae6f0d9,2025-11-19T15:00:00,流入,28435.37,客户交付验收后的合同回款,仅供人工查看；不得作为模型输入或导入数据库
synb1_txn_dc1e15022207307303137050,2025-11-20T09:00:00,流出,21488.51,备件到货后按供应合同付款,仅供人工查看；不得作为模型输入或导入数据库
synb1_txn_f4d86b8525fbcc029618b3a5,2025-11-20T09:00:00,流出,59636.98,备件到货后按供应合同付款,仅供人工查看；不得作为模型输入或导入数据库
synb1_txn_1e1bc1eb3c682a64438048b5,2025-11-20T15:00:00,流入,51562.50,客户交付验收后的合同回款,仅供人工查看；不得作为模型输入或导入数据库
synb1_txn_1016662d87321ec95543a155,2025-11-21T09:00:00,流出,24787.45,备件到货后按供应合同付款,仅供人工查看；不得作为模型输入或导入数据库
synb1_txn_9e2eb08da45edc195cfae457,2025-11-21T09:00:00,流出,35369.99,备件到货后按供应合同付款,仅供人工查看；不得作为模型输入或导入数据库
synb1_txn_5b2db995654063da0064a078,2025-11-21T15:00:00,流入,35555.55,客户交付验收后的合同回款,仅供人工查看；不得作为模型输入或导入数据库
synb1_txn_8ed3ebe2fd8d882a1763df71,2025-11-22T09:00:00,流出,38555.47,备件到货后按供应合同付款,仅供人工查看；不得作为模型输入或导入数据库
synb1_txn_01e36a53cde84fa55c44c88b,2025-11-22T15:00:00,流入,41607.56,客户交付验收后的合同回款,仅供人工查看；不得作为模型输入或导入数据库
synb1_txn_e6ed5794725c629ac1771fe0,2025-11-23T09:00:00,流出,22383.86,备件到货后按供应合同付款,仅供人工查看；不得作为模型输入或导入数据库
synb1_txn_e4a654d709752b8319df2685,2025-11-23T09:00:00,流出,29818.49,备件到货后按供应合同付款,仅供人工查看；不得作为模型输入或导入数据库
synb1_txn_99d240163aa570b38d2382b2,2025-11-23T15:00:00,流入,15797.43,客户交付验收后的合同回款,仅供人工查看；不得作为模型输入或导入数据库
synb1_txn_26c76a939694ddb7d08fc59c,2025-11-24T09:00:00,流出,35115.58,备件到货后按供应合同付款,仅供人工查看；不得作为模型输入或导入数据库
synb1_txn_0e98f9be16307f01b597db09,2025-11-24T09:00:00,流出,20522.36,备件到货后按供应合同付款,仅供人工查看；不得作为模型输入或导入数据库
synb1_txn_82480996fbff41dbfd0af626,2025-11-24T15:00:00,流入,49652.77,客户交付验收后的合同回款,仅供人工查看；不得作为模型输入或导入数据库
synb1_txn_479b74adf767eb4f0501b526,2025-11-25T09:00:00,流出,54405.94,合规、技术支持及外部服务费,仅供人工查看；不得作为模型输入或导入数据库
synb1_txn_ac75efc703ba60a2e9d46d0a,2025-11-25T09:00:00,流出,23726.44,备件到货后按供应合同付款,仅供人工查看；不得作为模型输入或导入数据库
synb1_txn_3858a5a6989c45bd8c440d9b,2025-11-25T15:00:00,流入,62222.22,客户交付验收后的合同回款,仅供人工查看；不得作为模型输入或导入数据库
synb1_txn_4183d257c01763d6e0c26cd9,2025-11-26T09:00:00,流出,17011.75,备件到货后按供应合同付款,仅供人工查看；不得作为模型输入或导入数据库
synb1_txn_998692c2f797c3312c4060dd,2025-11-26T09:00:00,流出,20643.59,备件到货后按供应合同付款,仅供人工查看；不得作为模型输入或导入数据库
synb1_txn_15b3e0264aeae35912cf3423,2025-11-26T15:00:00,流入,17831.81,客户交付验收后的合同回款,仅供人工查看；不得作为模型输入或导入数据库
synb1_txn_9d0cba24870bda3bb6e23933,2025-11-26T15:00:00,流入,22000.00,客户交付验收后的合同回款,仅供人工查看；不得作为模型输入或导入数据库
synb1_txn_5061240946ac1c2202a295e6,2025-11-27T09:00:00,流出,29500.89,备件到货后按供应合同付款,仅供人工查看；不得作为模型输入或导入数据库
synb1_txn_8a1a3d3f41192eb31646c568,2025-11-27T15:00:00,流入,28435.37,客户交付验收后的合同回款,仅供人工查看；不得作为模型输入或导入数据库
synb1_txn_c89781eaf580bbd788f3e671,2025-11-27T15:00:00,流入,50395.92,客户交付验收后的合同回款,仅供人工查看；不得作为模型输入或导入数据库
synb1_txn_fdfdbd1baefe1a6e2a67dcaa,2025-11-28T09:00:00,流出,36458.70,缴纳企业所得税,仅供人工查看；不得作为模型输入或导入数据库
synb1_txn_3fbfbbadc1108535a5d7fa64,2025-11-28T09:00:00,流出,11000.00,缴纳模拟增值税,仅供人工查看；不得作为模型输入或导入数据库
synb1_txn_a9390558e2132e363405d726,2025-11-28T09:00:00,流出,1320.00,缴纳附加税,仅供人工查看；不得作为模型输入或导入数据库
synb1_txn_ddc48f76f1e8518656903a8f,2025-11-28T09:00:00,流出,35589.68,备件到货后按供应合同付款,仅供人工查看；不得作为模型输入或导入数据库
synb1_txn_d64bc80989c48013dd5b5054,2025-11-28T15:00:00,流入,21006.94,客户交付验收后的合同回款,仅供人工查看；不得作为模型输入或导入数据库
synb1_txn_d0c4ad37ed14001a93109b0d,2025-11-29T15:00:00,流入,42222.22,客户交付验收后的合同回款,仅供人工查看；不得作为模型输入或导入数据库
synb1_txn_9563a8f55a1841ed5bd12923,2025-11-30T09:00:00,流出,15391.77,备件到货后按供应合同付款,仅供人工查看；不得作为模型输入或导入数据库
synb1_txn_817ef21d060e4f8d8be13731,2025-11-30T15:00:00,流入,11887.94,客户交付验收后的合同回款,仅供人工查看；不得作为模型输入或导入数据库
synb1_txn_a7c02f726fa48e89bc5b9451,2025-11-30T15:00:00,流入,16500.00,客户交付验收后的合同回款,仅供人工查看；不得作为模型输入或导入数据库
synb1_txn_4bc8ca432d6d9321b30dbd18,2025-12-01T15:00:00,流入,36334.12,客户交付验收后的合同回款,仅供人工查看；不得作为模型输入或导入数据库
synb1_txn_7f8d39f39860e32a7872bdff,2025-12-01T15:00:00,流入,52262.44,客户交付验收后的合同回款,仅供人工查看；不得作为模型输入或导入数据库
synb1_txn_2f80678eb88600d9b3973a5c,2025-12-02T15:00:00,流入,34375.00,客户交付验收后的合同回款,仅供人工查看；不得作为模型输入或导入数据库
synb1_txn_88e681ff9e0adcc6f720367e,2025-12-03T09:00:00,流出,37221.05,固定场地租赁付款,仅供人工查看；不得作为模型输入或导入数据库
synb1_txn_105a27a90478644aa50d3efe,2025-12-03T09:00:00,流出,17957.07,备件到货后按供应合同付款,仅供人工查看；不得作为模型输入或导入数据库
synb1_txn_7c4ce086b261fd1f5119de47,2025-12-03T15:00:00,流入,48888.88,客户交付验收后的合同回款,仅供人工查看；不得作为模型输入或导入数据库
synb1_txn_d1fd21a349a9ba2010206586,2025-12-04T15:00:00,流入,26400.00,客户交付验收后的合同回款,仅供人工查看；不得作为模型输入或导入数据库
synb1_txn_c8f9a651cd9ae742d4945f59,2025-12-05T15:00:00,流入,18665.15,客户交付验收后的合同回款,仅供人工查看；不得作为模型输入或导入数据库
synb1_txn_64e9e7c816e53943eec4bdfd,2025-12-06T15:00:00,流入,28645.83,客户交付验收后的合同回款,仅供人工查看；不得作为模型输入或导入数据库
synb1_txn_c1d81df51da5a7ff0b02e236,2025-12-07T09:00:00,流出,160991.30,持续服务班组工资,仅供人工查看；不得作为模型输入或导入数据库
synb1_txn_381509cc58e52bfbdc42c97c,2025-12-07T15:00:00,流入,51111.11,客户交付验收后的合同回款,仅供人工查看；不得作为模型输入或导入数据库
synb1_txn_1908ec533135594b2f09b6bc,2025-12-08T15:00:00,流入,22000.00,客户交付验收后的合同回款,仅供人工查看；不得作为模型输入或导入数据库
synb1_txn_6b9176d41e18115c2de1e472,2025-12-09T09:00:00,流出,39421.14,备件到货后按供应合同付款,仅供人工查看；不得作为模型输入或导入数据库
synb1_txn_dc8ceda7704b28fa73673140,2025-12-09T15:00:00,流入,48529.41,客户交付验收后的合同回款,仅供人工查看；不得作为模型输入或导入数据库
synb1_txn_fa5f350a78d7eff345f73ddc,2025-12-10T15:00:00,流入,43923.61,客户交付验收后的合同回款,仅供人工查看；不得作为模型输入或导入数据库
synb1_txn_f70d413b5dea980d01c25167,2025-12-11T15:00:00,流入,37777.82,客户交付验收后的合同回款,仅供人工查看；不得作为模型输入或导入数据库
synb1_txn_d39cc237ea7ad1182fc6adce,2025-12-12T09:00:00,流出,33113.75,备件到货后按供应合同付款,仅供人工查看；不得作为模型输入或导入数据库
synb1_txn_c9cdd976e153ac52e08f29af,2025-12-12T15:00:00,流入,30800.00,客户交付验收后的合同回款,仅供人工查看；不得作为模型输入或导入数据库
synb1_txn_fcac3949b09f0beb54571869,2025-12-13T09:00:00,流出,25090.03,备件到货后按供应合同付款,仅供人工查看；不得作为模型输入或导入数据库
synb1_txn_9cfe8dd0c3629ccc6e6daa02,2025-12-13T15:00:00,流入,16798.64,客户交付验收后的合同回款,仅供人工查看；不得作为模型输入或导入数据库
synb1_txn_36e83e5c88dafdb2a16a3e10,2025-12-14T09:00:00,流出,39685.77,备件到货后按供应合同付款,仅供人工查看；不得作为模型输入或导入数据库
synb1_txn_e0c96a994ad40f3db04603fe,2025-12-14T15:00:00,流入,38194.44,客户交付验收后的合同回款,仅供人工查看；不得作为模型输入或导入数据库
synb1_txn_811fe24edde1b92810c460f2,2025-12-15T09:00:00,流出,13181.35,备件到货后按供应合同付款,仅供人工查看；不得作为模型输入或导入数据库
synb1_txn_d610c8d6afa32df50bc9d12b,2025-12-15T09:00:00,流出,18922.14,备件到货后按供应合同付款,仅供人工查看；不得作为模型输入或导入数据库
synb1_txn_6846b89438aa60208fbda012,2025-12-15T15:00:00,流入,46253.82,客户交付验收后的合同回款,仅供人工查看；不得作为模型输入或导入数据库
synb1_txn_0464a08818f8c2555c703b3f,2025-12-16T09:00:00,流出,29794.41,备件到货后按供应合同付款,仅供人工查看；不得作为模型输入或导入数据库
synb1_txn_8206c435c3ea7bfb3fcf3782,2025-12-16T09:00:00,流出,20224.48,备件到货后按供应合同付款,仅供人工查看；不得作为模型输入或导入数据库
synb1_txn_5fdbbcd6c10f4a62272a9f44,2025-12-16T15:00:00,流入,12100.00,客户交付验收后的合同回款,仅供人工查看；不得作为模型输入或导入数据库
synb1_txn_58dc9c03ec1c982083a02593,2025-12-17T09:00:00,流出,13228.59,备件到货后按供应合同付款,仅供人工查看；不得作为模型输入或导入数据库
synb1_txn_0c1c25a1ca5c5f8bbad32fd6,2025-12-17T15:00:00,流入,48529.41,客户交付验收后的合同回款,仅供人工查看；不得作为模型输入或导入数据库
synb1_txn_32e056965271f45d2f5c7bbf,2025-12-18T09:00:00,流出,16696.38,备件到货后按供应合同付款,仅供人工查看；不得作为模型输入或导入数据库
synb1_txn_8ffbd50022cbc8fa4d25069a,2025-12-18T09:00:00,流出,12614.78,备件到货后按供应合同付款,仅供人工查看；不得作为模型输入或导入数据库
synb1_txn_a5002592521b89ea0f51651b,2025-12-18T15:00:00,流入,24826.38,客户交付验收后的合同回款,仅供人工查看；不得作为模型输入或导入数据库
synb1_txn_99a81899977887fdcc8128d4,2025-12-19T09:00:00,流出,20385.65,备件到货后按供应合同付款,仅供人工查看；不得作为模型输入或导入数据库
synb1_txn_78284203421c6a7c44703518,2025-12-19T09:00:00,流出,30336.72,备件到货后按供应合同付款,仅供人工查看；不得作为模型输入或导入数据库
synb1_txn_73a600b1dea0623cb45c22f9,2025-12-19T15:00:00,流入,54663.60,客户交付验收后的合同回款,仅供人工查看；不得作为模型输入或导入数据库
synb1_txn_680ec0af622c21e5910e02d3,2025-12-20T09:00:00,流出,14882.16,备件到货后按供应合同付款,仅供人工查看；不得作为模型输入或导入数据库
synb1_txn_22d11952acab74c214c21e32,2025-12-20T15:00:00,流入,25300.00,客户交付验收后的合同回款,仅供人工查看；不得作为模型输入或导入数据库
synb1_txn_0c42522778a062c2260ffe64,2025-12-21T09:00:00,流出,15817.63,备件到货后按供应合同付款,仅供人工查看；不得作为模型输入或导入数据库
synb1_txn_48d5f586c6b08e6e6a61644e,2025-12-21T09:00:00,流出,33423.70,备件到货后按供应合同付款,仅供人工查看；不得作为模型输入或导入数据库
synb1_txn_d516909f56a7b599210634e6,2025-12-21T15:00:00,流入,29864.25,客户交付验收后的合同回款,仅供人工查看；不得作为模型输入或导入数据库
synb1_txn_eedf3afe315bb57b0bffad51,2025-12-22T09:00:00,流出,15681.28,备件到货后按供应合同付款,仅供人工查看；不得作为模型输入或导入数据库
synb1_txn_38a51396f96f2cf2b73bfa04,2025-12-22T09:00:00,流出,40448.96,备件到货后按供应合同付款,仅供人工查看；不得作为模型输入或导入数据库
synb1_txn_c80b5369172c41fada2bff0f,2025-12-22T15:00:00,流入,38194.44,客户交付验收后的合同回款,仅供人工查看；不得作为模型输入或导入数据库
synb1_txn_8c089268b72c2fd26632a24d,2025-12-23T09:00:00,流出,19842.90,备件到货后按供应合同付款,仅供人工查看；不得作为模型输入或导入数据库
synb1_txn_84b7faa2573ff04880ec1d76,2025-12-23T15:00:00,流入,16819.57,客户交付验收后的合同回款,仅供人工查看；不得作为模型输入或导入数据库
synb1_txn_2d9a18b4debd9cb972438e5e,2025-12-24T09:00:00,流出,14938.89,备件到货后按供应合同付款,仅供人工查看；不得作为模型输入或导入数据库
synb1_txn_9e59ff3897fc6b3068153623,2025-12-24T09:00:00,流出,33423.70,备件到货后按供应合同付款,仅供人工查看；不得作为模型输入或导入数据库
synb1_txn_68e93e7761642526bca36dcd,2025-12-24T15:00:00,流入,28600.00,客户交付验收后的合同回款,仅供人工查看；不得作为模型输入或导入数据库
synb1_txn_f39d166c708f918a60f73b11,2025-12-25T09:00:00,流出,54405.94,合规、技术支持及外部服务费,仅供人工查看；不得作为模型输入或导入数据库
synb1_txn_73e57e08d6524839ad99c451,2025-12-25T09:00:00,流出,18539.11,备件到货后按供应合同付款,仅供人工查看；不得作为模型输入或导入数据库
synb1_txn_493754637e6d1837ff3bd22a,2025-12-25T09:00:00,流出,30126.05,备件到货后按供应合同付款,仅供人工查看；不得作为模型输入或导入数据库
synb1_txn_35c7b0b9304f68f66286db81,2025-12-25T15:00:00,流入,24264.70,客户交付验收后的合同回款,仅供人工查看；不得作为模型输入或导入数据库
synb1_txn_7ea3f4a85f1e07c57469236c,2025-12-25T15:00:00,流入,38814.50,客户交付验收后的合同回款,仅供人工查看；不得作为模型输入或导入数据库
synb1_txn_3a0ad9dfee69a985f3643d2b,2025-12-26T15:00:00,流入,32465.27,客户交付验收后的合同回款,仅供人工查看；不得作为模型输入或导入数据库
synb1_txn_21d7e89ad098539a9505060a,2025-12-27T09:00:00,流出,40689.73,备件到货后按供应合同付款,仅供人工查看；不得作为模型输入或导入数据库
synb1_txn_bd8d002a6e8d05c5e9c579db,2025-12-27T15:00:00,流入,16819.57,客户交付验收后的合同回款,仅供人工查看；不得作为模型输入或导入数据库
synb1_txn_48a37d81506d0b31a300bfd0,2025-12-28T09:00:00,流出,33297.21,备件到货后按供应合同付款,仅供人工查看；不得作为模型输入或导入数据库
synb1_txn_6471593c3afbc3a69943163d,2025-12-28T15:00:00,流入,17600.00,客户交付验收后的合同回款,仅供人工查看；不得作为模型输入或导入数据库
synb1_txn_c9deafe11111aca33f1c3862,2025-12-29T09:00:00,流出,36458.70,缴纳企业所得税,仅供人工查看；不得作为模型输入或导入数据库
synb1_txn_d7802c4d8d3b7605f12c5517,2025-12-29T09:00:00,流出,11000.00,缴纳模拟增值税,仅供人工查看；不得作为模型输入或导入数据库
synb1_txn_0a0652e95b51599d65eb9ca2,2025-12-29T09:00:00,流出,1320.00,缴纳附加税,仅供人工查看；不得作为模型输入或导入数据库
synb1_txn_97a2a8c770fd4b0137201cf6,2025-12-29T15:00:00,流入,27997.73,客户交付验收后的合同回款,仅供人工查看；不得作为模型输入或导入数据库
synb1_txn_564f6009e8043fe7d5b8ffce,2025-12-29T15:00:00,流入,40502.09,客户交付验收后的合同回款,仅供人工查看；不得作为模型输入或导入数据库
synb1_txn_fa297df5c81087b5e9f580dd,2025-12-30T09:00:00,流出,34876.93,备件到货后按供应合同付款,仅供人工查看；不得作为模型输入或导入数据库
synb1_txn_6d0b8f285038d99ade73f61d,2025-12-30T15:00:00,流入,30555.60,客户交付验收后的合同回款,仅供人工查看；不得作为模型输入或导入数据库
synb1_txn_a8c935e5c70f98c48a4b92ce,2025-12-31T09:00:00,流出,42810.70,备件到货后按供应合同付款,仅供人工查看；不得作为模型输入或导入数据库
synb1_txn_aa8947f8d2e39f7e39a96ab1,2025-12-31T15:00:00,流入,31536.69,客户交付验收后的合同回款,仅供人工查看；不得作为模型输入或导入数据库
