calendar_date,inflow_cny,outflow_cny,transaction_count,ending_balance_cny,day_cut_basis,source_last_transaction_id,reconciliation_status,calendar_source,calendar_inference_status,is_bank_workday,business_step,target_date,execution_status
2024-01-01,3080000.00,0.00,1,3080000.00,last_posted_transaction_or_prior_closing_balance,synb1_txn_bf9ac117f551a9a7fb59535c,trusted,cn_public_2022_2026_cycles_1_0,public_schedule_without_transaction_override,False,,,complete
2024-01-02,0.00,0.00,0,3080000.00,last_posted_transaction_or_prior_closing_balance,,trusted,cn_public_2022_2026_cycles_1_0,public_schedule_without_transaction_override,True,1,2024-01-03,complete
2024-01-03,0.00,0.00,0,3080000.00,last_posted_transaction_or_prior_closing_balance,,trusted,cn_public_2022_2026_cycles_1_0,public_schedule_without_transaction_override,True,2,2024-01-04,complete
2024-01-04,31306.39,0.00,1,3111306.39,last_posted_transaction_or_prior_closing_balance,synb1_txn_a1ff11b1c384174ba5c59c26,trusted,cn_public_2022_2026_cycles_1_0,public_schedule_without_transaction_override,True,3,2024-01-05,complete
2024-01-05,61241.09,19500.00,2,3153047.48,last_posted_transaction_or_prior_closing_balance,synb1_txn_8e32f6d26dc48daba64c3576,trusted,cn_public_2022_2026_cycles_1_0,public_schedule_without_transaction_override,True,4,2024-01-08,complete
2024-01-06,0.00,3643.69,1,3149403.79,last_posted_transaction_or_prior_closing_balance,synb1_txn_9a32c21f6e01ed67c4a07531,trusted,cn_public_2022_2026_cycles_1_0,public_schedule_without_transaction_override,False,,,complete
2024-01-07,0.00,92699.50,2,3056704.29,last_posted_transaction_or_prior_closing_balance,synb1_txn_0e356250f64f793ff22419b7,trusted,cn_public_2022_2026_cycles_1_0,public_schedule_without_transaction_override,False,,,complete
2024-01-08,122220.96,0.00,1,3178925.25,last_posted_transaction_or_prior_closing_balance,synb1_txn_71a1eeb526e7892f25fad1dc,trusted,cn_public_2022_2026_cycles_1_0,public_schedule_without_transaction_override,True,5,2024-01-09,complete
2024-01-09,0.00,0.00,0,3178925.25,last_posted_transaction_or_prior_closing_balance,,trusted,cn_public_2022_2026_cycles_1_0,public_schedule_without_transaction_override,True,6,2024-01-10,complete
2024-01-10,0.00,0.00,0,3178925.25,last_posted_transaction_or_prior_closing_balance,,trusted,cn_public_2022_2026_cycles_1_0,public_schedule_without_transaction_override,True,7,2024-01-11,complete
2024-01-11,0.00,0.00,0,3178925.25,last_posted_transaction_or_prior_closing_balance,,trusted,cn_public_2022_2026_cycles_1_0,public_schedule_without_transaction_override,True,8,2024-01-12,complete
2024-01-12,1714.53,0.00,1,3180639.78,last_posted_transaction_or_prior_closing_balance,synb1_txn_8d4954e88ad6ab929bdef446,trusted,cn_public_2022_2026_cycles_1_0,public_schedule_without_transaction_override,True,9,2024-01-15,complete
2024-01-13,0.00,0.00,0,3180639.78,last_posted_transaction_or_prior_closing_balance,,trusted,cn_public_2022_2026_cycles_1_0,public_schedule_without_transaction_override,False,,,complete
2024-01-14,0.00,279348.24,2,2901291.54,last_posted_transaction_or_prior_closing_balance,synb1_txn_7b2b4cfcb998a2070cba9ef2,trusted,cn_public_2022_2026_cycles_1_0,public_schedule_without_transaction_override,False,,,complete
2024-01-15,0.00,61753.83,1,2839537.71,last_posted_transaction_or_prior_closing_balance,synb1_txn_6a5b4d57cb2b8889f728d785,trusted,cn_public_2022_2026_cycles_1_0,public_schedule_without_transaction_override,True,10,2024-01-16,complete
2024-01-16,114398.03,0.00,1,2953935.74,last_posted_transaction_or_prior_closing_balance,synb1_txn_b2082032f19a0564c11c04fa,trusted,cn_public_2022_2026_cycles_1_0,public_schedule_without_transaction_override,True,11,2024-01-17,complete
2024-01-17,0.00,0.00,0,2953935.74,last_posted_transaction_or_prior_closing_balance,,trusted,cn_public_2022_2026_cycles_1_0,public_schedule_without_transaction_override,True,12,2024-01-18,complete
2024-01-18,0.00,94207.74,1,2859728.00,last_posted_transaction_or_prior_closing_balance,synb1_txn_10212412b2c80264a026b458,trusted,cn_public_2022_2026_cycles_1_0,public_schedule_without_transaction_override,True,13,2024-01-19,complete
2024-01-19,0.00,0.00,0,2859728.00,last_posted_transaction_or_prior_closing_balance,,trusted,cn_public_2022_2026_cycles_1_0,public_schedule_without_transaction_override,True,14,2024-01-22,complete
2024-01-20,0.00,247.00,1,2859481.00,last_posted_transaction_or_prior_closing_balance,synb1_txn_c6d17e3faa4f34e0a6356fca,trusted,cn_public_2022_2026_cycles_1_0,public_schedule_without_transaction_override,False,,,complete
2024-01-21,65119.00,0.00,1,2924600.00,last_posted_transaction_or_prior_closing_balance,synb1_txn_a50beedd5532c7de0738e4e9,trusted,cn_public_2022_2026_cycles_1_0,public_schedule_without_transaction_override,False,,,complete
2024-01-22,0.00,0.00,0,2924600.00,last_posted_transaction_or_prior_closing_balance,,trusted,cn_public_2022_2026_cycles_1_0,public_schedule_without_transaction_override,True,15,2024-01-23,complete
2024-01-23,0.00,270000.00,1,2654600.00,last_posted_transaction_or_prior_closing_balance,synb1_txn_47af933020a2b0166b258059,trusted,cn_public_2022_2026_cycles_1_0,public_schedule_without_transaction_override,True,16,2024-01-24,complete
2024-01-24,0.00,0.00,0,2654600.00,last_posted_transaction_or_prior_closing_balance,,trusted,cn_public_2022_2026_cycles_1_0,public_schedule_without_transaction_override,True,17,2024-01-25,complete
2024-01-25,0.00,0.00,0,2654600.00,last_posted_transaction_or_prior_closing_balance,,trusted,cn_public_2022_2026_cycles_1_0,public_schedule_without_transaction_override,True,18,2024-01-26,complete
2024-01-26,0.00,0.00,0,2654600.00,last_posted_transaction_or_prior_closing_balance,,trusted,cn_public_2022_2026_cycles_1_0,public_schedule_without_transaction_override,True,19,2024-01-29,complete
2024-01-27,0.00,0.00,0,2654600.00,last_posted_transaction_or_prior_closing_balance,,trusted,cn_public_2022_2026_cycles_1_0,public_schedule_without_transaction_override,False,,,complete
2024-01-28,0.00,0.00,0,2654600.00,last_posted_transaction_or_prior_closing_balance,,trusted,cn_public_2022_2026_cycles_1_0,public_schedule_without_transaction_override,False,,,complete
2024-01-29,0.00,0.00,0,2654600.00,last_posted_transaction_or_prior_closing_balance,,trusted,cn_public_2022_2026_cycles_1_0,public_schedule_without_transaction_override,True,20,2024-01-30,complete
2024-01-30,0.00,0.00,0,2654600.00,last_posted_transaction_or_prior_closing_balance,,trusted,cn_public_2022_2026_cycles_1_0,public_schedule_without_transaction_override,True,21,2024-01-31,complete
2024-01-31,0.00,0.00,0,2654600.00,last_posted_transaction_or_prior_closing_balance,,trusted,cn_public_2022_2026_cycles_1_0,public_schedule_without_transaction_override,True,22,2024-02-01,complete
2024-02-01,0.00,0.00,0,2654600.00,last_posted_transaction_or_prior_closing_balance,,trusted,cn_public_2022_2026_cycles_1_0,public_schedule_without_transaction_override,True,23,2024-02-02,complete
2024-02-02,0.00,0.00,0,2654600.00,last_posted_transaction_or_prior_closing_balance,,trusted,cn_public_2022_2026_cycles_1_0,public_schedule_without_transaction_override,True,24,2024-02-04,complete
2024-02-03,0.00,0.00,0,2654600.00,last_posted_transaction_or_prior_closing_balance,,trusted,cn_public_2022_2026_cycles_1_0,public_schedule_without_transaction_override,False,,,complete
2024-02-04,0.00,0.00,0,2654600.00,last_posted_transaction_or_prior_closing_balance,,trusted,cn_public_2022_2026_cycles_1_0,public_schedule_without_transaction_override,True,25,2024-02-05,complete
2024-02-05,0.00,19500.00,1,2635100.00,last_posted_transaction_or_prior_closing_balance,synb1_txn_aa7db69294b9603c2fb0092a,trusted,cn_public_2022_2026_cycles_1_0,public_schedule_without_transaction_override,True,26,2024-02-06,complete
2024-02-06,0.00,0.00,0,2635100.00,last_posted_transaction_or_prior_closing_balance,,trusted,cn_public_2022_2026_cycles_1_0,public_schedule_without_transaction_override,True,27,2024-02-07,complete
2024-02-07,0.00,88675.06,2,2546424.94,last_posted_transaction_or_prior_closing_balance,synb1_txn_3d42253306e978ca90344e44,trusted,cn_public_2022_2026_cycles_1_0,public_schedule_without_transaction_override,True,28,2024-02-08,complete
2024-02-08,0.00,10667.39,1,2535757.55,last_posted_transaction_or_prior_closing_balance,synb1_txn_b10e73915483308de53bc5c2,trusted,cn_public_2022_2026_cycles_1_0,public_schedule_without_transaction_override,True,29,2024-02-09,complete
2024-02-09,0.00,0.00,0,2535757.55,last_posted_transaction_or_prior_closing_balance,,trusted,cn_public_2022_2026_cycles_1_0,public_schedule_without_transaction_override,True,30,2024-02-18,complete
2024-02-10,106572.88,0.00,1,2642330.43,last_posted_transaction_or_prior_closing_balance,synb1_txn_ad69fd0821c96bda46df7571,trusted,cn_public_2022_2026_cycles_1_0,public_schedule_without_transaction_override,False,,,complete
2024-02-11,0.00,0.00,0,2642330.43,last_posted_transaction_or_prior_closing_balance,,trusted,cn_public_2022_2026_cycles_1_0,public_schedule_without_transaction_override,False,,,complete
2024-02-12,0.00,60029.94,1,2582300.49,last_posted_transaction_or_prior_closing_balance,synb1_txn_e65b7019c03fcb90fecaea80,trusted,cn_public_2022_2026_cycles_1_0,public_schedule_without_transaction_override,False,,,complete
2024-02-13,0.00,0.00,0,2582300.49,last_posted_transaction_or_prior_closing_balance,,trusted,cn_public_2022_2026_cycles_1_0,public_schedule_without_transaction_override,False,,,complete
2024-02-14,0.00,388417.60,4,2193882.89,last_posted_transaction_or_prior_closing_balance,synb1_txn_06dc0afc2fc23b2b4111a2fa,trusted,cn_public_2022_2026_cycles_1_0,public_schedule_without_transaction_override,False,,,complete
2024-02-15,321283.63,5196.40,2,2509970.12,last_posted_transaction_or_prior_closing_balance,synb1_txn_4308fae8233b465c8824653b,trusted,cn_public_2022_2026_cycles_1_0,public_schedule_without_transaction_override,False,,,complete
2024-02-16,106790.73,0.00,1,2616760.85,last_posted_transaction_or_prior_closing_balance,synb1_txn_03189f623a41480e0378152a,trusted,cn_public_2022_2026_cycles_1_0,public_schedule_without_transaction_override,False,,,complete
2024-02-17,0.00,5783.84,1,2610977.01,last_posted_transaction_or_prior_closing_balance,synb1_txn_cbe25ab575cbee2387337cab,trusted,cn_public_2022_2026_cycles_1_0,public_schedule_without_transaction_override,False,,,complete
2024-02-18,0.00,22313.60,3,2588663.41,last_posted_transaction_or_prior_closing_balance,synb1_txn_73274275c1cd5bf6ba9cd40d,trusted,cn_public_2022_2026_cycles_1_0,public_schedule_without_transaction_override,True,31,2024-02-19,complete
2024-02-19,0.00,1504.28,1,2587159.13,last_posted_transaction_or_prior_closing_balance,synb1_txn_ea61a6f0185014219b6b3812,trusted,cn_public_2022_2026_cycles_1_0,public_schedule_without_transaction_override,True,32,2024-02-20,complete
2024-02-20,4143.49,285625.49,3,2305677.13,last_posted_transaction_or_prior_closing_balance,synb1_txn_3401410b14a23c2849ec3497,trusted,cn_public_2022_2026_cycles_1_0,public_schedule_without_transaction_override,True,33,2024-02-21,complete
2024-02-21,0.00,0.00,0,2305677.13,last_posted_transaction_or_prior_closing_balance,,trusted,cn_public_2022_2026_cycles_1_0,public_schedule_without_transaction_override,True,34,2024-02-22,complete
2024-02-22,28206.86,0.00,1,2333883.99,last_posted_transaction_or_prior_closing_balance,synb1_txn_80b712a95398231e38c1424b,trusted,cn_public_2022_2026_cycles_1_0,public_schedule_without_transaction_override,True,35,2024-02-23,complete
2024-02-23,1222.71,0.00,1,2335106.70,last_posted_transaction_or_prior_closing_balance,synb1_txn_357cc64ef993e710d8d39dc1,trusted,cn_public_2022_2026_cycles_1_0,public_schedule_without_transaction_override,True,36,2024-02-26,complete
2024-02-24,0.00,0.00,0,2335106.70,last_posted_transaction_or_prior_closing_balance,,trusted,cn_public_2022_2026_cycles_1_0,public_schedule_without_transaction_override,False,,,complete
2024-02-25,20263.99,0.00,1,2355370.69,last_posted_transaction_or_prior_closing_balance,synb1_txn_d35d3c2864d9ba3276243360,trusted,cn_public_2022_2026_cycles_1_0,public_schedule_without_transaction_override,False,,,complete
2024-02-26,107515.71,0.00,1,2462886.40,last_posted_transaction_or_prior_closing_balance,synb1_txn_66ca983325726ca45a9410d0,trusted,cn_public_2022_2026_cycles_1_0,public_schedule_without_transaction_override,True,37,2024-02-27,complete
2024-02-27,0.00,0.00,0,2462886.40,last_posted_transaction_or_prior_closing_balance,,trusted,cn_public_2022_2026_cycles_1_0,public_schedule_without_transaction_override,True,38,2024-02-28,complete
2024-02-28,0.00,0.00,0,2462886.40,last_posted_transaction_or_prior_closing_balance,,trusted,cn_public_2022_2026_cycles_1_0,public_schedule_without_transaction_override,True,39,2024-02-29,complete
2024-02-29,0.00,0.00,0,2462886.40,last_posted_transaction_or_prior_closing_balance,,trusted,cn_public_2022_2026_cycles_1_0,public_schedule_without_transaction_override,True,40,2024-03-01,complete
2024-03-01,0.00,0.00,0,2462886.40,last_posted_transaction_or_prior_closing_balance,,trusted,cn_public_2022_2026_cycles_1_0,public_schedule_without_transaction_override,True,41,2024-03-04,complete
2024-03-02,0.00,122124.54,1,2340761.86,last_posted_transaction_or_prior_closing_balance,synb1_txn_b8cab6e25b89e7ae6138b6ae,trusted,cn_public_2022_2026_cycles_1_0,public_schedule_without_transaction_override,False,,,complete
2024-03-03,68498.92,81731.49,2,2327529.29,last_posted_transaction_or_prior_closing_balance,synb1_txn_27912765b1d8ec27d049d1d3,trusted,cn_public_2022_2026_cycles_1_0,public_schedule_without_transaction_override,False,,,complete
2024-03-04,0.00,0.00,0,2327529.29,last_posted_transaction_or_prior_closing_balance,,trusted,cn_public_2022_2026_cycles_1_0,public_schedule_without_transaction_override,True,42,2024-03-05,complete
2024-03-05,45.09,37682.77,4,2289891.61,last_posted_transaction_or_prior_closing_balance,synb1_txn_aa3260e8ed750a1a35a4919c,trusted,cn_public_2022_2026_cycles_1_0,public_schedule_without_transaction_override,True,43,2024-03-06,complete
2024-03-06,38654.75,620.58,2,2327925.78,last_posted_transaction_or_prior_closing_balance,synb1_txn_467f9f130e159548288f0a9f,trusted,cn_public_2022_2026_cycles_1_0,public_schedule_without_transaction_override,True,44,2024-03-07,complete
2024-03-07,0.00,84000.00,1,2243925.78,last_posted_transaction_or_prior_closing_balance,synb1_txn_0ae12eccc1fd4d332a5281da,trusted,cn_public_2022_2026_cycles_1_0,public_schedule_without_transaction_override,True,45,2024-03-08,complete
2024-03-08,287954.91,0.00,2,2531880.69,last_posted_transaction_or_prior_closing_balance,synb1_txn_41097f6006ec4e46dbef2a9f,trusted,cn_public_2022_2026_cycles_1_0,public_schedule_without_transaction_override,True,46,2024-03-11,complete
2024-03-09,18673.51,0.00,2,2550554.20,last_posted_transaction_or_prior_closing_balance,synb1_txn_ef221b8aaaf24b6274fa4933,trusted,cn_public_2022_2026_cycles_1_0,public_schedule_without_transaction_override,False,,,complete
2024-03-10,191073.34,115175.92,3,2626451.62,last_posted_transaction_or_prior_closing_balance,synb1_txn_c440ddcac4576a742573e2f3,trusted,cn_public_2022_2026_cycles_1_0,public_schedule_without_transaction_override,False,,,complete
2024-03-11,0.00,0.00,0,2626451.62,last_posted_transaction_or_prior_closing_balance,,trusted,cn_public_2022_2026_cycles_1_0,public_schedule_without_transaction_override,True,47,2024-03-12,complete
2024-03-12,0.00,0.00,0,2626451.62,last_posted_transaction_or_prior_closing_balance,,trusted,cn_public_2022_2026_cycles_1_0,public_schedule_without_transaction_override,True,48,2024-03-13,complete
2024-03-13,0.00,0.00,0,2626451.62,last_posted_transaction_or_prior_closing_balance,,trusted,cn_public_2022_2026_cycles_1_0,public_schedule_without_transaction_override,True,49,2024-03-14,complete
2024-03-14,34524.06,21943.69,2,2639031.99,last_posted_transaction_or_prior_closing_balance,synb1_txn_ef32d9fc6b8aba1dd5791de3,trusted,cn_public_2022_2026_cycles_1_0,public_schedule_without_transaction_override,True,50,2024-03-15,complete
2024-03-15,48434.86,28701.45,2,2658765.40,last_posted_transaction_or_prior_closing_balance,synb1_txn_188ae4d6fc2e802729d59c0c,trusted,cn_public_2022_2026_cycles_1_0,public_schedule_without_transaction_override,True,51,2024-03-18,complete
2024-03-16,0.00,0.00,0,2658765.40,last_posted_transaction_or_prior_closing_balance,,trusted,cn_public_2022_2026_cycles_1_0,public_schedule_without_transaction_override,False,,,complete
2024-03-17,0.00,0.00,0,2658765.40,last_posted_transaction_or_prior_closing_balance,,trusted,cn_public_2022_2026_cycles_1_0,public_schedule_without_transaction_override,False,,,complete
2024-03-18,0.00,26451.20,3,2632314.20,last_posted_transaction_or_prior_closing_balance,synb1_txn_47cb28c80a5b4e05f95ff5db,trusted,cn_public_2022_2026_cycles_1_0,public_schedule_without_transaction_override,True,52,2024-03-19,complete
2024-03-19,0.00,68114.54,1,2564199.66,last_posted_transaction_or_prior_closing_balance,synb1_txn_2e1949efd9dc000e50e3571e,trusted,cn_public_2022_2026_cycles_1_0,public_schedule_without_transaction_override,True,53,2024-03-20,complete
2024-03-20,0.00,0.00,0,2564199.66,last_posted_transaction_or_prior_closing_balance,,trusted,cn_public_2022_2026_cycles_1_0,public_schedule_without_transaction_override,True,54,2024-03-21,complete
2024-03-21,0.00,0.00,0,2564199.66,last_posted_transaction_or_prior_closing_balance,,trusted,cn_public_2022_2026_cycles_1_0,public_schedule_without_transaction_override,True,55,2024-03-22,complete
2024-03-22,0.00,0.00,0,2564199.66,last_posted_transaction_or_prior_closing_balance,,trusted,cn_public_2022_2026_cycles_1_0,public_schedule_without_transaction_override,True,56,2024-03-25,complete
2024-03-23,0.00,0.00,0,2564199.66,last_posted_transaction_or_prior_closing_balance,,trusted,cn_public_2022_2026_cycles_1_0,public_schedule_without_transaction_override,False,,,complete
2024-03-24,0.00,0.00,0,2564199.66,last_posted_transaction_or_prior_closing_balance,,trusted,cn_public_2022_2026_cycles_1_0,public_schedule_without_transaction_override,False,,,complete
2024-03-25,0.00,0.00,0,2564199.66,last_posted_transaction_or_prior_closing_balance,,trusted,cn_public_2022_2026_cycles_1_0,public_schedule_without_transaction_override,True,57,2024-03-26,complete
2024-03-26,68140.56,0.00,1,2632340.22,last_posted_transaction_or_prior_closing_balance,synb1_txn_fdf0236012005e629f85f4ce,trusted,cn_public_2022_2026_cycles_1_0,public_schedule_without_transaction_override,True,58,2024-03-27,complete
2024-03-27,0.00,89305.02,1,2543035.20,last_posted_transaction_or_prior_closing_balance,synb1_txn_9f83f517753b23843fdc3117,trusted,cn_public_2022_2026_cycles_1_0,public_schedule_without_transaction_override,True,59,2024-03-28,complete
2024-03-28,0.00,0.00,0,2543035.20,last_posted_transaction_or_prior_closing_balance,,trusted,cn_public_2022_2026_cycles_1_0,public_schedule_without_transaction_override,True,60,2024-03-29,complete
2024-03-29,0.00,0.00,0,2543035.20,last_posted_transaction_or_prior_closing_balance,,trusted,cn_public_2022_2026_cycles_1_0,public_schedule_without_transaction_override,True,61,2024-04-01,complete
2024-03-30,0.00,0.00,0,2543035.20,last_posted_transaction_or_prior_closing_balance,,trusted,cn_public_2022_2026_cycles_1_0,public_schedule_without_transaction_override,False,,,complete
2024-03-31,0.00,0.00,0,2543035.20,last_posted_transaction_or_prior_closing_balance,,trusted,cn_public_2022_2026_cycles_1_0,public_schedule_without_transaction_override,False,,,complete
2024-04-01,0.00,0.00,0,2543035.20,last_posted_transaction_or_prior_closing_balance,,trusted,cn_public_2022_2026_cycles_1_0,public_schedule_without_transaction_override,True,62,2024-04-02,complete
2024-04-02,24547.94,0.00,1,2567583.14,last_posted_transaction_or_prior_closing_balance,synb1_txn_8a4598c08bcc974620d33a09,trusted,cn_public_2022_2026_cycles_1_0,public_schedule_without_transaction_override,True,63,2024-04-03,complete
2024-04-03,0.00,0.00,0,2567583.14,last_posted_transaction_or_prior_closing_balance,,trusted,cn_public_2022_2026_cycles_1_0,public_schedule_without_transaction_override,True,64,2024-04-07,complete
2024-04-04,0.00,0.00,0,2567583.14,last_posted_transaction_or_prior_closing_balance,,trusted,cn_public_2022_2026_cycles_1_0,public_schedule_without_transaction_override,False,,,complete
2024-04-05,0.00,19500.00,1,2548083.14,last_posted_transaction_or_prior_closing_balance,synb1_txn_1cabd8de19e2b056dd0b8777,trusted,cn_public_2022_2026_cycles_1_0,public_schedule_without_transaction_override,False,,,complete
2024-04-06,0.00,140589.95,1,2407493.19,last_posted_transaction_or_prior_closing_balance,synb1_txn_bbb1645a1bdb40ab1ae49007,trusted,cn_public_2022_2026_cycles_1_0,public_schedule_without_transaction_override,False,,,complete
2024-04-07,0.00,131466.80,2,2276026.39,last_posted_transaction_or_prior_closing_balance,synb1_txn_b02e7c5a528c6c718990847c,trusted,cn_public_2022_2026_cycles_1_0,public_schedule_without_transaction_override,True,65,2024-04-08,complete
2024-04-08,0.00,60762.72,1,2215263.67,last_posted_transaction_or_prior_closing_balance,synb1_txn_1f73ce05e2fa3b993bcf78aa,trusted,cn_public_2022_2026_cycles_1_0,public_schedule_without_transaction_override,True,66,2024-04-09,complete
2024-04-09,92946.19,0.00,1,2308209.86,last_posted_transaction_or_prior_closing_balance,synb1_txn_34228b2039c795661637f33c,trusted,cn_public_2022_2026_cycles_1_0,public_schedule_without_transaction_override,True,67,2024-04-10,complete
2024-04-10,0.00,0.00,0,2308209.86,last_posted_transaction_or_prior_closing_balance,,trusted,cn_public_2022_2026_cycles_1_0,public_schedule_without_transaction_override,True,68,2024-04-11,complete
2024-04-11,52830.84,182944.46,2,2178096.24,last_posted_transaction_or_prior_closing_balance,synb1_txn_37545349456067763338ce86,trusted,cn_public_2022_2026_cycles_1_0,public_schedule_without_transaction_override,True,69,2024-04-12,complete
2024-04-12,8212.11,0.00,1,2186308.35,last_posted_transaction_or_prior_closing_balance,synb1_txn_36197d1e02369520a36694b9,trusted,cn_public_2022_2026_cycles_1_0,public_schedule_without_transaction_override,True,70,2024-04-15,complete
2024-04-13,335752.53,103037.28,3,2419023.60,last_posted_transaction_or_prior_closing_balance,synb1_txn_5dc84c80409fb25531b37323,trusted,cn_public_2022_2026_cycles_1_0,public_schedule_without_transaction_override,False,,,complete
2024-04-14,35211.21,0.00,1,2454234.81,last_posted_transaction_or_prior_closing_balance,synb1_txn_8dd97ffafdafd2b84404fdee,trusted,cn_public_2022_2026_cycles_1_0,public_schedule_without_transaction_override,False,,,complete
2024-04-15,17973.64,40598.79,2,2431609.66,last_posted_transaction_or_prior_closing_balance,synb1_txn_63eacb18494f88761a728ceb,trusted,cn_public_2022_2026_cycles_1_0,public_schedule_without_transaction_override,True,71,2024-04-16,complete
2024-04-16,0.00,0.00,0,2431609.66,last_posted_transaction_or_prior_closing_balance,,trusted,cn_public_2022_2026_cycles_1_0,public_schedule_without_transaction_override,True,72,2024-04-17,complete
2024-04-17,0.00,0.00,0,2431609.66,last_posted_transaction_or_prior_closing_balance,,trusted,cn_public_2022_2026_cycles_1_0,public_schedule_without_transaction_override,True,73,2024-04-18,complete
2024-04-18,57439.23,29068.80,5,2459980.09,last_posted_transaction_or_prior_closing_balance,synb1_txn_6d1480fc2587c58fb80da68d,trusted,cn_public_2022_2026_cycles_1_0,public_schedule_without_transaction_override,True,74,2024-04-19,complete
2024-04-19,153250.12,870.11,3,2612360.10,last_posted_transaction_or_prior_closing_balance,synb1_txn_166f6eb0953e565d8c0dd33e,trusted,cn_public_2022_2026_cycles_1_0,public_schedule_without_transaction_override,True,75,2024-04-22,complete
2024-04-20,0.00,0.00,0,2612360.10,last_posted_transaction_or_prior_closing_balance,,trusted,cn_public_2022_2026_cycles_1_0,public_schedule_without_transaction_override,False,,,complete
2024-04-21,0.00,0.00,0,2612360.10,last_posted_transaction_or_prior_closing_balance,,trusted,cn_public_2022_2026_cycles_1_0,public_schedule_without_transaction_override,False,,,complete
2024-04-22,0.00,0.00,0,2612360.10,last_posted_transaction_or_prior_closing_balance,,trusted,cn_public_2022_2026_cycles_1_0,public_schedule_without_transaction_override,True,76,2024-04-23,complete
2024-04-23,0.00,11629.89,1,2600730.21,last_posted_transaction_or_prior_closing_balance,synb1_txn_d6334225a5015a3fec24846f,trusted,cn_public_2022_2026_cycles_1_0,public_schedule_without_transaction_override,True,77,2024-04-24,complete
2024-04-24,0.00,0.00,0,2600730.21,last_posted_transaction_or_prior_closing_balance,,trusted,cn_public_2022_2026_cycles_1_0,public_schedule_without_transaction_override,True,78,2024-04-25,complete
2024-04-25,0.00,0.00,0,2600730.21,last_posted_transaction_or_prior_closing_balance,,trusted,cn_public_2022_2026_cycles_1_0,public_schedule_without_transaction_override,True,79,2024-04-26,complete
2024-04-26,37836.19,0.00,1,2638566.40,last_posted_transaction_or_prior_closing_balance,synb1_txn_04f2359ec2a08531c6a148bb,trusted,cn_public_2022_2026_cycles_1_0,public_schedule_without_transaction_override,True,80,2024-04-28,complete
2024-04-27,0.00,0.00,0,2638566.40,last_posted_transaction_or_prior_closing_balance,,trusted,cn_public_2022_2026_cycles_1_0,public_schedule_without_transaction_override,False,,,complete
2024-04-28,0.00,0.00,0,2638566.40,last_posted_transaction_or_prior_closing_balance,,trusted,cn_public_2022_2026_cycles_1_0,public_schedule_without_transaction_override,True,81,2024-04-29,complete
2024-04-29,0.00,0.00,0,2638566.40,last_posted_transaction_or_prior_closing_balance,,trusted,cn_public_2022_2026_cycles_1_0,public_schedule_without_transaction_override,True,82,2024-04-30,complete
2024-04-30,0.00,0.00,0,2638566.40,last_posted_transaction_or_prior_closing_balance,,trusted,cn_public_2022_2026_cycles_1_0,public_schedule_without_transaction_override,True,83,2024-05-06,complete
2024-05-01,0.00,0.00,0,2638566.40,last_posted_transaction_or_prior_closing_balance,,trusted,cn_public_2022_2026_cycles_1_0,public_schedule_without_transaction_override,False,,,complete
2024-05-02,0.00,0.00,0,2638566.40,last_posted_transaction_or_prior_closing_balance,,trusted,cn_public_2022_2026_cycles_1_0,public_schedule_without_transaction_override,False,,,complete
2024-05-03,0.00,0.00,0,2638566.40,last_posted_transaction_or_prior_closing_balance,,trusted,cn_public_2022_2026_cycles_1_0,public_schedule_without_transaction_override,False,,,complete
2024-05-04,0.00,0.00,0,2638566.40,last_posted_transaction_or_prior_closing_balance,,trusted,cn_public_2022_2026_cycles_1_0,public_schedule_without_transaction_override,False,,,complete
2024-05-05,278940.22,19500.00,3,2898006.62,last_posted_transaction_or_prior_closing_balance,synb1_txn_bd6b16cabf934d08ed1a2814,trusted,cn_public_2022_2026_cycles_1_0,public_schedule_without_transaction_override,False,,,complete
2024-05-06,121649.78,0.00,1,3019656.40,last_posted_transaction_or_prior_closing_balance,synb1_txn_982c30488e2be96cebf1ab6d,trusted,cn_public_2022_2026_cycles_1_0,public_schedule_without_transaction_override,True,84,2024-05-07,complete
2024-05-07,21776.97,84000.00,2,2957433.37,last_posted_transaction_or_prior_closing_balance,synb1_txn_e2bb632d8d742b6495928ab5,trusted,cn_public_2022_2026_cycles_1_0,public_schedule_without_transaction_override,True,85,2024-05-08,complete
2024-05-08,39548.44,174561.49,2,2822420.32,last_posted_transaction_or_prior_closing_balance,synb1_txn_1dc93c685304828f849f32e8,trusted,cn_public_2022_2026_cycles_1_0,public_schedule_without_transaction_override,True,86,2024-05-09,complete
2024-05-09,76591.13,0.00,1,2899011.45,last_posted_transaction_or_prior_closing_balance,synb1_txn_ccfea47fbbd0b5c301ed4bcc,trusted,cn_public_2022_2026_cycles_1_0,public_schedule_without_transaction_override,True,87,2024-05-10,complete
2024-05-10,0.00,0.00,0,2899011.45,last_posted_transaction_or_prior_closing_balance,,trusted,cn_public_2022_2026_cycles_1_0,public_schedule_without_transaction_override,True,88,2024-05-11,complete
2024-05-11,0.00,0.00,0,2899011.45,last_posted_transaction_or_prior_closing_balance,,trusted,cn_public_2022_2026_cycles_1_0,public_schedule_without_transaction_override,True,89,2024-05-13,complete
2024-05-12,0.00,0.00,0,2899011.45,last_posted_transaction_or_prior_closing_balance,,trusted,cn_public_2022_2026_cycles_1_0,public_schedule_without_transaction_override,False,,,complete
2024-05-13,0.00,0.00,0,2899011.45,last_posted_transaction_or_prior_closing_balance,,trusted,cn_public_2022_2026_cycles_1_0,public_schedule_without_transaction_override,True,90,2024-05-14,complete
2024-05-14,0.00,31577.67,1,2867433.78,last_posted_transaction_or_prior_closing_balance,synb1_txn_9432ffb1acf99ffc850086ec,trusted,cn_public_2022_2026_cycles_1_0,public_schedule_without_transaction_override,True,91,2024-05-15,complete
2024-05-15,212056.77,0.00,1,3079490.55,last_posted_transaction_or_prior_closing_balance,synb1_txn_2fc27ff2566d23f15985466b,trusted,cn_public_2022_2026_cycles_1_0,public_schedule_without_transaction_override,True,92,2024-05-16,complete
2024-05-16,0.00,0.00,0,3079490.55,last_posted_transaction_or_prior_closing_balance,,trusted,cn_public_2022_2026_cycles_1_0,public_schedule_without_transaction_override,True,93,2024-05-17,complete
2024-05-17,0.00,0.00,0,3079490.55,last_posted_transaction_or_prior_closing_balance,,trusted,cn_public_2022_2026_cycles_1_0,public_schedule_without_transaction_override,True,94,2024-05-20,complete
2024-05-18,47352.10,0.00,1,3126842.65,last_posted_transaction_or_prior_closing_balance,synb1_txn_b2bf52067d643be749223c3b,trusted,cn_public_2022_2026_cycles_1_0,public_schedule_without_transaction_override,False,,,complete
2024-05-19,0.00,0.00,0,3126842.65,last_posted_transaction_or_prior_closing_balance,,trusted,cn_public_2022_2026_cycles_1_0,public_schedule_without_transaction_override,False,,,complete
2024-05-20,0.00,33206.40,3,3093636.25,last_posted_transaction_or_prior_closing_balance,synb1_txn_1fd24c97cf05703cd9ec0639,trusted,cn_public_2022_2026_cycles_1_0,public_schedule_without_transaction_override,True,95,2024-05-21,complete
2024-05-21,0.00,11695.21,1,3081941.04,last_posted_transaction_or_prior_closing_balance,synb1_txn_d444e77f750d65ceeae1e529,trusted,cn_public_2022_2026_cycles_1_0,public_schedule_without_transaction_override,True,96,2024-05-22,complete
2024-05-22,90084.59,174755.65,3,2997269.98,last_posted_transaction_or_prior_closing_balance,synb1_txn_8d6d6fc2285abe70cf8085cf,trusted,cn_public_2022_2026_cycles_1_0,public_schedule_without_transaction_override,True,97,2024-05-23,complete
2024-05-23,0.00,0.00,0,2997269.98,last_posted_transaction_or_prior_closing_balance,,trusted,cn_public_2022_2026_cycles_1_0,public_schedule_without_transaction_override,True,98,2024-05-24,complete
2024-05-24,0.00,0.00,0,2997269.98,last_posted_transaction_or_prior_closing_balance,,trusted,cn_public_2022_2026_cycles_1_0,public_schedule_without_transaction_override,True,99,2024-05-27,complete
2024-05-25,0.00,0.00,0,2997269.98,last_posted_transaction_or_prior_closing_balance,,trusted,cn_public_2022_2026_cycles_1_0,public_schedule_without_transaction_override,False,,,complete
2024-05-26,0.00,0.00,0,2997269.98,last_posted_transaction_or_prior_closing_balance,,trusted,cn_public_2022_2026_cycles_1_0,public_schedule_without_transaction_override,False,,,complete
2024-05-27,0.00,87846.96,2,2909423.02,last_posted_transaction_or_prior_closing_balance,synb1_txn_d7276095bf6a49f6ead8dccf,trusted,cn_public_2022_2026_cycles_1_0,public_schedule_without_transaction_override,True,100,2024-05-28,complete
2024-05-28,0.00,159263.02,2,2750160.00,last_posted_transaction_or_prior_closing_balance,synb1_txn_aa2d3f5f933cc2a6df199a08,trusted,cn_public_2022_2026_cycles_1_0,public_schedule_without_transaction_override,True,101,2024-05-29,complete
2024-05-29,0.00,0.00,0,2750160.00,last_posted_transaction_or_prior_closing_balance,,trusted,cn_public_2022_2026_cycles_1_0,public_schedule_without_transaction_override,True,102,2024-05-30,complete
2024-05-30,0.00,0.00,0,2750160.00,last_posted_transaction_or_prior_closing_balance,,trusted,cn_public_2022_2026_cycles_1_0,public_schedule_without_transaction_override,True,103,2024-05-31,complete
2024-05-31,0.00,0.00,0,2750160.00,last_posted_transaction_or_prior_closing_balance,,trusted,cn_public_2022_2026_cycles_1_0,public_schedule_without_transaction_override,True,104,2024-06-03,complete
2024-06-01,0.00,0.00,0,2750160.00,last_posted_transaction_or_prior_closing_balance,,trusted,cn_public_2022_2026_cycles_1_0,public_schedule_without_transaction_override,False,,,complete
2024-06-02,0.00,213353.84,1,2536806.16,last_posted_transaction_or_prior_closing_balance,synb1_txn_c2da6b0d6c8c3ea219cdc1c4,trusted,cn_public_2022_2026_cycles_1_0,public_schedule_without_transaction_override,False,,,complete
2024-06-03,0.00,0.00,0,2536806.16,last_posted_transaction_or_prior_closing_balance,,trusted,cn_public_2022_2026_cycles_1_0,public_schedule_without_transaction_override,True,105,2024-06-04,complete
2024-06-04,0.00,0.00,0,2536806.16,last_posted_transaction_or_prior_closing_balance,,trusted,cn_public_2022_2026_cycles_1_0,public_schedule_without_transaction_override,True,106,2024-06-05,complete
2024-06-05,0.00,19500.00,1,2517306.16,last_posted_transaction_or_prior_closing_balance,synb1_txn_402de1ec36bd1b53a3b48981,trusted,cn_public_2022_2026_cycles_1_0,public_schedule_without_transaction_override,True,107,2024-06-06,complete
2024-06-06,4867.11,51184.18,3,2470989.09,last_posted_transaction_or_prior_closing_balance,synb1_txn_3597e35aef1e2f4fe31cf4c5,trusted,cn_public_2022_2026_cycles_1_0,public_schedule_without_transaction_override,True,108,2024-06-07,complete
2024-06-07,0.00,84000.00,1,2386989.09,last_posted_transaction_or_prior_closing_balance,synb1_txn_8a481f8e07d84a1e570b7f07,trusted,cn_public_2022_2026_cycles_1_0,public_schedule_without_transaction_override,True,109,2024-06-11,complete
2024-06-08,0.00,0.00,0,2386989.09,last_posted_transaction_or_prior_closing_balance,,trusted,cn_public_2022_2026_cycles_1_0,public_schedule_without_transaction_override,False,,,complete
2024-06-09,224377.33,0.00,1,2611366.42,last_posted_transaction_or_prior_closing_balance,synb1_txn_340dbd7af03d5013abaa4fcc,trusted,cn_public_2022_2026_cycles_1_0,public_schedule_without_transaction_override,False,,,complete
2024-06-10,0.00,0.00,0,2611366.42,last_posted_transaction_or_prior_closing_balance,,trusted,cn_public_2022_2026_cycles_1_0,public_schedule_without_transaction_override,False,,,complete
2024-06-11,14104.46,0.00,2,2625470.88,last_posted_transaction_or_prior_closing_balance,synb1_txn_2a7d5551aafa2a42baaa260b,trusted,cn_public_2022_2026_cycles_1_0,public_schedule_without_transaction_override,True,110,2024-06-12,complete
2024-06-12,152035.92,0.00,2,2777506.80,last_posted_transaction_or_prior_closing_balance,synb1_txn_48526876835b14f54532636f,trusted,cn_public_2022_2026_cycles_1_0,public_schedule_without_transaction_override,True,111,2024-06-13,complete
2024-06-13,0.00,11303.36,1,2766203.44,last_posted_transaction_or_prior_closing_balance,synb1_txn_e639ad1448537105e9c274aa,trusted,cn_public_2022_2026_cycles_1_0,public_schedule_without_transaction_override,True,112,2024-06-14,complete
2024-06-14,0.00,0.00,0,2766203.44,last_posted_transaction_or_prior_closing_balance,,trusted,cn_public_2022_2026_cycles_1_0,public_schedule_without_transaction_override,True,113,2024-06-17,complete
2024-06-15,0.00,2992.54,1,2763210.90,last_posted_transaction_or_prior_closing_balance,synb1_txn_7530cf17f76f6784420e2098,trusted,cn_public_2022_2026_cycles_1_0,public_schedule_without_transaction_override,False,,,complete
2024-06-16,27822.98,16048.25,2,2774985.63,last_posted_transaction_or_prior_closing_balance,synb1_txn_fc3b7ad5f40253ac36b7e8a8,trusted,cn_public_2022_2026_cycles_1_0,public_schedule_without_transaction_override,False,,,complete
2024-06-17,0.00,0.00,0,2774985.63,last_posted_transaction_or_prior_closing_balance,,trusted,cn_public_2022_2026_cycles_1_0,public_schedule_without_transaction_override,True,114,2024-06-18,complete
2024-06-18,0.00,250093.17,4,2524892.46,last_posted_transaction_or_prior_closing_balance,synb1_txn_9466752dff8a6111e532c49c,trusted,cn_public_2022_2026_cycles_1_0,public_schedule_without_transaction_override,True,115,2024-06-19,complete
2024-06-19,0.00,0.00,0,2524892.46,last_posted_transaction_or_prior_closing_balance,,trusted,cn_public_2022_2026_cycles_1_0,public_schedule_without_transaction_override,True,116,2024-06-20,complete
2024-06-20,357139.49,0.00,2,2882031.95,last_posted_transaction_or_prior_closing_balance,synb1_txn_f7bdb9e66ddeda4590221923,trusted,cn_public_2022_2026_cycles_1_0,public_schedule_without_transaction_override,True,117,2024-06-21,complete
2024-06-21,121160.71,181896.64,2,2821296.02,last_posted_transaction_or_prior_closing_balance,synb1_txn_645cd2c4996c18b206c59be9,trusted,cn_public_2022_2026_cycles_1_0,public_schedule_without_transaction_override,True,118,2024-06-24,complete
2024-06-22,0.00,6732.66,1,2814563.36,last_posted_transaction_or_prior_closing_balance,synb1_txn_68841c346c272a0d15a79570,trusted,cn_public_2022_2026_cycles_1_0,public_schedule_without_transaction_override,False,,,complete
2024-06-23,2264.78,0.00,1,2816828.14,last_posted_transaction_or_prior_closing_balance,synb1_txn_8299bbc04f94e5b769fe7612,trusted,cn_public_2022_2026_cycles_1_0,public_schedule_without_transaction_override,False,,,complete
2024-06-24,0.00,0.00,0,2816828.14,last_posted_transaction_or_prior_closing_balance,,trusted,cn_public_2022_2026_cycles_1_0,public_schedule_without_transaction_override,True,119,2024-06-25,complete
2024-06-25,0.00,4990.02,1,2811838.12,last_posted_transaction_or_prior_closing_balance,synb1_txn_5cb971cf5cea4150f16fe449,trusted,cn_public_2022_2026_cycles_1_0,public_schedule_without_transaction_override,True,120,2024-06-26,complete
2024-06-26,0.00,0.00,0,2811838.12,last_posted_transaction_or_prior_closing_balance,,trusted,cn_public_2022_2026_cycles_1_0,public_schedule_without_transaction_override,True,121,2024-06-27,complete
2024-06-27,0.00,0.00,0,2811838.12,last_posted_transaction_or_prior_closing_balance,,trusted,cn_public_2022_2026_cycles_1_0,public_schedule_without_transaction_override,True,122,2024-06-28,complete
2024-06-28,70227.22,728.54,2,2881336.80,last_posted_transaction_or_prior_closing_balance,synb1_txn_13dfb98dc166a5373944b8f4,trusted,cn_public_2022_2026_cycles_1_0,public_schedule_without_transaction_override,True,123,2024-07-01,complete
2024-06-29,0.00,0.00,0,2881336.80,last_posted_transaction_or_prior_closing_balance,,trusted,cn_public_2022_2026_cycles_1_0,public_schedule_without_transaction_override,False,,,complete
2024-06-30,0.00,0.00,0,2881336.80,last_posted_transaction_or_prior_closing_balance,,trusted,cn_public_2022_2026_cycles_1_0,public_schedule_without_transaction_override,False,,,complete
2024-07-01,0.00,0.00,0,2881336.80,last_posted_transaction_or_prior_closing_balance,,trusted,cn_public_2022_2026_cycles_1_0,public_schedule_without_transaction_override,True,124,2024-07-02,complete
2024-07-02,247048.86,0.00,3,3128385.66,last_posted_transaction_or_prior_closing_balance,synb1_txn_4f756cfc02de318913fedc64,trusted,cn_public_2022_2026_cycles_1_0,public_schedule_without_transaction_override,True,125,2024-07-03,complete
2024-07-03,20091.89,35717.24,2,3112760.31,last_posted_transaction_or_prior_closing_balance,synb1_txn_c6905870c7306af660fbea1c,trusted,cn_public_2022_2026_cycles_1_0,public_schedule_without_transaction_override,True,126,2024-07-04,complete
2024-07-04,0.00,0.00,0,3112760.31,last_posted_transaction_or_prior_closing_balance,,trusted,cn_public_2022_2026_cycles_1_0,public_schedule_without_transaction_override,True,127,2024-07-05,complete
2024-07-05,0.00,19500.00,1,3093260.31,last_posted_transaction_or_prior_closing_balance,synb1_txn_1b2e1f3577599222c8b7a7fc,trusted,cn_public_2022_2026_cycles_1_0,public_schedule_without_transaction_override,True,128,2024-07-08,complete
2024-07-06,0.00,22908.96,1,3070351.35,last_posted_transaction_or_prior_closing_balance,synb1_txn_07711fc21099b19b2143e6b6,trusted,cn_public_2022_2026_cycles_1_0,public_schedule_without_transaction_override,False,,,complete
2024-07-07,109961.09,101000.00,2,3079312.44,last_posted_transaction_or_prior_closing_balance,synb1_txn_92a87a89246b22315b37b1ba,trusted,cn_public_2022_2026_cycles_1_0,public_schedule_without_transaction_override,False,,,complete
2024-07-08,0.00,0.00,0,3079312.44,last_posted_transaction_or_prior_closing_balance,,trusted,cn_public_2022_2026_cycles_1_0,public_schedule_without_transaction_override,True,129,2024-07-09,complete
2024-07-09,97095.18,0.00,1,3176407.62,last_posted_transaction_or_prior_closing_balance,synb1_txn_e4aae97d1bf7955267eb5627,trusted,cn_public_2022_2026_cycles_1_0,public_schedule_without_transaction_override,True,130,2024-07-10,complete
2024-07-10,0.00,0.00,0,3176407.62,last_posted_transaction_or_prior_closing_balance,,trusted,cn_public_2022_2026_cycles_1_0,public_schedule_without_transaction_override,True,131,2024-07-11,complete
2024-07-11,15570.19,4914.79,3,3187063.02,last_posted_transaction_or_prior_closing_balance,synb1_txn_5ada09fab1d47893d688c747,trusted,cn_public_2022_2026_cycles_1_0,public_schedule_without_transaction_override,True,132,2024-07-12,complete
2024-07-12,0.00,2753.14,1,3184309.88,last_posted_transaction_or_prior_closing_balance,synb1_txn_882cfe5a40a6e8f6b1e72676,trusted,cn_public_2022_2026_cycles_1_0,public_schedule_without_transaction_override,True,133,2024-07-15,complete
2024-07-13,0.00,0.00,0,3184309.88,last_posted_transaction_or_prior_closing_balance,,trusted,cn_public_2022_2026_cycles_1_0,public_schedule_without_transaction_override,False,,,complete
2024-07-14,0.00,5761.62,1,3178548.26,last_posted_transaction_or_prior_closing_balance,synb1_txn_ffc3277764d0b8875d1d119c,trusted,cn_public_2022_2026_cycles_1_0,public_schedule_without_transaction_override,False,,,complete
2024-07-15,38928.36,0.00,1,3217476.62,last_posted_transaction_or_prior_closing_balance,synb1_txn_e26ce94c9a7d48e039fc06f4,trusted,cn_public_2022_2026_cycles_1_0,public_schedule_without_transaction_override,True,134,2024-07-16,complete
2024-07-16,0.00,403.99,1,3217072.63,last_posted_transaction_or_prior_closing_balance,synb1_txn_c856e8ff128f78ac8e5fe6b3,trusted,cn_public_2022_2026_cycles_1_0,public_schedule_without_transaction_override,True,135,2024-07-17,complete
2024-07-17,195473.11,687062.89,3,2725482.85,last_posted_transaction_or_prior_closing_balance,synb1_txn_5bfde591e6e07e9d0fcd5f46,trusted,cn_public_2022_2026_cycles_1_0,public_schedule_without_transaction_override,True,136,2024-07-18,complete
2024-07-18,0.00,47857.76,4,2677625.09,last_posted_transaction_or_prior_closing_balance,synb1_txn_4580beaea1cd54b5957aa500,trusted,cn_public_2022_2026_cycles_1_0,public_schedule_without_transaction_override,True,137,2024-07-19,complete
2024-07-19,0.00,0.00,0,2677625.09,last_posted_transaction_or_prior_closing_balance,,trusted,cn_public_2022_2026_cycles_1_0,public_schedule_without_transaction_override,True,138,2024-07-22,complete
2024-07-20,0.00,16983.97,1,2660641.12,last_posted_transaction_or_prior_closing_balance,synb1_txn_4116c84d2464d795f58dc280,trusted,cn_public_2022_2026_cycles_1_0,public_schedule_without_transaction_override,False,,,complete
2024-07-21,0.00,146590.15,1,2514050.97,last_posted_transaction_or_prior_closing_balance,synb1_txn_74cd3e70592015ba475f1f2e,trusted,cn_public_2022_2026_cycles_1_0,public_schedule_without_transaction_override,False,,,complete
2024-07-22,132439.10,0.00,1,2646490.07,last_posted_transaction_or_prior_closing_balance,synb1_txn_1dd1b3dbe2859352e3219d7a,trusted,cn_public_2022_2026_cycles_1_0,public_schedule_without_transaction_override,True,139,2024-07-23,complete
2024-07-23,13242.22,0.00,1,2659732.29,last_posted_transaction_or_prior_closing_balance,synb1_txn_b5578bffafed8f37a0034e7e,trusted,cn_public_2022_2026_cycles_1_0,public_schedule_without_transaction_override,True,140,2024-07-24,complete
2024-07-24,0.00,0.00,0,2659732.29,last_posted_transaction_or_prior_closing_balance,,trusted,cn_public_2022_2026_cycles_1_0,public_schedule_without_transaction_override,True,141,2024-07-25,complete
2024-07-25,0.00,0.00,0,2659732.29,last_posted_transaction_or_prior_closing_balance,,trusted,cn_public_2022_2026_cycles_1_0,public_schedule_without_transaction_override,True,142,2024-07-26,complete
2024-07-26,0.00,1157.06,1,2658575.23,last_posted_transaction_or_prior_closing_balance,synb1_txn_6b4d0fdb324215e969e1c346,trusted,cn_public_2022_2026_cycles_1_0,public_schedule_without_transaction_override,True,143,2024-07-29,complete
2024-07-27,4550.00,0.00,1,2663125.23,last_posted_transaction_or_prior_closing_balance,synb1_txn_23bd2ea50dd3c5a783724b98,trusted,cn_public_2022_2026_cycles_1_0,public_schedule_without_transaction_override,False,,,complete
2024-07-28,0.00,9718.03,1,2653407.20,last_posted_transaction_or_prior_closing_balance,synb1_txn_5670fc545b1c64121080c8a9,trusted,cn_public_2022_2026_cycles_1_0,public_schedule_without_transaction_override,False,,,complete
2024-07-29,0.00,0.00,0,2653407.20,last_posted_transaction_or_prior_closing_balance,,trusted,cn_public_2022_2026_cycles_1_0,public_schedule_without_transaction_override,True,144,2024-07-30,complete
2024-07-30,0.00,0.00,0,2653407.20,last_posted_transaction_or_prior_closing_balance,,trusted,cn_public_2022_2026_cycles_1_0,public_schedule_without_transaction_override,True,145,2024-07-31,complete
2024-07-31,0.00,0.00,0,2653407.20,last_posted_transaction_or_prior_closing_balance,,trusted,cn_public_2022_2026_cycles_1_0,public_schedule_without_transaction_override,True,146,2024-08-01,complete
2024-08-01,0.00,0.00,0,2653407.20,last_posted_transaction_or_prior_closing_balance,,trusted,cn_public_2022_2026_cycles_1_0,public_schedule_without_transaction_override,True,147,2024-08-02,complete
2024-08-02,61947.04,0.00,1,2715354.24,last_posted_transaction_or_prior_closing_balance,synb1_txn_129f7eee4bcbdb3b794a8e2c,trusted,cn_public_2022_2026_cycles_1_0,public_schedule_without_transaction_override,True,148,2024-08-05,complete
2024-08-03,352979.75,0.00,2,3068333.99,last_posted_transaction_or_prior_closing_balance,synb1_txn_f7031e6beba950b298b48f7b,trusted,cn_public_2022_2026_cycles_1_0,public_schedule_without_transaction_override,False,,,complete
2024-08-04,0.00,0.00,0,3068333.99,last_posted_transaction_or_prior_closing_balance,,trusted,cn_public_2022_2026_cycles_1_0,public_schedule_without_transaction_override,False,,,complete
2024-08-05,1824.85,576842.22,4,2493316.62,last_posted_transaction_or_prior_closing_balance,synb1_txn_052eb671d522431df54a9a2f,trusted,cn_public_2022_2026_cycles_1_0,public_schedule_without_transaction_override,True,149,2024-08-06,complete
2024-08-06,165458.86,0.00,1,2658775.48,last_posted_transaction_or_prior_closing_balance,synb1_txn_95cdc720acba140e0a40c3f1,trusted,cn_public_2022_2026_cycles_1_0,public_schedule_without_transaction_override,True,150,2024-08-07,complete
2024-08-07,15449.51,101000.00,2,2573224.99,last_posted_transaction_or_prior_closing_balance,synb1_txn_e65dcc43cc7cdc768635aaf9,trusted,cn_public_2022_2026_cycles_1_0,public_schedule_without_transaction_override,True,151,2024-08-08,complete
2024-08-08,129336.54,0.00,1,2702561.53,last_posted_transaction_or_prior_closing_balance,synb1_txn_642a70e4623c80a8142ee537,trusted,cn_public_2022_2026_cycles_1_0,public_schedule_without_transaction_override,True,152,2024-08-09,complete
2024-08-09,0.00,38264.69,1,2664296.84,last_posted_transaction_or_prior_closing_balance,synb1_txn_41e619b6d7b4176062688a0d,trusted,cn_public_2022_2026_cycles_1_0,public_schedule_without_transaction_override,True,153,2024-08-12,complete
2024-08-10,0.00,0.00,0,2664296.84,last_posted_transaction_or_prior_closing_balance,,trusted,cn_public_2022_2026_cycles_1_0,public_schedule_without_transaction_override,False,,,complete
2024-08-11,0.00,0.00,0,2664296.84,last_posted_transaction_or_prior_closing_balance,,trusted,cn_public_2022_2026_cycles_1_0,public_schedule_without_transaction_override,False,,,complete
2024-08-12,0.00,0.00,0,2664296.84,last_posted_transaction_or_prior_closing_balance,,trusted,cn_public_2022_2026_cycles_1_0,public_schedule_without_transaction_override,True,154,2024-08-13,complete
2024-08-13,0.00,184935.31,1,2479361.53,last_posted_transaction_or_prior_closing_balance,synb1_txn_58f98429b211f3bb85ea2405,trusted,cn_public_2022_2026_cycles_1_0,public_schedule_without_transaction_override,True,155,2024-08-14,complete
2024-08-14,0.00,0.00,0,2479361.53,last_posted_transaction_or_prior_closing_balance,,trusted,cn_public_2022_2026_cycles_1_0,public_schedule_without_transaction_override,True,156,2024-08-15,complete
2024-08-15,0.00,0.00,0,2479361.53,last_posted_transaction_or_prior_closing_balance,,trusted,cn_public_2022_2026_cycles_1_0,public_schedule_without_transaction_override,True,157,2024-08-16,complete
2024-08-16,0.00,142243.26,1,2337118.27,last_posted_transaction_or_prior_closing_balance,synb1_txn_f258884cd9b5d041004a8d34,trusted,cn_public_2022_2026_cycles_1_0,public_schedule_without_transaction_override,True,158,2024-08-19,complete
2024-08-17,0.00,0.00,0,2337118.27,last_posted_transaction_or_prior_closing_balance,,trusted,cn_public_2022_2026_cycles_1_0,public_schedule_without_transaction_override,False,,,complete
2024-08-18,99692.99,0.00,1,2436811.26,last_posted_transaction_or_prior_closing_balance,synb1_txn_30e2e594da8f93c6abdc20b4,trusted,cn_public_2022_2026_cycles_1_0,public_schedule_without_transaction_override,False,,,complete
2024-08-19,0.00,36815.20,3,2399996.06,last_posted_transaction_or_prior_closing_balance,synb1_txn_5311dbee788199f7a4b285be,trusted,cn_public_2022_2026_cycles_1_0,public_schedule_without_transaction_override,True,159,2024-08-20,complete
2024-08-20,177037.20,0.00,1,2577033.26,last_posted_transaction_or_prior_closing_balance,synb1_txn_ea0b2578bfc57419fe812940,trusted,cn_public_2022_2026_cycles_1_0,public_schedule_without_transaction_override,True,160,2024-08-21,complete
2024-08-21,154073.26,0.00,1,2731106.52,last_posted_transaction_or_prior_closing_balance,synb1_txn_6dfc7ec9906ac8f7a817029c,trusted,cn_public_2022_2026_cycles_1_0,public_schedule_without_transaction_override,True,161,2024-08-22,complete
2024-08-22,0.00,0.00,0,2731106.52,last_posted_transaction_or_prior_closing_balance,,trusted,cn_public_2022_2026_cycles_1_0,public_schedule_without_transaction_override,True,162,2024-08-23,complete
2024-08-23,0.00,8114.52,1,2722992.00,last_posted_transaction_or_prior_closing_balance,synb1_txn_a45e498544fade94f75351af,trusted,cn_public_2022_2026_cycles_1_0,public_schedule_without_transaction_override,True,163,2024-08-26,complete
2024-08-24,0.00,0.00,0,2722992.00,last_posted_transaction_or_prior_closing_balance,,trusted,cn_public_2022_2026_cycles_1_0,public_schedule_without_transaction_override,False,,,complete
2024-08-25,0.00,0.00,0,2722992.00,last_posted_transaction_or_prior_closing_balance,,trusted,cn_public_2022_2026_cycles_1_0,public_schedule_without_transaction_override,False,,,complete
2024-08-26,0.00,0.00,0,2722992.00,last_posted_transaction_or_prior_closing_balance,,trusted,cn_public_2022_2026_cycles_1_0,public_schedule_without_transaction_override,True,164,2024-08-27,complete
2024-08-27,0.00,0.00,0,2722992.00,last_posted_transaction_or_prior_closing_balance,,trusted,cn_public_2022_2026_cycles_1_0,public_schedule_without_transaction_override,True,165,2024-08-28,complete
2024-08-28,0.00,0.00,0,2722992.00,last_posted_transaction_or_prior_closing_balance,,trusted,cn_public_2022_2026_cycles_1_0,public_schedule_without_transaction_override,True,166,2024-08-29,complete
2024-08-29,0.00,0.00,0,2722992.00,last_posted_transaction_or_prior_closing_balance,,trusted,cn_public_2022_2026_cycles_1_0,public_schedule_without_transaction_override,True,167,2024-08-30,complete
2024-08-30,0.00,0.00,0,2722992.00,last_posted_transaction_or_prior_closing_balance,,trusted,cn_public_2022_2026_cycles_1_0,public_schedule_without_transaction_override,True,168,2024-09-02,complete
2024-08-31,0.00,0.00,0,2722992.00,last_posted_transaction_or_prior_closing_balance,,trusted,cn_public_2022_2026_cycles_1_0,public_schedule_without_transaction_override,False,,,complete
2024-09-01,0.00,0.00,0,2722992.00,last_posted_transaction_or_prior_closing_balance,,trusted,cn_public_2022_2026_cycles_1_0,public_schedule_without_transaction_override,False,,,complete
2024-09-02,0.00,160252.87,1,2562739.13,last_posted_transaction_or_prior_closing_balance,synb1_txn_caae54aec3b8fabbc40855ba,trusted,cn_public_2022_2026_cycles_1_0,public_schedule_without_transaction_override,True,169,2024-09-03,complete
2024-09-03,262267.70,174723.97,3,2650282.86,last_posted_transaction_or_prior_closing_balance,synb1_txn_ae4bbb839d74db49494502c9,trusted,cn_public_2022_2026_cycles_1_0,public_schedule_without_transaction_override,True,170,2024-09-04,complete
2024-09-04,4337.91,0.00,1,2654620.77,last_posted_transaction_or_prior_closing_balance,synb1_txn_d89a32e77efd7fa59c318543,trusted,cn_public_2022_2026_cycles_1_0,public_schedule_without_transaction_override,True,171,2024-09-05,complete
2024-09-05,0.00,262476.50,2,2392144.27,last_posted_transaction_or_prior_closing_balance,synb1_txn_56a1983603568a468794517e,trusted,cn_public_2022_2026_cycles_1_0,public_schedule_without_transaction_override,True,172,2024-09-06,complete
2024-09-06,0.00,0.00,0,2392144.27,last_posted_transaction_or_prior_closing_balance,,trusted,cn_public_2022_2026_cycles_1_0,public_schedule_without_transaction_override,True,173,2024-09-09,complete
2024-09-07,0.00,109621.79,3,2282522.48,last_posted_transaction_or_prior_closing_balance,synb1_txn_a7e62289fcc7c7b67b5c456c,trusted,cn_public_2022_2026_cycles_1_0,public_schedule_without_transaction_override,False,,,complete
2024-09-08,5092.54,43076.03,2,2244538.99,last_posted_transaction_or_prior_closing_balance,synb1_txn_1d73f42446387181b5878f5f,trusted,cn_public_2022_2026_cycles_1_0,public_schedule_without_transaction_override,False,,,complete
2024-09-09,160032.82,0.00,1,2404571.81,last_posted_transaction_or_prior_closing_balance,synb1_txn_c54b3db8d252b550d728d32c,trusted,cn_public_2022_2026_cycles_1_0,public_schedule_without_transaction_override,True,174,2024-09-10,complete
2024-09-10,0.00,13493.32,1,2391078.49,last_posted_transaction_or_prior_closing_balance,synb1_txn_a843a4b2c3d582ee251645a1,trusted,cn_public_2022_2026_cycles_1_0,public_schedule_without_transaction_override,True,175,2024-09-11,complete
2024-09-11,55959.43,308372.37,2,2138665.55,last_posted_transaction_or_prior_closing_balance,synb1_txn_b0656d37ebad6706aa8ba627,trusted,cn_public_2022_2026_cycles_1_0,public_schedule_without_transaction_override,True,176,2024-09-12,complete
2024-09-12,419725.28,10924.87,2,2547465.96,last_posted_transaction_or_prior_closing_balance,synb1_txn_adc6a79b83387b9df42db5df,trusted,cn_public_2022_2026_cycles_1_0,public_schedule_without_transaction_override,True,177,2024-09-13,complete
2024-09-13,14714.48,0.00,1,2562180.44,last_posted_transaction_or_prior_closing_balance,synb1_txn_073a093c0b39da422e639487,trusted,cn_public_2022_2026_cycles_1_0,public_schedule_without_transaction_override,True,178,2024-09-14,complete
2024-09-14,0.00,0.00,0,2562180.44,last_posted_transaction_or_prior_closing_balance,,trusted,cn_public_2022_2026_cycles_1_0,public_schedule_without_transaction_override,True,179,2024-09-18,complete
2024-09-15,0.00,0.00,0,2562180.44,last_posted_transaction_or_prior_closing_balance,,trusted,cn_public_2022_2026_cycles_1_0,public_schedule_without_transaction_override,False,,,complete
2024-09-16,144356.09,0.00,1,2706536.53,last_posted_transaction_or_prior_closing_balance,synb1_txn_dfd733f0920a64a2bf3db986,trusted,cn_public_2022_2026_cycles_1_0,public_schedule_without_transaction_override,False,,,complete
2024-09-17,0.00,0.00,0,2706536.53,last_posted_transaction_or_prior_closing_balance,,trusted,cn_public_2022_2026_cycles_1_0,public_schedule_without_transaction_override,False,,,complete
2024-09-18,0.00,43890.81,4,2662645.72,last_posted_transaction_or_prior_closing_balance,synb1_txn_67b4536dafccb038ce9e7460,trusted,cn_public_2022_2026_cycles_1_0,public_schedule_without_transaction_override,True,180,2024-09-19,complete
2024-09-19,0.00,0.00,0,2662645.72,last_posted_transaction_or_prior_closing_balance,,trusted,cn_public_2022_2026_cycles_1_0,public_schedule_without_transaction_override,True,181,2024-09-20,complete
2024-09-20,0.00,0.00,0,2662645.72,last_posted_transaction_or_prior_closing_balance,,trusted,cn_public_2022_2026_cycles_1_0,public_schedule_without_transaction_override,True,182,2024-09-23,complete
2024-09-21,0.00,0.00,0,2662645.72,last_posted_transaction_or_prior_closing_balance,,trusted,cn_public_2022_2026_cycles_1_0,public_schedule_without_transaction_override,False,,,complete
2024-09-22,0.00,0.00,0,2662645.72,last_posted_transaction_or_prior_closing_balance,,trusted,cn_public_2022_2026_cycles_1_0,public_schedule_without_transaction_override,False,,,complete
2024-09-23,0.00,0.00,0,2662645.72,last_posted_transaction_or_prior_closing_balance,,trusted,cn_public_2022_2026_cycles_1_0,public_schedule_without_transaction_override,True,183,2024-09-24,complete
2024-09-24,121617.27,0.00,1,2784262.99,last_posted_transaction_or_prior_closing_balance,synb1_txn_40e0055e1b9da78d8f70f590,trusted,cn_public_2022_2026_cycles_1_0,public_schedule_without_transaction_override,True,184,2024-09-25,complete
2024-09-25,0.00,0.00,0,2784262.99,last_posted_transaction_or_prior_closing_balance,,trusted,cn_public_2022_2026_cycles_1_0,public_schedule_without_transaction_override,True,185,2024-09-26,complete
2024-09-26,0.00,1189.07,1,2783073.92,last_posted_transaction_or_prior_closing_balance,synb1_txn_85f5d9397912bdbdd0bebb39,trusted,cn_public_2022_2026_cycles_1_0,public_schedule_without_transaction_override,True,186,2024-09-27,complete
2024-09-27,51296.48,0.00,1,2834370.40,last_posted_transaction_or_prior_closing_balance,synb1_txn_38e535aba812d38e05552017,trusted,cn_public_2022_2026_cycles_1_0,public_schedule_without_transaction_override,True,187,2024-09-29,complete
2024-09-28,0.00,0.00,0,2834370.40,last_posted_transaction_or_prior_closing_balance,,trusted,cn_public_2022_2026_cycles_1_0,public_schedule_without_transaction_override,False,,,complete
2024-09-29,0.00,0.00,0,2834370.40,last_posted_transaction_or_prior_closing_balance,,trusted,cn_public_2022_2026_cycles_1_0,public_schedule_without_transaction_override,True,188,2024-09-30,complete
2024-09-30,0.00,0.00,0,2834370.40,last_posted_transaction_or_prior_closing_balance,,trusted,cn_public_2022_2026_cycles_1_0,public_schedule_without_transaction_override,True,189,2024-10-08,complete
2024-10-01,0.00,0.00,0,2834370.40,last_posted_transaction_or_prior_closing_balance,,trusted,cn_public_2022_2026_cycles_1_0,public_schedule_without_transaction_override,False,,,complete
2024-10-02,18671.35,1101.53,2,2851940.22,last_posted_transaction_or_prior_closing_balance,synb1_txn_a73aac7cf67c8b58b88387bf,trusted,cn_public_2022_2026_cycles_1_0,public_schedule_without_transaction_override,False,,,complete
2024-10-03,0.00,0.00,0,2851940.22,last_posted_transaction_or_prior_closing_balance,,trusted,cn_public_2022_2026_cycles_1_0,public_schedule_without_transaction_override,False,,,complete
2024-10-04,0.00,1232.27,1,2850707.95,last_posted_transaction_or_prior_closing_balance,synb1_txn_86929e53553b0a169e6d525c,trusted,cn_public_2022_2026_cycles_1_0,public_schedule_without_transaction_override,False,,,complete
2024-10-05,0.00,50639.18,2,2800068.77,last_posted_transaction_or_prior_closing_balance,synb1_txn_a7ceef8bd2bc5940d59c352e,trusted,cn_public_2022_2026_cycles_1_0,public_schedule_without_transaction_override,False,,,complete
2024-10-06,120310.56,0.00,1,2920379.33,last_posted_transaction_or_prior_closing_balance,synb1_txn_ede12c86a01f54122e427e32,trusted,cn_public_2022_2026_cycles_1_0,public_schedule_without_transaction_override,False,,,complete
2024-10-07,0.00,101000.00,1,2819379.33,last_posted_transaction_or_prior_closing_balance,synb1_txn_94add625beb572068e27f6b0,trusted,cn_public_2022_2026_cycles_1_0,public_schedule_without_transaction_override,False,,,complete
2024-10-08,115004.55,27629.90,2,2906753.98,last_posted_transaction_or_prior_closing_balance,synb1_txn_4256248df303887a3f0aaa97,trusted,cn_public_2022_2026_cycles_1_0,public_schedule_without_transaction_override,True,190,2024-10-09,complete
2024-10-09,0.00,0.00,0,2906753.98,last_posted_transaction_or_prior_closing_balance,,trusted,cn_public_2022_2026_cycles_1_0,public_schedule_without_transaction_override,True,191,2024-10-10,complete
2024-10-10,37428.49,3029.79,3,2941152.68,last_posted_transaction_or_prior_closing_balance,synb1_txn_6e32a45a92137641ae80464e,trusted,cn_public_2022_2026_cycles_1_0,public_schedule_without_transaction_override,True,192,2024-10-11,complete
2024-10-11,0.00,13868.68,1,2927284.00,last_posted_transaction_or_prior_closing_balance,synb1_txn_e4354752ca2b84e9629e0159,trusted,cn_public_2022_2026_cycles_1_0,public_schedule_without_transaction_override,True,193,2024-10-12,complete
2024-10-12,0.00,0.00,0,2927284.00,last_posted_transaction_or_prior_closing_balance,,trusted,cn_public_2022_2026_cycles_1_0,public_schedule_without_transaction_override,True,194,2024-10-14,complete
2024-10-13,0.00,54870.47,2,2872413.53,last_posted_transaction_or_prior_closing_balance,synb1_txn_92840c57ad5953282f6ee817,trusted,cn_public_2022_2026_cycles_1_0,public_schedule_without_transaction_override,False,,,complete
2024-10-14,193218.78,0.00,1,3065632.31,last_posted_transaction_or_prior_closing_balance,synb1_txn_1d187a432a319eef16a7ddb5,trusted,cn_public_2022_2026_cycles_1_0,public_schedule_without_transaction_override,True,195,2024-10-15,complete
2024-10-15,0.00,0.00,0,3065632.31,last_posted_transaction_or_prior_closing_balance,,trusted,cn_public_2022_2026_cycles_1_0,public_schedule_without_transaction_override,True,196,2024-10-16,complete
2024-10-16,0.00,0.00,0,3065632.31,last_posted_transaction_or_prior_closing_balance,,trusted,cn_public_2022_2026_cycles_1_0,public_schedule_without_transaction_override,True,197,2024-10-17,complete
2024-10-17,0.00,0.00,0,3065632.31,last_posted_transaction_or_prior_closing_balance,,trusted,cn_public_2022_2026_cycles_1_0,public_schedule_without_transaction_override,True,198,2024-10-18,complete
2024-10-18,31343.46,46248.80,4,3050726.97,last_posted_transaction_or_prior_closing_balance,synb1_txn_9bfb94a8de536f0bacb70c84,trusted,cn_public_2022_2026_cycles_1_0,public_schedule_without_transaction_override,True,199,2024-10-21,complete
2024-10-19,0.00,8374.89,1,3042352.08,last_posted_transaction_or_prior_closing_balance,synb1_txn_d2705e05098039239bc4d8ae,trusted,cn_public_2022_2026_cycles_1_0,public_schedule_without_transaction_override,False,,,complete
2024-10-20,350225.14,0.00,1,3392577.22,last_posted_transaction_or_prior_closing_balance,synb1_txn_f555277dbd61647b8d885bce,trusted,cn_public_2022_2026_cycles_1_0,public_schedule_without_transaction_override,False,,,complete
2024-10-21,0.00,0.00,0,3392577.22,last_posted_transaction_or_prior_closing_balance,,trusted,cn_public_2022_2026_cycles_1_0,public_schedule_without_transaction_override,True,200,2024-10-22,complete
2024-10-22,0.00,64964.23,1,3327612.99,last_posted_transaction_or_prior_closing_balance,synb1_txn_79750b6f1c67fbad4282e4aa,trusted,cn_public_2022_2026_cycles_1_0,public_schedule_without_transaction_override,True,201,2024-10-23,complete
2024-10-23,20763.99,339468.17,3,3008908.81,last_posted_transaction_or_prior_closing_balance,synb1_txn_b4990ffa4dea6daaeaee5794,trusted,cn_public_2022_2026_cycles_1_0,public_schedule_without_transaction_override,True,202,2024-10-24,complete
2024-10-24,253638.82,0.00,1,3262547.63,last_posted_transaction_or_prior_closing_balance,synb1_txn_30ca26d13ad6351840b75563,trusted,cn_public_2022_2026_cycles_1_0,public_schedule_without_transaction_override,True,203,2024-10-25,complete
2024-10-25,85018.75,257872.14,3,3089694.24,last_posted_transaction_or_prior_closing_balance,synb1_txn_a649617bed3cef375a508259,trusted,cn_public_2022_2026_cycles_1_0,public_schedule_without_transaction_override,True,204,2024-10-28,complete
2024-10-26,0.00,0.00,0,3089694.24,last_posted_transaction_or_prior_closing_balance,,trusted,cn_public_2022_2026_cycles_1_0,public_schedule_without_transaction_override,False,,,complete
2024-10-27,16576.11,34458.57,2,3071811.78,last_posted_transaction_or_prior_closing_balance,synb1_txn_f143c179198741f210e4dc02,trusted,cn_public_2022_2026_cycles_1_0,public_schedule_without_transaction_override,False,,,complete
2024-10-28,0.00,88690.18,1,2983121.60,last_posted_transaction_or_prior_closing_balance,synb1_txn_6d6c15650edd5891c4545918,trusted,cn_public_2022_2026_cycles_1_0,public_schedule_without_transaction_override,True,205,2024-10-29,complete
2024-10-29,0.00,0.00,0,2983121.60,last_posted_transaction_or_prior_closing_balance,,trusted,cn_public_2022_2026_cycles_1_0,public_schedule_without_transaction_override,True,206,2024-10-30,complete
2024-10-30,0.00,0.00,0,2983121.60,last_posted_transaction_or_prior_closing_balance,,trusted,cn_public_2022_2026_cycles_1_0,public_schedule_without_transaction_override,True,207,2024-10-31,complete
2024-10-31,0.00,0.00,0,2983121.60,last_posted_transaction_or_prior_closing_balance,,trusted,cn_public_2022_2026_cycles_1_0,public_schedule_without_transaction_override,True,208,2024-11-01,complete
2024-11-01,0.00,0.00,0,2983121.60,last_posted_transaction_or_prior_closing_balance,,trusted,cn_public_2022_2026_cycles_1_0,public_schedule_without_transaction_override,True,209,2024-11-04,complete
2024-11-02,0.00,25378.50,1,2957743.10,last_posted_transaction_or_prior_closing_balance,synb1_txn_7f50bd8677d4f2c0ca80bcb1,trusted,cn_public_2022_2026_cycles_1_0,public_schedule_without_transaction_override,False,,,complete
2024-11-03,131318.61,93265.12,3,2995796.59,last_posted_transaction_or_prior_closing_balance,synb1_txn_8ea96d88eb1dd00b48b61f43,trusted,cn_public_2022_2026_cycles_1_0,public_schedule_without_transaction_override,False,,,complete
2024-11-04,0.00,478123.26,2,2517673.33,last_posted_transaction_or_prior_closing_balance,synb1_txn_965b8064145c14ae90cdd989,trusted,cn_public_2022_2026_cycles_1_0,public_schedule_without_transaction_override,True,210,2024-11-05,complete
2024-11-05,190.45,24283.29,3,2493580.49,last_posted_transaction_or_prior_closing_balance,synb1_txn_f488765bb0a80f30762b647e,trusted,cn_public_2022_2026_cycles_1_0,public_schedule_without_transaction_override,True,211,2024-11-06,complete
2024-11-06,0.00,19210.92,1,2474369.57,last_posted_transaction_or_prior_closing_balance,synb1_txn_70498f053a3b048784237a61,trusted,cn_public_2022_2026_cycles_1_0,public_schedule_without_transaction_override,True,212,2024-11-07,complete
2024-11-07,0.00,101000.00,1,2373369.57,last_posted_transaction_or_prior_closing_balance,synb1_txn_f74961861664e3036d254015,trusted,cn_public_2022_2026_cycles_1_0,public_schedule_without_transaction_override,True,213,2024-11-08,complete
2024-11-08,0.00,0.00,0,2373369.57,last_posted_transaction_or_prior_closing_balance,,trusted,cn_public_2022_2026_cycles_1_0,public_schedule_without_transaction_override,True,214,2024-11-11,complete
2024-11-09,0.00,0.00,0,2373369.57,last_posted_transaction_or_prior_closing_balance,,trusted,cn_public_2022_2026_cycles_1_0,public_schedule_without_transaction_override,False,,,complete
2024-11-10,0.00,0.00,0,2373369.57,last_posted_transaction_or_prior_closing_balance,,trusted,cn_public_2022_2026_cycles_1_0,public_schedule_without_transaction_override,False,,,complete
2024-11-11,0.00,0.00,0,2373369.57,last_posted_transaction_or_prior_closing_balance,,trusted,cn_public_2022_2026_cycles_1_0,public_schedule_without_transaction_override,True,215,2024-11-12,complete
2024-11-12,0.00,0.00,0,2373369.57,last_posted_transaction_or_prior_closing_balance,,trusted,cn_public_2022_2026_cycles_1_0,public_schedule_without_transaction_override,True,216,2024-11-13,complete
2024-11-13,0.00,401.86,1,2372967.71,last_posted_transaction_or_prior_closing_balance,synb1_txn_ac3a58d16dd8820e45f3d93d,trusted,cn_public_2022_2026_cycles_1_0,public_schedule_without_transaction_override,True,217,2024-11-14,complete
2024-11-14,0.00,0.00,0,2372967.71,last_posted_transaction_or_prior_closing_balance,,trusted,cn_public_2022_2026_cycles_1_0,public_schedule_without_transaction_override,True,218,2024-11-15,complete
2024-11-15,0.00,146425.85,2,2226541.86,last_posted_transaction_or_prior_closing_balance,synb1_txn_6d2cec3b597feb51a75ab9f1,trusted,cn_public_2022_2026_cycles_1_0,public_schedule_without_transaction_override,True,219,2024-11-18,complete
2024-11-16,0.00,0.00,0,2226541.86,last_posted_transaction_or_prior_closing_balance,,trusted,cn_public_2022_2026_cycles_1_0,public_schedule_without_transaction_override,False,,,complete
2024-11-17,178472.93,0.00,3,2405014.79,last_posted_transaction_or_prior_closing_balance,synb1_txn_34596f5b0c62a281238e5125,trusted,cn_public_2022_2026_cycles_1_0,public_schedule_without_transaction_override,False,,,complete
2024-11-18,293070.34,40942.40,4,2657142.73,last_posted_transaction_or_prior_closing_balance,synb1_txn_2f85427d05da710a35b01475,trusted,cn_public_2022_2026_cycles_1_0,public_schedule_without_transaction_override,True,220,2024-11-19,complete
2024-11-19,253571.90,0.00,2,2910714.63,last_posted_transaction_or_prior_closing_balance,synb1_txn_617e0b8459b30dc5517e93a7,trusted,cn_public_2022_2026_cycles_1_0,public_schedule_without_transaction_override,True,221,2024-11-20,complete
2024-11-20,0.00,0.00,0,2910714.63,last_posted_transaction_or_prior_closing_balance,,trusted,cn_public_2022_2026_cycles_1_0,public_schedule_without_transaction_override,True,222,2024-11-21,complete
2024-11-21,0.00,0.00,0,2910714.63,last_posted_transaction_or_prior_closing_balance,,trusted,cn_public_2022_2026_cycles_1_0,public_schedule_without_transaction_override,True,223,2024-11-22,complete
2024-11-22,27712.39,64647.58,2,2873779.44,last_posted_transaction_or_prior_closing_balance,synb1_txn_a1a1afeae665f2bd32ff9319,trusted,cn_public_2022_2026_cycles_1_0,public_schedule_without_transaction_override,True,224,2024-11-25,complete
2024-11-23,100455.14,11697.88,4,2962536.70,last_posted_transaction_or_prior_closing_balance,synb1_txn_a8ef6e401b931f81d414550b,trusted,cn_public_2022_2026_cycles_1_0,public_schedule_without_transaction_override,False,,,complete
2024-11-24,0.00,3865.74,1,2958670.96,last_posted_transaction_or_prior_closing_balance,synb1_txn_ade438db62ba77b8adedabd0,trusted,cn_public_2022_2026_cycles_1_0,public_schedule_without_transaction_override,False,,,complete
2024-11-25,0.00,0.00,0,2958670.96,last_posted_transaction_or_prior_closing_balance,,trusted,cn_public_2022_2026_cycles_1_0,public_schedule_without_transaction_override,True,225,2024-11-26,complete
2024-11-26,0.00,0.00,0,2958670.96,last_posted_transaction_or_prior_closing_balance,,trusted,cn_public_2022_2026_cycles_1_0,public_schedule_without_transaction_override,True,226,2024-11-27,complete
2024-11-27,0.00,0.00,0,2958670.96,last_posted_transaction_or_prior_closing_balance,,trusted,cn_public_2022_2026_cycles_1_0,public_schedule_without_transaction_override,True,227,2024-11-28,complete
2024-11-28,159008.24,0.00,1,3117679.20,last_posted_transaction_or_prior_closing_balance,synb1_txn_8a00e9748128aa427b4bc725,trusted,cn_public_2022_2026_cycles_1_0,public_schedule_without_transaction_override,True,228,2024-11-29,complete
2024-11-29,0.00,0.00,0,3117679.20,last_posted_transaction_or_prior_closing_balance,,trusted,cn_public_2022_2026_cycles_1_0,public_schedule_without_transaction_override,True,229,2024-12-02,complete
2024-11-30,0.00,0.00,0,3117679.20,last_posted_transaction_or_prior_closing_balance,,trusted,cn_public_2022_2026_cycles_1_0,public_schedule_without_transaction_override,False,,,complete
2024-12-01,0.00,0.00,0,3117679.20,last_posted_transaction_or_prior_closing_balance,,trusted,cn_public_2022_2026_cycles_1_0,public_schedule_without_transaction_override,False,,,complete
2024-12-02,0.00,0.00,0,3117679.20,last_posted_transaction_or_prior_closing_balance,,trusted,cn_public_2022_2026_cycles_1_0,public_schedule_without_transaction_override,True,230,2024-12-03,complete
2024-12-03,137433.96,0.00,2,3255113.16,last_posted_transaction_or_prior_closing_balance,synb1_txn_da5f5dcf2d1f40e192a2dd60,trusted,cn_public_2022_2026_cycles_1_0,public_schedule_without_transaction_override,True,231,2024-12-04,complete
2024-12-04,0.00,72974.88,1,3182138.28,last_posted_transaction_or_prior_closing_balance,synb1_txn_7399d30b5015a92f53d3b935,trusted,cn_public_2022_2026_cycles_1_0,public_schedule_without_transaction_override,True,232,2024-12-05,complete
2024-12-05,195189.14,19500.00,2,3357827.42,last_posted_transaction_or_prior_closing_balance,synb1_txn_75ab9d54df531f8abd3f311c,trusted,cn_public_2022_2026_cycles_1_0,public_schedule_without_transaction_override,True,233,2024-12-06,complete
2024-12-06,0.00,0.00,0,3357827.42,last_posted_transaction_or_prior_closing_balance,,trusted,cn_public_2022_2026_cycles_1_0,public_schedule_without_transaction_override,True,234,2024-12-09,complete
2024-12-07,0.00,101000.00,1,3256827.42,last_posted_transaction_or_prior_closing_balance,synb1_txn_a48ce7fc40fd089c88ee0916,trusted,cn_public_2022_2026_cycles_1_0,public_schedule_without_transaction_override,False,,,complete
2024-12-08,0.00,0.00,0,3256827.42,last_posted_transaction_or_prior_closing_balance,,trusted,cn_public_2022_2026_cycles_1_0,public_schedule_without_transaction_override,False,,,complete
2024-12-09,0.00,141340.04,1,3115487.38,last_posted_transaction_or_prior_closing_balance,synb1_txn_7aed779867dfc4bfc9abe707,trusted,cn_public_2022_2026_cycles_1_0,public_schedule_without_transaction_override,True,235,2024-12-10,complete
2024-12-10,0.00,0.00,0,3115487.38,last_posted_transaction_or_prior_closing_balance,,trusted,cn_public_2022_2026_cycles_1_0,public_schedule_without_transaction_override,True,236,2024-12-11,complete
2024-12-11,0.00,0.00,0,3115487.38,last_posted_transaction_or_prior_closing_balance,,trusted,cn_public_2022_2026_cycles_1_0,public_schedule_without_transaction_override,True,237,2024-12-12,complete
2024-12-12,0.00,0.00,0,3115487.38,last_posted_transaction_or_prior_closing_balance,,trusted,cn_public_2022_2026_cycles_1_0,public_schedule_without_transaction_override,True,238,2024-12-13,complete
2024-12-13,0.00,338.00,1,3115149.38,last_posted_transaction_or_prior_closing_balance,synb1_txn_7b29597924917effa7418858,trusted,cn_public_2022_2026_cycles_1_0,public_schedule_without_transaction_override,True,239,2024-12-16,complete
2024-12-14,80192.14,0.00,2,3195341.52,last_posted_transaction_or_prior_closing_balance,synb1_txn_ab181286e86c40af76c4271d,trusted,cn_public_2022_2026_cycles_1_0,public_schedule_without_transaction_override,False,,,complete
2024-12-15,0.00,3261.10,1,3192080.42,last_posted_transaction_or_prior_closing_balance,synb1_txn_f44100bffa0772784ab17eff,trusted,cn_public_2022_2026_cycles_1_0,public_schedule_without_transaction_override,False,,,complete
2024-12-16,62864.02,0.00,2,3254944.44,last_posted_transaction_or_prior_closing_balance,synb1_txn_b9d15869c29244644654c47e,trusted,cn_public_2022_2026_cycles_1_0,public_schedule_without_transaction_override,True,240,2024-12-17,complete
2024-12-17,396322.97,0.00,1,3651267.41,last_posted_transaction_or_prior_closing_balance,synb1_txn_58af63c0046f93d7394d7a19,trusted,cn_public_2022_2026_cycles_1_0,public_schedule_without_transaction_override,True,241,2024-12-18,complete
2024-12-18,85352.24,34456.80,4,3702162.85,last_posted_transaction_or_prior_closing_balance,synb1_txn_22af92daf11c0a290f848334,trusted,cn_public_2022_2026_cycles_1_0,public_schedule_without_transaction_override,True,242,2024-12-19,complete
2024-12-19,0.00,171285.21,2,3530877.64,last_posted_transaction_or_prior_closing_balance,synb1_txn_5367ccecff67941dd3f28487,trusted,cn_public_2022_2026_cycles_1_0,public_schedule_without_transaction_override,True,243,2024-12-20,complete
2024-12-20,0.00,0.00,0,3530877.64,last_posted_transaction_or_prior_closing_balance,,trusted,cn_public_2022_2026_cycles_1_0,public_schedule_without_transaction_override,True,244,2024-12-23,complete
2024-12-21,0.00,0.00,0,3530877.64,last_posted_transaction_or_prior_closing_balance,,trusted,cn_public_2022_2026_cycles_1_0,public_schedule_without_transaction_override,False,,,complete
2024-12-22,21038.42,0.00,2,3551916.06,last_posted_transaction_or_prior_closing_balance,synb1_txn_8641814267d6f0da463e6d39,trusted,cn_public_2022_2026_cycles_1_0,public_schedule_without_transaction_override,False,,,complete
2024-12-23,0.00,121425.12,1,3430490.94,last_posted_transaction_or_prior_closing_balance,synb1_txn_5cf820d0add5c5e937c5c11e,trusted,cn_public_2022_2026_cycles_1_0,public_schedule_without_transaction_override,True,245,2024-12-24,complete
2024-12-24,0.00,4847.03,2,3425643.91,last_posted_transaction_or_prior_closing_balance,synb1_txn_b121de5465c030e06bac5ed2,trusted,cn_public_2022_2026_cycles_1_0,public_schedule_without_transaction_override,True,246,2024-12-25,complete
2024-12-25,0.00,133934.83,1,3291709.08,last_posted_transaction_or_prior_closing_balance,synb1_txn_15c9975b9ca9309e345a69fb,trusted,cn_public_2022_2026_cycles_1_0,public_schedule_without_transaction_override,True,247,2024-12-26,complete
2024-12-26,37865.47,0.00,1,3329574.55,last_posted_transaction_or_prior_closing_balance,synb1_txn_20cc41a7983039b3349cd2b4,trusted,cn_public_2022_2026_cycles_1_0,public_schedule_without_transaction_override,True,248,2024-12-27,complete
2024-12-27,0.00,115893.79,1,3213680.76,last_posted_transaction_or_prior_closing_balance,synb1_txn_7f13d29f4dafe7dc15fef63a,trusted,cn_public_2022_2026_cycles_1_0,public_schedule_without_transaction_override,True,249,2024-12-30,complete
2024-12-28,17541.64,0.00,2,3231222.40,last_posted_transaction_or_prior_closing_balance,synb1_txn_54a66e301bf0e2d52db7167d,trusted,cn_public_2022_2026_cycles_1_0,public_schedule_without_transaction_override,False,,,complete
2024-12-29,0.00,0.00,0,3231222.40,last_posted_transaction_or_prior_closing_balance,,trusted,cn_public_2022_2026_cycles_1_0,public_schedule_without_transaction_override,False,,,complete
2024-12-30,0.00,0.00,0,3231222.40,last_posted_transaction_or_prior_closing_balance,,trusted,cn_public_2022_2026_cycles_1_0,public_schedule_without_transaction_override,True,250,2024-12-31,complete
2024-12-31,0.00,0.00,0,3231222.40,last_posted_transaction_or_prior_closing_balance,,trusted,cn_public_2022_2026_cycles_1_0,public_schedule_without_transaction_override,True,251,2025-01-02,complete
2025-01-01,0.00,0.00,0,3231222.40,last_posted_transaction_or_prior_closing_balance,,trusted,cn_public_2022_2026_cycles_1_0,public_schedule_without_transaction_override,False,,,complete
2025-01-02,0.00,34647.56,1,3196574.84,last_posted_transaction_or_prior_closing_balance,synb1_txn_a625e7fd19f71908c6952d76,trusted,cn_public_2022_2026_cycles_1_0,public_schedule_without_transaction_override,True,252,2025-01-03,complete
2025-01-03,0.00,134123.81,2,3062451.03,last_posted_transaction_or_prior_closing_balance,synb1_txn_40245adfbbe83b8b13d527bb,trusted,cn_public_2022_2026_cycles_1_0,public_schedule_without_transaction_override,True,253,2025-01-06,complete
2025-01-04,0.00,236211.85,1,2826239.18,last_posted_transaction_or_prior_closing_balance,synb1_txn_61606bcb794641c39b3069e5,trusted,cn_public_2022_2026_cycles_1_0,public_schedule_without_transaction_override,False,,,complete
2025-01-05,314773.35,19500.00,3,3121512.53,last_posted_transaction_or_prior_closing_balance,synb1_txn_8c7f980f809554f858b05ca1,trusted,cn_public_2022_2026_cycles_1_0,public_schedule_without_transaction_override,False,,,complete
2025-01-06,0.00,0.00,0,3121512.53,last_posted_transaction_or_prior_closing_balance,,trusted,cn_public_2022_2026_cycles_1_0,public_schedule_without_transaction_override,True,254,2025-01-07,complete
2025-01-07,33157.39,101000.00,2,3053669.92,last_posted_transaction_or_prior_closing_balance,synb1_txn_aec4bd5190d0604873575ae9,trusted,cn_public_2022_2026_cycles_1_0,public_schedule_without_transaction_override,True,255,2025-01-08,complete
2025-01-08,6540.95,0.00,1,3060210.87,last_posted_transaction_or_prior_closing_balance,synb1_txn_5e534a8cc7f16e297410b068,trusted,cn_public_2022_2026_cycles_1_0,public_schedule_without_transaction_override,True,256,2025-01-09,complete
2025-01-09,8743.96,0.00,1,3068954.83,last_posted_transaction_or_prior_closing_balance,synb1_txn_404acb4fb6a7fb7dc65f6215,trusted,cn_public_2022_2026_cycles_1_0,public_schedule_without_transaction_override,True,257,2025-01-10,complete
2025-01-10,75808.02,5909.19,2,3138853.66,last_posted_transaction_or_prior_closing_balance,synb1_txn_bf33f25ca925666d06557aad,trusted,cn_public_2022_2026_cycles_1_0,public_schedule_without_transaction_override,True,258,2025-01-13,complete
2025-01-11,24101.50,0.00,1,3162955.16,last_posted_transaction_or_prior_closing_balance,synb1_txn_be29491ad8a5f5e4332af2ff,trusted,cn_public_2022_2026_cycles_1_0,public_schedule_without_transaction_override,False,,,complete
2025-01-12,95196.67,0.00,3,3258151.83,last_posted_transaction_or_prior_closing_balance,synb1_txn_6e95f9b04f716676ff0742d6,trusted,cn_public_2022_2026_cycles_1_0,public_schedule_without_transaction_override,False,,,complete
2025-01-13,105483.93,0.00,1,3363635.76,last_posted_transaction_or_prior_closing_balance,synb1_txn_73ceebf9075cbe87607b2aef,trusted,cn_public_2022_2026_cycles_1_0,public_schedule_without_transaction_override,True,259,2025-01-14,complete
2025-01-14,37727.79,0.00,2,3401363.55,last_posted_transaction_or_prior_closing_balance,synb1_txn_4a3b9914d37c435394525d26,trusted,cn_public_2022_2026_cycles_1_0,public_schedule_without_transaction_override,True,260,2025-01-15,complete
2025-01-15,0.00,0.00,0,3401363.55,last_posted_transaction_or_prior_closing_balance,,trusted,cn_public_2022_2026_cycles_1_0,public_schedule_without_transaction_override,True,261,2025-01-16,complete
2025-01-16,0.00,0.00,0,3401363.55,last_posted_transaction_or_prior_closing_balance,,trusted,cn_public_2022_2026_cycles_1_0,public_schedule_without_transaction_override,True,262,2025-01-17,complete
2025-01-17,0.00,4382.84,1,3396980.71,last_posted_transaction_or_prior_closing_balance,synb1_txn_fc7407ba6e3b949a51e9ec43,trusted,cn_public_2022_2026_cycles_1_0,public_schedule_without_transaction_override,True,263,2025-01-20,complete
2025-01-18,0.00,0.00,0,3396980.71,last_posted_transaction_or_prior_closing_balance,,trusted,cn_public_2022_2026_cycles_1_0,public_schedule_without_transaction_override,False,,,complete
2025-01-19,0.00,0.00,0,3396980.71,last_posted_transaction_or_prior_closing_balance,,trusted,cn_public_2022_2026_cycles_1_0,public_schedule_without_transaction_override,False,,,complete
2025-01-20,0.00,27971.20,3,3369009.51,last_posted_transaction_or_prior_closing_balance,synb1_txn_c8086f1e6d004a01ce79d0d6,trusted,cn_public_2022_2026_cycles_1_0,public_schedule_without_transaction_override,True,264,2025-01-21,complete
2025-01-21,0.00,13536.60,1,3355472.91,last_posted_transaction_or_prior_closing_balance,synb1_txn_c85e61c49ad1686a7f690df4,trusted,cn_public_2022_2026_cycles_1_0,public_schedule_without_transaction_override,True,265,2025-01-22,complete
2025-01-22,0.00,0.00,0,3355472.91,last_posted_transaction_or_prior_closing_balance,,trusted,cn_public_2022_2026_cycles_1_0,public_schedule_without_transaction_override,True,266,2025-01-23,complete
2025-01-23,208129.52,0.00,3,3563602.43,last_posted_transaction_or_prior_closing_balance,synb1_txn_2fe39351460c40de7c641f7b,trusted,cn_public_2022_2026_cycles_1_0,public_schedule_without_transaction_override,True,267,2025-01-24,complete
2025-01-24,0.00,265388.15,1,3298214.28,last_posted_transaction_or_prior_closing_balance,synb1_txn_2c3b464eba04485c354aa973,trusted,cn_public_2022_2026_cycles_1_0,public_schedule_without_transaction_override,True,268,2025-01-26,complete
2025-01-25,0.00,0.00,0,3298214.28,last_posted_transaction_or_prior_closing_balance,,trusted,cn_public_2022_2026_cycles_1_0,public_schedule_without_transaction_override,False,,,complete
2025-01-26,0.00,0.00,0,3298214.28,last_posted_transaction_or_prior_closing_balance,,trusted,cn_public_2022_2026_cycles_1_0,public_schedule_without_transaction_override,True,269,2025-01-27,complete
2025-01-27,0.00,0.00,0,3298214.28,last_posted_transaction_or_prior_closing_balance,,trusted,cn_public_2022_2026_cycles_1_0,public_schedule_without_transaction_override,True,270,2025-02-05,complete
2025-01-28,22536.92,0.00,1,3320751.20,last_posted_transaction_or_prior_closing_balance,synb1_txn_8b5342d906576d50f623fe48,trusted,cn_public_2022_2026_cycles_1_0,public_schedule_without_transaction_override,False,,,complete
2025-01-29,0.00,0.00,0,3320751.20,last_posted_transaction_or_prior_closing_balance,,trusted,cn_public_2022_2026_cycles_1_0,public_schedule_without_transaction_override,False,,,complete
2025-01-30,0.00,0.00,0,3320751.20,last_posted_transaction_or_prior_closing_balance,,trusted,cn_public_2022_2026_cycles_1_0,public_schedule_without_transaction_override,False,,,complete
2025-01-31,0.00,0.00,0,3320751.20,last_posted_transaction_or_prior_closing_balance,,trusted,cn_public_2022_2026_cycles_1_0,public_schedule_without_transaction_override,False,,,complete
2025-02-01,0.00,0.00,0,3320751.20,last_posted_transaction_or_prior_closing_balance,,trusted,cn_public_2022_2026_cycles_1_0,public_schedule_without_transaction_override,False,,,complete
2025-02-02,0.00,0.00,0,3320751.20,last_posted_transaction_or_prior_closing_balance,,trusted,cn_public_2022_2026_cycles_1_0,public_schedule_without_transaction_override,False,,,complete
2025-02-03,0.00,57835.82,1,3262915.38,last_posted_transaction_or_prior_closing_balance,synb1_txn_a83d67b9859629552013abda,trusted,cn_public_2022_2026_cycles_1_0,public_schedule_without_transaction_override,False,,,complete
2025-02-04,35394.45,0.00,1,3298309.83,last_posted_transaction_or_prior_closing_balance,synb1_txn_512372887317f9c0986c2a20,trusted,cn_public_2022_2026_cycles_1_0,public_schedule_without_transaction_override,False,,,complete
2025-02-05,0.00,53830.75,2,3244479.08,last_posted_transaction_or_prior_closing_balance,synb1_txn_8b5ac32d50fbad5ccaad461a,trusted,cn_public_2022_2026_cycles_1_0,public_schedule_without_transaction_override,True,271,2025-02-06,complete
2025-02-06,0.00,59.63,1,3244419.45,last_posted_transaction_or_prior_closing_balance,synb1_txn_6b43301e8c9ec07851ac77b9,trusted,cn_public_2022_2026_cycles_1_0,public_schedule_without_transaction_override,True,272,2025-02-07,complete
2025-02-07,0.00,112717.62,2,3131701.83,last_posted_transaction_or_prior_closing_balance,synb1_txn_9165e00edf485ac8c8a6ef6e,trusted,cn_public_2022_2026_cycles_1_0,public_schedule_without_transaction_override,True,273,2025-02-08,complete
2025-02-08,0.00,0.00,0,3131701.83,last_posted_transaction_or_prior_closing_balance,,trusted,cn_public_2022_2026_cycles_1_0,public_schedule_without_transaction_override,True,274,2025-02-10,complete
2025-02-09,51635.24,0.00,2,3183337.07,last_posted_transaction_or_prior_closing_balance,synb1_txn_ce356b6a695daf54cb913d9f,trusted,cn_public_2022_2026_cycles_1_0,public_schedule_without_transaction_override,False,,,complete
2025-02-10,55963.42,74707.09,2,3164593.40,last_posted_transaction_or_prior_closing_balance,synb1_txn_a76a88739a33206b248359be,trusted,cn_public_2022_2026_cycles_1_0,public_schedule_without_transaction_override,True,275,2025-02-11,complete
2025-02-11,0.00,0.00,0,3164593.40,last_posted_transaction_or_prior_closing_balance,,trusted,cn_public_2022_2026_cycles_1_0,public_schedule_without_transaction_override,True,276,2025-02-12,complete
2025-02-12,197132.81,0.00,1,3361726.21,last_posted_transaction_or_prior_closing_balance,synb1_txn_a35b28b18c390840fef12f5c,trusted,cn_public_2022_2026_cycles_1_0,public_schedule_without_transaction_override,True,277,2025-02-13,complete
2025-02-13,34898.71,0.00,1,3396624.92,last_posted_transaction_or_prior_closing_balance,synb1_txn_cf3856e0e24b83fac8cc2478,trusted,cn_public_2022_2026_cycles_1_0,public_schedule_without_transaction_override,True,278,2025-02-14,complete
2025-02-14,0.00,115886.32,1,3280738.60,last_posted_transaction_or_prior_closing_balance,synb1_txn_b5233f88ad76a19453f050cd,trusted,cn_public_2022_2026_cycles_1_0,public_schedule_without_transaction_override,True,279,2025-02-17,complete
2025-02-15,0.00,0.00,0,3280738.60,last_posted_transaction_or_prior_closing_balance,,trusted,cn_public_2022_2026_cycles_1_0,public_schedule_without_transaction_override,False,,,complete
2025-02-16,0.00,65099.21,1,3215639.39,last_posted_transaction_or_prior_closing_balance,synb1_txn_01d6f2ac48f26b65b2164d27,trusted,cn_public_2022_2026_cycles_1_0,public_schedule_without_transaction_override,False,,,complete
2025-02-17,0.00,0.00,0,3215639.39,last_posted_transaction_or_prior_closing_balance,,trusted,cn_public_2022_2026_cycles_1_0,public_schedule_without_transaction_override,True,280,2025-02-18,complete
2025-02-18,0.00,22664.80,3,3192974.59,last_posted_transaction_or_prior_closing_balance,synb1_txn_dd65f934196d5ca029e7fdbb,trusted,cn_public_2022_2026_cycles_1_0,public_schedule_without_transaction_override,True,281,2025-02-19,complete
2025-02-19,304271.40,190551.00,3,3306694.99,last_posted_transaction_or_prior_closing_balance,synb1_txn_0cdfc743d699af8fbd229523,trusted,cn_public_2022_2026_cycles_1_0,public_schedule_without_transaction_override,True,282,2025-02-20,complete
2025-02-20,59424.97,1134.22,2,3364985.74,last_posted_transaction_or_prior_closing_balance,synb1_txn_78667ccdec129e5cd4c5c47d,trusted,cn_public_2022_2026_cycles_1_0,public_schedule_without_transaction_override,True,283,2025-02-21,complete
2025-02-21,0.00,0.00,0,3364985.74,last_posted_transaction_or_prior_closing_balance,,trusted,cn_public_2022_2026_cycles_1_0,public_schedule_without_transaction_override,True,284,2025-02-24,complete
2025-02-22,0.00,0.00,0,3364985.74,last_posted_transaction_or_prior_closing_balance,,trusted,cn_public_2022_2026_cycles_1_0,public_schedule_without_transaction_override,False,,,complete
2025-02-23,0.00,0.00,0,3364985.74,last_posted_transaction_or_prior_closing_balance,,trusted,cn_public_2022_2026_cycles_1_0,public_schedule_without_transaction_override,False,,,complete
2025-02-24,0.00,0.00,0,3364985.74,last_posted_transaction_or_prior_closing_balance,,trusted,cn_public_2022_2026_cycles_1_0,public_schedule_without_transaction_override,True,285,2025-02-25,complete
2025-02-25,0.00,0.00,0,3364985.74,last_posted_transaction_or_prior_closing_balance,,trusted,cn_public_2022_2026_cycles_1_0,public_schedule_without_transaction_override,True,286,2025-02-26,complete
2025-02-26,1879.44,0.00,1,3366865.18,last_posted_transaction_or_prior_closing_balance,synb1_txn_5950689bf67a7fbce5dfd7bb,trusted,cn_public_2022_2026_cycles_1_0,public_schedule_without_transaction_override,True,287,2025-02-27,complete
2025-02-27,0.00,0.00,0,3366865.18,last_posted_transaction_or_prior_closing_balance,,trusted,cn_public_2022_2026_cycles_1_0,public_schedule_without_transaction_override,True,288,2025-02-28,complete
2025-02-28,109999.56,86778.34,3,3390086.40,last_posted_transaction_or_prior_closing_balance,synb1_txn_4d929e8014af4c77d0fa9620,trusted,cn_public_2022_2026_cycles_1_0,public_schedule_without_transaction_override,True,289,2025-03-03,complete
2025-03-01,0.00,0.00,0,3390086.40,last_posted_transaction_or_prior_closing_balance,,trusted,cn_public_2022_2026_cycles_1_0,public_schedule_without_transaction_override,False,,,complete
2025-03-02,0.00,0.00,0,3390086.40,last_posted_transaction_or_prior_closing_balance,,trusted,cn_public_2022_2026_cycles_1_0,public_schedule_without_transaction_override,False,,,complete
2025-03-03,10729.60,0.00,1,3400816.00,last_posted_transaction_or_prior_closing_balance,synb1_txn_7c3f2c8ca7e6635f09b8d510,trusted,cn_public_2022_2026_cycles_1_0,public_schedule_without_transaction_override,True,290,2025-03-04,complete
2025-03-04,26069.81,69122.05,2,3357763.76,last_posted_transaction_or_prior_closing_balance,synb1_txn_2e1a0698fc76344ecac2f7e4,trusted,cn_public_2022_2026_cycles_1_0,public_schedule_without_transaction_override,True,291,2025-03-05,complete
2025-03-05,0.00,19500.00,1,3338263.76,last_posted_transaction_or_prior_closing_balance,synb1_txn_51b2df2764fbf8d0a38ad598,trusted,cn_public_2022_2026_cycles_1_0,public_schedule_without_transaction_override,True,292,2025-03-06,complete
2025-03-06,120433.43,0.00,1,3458697.19,last_posted_transaction_or_prior_closing_balance,synb1_txn_d4ad156cf7e6d6f55c49f005,trusted,cn_public_2022_2026_cycles_1_0,public_schedule_without_transaction_override,True,293,2025-03-07,complete
2025-03-07,136483.60,82000.00,3,3513180.79,last_posted_transaction_or_prior_closing_balance,synb1_txn_c701f54bfcd3ecb724aafca1,trusted,cn_public_2022_2026_cycles_1_0,public_schedule_without_transaction_override,True,294,2025-03-10,complete
2025-03-08,0.00,52430.62,1,3460750.17,last_posted_transaction_or_prior_closing_balance,synb1_txn_c6874a6bffefe012bbef8dd8,trusted,cn_public_2022_2026_cycles_1_0,public_schedule_without_transaction_override,False,,,complete
2025-03-09,10324.30,1545.61,2,3469528.86,last_posted_transaction_or_prior_closing_balance,synb1_txn_289123b17eea41c555cf7089,trusted,cn_public_2022_2026_cycles_1_0,public_schedule_without_transaction_override,False,,,complete
2025-03-10,0.00,0.00,0,3469528.86,last_posted_transaction_or_prior_closing_balance,,trusted,cn_public_2022_2026_cycles_1_0,public_schedule_without_transaction_override,True,295,2025-03-11,complete
2025-03-11,59794.17,0.00,1,3529323.03,last_posted_transaction_or_prior_closing_balance,synb1_txn_b18491fa4f56f92a712a3139,trusted,cn_public_2022_2026_cycles_1_0,public_schedule_without_transaction_override,True,296,2025-03-12,complete
2025-03-12,0.00,33211.00,1,3496112.03,last_posted_transaction_or_prior_closing_balance,synb1_txn_465e0c9207f87040d43ff4eb,trusted,cn_public_2022_2026_cycles_1_0,public_schedule_without_transaction_override,True,297,2025-03-13,complete
2025-03-13,0.00,0.00,0,3496112.03,last_posted_transaction_or_prior_closing_balance,,trusted,cn_public_2022_2026_cycles_1_0,public_schedule_without_transaction_override,True,298,2025-03-14,complete
2025-03-14,129122.28,0.00,1,3625234.31,last_posted_transaction_or_prior_closing_balance,synb1_txn_21e5d7270b279f83eb61de11,trusted,cn_public_2022_2026_cycles_1_0,public_schedule_without_transaction_override,True,299,2025-03-17,complete
2025-03-15,97877.39,0.00,2,3723111.70,last_posted_transaction_or_prior_closing_balance,synb1_txn_4f77f5d2fa942743b94e8118,trusted,cn_public_2022_2026_cycles_1_0,public_schedule_without_transaction_override,False,,,complete
2025-03-16,0.00,15480.06,1,3707631.64,last_posted_transaction_or_prior_closing_balance,synb1_txn_32b6bf8176f4dcbf635efde0,trusted,cn_public_2022_2026_cycles_1_0,public_schedule_without_transaction_override,False,,,complete
2025-03-17,45468.88,0.00,1,3753100.52,last_posted_transaction_or_prior_closing_balance,synb1_txn_64115fcb681e5fbeea00d54d,trusted,cn_public_2022_2026_cycles_1_0,public_schedule_without_transaction_override,True,300,2025-03-18,complete
2025-03-18,0.00,46377.50,4,3706723.02,last_posted_transaction_or_prior_closing_balance,synb1_txn_58e10d98772a433cf7553a1e,trusted,cn_public_2022_2026_cycles_1_0,public_schedule_without_transaction_override,True,301,2025-03-19,complete
2025-03-19,0.00,0.00,0,3706723.02,last_posted_transaction_or_prior_closing_balance,,trusted,cn_public_2022_2026_cycles_1_0,public_schedule_without_transaction_override,True,302,2025-03-20,complete
2025-03-20,77216.76,0.00,2,3783939.78,last_posted_transaction_or_prior_closing_balance,synb1_txn_5f08ecfd5e69665bea093503,trusted,cn_public_2022_2026_cycles_1_0,public_schedule_without_transaction_override,True,303,2025-03-21,complete
2025-03-21,0.00,25477.96,1,3758461.82,last_posted_transaction_or_prior_closing_balance,synb1_txn_758659042c879834dc1b6745,trusted,cn_public_2022_2026_cycles_1_0,public_schedule_without_transaction_override,True,304,2025-03-24,complete
2025-03-22,0.00,34444.57,1,3724017.25,last_posted_transaction_or_prior_closing_balance,synb1_txn_c84c105d64079cc998e9ad86,trusted,cn_public_2022_2026_cycles_1_0,public_schedule_without_transaction_override,False,,,complete
2025-03-23,0.00,0.00,0,3724017.25,last_posted_transaction_or_prior_closing_balance,,trusted,cn_public_2022_2026_cycles_1_0,public_schedule_without_transaction_override,False,,,complete
2025-03-24,40010.51,0.00,1,3764027.76,last_posted_transaction_or_prior_closing_balance,synb1_txn_a3aa04b3e42aa1c3e179c703,trusted,cn_public_2022_2026_cycles_1_0,public_schedule_without_transaction_override,True,305,2025-03-25,complete
2025-03-25,96269.27,1275.36,2,3859021.67,last_posted_transaction_or_prior_closing_balance,synb1_txn_163cec86f884a9f992de5d55,trusted,cn_public_2022_2026_cycles_1_0,public_schedule_without_transaction_override,True,306,2025-03-26,complete
2025-03-26,0.00,198412.43,1,3660609.24,last_posted_transaction_or_prior_closing_balance,synb1_txn_0ea082148717a4b69b36d319,trusted,cn_public_2022_2026_cycles_1_0,public_schedule_without_transaction_override,True,307,2025-03-27,complete
2025-03-27,0.00,55395.78,3,3605213.46,last_posted_transaction_or_prior_closing_balance,synb1_txn_f25129fb1731f2168df4971e,trusted,cn_public_2022_2026_cycles_1_0,public_schedule_without_transaction_override,True,308,2025-03-28,complete
2025-03-28,0.00,996.66,1,3604216.80,last_posted_transaction_or_prior_closing_balance,synb1_txn_d119afa17dca7b50ba3e8951,trusted,cn_public_2022_2026_cycles_1_0,public_schedule_without_transaction_override,True,309,2025-03-31,complete
2025-03-29,0.00,0.00,0,3604216.80,last_posted_transaction_or_prior_closing_balance,,trusted,cn_public_2022_2026_cycles_1_0,public_schedule_without_transaction_override,False,,,complete
2025-03-30,0.00,0.00,0,3604216.80,last_posted_transaction_or_prior_closing_balance,,trusted,cn_public_2022_2026_cycles_1_0,public_schedule_without_transaction_override,False,,,complete
2025-03-31,0.00,0.00,0,3604216.80,last_posted_transaction_or_prior_closing_balance,,trusted,cn_public_2022_2026_cycles_1_0,public_schedule_without_transaction_override,True,310,2025-04-01,complete
2025-04-01,0.00,0.00,0,3604216.80,last_posted_transaction_or_prior_closing_balance,,trusted,cn_public_2022_2026_cycles_1_0,public_schedule_without_transaction_override,True,311,2025-04-02,complete
2025-04-02,0.00,119469.13,3,3484747.67,last_posted_transaction_or_prior_closing_balance,synb1_txn_f23e411a3aa293fa975638ba,trusted,cn_public_2022_2026_cycles_1_0,public_schedule_without_transaction_override,True,312,2025-04-03,complete
2025-04-03,0.00,119111.41,1,3365636.26,last_posted_transaction_or_prior_closing_balance,synb1_txn_6ae80a956d349290fe49eb1f,trusted,cn_public_2022_2026_cycles_1_0,public_schedule_without_transaction_override,True,313,2025-04-07,complete
2025-04-04,0.00,0.00,0,3365636.26,last_posted_transaction_or_prior_closing_balance,,trusted,cn_public_2022_2026_cycles_1_0,public_schedule_without_transaction_override,False,,,complete
2025-04-05,40219.22,22352.96,3,3383502.52,last_posted_transaction_or_prior_closing_balance,synb1_txn_ba747a1525f47285db56dc8e,trusted,cn_public_2022_2026_cycles_1_0,public_schedule_without_transaction_override,False,,,complete
2025-04-06,35244.94,0.00,1,3418747.46,last_posted_transaction_or_prior_closing_balance,synb1_txn_03c762fdf8257c5301f6d0b3,trusted,cn_public_2022_2026_cycles_1_0,public_schedule_without_transaction_override,False,,,complete
2025-04-07,12046.35,82000.00,2,3348793.81,last_posted_transaction_or_prior_closing_balance,synb1_txn_263b792c916c1fb9f0da9ee1,trusted,cn_public_2022_2026_cycles_1_0,public_schedule_without_transaction_override,True,314,2025-04-08,complete
2025-04-08,73472.68,0.00,1,3422266.49,last_posted_transaction_or_prior_closing_balance,synb1_txn_a730d3530a1ae5d8159fec8f,trusted,cn_public_2022_2026_cycles_1_0,public_schedule_without_transaction_override,True,315,2025-04-09,complete
2025-04-09,115898.62,0.00,1,3538165.11,last_posted_transaction_or_prior_closing_balance,synb1_txn_13ccd638c4529c465119cfd5,trusted,cn_public_2022_2026_cycles_1_0,public_schedule_without_transaction_override,True,316,2025-04-10,complete
2025-04-10,77810.13,0.00,1,3615975.24,last_posted_transaction_or_prior_closing_balance,synb1_txn_fad6e4c739dd20ac65087cde,trusted,cn_public_2022_2026_cycles_1_0,public_schedule_without_transaction_override,True,317,2025-04-11,complete
2025-04-11,0.00,0.00,0,3615975.24,last_posted_transaction_or_prior_closing_balance,,trusted,cn_public_2022_2026_cycles_1_0,public_schedule_without_transaction_override,True,318,2025-04-14,complete
2025-04-12,0.00,0.00,0,3615975.24,last_posted_transaction_or_prior_closing_balance,,trusted,cn_public_2022_2026_cycles_1_0,public_schedule_without_transaction_override,False,,,complete
2025-04-13,154778.67,0.00,3,3770753.91,last_posted_transaction_or_prior_closing_balance,synb1_txn_3a384d083cdd8969ef9f1cb8,trusted,cn_public_2022_2026_cycles_1_0,public_schedule_without_transaction_override,False,,,complete
2025-04-14,12441.77,0.00,1,3783195.68,last_posted_transaction_or_prior_closing_balance,synb1_txn_e2213dc1d819cb9045422429,trusted,cn_public_2022_2026_cycles_1_0,public_schedule_without_transaction_override,True,319,2025-04-15,complete
2025-04-15,0.00,41791.40,1,3741404.28,last_posted_transaction_or_prior_closing_balance,synb1_txn_4ee47c95ab885bcc28bb42f9,trusted,cn_public_2022_2026_cycles_1_0,public_schedule_without_transaction_override,True,320,2025-04-16,complete
2025-04-16,0.00,18511.06,1,3722893.22,last_posted_transaction_or_prior_closing_balance,synb1_txn_5f2278136a93d5cefe756a76,trusted,cn_public_2022_2026_cycles_1_0,public_schedule_without_transaction_override,True,321,2025-04-17,complete
2025-04-17,0.00,0.00,0,3722893.22,last_posted_transaction_or_prior_closing_balance,,trusted,cn_public_2022_2026_cycles_1_0,public_schedule_without_transaction_override,True,322,2025-04-18,complete
2025-04-18,0.00,141239.40,4,3581653.82,last_posted_transaction_or_prior_closing_balance,synb1_txn_0077201cc95e172e2f60650b,trusted,cn_public_2022_2026_cycles_1_0,public_schedule_without_transaction_override,True,323,2025-04-21,complete
2025-04-19,0.00,0.00,0,3581653.82,last_posted_transaction_or_prior_closing_balance,,trusted,cn_public_2022_2026_cycles_1_0,public_schedule_without_transaction_override,False,,,complete
2025-04-20,0.00,0.00,0,3581653.82,last_posted_transaction_or_prior_closing_balance,,trusted,cn_public_2022_2026_cycles_1_0,public_schedule_without_transaction_override,False,,,complete
2025-04-21,150760.42,0.00,2,3732414.24,last_posted_transaction_or_prior_closing_balance,synb1_txn_91764058f073ad5d9fc7e3aa,trusted,cn_public_2022_2026_cycles_1_0,public_schedule_without_transaction_override,True,324,2025-04-22,complete
2025-04-22,0.00,57213.44,1,3675200.80,last_posted_transaction_or_prior_closing_balance,synb1_txn_d9c8bdeb502d21815adf1113,trusted,cn_public_2022_2026_cycles_1_0,public_schedule_without_transaction_override,True,325,2025-04-23,complete
2025-04-23,0.00,0.00,0,3675200.80,last_posted_transaction_or_prior_closing_balance,,trusted,cn_public_2022_2026_cycles_1_0,public_schedule_without_transaction_override,True,326,2025-04-24,complete
2025-04-24,0.00,0.00,0,3675200.80,last_posted_transaction_or_prior_closing_balance,,trusted,cn_public_2022_2026_cycles_1_0,public_schedule_without_transaction_override,True,327,2025-04-25,complete
2025-04-25,0.00,0.00,0,3675200.80,last_posted_transaction_or_prior_closing_balance,,trusted,cn_public_2022_2026_cycles_1_0,public_schedule_without_transaction_override,True,328,2025-04-27,complete
2025-04-26,52783.09,0.00,1,3727983.89,last_posted_transaction_or_prior_closing_balance,synb1_txn_8f90704fb69419defc994cfb,trusted,cn_public_2022_2026_cycles_1_0,public_schedule_without_transaction_override,False,,,complete
2025-04-27,14544.11,79114.00,3,3663414.00,last_posted_transaction_or_prior_closing_balance,synb1_txn_98d8d21c5455bc33e1668dd2,trusted,cn_public_2022_2026_cycles_1_0,public_schedule_without_transaction_override,True,329,2025-04-28,complete
2025-04-28,0.00,3638.80,1,3659775.20,last_posted_transaction_or_prior_closing_balance,synb1_txn_a152bdb978c993176deb0d14,trusted,cn_public_2022_2026_cycles_1_0,public_schedule_without_transaction_override,True,330,2025-04-29,complete
2025-04-29,0.00,0.00,0,3659775.20,last_posted_transaction_or_prior_closing_balance,,trusted,cn_public_2022_2026_cycles_1_0,public_schedule_without_transaction_override,True,331,2025-04-30,complete
2025-04-30,0.00,0.00,0,3659775.20,last_posted_transaction_or_prior_closing_balance,,trusted,cn_public_2022_2026_cycles_1_0,public_schedule_without_transaction_override,True,332,2025-05-06,complete
2025-05-01,0.00,0.00,0,3659775.20,last_posted_transaction_or_prior_closing_balance,,trusted,cn_public_2022_2026_cycles_1_0,public_schedule_without_transaction_override,False,,,complete
2025-05-02,0.00,0.00,0,3659775.20,last_posted_transaction_or_prior_closing_balance,,trusted,cn_public_2022_2026_cycles_1_0,public_schedule_without_transaction_override,False,,,complete
2025-05-03,0.00,0.00,0,3659775.20,last_posted_transaction_or_prior_closing_balance,,trusted,cn_public_2022_2026_cycles_1_0,public_schedule_without_transaction_override,False,,,complete
2025-05-04,24142.06,0.00,1,3683917.26,last_posted_transaction_or_prior_closing_balance,synb1_txn_3c8a01fd9b6a311a3a102b80,trusted,cn_public_2022_2026_cycles_1_0,public_schedule_without_transaction_override,False,,,complete
2025-05-05,0.00,19500.00,1,3664417.26,last_posted_transaction_or_prior_closing_balance,synb1_txn_a391f09522834dda7a1d8a1a,trusted,cn_public_2022_2026_cycles_1_0,public_schedule_without_transaction_override,False,,,complete
2025-05-06,169104.18,23340.09,2,3810181.35,last_posted_transaction_or_prior_closing_balance,synb1_txn_6e51df8f0f8bb51471304093,trusted,cn_public_2022_2026_cycles_1_0,public_schedule_without_transaction_override,True,333,2025-05-07,complete
2025-05-07,0.00,83526.86,2,3726654.49,last_posted_transaction_or_prior_closing_balance,synb1_txn_95a95019c3eed1e4881b59c1,trusted,cn_public_2022_2026_cycles_1_0,public_schedule_without_transaction_override,True,334,2025-05-08,complete
2025-05-08,0.00,742.94,1,3725911.55,last_posted_transaction_or_prior_closing_balance,synb1_txn_9544b205114820dec13e03d6,trusted,cn_public_2022_2026_cycles_1_0,public_schedule_without_transaction_override,True,335,2025-05-09,complete
2025-05-09,148863.89,0.00,1,3874775.44,last_posted_transaction_or_prior_closing_balance,synb1_txn_cadfea5cb6ddc163cb3188ae,trusted,cn_public_2022_2026_cycles_1_0,public_schedule_without_transaction_override,True,336,2025-05-12,complete
2025-05-10,30950.40,0.00,1,3905725.84,last_posted_transaction_or_prior_closing_balance,synb1_txn_4a0df29efc788048c30e830e,trusted,cn_public_2022_2026_cycles_1_0,public_schedule_without_transaction_override,False,,,complete
2025-05-11,0.00,14906.06,1,3890819.78,last_posted_transaction_or_prior_closing_balance,synb1_txn_ccd6bbfe400c63456cd4a4f1,trusted,cn_public_2022_2026_cycles_1_0,public_schedule_without_transaction_override,False,,,complete
2025-05-12,0.00,0.00,0,3890819.78,last_posted_transaction_or_prior_closing_balance,,trusted,cn_public_2022_2026_cycles_1_0,public_schedule_without_transaction_override,True,337,2025-05-13,complete
2025-05-13,0.00,92243.55,2,3798576.23,last_posted_transaction_or_prior_closing_balance,synb1_txn_9db8f2a31d552d450a416121,trusted,cn_public_2022_2026_cycles_1_0,public_schedule_without_transaction_override,True,338,2025-05-14,complete
2025-05-14,0.00,0.00,0,3798576.23,last_posted_transaction_or_prior_closing_balance,,trusted,cn_public_2022_2026_cycles_1_0,public_schedule_without_transaction_override,True,339,2025-05-15,complete
2025-05-15,0.00,0.00,0,3798576.23,last_posted_transaction_or_prior_closing_balance,,trusted,cn_public_2022_2026_cycles_1_0,public_schedule_without_transaction_override,True,340,2025-05-16,complete
2025-05-16,0.00,0.00,0,3798576.23,last_posted_transaction_or_prior_closing_balance,,trusted,cn_public_2022_2026_cycles_1_0,public_schedule_without_transaction_override,True,341,2025-05-19,complete
2025-05-17,0.00,734.37,1,3797841.86,last_posted_transaction_or_prior_closing_balance,synb1_txn_cdd841a7913c2094fa8b23cf,trusted,cn_public_2022_2026_cycles_1_0,public_schedule_without_transaction_override,False,,,complete
2025-05-18,155190.93,10709.79,4,3942323.00,last_posted_transaction_or_prior_closing_balance,synb1_txn_b41bb693734cb1840097b29a,trusted,cn_public_2022_2026_cycles_1_0,public_schedule_without_transaction_override,False,,,complete
2025-05-19,62149.55,9391.20,5,3995081.35,last_posted_transaction_or_prior_closing_balance,synb1_txn_3ea6f0a70eeb17df18f58dd9,trusted,cn_public_2022_2026_cycles_1_0,public_schedule_without_transaction_override,True,342,2025-05-20,complete
2025-05-20,0.00,12883.71,1,3982197.64,last_posted_transaction_or_prior_closing_balance,synb1_txn_f220806ca26236c72df9b084,trusted,cn_public_2022_2026_cycles_1_0,public_schedule_without_transaction_override,True,343,2025-05-21,complete
2025-05-21,0.00,70866.18,1,3911331.46,last_posted_transaction_or_prior_closing_balance,synb1_txn_1da7dec470dc601db1a2ceb6,trusted,cn_public_2022_2026_cycles_1_0,public_schedule_without_transaction_override,True,344,2025-05-22,complete
2025-05-22,0.00,22622.23,1,3888709.23,last_posted_transaction_or_prior_closing_balance,synb1_txn_a311fd48096f72b1e06cb856,trusted,cn_public_2022_2026_cycles_1_0,public_schedule_without_transaction_override,True,345,2025-05-23,complete
2025-05-23,0.00,0.00,0,3888709.23,last_posted_transaction_or_prior_closing_balance,,trusted,cn_public_2022_2026_cycles_1_0,public_schedule_without_transaction_override,True,346,2025-05-26,complete
2025-05-24,0.00,0.00,0,3888709.23,last_posted_transaction_or_prior_closing_balance,,trusted,cn_public_2022_2026_cycles_1_0,public_schedule_without_transaction_override,False,,,complete
2025-05-25,14994.92,0.00,1,3903704.15,last_posted_transaction_or_prior_closing_balance,synb1_txn_43d09fb97ba6c1c964a108d0,trusted,cn_public_2022_2026_cycles_1_0,public_schedule_without_transaction_override,False,,,complete
2025-05-26,0.00,0.00,0,3903704.15,last_posted_transaction_or_prior_closing_balance,,trusted,cn_public_2022_2026_cycles_1_0,public_schedule_without_transaction_override,True,347,2025-05-27,complete
2025-05-27,0.00,328128.22,2,3575575.93,last_posted_transaction_or_prior_closing_balance,synb1_txn_67d738386ede8affa25861fd,trusted,cn_public_2022_2026_cycles_1_0,public_schedule_without_transaction_override,True,348,2025-05-28,complete
2025-05-28,99604.07,0.00,2,3675180.00,last_posted_transaction_or_prior_closing_balance,synb1_txn_9f3bdca88ecc0d1e98ceb198,trusted,cn_public_2022_2026_cycles_1_0,public_schedule_without_transaction_override,True,349,2025-05-29,complete
2025-05-29,0.00,0.00,0,3675180.00,last_posted_transaction_or_prior_closing_balance,,trusted,cn_public_2022_2026_cycles_1_0,public_schedule_without_transaction_override,True,350,2025-05-30,complete
2025-05-30,0.00,0.00,0,3675180.00,last_posted_transaction_or_prior_closing_balance,,trusted,cn_public_2022_2026_cycles_1_0,public_schedule_without_transaction_override,True,351,2025-06-03,complete
2025-05-31,0.00,0.00,0,3675180.00,last_posted_transaction_or_prior_closing_balance,,trusted,cn_public_2022_2026_cycles_1_0,public_schedule_without_transaction_override,False,,,complete
2025-06-01,0.00,0.00,0,3675180.00,last_posted_transaction_or_prior_closing_balance,,trusted,cn_public_2022_2026_cycles_1_0,public_schedule_without_transaction_override,False,,,complete
2025-06-02,89216.46,0.00,2,3764396.46,last_posted_transaction_or_prior_closing_balance,synb1_txn_2900e9c970ed3a482eec47e8,trusted,cn_public_2022_2026_cycles_1_0,public_schedule_without_transaction_override,False,,,complete
2025-06-03,0.00,0.00,0,3764396.46,last_posted_transaction_or_prior_closing_balance,,trusted,cn_public_2022_2026_cycles_1_0,public_schedule_without_transaction_override,True,352,2025-06-04,complete
2025-06-04,0.00,25574.95,1,3738821.51,last_posted_transaction_or_prior_closing_balance,synb1_txn_1dc85ff6835ad7d525107e0a,trusted,cn_public_2022_2026_cycles_1_0,public_schedule_without_transaction_override,True,353,2025-06-05,complete
2025-06-05,16994.88,19500.00,2,3736316.39,last_posted_transaction_or_prior_closing_balance,synb1_txn_caf5a690dd38f8440cd0d7ce,trusted,cn_public_2022_2026_cycles_1_0,public_schedule_without_transaction_override,True,354,2025-06-06,complete
2025-06-06,115010.90,0.00,2,3851327.29,last_posted_transaction_or_prior_closing_balance,synb1_txn_85fb26fa382554cb8c37acb1,trusted,cn_public_2022_2026_cycles_1_0,public_schedule_without_transaction_override,True,355,2025-06-09,complete
2025-06-07,0.00,82000.00,1,3769327.29,last_posted_transaction_or_prior_closing_balance,synb1_txn_d5c67d24947981f668a410c5,trusted,cn_public_2022_2026_cycles_1_0,public_schedule_without_transaction_override,False,,,complete
2025-06-08,0.00,0.00,0,3769327.29,last_posted_transaction_or_prior_closing_balance,,trusted,cn_public_2022_2026_cycles_1_0,public_schedule_without_transaction_override,False,,,complete
2025-06-09,0.00,0.00,0,3769327.29,last_posted_transaction_or_prior_closing_balance,,trusted,cn_public_2022_2026_cycles_1_0,public_schedule_without_transaction_override,True,356,2025-06-10,complete
2025-06-10,0.00,20667.96,1,3748659.33,last_posted_transaction_or_prior_closing_balance,synb1_txn_825404bd6dc3319b265685c9,trusted,cn_public_2022_2026_cycles_1_0,public_schedule_without_transaction_override,True,357,2025-06-11,complete
2025-06-11,0.00,0.00,0,3748659.33,last_posted_transaction_or_prior_closing_balance,,trusted,cn_public_2022_2026_cycles_1_0,public_schedule_without_transaction_override,True,358,2025-06-12,complete
2025-06-12,0.00,2591.94,1,3746067.39,last_posted_transaction_or_prior_closing_balance,synb1_txn_bad3a1556a64aaf16addfa81,trusted,cn_public_2022_2026_cycles_1_0,public_schedule_without_transaction_override,True,359,2025-06-13,complete
2025-06-13,0.00,23059.87,2,3723007.52,last_posted_transaction_or_prior_closing_balance,synb1_txn_56295ed648fec5e270adfbf3,trusted,cn_public_2022_2026_cycles_1_0,public_schedule_without_transaction_override,True,360,2025-06-16,complete
2025-06-14,0.00,211528.86,1,3511478.66,last_posted_transaction_or_prior_closing_balance,synb1_txn_0a6e64d17fd1d38660c54343,trusted,cn_public_2022_2026_cycles_1_0,public_schedule_without_transaction_override,False,,,complete
2025-06-15,0.00,476.66,1,3511002.00,last_posted_transaction_or_prior_closing_balance,synb1_txn_8cf78ec37d77517533f14030,trusted,cn_public_2022_2026_cycles_1_0,public_schedule_without_transaction_override,False,,,complete
2025-06-16,549.75,8039.39,2,3503512.36,last_posted_transaction_or_prior_closing_balance,synb1_txn_3bec23a2df9769f84e1f13d7,trusted,cn_public_2022_2026_cycles_1_0,public_schedule_without_transaction_override,True,361,2025-06-17,complete
2025-06-17,6342.55,17465.42,2,3492389.49,last_posted_transaction_or_prior_closing_balance,synb1_txn_e7f56b011a7d6222799de8c8,trusted,cn_public_2022_2026_cycles_1_0,public_schedule_without_transaction_override,True,362,2025-06-18,complete
2025-06-18,60803.10,7982.40,4,3545210.19,last_posted_transaction_or_prior_closing_balance,synb1_txn_eb98366bb64076ffc6d141b7,trusted,cn_public_2022_2026_cycles_1_0,public_schedule_without_transaction_override,True,363,2025-06-19,complete
2025-06-19,0.00,0.00,0,3545210.19,last_posted_transaction_or_prior_closing_balance,,trusted,cn_public_2022_2026_cycles_1_0,public_schedule_without_transaction_override,True,364,2025-06-20,complete
2025-06-20,3858.87,399.25,2,3548669.81,last_posted_transaction_or_prior_closing_balance,synb1_txn_e154a8f167708ff4081f6861,trusted,cn_public_2022_2026_cycles_1_0,public_schedule_without_transaction_override,True,365,2025-06-23,complete
2025-06-21,0.00,1492.76,1,3547177.05,last_posted_transaction_or_prior_closing_balance,synb1_txn_4c2120ad8d327cf94c810f53,trusted,cn_public_2022_2026_cycles_1_0,public_schedule_without_transaction_override,False,,,complete
2025-06-22,253594.53,0.00,1,3800771.58,last_posted_transaction_or_prior_closing_balance,synb1_txn_81636b1b828e43923966ac11,trusted,cn_public_2022_2026_cycles_1_0,public_schedule_without_transaction_override,False,,,complete
2025-06-23,0.00,0.00,0,3800771.58,last_posted_transaction_or_prior_closing_balance,,trusted,cn_public_2022_2026_cycles_1_0,public_schedule_without_transaction_override,True,366,2025-06-24,complete
2025-06-24,0.00,0.00,0,3800771.58,last_posted_transaction_or_prior_closing_balance,,trusted,cn_public_2022_2026_cycles_1_0,public_schedule_without_transaction_override,True,367,2025-06-25,complete
2025-06-25,128628.96,0.00,1,3929400.54,last_posted_transaction_or_prior_closing_balance,synb1_txn_93a0663ef8c5cd5572735872,trusted,cn_public_2022_2026_cycles_1_0,public_schedule_without_transaction_override,True,368,2025-06-26,complete
2025-06-26,0.00,195620.79,2,3733779.75,last_posted_transaction_or_prior_closing_balance,synb1_txn_eea7d0cf989488d8862b5e5a,trusted,cn_public_2022_2026_cycles_1_0,public_schedule_without_transaction_override,True,369,2025-06-27,complete
2025-06-27,0.00,0.00,0,3733779.75,last_posted_transaction_or_prior_closing_balance,,trusted,cn_public_2022_2026_cycles_1_0,public_schedule_without_transaction_override,True,370,2025-06-30,complete
2025-06-28,0.00,47486.15,1,3686293.60,last_posted_transaction_or_prior_closing_balance,synb1_txn_596f25d683474f3211cf71bc,trusted,cn_public_2022_2026_cycles_1_0,public_schedule_without_transaction_override,False,,,complete
2025-06-29,0.00,0.00,0,3686293.60,last_posted_transaction_or_prior_closing_balance,,trusted,cn_public_2022_2026_cycles_1_0,public_schedule_without_transaction_override,False,,,complete
2025-06-30,0.00,0.00,0,3686293.60,last_posted_transaction_or_prior_closing_balance,,trusted,cn_public_2022_2026_cycles_1_0,public_schedule_without_transaction_override,True,371,2025-07-01,complete
2025-07-01,0.00,0.00,0,3686293.60,last_posted_transaction_or_prior_closing_balance,,trusted,cn_public_2022_2026_cycles_1_0,public_schedule_without_transaction_override,True,372,2025-07-02,complete
2025-07-02,9914.89,15891.57,2,3680316.92,last_posted_transaction_or_prior_closing_balance,synb1_txn_919d2b4db369cc5675a0e551,trusted,cn_public_2022_2026_cycles_1_0,public_schedule_without_transaction_override,True,373,2025-07-03,complete
2025-07-03,28405.80,24962.54,3,3683760.18,last_posted_transaction_or_prior_closing_balance,synb1_txn_d223fa686b53238a78781434,trusted,cn_public_2022_2026_cycles_1_0,public_schedule_without_transaction_override,True,374,2025-07-04,complete
2025-07-04,0.00,0.00,0,3683760.18,last_posted_transaction_or_prior_closing_balance,,trusted,cn_public_2022_2026_cycles_1_0,public_schedule_without_transaction_override,True,375,2025-07-07,complete
2025-07-05,0.00,19500.00,1,3664260.18,last_posted_transaction_or_prior_closing_balance,synb1_txn_b3a3964797fce76778d69674,trusted,cn_public_2022_2026_cycles_1_0,public_schedule_without_transaction_override,False,,,complete
2025-07-06,0.00,0.00,0,3664260.18,last_posted_transaction_or_prior_closing_balance,,trusted,cn_public_2022_2026_cycles_1_0,public_schedule_without_transaction_override,False,,,complete
2025-07-07,0.00,82000.00,1,3582260.18,last_posted_transaction_or_prior_closing_balance,synb1_txn_f05f407b71ab06aab6791b79,trusted,cn_public_2022_2026_cycles_1_0,public_schedule_without_transaction_override,True,376,2025-07-08,complete
2025-07-08,66171.05,0.00,2,3648431.23,last_posted_transaction_or_prior_closing_balance,synb1_txn_7f4d955c85edbeb87d329161,trusted,cn_public_2022_2026_cycles_1_0,public_schedule_without_transaction_override,True,377,2025-07-09,complete
2025-07-09,86454.85,0.00,2,3734886.08,last_posted_transaction_or_prior_closing_balance,synb1_txn_f956635bee94add7990253e7,trusted,cn_public_2022_2026_cycles_1_0,public_schedule_without_transaction_override,True,378,2025-07-10,complete
2025-07-10,0.00,0.00,0,3734886.08,last_posted_transaction_or_prior_closing_balance,,trusted,cn_public_2022_2026_cycles_1_0,public_schedule_without_transaction_override,True,379,2025-07-11,complete
2025-07-11,0.00,0.00,0,3734886.08,last_posted_transaction_or_prior_closing_balance,,trusted,cn_public_2022_2026_cycles_1_0,public_schedule_without_transaction_override,True,380,2025-07-14,complete
2025-07-12,0.00,0.00,0,3734886.08,last_posted_transaction_or_prior_closing_balance,,trusted,cn_public_2022_2026_cycles_1_0,public_schedule_without_transaction_override,False,,,complete
2025-07-13,58400.13,193621.24,3,3599664.97,last_posted_transaction_or_prior_closing_balance,synb1_txn_1eedeaf08b703e4b93d080ab,trusted,cn_public_2022_2026_cycles_1_0,public_schedule_without_transaction_override,False,,,complete
2025-07-14,0.00,0.00,0,3599664.97,last_posted_transaction_or_prior_closing_balance,,trusted,cn_public_2022_2026_cycles_1_0,public_schedule_without_transaction_override,True,381,2025-07-15,complete
2025-07-15,0.00,0.00,0,3599664.97,last_posted_transaction_or_prior_closing_balance,,trusted,cn_public_2022_2026_cycles_1_0,public_schedule_without_transaction_override,True,382,2025-07-16,complete
2025-07-16,0.00,8797.66,2,3590867.31,last_posted_transaction_or_prior_closing_balance,synb1_txn_0ef0660d0848b51997751833,trusted,cn_public_2022_2026_cycles_1_0,public_schedule_without_transaction_override,True,383,2025-07-17,complete
2025-07-17,0.00,0.00,0,3590867.31,last_posted_transaction_or_prior_closing_balance,,trusted,cn_public_2022_2026_cycles_1_0,public_schedule_without_transaction_override,True,384,2025-07-18,complete
2025-07-18,32891.22,7392.00,3,3616366.53,last_posted_transaction_or_prior_closing_balance,synb1_txn_0ddb9746f3c6626b55c6dcc1,trusted,cn_public_2022_2026_cycles_1_0,public_schedule_without_transaction_override,True,385,2025-07-21,complete
2025-07-19,15184.17,171656.37,3,3459894.33,last_posted_transaction_or_prior_closing_balance,synb1_txn_a1cbaffe3e18fabdcc6c09cc,trusted,cn_public_2022_2026_cycles_1_0,public_schedule_without_transaction_override,False,,,complete
2025-07-20,0.00,0.00,0,3459894.33,last_posted_transaction_or_prior_closing_balance,,trusted,cn_public_2022_2026_cycles_1_0,public_schedule_without_transaction_override,False,,,complete
2025-07-21,0.00,49703.08,1,3410191.25,last_posted_transaction_or_prior_closing_balance,synb1_txn_46824174a81d09d4a073ee1d,trusted,cn_public_2022_2026_cycles_1_0,public_schedule_without_transaction_override,True,386,2025-07-22,complete
2025-07-22,14574.07,2116.73,2,3422648.59,last_posted_transaction_or_prior_closing_balance,synb1_txn_f246db2462c79f2a8ad48a14,trusted,cn_public_2022_2026_cycles_1_0,public_schedule_without_transaction_override,True,387,2025-07-23,complete
2025-07-23,26204.61,1058.50,4,3447794.70,last_posted_transaction_or_prior_closing_balance,synb1_txn_455d6aa23f03011910ea1d24,trusted,cn_public_2022_2026_cycles_1_0,public_schedule_without_transaction_override,True,388,2025-07-24,complete
2025-07-24,150785.28,49623.31,3,3548956.67,last_posted_transaction_or_prior_closing_balance,synb1_txn_64ec385816f0513b452d2080,trusted,cn_public_2022_2026_cycles_1_0,public_schedule_without_transaction_override,True,389,2025-07-25,complete
2025-07-25,0.00,18505.00,1,3530451.67,last_posted_transaction_or_prior_closing_balance,synb1_txn_8a9d8d5d85b3bd23f42c1b95,trusted,cn_public_2022_2026_cycles_1_0,public_schedule_without_transaction_override,True,390,2025-07-28,complete
2025-07-26,159474.27,0.00,1,3689925.94,last_posted_transaction_or_prior_closing_balance,synb1_txn_499602b40bfc243435044640,trusted,cn_public_2022_2026_cycles_1_0,public_schedule_without_transaction_override,False,,,complete
2025-07-27,1539.66,0.00,1,3691465.60,last_posted_transaction_or_prior_closing_balance,synb1_txn_4c681df8e8af7f9b1f52f925,trusted,cn_public_2022_2026_cycles_1_0,public_schedule_without_transaction_override,False,,,complete
2025-07-28,0.00,0.00,0,3691465.60,last_posted_transaction_or_prior_closing_balance,,trusted,cn_public_2022_2026_cycles_1_0,public_schedule_without_transaction_override,True,391,2025-07-29,complete
2025-07-29,0.00,0.00,0,3691465.60,last_posted_transaction_or_prior_closing_balance,,trusted,cn_public_2022_2026_cycles_1_0,public_schedule_without_transaction_override,True,392,2025-07-30,complete
2025-07-30,0.00,0.00,0,3691465.60,last_posted_transaction_or_prior_closing_balance,,trusted,cn_public_2022_2026_cycles_1_0,public_schedule_without_transaction_override,True,393,2025-07-31,complete
2025-07-31,0.00,0.00,0,3691465.60,last_posted_transaction_or_prior_closing_balance,,trusted,cn_public_2022_2026_cycles_1_0,public_schedule_without_transaction_override,True,394,2025-08-01,complete
2025-08-01,0.00,0.00,0,3691465.60,last_posted_transaction_or_prior_closing_balance,,trusted,cn_public_2022_2026_cycles_1_0,public_schedule_without_transaction_override,True,395,2025-08-04,complete
2025-08-02,0.00,0.00,0,3691465.60,last_posted_transaction_or_prior_closing_balance,,trusted,cn_public_2022_2026_cycles_1_0,public_schedule_without_transaction_override,False,,,complete
2025-08-03,3843.78,0.00,1,3695309.38,last_posted_transaction_or_prior_closing_balance,synb1_txn_4dd191a7d9bdfe3df8b46a54,trusted,cn_public_2022_2026_cycles_1_0,public_schedule_without_transaction_override,False,,,complete
2025-08-04,0.00,0.00,0,3695309.38,last_posted_transaction_or_prior_closing_balance,,trusted,cn_public_2022_2026_cycles_1_0,public_schedule_without_transaction_override,True,396,2025-08-05,complete
2025-08-05,8551.41,19621.97,3,3684238.82,last_posted_transaction_or_prior_closing_balance,synb1_txn_7bb63ae1dd8fba74abad981a,trusted,cn_public_2022_2026_cycles_1_0,public_schedule_without_transaction_override,True,397,2025-08-06,complete
2025-08-06,0.00,0.00,0,3684238.82,last_posted_transaction_or_prior_closing_balance,,trusted,cn_public_2022_2026_cycles_1_0,public_schedule_without_transaction_override,True,398,2025-08-07,complete
2025-08-07,0.00,82000.00,1,3602238.82,last_posted_transaction_or_prior_closing_balance,synb1_txn_db27e199e9385368506e3dae,trusted,cn_public_2022_2026_cycles_1_0,public_schedule_without_transaction_override,True,399,2025-08-08,complete
2025-08-08,0.00,73641.83,1,3528596.99,last_posted_transaction_or_prior_closing_balance,synb1_txn_f3946c86b3318eaec5b22deb,trusted,cn_public_2022_2026_cycles_1_0,public_schedule_without_transaction_override,True,400,2025-08-11,complete
2025-08-09,0.00,0.00,0,3528596.99,last_posted_transaction_or_prior_closing_balance,,trusted,cn_public_2022_2026_cycles_1_0,public_schedule_without_transaction_override,False,,,complete
2025-08-10,0.00,0.00,0,3528596.99,last_posted_transaction_or_prior_closing_balance,,trusted,cn_public_2022_2026_cycles_1_0,public_schedule_without_transaction_override,False,,,complete
2025-08-11,0.00,228510.64,2,3300086.35,last_posted_transaction_or_prior_closing_balance,synb1_txn_38beb3f3ad5da6e4156b4b5c,trusted,cn_public_2022_2026_cycles_1_0,public_schedule_without_transaction_override,True,401,2025-08-12,complete
2025-08-12,117520.69,16815.80,3,3400791.24,last_posted_transaction_or_prior_closing_balance,synb1_txn_73849d5094395095b2fabb42,trusted,cn_public_2022_2026_cycles_1_0,public_schedule_without_transaction_override,True,402,2025-08-13,complete
2025-08-13,80232.19,0.00,1,3481023.43,last_posted_transaction_or_prior_closing_balance,synb1_txn_84677a8f0ad84177a5ff383b,trusted,cn_public_2022_2026_cycles_1_0,public_schedule_without_transaction_override,True,403,2025-08-14,complete
2025-08-14,60683.43,60211.44,2,3481495.42,last_posted_transaction_or_prior_closing_balance,synb1_txn_93740697bf57d24c2fec6b54,trusted,cn_public_2022_2026_cycles_1_0,public_schedule_without_transaction_override,True,404,2025-08-15,complete
2025-08-15,1069.22,0.00,1,3482564.64,last_posted_transaction_or_prior_closing_balance,synb1_txn_d82c13409fd49fceae66a865,trusted,cn_public_2022_2026_cycles_1_0,public_schedule_without_transaction_override,True,405,2025-08-18,complete
2025-08-16,50280.69,0.00,2,3532845.33,last_posted_transaction_or_prior_closing_balance,synb1_txn_103c0adcc46db86ee7e6dba1,trusted,cn_public_2022_2026_cycles_1_0,public_schedule_without_transaction_override,False,,,complete
2025-08-17,75557.84,0.00,1,3608403.17,last_posted_transaction_or_prior_closing_balance,synb1_txn_7aa7d6bc8bed79011d606e6d,trusted,cn_public_2022_2026_cycles_1_0,public_schedule_without_transaction_override,False,,,complete
2025-08-18,0.00,7168.00,2,3601235.17,last_posted_transaction_or_prior_closing_balance,synb1_txn_f5be5bd067f932ac4c5db3d6,trusted,cn_public_2022_2026_cycles_1_0,public_schedule_without_transaction_override,True,406,2025-08-19,complete
2025-08-19,0.00,116257.56,1,3484977.61,last_posted_transaction_or_prior_closing_balance,synb1_txn_87c8825d63edb9fc9f1ca9d7,trusted,cn_public_2022_2026_cycles_1_0,public_schedule_without_transaction_override,True,407,2025-08-20,complete
2025-08-20,0.00,3206.25,1,3481771.36,last_posted_transaction_or_prior_closing_balance,synb1_txn_75ca9c3c4cb2fa3eea184381,trusted,cn_public_2022_2026_cycles_1_0,public_schedule_without_transaction_override,True,408,2025-08-21,complete
2025-08-21,80367.18,3418.90,2,3558719.64,last_posted_transaction_or_prior_closing_balance,synb1_txn_ac62f45196c62e7e28187c37,trusted,cn_public_2022_2026_cycles_1_0,public_schedule_without_transaction_override,True,409,2025-08-22,complete
2025-08-22,0.00,6252.88,1,3552466.76,last_posted_transaction_or_prior_closing_balance,synb1_txn_4d05dbd58da4f5cc2437e59e,trusted,cn_public_2022_2026_cycles_1_0,public_schedule_without_transaction_override,True,410,2025-08-25,complete
2025-08-23,0.00,0.00,0,3552466.76,last_posted_transaction_or_prior_closing_balance,,trusted,cn_public_2022_2026_cycles_1_0,public_schedule_without_transaction_override,False,,,complete
2025-08-24,0.00,0.00,0,3552466.76,last_posted_transaction_or_prior_closing_balance,,trusted,cn_public_2022_2026_cycles_1_0,public_schedule_without_transaction_override,False,,,complete
2025-08-25,0.00,11298.73,1,3541168.03,last_posted_transaction_or_prior_closing_balance,synb1_txn_e3d24f67059b3015c1edb2e8,trusted,cn_public_2022_2026_cycles_1_0,public_schedule_without_transaction_override,True,411,2025-08-26,complete
2025-08-26,105016.36,0.00,2,3646184.39,last_posted_transaction_or_prior_closing_balance,synb1_txn_c5a9902412c57d6f890992a0,trusted,cn_public_2022_2026_cycles_1_0,public_schedule_without_transaction_override,True,412,2025-08-27,complete
2025-08-27,0.00,0.00,0,3646184.39,last_posted_transaction_or_prior_closing_balance,,trusted,cn_public_2022_2026_cycles_1_0,public_schedule_without_transaction_override,True,413,2025-08-28,complete
2025-08-28,46877.21,0.00,2,3693061.60,last_posted_transaction_or_prior_closing_balance,synb1_txn_3e4f18343b3d8ed336b0321b,trusted,cn_public_2022_2026_cycles_1_0,public_schedule_without_transaction_override,True,414,2025-08-29,complete
2025-08-29,0.00,0.00,0,3693061.60,last_posted_transaction_or_prior_closing_balance,,trusted,cn_public_2022_2026_cycles_1_0,public_schedule_without_transaction_override,True,415,2025-09-01,complete
2025-08-30,0.00,0.00,0,3693061.60,last_posted_transaction_or_prior_closing_balance,,trusted,cn_public_2022_2026_cycles_1_0,public_schedule_without_transaction_override,False,,,complete
2025-08-31,0.00,0.00,0,3693061.60,last_posted_transaction_or_prior_closing_balance,,trusted,cn_public_2022_2026_cycles_1_0,public_schedule_without_transaction_override,False,,,complete
2025-09-01,0.00,0.00,0,3693061.60,last_posted_transaction_or_prior_closing_balance,,trusted,cn_public_2022_2026_cycles_1_0,public_schedule_without_transaction_override,True,416,2025-09-02,complete
2025-09-02,196141.65,1958.49,3,3887244.76,last_posted_transaction_or_prior_closing_balance,synb1_txn_f166edd0d83f6049dc0418ef,trusted,cn_public_2022_2026_cycles_1_0,public_schedule_without_transaction_override,True,417,2025-09-03,complete
2025-09-03,0.00,0.00,0,3887244.76,last_posted_transaction_or_prior_closing_balance,,trusted,cn_public_2022_2026_cycles_1_0,public_schedule_without_transaction_override,True,418,2025-09-04,complete
2025-09-04,0.00,0.00,0,3887244.76,last_posted_transaction_or_prior_closing_balance,,trusted,cn_public_2022_2026_cycles_1_0,public_schedule_without_transaction_override,True,419,2025-09-05,complete
2025-09-05,0.00,19500.00,1,3867744.76,last_posted_transaction_or_prior_closing_balance,synb1_txn_df4a0c6242154ff96701894c,trusted,cn_public_2022_2026_cycles_1_0,public_schedule_without_transaction_override,True,420,2025-09-08,complete
2025-09-06,188095.88,0.00,2,4055840.64,last_posted_transaction_or_prior_closing_balance,synb1_txn_2352c742284cd7301e40aa9b,trusted,cn_public_2022_2026_cycles_1_0,public_schedule_without_transaction_override,False,,,complete
2025-09-07,66187.68,82228.48,3,4039799.84,last_posted_transaction_or_prior_closing_balance,synb1_txn_a1de5bab734ba405ca732a14,trusted,cn_public_2022_2026_cycles_1_0,public_schedule_without_transaction_override,False,,,complete
2025-09-08,0.00,6622.42,2,4033177.42,last_posted_transaction_or_prior_closing_balance,synb1_txn_33968cd3fc664149dee206a5,trusted,cn_public_2022_2026_cycles_1_0,public_schedule_without_transaction_override,True,421,2025-09-09,complete
2025-09-09,54386.51,0.00,1,4087563.93,last_posted_transaction_or_prior_closing_balance,synb1_txn_64284cf39f98ec73a7001938,trusted,cn_public_2022_2026_cycles_1_0,public_schedule_without_transaction_override,True,422,2025-09-10,complete
2025-09-10,17741.01,8510.38,2,4096794.56,last_posted_transaction_or_prior_closing_balance,synb1_txn_30268e500077452229f68f46,trusted,cn_public_2022_2026_cycles_1_0,public_schedule_without_transaction_override,True,423,2025-09-11,complete
2025-09-11,0.00,0.00,0,4096794.56,last_posted_transaction_or_prior_closing_balance,,trusted,cn_public_2022_2026_cycles_1_0,public_schedule_without_transaction_override,True,424,2025-09-12,complete
2025-09-12,2687.56,0.00,1,4099482.12,last_posted_transaction_or_prior_closing_balance,synb1_txn_3d08671300e355cb7f51d6aa,trusted,cn_public_2022_2026_cycles_1_0,public_schedule_without_transaction_override,True,425,2025-09-15,complete
2025-09-13,23431.34,0.00,1,4122913.46,last_posted_transaction_or_prior_closing_balance,synb1_txn_433365ba76faacf22c2388e1,trusted,cn_public_2022_2026_cycles_1_0,public_schedule_without_transaction_override,False,,,complete
2025-09-14,0.00,0.00,0,4122913.46,last_posted_transaction_or_prior_closing_balance,,trusted,cn_public_2022_2026_cycles_1_0,public_schedule_without_transaction_override,False,,,complete
2025-09-15,0.00,7421.58,1,4115491.88,last_posted_transaction_or_prior_closing_balance,synb1_txn_e073fb50ccf616af41b379f5,trusted,cn_public_2022_2026_cycles_1_0,public_schedule_without_transaction_override,True,426,2025-09-16,complete
2025-09-16,0.00,26927.16,1,4088564.72,last_posted_transaction_or_prior_closing_balance,synb1_txn_3e4e57ba33146d89d5bc406d,trusted,cn_public_2022_2026_cycles_1_0,public_schedule_without_transaction_override,True,427,2025-09-17,complete
2025-09-17,61328.37,12725.55,2,4137167.54,last_posted_transaction_or_prior_closing_balance,synb1_txn_f0b55930fdc09784031352e6,trusted,cn_public_2022_2026_cycles_1_0,public_schedule_without_transaction_override,True,428,2025-09-18,complete
2025-09-18,0.00,93582.41,3,4043585.13,last_posted_transaction_or_prior_closing_balance,synb1_txn_00daba5bf7cf417fbdb79cdc,trusted,cn_public_2022_2026_cycles_1_0,public_schedule_without_transaction_override,True,429,2025-09-19,complete
2025-09-19,0.00,0.00,0,4043585.13,last_posted_transaction_or_prior_closing_balance,,trusted,cn_public_2022_2026_cycles_1_0,public_schedule_without_transaction_override,True,430,2025-09-22,complete
2025-09-20,0.00,0.00,0,4043585.13,last_posted_transaction_or_prior_closing_balance,,trusted,cn_public_2022_2026_cycles_1_0,public_schedule_without_transaction_override,False,,,complete
2025-09-21,0.00,14052.53,1,4029532.60,last_posted_transaction_or_prior_closing_balance,synb1_txn_a8f47c92d41b9b5b64005a5e,trusted,cn_public_2022_2026_cycles_1_0,public_schedule_without_transaction_override,False,,,complete
2025-09-22,0.00,35728.96,1,3993803.64,last_posted_transaction_or_prior_closing_balance,synb1_txn_1a7787ffe5fa95cf76ab81d7,trusted,cn_public_2022_2026_cycles_1_0,public_schedule_without_transaction_override,True,431,2025-09-23,complete
2025-09-23,0.00,0.00,0,3993803.64,last_posted_transaction_or_prior_closing_balance,,trusted,cn_public_2022_2026_cycles_1_0,public_schedule_without_transaction_override,True,432,2025-09-24,complete
2025-09-24,0.00,0.00,0,3993803.64,last_posted_transaction_or_prior_closing_balance,,trusted,cn_public_2022_2026_cycles_1_0,public_schedule_without_transaction_override,True,433,2025-09-25,complete
2025-09-25,0.00,5470.61,1,3988333.03,last_posted_transaction_or_prior_closing_balance,synb1_txn_822d25924903efde2886f1c1,trusted,cn_public_2022_2026_cycles_1_0,public_schedule_without_transaction_override,True,434,2025-09-26,complete
2025-09-26,0.00,220131.05,1,3768201.98,last_posted_transaction_or_prior_closing_balance,synb1_txn_d5ed0cf5de6abb430cd795de,trusted,cn_public_2022_2026_cycles_1_0,public_schedule_without_transaction_override,True,435,2025-09-28,complete
2025-09-27,0.00,77120.38,3,3691081.60,last_posted_transaction_or_prior_closing_balance,synb1_txn_515f4bd2c40a18592e5186a5,trusted,cn_public_2022_2026_cycles_1_0,public_schedule_without_transaction_override,False,,,complete
2025-09-28,0.00,0.00,0,3691081.60,last_posted_transaction_or_prior_closing_balance,,trusted,cn_public_2022_2026_cycles_1_0,public_schedule_without_transaction_override,True,436,2025-09-29,complete
2025-09-29,0.00,0.00,0,3691081.60,last_posted_transaction_or_prior_closing_balance,,trusted,cn_public_2022_2026_cycles_1_0,public_schedule_without_transaction_override,True,437,2025-09-30,complete
2025-09-30,0.00,0.00,0,3691081.60,last_posted_transaction_or_prior_closing_balance,,trusted,cn_public_2022_2026_cycles_1_0,public_schedule_without_transaction_override,True,438,2025-10-09,complete
2025-10-01,0.00,0.00,0,3691081.60,last_posted_transaction_or_prior_closing_balance,,trusted,cn_public_2022_2026_cycles_1_0,public_schedule_without_transaction_override,False,,,complete
2025-10-02,0.00,0.00,0,3691081.60,last_posted_transaction_or_prior_closing_balance,,trusted,cn_public_2022_2026_cycles_1_0,public_schedule_without_transaction_override,False,,,complete
2025-10-03,0.00,0.00,0,3691081.60,last_posted_transaction_or_prior_closing_balance,,trusted,cn_public_2022_2026_cycles_1_0,public_schedule_without_transaction_override,False,,,complete
2025-10-04,493.38,0.00,1,3691574.98,last_posted_transaction_or_prior_closing_balance,synb1_txn_305d71bcc901ef048a5b79b2,trusted,cn_public_2022_2026_cycles_1_0,public_schedule_without_transaction_override,False,,,complete
2025-10-05,0.00,19500.00,1,3672074.98,last_posted_transaction_or_prior_closing_balance,synb1_txn_2fcd867c4a7c623303784993,trusted,cn_public_2022_2026_cycles_1_0,public_schedule_without_transaction_override,False,,,complete
2025-10-06,0.00,0.00,0,3672074.98,last_posted_transaction_or_prior_closing_balance,,trusted,cn_public_2022_2026_cycles_1_0,public_schedule_without_transaction_override,False,,,complete
2025-10-07,0.00,82000.00,1,3590074.98,last_posted_transaction_or_prior_closing_balance,synb1_txn_2d3525c7017089ed840cca27,trusted,cn_public_2022_2026_cycles_1_0,public_schedule_without_transaction_override,False,,,complete
2025-10-08,0.00,0.00,0,3590074.98,last_posted_transaction_or_prior_closing_balance,,trusted,cn_public_2022_2026_cycles_1_0,public_schedule_without_transaction_override,False,,,complete
2025-10-09,28920.74,0.00,1,3618995.72,last_posted_transaction_or_prior_closing_balance,synb1_txn_f98c71723fd5900f71f35360,trusted,cn_public_2022_2026_cycles_1_0,public_schedule_without_transaction_override,True,439,2025-10-10,complete
2025-10-10,62504.05,0.00,1,3681499.77,last_posted_transaction_or_prior_closing_balance,synb1_txn_591779b3a3a7024ed37179e2,trusted,cn_public_2022_2026_cycles_1_0,public_schedule_without_transaction_override,True,440,2025-10-11,complete
2025-10-11,0.00,4573.43,1,3676926.34,last_posted_transaction_or_prior_closing_balance,synb1_txn_8336c14d8fac2109ed9b5e8e,trusted,cn_public_2022_2026_cycles_1_0,public_schedule_without_transaction_override,True,441,2025-10-13,complete
2025-10-12,0.00,0.00,0,3676926.34,last_posted_transaction_or_prior_closing_balance,,trusted,cn_public_2022_2026_cycles_1_0,public_schedule_without_transaction_override,False,,,complete
2025-10-13,55399.92,33128.76,3,3699197.50,last_posted_transaction_or_prior_closing_balance,synb1_txn_29fd38056b360d8a192f3711,trusted,cn_public_2022_2026_cycles_1_0,public_schedule_without_transaction_override,True,442,2025-10-14,complete
2025-10-14,0.00,8465.10,1,3690732.40,last_posted_transaction_or_prior_closing_balance,synb1_txn_5237a8970185a89c3b1ac113,trusted,cn_public_2022_2026_cycles_1_0,public_schedule_without_transaction_override,True,443,2025-10-15,complete
2025-10-15,129427.06,2009.44,2,3818150.02,last_posted_transaction_or_prior_closing_balance,synb1_txn_46974773e9f182ab9cd728b6,trusted,cn_public_2022_2026_cycles_1_0,public_schedule_without_transaction_override,True,444,2025-10-16,complete
2025-10-16,0.00,0.00,0,3818150.02,last_posted_transaction_or_prior_closing_balance,,trusted,cn_public_2022_2026_cycles_1_0,public_schedule_without_transaction_override,True,445,2025-10-17,complete
2025-10-17,0.00,225243.52,1,3592906.50,last_posted_transaction_or_prior_closing_balance,synb1_txn_1d2d3a47f03e53310eaa33d7,trusted,cn_public_2022_2026_cycles_1_0,public_schedule_without_transaction_override,True,446,2025-10-20,complete
2025-10-18,0.00,0.00,0,3592906.50,last_posted_transaction_or_prior_closing_balance,,trusted,cn_public_2022_2026_cycles_1_0,public_schedule_without_transaction_override,False,,,complete
2025-10-19,0.00,108369.94,1,3484536.56,last_posted_transaction_or_prior_closing_balance,synb1_txn_419b5058657f30eff5e91c24,trusted,cn_public_2022_2026_cycles_1_0,public_schedule_without_transaction_override,False,,,complete
2025-10-20,275258.12,12764.49,6,3747030.19,last_posted_transaction_or_prior_closing_balance,synb1_txn_bf8ccf442de94f44c5a27d52,trusted,cn_public_2022_2026_cycles_1_0,public_schedule_without_transaction_override,True,447,2025-10-21,complete
2025-10-21,3437.76,0.00,1,3750467.95,last_posted_transaction_or_prior_closing_balance,synb1_txn_d2fd5a6d238e6ada607c061b,trusted,cn_public_2022_2026_cycles_1_0,public_schedule_without_transaction_override,True,448,2025-10-22,complete
2025-10-22,27712.53,31159.72,2,3747020.76,last_posted_transaction_or_prior_closing_balance,synb1_txn_fa6a1b45f4366782e4a0172d,trusted,cn_public_2022_2026_cycles_1_0,public_schedule_without_transaction_override,True,449,2025-10-23,complete
2025-10-23,0.00,11083.96,1,3735936.80,last_posted_transaction_or_prior_closing_balance,synb1_txn_72db4df141c9d5a6ba3e0232,trusted,cn_public_2022_2026_cycles_1_0,public_schedule_without_transaction_override,True,450,2025-10-24,complete
2025-10-24,0.00,0.00,0,3735936.80,last_posted_transaction_or_prior_closing_balance,,trusted,cn_public_2022_2026_cycles_1_0,public_schedule_without_transaction_override,True,451,2025-10-27,complete
2025-10-25,2563.79,0.00,1,3738500.59,last_posted_transaction_or_prior_closing_balance,synb1_txn_5d61026c8960f717a5c1f221,trusted,cn_public_2022_2026_cycles_1_0,public_schedule_without_transaction_override,False,,,complete
2025-10-26,0.00,0.00,0,3738500.59,last_posted_transaction_or_prior_closing_balance,,trusted,cn_public_2022_2026_cycles_1_0,public_schedule_without_transaction_override,False,,,complete
2025-10-27,9282.65,63089.64,2,3684693.60,last_posted_transaction_or_prior_closing_balance,synb1_txn_23365914b529e1aa29d503da,trusted,cn_public_2022_2026_cycles_1_0,public_schedule_without_transaction_override,True,452,2025-10-28,complete
2025-10-28,0.00,0.00,0,3684693.60,last_posted_transaction_or_prior_closing_balance,,trusted,cn_public_2022_2026_cycles_1_0,public_schedule_without_transaction_override,True,453,2025-10-29,complete
2025-10-29,0.00,0.00,0,3684693.60,last_posted_transaction_or_prior_closing_balance,,trusted,cn_public_2022_2026_cycles_1_0,public_schedule_without_transaction_override,True,454,2025-10-30,complete
2025-10-30,0.00,0.00,0,3684693.60,last_posted_transaction_or_prior_closing_balance,,trusted,cn_public_2022_2026_cycles_1_0,public_schedule_without_transaction_override,True,455,2025-10-31,complete
2025-10-31,0.00,0.00,0,3684693.60,last_posted_transaction_or_prior_closing_balance,,trusted,cn_public_2022_2026_cycles_1_0,public_schedule_without_transaction_override,True,456,2025-11-03,complete
2025-11-01,0.00,0.00,0,3684693.60,last_posted_transaction_or_prior_closing_balance,,trusted,cn_public_2022_2026_cycles_1_0,public_schedule_without_transaction_override,False,,,complete
2025-11-02,0.00,0.00,0,3684693.60,last_posted_transaction_or_prior_closing_balance,,trusted,cn_public_2022_2026_cycles_1_0,public_schedule_without_transaction_override,False,,,complete
2025-11-03,0.00,0.00,0,3684693.60,last_posted_transaction_or_prior_closing_balance,,trusted,cn_public_2022_2026_cycles_1_0,public_schedule_without_transaction_override,True,457,2025-11-04,complete
2025-11-04,832.73,0.00,1,3685526.33,last_posted_transaction_or_prior_closing_balance,synb1_txn_6aaf7795f8b8721a3288b7f9,trusted,cn_public_2022_2026_cycles_1_0,public_schedule_without_transaction_override,True,458,2025-11-05,complete
2025-11-05,34170.52,19500.00,2,3700196.85,last_posted_transaction_or_prior_closing_balance,synb1_txn_5d77d93f6eda2562ee373823,trusted,cn_public_2022_2026_cycles_1_0,public_schedule_without_transaction_override,True,459,2025-11-06,complete
2025-11-06,460.05,335830.07,2,3364826.83,last_posted_transaction_or_prior_closing_balance,synb1_txn_06fabccb13d56fc5a153efd6,trusted,cn_public_2022_2026_cycles_1_0,public_schedule_without_transaction_override,True,460,2025-11-07,complete
2025-11-07,9906.46,82000.00,2,3292733.29,last_posted_transaction_or_prior_closing_balance,synb1_txn_89fca7417716363508140902,trusted,cn_public_2022_2026_cycles_1_0,public_schedule_without_transaction_override,True,461,2025-11-10,complete
2025-11-08,77351.37,0.00,2,3370084.66,last_posted_transaction_or_prior_closing_balance,synb1_txn_7e7e16445d14cc55d368b987,trusted,cn_public_2022_2026_cycles_1_0,public_schedule_without_transaction_override,False,,,complete
2025-11-09,0.00,0.00,0,3370084.66,last_posted_transaction_or_prior_closing_balance,,trusted,cn_public_2022_2026_cycles_1_0,public_schedule_without_transaction_override,False,,,complete
2025-11-10,0.00,7376.77,2,3362707.89,last_posted_transaction_or_prior_closing_balance,synb1_txn_45b9e8f90591827fc65f9488,trusted,cn_public_2022_2026_cycles_1_0,public_schedule_without_transaction_override,True,462,2025-11-11,complete
2025-11-11,36973.22,0.00,1,3399681.11,last_posted_transaction_or_prior_closing_balance,synb1_txn_11084abf576947640079d161,trusted,cn_public_2022_2026_cycles_1_0,public_schedule_without_transaction_override,True,463,2025-11-12,complete
2025-11-12,0.00,0.00,0,3399681.11,last_posted_transaction_or_prior_closing_balance,,trusted,cn_public_2022_2026_cycles_1_0,public_schedule_without_transaction_override,True,464,2025-11-13,complete
2025-11-13,0.00,117223.90,2,3282457.21,last_posted_transaction_or_prior_closing_balance,synb1_txn_134528f44a1755592ad52a7a,trusted,cn_public_2022_2026_cycles_1_0,public_schedule_without_transaction_override,True,465,2025-11-14,complete
2025-11-14,0.00,0.00,0,3282457.21,last_posted_transaction_or_prior_closing_balance,,trusted,cn_public_2022_2026_cycles_1_0,public_schedule_without_transaction_override,True,466,2025-11-17,complete
2025-11-15,0.00,2479.76,1,3279977.45,last_posted_transaction_or_prior_closing_balance,synb1_txn_08fe8ee7af5fbb4dd151b16a,trusted,cn_public_2022_2026_cycles_1_0,public_schedule_without_transaction_override,False,,,complete
2025-11-16,0.00,0.00,0,3279977.45,last_posted_transaction_or_prior_closing_balance,,trusted,cn_public_2022_2026_cycles_1_0,public_schedule_without_transaction_override,False,,,complete
2025-11-17,90109.72,19014.03,3,3351073.14,last_posted_transaction_or_prior_closing_balance,synb1_txn_c7bfb254a5ed0b26581db416,trusted,cn_public_2022_2026_cycles_1_0,public_schedule_without_transaction_override,True,467,2025-11-18,complete
2025-11-18,0.00,6608.00,2,3344465.14,last_posted_transaction_or_prior_closing_balance,synb1_txn_4fcd9b1900a586bf11be208d,trusted,cn_public_2022_2026_cycles_1_0,public_schedule_without_transaction_override,True,468,2025-11-19,complete
2025-11-19,0.00,0.00,0,3344465.14,last_posted_transaction_or_prior_closing_balance,,trusted,cn_public_2022_2026_cycles_1_0,public_schedule_without_transaction_override,True,469,2025-11-20,complete
2025-11-20,0.00,0.00,0,3344465.14,last_posted_transaction_or_prior_closing_balance,,trusted,cn_public_2022_2026_cycles_1_0,public_schedule_without_transaction_override,True,470,2025-11-21,complete
2025-11-21,0.00,3143.47,2,3341321.67,last_posted_transaction_or_prior_closing_balance,synb1_txn_d0dc9e3d79ebdfe148d3a49f,trusted,cn_public_2022_2026_cycles_1_0,public_schedule_without_transaction_override,True,471,2025-11-24,complete
2025-11-22,0.00,0.00,0,3341321.67,last_posted_transaction_or_prior_closing_balance,,trusted,cn_public_2022_2026_cycles_1_0,public_schedule_without_transaction_override,False,,,complete
2025-11-23,127028.56,0.00,1,3468350.23,last_posted_transaction_or_prior_closing_balance,synb1_txn_0d5ef57aff65bbe7a4c19b2a,trusted,cn_public_2022_2026_cycles_1_0,public_schedule_without_transaction_override,False,,,complete
2025-11-24,97749.73,0.00,2,3566099.96,last_posted_transaction_or_prior_closing_balance,synb1_txn_b7554e8a56f59255a82d9fb0,trusted,cn_public_2022_2026_cycles_1_0,public_schedule_without_transaction_override,True,472,2025-11-25,complete
2025-11-25,81163.75,0.00,1,3647263.71,last_posted_transaction_or_prior_closing_balance,synb1_txn_7f10640b486b1d23ad219b80,trusted,cn_public_2022_2026_cycles_1_0,public_schedule_without_transaction_override,True,473,2025-11-26,complete
2025-11-26,1852.46,0.00,1,3649116.17,last_posted_transaction_or_prior_closing_balance,synb1_txn_71befbbba7578184277e655d,trusted,cn_public_2022_2026_cycles_1_0,public_schedule_without_transaction_override,True,474,2025-11-27,complete
2025-11-27,15218.60,0.00,1,3664334.77,last_posted_transaction_or_prior_closing_balance,synb1_txn_f406a9c47482a807b85cce5b,trusted,cn_public_2022_2026_cycles_1_0,public_schedule_without_transaction_override,True,475,2025-11-28,complete
2025-11-28,12182.83,0.00,1,3676517.60,last_posted_transaction_or_prior_closing_balance,synb1_txn_ed5a2b727a6d72acf65506a3,trusted,cn_public_2022_2026_cycles_1_0,public_schedule_without_transaction_override,True,476,2025-12-01,complete
2025-11-29,0.00,0.00,0,3676517.60,last_posted_transaction_or_prior_closing_balance,,trusted,cn_public_2022_2026_cycles_1_0,public_schedule_without_transaction_override,False,,,complete
2025-11-30,0.00,0.00,0,3676517.60,last_posted_transaction_or_prior_closing_balance,,trusted,cn_public_2022_2026_cycles_1_0,public_schedule_without_transaction_override,False,,,complete
2025-12-01,0.00,0.00,0,3676517.60,last_posted_transaction_or_prior_closing_balance,,trusted,cn_public_2022_2026_cycles_1_0,public_schedule_without_transaction_override,True,477,2025-12-02,complete
2025-12-02,0.00,0.00,0,3676517.60,last_posted_transaction_or_prior_closing_balance,,trusted,cn_public_2022_2026_cycles_1_0,public_schedule_without_transaction_override,True,478,2025-12-03,complete
2025-12-03,0.00,29243.54,2,3647274.06,last_posted_transaction_or_prior_closing_balance,synb1_txn_e830d8fcb2bc1a3aa3f6d2d3,trusted,cn_public_2022_2026_cycles_1_0,public_schedule_without_transaction_override,True,479,2025-12-04,complete
2025-12-04,27270.64,0.00,1,3674544.70,last_posted_transaction_or_prior_closing_balance,synb1_txn_daa7b9b131298737c62da888,trusted,cn_public_2022_2026_cycles_1_0,public_schedule_without_transaction_override,True,480,2025-12-05,complete
2025-12-05,0.00,19500.00,1,3655044.70,last_posted_transaction_or_prior_closing_balance,synb1_txn_58cc92bbf7469ac4a4725951,trusted,cn_public_2022_2026_cycles_1_0,public_schedule_without_transaction_override,True,481,2025-12-08,complete
2025-12-06,51792.82,0.00,1,3706837.52,last_posted_transaction_or_prior_closing_balance,synb1_txn_a6146f2b38c6e2f5a895b255,trusted,cn_public_2022_2026_cycles_1_0,public_schedule_without_transaction_override,False,,,complete
2025-12-07,34590.59,95302.77,5,3646125.34,last_posted_transaction_or_prior_closing_balance,synb1_txn_f76f14660d027993d4e0b433,trusted,cn_public_2022_2026_cycles_1_0,public_schedule_without_transaction_override,False,,,complete
2025-12-08,27566.15,0.00,1,3673691.49,last_posted_transaction_or_prior_closing_balance,synb1_txn_50e0673bebc54fe8d0056a54,trusted,cn_public_2022_2026_cycles_1_0,public_schedule_without_transaction_override,True,482,2025-12-09,complete
2025-12-09,0.00,5901.87,1,3667789.62,last_posted_transaction_or_prior_closing_balance,synb1_txn_d122409bdaf039e19f718b46,trusted,cn_public_2022_2026_cycles_1_0,public_schedule_without_transaction_override,True,483,2025-12-10,complete
2025-12-10,0.00,0.00,0,3667789.62,last_posted_transaction_or_prior_closing_balance,,trusted,cn_public_2022_2026_cycles_1_0,public_schedule_without_transaction_override,True,484,2025-12-11,complete
2025-12-11,59085.89,58328.17,2,3668547.34,last_posted_transaction_or_prior_closing_balance,synb1_txn_0fad5aca117bb38e80478324,trusted,cn_public_2022_2026_cycles_1_0,public_schedule_without_transaction_override,True,485,2025-12-12,complete
2025-12-12,120567.20,92804.51,2,3696310.03,last_posted_transaction_or_prior_closing_balance,synb1_txn_0760079126d2dc98ff9977e5,trusted,cn_public_2022_2026_cycles_1_0,public_schedule_without_transaction_override,True,486,2025-12-15,complete
2025-12-13,22454.86,0.00,1,3718764.89,last_posted_transaction_or_prior_closing_balance,synb1_txn_fbe7060b68b93bdbd83ddf63,trusted,cn_public_2022_2026_cycles_1_0,public_schedule_without_transaction_override,False,,,complete
2025-12-14,0.00,0.00,0,3718764.89,last_posted_transaction_or_prior_closing_balance,,trusted,cn_public_2022_2026_cycles_1_0,public_schedule_without_transaction_override,False,,,complete
2025-12-15,1348.56,0.00,1,3720113.45,last_posted_transaction_or_prior_closing_balance,synb1_txn_25ff06f108a7604582975013,trusted,cn_public_2022_2026_cycles_1_0,public_schedule_without_transaction_override,True,487,2025-12-16,complete
2025-12-16,40139.79,0.00,1,3760253.24,last_posted_transaction_or_prior_closing_balance,synb1_txn_fa52088568db7e658509256e,trusted,cn_public_2022_2026_cycles_1_0,public_schedule_without_transaction_override,True,488,2025-12-17,complete
2025-12-17,0.00,0.00,0,3760253.24,last_posted_transaction_or_prior_closing_balance,,trusted,cn_public_2022_2026_cycles_1_0,public_schedule_without_transaction_override,True,489,2025-12-18,complete
2025-12-18,0.00,6496.00,2,3753757.24,last_posted_transaction_or_prior_closing_balance,synb1_txn_9df8cc1b8e56d5bb79ad636e,trusted,cn_public_2022_2026_cycles_1_0,public_schedule_without_transaction_override,True,490,2025-12-19,complete
2025-12-19,0.00,0.00,0,3753757.24,last_posted_transaction_or_prior_closing_balance,,trusted,cn_public_2022_2026_cycles_1_0,public_schedule_without_transaction_override,True,491,2025-12-22,complete
2025-12-20,0.00,3149.80,1,3750607.44,last_posted_transaction_or_prior_closing_balance,synb1_txn_4334f7fa062fa7a75a8ef847,trusted,cn_public_2022_2026_cycles_1_0,public_schedule_without_transaction_override,False,,,complete
2025-12-21,0.00,118321.16,2,3632286.28,last_posted_transaction_or_prior_closing_balance,synb1_txn_9a6975ec6f6962b6b330f34f,trusted,cn_public_2022_2026_cycles_1_0,public_schedule_without_transaction_override,False,,,complete
2025-12-22,24934.89,0.00,1,3657221.17,last_posted_transaction_or_prior_closing_balance,synb1_txn_422731894f3c19c9bcf88b67,trusted,cn_public_2022_2026_cycles_1_0,public_schedule_without_transaction_override,True,492,2025-12-23,complete
2025-12-23,0.00,123895.07,1,3533326.10,last_posted_transaction_or_prior_closing_balance,synb1_txn_29b7ae30ae1ce8658f5c08df,trusted,cn_public_2022_2026_cycles_1_0,public_schedule_without_transaction_override,True,493,2025-12-24,complete
2025-12-24,123593.07,0.00,1,3656919.17,last_posted_transaction_or_prior_closing_balance,synb1_txn_c12f8d5555cde0f2feef3dea,trusted,cn_public_2022_2026_cycles_1_0,public_schedule_without_transaction_override,True,494,2025-12-25,complete
2025-12-25,0.00,0.00,0,3656919.17,last_posted_transaction_or_prior_closing_balance,,trusted,cn_public_2022_2026_cycles_1_0,public_schedule_without_transaction_override,True,495,2025-12-26,complete
2025-12-26,24074.39,0.00,1,3680993.56,last_posted_transaction_or_prior_closing_balance,synb1_txn_adc8fb1b5e4b19ee52b8188f,trusted,cn_public_2022_2026_cycles_1_0,public_schedule_without_transaction_override,True,496,2025-12-29,complete
2025-12-27,0.00,32021.11,1,3648972.45,last_posted_transaction_or_prior_closing_balance,synb1_txn_d04f2115c8003f8be1fae1e6,trusted,cn_public_2022_2026_cycles_1_0,public_schedule_without_transaction_override,False,,,complete
2025-12-28,17581.15,0.00,1,3666553.60,last_posted_transaction_or_prior_closing_balance,synb1_txn_37bdb3da619368ccce2c3a3d,trusted,cn_public_2022_2026_cycles_1_0,public_schedule_without_transaction_override,False,,,complete
2025-12-29,0.00,0.00,0,3666553.60,last_posted_transaction_or_prior_closing_balance,,trusted,cn_public_2022_2026_cycles_1_0,public_schedule_without_transaction_override,True,497,2025-12-30,complete
2025-12-30,0.00,0.00,0,3666553.60,last_posted_transaction_or_prior_closing_balance,,trusted,cn_public_2022_2026_cycles_1_0,public_schedule_without_transaction_override,True,498,2025-12-31,complete
2025-12-31,0.00,0.00,0,3666553.60,last_posted_transaction_or_prior_closing_balance,,trusted,cn_public_2022_2026_cycles_1_0,public_schedule_without_transaction_override,True,499,2026-01-04,complete
