calendar_date,inflow_cny,outflow_cny,transaction_count,ending_balance_cny,day_cut_basis,source_last_transaction_id,reconciliation_status,calendar_source,calendar_inference_status,is_bank_workday,business_step,target_date,execution_status
2024-01-01,1887000.00,0.00,1,1887000.00,last_posted_transaction_or_prior_closing_balance,synb1_txn_eff52dbd664213b755f478a0,trusted,cn_public_2022_2026_cycles_1_0,public_schedule_without_transaction_override,False,,,complete
2024-01-02,0.00,0.00,0,1887000.00,last_posted_transaction_or_prior_closing_balance,,trusted,cn_public_2022_2026_cycles_1_0,public_schedule_without_transaction_override,True,1,2024-01-03,complete
2024-01-03,0.00,0.00,0,1887000.00,last_posted_transaction_or_prior_closing_balance,,trusted,cn_public_2022_2026_cycles_1_0,public_schedule_without_transaction_override,True,2,2024-01-04,complete
2024-01-04,7427.16,79.73,2,1894347.43,last_posted_transaction_or_prior_closing_balance,synb1_txn_e288acd038ac18711738fe78,trusted,cn_public_2022_2026_cycles_1_0,public_schedule_without_transaction_override,True,3,2024-01-05,complete
2024-01-05,0.00,7800.00,1,1886547.43,last_posted_transaction_or_prior_closing_balance,synb1_txn_15b3a01d41a10c3d8d79c92f,trusted,cn_public_2022_2026_cycles_1_0,public_schedule_without_transaction_override,True,4,2024-01-08,complete
2024-01-06,31895.70,0.00,1,1918443.13,last_posted_transaction_or_prior_closing_balance,synb1_txn_3cce70666adc78298f36c79c,trusted,cn_public_2022_2026_cycles_1_0,public_schedule_without_transaction_override,False,,,complete
2024-01-07,0.00,68562.71,2,1849880.42,last_posted_transaction_or_prior_closing_balance,synb1_txn_c8d69a3e850e39fb3a38db3e,trusted,cn_public_2022_2026_cycles_1_0,public_schedule_without_transaction_override,False,,,complete
2024-01-08,28518.91,0.00,2,1878399.33,last_posted_transaction_or_prior_closing_balance,synb1_txn_3499970d6f8b8a733df12e88,trusted,cn_public_2022_2026_cycles_1_0,public_schedule_without_transaction_override,True,5,2024-01-09,complete
2024-01-09,0.00,2086.70,1,1876312.63,last_posted_transaction_or_prior_closing_balance,synb1_txn_9dc9ecc47d680d3e145c3f1c,trusted,cn_public_2022_2026_cycles_1_0,public_schedule_without_transaction_override,True,6,2024-01-10,complete
2024-01-10,0.00,0.00,0,1876312.63,last_posted_transaction_or_prior_closing_balance,,trusted,cn_public_2022_2026_cycles_1_0,public_schedule_without_transaction_override,True,7,2024-01-11,complete
2024-01-11,34758.56,0.00,2,1911071.19,last_posted_transaction_or_prior_closing_balance,synb1_txn_4d91961ddd44304a6e9f9b5c,trusted,cn_public_2022_2026_cycles_1_0,public_schedule_without_transaction_override,True,8,2024-01-12,complete
2024-01-12,0.00,0.00,0,1911071.19,last_posted_transaction_or_prior_closing_balance,,trusted,cn_public_2022_2026_cycles_1_0,public_schedule_without_transaction_override,True,9,2024-01-15,complete
2024-01-13,0.00,0.00,0,1911071.19,last_posted_transaction_or_prior_closing_balance,,trusted,cn_public_2022_2026_cycles_1_0,public_schedule_without_transaction_override,False,,,complete
2024-01-14,0.00,0.00,0,1911071.19,last_posted_transaction_or_prior_closing_balance,,trusted,cn_public_2022_2026_cycles_1_0,public_schedule_without_transaction_override,False,,,complete
2024-01-15,12865.18,0.00,1,1923936.37,last_posted_transaction_or_prior_closing_balance,synb1_txn_d5b7ecee7603d4bfcb9511e2,trusted,cn_public_2022_2026_cycles_1_0,public_schedule_without_transaction_override,True,10,2024-01-16,complete
2024-01-16,29779.19,0.00,1,1953715.56,last_posted_transaction_or_prior_closing_balance,synb1_txn_68c3442b91c488daa1705af9,trusted,cn_public_2022_2026_cycles_1_0,public_schedule_without_transaction_override,True,11,2024-01-17,complete
2024-01-17,0.00,165084.51,1,1788631.05,last_posted_transaction_or_prior_closing_balance,synb1_txn_af22fc7d2536c0a3fbaff366,trusted,cn_public_2022_2026_cycles_1_0,public_schedule_without_transaction_override,True,12,2024-01-18,complete
2024-01-18,0.00,0.00,0,1788631.05,last_posted_transaction_or_prior_closing_balance,,trusted,cn_public_2022_2026_cycles_1_0,public_schedule_without_transaction_override,True,13,2024-01-19,complete
2024-01-19,0.00,0.00,0,1788631.05,last_posted_transaction_or_prior_closing_balance,,trusted,cn_public_2022_2026_cycles_1_0,public_schedule_without_transaction_override,True,14,2024-01-22,complete
2024-01-20,0.00,0.00,0,1788631.05,last_posted_transaction_or_prior_closing_balance,,trusted,cn_public_2022_2026_cycles_1_0,public_schedule_without_transaction_override,False,,,complete
2024-01-21,0.00,2369.76,1,1786261.29,last_posted_transaction_or_prior_closing_balance,synb1_txn_c8fea7061811c6ec24ad739c,trusted,cn_public_2022_2026_cycles_1_0,public_schedule_without_transaction_override,False,,,complete
2024-01-22,0.00,0.00,0,1786261.29,last_posted_transaction_or_prior_closing_balance,,trusted,cn_public_2022_2026_cycles_1_0,public_schedule_without_transaction_override,True,15,2024-01-23,complete
2024-01-23,0.00,70000.00,1,1716261.29,last_posted_transaction_or_prior_closing_balance,synb1_txn_9dce013c767d0d27ed856014,trusted,cn_public_2022_2026_cycles_1_0,public_schedule_without_transaction_override,True,16,2024-01-24,complete
2024-01-24,0.00,0.00,0,1716261.29,last_posted_transaction_or_prior_closing_balance,,trusted,cn_public_2022_2026_cycles_1_0,public_schedule_without_transaction_override,True,17,2024-01-25,complete
2024-01-25,0.00,31562.28,1,1684699.01,last_posted_transaction_or_prior_closing_balance,synb1_txn_5e15b21587660e1e6d0aaab5,trusted,cn_public_2022_2026_cycles_1_0,public_schedule_without_transaction_override,True,18,2024-01-26,complete
2024-01-26,12055.30,0.00,1,1696754.31,last_posted_transaction_or_prior_closing_balance,synb1_txn_96576b8cf87a1a098cf11316,trusted,cn_public_2022_2026_cycles_1_0,public_schedule_without_transaction_override,True,19,2024-01-29,complete
2024-01-27,0.00,1663.81,1,1695090.50,last_posted_transaction_or_prior_closing_balance,synb1_txn_0348067996c27d513e2d3d9a,trusted,cn_public_2022_2026_cycles_1_0,public_schedule_without_transaction_override,False,,,complete
2024-01-28,0.00,0.00,0,1695090.50,last_posted_transaction_or_prior_closing_balance,,trusted,cn_public_2022_2026_cycles_1_0,public_schedule_without_transaction_override,False,,,complete
2024-01-29,0.00,0.00,0,1695090.50,last_posted_transaction_or_prior_closing_balance,,trusted,cn_public_2022_2026_cycles_1_0,public_schedule_without_transaction_override,True,20,2024-01-30,complete
2024-01-30,0.00,0.00,0,1695090.50,last_posted_transaction_or_prior_closing_balance,,trusted,cn_public_2022_2026_cycles_1_0,public_schedule_without_transaction_override,True,21,2024-01-31,complete
2024-01-31,0.00,0.00,0,1695090.50,last_posted_transaction_or_prior_closing_balance,,trusted,cn_public_2022_2026_cycles_1_0,public_schedule_without_transaction_override,True,22,2024-02-01,complete
2024-02-01,0.00,0.00,0,1695090.50,last_posted_transaction_or_prior_closing_balance,,trusted,cn_public_2022_2026_cycles_1_0,public_schedule_without_transaction_override,True,23,2024-02-02,complete
2024-02-02,0.00,0.00,0,1695090.50,last_posted_transaction_or_prior_closing_balance,,trusted,cn_public_2022_2026_cycles_1_0,public_schedule_without_transaction_override,True,24,2024-02-04,complete
2024-02-03,0.00,95.95,1,1694994.55,last_posted_transaction_or_prior_closing_balance,synb1_txn_e553df11fe98cff8f3649017,trusted,cn_public_2022_2026_cycles_1_0,public_schedule_without_transaction_override,False,,,complete
2024-02-04,0.00,195392.83,1,1499601.72,last_posted_transaction_or_prior_closing_balance,synb1_txn_b11da198df434f7270874d8d,trusted,cn_public_2022_2026_cycles_1_0,public_schedule_without_transaction_override,True,25,2024-02-05,complete
2024-02-05,0.00,7800.00,1,1491801.72,last_posted_transaction_or_prior_closing_balance,synb1_txn_80167bbb4f8044a22934de64,trusted,cn_public_2022_2026_cycles_1_0,public_schedule_without_transaction_override,True,26,2024-02-06,complete
2024-02-06,112698.57,0.00,2,1604500.29,last_posted_transaction_or_prior_closing_balance,synb1_txn_01971549aac051e1f6d6d96c,trusted,cn_public_2022_2026_cycles_1_0,public_schedule_without_transaction_override,True,27,2024-02-07,complete
2024-02-07,120099.24,31500.00,3,1693099.53,last_posted_transaction_or_prior_closing_balance,synb1_txn_4370602aed5c6c9e1e7390dc,trusted,cn_public_2022_2026_cycles_1_0,public_schedule_without_transaction_override,True,28,2024-02-08,complete
2024-02-08,0.00,42.06,1,1693057.47,last_posted_transaction_or_prior_closing_balance,synb1_txn_e57a2a1b7bd4e9a7417f6e7f,trusted,cn_public_2022_2026_cycles_1_0,public_schedule_without_transaction_override,True,29,2024-02-09,complete
2024-02-09,0.00,0.00,0,1693057.47,last_posted_transaction_or_prior_closing_balance,,trusted,cn_public_2022_2026_cycles_1_0,public_schedule_without_transaction_override,True,30,2024-02-18,complete
2024-02-10,0.00,0.00,0,1693057.47,last_posted_transaction_or_prior_closing_balance,,trusted,cn_public_2022_2026_cycles_1_0,public_schedule_without_transaction_override,False,,,complete
2024-02-11,0.00,0.00,0,1693057.47,last_posted_transaction_or_prior_closing_balance,,trusted,cn_public_2022_2026_cycles_1_0,public_schedule_without_transaction_override,False,,,complete
2024-02-12,0.00,6410.79,1,1686646.68,last_posted_transaction_or_prior_closing_balance,synb1_txn_6286497a1cc60787b40cf8ce,trusted,cn_public_2022_2026_cycles_1_0,public_schedule_without_transaction_override,False,,,complete
2024-02-13,0.00,0.00,0,1686646.68,last_posted_transaction_or_prior_closing_balance,,trusted,cn_public_2022_2026_cycles_1_0,public_schedule_without_transaction_override,False,,,complete
2024-02-14,0.00,0.00,0,1686646.68,last_posted_transaction_or_prior_closing_balance,,trusted,cn_public_2022_2026_cycles_1_0,public_schedule_without_transaction_override,False,,,complete
2024-02-15,0.00,0.00,0,1686646.68,last_posted_transaction_or_prior_closing_balance,,trusted,cn_public_2022_2026_cycles_1_0,public_schedule_without_transaction_override,False,,,complete
2024-02-16,0.00,2445.44,1,1684201.24,last_posted_transaction_or_prior_closing_balance,synb1_txn_4a44accd44f3e26cb942de1f,trusted,cn_public_2022_2026_cycles_1_0,public_schedule_without_transaction_override,False,,,complete
2024-02-17,0.00,0.00,0,1684201.24,last_posted_transaction_or_prior_closing_balance,,trusted,cn_public_2022_2026_cycles_1_0,public_schedule_without_transaction_override,False,,,complete
2024-02-18,0.00,3388.00,2,1680813.24,last_posted_transaction_or_prior_closing_balance,synb1_txn_41e71278c1b0e49bae112ce3,trusted,cn_public_2022_2026_cycles_1_0,public_schedule_without_transaction_override,True,31,2024-02-19,complete
2024-02-19,186329.88,2672.86,4,1864470.26,last_posted_transaction_or_prior_closing_balance,synb1_txn_70d70cfd7272d6940049dd9c,trusted,cn_public_2022_2026_cycles_1_0,public_schedule_without_transaction_override,True,32,2024-02-20,complete
2024-02-20,0.00,50000.00,1,1814470.26,last_posted_transaction_or_prior_closing_balance,synb1_txn_a175b73fb12a66cfffc41d6e,trusted,cn_public_2022_2026_cycles_1_0,public_schedule_without_transaction_override,True,33,2024-02-21,complete
2024-02-21,0.00,3074.21,1,1811396.05,last_posted_transaction_or_prior_closing_balance,synb1_txn_834098283ec0717793dc0e69,trusted,cn_public_2022_2026_cycles_1_0,public_schedule_without_transaction_override,True,34,2024-02-22,complete
2024-02-22,0.00,0.00,0,1811396.05,last_posted_transaction_or_prior_closing_balance,,trusted,cn_public_2022_2026_cycles_1_0,public_schedule_without_transaction_override,True,35,2024-02-23,complete
2024-02-23,0.00,211619.12,4,1599776.93,last_posted_transaction_or_prior_closing_balance,synb1_txn_e499d88eb02b83f36d00a51d,trusted,cn_public_2022_2026_cycles_1_0,public_schedule_without_transaction_override,True,36,2024-02-26,complete
2024-02-24,0.00,0.00,0,1599776.93,last_posted_transaction_or_prior_closing_balance,,trusted,cn_public_2022_2026_cycles_1_0,public_schedule_without_transaction_override,False,,,complete
2024-02-25,0.00,1901.76,1,1597875.17,last_posted_transaction_or_prior_closing_balance,synb1_txn_6bc01f5c5a2a2b847c7923ea,trusted,cn_public_2022_2026_cycles_1_0,public_schedule_without_transaction_override,False,,,complete
2024-02-26,0.00,0.00,0,1597875.17,last_posted_transaction_or_prior_closing_balance,,trusted,cn_public_2022_2026_cycles_1_0,public_schedule_without_transaction_override,True,37,2024-02-27,complete
2024-02-27,10824.31,0.00,1,1608699.48,last_posted_transaction_or_prior_closing_balance,synb1_txn_bfb9b6768c1e2be3bcb270e8,trusted,cn_public_2022_2026_cycles_1_0,public_schedule_without_transaction_override,True,38,2024-02-28,complete
2024-02-28,0.00,12768.76,2,1595930.72,last_posted_transaction_or_prior_closing_balance,synb1_txn_7a276fce9ce6b90405bff278,trusted,cn_public_2022_2026_cycles_1_0,public_schedule_without_transaction_override,True,39,2024-02-29,complete
2024-02-29,0.00,0.00,0,1595930.72,last_posted_transaction_or_prior_closing_balance,,trusted,cn_public_2022_2026_cycles_1_0,public_schedule_without_transaction_override,True,40,2024-03-01,complete
2024-03-01,0.00,0.00,0,1595930.72,last_posted_transaction_or_prior_closing_balance,,trusted,cn_public_2022_2026_cycles_1_0,public_schedule_without_transaction_override,True,41,2024-03-04,complete
2024-03-02,0.00,0.00,0,1595930.72,last_posted_transaction_or_prior_closing_balance,,trusted,cn_public_2022_2026_cycles_1_0,public_schedule_without_transaction_override,False,,,complete
2024-03-03,0.00,0.00,0,1595930.72,last_posted_transaction_or_prior_closing_balance,,trusted,cn_public_2022_2026_cycles_1_0,public_schedule_without_transaction_override,False,,,complete
2024-03-04,7398.89,90858.89,3,1512470.72,last_posted_transaction_or_prior_closing_balance,synb1_txn_9fbb5ab0d417f6b9a224e639,trusted,cn_public_2022_2026_cycles_1_0,public_schedule_without_transaction_override,True,42,2024-03-05,complete
2024-03-05,0.00,7800.00,1,1504670.72,last_posted_transaction_or_prior_closing_balance,synb1_txn_2bee7c21743b2cd7cc28eb3c,trusted,cn_public_2022_2026_cycles_1_0,public_schedule_without_transaction_override,True,43,2024-03-06,complete
2024-03-06,49285.31,0.00,1,1553956.03,last_posted_transaction_or_prior_closing_balance,synb1_txn_858a7ed6b8b4752e55fb9749,trusted,cn_public_2022_2026_cycles_1_0,public_schedule_without_transaction_override,True,44,2024-03-07,complete
2024-03-07,0.00,31500.00,1,1522456.03,last_posted_transaction_or_prior_closing_balance,synb1_txn_703cf88b866772b3e07f25b9,trusted,cn_public_2022_2026_cycles_1_0,public_schedule_without_transaction_override,True,45,2024-03-08,complete
2024-03-08,62493.91,0.00,1,1584949.94,last_posted_transaction_or_prior_closing_balance,synb1_txn_c7ba11c4d46644140cbc809e,trusted,cn_public_2022_2026_cycles_1_0,public_schedule_without_transaction_override,True,46,2024-03-11,complete
2024-03-09,0.00,0.00,0,1584949.94,last_posted_transaction_or_prior_closing_balance,,trusted,cn_public_2022_2026_cycles_1_0,public_schedule_without_transaction_override,False,,,complete
2024-03-10,0.00,0.00,0,1584949.94,last_posted_transaction_or_prior_closing_balance,,trusted,cn_public_2022_2026_cycles_1_0,public_schedule_without_transaction_override,False,,,complete
2024-03-11,74289.73,0.00,2,1659239.67,last_posted_transaction_or_prior_closing_balance,synb1_txn_c3fbe7d8ca50eca3481b3c9b,trusted,cn_public_2022_2026_cycles_1_0,public_schedule_without_transaction_override,True,47,2024-03-12,complete
2024-03-12,0.00,0.00,0,1659239.67,last_posted_transaction_or_prior_closing_balance,,trusted,cn_public_2022_2026_cycles_1_0,public_schedule_without_transaction_override,True,48,2024-03-13,complete
2024-03-13,0.00,0.00,0,1659239.67,last_posted_transaction_or_prior_closing_balance,,trusted,cn_public_2022_2026_cycles_1_0,public_schedule_without_transaction_override,True,49,2024-03-14,complete
2024-03-14,18221.26,0.00,1,1677460.93,last_posted_transaction_or_prior_closing_balance,synb1_txn_d1483fe13f31875fbca54daa,trusted,cn_public_2022_2026_cycles_1_0,public_schedule_without_transaction_override,True,50,2024-03-15,complete
2024-03-15,72826.79,0.00,2,1750287.72,last_posted_transaction_or_prior_closing_balance,synb1_txn_16671bcdc28259bfb978c3d0,trusted,cn_public_2022_2026_cycles_1_0,public_schedule_without_transaction_override,True,51,2024-03-18,complete
2024-03-16,152.51,0.00,1,1750440.23,last_posted_transaction_or_prior_closing_balance,synb1_txn_349af4002372946bd484ddd4,trusted,cn_public_2022_2026_cycles_1_0,public_schedule_without_transaction_override,False,,,complete
2024-03-17,29254.27,0.00,2,1779694.50,last_posted_transaction_or_prior_closing_balance,synb1_txn_a172ade2d47e28b0e2f9cbd8,trusted,cn_public_2022_2026_cycles_1_0,public_schedule_without_transaction_override,False,,,complete
2024-03-18,16677.79,16447.45,5,1779924.84,last_posted_transaction_or_prior_closing_balance,synb1_txn_96353056d7bb8984c3926f2f,trusted,cn_public_2022_2026_cycles_1_0,public_schedule_without_transaction_override,True,52,2024-03-19,complete
2024-03-19,0.00,0.00,0,1779924.84,last_posted_transaction_or_prior_closing_balance,,trusted,cn_public_2022_2026_cycles_1_0,public_schedule_without_transaction_override,True,53,2024-03-20,complete
2024-03-20,42884.41,0.00,1,1822809.25,last_posted_transaction_or_prior_closing_balance,synb1_txn_fcbca1607ac78461e6144e02,trusted,cn_public_2022_2026_cycles_1_0,public_schedule_without_transaction_override,True,54,2024-03-21,complete
2024-03-21,0.00,0.00,0,1822809.25,last_posted_transaction_or_prior_closing_balance,,trusted,cn_public_2022_2026_cycles_1_0,public_schedule_without_transaction_override,True,55,2024-03-22,complete
2024-03-22,0.00,0.00,0,1822809.25,last_posted_transaction_or_prior_closing_balance,,trusted,cn_public_2022_2026_cycles_1_0,public_schedule_without_transaction_override,True,56,2024-03-25,complete
2024-03-23,30803.13,80794.55,2,1772817.83,last_posted_transaction_or_prior_closing_balance,synb1_txn_69296bea9f578cd6f0d81163,trusted,cn_public_2022_2026_cycles_1_0,public_schedule_without_transaction_override,False,,,complete
2024-03-24,0.00,0.00,0,1772817.83,last_posted_transaction_or_prior_closing_balance,,trusted,cn_public_2022_2026_cycles_1_0,public_schedule_without_transaction_override,False,,,complete
2024-03-25,0.00,0.00,0,1772817.83,last_posted_transaction_or_prior_closing_balance,,trusted,cn_public_2022_2026_cycles_1_0,public_schedule_without_transaction_override,True,57,2024-03-26,complete
2024-03-26,0.00,18953.80,1,1753864.03,last_posted_transaction_or_prior_closing_balance,synb1_txn_5470e64248e277261c7f9b5b,trusted,cn_public_2022_2026_cycles_1_0,public_schedule_without_transaction_override,True,58,2024-03-27,complete
2024-03-27,0.00,0.00,0,1753864.03,last_posted_transaction_or_prior_closing_balance,,trusted,cn_public_2022_2026_cycles_1_0,public_schedule_without_transaction_override,True,59,2024-03-28,complete
2024-03-28,0.00,108198.92,1,1645665.11,last_posted_transaction_or_prior_closing_balance,synb1_txn_15b2339622e29dfd0fd719e8,trusted,cn_public_2022_2026_cycles_1_0,public_schedule_without_transaction_override,True,60,2024-03-29,complete
2024-03-29,0.00,0.00,0,1645665.11,last_posted_transaction_or_prior_closing_balance,,trusted,cn_public_2022_2026_cycles_1_0,public_schedule_without_transaction_override,True,61,2024-04-01,complete
2024-03-30,0.00,0.00,0,1645665.11,last_posted_transaction_or_prior_closing_balance,,trusted,cn_public_2022_2026_cycles_1_0,public_schedule_without_transaction_override,False,,,complete
2024-03-31,0.00,0.00,0,1645665.11,last_posted_transaction_or_prior_closing_balance,,trusted,cn_public_2022_2026_cycles_1_0,public_schedule_without_transaction_override,False,,,complete
2024-04-01,0.00,0.00,0,1645665.11,last_posted_transaction_or_prior_closing_balance,,trusted,cn_public_2022_2026_cycles_1_0,public_schedule_without_transaction_override,True,62,2024-04-02,complete
2024-04-02,0.00,121380.52,1,1524284.59,last_posted_transaction_or_prior_closing_balance,synb1_txn_8acee9800903aa76d007674f,trusted,cn_public_2022_2026_cycles_1_0,public_schedule_without_transaction_override,True,63,2024-04-03,complete
2024-04-03,20995.75,0.00,1,1545280.34,last_posted_transaction_or_prior_closing_balance,synb1_txn_50e49e3a265e2bd026b93898,trusted,cn_public_2022_2026_cycles_1_0,public_schedule_without_transaction_override,True,64,2024-04-07,complete
2024-04-04,0.00,0.00,0,1545280.34,last_posted_transaction_or_prior_closing_balance,,trusted,cn_public_2022_2026_cycles_1_0,public_schedule_without_transaction_override,False,,,complete
2024-04-05,0.00,7800.00,1,1537480.34,last_posted_transaction_or_prior_closing_balance,synb1_txn_22308863007744fbf3b408e4,trusted,cn_public_2022_2026_cycles_1_0,public_schedule_without_transaction_override,False,,,complete
2024-04-06,0.00,0.00,0,1537480.34,last_posted_transaction_or_prior_closing_balance,,trusted,cn_public_2022_2026_cycles_1_0,public_schedule_without_transaction_override,False,,,complete
2024-04-07,45611.62,68166.87,3,1514925.09,last_posted_transaction_or_prior_closing_balance,synb1_txn_a7b9711fbc39b81f4a26b96d,trusted,cn_public_2022_2026_cycles_1_0,public_schedule_without_transaction_override,True,65,2024-04-08,complete
2024-04-08,1885.61,26491.53,2,1490319.17,last_posted_transaction_or_prior_closing_balance,synb1_txn_85ee75f5c53b89c95030cec1,trusted,cn_public_2022_2026_cycles_1_0,public_schedule_without_transaction_override,True,66,2024-04-09,complete
2024-04-09,0.00,0.00,0,1490319.17,last_posted_transaction_or_prior_closing_balance,,trusted,cn_public_2022_2026_cycles_1_0,public_schedule_without_transaction_override,True,67,2024-04-10,complete
2024-04-10,3646.60,0.00,1,1493965.77,last_posted_transaction_or_prior_closing_balance,synb1_txn_952913c18b6038d6d0d4f5a6,trusted,cn_public_2022_2026_cycles_1_0,public_schedule_without_transaction_override,True,68,2024-04-11,complete
2024-04-11,0.00,11040.71,3,1482925.06,last_posted_transaction_or_prior_closing_balance,synb1_txn_638957e0427d375a7c8f07b9,trusted,cn_public_2022_2026_cycles_1_0,public_schedule_without_transaction_override,True,69,2024-04-12,complete
2024-04-12,0.00,0.00,0,1482925.06,last_posted_transaction_or_prior_closing_balance,,trusted,cn_public_2022_2026_cycles_1_0,public_schedule_without_transaction_override,True,70,2024-04-15,complete
2024-04-13,0.00,7339.23,1,1475585.83,last_posted_transaction_or_prior_closing_balance,synb1_txn_c2d9ecc0e60b72a3f495935f,trusted,cn_public_2022_2026_cycles_1_0,public_schedule_without_transaction_override,False,,,complete
2024-04-14,0.00,1294.33,1,1474291.50,last_posted_transaction_or_prior_closing_balance,synb1_txn_0785c836902e97e9f51e7001,trusted,cn_public_2022_2026_cycles_1_0,public_schedule_without_transaction_override,False,,,complete
2024-04-15,11955.51,0.00,1,1486247.01,last_posted_transaction_or_prior_closing_balance,synb1_txn_cae6a29d2bd74ce6b4b1b954,trusted,cn_public_2022_2026_cycles_1_0,public_schedule_without_transaction_override,True,71,2024-04-16,complete
2024-04-16,0.00,3427.15,1,1482819.86,last_posted_transaction_or_prior_closing_balance,synb1_txn_eaadc212cecc623ae6d35d5a,trusted,cn_public_2022_2026_cycles_1_0,public_schedule_without_transaction_override,True,72,2024-04-17,complete
2024-04-17,0.00,127.90,1,1482691.96,last_posted_transaction_or_prior_closing_balance,synb1_txn_bc720078ea192468a4d7fe1c,trusted,cn_public_2022_2026_cycles_1_0,public_schedule_without_transaction_override,True,73,2024-04-18,complete
2024-04-18,0.00,129784.45,3,1352907.51,last_posted_transaction_or_prior_closing_balance,synb1_txn_648654468f143e49780aa7b0,trusted,cn_public_2022_2026_cycles_1_0,public_schedule_without_transaction_override,True,74,2024-04-19,complete
2024-04-19,0.00,0.00,0,1352907.51,last_posted_transaction_or_prior_closing_balance,,trusted,cn_public_2022_2026_cycles_1_0,public_schedule_without_transaction_override,True,75,2024-04-22,complete
2024-04-20,31046.19,0.00,2,1383953.70,last_posted_transaction_or_prior_closing_balance,synb1_txn_dd19b6c895c2a681dd843400,trusted,cn_public_2022_2026_cycles_1_0,public_schedule_without_transaction_override,False,,,complete
2024-04-21,0.00,0.00,0,1383953.70,last_posted_transaction_or_prior_closing_balance,,trusted,cn_public_2022_2026_cycles_1_0,public_schedule_without_transaction_override,False,,,complete
2024-04-22,46318.54,0.00,1,1430272.24,last_posted_transaction_or_prior_closing_balance,synb1_txn_e8f74c50454637dacf8d6097,trusted,cn_public_2022_2026_cycles_1_0,public_schedule_without_transaction_override,True,76,2024-04-23,complete
2024-04-23,0.00,725.41,1,1429546.83,last_posted_transaction_or_prior_closing_balance,synb1_txn_f52fc1c2f14c3b55b8ad93c3,trusted,cn_public_2022_2026_cycles_1_0,public_schedule_without_transaction_override,True,77,2024-04-24,complete
2024-04-24,160837.43,0.00,1,1590384.26,last_posted_transaction_or_prior_closing_balance,synb1_txn_8ca4343949c51d4bc6a08244,trusted,cn_public_2022_2026_cycles_1_0,public_schedule_without_transaction_override,True,78,2024-04-25,complete
2024-04-25,218.87,0.00,1,1590603.13,last_posted_transaction_or_prior_closing_balance,synb1_txn_7f4589d8c5dbd7a1b8323dd7,trusted,cn_public_2022_2026_cycles_1_0,public_schedule_without_transaction_override,True,79,2024-04-26,complete
2024-04-26,0.00,0.00,0,1590603.13,last_posted_transaction_or_prior_closing_balance,,trusted,cn_public_2022_2026_cycles_1_0,public_schedule_without_transaction_override,True,80,2024-04-28,complete
2024-04-27,0.00,0.00,0,1590603.13,last_posted_transaction_or_prior_closing_balance,,trusted,cn_public_2022_2026_cycles_1_0,public_schedule_without_transaction_override,False,,,complete
2024-04-28,28263.88,0.00,1,1618867.01,last_posted_transaction_or_prior_closing_balance,synb1_txn_b8c39b3e8d68183deedf4cc5,trusted,cn_public_2022_2026_cycles_1_0,public_schedule_without_transaction_override,True,81,2024-04-29,complete
2024-04-29,0.00,0.00,0,1618867.01,last_posted_transaction_or_prior_closing_balance,,trusted,cn_public_2022_2026_cycles_1_0,public_schedule_without_transaction_override,True,82,2024-04-30,complete
2024-04-30,0.00,0.00,0,1618867.01,last_posted_transaction_or_prior_closing_balance,,trusted,cn_public_2022_2026_cycles_1_0,public_schedule_without_transaction_override,True,83,2024-05-06,complete
2024-05-01,0.00,0.00,0,1618867.01,last_posted_transaction_or_prior_closing_balance,,trusted,cn_public_2022_2026_cycles_1_0,public_schedule_without_transaction_override,False,,,complete
2024-05-02,0.00,0.00,0,1618867.01,last_posted_transaction_or_prior_closing_balance,,trusted,cn_public_2022_2026_cycles_1_0,public_schedule_without_transaction_override,False,,,complete
2024-05-03,119624.84,0.00,2,1738491.85,last_posted_transaction_or_prior_closing_balance,synb1_txn_0cc7d4a9af5e8455c1ed1f44,trusted,cn_public_2022_2026_cycles_1_0,public_schedule_without_transaction_override,False,,,complete
2024-05-04,0.00,0.00,0,1738491.85,last_posted_transaction_or_prior_closing_balance,,trusted,cn_public_2022_2026_cycles_1_0,public_schedule_without_transaction_override,False,,,complete
2024-05-05,237.93,27647.01,4,1711082.77,last_posted_transaction_or_prior_closing_balance,synb1_txn_5e38126dca8269506435d11b,trusted,cn_public_2022_2026_cycles_1_0,public_schedule_without_transaction_override,False,,,complete
2024-05-06,19738.98,16783.84,2,1714037.91,last_posted_transaction_or_prior_closing_balance,synb1_txn_a0ccc89fdc7ee4bb2e18dab2,trusted,cn_public_2022_2026_cycles_1_0,public_schedule_without_transaction_override,True,84,2024-05-07,complete
2024-05-07,0.00,41145.45,2,1672892.46,last_posted_transaction_or_prior_closing_balance,synb1_txn_b55924da9ea52c6628998a3d,trusted,cn_public_2022_2026_cycles_1_0,public_schedule_without_transaction_override,True,85,2024-05-08,complete
2024-05-08,0.00,0.00,0,1672892.46,last_posted_transaction_or_prior_closing_balance,,trusted,cn_public_2022_2026_cycles_1_0,public_schedule_without_transaction_override,True,86,2024-05-09,complete
2024-05-09,27791.92,50052.30,2,1650632.08,last_posted_transaction_or_prior_closing_balance,synb1_txn_66fe577ad3b7eeb856c6ce33,trusted,cn_public_2022_2026_cycles_1_0,public_schedule_without_transaction_override,True,87,2024-05-10,complete
2024-05-10,0.00,0.00,0,1650632.08,last_posted_transaction_or_prior_closing_balance,,trusted,cn_public_2022_2026_cycles_1_0,public_schedule_without_transaction_override,True,88,2024-05-11,complete
2024-05-11,0.00,545.54,1,1650086.54,last_posted_transaction_or_prior_closing_balance,synb1_txn_9144992076c3fc2073c567d3,trusted,cn_public_2022_2026_cycles_1_0,public_schedule_without_transaction_override,True,89,2024-05-13,complete
2024-05-12,0.00,6363.57,1,1643722.97,last_posted_transaction_or_prior_closing_balance,synb1_txn_190124ffdc82d1c03e1ad158,trusted,cn_public_2022_2026_cycles_1_0,public_schedule_without_transaction_override,False,,,complete
2024-05-13,4043.43,0.00,1,1647766.40,last_posted_transaction_or_prior_closing_balance,synb1_txn_86ad8c80a86d8f1a9be8b9af,trusted,cn_public_2022_2026_cycles_1_0,public_schedule_without_transaction_override,True,90,2024-05-14,complete
2024-05-14,15060.58,0.00,1,1662826.98,last_posted_transaction_or_prior_closing_balance,synb1_txn_65c4384a4ab6a9cfe6859d33,trusted,cn_public_2022_2026_cycles_1_0,public_schedule_without_transaction_override,True,91,2024-05-15,complete
2024-05-15,0.00,0.00,0,1662826.98,last_posted_transaction_or_prior_closing_balance,,trusted,cn_public_2022_2026_cycles_1_0,public_schedule_without_transaction_override,True,92,2024-05-16,complete
2024-05-16,19532.26,62267.10,2,1620092.14,last_posted_transaction_or_prior_closing_balance,synb1_txn_18fc60d1d62bb48d905ec23e,trusted,cn_public_2022_2026_cycles_1_0,public_schedule_without_transaction_override,True,93,2024-05-17,complete
2024-05-17,49162.54,0.00,1,1669254.68,last_posted_transaction_or_prior_closing_balance,synb1_txn_51e61def16acaee62cd153a7,trusted,cn_public_2022_2026_cycles_1_0,public_schedule_without_transaction_override,True,94,2024-05-20,complete
2024-05-18,19568.51,4186.46,3,1684636.73,last_posted_transaction_or_prior_closing_balance,synb1_txn_993b56fa3213099f3c906566,trusted,cn_public_2022_2026_cycles_1_0,public_schedule_without_transaction_override,False,,,complete
2024-05-19,0.00,6923.55,1,1677713.18,last_posted_transaction_or_prior_closing_balance,synb1_txn_9bf5c2376f46e7c19911020e,trusted,cn_public_2022_2026_cycles_1_0,public_schedule_without_transaction_override,False,,,complete
2024-05-20,43083.71,25715.63,6,1695081.26,last_posted_transaction_or_prior_closing_balance,synb1_txn_5300a03f45d01bd52ccc87cc,trusted,cn_public_2022_2026_cycles_1_0,public_schedule_without_transaction_override,True,95,2024-05-21,complete
2024-05-21,0.00,0.00,0,1695081.26,last_posted_transaction_or_prior_closing_balance,,trusted,cn_public_2022_2026_cycles_1_0,public_schedule_without_transaction_override,True,96,2024-05-22,complete
2024-05-22,24385.74,0.00,1,1719467.00,last_posted_transaction_or_prior_closing_balance,synb1_txn_f0d7726fd84923ac32cced13,trusted,cn_public_2022_2026_cycles_1_0,public_schedule_without_transaction_override,True,97,2024-05-23,complete
2024-05-23,0.00,0.00,0,1719467.00,last_posted_transaction_or_prior_closing_balance,,trusted,cn_public_2022_2026_cycles_1_0,public_schedule_without_transaction_override,True,98,2024-05-24,complete
2024-05-24,2550.90,0.00,1,1722017.90,last_posted_transaction_or_prior_closing_balance,synb1_txn_abc9480b82f3c678448f662e,trusted,cn_public_2022_2026_cycles_1_0,public_schedule_without_transaction_override,True,99,2024-05-27,complete
2024-05-25,0.00,120542.08,1,1601475.82,last_posted_transaction_or_prior_closing_balance,synb1_txn_9b450de1a004c69df7de0e14,trusted,cn_public_2022_2026_cycles_1_0,public_schedule_without_transaction_override,False,,,complete
2024-05-26,36390.66,2607.11,3,1635259.37,last_posted_transaction_or_prior_closing_balance,synb1_txn_c23ef5e54907a7f187f7ab30,trusted,cn_public_2022_2026_cycles_1_0,public_schedule_without_transaction_override,False,,,complete
2024-05-27,0.00,0.00,0,1635259.37,last_posted_transaction_or_prior_closing_balance,,trusted,cn_public_2022_2026_cycles_1_0,public_schedule_without_transaction_override,True,100,2024-05-28,complete
2024-05-28,0.00,0.00,0,1635259.37,last_posted_transaction_or_prior_closing_balance,,trusted,cn_public_2022_2026_cycles_1_0,public_schedule_without_transaction_override,True,101,2024-05-29,complete
2024-05-29,0.00,0.00,0,1635259.37,last_posted_transaction_or_prior_closing_balance,,trusted,cn_public_2022_2026_cycles_1_0,public_schedule_without_transaction_override,True,102,2024-05-30,complete
2024-05-30,0.00,0.00,0,1635259.37,last_posted_transaction_or_prior_closing_balance,,trusted,cn_public_2022_2026_cycles_1_0,public_schedule_without_transaction_override,True,103,2024-05-31,complete
2024-05-31,0.00,0.00,0,1635259.37,last_posted_transaction_or_prior_closing_balance,,trusted,cn_public_2022_2026_cycles_1_0,public_schedule_without_transaction_override,True,104,2024-06-03,complete
2024-06-01,0.00,0.00,0,1635259.37,last_posted_transaction_or_prior_closing_balance,,trusted,cn_public_2022_2026_cycles_1_0,public_schedule_without_transaction_override,False,,,complete
2024-06-02,22035.69,0.00,2,1657295.06,last_posted_transaction_or_prior_closing_balance,synb1_txn_2281b84fa24dcc0a10b0b5e6,trusted,cn_public_2022_2026_cycles_1_0,public_schedule_without_transaction_override,False,,,complete
2024-06-03,0.00,0.00,0,1657295.06,last_posted_transaction_or_prior_closing_balance,,trusted,cn_public_2022_2026_cycles_1_0,public_schedule_without_transaction_override,True,105,2024-06-04,complete
2024-06-04,28068.46,42384.72,2,1642978.80,last_posted_transaction_or_prior_closing_balance,synb1_txn_fcb2d083c985bffdfa8484c5,trusted,cn_public_2022_2026_cycles_1_0,public_schedule_without_transaction_override,True,106,2024-06-05,complete
2024-06-05,0.00,7800.00,1,1635178.80,last_posted_transaction_or_prior_closing_balance,synb1_txn_efa3aefc6a546176b13cbcf7,trusted,cn_public_2022_2026_cycles_1_0,public_schedule_without_transaction_override,True,107,2024-06-06,complete
2024-06-06,12090.71,2542.40,2,1644727.11,last_posted_transaction_or_prior_closing_balance,synb1_txn_7e0265a52d56c7f8ee089c05,trusted,cn_public_2022_2026_cycles_1_0,public_schedule_without_transaction_override,True,108,2024-06-07,complete
2024-06-07,36822.25,141756.67,7,1539792.69,last_posted_transaction_or_prior_closing_balance,synb1_txn_6ca3cd188825808a3a30f682,trusted,cn_public_2022_2026_cycles_1_0,public_schedule_without_transaction_override,True,109,2024-06-11,complete
2024-06-08,1101.09,41475.63,2,1499418.15,last_posted_transaction_or_prior_closing_balance,synb1_txn_3dc8aae6a9b82a3673080e58,trusted,cn_public_2022_2026_cycles_1_0,public_schedule_without_transaction_override,False,,,complete
2024-06-09,0.00,0.00,0,1499418.15,last_posted_transaction_or_prior_closing_balance,,trusted,cn_public_2022_2026_cycles_1_0,public_schedule_without_transaction_override,False,,,complete
2024-06-10,0.00,0.00,0,1499418.15,last_posted_transaction_or_prior_closing_balance,,trusted,cn_public_2022_2026_cycles_1_0,public_schedule_without_transaction_override,False,,,complete
2024-06-11,0.00,3357.13,1,1496061.02,last_posted_transaction_or_prior_closing_balance,synb1_txn_ac66b0fd74819c0c832ac129,trusted,cn_public_2022_2026_cycles_1_0,public_schedule_without_transaction_override,True,110,2024-06-12,complete
2024-06-12,0.00,0.00,0,1496061.02,last_posted_transaction_or_prior_closing_balance,,trusted,cn_public_2022_2026_cycles_1_0,public_schedule_without_transaction_override,True,111,2024-06-13,complete
2024-06-13,0.00,0.00,0,1496061.02,last_posted_transaction_or_prior_closing_balance,,trusted,cn_public_2022_2026_cycles_1_0,public_schedule_without_transaction_override,True,112,2024-06-14,complete
2024-06-14,0.00,0.00,0,1496061.02,last_posted_transaction_or_prior_closing_balance,,trusted,cn_public_2022_2026_cycles_1_0,public_schedule_without_transaction_override,True,113,2024-06-17,complete
2024-06-15,0.00,0.00,0,1496061.02,last_posted_transaction_or_prior_closing_balance,,trusted,cn_public_2022_2026_cycles_1_0,public_schedule_without_transaction_override,False,,,complete
2024-06-16,11820.82,0.00,1,1507881.84,last_posted_transaction_or_prior_closing_balance,synb1_txn_83c3f690e3b025e6111282e2,trusted,cn_public_2022_2026_cycles_1_0,public_schedule_without_transaction_override,False,,,complete
2024-06-17,6609.62,0.00,1,1514491.46,last_posted_transaction_or_prior_closing_balance,synb1_txn_6f610689bbef2eb58d7f2fca,trusted,cn_public_2022_2026_cycles_1_0,public_schedule_without_transaction_override,True,114,2024-06-18,complete
2024-06-18,57079.20,3831.52,3,1567739.14,last_posted_transaction_or_prior_closing_balance,synb1_txn_98f34ac7170f665c522a1dd9,trusted,cn_public_2022_2026_cycles_1_0,public_schedule_without_transaction_override,True,115,2024-06-19,complete
2024-06-19,0.00,71189.26,1,1496549.88,last_posted_transaction_or_prior_closing_balance,synb1_txn_0f719cd07f534ea7b4e76681,trusted,cn_public_2022_2026_cycles_1_0,public_schedule_without_transaction_override,True,116,2024-06-20,complete
2024-06-20,0.00,0.00,0,1496549.88,last_posted_transaction_or_prior_closing_balance,,trusted,cn_public_2022_2026_cycles_1_0,public_schedule_without_transaction_override,True,117,2024-06-21,complete
2024-06-21,25423.69,0.00,1,1521973.57,last_posted_transaction_or_prior_closing_balance,synb1_txn_af74190f10402782f41d805f,trusted,cn_public_2022_2026_cycles_1_0,public_schedule_without_transaction_override,True,118,2024-06-24,complete
2024-06-22,0.00,0.00,0,1521973.57,last_posted_transaction_or_prior_closing_balance,,trusted,cn_public_2022_2026_cycles_1_0,public_schedule_without_transaction_override,False,,,complete
2024-06-23,1310.54,0.00,1,1523284.11,last_posted_transaction_or_prior_closing_balance,synb1_txn_fe96db7200f7ebfee3a38913,trusted,cn_public_2022_2026_cycles_1_0,public_schedule_without_transaction_override,False,,,complete
2024-06-24,49939.38,0.00,2,1573223.49,last_posted_transaction_or_prior_closing_balance,synb1_txn_00b29ff306b1119bc603e91c,trusted,cn_public_2022_2026_cycles_1_0,public_schedule_without_transaction_override,True,119,2024-06-25,complete
2024-06-25,0.00,0.00,0,1573223.49,last_posted_transaction_or_prior_closing_balance,,trusted,cn_public_2022_2026_cycles_1_0,public_schedule_without_transaction_override,True,120,2024-06-26,complete
2024-06-26,0.00,0.00,0,1573223.49,last_posted_transaction_or_prior_closing_balance,,trusted,cn_public_2022_2026_cycles_1_0,public_schedule_without_transaction_override,True,121,2024-06-27,complete
2024-06-27,90370.55,29890.77,2,1633703.27,last_posted_transaction_or_prior_closing_balance,synb1_txn_d73e267188fe90abc1ba1cdb,trusted,cn_public_2022_2026_cycles_1_0,public_schedule_without_transaction_override,True,122,2024-06-28,complete
2024-06-28,0.00,0.00,0,1633703.27,last_posted_transaction_or_prior_closing_balance,,trusted,cn_public_2022_2026_cycles_1_0,public_schedule_without_transaction_override,True,123,2024-07-01,complete
2024-06-29,0.00,0.00,0,1633703.27,last_posted_transaction_or_prior_closing_balance,,trusted,cn_public_2022_2026_cycles_1_0,public_schedule_without_transaction_override,False,,,complete
2024-06-30,0.00,0.00,0,1633703.27,last_posted_transaction_or_prior_closing_balance,,trusted,cn_public_2022_2026_cycles_1_0,public_schedule_without_transaction_override,False,,,complete
2024-07-01,0.00,0.00,0,1633703.27,last_posted_transaction_or_prior_closing_balance,,trusted,cn_public_2022_2026_cycles_1_0,public_schedule_without_transaction_override,True,124,2024-07-02,complete
2024-07-02,0.00,46460.40,1,1587242.87,last_posted_transaction_or_prior_closing_balance,synb1_txn_ba54e6c221291f5512bd0966,trusted,cn_public_2022_2026_cycles_1_0,public_schedule_without_transaction_override,True,125,2024-07-03,complete
2024-07-03,14477.55,0.00,1,1601720.42,last_posted_transaction_or_prior_closing_balance,synb1_txn_dbbcf177200514dc3a27fc6f,trusted,cn_public_2022_2026_cycles_1_0,public_schedule_without_transaction_override,True,126,2024-07-04,complete
2024-07-04,0.00,0.00,0,1601720.42,last_posted_transaction_or_prior_closing_balance,,trusted,cn_public_2022_2026_cycles_1_0,public_schedule_without_transaction_override,True,127,2024-07-05,complete
2024-07-05,46.50,35396.60,4,1566370.32,last_posted_transaction_or_prior_closing_balance,synb1_txn_3c805d4b2851964995e0ecf3,trusted,cn_public_2022_2026_cycles_1_0,public_schedule_without_transaction_override,True,128,2024-07-08,complete
2024-07-06,0.00,0.00,0,1566370.32,last_posted_transaction_or_prior_closing_balance,,trusted,cn_public_2022_2026_cycles_1_0,public_schedule_without_transaction_override,False,,,complete
2024-07-07,30807.47,31500.00,2,1565677.79,last_posted_transaction_or_prior_closing_balance,synb1_txn_e350744a64f984dea2a236f8,trusted,cn_public_2022_2026_cycles_1_0,public_schedule_without_transaction_override,False,,,complete
2024-07-08,0.00,46666.80,2,1519010.99,last_posted_transaction_or_prior_closing_balance,synb1_txn_b1b838f79b2f94200f2ba680,trusted,cn_public_2022_2026_cycles_1_0,public_schedule_without_transaction_override,True,129,2024-07-09,complete
2024-07-09,0.00,9535.26,2,1509475.73,last_posted_transaction_or_prior_closing_balance,synb1_txn_ae5e773b5fa5edb37c7b11e1,trusted,cn_public_2022_2026_cycles_1_0,public_schedule_without_transaction_override,True,130,2024-07-10,complete
2024-07-10,0.00,0.00,0,1509475.73,last_posted_transaction_or_prior_closing_balance,,trusted,cn_public_2022_2026_cycles_1_0,public_schedule_without_transaction_override,True,131,2024-07-11,complete
2024-07-11,15126.22,0.00,1,1524601.95,last_posted_transaction_or_prior_closing_balance,synb1_txn_3298b7c99a5b1835e24ea2dd,trusted,cn_public_2022_2026_cycles_1_0,public_schedule_without_transaction_override,True,132,2024-07-12,complete
2024-07-12,0.00,0.00,0,1524601.95,last_posted_transaction_or_prior_closing_balance,,trusted,cn_public_2022_2026_cycles_1_0,public_schedule_without_transaction_override,True,133,2024-07-15,complete
2024-07-13,0.00,0.00,0,1524601.95,last_posted_transaction_or_prior_closing_balance,,trusted,cn_public_2022_2026_cycles_1_0,public_schedule_without_transaction_override,False,,,complete
2024-07-14,9769.43,18837.32,2,1515534.06,last_posted_transaction_or_prior_closing_balance,synb1_txn_b328f905f370a1f9598d07a3,trusted,cn_public_2022_2026_cycles_1_0,public_schedule_without_transaction_override,False,,,complete
2024-07-15,0.00,0.00,0,1515534.06,last_posted_transaction_or_prior_closing_balance,,trusted,cn_public_2022_2026_cycles_1_0,public_schedule_without_transaction_override,True,134,2024-07-16,complete
2024-07-16,0.00,38747.75,2,1476786.31,last_posted_transaction_or_prior_closing_balance,synb1_txn_66ecf48bbdd9566c60ae10c7,trusted,cn_public_2022_2026_cycles_1_0,public_schedule_without_transaction_override,True,135,2024-07-17,complete
2024-07-17,3339.12,0.00,1,1480125.43,last_posted_transaction_or_prior_closing_balance,synb1_txn_7e82a35ea0e0706f7154899e,trusted,cn_public_2022_2026_cycles_1_0,public_schedule_without_transaction_override,True,136,2024-07-18,complete
2024-07-18,96933.58,4220.48,5,1572838.53,last_posted_transaction_or_prior_closing_balance,synb1_txn_0021dff68caa7008e497c485,trusted,cn_public_2022_2026_cycles_1_0,public_schedule_without_transaction_override,True,137,2024-07-19,complete
2024-07-19,27035.00,0.00,1,1599873.53,last_posted_transaction_or_prior_closing_balance,synb1_txn_fb091f26c3c8302bc98e0363,trusted,cn_public_2022_2026_cycles_1_0,public_schedule_without_transaction_override,True,138,2024-07-22,complete
2024-07-20,34925.69,21493.32,2,1613305.90,last_posted_transaction_or_prior_closing_balance,synb1_txn_d4277894da4275ca36d69cbc,trusted,cn_public_2022_2026_cycles_1_0,public_schedule_without_transaction_override,False,,,complete
2024-07-21,0.00,864.37,1,1612441.53,last_posted_transaction_or_prior_closing_balance,synb1_txn_305b77d854b14db463e24a66,trusted,cn_public_2022_2026_cycles_1_0,public_schedule_without_transaction_override,False,,,complete
2024-07-22,0.00,9197.59,2,1603243.94,last_posted_transaction_or_prior_closing_balance,synb1_txn_908bf4a954ddb3dafa3b170d,trusted,cn_public_2022_2026_cycles_1_0,public_schedule_without_transaction_override,True,139,2024-07-23,complete
2024-07-23,0.00,0.00,0,1603243.94,last_posted_transaction_or_prior_closing_balance,,trusted,cn_public_2022_2026_cycles_1_0,public_schedule_without_transaction_override,True,140,2024-07-24,complete
2024-07-24,0.00,0.00,0,1603243.94,last_posted_transaction_or_prior_closing_balance,,trusted,cn_public_2022_2026_cycles_1_0,public_schedule_without_transaction_override,True,141,2024-07-25,complete
2024-07-25,0.00,0.00,0,1603243.94,last_posted_transaction_or_prior_closing_balance,,trusted,cn_public_2022_2026_cycles_1_0,public_schedule_without_transaction_override,True,142,2024-07-26,complete
2024-07-26,43555.44,0.00,1,1646799.38,last_posted_transaction_or_prior_closing_balance,synb1_txn_f886ff61ca40a332e96d2870,trusted,cn_public_2022_2026_cycles_1_0,public_schedule_without_transaction_override,True,143,2024-07-29,complete
2024-07-27,0.00,0.00,0,1646799.38,last_posted_transaction_or_prior_closing_balance,,trusted,cn_public_2022_2026_cycles_1_0,public_schedule_without_transaction_override,False,,,complete
2024-07-28,0.00,464.19,1,1646335.19,last_posted_transaction_or_prior_closing_balance,synb1_txn_53af70fdfce1a06e17468434,trusted,cn_public_2022_2026_cycles_1_0,public_schedule_without_transaction_override,False,,,complete
2024-07-29,0.00,0.00,0,1646335.19,last_posted_transaction_or_prior_closing_balance,,trusted,cn_public_2022_2026_cycles_1_0,public_schedule_without_transaction_override,True,144,2024-07-30,complete
2024-07-30,0.00,0.00,0,1646335.19,last_posted_transaction_or_prior_closing_balance,,trusted,cn_public_2022_2026_cycles_1_0,public_schedule_without_transaction_override,True,145,2024-07-31,complete
2024-07-31,0.00,0.00,0,1646335.19,last_posted_transaction_or_prior_closing_balance,,trusted,cn_public_2022_2026_cycles_1_0,public_schedule_without_transaction_override,True,146,2024-08-01,complete
2024-08-01,0.00,0.00,0,1646335.19,last_posted_transaction_or_prior_closing_balance,,trusted,cn_public_2022_2026_cycles_1_0,public_schedule_without_transaction_override,True,147,2024-08-02,complete
2024-08-02,0.00,0.00,0,1646335.19,last_posted_transaction_or_prior_closing_balance,,trusted,cn_public_2022_2026_cycles_1_0,public_schedule_without_transaction_override,True,148,2024-08-05,complete
2024-08-03,0.00,0.00,0,1646335.19,last_posted_transaction_or_prior_closing_balance,,trusted,cn_public_2022_2026_cycles_1_0,public_schedule_without_transaction_override,False,,,complete
2024-08-04,18558.08,0.00,1,1664893.27,last_posted_transaction_or_prior_closing_balance,synb1_txn_ac00b87f60922bcbb4ca6bce,trusted,cn_public_2022_2026_cycles_1_0,public_schedule_without_transaction_override,False,,,complete
2024-08-05,0.00,7800.00,1,1657093.27,last_posted_transaction_or_prior_closing_balance,synb1_txn_57b357906983d7e7e77d7266,trusted,cn_public_2022_2026_cycles_1_0,public_schedule_without_transaction_override,True,149,2024-08-06,complete
2024-08-06,0.00,12118.02,1,1644975.25,last_posted_transaction_or_prior_closing_balance,synb1_txn_81ee89b64fffc8d494127afd,trusted,cn_public_2022_2026_cycles_1_0,public_schedule_without_transaction_override,True,150,2024-08-07,complete
2024-08-07,0.00,32713.58,2,1612261.67,last_posted_transaction_or_prior_closing_balance,synb1_txn_e44bf6f1254439189baf9e6f,trusted,cn_public_2022_2026_cycles_1_0,public_schedule_without_transaction_override,True,151,2024-08-08,complete
2024-08-08,0.00,53350.40,2,1558911.27,last_posted_transaction_or_prior_closing_balance,synb1_txn_a255e07a34df264847ccf04c,trusted,cn_public_2022_2026_cycles_1_0,public_schedule_without_transaction_override,True,152,2024-08-09,complete
2024-08-09,0.00,17633.25,1,1541278.02,last_posted_transaction_or_prior_closing_balance,synb1_txn_2e0add511bbdca4c83b39efc,trusted,cn_public_2022_2026_cycles_1_0,public_schedule_without_transaction_override,True,153,2024-08-12,complete
2024-08-10,0.00,0.00,0,1541278.02,last_posted_transaction_or_prior_closing_balance,,trusted,cn_public_2022_2026_cycles_1_0,public_schedule_without_transaction_override,False,,,complete
2024-08-11,0.00,31745.88,1,1509532.14,last_posted_transaction_or_prior_closing_balance,synb1_txn_24178c591ebfa5463fa7f2a0,trusted,cn_public_2022_2026_cycles_1_0,public_schedule_without_transaction_override,False,,,complete
2024-08-12,0.00,56379.32,1,1453152.82,last_posted_transaction_or_prior_closing_balance,synb1_txn_0f07fe95d44db9f6f4688603,trusted,cn_public_2022_2026_cycles_1_0,public_schedule_without_transaction_override,True,154,2024-08-13,complete
2024-08-13,0.00,0.00,0,1453152.82,last_posted_transaction_or_prior_closing_balance,,trusted,cn_public_2022_2026_cycles_1_0,public_schedule_without_transaction_override,True,155,2024-08-14,complete
2024-08-14,24708.59,60782.54,2,1417078.87,last_posted_transaction_or_prior_closing_balance,synb1_txn_46421ddb9e45c55ed8a174c0,trusted,cn_public_2022_2026_cycles_1_0,public_schedule_without_transaction_override,True,156,2024-08-15,complete
2024-08-15,0.00,0.00,0,1417078.87,last_posted_transaction_or_prior_closing_balance,,trusted,cn_public_2022_2026_cycles_1_0,public_schedule_without_transaction_override,True,157,2024-08-16,complete
2024-08-16,84161.92,0.00,2,1501240.79,last_posted_transaction_or_prior_closing_balance,synb1_txn_d5611787e2098d87f2acb2be,trusted,cn_public_2022_2026_cycles_1_0,public_schedule_without_transaction_override,True,158,2024-08-19,complete
2024-08-17,0.00,15762.45,1,1485478.34,last_posted_transaction_or_prior_closing_balance,synb1_txn_efb3f3f3fd6f4e07a919b924,trusted,cn_public_2022_2026_cycles_1_0,public_schedule_without_transaction_override,False,,,complete
2024-08-18,0.00,0.00,0,1485478.34,last_posted_transaction_or_prior_closing_balance,,trusted,cn_public_2022_2026_cycles_1_0,public_schedule_without_transaction_override,False,,,complete
2024-08-19,0.00,2396.80,2,1483081.54,last_posted_transaction_or_prior_closing_balance,synb1_txn_4afa8421fb9587f03a34e93b,trusted,cn_public_2022_2026_cycles_1_0,public_schedule_without_transaction_override,True,159,2024-08-20,complete
2024-08-20,0.00,0.00,0,1483081.54,last_posted_transaction_or_prior_closing_balance,,trusted,cn_public_2022_2026_cycles_1_0,public_schedule_without_transaction_override,True,160,2024-08-21,complete
2024-08-21,1377.00,3246.70,2,1481211.84,last_posted_transaction_or_prior_closing_balance,synb1_txn_277761536d5cee74185712aa,trusted,cn_public_2022_2026_cycles_1_0,public_schedule_without_transaction_override,True,161,2024-08-22,complete
2024-08-22,0.00,5588.23,1,1475623.61,last_posted_transaction_or_prior_closing_balance,synb1_txn_8906c5ad4b079da8a36d4ea6,trusted,cn_public_2022_2026_cycles_1_0,public_schedule_without_transaction_override,True,162,2024-08-23,complete
2024-08-23,0.00,611.77,1,1475011.84,last_posted_transaction_or_prior_closing_balance,synb1_txn_97bd9c0d9586c80ed3739f41,trusted,cn_public_2022_2026_cycles_1_0,public_schedule_without_transaction_override,True,163,2024-08-26,complete
2024-08-24,0.00,0.00,0,1475011.84,last_posted_transaction_or_prior_closing_balance,,trusted,cn_public_2022_2026_cycles_1_0,public_schedule_without_transaction_override,False,,,complete
2024-08-25,0.00,13484.64,1,1461527.20,last_posted_transaction_or_prior_closing_balance,synb1_txn_732a2d494726d9fa6bfd96ae,trusted,cn_public_2022_2026_cycles_1_0,public_schedule_without_transaction_override,False,,,complete
2024-08-26,31795.53,0.00,2,1493322.73,last_posted_transaction_or_prior_closing_balance,synb1_txn_3b3117948a44dc5642958aed,trusted,cn_public_2022_2026_cycles_1_0,public_schedule_without_transaction_override,True,164,2024-08-27,complete
2024-08-27,28307.99,0.00,1,1521630.72,last_posted_transaction_or_prior_closing_balance,synb1_txn_1123337ba465647e106aa0a3,trusted,cn_public_2022_2026_cycles_1_0,public_schedule_without_transaction_override,True,165,2024-08-28,complete
2024-08-28,92742.89,0.00,1,1614373.61,last_posted_transaction_or_prior_closing_balance,synb1_txn_8eae41defb3436ae763d299e,trusted,cn_public_2022_2026_cycles_1_0,public_schedule_without_transaction_override,True,166,2024-08-29,complete
2024-08-29,0.00,0.00,0,1614373.61,last_posted_transaction_or_prior_closing_balance,,trusted,cn_public_2022_2026_cycles_1_0,public_schedule_without_transaction_override,True,167,2024-08-30,complete
2024-08-30,0.00,0.00,0,1614373.61,last_posted_transaction_or_prior_closing_balance,,trusted,cn_public_2022_2026_cycles_1_0,public_schedule_without_transaction_override,True,168,2024-09-02,complete
2024-08-31,0.00,0.00,0,1614373.61,last_posted_transaction_or_prior_closing_balance,,trusted,cn_public_2022_2026_cycles_1_0,public_schedule_without_transaction_override,False,,,complete
2024-09-01,0.00,0.00,0,1614373.61,last_posted_transaction_or_prior_closing_balance,,trusted,cn_public_2022_2026_cycles_1_0,public_schedule_without_transaction_override,False,,,complete
2024-09-02,11561.41,0.00,1,1625935.02,last_posted_transaction_or_prior_closing_balance,synb1_txn_3b0a45cd4615f031ef5206ff,trusted,cn_public_2022_2026_cycles_1_0,public_schedule_without_transaction_override,True,169,2024-09-03,complete
2024-09-03,0.00,884.80,1,1625050.22,last_posted_transaction_or_prior_closing_balance,synb1_txn_cff17e84d8165e7a99528c84,trusted,cn_public_2022_2026_cycles_1_0,public_schedule_without_transaction_override,True,170,2024-09-04,complete
2024-09-04,68528.43,0.00,1,1693578.65,last_posted_transaction_or_prior_closing_balance,synb1_txn_1ec959894913a4a35a532fcb,trusted,cn_public_2022_2026_cycles_1_0,public_schedule_without_transaction_override,True,171,2024-09-05,complete
2024-09-05,0.00,8877.48,2,1684701.17,last_posted_transaction_or_prior_closing_balance,synb1_txn_ece5da044973a9bc0bcfd3f4,trusted,cn_public_2022_2026_cycles_1_0,public_schedule_without_transaction_override,True,172,2024-09-06,complete
2024-09-06,0.00,1126.04,1,1683575.13,last_posted_transaction_or_prior_closing_balance,synb1_txn_d5f5be442d8a75e039906c73,trusted,cn_public_2022_2026_cycles_1_0,public_schedule_without_transaction_override,True,173,2024-09-09,complete
2024-09-07,0.00,26500.00,1,1657075.13,last_posted_transaction_or_prior_closing_balance,synb1_txn_cc73827978f56f0f743c8537,trusted,cn_public_2022_2026_cycles_1_0,public_schedule_without_transaction_override,False,,,complete
2024-09-08,4755.87,136.89,2,1661694.11,last_posted_transaction_or_prior_closing_balance,synb1_txn_44447d8b1d03f0f9aa056e56,trusted,cn_public_2022_2026_cycles_1_0,public_schedule_without_transaction_override,False,,,complete
2024-09-09,16436.39,14862.66,2,1663267.84,last_posted_transaction_or_prior_closing_balance,synb1_txn_4518fa210cfe031fae832786,trusted,cn_public_2022_2026_cycles_1_0,public_schedule_without_transaction_override,True,174,2024-09-10,complete
2024-09-10,0.00,0.00,0,1663267.84,last_posted_transaction_or_prior_closing_balance,,trusted,cn_public_2022_2026_cycles_1_0,public_schedule_without_transaction_override,True,175,2024-09-11,complete
2024-09-11,0.00,0.00,0,1663267.84,last_posted_transaction_or_prior_closing_balance,,trusted,cn_public_2022_2026_cycles_1_0,public_schedule_without_transaction_override,True,176,2024-09-12,complete
2024-09-12,0.00,0.00,0,1663267.84,last_posted_transaction_or_prior_closing_balance,,trusted,cn_public_2022_2026_cycles_1_0,public_schedule_without_transaction_override,True,177,2024-09-13,complete
2024-09-13,0.00,15846.31,1,1647421.53,last_posted_transaction_or_prior_closing_balance,synb1_txn_32f52fd19814f7f0f84986ef,trusted,cn_public_2022_2026_cycles_1_0,public_schedule_without_transaction_override,True,178,2024-09-14,complete
2024-09-14,13720.45,0.00,1,1661141.98,last_posted_transaction_or_prior_closing_balance,synb1_txn_84b732cad09688d7669f075c,trusted,cn_public_2022_2026_cycles_1_0,public_schedule_without_transaction_override,True,179,2024-09-18,complete
2024-09-15,0.00,0.00,0,1661141.98,last_posted_transaction_or_prior_closing_balance,,trusted,cn_public_2022_2026_cycles_1_0,public_schedule_without_transaction_override,False,,,complete
2024-09-16,0.00,0.00,0,1661141.98,last_posted_transaction_or_prior_closing_balance,,trusted,cn_public_2022_2026_cycles_1_0,public_schedule_without_transaction_override,False,,,complete
2024-09-17,0.00,0.00,0,1661141.98,last_posted_transaction_or_prior_closing_balance,,trusted,cn_public_2022_2026_cycles_1_0,public_schedule_without_transaction_override,False,,,complete
2024-09-18,7254.68,3853.92,3,1664542.74,last_posted_transaction_or_prior_closing_balance,synb1_txn_64a29ef08317c429513e1e17,trusted,cn_public_2022_2026_cycles_1_0,public_schedule_without_transaction_override,True,180,2024-09-19,complete
2024-09-19,0.00,0.00,0,1664542.74,last_posted_transaction_or_prior_closing_balance,,trusted,cn_public_2022_2026_cycles_1_0,public_schedule_without_transaction_override,True,181,2024-09-20,complete
2024-09-20,0.00,2332.32,1,1662210.42,last_posted_transaction_or_prior_closing_balance,synb1_txn_de6a40c1d065c845f37fa5f0,trusted,cn_public_2022_2026_cycles_1_0,public_schedule_without_transaction_override,True,182,2024-09-23,complete
2024-09-21,0.00,7001.65,1,1655208.77,last_posted_transaction_or_prior_closing_balance,synb1_txn_5fb839a191b9e7ef0a87880b,trusted,cn_public_2022_2026_cycles_1_0,public_schedule_without_transaction_override,False,,,complete
2024-09-22,0.00,0.00,0,1655208.77,last_posted_transaction_or_prior_closing_balance,,trusted,cn_public_2022_2026_cycles_1_0,public_schedule_without_transaction_override,False,,,complete
2024-09-23,100547.45,73229.49,3,1682526.73,last_posted_transaction_or_prior_closing_balance,synb1_txn_92bbf831f2be4c32ad33e96c,trusted,cn_public_2022_2026_cycles_1_0,public_schedule_without_transaction_override,True,183,2024-09-24,complete
2024-09-24,0.00,37273.71,1,1645253.02,last_posted_transaction_or_prior_closing_balance,synb1_txn_da0f98d87d1538cb098fedda,trusted,cn_public_2022_2026_cycles_1_0,public_schedule_without_transaction_override,True,184,2024-09-25,complete
2024-09-25,0.00,2930.79,2,1642322.23,last_posted_transaction_or_prior_closing_balance,synb1_txn_6be50f7c23f9790f102f353e,trusted,cn_public_2022_2026_cycles_1_0,public_schedule_without_transaction_override,True,185,2024-09-26,complete
2024-09-26,0.00,0.00,0,1642322.23,last_posted_transaction_or_prior_closing_balance,,trusted,cn_public_2022_2026_cycles_1_0,public_schedule_without_transaction_override,True,186,2024-09-27,complete
2024-09-27,0.00,39101.08,1,1603221.15,last_posted_transaction_or_prior_closing_balance,synb1_txn_16ea573f2b05a478688bcdd8,trusted,cn_public_2022_2026_cycles_1_0,public_schedule_without_transaction_override,True,187,2024-09-29,complete
2024-09-28,83.32,0.00,1,1603304.47,last_posted_transaction_or_prior_closing_balance,synb1_txn_f2eb18783c2009aca84db3d2,trusted,cn_public_2022_2026_cycles_1_0,public_schedule_without_transaction_override,False,,,complete
2024-09-29,0.00,0.00,0,1603304.47,last_posted_transaction_or_prior_closing_balance,,trusted,cn_public_2022_2026_cycles_1_0,public_schedule_without_transaction_override,True,188,2024-09-30,complete
2024-09-30,0.00,0.00,0,1603304.47,last_posted_transaction_or_prior_closing_balance,,trusted,cn_public_2022_2026_cycles_1_0,public_schedule_without_transaction_override,True,189,2024-10-08,complete
2024-10-01,0.00,0.00,0,1603304.47,last_posted_transaction_or_prior_closing_balance,,trusted,cn_public_2022_2026_cycles_1_0,public_schedule_without_transaction_override,False,,,complete
2024-10-02,13075.30,0.00,2,1616379.77,last_posted_transaction_or_prior_closing_balance,synb1_txn_db25bc27cee42d52799751d3,trusted,cn_public_2022_2026_cycles_1_0,public_schedule_without_transaction_override,False,,,complete
2024-10-03,0.00,0.00,0,1616379.77,last_posted_transaction_or_prior_closing_balance,,trusted,cn_public_2022_2026_cycles_1_0,public_schedule_without_transaction_override,False,,,complete
2024-10-04,0.00,0.00,0,1616379.77,last_posted_transaction_or_prior_closing_balance,,trusted,cn_public_2022_2026_cycles_1_0,public_schedule_without_transaction_override,False,,,complete
2024-10-05,0.00,12169.25,2,1604210.52,last_posted_transaction_or_prior_closing_balance,synb1_txn_0c4e4dcdcbd746fa45b2fe37,trusted,cn_public_2022_2026_cycles_1_0,public_schedule_without_transaction_override,False,,,complete
2024-10-06,0.00,0.00,0,1604210.52,last_posted_transaction_or_prior_closing_balance,,trusted,cn_public_2022_2026_cycles_1_0,public_schedule_without_transaction_override,False,,,complete
2024-10-07,0.00,26500.00,1,1577710.52,last_posted_transaction_or_prior_closing_balance,synb1_txn_6acfe340c07d14daed29a517,trusted,cn_public_2022_2026_cycles_1_0,public_schedule_without_transaction_override,False,,,complete
2024-10-08,0.00,0.00,0,1577710.52,last_posted_transaction_or_prior_closing_balance,,trusted,cn_public_2022_2026_cycles_1_0,public_schedule_without_transaction_override,True,190,2024-10-09,complete
2024-10-09,35815.43,0.00,2,1613525.95,last_posted_transaction_or_prior_closing_balance,synb1_txn_1201b50b091f92f7b2b5fe25,trusted,cn_public_2022_2026_cycles_1_0,public_schedule_without_transaction_override,True,191,2024-10-10,complete
2024-10-10,45905.75,205518.45,2,1453913.25,last_posted_transaction_or_prior_closing_balance,synb1_txn_28a2492bcd521c133b72e02d,trusted,cn_public_2022_2026_cycles_1_0,public_schedule_without_transaction_override,True,192,2024-10-11,complete
2024-10-11,0.00,0.00,0,1453913.25,last_posted_transaction_or_prior_closing_balance,,trusted,cn_public_2022_2026_cycles_1_0,public_schedule_without_transaction_override,True,193,2024-10-12,complete
2024-10-12,1028.40,0.00,1,1454941.65,last_posted_transaction_or_prior_closing_balance,synb1_txn_e1e6b761e3297eef294e284e,trusted,cn_public_2022_2026_cycles_1_0,public_schedule_without_transaction_override,True,194,2024-10-14,complete
2024-10-13,0.00,0.00,0,1454941.65,last_posted_transaction_or_prior_closing_balance,,trusted,cn_public_2022_2026_cycles_1_0,public_schedule_without_transaction_override,False,,,complete
2024-10-14,0.00,46602.19,1,1408339.46,last_posted_transaction_or_prior_closing_balance,synb1_txn_aeb2d50b9f93f4559c32325f,trusted,cn_public_2022_2026_cycles_1_0,public_schedule_without_transaction_override,True,195,2024-10-15,complete
2024-10-15,0.00,0.00,0,1408339.46,last_posted_transaction_or_prior_closing_balance,,trusted,cn_public_2022_2026_cycles_1_0,public_schedule_without_transaction_override,True,196,2024-10-16,complete
2024-10-16,15697.87,0.00,3,1424037.33,last_posted_transaction_or_prior_closing_balance,synb1_txn_1035f4b5beee106138184946,trusted,cn_public_2022_2026_cycles_1_0,public_schedule_without_transaction_override,True,197,2024-10-17,complete
2024-10-17,2631.66,0.00,1,1426668.99,last_posted_transaction_or_prior_closing_balance,synb1_txn_3c2faeb85a6becda6994999f,trusted,cn_public_2022_2026_cycles_1_0,public_schedule_without_transaction_override,True,198,2024-10-18,complete
2024-10-18,5634.43,1747.20,3,1430556.22,last_posted_transaction_or_prior_closing_balance,synb1_txn_1e88d73c2df8055b520bc747,trusted,cn_public_2022_2026_cycles_1_0,public_schedule_without_transaction_override,True,199,2024-10-21,complete
2024-10-19,0.00,30457.94,2,1400098.28,last_posted_transaction_or_prior_closing_balance,synb1_txn_670fe16c6dbee0a69d7f3a8e,trusted,cn_public_2022_2026_cycles_1_0,public_schedule_without_transaction_override,False,,,complete
2024-10-20,0.00,0.00,0,1400098.28,last_posted_transaction_or_prior_closing_balance,,trusted,cn_public_2022_2026_cycles_1_0,public_schedule_without_transaction_override,False,,,complete
2024-10-21,8403.29,0.00,1,1408501.57,last_posted_transaction_or_prior_closing_balance,synb1_txn_8c13bdf1ed38a43fa12f17bf,trusted,cn_public_2022_2026_cycles_1_0,public_schedule_without_transaction_override,True,200,2024-10-22,complete
2024-10-22,14119.48,0.00,1,1422621.05,last_posted_transaction_or_prior_closing_balance,synb1_txn_25834f655147e9e6827f5f08,trusted,cn_public_2022_2026_cycles_1_0,public_schedule_without_transaction_override,True,201,2024-10-23,complete
2024-10-23,26027.86,19887.55,2,1428761.36,last_posted_transaction_or_prior_closing_balance,synb1_txn_5df99d1861718361fda38831,trusted,cn_public_2022_2026_cycles_1_0,public_schedule_without_transaction_override,True,202,2024-10-24,complete
2024-10-24,29306.79,0.00,1,1458068.15,last_posted_transaction_or_prior_closing_balance,synb1_txn_68e7a02cb4cfc2a376c3f024,trusted,cn_public_2022_2026_cycles_1_0,public_schedule_without_transaction_override,True,203,2024-10-25,complete
2024-10-25,0.00,0.00,0,1458068.15,last_posted_transaction_or_prior_closing_balance,,trusted,cn_public_2022_2026_cycles_1_0,public_schedule_without_transaction_override,True,204,2024-10-28,complete
2024-10-26,20798.14,2976.28,2,1475890.01,last_posted_transaction_or_prior_closing_balance,synb1_txn_16e3c081ffd70cb585cad78b,trusted,cn_public_2022_2026_cycles_1_0,public_schedule_without_transaction_override,False,,,complete
2024-10-27,0.00,0.00,0,1475890.01,last_posted_transaction_or_prior_closing_balance,,trusted,cn_public_2022_2026_cycles_1_0,public_schedule_without_transaction_override,False,,,complete
2024-10-28,12184.60,1426.58,2,1486648.03,last_posted_transaction_or_prior_closing_balance,synb1_txn_edbe083478a56cc0cbdb137b,trusted,cn_public_2022_2026_cycles_1_0,public_schedule_without_transaction_override,True,205,2024-10-29,complete
2024-10-29,0.00,0.00,0,1486648.03,last_posted_transaction_or_prior_closing_balance,,trusted,cn_public_2022_2026_cycles_1_0,public_schedule_without_transaction_override,True,206,2024-10-30,complete
2024-10-30,0.00,0.00,0,1486648.03,last_posted_transaction_or_prior_closing_balance,,trusted,cn_public_2022_2026_cycles_1_0,public_schedule_without_transaction_override,True,207,2024-10-31,complete
2024-10-31,0.00,0.00,0,1486648.03,last_posted_transaction_or_prior_closing_balance,,trusted,cn_public_2022_2026_cycles_1_0,public_schedule_without_transaction_override,True,208,2024-11-01,complete
2024-11-01,0.00,0.00,0,1486648.03,last_posted_transaction_or_prior_closing_balance,,trusted,cn_public_2022_2026_cycles_1_0,public_schedule_without_transaction_override,True,209,2024-11-04,complete
2024-11-02,0.00,0.00,0,1486648.03,last_posted_transaction_or_prior_closing_balance,,trusted,cn_public_2022_2026_cycles_1_0,public_schedule_without_transaction_override,False,,,complete
2024-11-03,0.00,1150.97,1,1485497.06,last_posted_transaction_or_prior_closing_balance,synb1_txn_344a6b4342b73713127ed07c,trusted,cn_public_2022_2026_cycles_1_0,public_schedule_without_transaction_override,False,,,complete
2024-11-04,41346.12,35464.32,3,1491378.86,last_posted_transaction_or_prior_closing_balance,synb1_txn_476de3e0b878773ef8e81f25,trusted,cn_public_2022_2026_cycles_1_0,public_schedule_without_transaction_override,True,210,2024-11-05,complete
2024-11-05,11142.21,7800.00,2,1494721.07,last_posted_transaction_or_prior_closing_balance,synb1_txn_180e7736a8d9b3978476eb0e,trusted,cn_public_2022_2026_cycles_1_0,public_schedule_without_transaction_override,True,211,2024-11-06,complete
2024-11-06,0.00,0.00,0,1494721.07,last_posted_transaction_or_prior_closing_balance,,trusted,cn_public_2022_2026_cycles_1_0,public_schedule_without_transaction_override,True,212,2024-11-07,complete
2024-11-07,0.00,28459.69,2,1466261.38,last_posted_transaction_or_prior_closing_balance,synb1_txn_27395781ef9d754660d53c70,trusted,cn_public_2022_2026_cycles_1_0,public_schedule_without_transaction_override,True,213,2024-11-08,complete
2024-11-08,52395.82,0.00,1,1518657.20,last_posted_transaction_or_prior_closing_balance,synb1_txn_ad851e6a43285a9e4620bccb,trusted,cn_public_2022_2026_cycles_1_0,public_schedule_without_transaction_override,True,214,2024-11-11,complete
2024-11-09,0.00,601.86,1,1518055.34,last_posted_transaction_or_prior_closing_balance,synb1_txn_3a76c2254063eaaf4d9e4cdf,trusted,cn_public_2022_2026_cycles_1_0,public_schedule_without_transaction_override,False,,,complete
2024-11-10,0.00,56961.29,1,1461094.05,last_posted_transaction_or_prior_closing_balance,synb1_txn_9fed1c9704e461b0e2b10fcf,trusted,cn_public_2022_2026_cycles_1_0,public_schedule_without_transaction_override,False,,,complete
2024-11-11,57435.37,0.00,2,1518529.42,last_posted_transaction_or_prior_closing_balance,synb1_txn_95cb4a961b9b3596bc54d69c,trusted,cn_public_2022_2026_cycles_1_0,public_schedule_without_transaction_override,True,215,2024-11-12,complete
2024-11-12,0.00,192266.23,1,1326263.19,last_posted_transaction_or_prior_closing_balance,synb1_txn_a9e5fae2f34bc5a16058b776,trusted,cn_public_2022_2026_cycles_1_0,public_schedule_without_transaction_override,True,216,2024-11-13,complete
2024-11-13,57958.78,0.00,2,1384221.97,last_posted_transaction_or_prior_closing_balance,synb1_txn_773bdce086131c8d07db16d3,trusted,cn_public_2022_2026_cycles_1_0,public_schedule_without_transaction_override,True,217,2024-11-14,complete
2024-11-14,0.00,0.00,0,1384221.97,last_posted_transaction_or_prior_closing_balance,,trusted,cn_public_2022_2026_cycles_1_0,public_schedule_without_transaction_override,True,218,2024-11-15,complete
2024-11-15,0.00,0.00,0,1384221.97,last_posted_transaction_or_prior_closing_balance,,trusted,cn_public_2022_2026_cycles_1_0,public_schedule_without_transaction_override,True,219,2024-11-18,complete
2024-11-16,43960.14,14.91,2,1428167.20,last_posted_transaction_or_prior_closing_balance,synb1_txn_ddd4c2600c18f5d662f0e545,trusted,cn_public_2022_2026_cycles_1_0,public_schedule_without_transaction_override,False,,,complete
2024-11-17,0.00,0.00,0,1428167.20,last_posted_transaction_or_prior_closing_balance,,trusted,cn_public_2022_2026_cycles_1_0,public_schedule_without_transaction_override,False,,,complete
2024-11-18,5801.40,19781.17,4,1414187.43,last_posted_transaction_or_prior_closing_balance,synb1_txn_71a9603f9016c9261aea096b,trusted,cn_public_2022_2026_cycles_1_0,public_schedule_without_transaction_override,True,220,2024-11-19,complete
2024-11-19,0.00,0.00,0,1414187.43,last_posted_transaction_or_prior_closing_balance,,trusted,cn_public_2022_2026_cycles_1_0,public_schedule_without_transaction_override,True,221,2024-11-20,complete
2024-11-20,29061.59,0.00,1,1443249.02,last_posted_transaction_or_prior_closing_balance,synb1_txn_26d5cb1c28b1ec041cb7b49d,trusted,cn_public_2022_2026_cycles_1_0,public_schedule_without_transaction_override,True,222,2024-11-21,complete
2024-11-21,0.00,0.00,0,1443249.02,last_posted_transaction_or_prior_closing_balance,,trusted,cn_public_2022_2026_cycles_1_0,public_schedule_without_transaction_override,True,223,2024-11-22,complete
2024-11-22,0.00,0.00,0,1443249.02,last_posted_transaction_or_prior_closing_balance,,trusted,cn_public_2022_2026_cycles_1_0,public_schedule_without_transaction_override,True,224,2024-11-25,complete
2024-11-23,0.00,0.00,0,1443249.02,last_posted_transaction_or_prior_closing_balance,,trusted,cn_public_2022_2026_cycles_1_0,public_schedule_without_transaction_override,False,,,complete
2024-11-24,29005.85,0.00,2,1472254.87,last_posted_transaction_or_prior_closing_balance,synb1_txn_ca3859faf3741fe012dd35c3,trusted,cn_public_2022_2026_cycles_1_0,public_schedule_without_transaction_override,False,,,complete
2024-11-25,0.00,8543.70,2,1463711.17,last_posted_transaction_or_prior_closing_balance,synb1_txn_8e0332b54bde530916498449,trusted,cn_public_2022_2026_cycles_1_0,public_schedule_without_transaction_override,True,225,2024-11-26,complete
2024-11-26,14385.72,0.00,1,1478096.89,last_posted_transaction_or_prior_closing_balance,synb1_txn_308c1ec26817128f36c122b4,trusted,cn_public_2022_2026_cycles_1_0,public_schedule_without_transaction_override,True,226,2024-11-27,complete
2024-11-27,0.00,1761.08,1,1476335.81,last_posted_transaction_or_prior_closing_balance,synb1_txn_c2ae5675c212496e51431458,trusted,cn_public_2022_2026_cycles_1_0,public_schedule_without_transaction_override,True,227,2024-11-28,complete
2024-11-28,0.00,1939.10,2,1474396.71,last_posted_transaction_or_prior_closing_balance,synb1_txn_d24e6c1fef14a998d335f681,trusted,cn_public_2022_2026_cycles_1_0,public_schedule_without_transaction_override,True,228,2024-11-29,complete
2024-11-29,0.00,0.00,0,1474396.71,last_posted_transaction_or_prior_closing_balance,,trusted,cn_public_2022_2026_cycles_1_0,public_schedule_without_transaction_override,True,229,2024-12-02,complete
2024-11-30,0.00,0.00,0,1474396.71,last_posted_transaction_or_prior_closing_balance,,trusted,cn_public_2022_2026_cycles_1_0,public_schedule_without_transaction_override,False,,,complete
2024-12-01,0.00,0.00,0,1474396.71,last_posted_transaction_or_prior_closing_balance,,trusted,cn_public_2022_2026_cycles_1_0,public_schedule_without_transaction_override,False,,,complete
2024-12-02,0.00,8956.30,1,1465440.41,last_posted_transaction_or_prior_closing_balance,synb1_txn_f07c3800ddf6e617d0468c57,trusted,cn_public_2022_2026_cycles_1_0,public_schedule_without_transaction_override,True,230,2024-12-03,complete
2024-12-03,0.00,0.00,0,1465440.41,last_posted_transaction_or_prior_closing_balance,,trusted,cn_public_2022_2026_cycles_1_0,public_schedule_without_transaction_override,True,231,2024-12-04,complete
2024-12-04,0.00,69721.19,2,1395719.22,last_posted_transaction_or_prior_closing_balance,synb1_txn_335cd345b58029896bcec4ef,trusted,cn_public_2022_2026_cycles_1_0,public_schedule_without_transaction_override,True,232,2024-12-05,complete
2024-12-05,36452.00,44511.24,3,1387659.98,last_posted_transaction_or_prior_closing_balance,synb1_txn_a2a7521ad4fb18bdf38e2cce,trusted,cn_public_2022_2026_cycles_1_0,public_schedule_without_transaction_override,True,233,2024-12-06,complete
2024-12-06,0.00,0.00,0,1387659.98,last_posted_transaction_or_prior_closing_balance,,trusted,cn_public_2022_2026_cycles_1_0,public_schedule_without_transaction_override,True,234,2024-12-09,complete
2024-12-07,0.00,26738.81,2,1360921.17,last_posted_transaction_or_prior_closing_balance,synb1_txn_6a994f9008e40914a46afcc5,trusted,cn_public_2022_2026_cycles_1_0,public_schedule_without_transaction_override,False,,,complete
2024-12-08,12274.81,0.00,1,1373195.98,last_posted_transaction_or_prior_closing_balance,synb1_txn_6b6f83e444764f60aa27d997,trusted,cn_public_2022_2026_cycles_1_0,public_schedule_without_transaction_override,False,,,complete
2024-12-09,42596.51,34952.38,2,1380840.11,last_posted_transaction_or_prior_closing_balance,synb1_txn_72d93c70710741edf521a41c,trusted,cn_public_2022_2026_cycles_1_0,public_schedule_without_transaction_override,True,235,2024-12-10,complete
2024-12-10,1639.83,1687.67,2,1380792.27,last_posted_transaction_or_prior_closing_balance,synb1_txn_ba7ae6c98f050fe62a3c83bb,trusted,cn_public_2022_2026_cycles_1_0,public_schedule_without_transaction_override,True,236,2024-12-11,complete
2024-12-11,0.00,0.00,0,1380792.27,last_posted_transaction_or_prior_closing_balance,,trusted,cn_public_2022_2026_cycles_1_0,public_schedule_without_transaction_override,True,237,2024-12-12,complete
2024-12-12,0.00,4778.35,1,1376013.92,last_posted_transaction_or_prior_closing_balance,synb1_txn_c62ea39e1a309b69c1f156a0,trusted,cn_public_2022_2026_cycles_1_0,public_schedule_without_transaction_override,True,238,2024-12-13,complete
2024-12-13,0.00,0.00,0,1376013.92,last_posted_transaction_or_prior_closing_balance,,trusted,cn_public_2022_2026_cycles_1_0,public_schedule_without_transaction_override,True,239,2024-12-16,complete
2024-12-14,11742.61,26.62,2,1387729.91,last_posted_transaction_or_prior_closing_balance,synb1_txn_1be6ef7c8029cd01c437cb28,trusted,cn_public_2022_2026_cycles_1_0,public_schedule_without_transaction_override,False,,,complete
2024-12-15,0.00,1299.31,2,1386430.60,last_posted_transaction_or_prior_closing_balance,synb1_txn_00c01fa78baff8d4272bcc06,trusted,cn_public_2022_2026_cycles_1_0,public_schedule_without_transaction_override,False,,,complete
2024-12-16,0.00,2243.25,1,1384187.35,last_posted_transaction_or_prior_closing_balance,synb1_txn_ee2a36c55d7c777695e228d8,trusted,cn_public_2022_2026_cycles_1_0,public_schedule_without_transaction_override,True,240,2024-12-17,complete
2024-12-17,84601.02,0.00,1,1468788.37,last_posted_transaction_or_prior_closing_balance,synb1_txn_446b12fe6eaf8f4ac91bb4ea,trusted,cn_public_2022_2026_cycles_1_0,public_schedule_without_transaction_override,True,241,2024-12-18,complete
2024-12-18,0.00,3545.92,2,1465242.45,last_posted_transaction_or_prior_closing_balance,synb1_txn_8de5d6d447d9a77a962fbe0e,trusted,cn_public_2022_2026_cycles_1_0,public_schedule_without_transaction_override,True,242,2024-12-19,complete
2024-12-19,0.00,25998.91,1,1439243.54,last_posted_transaction_or_prior_closing_balance,synb1_txn_f9c43b07656d918e42146210,trusted,cn_public_2022_2026_cycles_1_0,public_schedule_without_transaction_override,True,243,2024-12-20,complete
2024-12-20,0.00,0.00,0,1439243.54,last_posted_transaction_or_prior_closing_balance,,trusted,cn_public_2022_2026_cycles_1_0,public_schedule_without_transaction_override,True,244,2024-12-23,complete
2024-12-21,27714.76,0.00,1,1466958.30,last_posted_transaction_or_prior_closing_balance,synb1_txn_5160b8e877d6a900f7dd7140,trusted,cn_public_2022_2026_cycles_1_0,public_schedule_without_transaction_override,False,,,complete
2024-12-22,0.00,0.00,0,1466958.30,last_posted_transaction_or_prior_closing_balance,,trusted,cn_public_2022_2026_cycles_1_0,public_schedule_without_transaction_override,False,,,complete
2024-12-23,0.00,0.00,0,1466958.30,last_posted_transaction_or_prior_closing_balance,,trusted,cn_public_2022_2026_cycles_1_0,public_schedule_without_transaction_override,True,245,2024-12-24,complete
2024-12-24,26497.10,1132.34,2,1492323.06,last_posted_transaction_or_prior_closing_balance,synb1_txn_09c6672d29153fc9501073b3,trusted,cn_public_2022_2026_cycles_1_0,public_schedule_without_transaction_override,True,246,2024-12-25,complete
2024-12-25,11586.17,0.00,1,1503909.23,last_posted_transaction_or_prior_closing_balance,synb1_txn_0c8678ed521e30e60bb07e74,trusted,cn_public_2022_2026_cycles_1_0,public_schedule_without_transaction_override,True,247,2024-12-26,complete
2024-12-26,0.00,8653.27,1,1495255.96,last_posted_transaction_or_prior_closing_balance,synb1_txn_2af969250d87249bea955586,trusted,cn_public_2022_2026_cycles_1_0,public_schedule_without_transaction_override,True,248,2024-12-27,complete
2024-12-27,0.00,4460.20,2,1490795.76,last_posted_transaction_or_prior_closing_balance,synb1_txn_1db7b9f8d8e63eb73cf14e52,trusted,cn_public_2022_2026_cycles_1_0,public_schedule_without_transaction_override,True,249,2024-12-30,complete
2024-12-28,10509.19,0.00,2,1501304.95,last_posted_transaction_or_prior_closing_balance,synb1_txn_cd4ab33d04f8b146aefae699,trusted,cn_public_2022_2026_cycles_1_0,public_schedule_without_transaction_override,False,,,complete
2024-12-29,0.00,0.00,0,1501304.95,last_posted_transaction_or_prior_closing_balance,,trusted,cn_public_2022_2026_cycles_1_0,public_schedule_without_transaction_override,False,,,complete
2024-12-30,0.00,0.00,0,1501304.95,last_posted_transaction_or_prior_closing_balance,,trusted,cn_public_2022_2026_cycles_1_0,public_schedule_without_transaction_override,True,250,2024-12-31,complete
2024-12-31,0.00,0.00,0,1501304.95,last_posted_transaction_or_prior_closing_balance,,trusted,cn_public_2022_2026_cycles_1_0,public_schedule_without_transaction_override,True,251,2025-01-02,complete
2025-01-01,0.00,0.00,0,1501304.95,last_posted_transaction_or_prior_closing_balance,,trusted,cn_public_2022_2026_cycles_1_0,public_schedule_without_transaction_override,False,,,complete
2025-01-02,0.00,0.00,0,1501304.95,last_posted_transaction_or_prior_closing_balance,,trusted,cn_public_2022_2026_cycles_1_0,public_schedule_without_transaction_override,True,252,2025-01-03,complete
2025-01-03,0.00,0.00,0,1501304.95,last_posted_transaction_or_prior_closing_balance,,trusted,cn_public_2022_2026_cycles_1_0,public_schedule_without_transaction_override,True,253,2025-01-06,complete
2025-01-04,0.00,519.55,1,1500785.40,last_posted_transaction_or_prior_closing_balance,synb1_txn_c1307e7997eccb7640aaa1bb,trusted,cn_public_2022_2026_cycles_1_0,public_schedule_without_transaction_override,False,,,complete
2025-01-05,54273.94,7800.00,2,1547259.34,last_posted_transaction_or_prior_closing_balance,synb1_txn_8191fb027b3dba7b7cf6a358,trusted,cn_public_2022_2026_cycles_1_0,public_schedule_without_transaction_override,False,,,complete
2025-01-06,0.00,25845.89,1,1521413.45,last_posted_transaction_or_prior_closing_balance,synb1_txn_2d634d6a7f30fbcaf83b60ca,trusted,cn_public_2022_2026_cycles_1_0,public_schedule_without_transaction_override,True,254,2025-01-07,complete
2025-01-07,0.00,26985.80,2,1494427.65,last_posted_transaction_or_prior_closing_balance,synb1_txn_349d1f0bc4485e4022070dcd,trusted,cn_public_2022_2026_cycles_1_0,public_schedule_without_transaction_override,True,255,2025-01-08,complete
2025-01-08,50626.98,112250.61,3,1432804.02,last_posted_transaction_or_prior_closing_balance,synb1_txn_d25435e2a915d8bc038b9fd6,trusted,cn_public_2022_2026_cycles_1_0,public_schedule_without_transaction_override,True,256,2025-01-09,complete
2025-01-09,0.00,0.00,0,1432804.02,last_posted_transaction_or_prior_closing_balance,,trusted,cn_public_2022_2026_cycles_1_0,public_schedule_without_transaction_override,True,257,2025-01-10,complete
2025-01-10,42840.54,0.00,2,1475644.56,last_posted_transaction_or_prior_closing_balance,synb1_txn_ddc2cedc97b5ad22ab9acb6b,trusted,cn_public_2022_2026_cycles_1_0,public_schedule_without_transaction_override,True,258,2025-01-13,complete
2025-01-11,0.00,139820.36,1,1335824.20,last_posted_transaction_or_prior_closing_balance,synb1_txn_5cab92bcbdbacaccdd3319ea,trusted,cn_public_2022_2026_cycles_1_0,public_schedule_without_transaction_override,False,,,complete
2025-01-12,7509.58,4877.83,3,1338455.95,last_posted_transaction_or_prior_closing_balance,synb1_txn_96bbfdcb2dd2042883b863e2,trusted,cn_public_2022_2026_cycles_1_0,public_schedule_without_transaction_override,False,,,complete
2025-01-13,0.00,0.00,0,1338455.95,last_posted_transaction_or_prior_closing_balance,,trusted,cn_public_2022_2026_cycles_1_0,public_schedule_without_transaction_override,True,259,2025-01-14,complete
2025-01-14,13041.71,0.00,1,1351497.66,last_posted_transaction_or_prior_closing_balance,synb1_txn_ba2ce05ab938d5fd1415abd3,trusted,cn_public_2022_2026_cycles_1_0,public_schedule_without_transaction_override,True,260,2025-01-15,complete
2025-01-15,5820.49,0.00,1,1357318.15,last_posted_transaction_or_prior_closing_balance,synb1_txn_1365e5a80192e95ea763ec35,trusted,cn_public_2022_2026_cycles_1_0,public_schedule_without_transaction_override,True,261,2025-01-16,complete
2025-01-16,5505.08,4567.57,2,1358255.66,last_posted_transaction_or_prior_closing_balance,synb1_txn_d998b5d8c7a1cc055ad012d8,trusted,cn_public_2022_2026_cycles_1_0,public_schedule_without_transaction_override,True,262,2025-01-17,complete
2025-01-17,0.00,0.00,0,1358255.66,last_posted_transaction_or_prior_closing_balance,,trusted,cn_public_2022_2026_cycles_1_0,public_schedule_without_transaction_override,True,263,2025-01-20,complete
2025-01-18,0.00,0.00,0,1358255.66,last_posted_transaction_or_prior_closing_balance,,trusted,cn_public_2022_2026_cycles_1_0,public_schedule_without_transaction_override,False,,,complete
2025-01-19,0.00,0.00,0,1358255.66,last_posted_transaction_or_prior_closing_balance,,trusted,cn_public_2022_2026_cycles_1_0,public_schedule_without_transaction_override,False,,,complete
2025-01-20,0.00,2002.56,2,1356253.10,last_posted_transaction_or_prior_closing_balance,synb1_txn_ce075ab7434ac5e6a90a400f,trusted,cn_public_2022_2026_cycles_1_0,public_schedule_without_transaction_override,True,264,2025-01-21,complete
2025-01-21,0.00,0.00,0,1356253.10,last_posted_transaction_or_prior_closing_balance,,trusted,cn_public_2022_2026_cycles_1_0,public_schedule_without_transaction_override,True,265,2025-01-22,complete
2025-01-22,30402.22,0.00,1,1386655.32,last_posted_transaction_or_prior_closing_balance,synb1_txn_9ae9ba89a651bd1cf8641957,trusted,cn_public_2022_2026_cycles_1_0,public_schedule_without_transaction_override,True,266,2025-01-23,complete
2025-01-23,0.00,0.00,0,1386655.32,last_posted_transaction_or_prior_closing_balance,,trusted,cn_public_2022_2026_cycles_1_0,public_schedule_without_transaction_override,True,267,2025-01-24,complete
2025-01-24,5932.33,0.00,1,1392587.65,last_posted_transaction_or_prior_closing_balance,synb1_txn_73c29bdbeb642679d985a7d9,trusted,cn_public_2022_2026_cycles_1_0,public_schedule_without_transaction_override,True,268,2025-01-26,complete
2025-01-25,0.00,0.00,0,1392587.65,last_posted_transaction_or_prior_closing_balance,,trusted,cn_public_2022_2026_cycles_1_0,public_schedule_without_transaction_override,False,,,complete
2025-01-26,0.00,0.00,0,1392587.65,last_posted_transaction_or_prior_closing_balance,,trusted,cn_public_2022_2026_cycles_1_0,public_schedule_without_transaction_override,True,269,2025-01-27,complete
2025-01-27,0.00,0.00,0,1392587.65,last_posted_transaction_or_prior_closing_balance,,trusted,cn_public_2022_2026_cycles_1_0,public_schedule_without_transaction_override,True,270,2025-02-05,complete
2025-01-28,15239.13,147.91,2,1407678.87,last_posted_transaction_or_prior_closing_balance,synb1_txn_92735fa00e37f1d4f0287385,trusted,cn_public_2022_2026_cycles_1_0,public_schedule_without_transaction_override,False,,,complete
2025-01-29,0.00,0.00,0,1407678.87,last_posted_transaction_or_prior_closing_balance,,trusted,cn_public_2022_2026_cycles_1_0,public_schedule_without_transaction_override,False,,,complete
2025-01-30,0.00,0.00,0,1407678.87,last_posted_transaction_or_prior_closing_balance,,trusted,cn_public_2022_2026_cycles_1_0,public_schedule_without_transaction_override,False,,,complete
2025-01-31,0.00,0.00,0,1407678.87,last_posted_transaction_or_prior_closing_balance,,trusted,cn_public_2022_2026_cycles_1_0,public_schedule_without_transaction_override,False,,,complete
2025-02-01,0.00,0.00,0,1407678.87,last_posted_transaction_or_prior_closing_balance,,trusted,cn_public_2022_2026_cycles_1_0,public_schedule_without_transaction_override,False,,,complete
2025-02-02,0.00,0.00,0,1407678.87,last_posted_transaction_or_prior_closing_balance,,trusted,cn_public_2022_2026_cycles_1_0,public_schedule_without_transaction_override,False,,,complete
2025-02-03,0.00,0.00,0,1407678.87,last_posted_transaction_or_prior_closing_balance,,trusted,cn_public_2022_2026_cycles_1_0,public_schedule_without_transaction_override,False,,,complete
2025-02-04,7951.70,184841.58,2,1230788.99,last_posted_transaction_or_prior_closing_balance,synb1_txn_37830941ebf93d1636c5a12e,trusted,cn_public_2022_2026_cycles_1_0,public_schedule_without_transaction_override,False,,,complete
2025-02-05,52794.35,34285.13,4,1249298.21,last_posted_transaction_or_prior_closing_balance,synb1_txn_dca9a094b63100af781b1427,trusted,cn_public_2022_2026_cycles_1_0,public_schedule_without_transaction_override,True,271,2025-02-06,complete
2025-02-06,0.00,0.00,0,1249298.21,last_posted_transaction_or_prior_closing_balance,,trusted,cn_public_2022_2026_cycles_1_0,public_schedule_without_transaction_override,True,272,2025-02-07,complete
2025-02-07,0.00,26500.00,1,1222798.21,last_posted_transaction_or_prior_closing_balance,synb1_txn_84db0c6dcfabcb42f0dfbea1,trusted,cn_public_2022_2026_cycles_1_0,public_schedule_without_transaction_override,True,273,2025-02-08,complete
2025-02-08,0.00,0.00,0,1222798.21,last_posted_transaction_or_prior_closing_balance,,trusted,cn_public_2022_2026_cycles_1_0,public_schedule_without_transaction_override,True,274,2025-02-10,complete
2025-02-09,16518.50,27566.90,3,1211749.81,last_posted_transaction_or_prior_closing_balance,synb1_txn_3bbea5a65887579b268a98ba,trusted,cn_public_2022_2026_cycles_1_0,public_schedule_without_transaction_override,False,,,complete
2025-02-10,90328.24,0.00,1,1302078.05,last_posted_transaction_or_prior_closing_balance,synb1_txn_3a08b6d20420249973044903,trusted,cn_public_2022_2026_cycles_1_0,public_schedule_without_transaction_override,True,275,2025-02-11,complete
2025-02-11,0.00,0.00,0,1302078.05,last_posted_transaction_or_prior_closing_balance,,trusted,cn_public_2022_2026_cycles_1_0,public_schedule_without_transaction_override,True,276,2025-02-12,complete
2025-02-12,0.00,0.00,0,1302078.05,last_posted_transaction_or_prior_closing_balance,,trusted,cn_public_2022_2026_cycles_1_0,public_schedule_without_transaction_override,True,277,2025-02-13,complete
2025-02-13,6985.91,17862.42,2,1291201.54,last_posted_transaction_or_prior_closing_balance,synb1_txn_5917035bee28a2ed3a1f40b9,trusted,cn_public_2022_2026_cycles_1_0,public_schedule_without_transaction_override,True,278,2025-02-14,complete
2025-02-14,34519.82,0.00,1,1325721.36,last_posted_transaction_or_prior_closing_balance,synb1_txn_41ae2fbd653fd20298e191de,trusted,cn_public_2022_2026_cycles_1_0,public_schedule_without_transaction_override,True,279,2025-02-17,complete
2025-02-15,31625.56,700.05,3,1356646.87,last_posted_transaction_or_prior_closing_balance,synb1_txn_ddbce8c113db714c513dbd82,trusted,cn_public_2022_2026_cycles_1_0,public_schedule_without_transaction_override,False,,,complete
2025-02-16,10855.09,0.00,1,1367501.96,last_posted_transaction_or_prior_closing_balance,synb1_txn_631931463e105dc61fd274df,trusted,cn_public_2022_2026_cycles_1_0,public_schedule_without_transaction_override,False,,,complete
2025-02-17,0.00,1597.26,1,1365904.70,last_posted_transaction_or_prior_closing_balance,synb1_txn_6d7792d826056f25404339e4,trusted,cn_public_2022_2026_cycles_1_0,public_schedule_without_transaction_override,True,280,2025-02-18,complete
2025-02-18,22617.00,3588.48,3,1384933.22,last_posted_transaction_or_prior_closing_balance,synb1_txn_4c1ff9ee41f36869dfe8adb5,trusted,cn_public_2022_2026_cycles_1_0,public_schedule_without_transaction_override,True,281,2025-02-19,complete
2025-02-19,0.00,621.96,1,1384311.26,last_posted_transaction_or_prior_closing_balance,synb1_txn_371d121e5e870d6d55b64630,trusted,cn_public_2022_2026_cycles_1_0,public_schedule_without_transaction_override,True,282,2025-02-20,complete
2025-02-20,0.00,0.00,0,1384311.26,last_posted_transaction_or_prior_closing_balance,,trusted,cn_public_2022_2026_cycles_1_0,public_schedule_without_transaction_override,True,283,2025-02-21,complete
2025-02-21,0.00,1805.95,1,1382505.31,last_posted_transaction_or_prior_closing_balance,synb1_txn_35dbe1677d11a9aa86de76de,trusted,cn_public_2022_2026_cycles_1_0,public_schedule_without_transaction_override,True,284,2025-02-24,complete
2025-02-22,0.00,600.35,1,1381904.96,last_posted_transaction_or_prior_closing_balance,synb1_txn_7fd878fcc018eb44084edc32,trusted,cn_public_2022_2026_cycles_1_0,public_schedule_without_transaction_override,False,,,complete
2025-02-23,4262.46,0.00,1,1386167.42,last_posted_transaction_or_prior_closing_balance,synb1_txn_351a37a335a99082de25cce2,trusted,cn_public_2022_2026_cycles_1_0,public_schedule_without_transaction_override,False,,,complete
2025-02-24,0.00,0.00,0,1386167.42,last_posted_transaction_or_prior_closing_balance,,trusted,cn_public_2022_2026_cycles_1_0,public_schedule_without_transaction_override,True,285,2025-02-25,complete
2025-02-25,3212.90,0.00,1,1389380.32,last_posted_transaction_or_prior_closing_balance,synb1_txn_d7b7d1030c8def14b654f242,trusted,cn_public_2022_2026_cycles_1_0,public_schedule_without_transaction_override,True,286,2025-02-26,complete
2025-02-26,0.00,0.00,0,1389380.32,last_posted_transaction_or_prior_closing_balance,,trusted,cn_public_2022_2026_cycles_1_0,public_schedule_without_transaction_override,True,287,2025-02-27,complete
2025-02-27,0.00,0.00,0,1389380.32,last_posted_transaction_or_prior_closing_balance,,trusted,cn_public_2022_2026_cycles_1_0,public_schedule_without_transaction_override,True,288,2025-02-28,complete
2025-02-28,15455.47,1387.52,2,1403448.27,last_posted_transaction_or_prior_closing_balance,synb1_txn_6bc00b1bbb6a1d1f814df1e4,trusted,cn_public_2022_2026_cycles_1_0,public_schedule_without_transaction_override,True,289,2025-03-03,complete
2025-03-01,0.00,0.00,0,1403448.27,last_posted_transaction_or_prior_closing_balance,,trusted,cn_public_2022_2026_cycles_1_0,public_schedule_without_transaction_override,False,,,complete
2025-03-02,0.00,0.00,0,1403448.27,last_posted_transaction_or_prior_closing_balance,,trusted,cn_public_2022_2026_cycles_1_0,public_schedule_without_transaction_override,False,,,complete
2025-03-03,0.00,525.63,1,1402922.64,last_posted_transaction_or_prior_closing_balance,synb1_txn_c64363b56083955888ed6ea0,trusted,cn_public_2022_2026_cycles_1_0,public_schedule_without_transaction_override,True,290,2025-03-04,complete
2025-03-04,0.00,0.00,0,1402922.64,last_posted_transaction_or_prior_closing_balance,,trusted,cn_public_2022_2026_cycles_1_0,public_schedule_without_transaction_override,True,291,2025-03-05,complete
2025-03-05,25975.22,7800.00,4,1421097.86,last_posted_transaction_or_prior_closing_balance,synb1_txn_8e1be779de447c519559dabf,trusted,cn_public_2022_2026_cycles_1_0,public_schedule_without_transaction_override,True,292,2025-03-06,complete
2025-03-06,0.00,0.00,0,1421097.86,last_posted_transaction_or_prior_closing_balance,,trusted,cn_public_2022_2026_cycles_1_0,public_schedule_without_transaction_override,True,293,2025-03-07,complete
2025-03-07,1160.23,29414.64,3,1392843.45,last_posted_transaction_or_prior_closing_balance,synb1_txn_f2fb96d621e286a3e8b722b9,trusted,cn_public_2022_2026_cycles_1_0,public_schedule_without_transaction_override,True,294,2025-03-10,complete
2025-03-08,0.00,531.01,1,1392312.44,last_posted_transaction_or_prior_closing_balance,synb1_txn_52f2908b06a6744a5a848c54,trusted,cn_public_2022_2026_cycles_1_0,public_schedule_without_transaction_override,False,,,complete
2025-03-09,0.00,40060.99,2,1352251.45,last_posted_transaction_or_prior_closing_balance,synb1_txn_768df017fd1f53973e5c7a10,trusted,cn_public_2022_2026_cycles_1_0,public_schedule_without_transaction_override,False,,,complete
2025-03-10,0.00,0.00,0,1352251.45,last_posted_transaction_or_prior_closing_balance,,trusted,cn_public_2022_2026_cycles_1_0,public_schedule_without_transaction_override,True,295,2025-03-11,complete
2025-03-11,0.00,0.00,0,1352251.45,last_posted_transaction_or_prior_closing_balance,,trusted,cn_public_2022_2026_cycles_1_0,public_schedule_without_transaction_override,True,296,2025-03-12,complete
2025-03-12,0.00,0.00,0,1352251.45,last_posted_transaction_or_prior_closing_balance,,trusted,cn_public_2022_2026_cycles_1_0,public_schedule_without_transaction_override,True,297,2025-03-13,complete
2025-03-13,17297.94,0.00,1,1369549.39,last_posted_transaction_or_prior_closing_balance,synb1_txn_650352816837e3aa8dfb9eb2,trusted,cn_public_2022_2026_cycles_1_0,public_schedule_without_transaction_override,True,298,2025-03-14,complete
2025-03-14,41871.73,0.00,1,1411421.12,last_posted_transaction_or_prior_closing_balance,synb1_txn_d63920a44e16adc86f867983,trusted,cn_public_2022_2026_cycles_1_0,public_schedule_without_transaction_override,True,299,2025-03-17,complete
2025-03-15,0.00,0.00,0,1411421.12,last_posted_transaction_or_prior_closing_balance,,trusted,cn_public_2022_2026_cycles_1_0,public_schedule_without_transaction_override,False,,,complete
2025-03-16,63259.58,0.00,1,1474680.70,last_posted_transaction_or_prior_closing_balance,synb1_txn_aa2289389d60bef2102f9e79,trusted,cn_public_2022_2026_cycles_1_0,public_schedule_without_transaction_override,False,,,complete
2025-03-17,15898.46,0.00,2,1490579.16,last_posted_transaction_or_prior_closing_balance,synb1_txn_50b94284b621aaae3f492d72,trusted,cn_public_2022_2026_cycles_1_0,public_schedule_without_transaction_override,True,300,2025-03-18,complete
2025-03-18,0.00,2884.00,2,1487695.16,last_posted_transaction_or_prior_closing_balance,synb1_txn_4a82295b0b610054775d0d58,trusted,cn_public_2022_2026_cycles_1_0,public_schedule_without_transaction_override,True,301,2025-03-19,complete
2025-03-19,0.00,0.00,0,1487695.16,last_posted_transaction_or_prior_closing_balance,,trusted,cn_public_2022_2026_cycles_1_0,public_schedule_without_transaction_override,True,302,2025-03-20,complete
2025-03-20,37975.36,76.83,2,1525593.69,last_posted_transaction_or_prior_closing_balance,synb1_txn_f3f78c2b8ba64cb027b57c00,trusted,cn_public_2022_2026_cycles_1_0,public_schedule_without_transaction_override,True,303,2025-03-21,complete
2025-03-21,2344.91,52348.83,2,1475589.77,last_posted_transaction_or_prior_closing_balance,synb1_txn_26532a830c04dc5091e1e647,trusted,cn_public_2022_2026_cycles_1_0,public_schedule_without_transaction_override,True,304,2025-03-24,complete
2025-03-22,0.00,0.00,0,1475589.77,last_posted_transaction_or_prior_closing_balance,,trusted,cn_public_2022_2026_cycles_1_0,public_schedule_without_transaction_override,False,,,complete
2025-03-23,0.00,0.00,0,1475589.77,last_posted_transaction_or_prior_closing_balance,,trusted,cn_public_2022_2026_cycles_1_0,public_schedule_without_transaction_override,False,,,complete
2025-03-24,0.00,2373.02,1,1473216.75,last_posted_transaction_or_prior_closing_balance,synb1_txn_0a66288986c04bdc24aa8ba1,trusted,cn_public_2022_2026_cycles_1_0,public_schedule_without_transaction_override,True,305,2025-03-25,complete
2025-03-25,0.00,0.00,0,1473216.75,last_posted_transaction_or_prior_closing_balance,,trusted,cn_public_2022_2026_cycles_1_0,public_schedule_without_transaction_override,True,306,2025-03-26,complete
2025-03-26,26472.24,106836.13,4,1392852.86,last_posted_transaction_or_prior_closing_balance,synb1_txn_1ff470f5134b4363576431b6,trusted,cn_public_2022_2026_cycles_1_0,public_schedule_without_transaction_override,True,307,2025-03-27,complete
2025-03-27,5560.33,0.00,1,1398413.19,last_posted_transaction_or_prior_closing_balance,synb1_txn_4693e38f935f9a7dafe2ee70,trusted,cn_public_2022_2026_cycles_1_0,public_schedule_without_transaction_override,True,308,2025-03-28,complete
2025-03-28,0.00,5053.88,1,1393359.31,last_posted_transaction_or_prior_closing_balance,synb1_txn_962319c3dc9595b256df1d33,trusted,cn_public_2022_2026_cycles_1_0,public_schedule_without_transaction_override,True,309,2025-03-31,complete
2025-03-29,0.00,0.00,0,1393359.31,last_posted_transaction_or_prior_closing_balance,,trusted,cn_public_2022_2026_cycles_1_0,public_schedule_without_transaction_override,False,,,complete
2025-03-30,0.00,0.00,0,1393359.31,last_posted_transaction_or_prior_closing_balance,,trusted,cn_public_2022_2026_cycles_1_0,public_schedule_without_transaction_override,False,,,complete
2025-03-31,0.00,0.00,0,1393359.31,last_posted_transaction_or_prior_closing_balance,,trusted,cn_public_2022_2026_cycles_1_0,public_schedule_without_transaction_override,True,310,2025-04-01,complete
2025-04-01,0.00,0.00,0,1393359.31,last_posted_transaction_or_prior_closing_balance,,trusted,cn_public_2022_2026_cycles_1_0,public_schedule_without_transaction_override,True,311,2025-04-02,complete
2025-04-02,0.00,0.00,0,1393359.31,last_posted_transaction_or_prior_closing_balance,,trusted,cn_public_2022_2026_cycles_1_0,public_schedule_without_transaction_override,True,312,2025-04-03,complete
2025-04-03,0.00,534.79,1,1392824.52,last_posted_transaction_or_prior_closing_balance,synb1_txn_bf7f9491865762b279dff344,trusted,cn_public_2022_2026_cycles_1_0,public_schedule_without_transaction_override,True,313,2025-04-07,complete
2025-04-04,0.00,154698.50,2,1238126.02,last_posted_transaction_or_prior_closing_balance,synb1_txn_e51f076a05995f13f068e47f,trusted,cn_public_2022_2026_cycles_1_0,public_schedule_without_transaction_override,False,,,complete
2025-04-05,995.94,7800.00,2,1231321.96,last_posted_transaction_or_prior_closing_balance,synb1_txn_3f1ade5f6589ca99040f46e9,trusted,cn_public_2022_2026_cycles_1_0,public_schedule_without_transaction_override,False,,,complete
2025-04-06,0.00,0.00,0,1231321.96,last_posted_transaction_or_prior_closing_balance,,trusted,cn_public_2022_2026_cycles_1_0,public_schedule_without_transaction_override,False,,,complete
2025-04-07,0.00,36655.97,3,1194665.99,last_posted_transaction_or_prior_closing_balance,synb1_txn_c165dea2486f427f79572ee5,trusted,cn_public_2022_2026_cycles_1_0,public_schedule_without_transaction_override,True,314,2025-04-08,complete
2025-04-08,0.00,0.00,0,1194665.99,last_posted_transaction_or_prior_closing_balance,,trusted,cn_public_2022_2026_cycles_1_0,public_schedule_without_transaction_override,True,315,2025-04-09,complete
2025-04-09,0.00,0.00,0,1194665.99,last_posted_transaction_or_prior_closing_balance,,trusted,cn_public_2022_2026_cycles_1_0,public_schedule_without_transaction_override,True,316,2025-04-10,complete
2025-04-10,0.00,2905.06,1,1191760.93,last_posted_transaction_or_prior_closing_balance,synb1_txn_b18d149fb4c1b9de141087d1,trusted,cn_public_2022_2026_cycles_1_0,public_schedule_without_transaction_override,True,317,2025-04-11,complete
2025-04-11,3757.87,0.00,1,1195518.80,last_posted_transaction_or_prior_closing_balance,synb1_txn_d72ee745dc9f78e763188bed,trusted,cn_public_2022_2026_cycles_1_0,public_schedule_without_transaction_override,True,318,2025-04-14,complete
2025-04-12,58124.56,0.00,2,1253643.36,last_posted_transaction_or_prior_closing_balance,synb1_txn_b372871e6d08a93eed5efa44,trusted,cn_public_2022_2026_cycles_1_0,public_schedule_without_transaction_override,False,,,complete
2025-04-13,0.00,1544.18,1,1252099.18,last_posted_transaction_or_prior_closing_balance,synb1_txn_5d6c2eb1c37e4b565813ed84,trusted,cn_public_2022_2026_cycles_1_0,public_schedule_without_transaction_override,False,,,complete
2025-04-14,0.00,475.50,1,1251623.68,last_posted_transaction_or_prior_closing_balance,synb1_txn_c6c6f126547f86f2d869f17b,trusted,cn_public_2022_2026_cycles_1_0,public_schedule_without_transaction_override,True,319,2025-04-15,complete
2025-04-15,0.00,0.00,0,1251623.68,last_posted_transaction_or_prior_closing_balance,,trusted,cn_public_2022_2026_cycles_1_0,public_schedule_without_transaction_override,True,320,2025-04-16,complete
2025-04-16,3783.75,2382.02,2,1253025.41,last_posted_transaction_or_prior_closing_balance,synb1_txn_b5c5745a0783a2c001183783,trusted,cn_public_2022_2026_cycles_1_0,public_schedule_without_transaction_override,True,321,2025-04-17,complete
2025-04-17,20093.23,0.00,1,1273118.64,last_posted_transaction_or_prior_closing_balance,synb1_txn_402babf323badd5fe58c38c8,trusted,cn_public_2022_2026_cycles_1_0,public_schedule_without_transaction_override,True,322,2025-04-18,complete
2025-04-18,23028.24,2288.16,4,1293858.72,last_posted_transaction_or_prior_closing_balance,synb1_txn_3ec6de852320d55a2e711003,trusted,cn_public_2022_2026_cycles_1_0,public_schedule_without_transaction_override,True,323,2025-04-21,complete
2025-04-19,0.00,0.00,0,1293858.72,last_posted_transaction_or_prior_closing_balance,,trusted,cn_public_2022_2026_cycles_1_0,public_schedule_without_transaction_override,False,,,complete
2025-04-20,0.00,0.00,0,1293858.72,last_posted_transaction_or_prior_closing_balance,,trusted,cn_public_2022_2026_cycles_1_0,public_schedule_without_transaction_override,False,,,complete
2025-04-21,21869.67,670.60,2,1315057.79,last_posted_transaction_or_prior_closing_balance,synb1_txn_a93fd1a4d4215160a127202d,trusted,cn_public_2022_2026_cycles_1_0,public_schedule_without_transaction_override,True,324,2025-04-22,complete
2025-04-22,0.00,6336.20,1,1308721.59,last_posted_transaction_or_prior_closing_balance,synb1_txn_160d775c0e23fe81dceec005,trusted,cn_public_2022_2026_cycles_1_0,public_schedule_without_transaction_override,True,325,2025-04-23,complete
2025-04-23,0.00,0.00,0,1308721.59,last_posted_transaction_or_prior_closing_balance,,trusted,cn_public_2022_2026_cycles_1_0,public_schedule_without_transaction_override,True,326,2025-04-24,complete
2025-04-24,3251.09,0.00,1,1311972.68,last_posted_transaction_or_prior_closing_balance,synb1_txn_45f43e6af30068b205fa7a6d,trusted,cn_public_2022_2026_cycles_1_0,public_schedule_without_transaction_override,True,327,2025-04-25,complete
2025-04-25,0.00,593.84,1,1311378.84,last_posted_transaction_or_prior_closing_balance,synb1_txn_762f471693f4fc914eb478cb,trusted,cn_public_2022_2026_cycles_1_0,public_schedule_without_transaction_override,True,328,2025-04-27,complete
2025-04-26,0.00,0.00,0,1311378.84,last_posted_transaction_or_prior_closing_balance,,trusted,cn_public_2022_2026_cycles_1_0,public_schedule_without_transaction_override,False,,,complete
2025-04-27,59661.40,0.00,1,1371040.24,last_posted_transaction_or_prior_closing_balance,synb1_txn_b9383084b40fc8fc9b2168c7,trusted,cn_public_2022_2026_cycles_1_0,public_schedule_without_transaction_override,True,329,2025-04-28,complete
2025-04-28,10067.25,21939.82,2,1359167.67,last_posted_transaction_or_prior_closing_balance,synb1_txn_e35e194d5ea3849182ad2148,trusted,cn_public_2022_2026_cycles_1_0,public_schedule_without_transaction_override,True,330,2025-04-29,complete
2025-04-29,0.00,0.00,0,1359167.67,last_posted_transaction_or_prior_closing_balance,,trusted,cn_public_2022_2026_cycles_1_0,public_schedule_without_transaction_override,True,331,2025-04-30,complete
2025-04-30,0.00,0.00,0,1359167.67,last_posted_transaction_or_prior_closing_balance,,trusted,cn_public_2022_2026_cycles_1_0,public_schedule_without_transaction_override,True,332,2025-05-06,complete
2025-05-01,0.00,0.00,0,1359167.67,last_posted_transaction_or_prior_closing_balance,,trusted,cn_public_2022_2026_cycles_1_0,public_schedule_without_transaction_override,False,,,complete
2025-05-02,0.00,8296.32,1,1350871.35,last_posted_transaction_or_prior_closing_balance,synb1_txn_bb655569fd7886677df0a957,trusted,cn_public_2022_2026_cycles_1_0,public_schedule_without_transaction_override,False,,,complete
2025-05-03,2546.52,0.00,1,1353417.87,last_posted_transaction_or_prior_closing_balance,synb1_txn_9666454a3141ad7bfea76bb3,trusted,cn_public_2022_2026_cycles_1_0,public_schedule_without_transaction_override,False,,,complete
2025-05-04,20876.42,0.00,1,1374294.29,last_posted_transaction_or_prior_closing_balance,synb1_txn_73bbefa9982dc28953974b0a,trusted,cn_public_2022_2026_cycles_1_0,public_schedule_without_transaction_override,False,,,complete
2025-05-05,983.55,7800.00,2,1367477.84,last_posted_transaction_or_prior_closing_balance,synb1_txn_4a3040f965633bf81bd8eca1,trusted,cn_public_2022_2026_cycles_1_0,public_schedule_without_transaction_override,False,,,complete
2025-05-06,0.00,103952.41,2,1263525.43,last_posted_transaction_or_prior_closing_balance,synb1_txn_a703d998c6f4f368068c227c,trusted,cn_public_2022_2026_cycles_1_0,public_schedule_without_transaction_override,True,333,2025-05-07,complete
2025-05-07,0.00,26500.00,1,1237025.43,last_posted_transaction_or_prior_closing_balance,synb1_txn_d3219df78f3543b44612c407,trusted,cn_public_2022_2026_cycles_1_0,public_schedule_without_transaction_override,True,334,2025-05-08,complete
2025-05-08,18528.62,0.00,1,1255554.05,last_posted_transaction_or_prior_closing_balance,synb1_txn_d168f9ba3d8aaa16f3d61de3,trusted,cn_public_2022_2026_cycles_1_0,public_schedule_without_transaction_override,True,335,2025-05-09,complete
2025-05-09,0.00,0.00,0,1255554.05,last_posted_transaction_or_prior_closing_balance,,trusted,cn_public_2022_2026_cycles_1_0,public_schedule_without_transaction_override,True,336,2025-05-12,complete
2025-05-10,0.00,693.78,1,1254860.27,last_posted_transaction_or_prior_closing_balance,synb1_txn_217abc7f5df9f947aaa63bdf,trusted,cn_public_2022_2026_cycles_1_0,public_schedule_without_transaction_override,False,,,complete
2025-05-11,42541.35,1524.62,3,1295877.00,last_posted_transaction_or_prior_closing_balance,synb1_txn_4afe762218019c3756b046b4,trusted,cn_public_2022_2026_cycles_1_0,public_schedule_without_transaction_override,False,,,complete
2025-05-12,0.00,0.00,0,1295877.00,last_posted_transaction_or_prior_closing_balance,,trusted,cn_public_2022_2026_cycles_1_0,public_schedule_without_transaction_override,True,337,2025-05-13,complete
2025-05-13,13872.59,0.00,2,1309749.59,last_posted_transaction_or_prior_closing_balance,synb1_txn_0a91ce9f83778947f7f8c5e8,trusted,cn_public_2022_2026_cycles_1_0,public_schedule_without_transaction_override,True,338,2025-05-14,complete
2025-05-14,26949.76,11902.27,2,1324797.08,last_posted_transaction_or_prior_closing_balance,synb1_txn_3c3be28e72720a2af405d9d4,trusted,cn_public_2022_2026_cycles_1_0,public_schedule_without_transaction_override,True,339,2025-05-15,complete
2025-05-15,0.00,0.00,0,1324797.08,last_posted_transaction_or_prior_closing_balance,,trusted,cn_public_2022_2026_cycles_1_0,public_schedule_without_transaction_override,True,340,2025-05-16,complete
2025-05-16,0.00,0.00,0,1324797.08,last_posted_transaction_or_prior_closing_balance,,trusted,cn_public_2022_2026_cycles_1_0,public_schedule_without_transaction_override,True,341,2025-05-19,complete
2025-05-17,0.00,0.00,0,1324797.08,last_posted_transaction_or_prior_closing_balance,,trusted,cn_public_2022_2026_cycles_1_0,public_schedule_without_transaction_override,False,,,complete
2025-05-18,0.00,10753.68,1,1314043.40,last_posted_transaction_or_prior_closing_balance,synb1_txn_3b466210ad8ece62c2e26594,trusted,cn_public_2022_2026_cycles_1_0,public_schedule_without_transaction_override,False,,,complete
2025-05-19,0.00,118515.98,4,1195527.42,last_posted_transaction_or_prior_closing_balance,synb1_txn_2bb0c3ee0e1020b03bb99e0a,trusted,cn_public_2022_2026_cycles_1_0,public_schedule_without_transaction_override,True,342,2025-05-20,complete
2025-05-20,0.00,0.00,0,1195527.42,last_posted_transaction_or_prior_closing_balance,,trusted,cn_public_2022_2026_cycles_1_0,public_schedule_without_transaction_override,True,343,2025-05-21,complete
2025-05-21,2293.63,0.00,1,1197821.05,last_posted_transaction_or_prior_closing_balance,synb1_txn_345dc6a249bbdb02e8b58aaf,trusted,cn_public_2022_2026_cycles_1_0,public_schedule_without_transaction_override,True,344,2025-05-22,complete
2025-05-22,0.00,0.00,0,1197821.05,last_posted_transaction_or_prior_closing_balance,,trusted,cn_public_2022_2026_cycles_1_0,public_schedule_without_transaction_override,True,345,2025-05-23,complete
2025-05-23,0.00,0.00,0,1197821.05,last_posted_transaction_or_prior_closing_balance,,trusted,cn_public_2022_2026_cycles_1_0,public_schedule_without_transaction_override,True,346,2025-05-26,complete
2025-05-24,0.00,0.00,0,1197821.05,last_posted_transaction_or_prior_closing_balance,,trusted,cn_public_2022_2026_cycles_1_0,public_schedule_without_transaction_override,False,,,complete
2025-05-25,102506.81,0.00,1,1300327.86,last_posted_transaction_or_prior_closing_balance,synb1_txn_d06d5f427f0c3f67437eaa30,trusted,cn_public_2022_2026_cycles_1_0,public_schedule_without_transaction_override,False,,,complete
2025-05-26,0.00,4706.22,1,1295621.64,last_posted_transaction_or_prior_closing_balance,synb1_txn_f5fc098e16a1a0dd7ab21089,trusted,cn_public_2022_2026_cycles_1_0,public_schedule_without_transaction_override,True,347,2025-05-27,complete
2025-05-27,259.75,0.00,1,1295881.39,last_posted_transaction_or_prior_closing_balance,synb1_txn_98b5c4e41742448e5500000c,trusted,cn_public_2022_2026_cycles_1_0,public_schedule_without_transaction_override,True,348,2025-05-28,complete
2025-05-28,0.00,0.00,0,1295881.39,last_posted_transaction_or_prior_closing_balance,,trusted,cn_public_2022_2026_cycles_1_0,public_schedule_without_transaction_override,True,349,2025-05-29,complete
2025-05-29,0.00,0.00,0,1295881.39,last_posted_transaction_or_prior_closing_balance,,trusted,cn_public_2022_2026_cycles_1_0,public_schedule_without_transaction_override,True,350,2025-05-30,complete
2025-05-30,0.00,0.00,0,1295881.39,last_posted_transaction_or_prior_closing_balance,,trusted,cn_public_2022_2026_cycles_1_0,public_schedule_without_transaction_override,True,351,2025-06-03,complete
2025-05-31,0.00,0.00,0,1295881.39,last_posted_transaction_or_prior_closing_balance,,trusted,cn_public_2022_2026_cycles_1_0,public_schedule_without_transaction_override,False,,,complete
2025-06-01,0.00,0.00,0,1295881.39,last_posted_transaction_or_prior_closing_balance,,trusted,cn_public_2022_2026_cycles_1_0,public_schedule_without_transaction_override,False,,,complete
2025-06-02,35060.53,0.00,1,1330941.92,last_posted_transaction_or_prior_closing_balance,synb1_txn_73a72196af2289eccc785e47,trusted,cn_public_2022_2026_cycles_1_0,public_schedule_without_transaction_override,False,,,complete
2025-06-03,0.00,0.00,0,1330941.92,last_posted_transaction_or_prior_closing_balance,,trusted,cn_public_2022_2026_cycles_1_0,public_schedule_without_transaction_override,True,352,2025-06-04,complete
2025-06-04,0.00,0.00,0,1330941.92,last_posted_transaction_or_prior_closing_balance,,trusted,cn_public_2022_2026_cycles_1_0,public_schedule_without_transaction_override,True,353,2025-06-05,complete
2025-06-05,0.00,104527.59,3,1226414.33,last_posted_transaction_or_prior_closing_balance,synb1_txn_60a1ceb46d7b76df02bcc484,trusted,cn_public_2022_2026_cycles_1_0,public_schedule_without_transaction_override,True,354,2025-06-06,complete
2025-06-06,0.00,0.00,0,1226414.33,last_posted_transaction_or_prior_closing_balance,,trusted,cn_public_2022_2026_cycles_1_0,public_schedule_without_transaction_override,True,355,2025-06-09,complete
2025-06-07,1642.81,26500.00,2,1201557.14,last_posted_transaction_or_prior_closing_balance,synb1_txn_7e75c4c46a83200d479763d7,trusted,cn_public_2022_2026_cycles_1_0,public_schedule_without_transaction_override,False,,,complete
2025-06-08,0.00,0.00,0,1201557.14,last_posted_transaction_or_prior_closing_balance,,trusted,cn_public_2022_2026_cycles_1_0,public_schedule_without_transaction_override,False,,,complete
2025-06-09,0.00,0.00,0,1201557.14,last_posted_transaction_or_prior_closing_balance,,trusted,cn_public_2022_2026_cycles_1_0,public_schedule_without_transaction_override,True,356,2025-06-10,complete
2025-06-10,0.00,6467.74,1,1195089.40,last_posted_transaction_or_prior_closing_balance,synb1_txn_1cd58affc19c30b0b094387f,trusted,cn_public_2022_2026_cycles_1_0,public_schedule_without_transaction_override,True,357,2025-06-11,complete
2025-06-11,0.00,0.00,0,1195089.40,last_posted_transaction_or_prior_closing_balance,,trusted,cn_public_2022_2026_cycles_1_0,public_schedule_without_transaction_override,True,358,2025-06-12,complete
2025-06-12,0.00,4362.06,1,1190727.34,last_posted_transaction_or_prior_closing_balance,synb1_txn_c104597e4cb10091e394e386,trusted,cn_public_2022_2026_cycles_1_0,public_schedule_without_transaction_override,True,359,2025-06-13,complete
2025-06-13,0.00,0.00,0,1190727.34,last_posted_transaction_or_prior_closing_balance,,trusted,cn_public_2022_2026_cycles_1_0,public_schedule_without_transaction_override,True,360,2025-06-16,complete
2025-06-14,0.00,0.00,0,1190727.34,last_posted_transaction_or_prior_closing_balance,,trusted,cn_public_2022_2026_cycles_1_0,public_schedule_without_transaction_override,False,,,complete
2025-06-15,0.00,40518.87,1,1150208.47,last_posted_transaction_or_prior_closing_balance,synb1_txn_c8428d4d39872c091edddf41,trusted,cn_public_2022_2026_cycles_1_0,public_schedule_without_transaction_override,False,,,complete
2025-06-16,0.00,930.74,1,1149277.73,last_posted_transaction_or_prior_closing_balance,synb1_txn_e6b17f4ee4834aed53640399,trusted,cn_public_2022_2026_cycles_1_0,public_schedule_without_transaction_override,True,361,2025-06-17,complete
2025-06-17,0.00,0.00,0,1149277.73,last_posted_transaction_or_prior_closing_balance,,trusted,cn_public_2022_2026_cycles_1_0,public_schedule_without_transaction_override,True,362,2025-06-18,complete
2025-06-18,50786.90,3197.28,4,1196867.35,last_posted_transaction_or_prior_closing_balance,synb1_txn_e025312286cdca30c778fd8f,trusted,cn_public_2022_2026_cycles_1_0,public_schedule_without_transaction_override,True,363,2025-06-19,complete
2025-06-19,32583.02,53093.16,2,1176357.21,last_posted_transaction_or_prior_closing_balance,synb1_txn_0ab614aaa472f0469cd28d72,trusted,cn_public_2022_2026_cycles_1_0,public_schedule_without_transaction_override,True,364,2025-06-20,complete
2025-06-20,13332.12,22861.10,2,1166828.23,last_posted_transaction_or_prior_closing_balance,synb1_txn_db01a850f047fa32aef0f9b5,trusted,cn_public_2022_2026_cycles_1_0,public_schedule_without_transaction_override,True,365,2025-06-23,complete
2025-06-21,0.00,13927.40,1,1152900.83,last_posted_transaction_or_prior_closing_balance,synb1_txn_3284ea9d77bfec5de29de6f7,trusted,cn_public_2022_2026_cycles_1_0,public_schedule_without_transaction_override,False,,,complete
2025-06-22,19251.67,0.00,2,1172152.50,last_posted_transaction_or_prior_closing_balance,synb1_txn_cefe19ace5f6c8fcbfc28844,trusted,cn_public_2022_2026_cycles_1_0,public_schedule_without_transaction_override,False,,,complete
2025-06-23,0.00,16153.90,1,1155998.60,last_posted_transaction_or_prior_closing_balance,synb1_txn_b49299e20cb290f63b40b576,trusted,cn_public_2022_2026_cycles_1_0,public_schedule_without_transaction_override,True,366,2025-06-24,complete
2025-06-24,0.00,0.00,0,1155998.60,last_posted_transaction_or_prior_closing_balance,,trusted,cn_public_2022_2026_cycles_1_0,public_schedule_without_transaction_override,True,367,2025-06-25,complete
2025-06-25,116138.95,0.00,1,1272137.55,last_posted_transaction_or_prior_closing_balance,synb1_txn_be850568d6e2db43c0384430,trusted,cn_public_2022_2026_cycles_1_0,public_schedule_without_transaction_override,True,368,2025-06-26,complete
2025-06-26,0.00,0.00,0,1272137.55,last_posted_transaction_or_prior_closing_balance,,trusted,cn_public_2022_2026_cycles_1_0,public_schedule_without_transaction_override,True,369,2025-06-27,complete
2025-06-27,0.00,0.00,0,1272137.55,last_posted_transaction_or_prior_closing_balance,,trusted,cn_public_2022_2026_cycles_1_0,public_schedule_without_transaction_override,True,370,2025-06-30,complete
2025-06-28,0.00,0.00,0,1272137.55,last_posted_transaction_or_prior_closing_balance,,trusted,cn_public_2022_2026_cycles_1_0,public_schedule_without_transaction_override,False,,,complete
2025-06-29,0.00,0.00,0,1272137.55,last_posted_transaction_or_prior_closing_balance,,trusted,cn_public_2022_2026_cycles_1_0,public_schedule_without_transaction_override,False,,,complete
2025-06-30,0.00,0.00,0,1272137.55,last_posted_transaction_or_prior_closing_balance,,trusted,cn_public_2022_2026_cycles_1_0,public_schedule_without_transaction_override,True,371,2025-07-01,complete
2025-07-01,0.00,0.00,0,1272137.55,last_posted_transaction_or_prior_closing_balance,,trusted,cn_public_2022_2026_cycles_1_0,public_schedule_without_transaction_override,True,372,2025-07-02,complete
2025-07-02,10024.61,3028.56,2,1279133.60,last_posted_transaction_or_prior_closing_balance,synb1_txn_16f0d4deeb032729b8573149,trusted,cn_public_2022_2026_cycles_1_0,public_schedule_without_transaction_override,True,373,2025-07-03,complete
2025-07-03,9819.25,0.00,1,1288952.85,last_posted_transaction_or_prior_closing_balance,synb1_txn_961bab18c8ced32b074780cf,trusted,cn_public_2022_2026_cycles_1_0,public_schedule_without_transaction_override,True,374,2025-07-04,complete
2025-07-04,0.00,0.00,0,1288952.85,last_posted_transaction_or_prior_closing_balance,,trusted,cn_public_2022_2026_cycles_1_0,public_schedule_without_transaction_override,True,375,2025-07-07,complete
2025-07-05,2492.78,19797.10,3,1271648.53,last_posted_transaction_or_prior_closing_balance,synb1_txn_c5c2ba939bc9b3fc2ffaeec1,trusted,cn_public_2022_2026_cycles_1_0,public_schedule_without_transaction_override,False,,,complete
2025-07-06,0.00,4529.28,1,1267119.25,last_posted_transaction_or_prior_closing_balance,synb1_txn_bd3fc9963214b96deb286132,trusted,cn_public_2022_2026_cycles_1_0,public_schedule_without_transaction_override,False,,,complete
2025-07-07,1770.56,90790.50,3,1178099.31,last_posted_transaction_or_prior_closing_balance,synb1_txn_8ba47296529910dc12f27350,trusted,cn_public_2022_2026_cycles_1_0,public_schedule_without_transaction_override,True,376,2025-07-08,complete
2025-07-08,0.00,22050.59,2,1156048.72,last_posted_transaction_or_prior_closing_balance,synb1_txn_b1f350630aa57f869b2d4064,trusted,cn_public_2022_2026_cycles_1_0,public_schedule_without_transaction_override,True,377,2025-07-09,complete
2025-07-09,0.00,1996.85,1,1154051.87,last_posted_transaction_or_prior_closing_balance,synb1_txn_9878c8052b450d3b22e23f41,trusted,cn_public_2022_2026_cycles_1_0,public_schedule_without_transaction_override,True,378,2025-07-10,complete
2025-07-10,0.00,0.00,0,1154051.87,last_posted_transaction_or_prior_closing_balance,,trusted,cn_public_2022_2026_cycles_1_0,public_schedule_without_transaction_override,True,379,2025-07-11,complete
2025-07-11,0.00,0.00,0,1154051.87,last_posted_transaction_or_prior_closing_balance,,trusted,cn_public_2022_2026_cycles_1_0,public_schedule_without_transaction_override,True,380,2025-07-14,complete
2025-07-12,5577.64,0.00,1,1159629.51,last_posted_transaction_or_prior_closing_balance,synb1_txn_28d601249a96ba9460485e92,trusted,cn_public_2022_2026_cycles_1_0,public_schedule_without_transaction_override,False,,,complete
2025-07-13,28910.35,0.00,1,1188539.86,last_posted_transaction_or_prior_closing_balance,synb1_txn_8a8a4f2a6b685c529266e2a4,trusted,cn_public_2022_2026_cycles_1_0,public_schedule_without_transaction_override,False,,,complete
2025-07-14,1913.42,0.00,2,1190453.28,last_posted_transaction_or_prior_closing_balance,synb1_txn_5f50a4ee586448072864215d,trusted,cn_public_2022_2026_cycles_1_0,public_schedule_without_transaction_override,True,381,2025-07-15,complete
2025-07-15,0.00,4995.74,1,1185457.54,last_posted_transaction_or_prior_closing_balance,synb1_txn_9b8c6ce3668cb3a0b7137467,trusted,cn_public_2022_2026_cycles_1_0,public_schedule_without_transaction_override,True,382,2025-07-16,complete
2025-07-16,8040.32,3403.15,2,1190094.71,last_posted_transaction_or_prior_closing_balance,synb1_txn_c92ff76baad25db8e182ce7d,trusted,cn_public_2022_2026_cycles_1_0,public_schedule_without_transaction_override,True,383,2025-07-17,complete
2025-07-17,0.00,26992.63,1,1163102.08,last_posted_transaction_or_prior_closing_balance,synb1_txn_69eb42b5bf4563182da1164f,trusted,cn_public_2022_2026_cycles_1_0,public_schedule_without_transaction_override,True,384,2025-07-18,complete
2025-07-18,0.00,2875.04,2,1160227.04,last_posted_transaction_or_prior_closing_balance,synb1_txn_cf3b06b42ac0626d7bfb19b2,trusted,cn_public_2022_2026_cycles_1_0,public_schedule_without_transaction_override,True,385,2025-07-21,complete
2025-07-19,4667.91,6791.55,2,1158103.40,last_posted_transaction_or_prior_closing_balance,synb1_txn_7107db4905a70ea76e3ffda9,trusted,cn_public_2022_2026_cycles_1_0,public_schedule_without_transaction_override,False,,,complete
2025-07-20,0.00,0.00,0,1158103.40,last_posted_transaction_or_prior_closing_balance,,trusted,cn_public_2022_2026_cycles_1_0,public_schedule_without_transaction_override,False,,,complete
2025-07-21,0.00,14954.56,1,1143148.84,last_posted_transaction_or_prior_closing_balance,synb1_txn_55446b3f3d8f8b25d4b188a1,trusted,cn_public_2022_2026_cycles_1_0,public_schedule_without_transaction_override,True,386,2025-07-22,complete
2025-07-22,0.00,0.00,0,1143148.84,last_posted_transaction_or_prior_closing_balance,,trusted,cn_public_2022_2026_cycles_1_0,public_schedule_without_transaction_override,True,387,2025-07-23,complete
2025-07-23,0.00,0.00,0,1143148.84,last_posted_transaction_or_prior_closing_balance,,trusted,cn_public_2022_2026_cycles_1_0,public_schedule_without_transaction_override,True,388,2025-07-24,complete
2025-07-24,0.00,19259.73,1,1123889.11,last_posted_transaction_or_prior_closing_balance,synb1_txn_6fd5cd067fea995f1b4e3fb0,trusted,cn_public_2022_2026_cycles_1_0,public_schedule_without_transaction_override,True,389,2025-07-25,complete
2025-07-25,0.00,0.00,0,1123889.11,last_posted_transaction_or_prior_closing_balance,,trusted,cn_public_2022_2026_cycles_1_0,public_schedule_without_transaction_override,True,390,2025-07-28,complete
2025-07-26,72433.97,0.00,1,1196323.08,last_posted_transaction_or_prior_closing_balance,synb1_txn_e0874e4a11b01481197bb8da,trusted,cn_public_2022_2026_cycles_1_0,public_schedule_without_transaction_override,False,,,complete
2025-07-27,0.00,0.00,0,1196323.08,last_posted_transaction_or_prior_closing_balance,,trusted,cn_public_2022_2026_cycles_1_0,public_schedule_without_transaction_override,False,,,complete
2025-07-28,79303.19,0.00,4,1275626.27,last_posted_transaction_or_prior_closing_balance,synb1_txn_59303b84dcfbfa017af95f52,trusted,cn_public_2022_2026_cycles_1_0,public_schedule_without_transaction_override,True,391,2025-07-29,complete
2025-07-29,0.00,0.00,0,1275626.27,last_posted_transaction_or_prior_closing_balance,,trusted,cn_public_2022_2026_cycles_1_0,public_schedule_without_transaction_override,True,392,2025-07-30,complete
2025-07-30,0.00,0.00,0,1275626.27,last_posted_transaction_or_prior_closing_balance,,trusted,cn_public_2022_2026_cycles_1_0,public_schedule_without_transaction_override,True,393,2025-07-31,complete
2025-07-31,0.00,0.00,0,1275626.27,last_posted_transaction_or_prior_closing_balance,,trusted,cn_public_2022_2026_cycles_1_0,public_schedule_without_transaction_override,True,394,2025-08-01,complete
2025-08-01,0.00,0.00,0,1275626.27,last_posted_transaction_or_prior_closing_balance,,trusted,cn_public_2022_2026_cycles_1_0,public_schedule_without_transaction_override,True,395,2025-08-04,complete
2025-08-02,0.00,0.00,0,1275626.27,last_posted_transaction_or_prior_closing_balance,,trusted,cn_public_2022_2026_cycles_1_0,public_schedule_without_transaction_override,False,,,complete
2025-08-03,2176.69,0.00,1,1277802.96,last_posted_transaction_or_prior_closing_balance,synb1_txn_46d5e3d27674471d2668dfe4,trusted,cn_public_2022_2026_cycles_1_0,public_schedule_without_transaction_override,False,,,complete
2025-08-04,0.00,44524.51,1,1233278.45,last_posted_transaction_or_prior_closing_balance,synb1_txn_6ecf6ccf018bc12d9da75080,trusted,cn_public_2022_2026_cycles_1_0,public_schedule_without_transaction_override,True,396,2025-08-05,complete
2025-08-05,2766.15,7800.00,2,1228244.60,last_posted_transaction_or_prior_closing_balance,synb1_txn_18f733df642308e7c90bfb90,trusted,cn_public_2022_2026_cycles_1_0,public_schedule_without_transaction_override,True,397,2025-08-06,complete
2025-08-06,0.00,0.00,0,1228244.60,last_posted_transaction_or_prior_closing_balance,,trusted,cn_public_2022_2026_cycles_1_0,public_schedule_without_transaction_override,True,398,2025-08-07,complete
2025-08-07,6659.34,34528.25,3,1200375.69,last_posted_transaction_or_prior_closing_balance,synb1_txn_25b2f4e43db13d8aaaae7cd6,trusted,cn_public_2022_2026_cycles_1_0,public_schedule_without_transaction_override,True,399,2025-08-08,complete
2025-08-08,0.00,0.00,0,1200375.69,last_posted_transaction_or_prior_closing_balance,,trusted,cn_public_2022_2026_cycles_1_0,public_schedule_without_transaction_override,True,400,2025-08-11,complete
2025-08-09,0.00,0.00,0,1200375.69,last_posted_transaction_or_prior_closing_balance,,trusted,cn_public_2022_2026_cycles_1_0,public_schedule_without_transaction_override,False,,,complete
2025-08-10,0.00,21503.27,1,1178872.42,last_posted_transaction_or_prior_closing_balance,synb1_txn_0ce20f074c04a4a4a7ad8104,trusted,cn_public_2022_2026_cycles_1_0,public_schedule_without_transaction_override,False,,,complete
2025-08-11,0.00,0.00,0,1178872.42,last_posted_transaction_or_prior_closing_balance,,trusted,cn_public_2022_2026_cycles_1_0,public_schedule_without_transaction_override,True,401,2025-08-12,complete
2025-08-12,9096.40,5400.00,4,1182568.82,last_posted_transaction_or_prior_closing_balance,synb1_txn_e53e2ad2c0f4122524e9685d,trusted,cn_public_2022_2026_cycles_1_0,public_schedule_without_transaction_override,True,402,2025-08-13,complete
2025-08-13,0.00,0.00,0,1182568.82,last_posted_transaction_or_prior_closing_balance,,trusted,cn_public_2022_2026_cycles_1_0,public_schedule_without_transaction_override,True,403,2025-08-14,complete
2025-08-14,0.00,0.00,0,1182568.82,last_posted_transaction_or_prior_closing_balance,,trusted,cn_public_2022_2026_cycles_1_0,public_schedule_without_transaction_override,True,404,2025-08-15,complete
2025-08-15,0.00,33042.65,1,1149526.17,last_posted_transaction_or_prior_closing_balance,synb1_txn_f5b6fadf308b366034b71493,trusted,cn_public_2022_2026_cycles_1_0,public_schedule_without_transaction_override,True,405,2025-08-18,complete
2025-08-16,649.61,0.00,1,1150175.78,last_posted_transaction_or_prior_closing_balance,synb1_txn_627d8e17a0cf9ae5386c59a0,trusted,cn_public_2022_2026_cycles_1_0,public_schedule_without_transaction_override,False,,,complete
2025-08-17,0.00,0.00,0,1150175.78,last_posted_transaction_or_prior_closing_balance,,trusted,cn_public_2022_2026_cycles_1_0,public_schedule_without_transaction_override,False,,,complete
2025-08-18,19689.29,7172.73,4,1162692.34,last_posted_transaction_or_prior_closing_balance,synb1_txn_6b8118ab04b4d4fd5f717967,trusted,cn_public_2022_2026_cycles_1_0,public_schedule_without_transaction_override,True,406,2025-08-19,complete
2025-08-19,41567.10,0.00,1,1204259.44,last_posted_transaction_or_prior_closing_balance,synb1_txn_130ae96e065c6f9fe001f98a,trusted,cn_public_2022_2026_cycles_1_0,public_schedule_without_transaction_override,True,407,2025-08-20,complete
2025-08-20,46410.61,0.00,1,1250670.05,last_posted_transaction_or_prior_closing_balance,synb1_txn_5c3c16de2d97eb95e8efdeb4,trusted,cn_public_2022_2026_cycles_1_0,public_schedule_without_transaction_override,True,408,2025-08-21,complete
2025-08-21,29704.43,32577.71,2,1247796.77,last_posted_transaction_or_prior_closing_balance,synb1_txn_bae55c916c3a1d4bc438a1a7,trusted,cn_public_2022_2026_cycles_1_0,public_schedule_without_transaction_override,True,409,2025-08-22,complete
2025-08-22,0.00,0.00,0,1247796.77,last_posted_transaction_or_prior_closing_balance,,trusted,cn_public_2022_2026_cycles_1_0,public_schedule_without_transaction_override,True,410,2025-08-25,complete
2025-08-23,0.00,0.00,0,1247796.77,last_posted_transaction_or_prior_closing_balance,,trusted,cn_public_2022_2026_cycles_1_0,public_schedule_without_transaction_override,False,,,complete
2025-08-24,0.00,0.00,0,1247796.77,last_posted_transaction_or_prior_closing_balance,,trusted,cn_public_2022_2026_cycles_1_0,public_schedule_without_transaction_override,False,,,complete
2025-08-25,3189.38,0.00,2,1250986.15,last_posted_transaction_or_prior_closing_balance,synb1_txn_a9cec84d3cc6183637e7c9df,trusted,cn_public_2022_2026_cycles_1_0,public_schedule_without_transaction_override,True,411,2025-08-26,complete
2025-08-26,0.00,0.00,0,1250986.15,last_posted_transaction_or_prior_closing_balance,,trusted,cn_public_2022_2026_cycles_1_0,public_schedule_without_transaction_override,True,412,2025-08-27,complete
2025-08-27,0.00,0.00,0,1250986.15,last_posted_transaction_or_prior_closing_balance,,trusted,cn_public_2022_2026_cycles_1_0,public_schedule_without_transaction_override,True,413,2025-08-28,complete
2025-08-28,0.00,0.00,0,1250986.15,last_posted_transaction_or_prior_closing_balance,,trusted,cn_public_2022_2026_cycles_1_0,public_schedule_without_transaction_override,True,414,2025-08-29,complete
2025-08-29,0.00,0.00,0,1250986.15,last_posted_transaction_or_prior_closing_balance,,trusted,cn_public_2022_2026_cycles_1_0,public_schedule_without_transaction_override,True,415,2025-09-01,complete
2025-08-30,0.00,0.00,0,1250986.15,last_posted_transaction_or_prior_closing_balance,,trusted,cn_public_2022_2026_cycles_1_0,public_schedule_without_transaction_override,False,,,complete
2025-08-31,0.00,0.00,0,1250986.15,last_posted_transaction_or_prior_closing_balance,,trusted,cn_public_2022_2026_cycles_1_0,public_schedule_without_transaction_override,False,,,complete
2025-09-01,0.00,0.00,0,1250986.15,last_posted_transaction_or_prior_closing_balance,,trusted,cn_public_2022_2026_cycles_1_0,public_schedule_without_transaction_override,True,416,2025-09-02,complete
2025-09-02,0.00,0.00,0,1250986.15,last_posted_transaction_or_prior_closing_balance,,trusted,cn_public_2022_2026_cycles_1_0,public_schedule_without_transaction_override,True,417,2025-09-03,complete
2025-09-03,0.00,0.00,0,1250986.15,last_posted_transaction_or_prior_closing_balance,,trusted,cn_public_2022_2026_cycles_1_0,public_schedule_without_transaction_override,True,418,2025-09-04,complete
2025-09-04,0.00,0.00,0,1250986.15,last_posted_transaction_or_prior_closing_balance,,trusted,cn_public_2022_2026_cycles_1_0,public_schedule_without_transaction_override,True,419,2025-09-05,complete
2025-09-05,0.00,9517.01,2,1241469.14,last_posted_transaction_or_prior_closing_balance,synb1_txn_607396d74f4e145e2839f4a4,trusted,cn_public_2022_2026_cycles_1_0,public_schedule_without_transaction_override,True,420,2025-09-08,complete
2025-09-06,0.00,107112.46,1,1134356.68,last_posted_transaction_or_prior_closing_balance,synb1_txn_a62489f0930e6027431e1b20,trusted,cn_public_2022_2026_cycles_1_0,public_schedule_without_transaction_override,False,,,complete
2025-09-07,0.00,38550.19,3,1095806.49,last_posted_transaction_or_prior_closing_balance,synb1_txn_b6e8eb853481cdb5f5cea4cc,trusted,cn_public_2022_2026_cycles_1_0,public_schedule_without_transaction_override,False,,,complete
2025-09-08,0.00,0.00,0,1095806.49,last_posted_transaction_or_prior_closing_balance,,trusted,cn_public_2022_2026_cycles_1_0,public_schedule_without_transaction_override,True,421,2025-09-09,complete
2025-09-09,12580.82,0.00,1,1108387.31,last_posted_transaction_or_prior_closing_balance,synb1_txn_72d7f5f12322d26c06160153,trusted,cn_public_2022_2026_cycles_1_0,public_schedule_without_transaction_override,True,422,2025-09-10,complete
2025-09-10,31169.69,0.00,1,1139557.00,last_posted_transaction_or_prior_closing_balance,synb1_txn_fb2e68a6d69bc5750d2d9082,trusted,cn_public_2022_2026_cycles_1_0,public_schedule_without_transaction_override,True,423,2025-09-11,complete
2025-09-11,6161.71,1094.06,3,1144624.65,last_posted_transaction_or_prior_closing_balance,synb1_txn_bf9fa170205bed387dd12cd8,trusted,cn_public_2022_2026_cycles_1_0,public_schedule_without_transaction_override,True,424,2025-09-12,complete
2025-09-12,0.00,130.22,1,1144494.43,last_posted_transaction_or_prior_closing_balance,synb1_txn_6d3c23bb15cac6074ee09d93,trusted,cn_public_2022_2026_cycles_1_0,public_schedule_without_transaction_override,True,425,2025-09-15,complete
2025-09-13,26550.31,0.00,2,1171044.74,last_posted_transaction_or_prior_closing_balance,synb1_txn_e54c12abb2b1fbec3d853134,trusted,cn_public_2022_2026_cycles_1_0,public_schedule_without_transaction_override,False,,,complete
2025-09-14,5296.14,0.00,1,1176340.88,last_posted_transaction_or_prior_closing_balance,synb1_txn_7648cbfd6856db6c65a86597,trusted,cn_public_2022_2026_cycles_1_0,public_schedule_without_transaction_override,False,,,complete
2025-09-15,4562.78,6945.08,2,1173958.58,last_posted_transaction_or_prior_closing_balance,synb1_txn_96ba4520b7ba1f74db0bd4f2,trusted,cn_public_2022_2026_cycles_1_0,public_schedule_without_transaction_override,True,426,2025-09-16,complete
2025-09-16,0.00,0.00,0,1173958.58,last_posted_transaction_or_prior_closing_balance,,trusted,cn_public_2022_2026_cycles_1_0,public_schedule_without_transaction_override,True,427,2025-09-17,complete
2025-09-17,0.00,0.00,0,1173958.58,last_posted_transaction_or_prior_closing_balance,,trusted,cn_public_2022_2026_cycles_1_0,public_schedule_without_transaction_override,True,428,2025-09-18,complete
2025-09-18,0.00,1641.92,2,1172316.66,last_posted_transaction_or_prior_closing_balance,synb1_txn_f8e7cbeea4f743e3892658c1,trusted,cn_public_2022_2026_cycles_1_0,public_schedule_without_transaction_override,True,429,2025-09-19,complete
2025-09-19,0.00,18387.40,1,1153929.26,last_posted_transaction_or_prior_closing_balance,synb1_txn_c7d211974aa2b88d6c1ddc4e,trusted,cn_public_2022_2026_cycles_1_0,public_schedule_without_transaction_override,True,430,2025-09-22,complete
2025-09-20,0.00,2588.93,1,1151340.33,last_posted_transaction_or_prior_closing_balance,synb1_txn_4c75a44e86c8a776569d5076,trusted,cn_public_2022_2026_cycles_1_0,public_schedule_without_transaction_override,False,,,complete
2025-09-21,10700.31,0.00,2,1162040.64,last_posted_transaction_or_prior_closing_balance,synb1_txn_85d17a1410540f7123c88736,trusted,cn_public_2022_2026_cycles_1_0,public_schedule_without_transaction_override,False,,,complete
2025-09-22,8757.62,0.00,1,1170798.26,last_posted_transaction_or_prior_closing_balance,synb1_txn_a4e5f54112fba0b8ac702acb,trusted,cn_public_2022_2026_cycles_1_0,public_schedule_without_transaction_override,True,431,2025-09-23,complete
2025-09-23,0.00,0.00,0,1170798.26,last_posted_transaction_or_prior_closing_balance,,trusted,cn_public_2022_2026_cycles_1_0,public_schedule_without_transaction_override,True,432,2025-09-24,complete
2025-09-24,0.00,0.00,0,1170798.26,last_posted_transaction_or_prior_closing_balance,,trusted,cn_public_2022_2026_cycles_1_0,public_schedule_without_transaction_override,True,433,2025-09-25,complete
2025-09-25,0.00,0.00,0,1170798.26,last_posted_transaction_or_prior_closing_balance,,trusted,cn_public_2022_2026_cycles_1_0,public_schedule_without_transaction_override,True,434,2025-09-26,complete
2025-09-26,0.00,0.00,0,1170798.26,last_posted_transaction_or_prior_closing_balance,,trusted,cn_public_2022_2026_cycles_1_0,public_schedule_without_transaction_override,True,435,2025-09-28,complete
2025-09-27,44298.62,3510.33,2,1211586.55,last_posted_transaction_or_prior_closing_balance,synb1_txn_0f2ec8615d909f1aa313ed74,trusted,cn_public_2022_2026_cycles_1_0,public_schedule_without_transaction_override,False,,,complete
2025-09-28,0.00,0.00,0,1211586.55,last_posted_transaction_or_prior_closing_balance,,trusted,cn_public_2022_2026_cycles_1_0,public_schedule_without_transaction_override,True,436,2025-09-29,complete
2025-09-29,0.00,0.00,0,1211586.55,last_posted_transaction_or_prior_closing_balance,,trusted,cn_public_2022_2026_cycles_1_0,public_schedule_without_transaction_override,True,437,2025-09-30,complete
2025-09-30,0.00,0.00,0,1211586.55,last_posted_transaction_or_prior_closing_balance,,trusted,cn_public_2022_2026_cycles_1_0,public_schedule_without_transaction_override,True,438,2025-10-09,complete
2025-10-01,0.00,0.00,0,1211586.55,last_posted_transaction_or_prior_closing_balance,,trusted,cn_public_2022_2026_cycles_1_0,public_schedule_without_transaction_override,False,,,complete
2025-10-02,898.69,264.24,2,1212221.00,last_posted_transaction_or_prior_closing_balance,synb1_txn_86f92a8a927d11dc4adc33a1,trusted,cn_public_2022_2026_cycles_1_0,public_schedule_without_transaction_override,False,,,complete
2025-10-03,4878.44,1859.80,2,1215239.64,last_posted_transaction_or_prior_closing_balance,synb1_txn_bb05a4244c113e951bd9472d,trusted,cn_public_2022_2026_cycles_1_0,public_schedule_without_transaction_override,False,,,complete
2025-10-04,0.00,0.00,0,1215239.64,last_posted_transaction_or_prior_closing_balance,,trusted,cn_public_2022_2026_cycles_1_0,public_schedule_without_transaction_override,False,,,complete
2025-10-05,0.00,7800.00,1,1207439.64,last_posted_transaction_or_prior_closing_balance,synb1_txn_3aabfbc9b744e8c8a179e4e4,trusted,cn_public_2022_2026_cycles_1_0,public_schedule_without_transaction_override,False,,,complete
2025-10-06,0.00,4832.79,1,1202606.85,last_posted_transaction_or_prior_closing_balance,synb1_txn_3e0a5a84f317d812aa6966e4,trusted,cn_public_2022_2026_cycles_1_0,public_schedule_without_transaction_override,False,,,complete
2025-10-07,0.00,26500.00,1,1176106.85,last_posted_transaction_or_prior_closing_balance,synb1_txn_439b4db871eaf832b855cd34,trusted,cn_public_2022_2026_cycles_1_0,public_schedule_without_transaction_override,False,,,complete
2025-10-08,0.00,20715.04,1,1155391.81,last_posted_transaction_or_prior_closing_balance,synb1_txn_91636842029d35871588cf6c,trusted,cn_public_2022_2026_cycles_1_0,public_schedule_without_transaction_override,False,,,complete
2025-10-09,6972.97,0.00,1,1162364.78,last_posted_transaction_or_prior_closing_balance,synb1_txn_d30eaa25ad3989ec7061ce0c,trusted,cn_public_2022_2026_cycles_1_0,public_schedule_without_transaction_override,True,439,2025-10-10,complete
2025-10-10,0.00,0.00,0,1162364.78,last_posted_transaction_or_prior_closing_balance,,trusted,cn_public_2022_2026_cycles_1_0,public_schedule_without_transaction_override,True,440,2025-10-11,complete
2025-10-11,0.00,0.00,0,1162364.78,last_posted_transaction_or_prior_closing_balance,,trusted,cn_public_2022_2026_cycles_1_0,public_schedule_without_transaction_override,True,441,2025-10-13,complete
2025-10-12,0.00,0.00,0,1162364.78,last_posted_transaction_or_prior_closing_balance,,trusted,cn_public_2022_2026_cycles_1_0,public_schedule_without_transaction_override,False,,,complete
2025-10-13,0.00,12254.82,2,1150109.96,last_posted_transaction_or_prior_closing_balance,synb1_txn_5fff9ee3490fc3e375ee3301,trusted,cn_public_2022_2026_cycles_1_0,public_schedule_without_transaction_override,True,442,2025-10-14,complete
2025-10-14,24234.23,3952.65,2,1170391.54,last_posted_transaction_or_prior_closing_balance,synb1_txn_3de34b1d56b5ff048b791c19,trusted,cn_public_2022_2026_cycles_1_0,public_schedule_without_transaction_override,True,443,2025-10-15,complete
2025-10-15,0.00,0.00,0,1170391.54,last_posted_transaction_or_prior_closing_balance,,trusted,cn_public_2022_2026_cycles_1_0,public_schedule_without_transaction_override,True,444,2025-10-16,complete
2025-10-16,0.00,0.00,0,1170391.54,last_posted_transaction_or_prior_closing_balance,,trusted,cn_public_2022_2026_cycles_1_0,public_schedule_without_transaction_override,True,445,2025-10-17,complete
2025-10-17,0.00,0.00,0,1170391.54,last_posted_transaction_or_prior_closing_balance,,trusted,cn_public_2022_2026_cycles_1_0,public_schedule_without_transaction_override,True,446,2025-10-20,complete
2025-10-18,0.00,0.00,0,1170391.54,last_posted_transaction_or_prior_closing_balance,,trusted,cn_public_2022_2026_cycles_1_0,public_schedule_without_transaction_override,False,,,complete
2025-10-19,0.00,0.00,0,1170391.54,last_posted_transaction_or_prior_closing_balance,,trusted,cn_public_2022_2026_cycles_1_0,public_schedule_without_transaction_override,False,,,complete
2025-10-20,14519.77,1747.20,3,1183164.11,last_posted_transaction_or_prior_closing_balance,synb1_txn_6be6eb85228eb30af24b1f6a,trusted,cn_public_2022_2026_cycles_1_0,public_schedule_without_transaction_override,True,447,2025-10-21,complete
2025-10-21,23535.50,8187.75,3,1198511.86,last_posted_transaction_or_prior_closing_balance,synb1_txn_9a34b87c21d59ab2d8cdc78b,trusted,cn_public_2022_2026_cycles_1_0,public_schedule_without_transaction_override,True,448,2025-10-22,complete
2025-10-22,0.00,0.00,0,1198511.86,last_posted_transaction_or_prior_closing_balance,,trusted,cn_public_2022_2026_cycles_1_0,public_schedule_without_transaction_override,True,449,2025-10-23,complete
2025-10-23,975.78,86248.86,2,1113238.78,last_posted_transaction_or_prior_closing_balance,synb1_txn_917d52907e7bf5c53a0c38f3,trusted,cn_public_2022_2026_cycles_1_0,public_schedule_without_transaction_override,True,450,2025-10-24,complete
2025-10-24,39179.66,61097.65,2,1091320.79,last_posted_transaction_or_prior_closing_balance,synb1_txn_d80248712f007794a419652a,trusted,cn_public_2022_2026_cycles_1_0,public_schedule_without_transaction_override,True,451,2025-10-27,complete
2025-10-25,60.35,15166.15,2,1076214.99,last_posted_transaction_or_prior_closing_balance,synb1_txn_e4e7a73dc91a90ea85026445,trusted,cn_public_2022_2026_cycles_1_0,public_schedule_without_transaction_override,False,,,complete
2025-10-26,70085.61,3005.21,3,1143295.39,last_posted_transaction_or_prior_closing_balance,synb1_txn_adcc32a5e90c9fdacceab9b1,trusted,cn_public_2022_2026_cycles_1_0,public_schedule_without_transaction_override,False,,,complete
2025-10-27,0.00,0.00,0,1143295.39,last_posted_transaction_or_prior_closing_balance,,trusted,cn_public_2022_2026_cycles_1_0,public_schedule_without_transaction_override,True,452,2025-10-28,complete
2025-10-28,0.00,0.00,0,1143295.39,last_posted_transaction_or_prior_closing_balance,,trusted,cn_public_2022_2026_cycles_1_0,public_schedule_without_transaction_override,True,453,2025-10-29,complete
2025-10-29,0.00,0.00,0,1143295.39,last_posted_transaction_or_prior_closing_balance,,trusted,cn_public_2022_2026_cycles_1_0,public_schedule_without_transaction_override,True,454,2025-10-30,complete
2025-10-30,0.00,0.00,0,1143295.39,last_posted_transaction_or_prior_closing_balance,,trusted,cn_public_2022_2026_cycles_1_0,public_schedule_without_transaction_override,True,455,2025-10-31,complete
2025-10-31,0.00,0.00,0,1143295.39,last_posted_transaction_or_prior_closing_balance,,trusted,cn_public_2022_2026_cycles_1_0,public_schedule_without_transaction_override,True,456,2025-11-03,complete
2025-11-01,0.00,0.00,0,1143295.39,last_posted_transaction_or_prior_closing_balance,,trusted,cn_public_2022_2026_cycles_1_0,public_schedule_without_transaction_override,False,,,complete
2025-11-02,12333.23,13448.11,4,1142180.51,last_posted_transaction_or_prior_closing_balance,synb1_txn_41b1c1bc8160931b13917e3d,trusted,cn_public_2022_2026_cycles_1_0,public_schedule_without_transaction_override,False,,,complete
2025-11-03,0.00,0.00,0,1142180.51,last_posted_transaction_or_prior_closing_balance,,trusted,cn_public_2022_2026_cycles_1_0,public_schedule_without_transaction_override,True,457,2025-11-04,complete
2025-11-04,0.00,0.00,0,1142180.51,last_posted_transaction_or_prior_closing_balance,,trusted,cn_public_2022_2026_cycles_1_0,public_schedule_without_transaction_override,True,458,2025-11-05,complete
2025-11-05,5778.75,7800.00,2,1140159.26,last_posted_transaction_or_prior_closing_balance,synb1_txn_8250d6badc4e0539ae06b70f,trusted,cn_public_2022_2026_cycles_1_0,public_schedule_without_transaction_override,True,459,2025-11-06,complete
2025-11-06,20757.87,0.00,1,1160917.13,last_posted_transaction_or_prior_closing_balance,synb1_txn_ebd0bb3e553b14acee257a4e,trusted,cn_public_2022_2026_cycles_1_0,public_schedule_without_transaction_override,True,460,2025-11-07,complete
2025-11-07,0.00,50303.85,2,1110613.28,last_posted_transaction_or_prior_closing_balance,synb1_txn_8cc80cf6593a0abe5b3f3678,trusted,cn_public_2022_2026_cycles_1_0,public_schedule_without_transaction_override,True,461,2025-11-10,complete
2025-11-08,0.00,0.00,0,1110613.28,last_posted_transaction_or_prior_closing_balance,,trusted,cn_public_2022_2026_cycles_1_0,public_schedule_without_transaction_override,False,,,complete
2025-11-09,5692.76,0.00,2,1116306.04,last_posted_transaction_or_prior_closing_balance,synb1_txn_615cb9d346aa496c76d66764,trusted,cn_public_2022_2026_cycles_1_0,public_schedule_without_transaction_override,False,,,complete
2025-11-10,51606.05,587.22,2,1167324.87,last_posted_transaction_or_prior_closing_balance,synb1_txn_e8168b743a1a5dcf459e115c,trusted,cn_public_2022_2026_cycles_1_0,public_schedule_without_transaction_override,True,462,2025-11-11,complete
2025-11-11,0.00,91104.31,1,1076220.56,last_posted_transaction_or_prior_closing_balance,synb1_txn_dbb9429ab8e6690d16a38682,trusted,cn_public_2022_2026_cycles_1_0,public_schedule_without_transaction_override,True,463,2025-11-12,complete
2025-11-12,3322.00,3536.18,2,1076006.38,last_posted_transaction_or_prior_closing_balance,synb1_txn_ffd80a0e9e5b34d2a448ec72,trusted,cn_public_2022_2026_cycles_1_0,public_schedule_without_transaction_override,True,464,2025-11-13,complete
2025-11-13,0.00,0.00,0,1076006.38,last_posted_transaction_or_prior_closing_balance,,trusted,cn_public_2022_2026_cycles_1_0,public_schedule_without_transaction_override,True,465,2025-11-14,complete
2025-11-14,53407.00,0.00,2,1129413.38,last_posted_transaction_or_prior_closing_balance,synb1_txn_219f76bb5bdc59adbdb68762,trusted,cn_public_2022_2026_cycles_1_0,public_schedule_without_transaction_override,True,466,2025-11-17,complete
2025-11-15,0.00,0.00,0,1129413.38,last_posted_transaction_or_prior_closing_balance,,trusted,cn_public_2022_2026_cycles_1_0,public_schedule_without_transaction_override,False,,,complete
2025-11-16,9464.25,0.00,1,1138877.63,last_posted_transaction_or_prior_closing_balance,synb1_txn_d72584ba5131b10dff2c0348,trusted,cn_public_2022_2026_cycles_1_0,public_schedule_without_transaction_override,False,,,complete
2025-11-17,0.00,8906.39,1,1129971.24,last_posted_transaction_or_prior_closing_balance,synb1_txn_7632c17238b5ceb66fb4282f,trusted,cn_public_2022_2026_cycles_1_0,public_schedule_without_transaction_override,True,467,2025-11-18,complete
2025-11-18,0.00,2635.36,2,1127335.88,last_posted_transaction_or_prior_closing_balance,synb1_txn_0bd97f0172f7c45125b09ae8,trusted,cn_public_2022_2026_cycles_1_0,public_schedule_without_transaction_override,True,468,2025-11-19,complete
2025-11-19,0.00,3324.20,1,1124011.68,last_posted_transaction_or_prior_closing_balance,synb1_txn_0a9f326dd62e34007a7f2c7b,trusted,cn_public_2022_2026_cycles_1_0,public_schedule_without_transaction_override,True,469,2025-11-20,complete
2025-11-20,6795.30,0.00,2,1130806.98,last_posted_transaction_or_prior_closing_balance,synb1_txn_3b65f351a87e23dad1162eed,trusted,cn_public_2022_2026_cycles_1_0,public_schedule_without_transaction_override,True,470,2025-11-21,complete
2025-11-21,10860.07,16087.97,4,1125579.08,last_posted_transaction_or_prior_closing_balance,synb1_txn_ef73eda075126c48b19cbfbc,trusted,cn_public_2022_2026_cycles_1_0,public_schedule_without_transaction_override,True,471,2025-11-24,complete
2025-11-22,11645.55,0.00,1,1137224.63,last_posted_transaction_or_prior_closing_balance,synb1_txn_4ffcb72794cf192d0dd86ba1,trusted,cn_public_2022_2026_cycles_1_0,public_schedule_without_transaction_override,False,,,complete
2025-11-23,0.00,5783.21,1,1131441.42,last_posted_transaction_or_prior_closing_balance,synb1_txn_15680cc70034eddf2a9232b9,trusted,cn_public_2022_2026_cycles_1_0,public_schedule_without_transaction_override,False,,,complete
2025-11-24,0.00,18104.32,2,1113337.10,last_posted_transaction_or_prior_closing_balance,synb1_txn_09b8c706c0d514be3b8573c9,trusted,cn_public_2022_2026_cycles_1_0,public_schedule_without_transaction_override,True,472,2025-11-25,complete
2025-11-25,0.00,0.00,0,1113337.10,last_posted_transaction_or_prior_closing_balance,,trusted,cn_public_2022_2026_cycles_1_0,public_schedule_without_transaction_override,True,473,2025-11-26,complete
2025-11-26,21733.17,0.00,1,1135070.27,last_posted_transaction_or_prior_closing_balance,synb1_txn_56dc119f382e4d3ee7176727,trusted,cn_public_2022_2026_cycles_1_0,public_schedule_without_transaction_override,True,474,2025-11-27,complete
2025-11-27,0.00,0.00,0,1135070.27,last_posted_transaction_or_prior_closing_balance,,trusted,cn_public_2022_2026_cycles_1_0,public_schedule_without_transaction_override,True,475,2025-11-28,complete
2025-11-28,0.00,0.00,0,1135070.27,last_posted_transaction_or_prior_closing_balance,,trusted,cn_public_2022_2026_cycles_1_0,public_schedule_without_transaction_override,True,476,2025-12-01,complete
2025-11-29,0.00,0.00,0,1135070.27,last_posted_transaction_or_prior_closing_balance,,trusted,cn_public_2022_2026_cycles_1_0,public_schedule_without_transaction_override,False,,,complete
2025-11-30,0.00,0.00,0,1135070.27,last_posted_transaction_or_prior_closing_balance,,trusted,cn_public_2022_2026_cycles_1_0,public_schedule_without_transaction_override,False,,,complete
2025-12-01,0.00,0.00,0,1135070.27,last_posted_transaction_or_prior_closing_balance,,trusted,cn_public_2022_2026_cycles_1_0,public_schedule_without_transaction_override,True,477,2025-12-02,complete
2025-12-02,0.00,32872.59,1,1102197.68,last_posted_transaction_or_prior_closing_balance,synb1_txn_5685b01145db2d85c37b6423,trusted,cn_public_2022_2026_cycles_1_0,public_schedule_without_transaction_override,True,478,2025-12-03,complete
2025-12-03,0.00,0.00,0,1102197.68,last_posted_transaction_or_prior_closing_balance,,trusted,cn_public_2022_2026_cycles_1_0,public_schedule_without_transaction_override,True,479,2025-12-04,complete
2025-12-04,0.00,0.00,0,1102197.68,last_posted_transaction_or_prior_closing_balance,,trusted,cn_public_2022_2026_cycles_1_0,public_schedule_without_transaction_override,True,480,2025-12-05,complete
2025-12-05,0.00,14178.78,3,1088018.90,last_posted_transaction_or_prior_closing_balance,synb1_txn_e4d2ed67a17871e30665e09a,trusted,cn_public_2022_2026_cycles_1_0,public_schedule_without_transaction_override,True,481,2025-12-08,complete
2025-12-06,0.00,0.00,0,1088018.90,last_posted_transaction_or_prior_closing_balance,,trusted,cn_public_2022_2026_cycles_1_0,public_schedule_without_transaction_override,False,,,complete
2025-12-07,0.00,26500.00,1,1061518.90,last_posted_transaction_or_prior_closing_balance,synb1_txn_53b8a9d46300b1bbbadf39fa,trusted,cn_public_2022_2026_cycles_1_0,public_schedule_without_transaction_override,False,,,complete
2025-12-08,0.00,0.00,0,1061518.90,last_posted_transaction_or_prior_closing_balance,,trusted,cn_public_2022_2026_cycles_1_0,public_schedule_without_transaction_override,True,482,2025-12-09,complete
2025-12-09,0.00,0.00,0,1061518.90,last_posted_transaction_or_prior_closing_balance,,trusted,cn_public_2022_2026_cycles_1_0,public_schedule_without_transaction_override,True,483,2025-12-10,complete
2025-12-10,0.00,116.80,1,1061402.10,last_posted_transaction_or_prior_closing_balance,synb1_txn_67c675c4399b1ed0f93aaed7,trusted,cn_public_2022_2026_cycles_1_0,public_schedule_without_transaction_override,True,484,2025-12-11,complete
2025-12-11,13910.16,0.00,1,1075312.26,last_posted_transaction_or_prior_closing_balance,synb1_txn_6a34416f952d099869e33674,trusted,cn_public_2022_2026_cycles_1_0,public_schedule_without_transaction_override,True,485,2025-12-12,complete
2025-12-12,21776.14,18757.61,2,1078330.79,last_posted_transaction_or_prior_closing_balance,synb1_txn_770514107eff7e8843d0372c,trusted,cn_public_2022_2026_cycles_1_0,public_schedule_without_transaction_override,True,486,2025-12-15,complete
2025-12-13,1328.71,12437.96,2,1067221.54,last_posted_transaction_or_prior_closing_balance,synb1_txn_332cf68cbd9619c43d6962ae,trusted,cn_public_2022_2026_cycles_1_0,public_schedule_without_transaction_override,False,,,complete
2025-12-14,0.00,44.01,1,1067177.53,last_posted_transaction_or_prior_closing_balance,synb1_txn_d095c4d8296e11d7fe4ed563,trusted,cn_public_2022_2026_cycles_1_0,public_schedule_without_transaction_override,False,,,complete
2025-12-15,0.00,4391.16,1,1062786.37,last_posted_transaction_or_prior_closing_balance,synb1_txn_382c12ba6eb4186a815adbb5,trusted,cn_public_2022_2026_cycles_1_0,public_schedule_without_transaction_override,True,487,2025-12-16,complete
2025-12-16,14145.14,0.00,1,1076931.51,last_posted_transaction_or_prior_closing_balance,synb1_txn_d868b88e80f8c526a0a58960,trusted,cn_public_2022_2026_cycles_1_0,public_schedule_without_transaction_override,True,488,2025-12-17,complete
2025-12-17,14390.42,1849.68,2,1089472.25,last_posted_transaction_or_prior_closing_balance,synb1_txn_ba8e4a069bfa8a5d99a580d5,trusted,cn_public_2022_2026_cycles_1_0,public_schedule_without_transaction_override,True,489,2025-12-18,complete
2025-12-18,0.00,3872.65,3,1085599.60,last_posted_transaction_or_prior_closing_balance,synb1_txn_df74a880a2b16fb1abab2ad8,trusted,cn_public_2022_2026_cycles_1_0,public_schedule_without_transaction_override,True,490,2025-12-19,complete
2025-12-19,0.00,0.00,0,1085599.60,last_posted_transaction_or_prior_closing_balance,,trusted,cn_public_2022_2026_cycles_1_0,public_schedule_without_transaction_override,True,491,2025-12-22,complete
2025-12-20,14905.80,7702.14,2,1092803.26,last_posted_transaction_or_prior_closing_balance,synb1_txn_599cb6b36d11cdc2586a612a,trusted,cn_public_2022_2026_cycles_1_0,public_schedule_without_transaction_override,False,,,complete
2025-12-21,44421.07,0.00,2,1137224.33,last_posted_transaction_or_prior_closing_balance,synb1_txn_33eb5f9403c5d27d585b02b6,trusted,cn_public_2022_2026_cycles_1_0,public_schedule_without_transaction_override,False,,,complete
2025-12-22,0.00,334.18,1,1136890.15,last_posted_transaction_or_prior_closing_balance,synb1_txn_8c6ba650cc806ec8a70e613a,trusted,cn_public_2022_2026_cycles_1_0,public_schedule_without_transaction_override,True,492,2025-12-23,complete
2025-12-23,0.00,62591.04,1,1074299.11,last_posted_transaction_or_prior_closing_balance,synb1_txn_b115d84c5dd0e7172f443b2b,trusted,cn_public_2022_2026_cycles_1_0,public_schedule_without_transaction_override,True,493,2025-12-24,complete
2025-12-24,0.00,0.00,0,1074299.11,last_posted_transaction_or_prior_closing_balance,,trusted,cn_public_2022_2026_cycles_1_0,public_schedule_without_transaction_override,True,494,2025-12-25,complete
2025-12-25,49089.02,0.00,2,1123388.13,last_posted_transaction_or_prior_closing_balance,synb1_txn_de890566db86545dced6a695,trusted,cn_public_2022_2026_cycles_1_0,public_schedule_without_transaction_override,True,495,2025-12-26,complete
2025-12-26,0.00,0.00,0,1123388.13,last_posted_transaction_or_prior_closing_balance,,trusted,cn_public_2022_2026_cycles_1_0,public_schedule_without_transaction_override,True,496,2025-12-29,complete
2025-12-27,12271.54,55.69,2,1135603.98,last_posted_transaction_or_prior_closing_balance,synb1_txn_8009fd2c8604708f9d461eb0,trusted,cn_public_2022_2026_cycles_1_0,public_schedule_without_transaction_override,False,,,complete
2025-12-28,0.00,46593.31,2,1089010.67,last_posted_transaction_or_prior_closing_balance,synb1_txn_4529f5a637b3a510ff8c9d7f,trusted,cn_public_2022_2026_cycles_1_0,public_schedule_without_transaction_override,False,,,complete
2025-12-29,0.00,0.00,0,1089010.67,last_posted_transaction_or_prior_closing_balance,,trusted,cn_public_2022_2026_cycles_1_0,public_schedule_without_transaction_override,True,497,2025-12-30,complete
2025-12-30,0.00,0.00,0,1089010.67,last_posted_transaction_or_prior_closing_balance,,trusted,cn_public_2022_2026_cycles_1_0,public_schedule_without_transaction_override,True,498,2025-12-31,complete
2025-12-31,0.00,0.00,0,1089010.67,last_posted_transaction_or_prior_closing_balance,,trusted,cn_public_2022_2026_cycles_1_0,public_schedule_without_transaction_override,True,499,2026-01-04,complete
