calendar_date,inflow_cny,outflow_cny,transaction_count,ending_balance_cny,day_cut_basis,source_last_transaction_id,reconciliation_status,calendar_source,calendar_inference_status,is_bank_workday,business_step,target_date,execution_status
2025-01-01,77649051.76,0.00,1,77649051.76,last_posted_transaction_or_prior_closing_balance,synb1_txn_86ab7ec51747bad6c52d7a62,trusted,historical_transaction_override,historical_transaction_override,True,1,2025-01-02,complete
2025-01-02,0.00,0.00,0,77649051.76,last_posted_transaction_or_prior_closing_balance,,trusted,weekday_rule,base_calendar,True,2,2025-01-03,complete
2025-01-03,0.00,0.00,0,77649051.76,last_posted_transaction_or_prior_closing_balance,,trusted,weekday_rule,base_calendar,True,3,2025-01-06,complete
2025-01-04,0.00,0.00,0,77649051.76,last_posted_transaction_or_prior_closing_balance,,trusted,weekday_rule,base_calendar,False,,,complete
2025-01-05,0.00,0.00,0,77649051.76,last_posted_transaction_or_prior_closing_balance,,trusted,weekday_rule,base_calendar,False,,,complete
2025-01-06,0.00,0.00,0,77649051.76,last_posted_transaction_or_prior_closing_balance,,trusted,weekday_rule,base_calendar,True,4,2025-01-07,complete
2025-01-07,0.00,0.00,0,77649051.76,last_posted_transaction_or_prior_closing_balance,,trusted,weekday_rule,base_calendar,True,5,2025-01-08,complete
2025-01-08,0.00,0.00,0,77649051.76,last_posted_transaction_or_prior_closing_balance,,trusted,weekday_rule,base_calendar,True,6,2025-01-09,complete
2025-01-09,0.00,0.00,0,77649051.76,last_posted_transaction_or_prior_closing_balance,,trusted,weekday_rule,base_calendar,True,7,2025-01-10,complete
2025-01-10,0.00,0.00,0,77649051.76,last_posted_transaction_or_prior_closing_balance,,trusted,weekday_rule,base_calendar,True,8,2025-01-13,complete
2025-01-11,0.00,0.00,0,77649051.76,last_posted_transaction_or_prior_closing_balance,,trusted,weekday_rule,base_calendar,False,,,complete
2025-01-12,0.00,0.00,0,77649051.76,last_posted_transaction_or_prior_closing_balance,,trusted,weekday_rule,base_calendar,False,,,complete
2025-01-13,0.00,0.00,0,77649051.76,last_posted_transaction_or_prior_closing_balance,,trusted,weekday_rule,base_calendar,True,9,2025-01-14,complete
2025-01-14,0.00,0.00,0,77649051.76,last_posted_transaction_or_prior_closing_balance,,trusted,weekday_rule,base_calendar,True,10,2025-01-15,complete
2025-01-15,0.00,303971.26,1,77345080.50,last_posted_transaction_or_prior_closing_balance,synb1_txn_71e94542c0b37f0b6e565fd2,trusted,weekday_rule,base_calendar,True,11,2025-01-16,complete
2025-01-16,0.00,0.00,0,77345080.50,last_posted_transaction_or_prior_closing_balance,,trusted,weekday_rule,base_calendar,True,12,2025-01-17,complete
2025-01-17,0.00,0.00,0,77345080.50,last_posted_transaction_or_prior_closing_balance,,trusted,weekday_rule,base_calendar,True,13,2025-01-19,complete
2025-01-18,0.00,0.00,0,77345080.50,last_posted_transaction_or_prior_closing_balance,,trusted,weekday_rule,base_calendar,False,,,complete
2025-01-19,0.00,4268022.75,1,73077057.75,last_posted_transaction_or_prior_closing_balance,synb1_txn_91689f407fb4975c1836de8c,trusted,historical_transaction_override,historical_transaction_override,True,14,2025-01-20,complete
2025-01-20,0.00,2958450.00,1,70118607.75,last_posted_transaction_or_prior_closing_balance,synb1_txn_425cbe33073b7fbfb2078df6,trusted,weekday_rule,base_calendar,True,15,2025-01-21,complete
2025-01-21,0.00,103179.63,1,70015428.12,last_posted_transaction_or_prior_closing_balance,synb1_txn_92ac36b0e9a7aac197210e89,trusted,weekday_rule,base_calendar,True,16,2025-01-22,complete
2025-01-22,0.00,118300.80,1,69897127.32,last_posted_transaction_or_prior_closing_balance,synb1_txn_31d3e76c2b753059fabd0bbc,trusted,weekday_rule,base_calendar,True,17,2025-01-23,complete
2025-01-23,0.00,0.00,0,69897127.32,last_posted_transaction_or_prior_closing_balance,,trusted,weekday_rule,base_calendar,True,18,2025-01-24,complete
2025-01-24,0.00,5353138.67,2,64543988.65,last_posted_transaction_or_prior_closing_balance,synb1_txn_a204923751b9048445efecb3,trusted,weekday_rule,base_calendar,True,19,2025-01-26,complete
2025-01-25,0.00,0.00,0,64543988.65,last_posted_transaction_or_prior_closing_balance,,trusted,weekday_rule,base_calendar,False,,,complete
2025-01-26,0.00,0.00,0,64543988.65,last_posted_transaction_or_prior_closing_balance,,trusted,gov_cn_2025_holiday_schedule_v1,base_calendar,True,20,2025-01-27,complete
2025-01-27,0.00,0.00,0,64543988.65,last_posted_transaction_or_prior_closing_balance,,trusted,weekday_rule,base_calendar,True,21,2025-01-28,complete
2025-01-28,0.00,4859606.42,1,59684382.23,last_posted_transaction_or_prior_closing_balance,synb1_txn_cd8bfdb09e5b982b212fac65,trusted,historical_transaction_override,historical_transaction_override,True,22,2025-01-29,complete
2025-01-29,0.00,5021593.30,1,54662788.93,last_posted_transaction_or_prior_closing_balance,synb1_txn_58c2ca49f72aa14fc5814722,trusted,historical_transaction_override,historical_transaction_override,True,23,2025-02-01,complete
2025-01-30,0.00,0.00,0,54662788.93,last_posted_transaction_or_prior_closing_balance,,trusted,gov_cn_2025_holiday_schedule_v1,base_calendar,False,,,complete
2025-01-31,0.00,0.00,0,54662788.93,last_posted_transaction_or_prior_closing_balance,,trusted,gov_cn_2025_holiday_schedule_v1,base_calendar,False,,,complete
2025-02-01,0.00,10146527.24,2,44516261.69,last_posted_transaction_or_prior_closing_balance,synb1_txn_dd26576859e9fc360a473f72,trusted,historical_transaction_override,historical_transaction_override,True,24,2025-02-02,complete
2025-02-02,0.00,115127.97,1,44401133.72,last_posted_transaction_or_prior_closing_balance,synb1_txn_cb799745ff216cd8a24a9c99,trusted,historical_transaction_override,historical_transaction_override,True,25,2025-02-05,complete
2025-02-03,0.00,0.00,0,44401133.72,last_posted_transaction_or_prior_closing_balance,,trusted,gov_cn_2025_holiday_schedule_v1,base_calendar,False,,,complete
2025-02-04,0.00,0.00,0,44401133.72,last_posted_transaction_or_prior_closing_balance,,trusted,gov_cn_2025_holiday_schedule_v1,base_calendar,False,,,complete
2025-02-05,0.00,0.00,0,44401133.72,last_posted_transaction_or_prior_closing_balance,,trusted,weekday_rule,base_calendar,True,26,2025-02-06,complete
2025-02-06,0.00,0.00,0,44401133.72,last_posted_transaction_or_prior_closing_balance,,trusted,weekday_rule,base_calendar,True,27,2025-02-07,complete
2025-02-07,0.00,0.00,0,44401133.72,last_posted_transaction_or_prior_closing_balance,,trusted,weekday_rule,base_calendar,True,28,2025-02-08,complete
2025-02-08,0.00,9108794.71,1,35292339.01,last_posted_transaction_or_prior_closing_balance,synb1_txn_d9c5e8b2c1aca69d4917abe4,trusted,gov_cn_2025_holiday_schedule_v1,base_calendar,True,29,2025-02-10,complete
2025-02-09,0.00,0.00,0,35292339.01,last_posted_transaction_or_prior_closing_balance,,trusted,weekday_rule,base_calendar,False,,,complete
2025-02-10,0.00,0.00,0,35292339.01,last_posted_transaction_or_prior_closing_balance,,trusted,weekday_rule,base_calendar,True,30,2025-02-11,complete
2025-02-11,6314985.35,0.00,2,41607324.36,last_posted_transaction_or_prior_closing_balance,synb1_txn_b60eae4973880f46b451d7ff,trusted,weekday_rule,base_calendar,True,31,2025-02-12,complete
2025-02-12,0.00,0.00,0,41607324.36,last_posted_transaction_or_prior_closing_balance,,trusted,weekday_rule,base_calendar,True,32,2025-02-13,complete
2025-02-13,0.00,0.00,0,41607324.36,last_posted_transaction_or_prior_closing_balance,,trusted,weekday_rule,base_calendar,True,33,2025-02-14,complete
2025-02-14,0.00,0.00,0,41607324.36,last_posted_transaction_or_prior_closing_balance,,trusted,weekday_rule,base_calendar,True,34,2025-02-15,complete
2025-02-15,3147265.70,303971.26,2,44450618.80,last_posted_transaction_or_prior_closing_balance,synb1_txn_d9f8a11be401c0a8901b6be4,trusted,historical_transaction_override,historical_transaction_override,True,35,2025-02-16,complete
2025-02-16,0.00,16474054.72,3,27976564.08,last_posted_transaction_or_prior_closing_balance,synb1_txn_bf4c641c858394b1cb1f04c3,trusted,historical_transaction_override,historical_transaction_override,True,36,2025-02-17,complete
2025-02-17,3583726.15,0.00,1,31560290.23,last_posted_transaction_or_prior_closing_balance,synb1_txn_62cb97fcc3f0e7cc5d0a9f9d,trusted,weekday_rule,base_calendar,True,37,2025-02-18,complete
2025-02-18,0.00,0.00,0,31560290.23,last_posted_transaction_or_prior_closing_balance,,trusted,weekday_rule,base_calendar,True,38,2025-02-19,complete
2025-02-19,0.00,0.00,0,31560290.23,last_posted_transaction_or_prior_closing_balance,,trusted,weekday_rule,base_calendar,True,39,2025-02-20,complete
2025-02-20,0.00,0.00,0,31560290.23,last_posted_transaction_or_prior_closing_balance,,trusted,weekday_rule,base_calendar,True,40,2025-02-21,complete
2025-02-21,0.00,0.00,0,31560290.23,last_posted_transaction_or_prior_closing_balance,,trusted,weekday_rule,base_calendar,True,41,2025-02-24,complete
2025-02-22,0.00,0.00,0,31560290.23,last_posted_transaction_or_prior_closing_balance,,trusted,weekday_rule,base_calendar,False,,,complete
2025-02-23,0.00,0.00,0,31560290.23,last_posted_transaction_or_prior_closing_balance,,trusted,weekday_rule,base_calendar,False,,,complete
2025-02-24,0.00,0.00,0,31560290.23,last_posted_transaction_or_prior_closing_balance,,trusted,weekday_rule,base_calendar,True,42,2025-02-25,complete
2025-02-25,0.00,107110.81,1,31453179.42,last_posted_transaction_or_prior_closing_balance,synb1_txn_84ab70127e67aef964410057,trusted,weekday_rule,base_calendar,True,43,2025-02-26,complete
2025-02-26,0.00,0.00,0,31453179.42,last_posted_transaction_or_prior_closing_balance,,trusted,weekday_rule,base_calendar,True,44,2025-02-27,complete
2025-02-27,0.00,0.00,0,31453179.42,last_posted_transaction_or_prior_closing_balance,,trusted,weekday_rule,base_calendar,True,45,2025-02-28,complete
2025-02-28,0.00,765642.30,2,30687537.12,last_posted_transaction_or_prior_closing_balance,synb1_txn_d640f09872a864e626c1ce39,trusted,weekday_rule,base_calendar,True,46,2025-03-01,complete
2025-03-01,0.00,98334.96,1,30589202.16,last_posted_transaction_or_prior_closing_balance,synb1_txn_70bde28ab996c5aa06a3e112,trusted,historical_transaction_override,historical_transaction_override,True,47,2025-03-02,complete
2025-03-02,0.00,125688.09,1,30463514.07,last_posted_transaction_or_prior_closing_balance,synb1_txn_34140a5c1723c05b48d69068,trusted,historical_transaction_override,historical_transaction_override,True,48,2025-03-03,complete
2025-03-03,0.00,0.00,0,30463514.07,last_posted_transaction_or_prior_closing_balance,,trusted,weekday_rule,base_calendar,True,49,2025-03-04,complete
2025-03-04,0.00,0.00,0,30463514.07,last_posted_transaction_or_prior_closing_balance,,trusted,weekday_rule,base_calendar,True,50,2025-03-05,complete
2025-03-05,0.00,0.00,0,30463514.07,last_posted_transaction_or_prior_closing_balance,,trusted,weekday_rule,base_calendar,True,51,2025-03-06,complete
2025-03-06,0.00,0.00,0,30463514.07,last_posted_transaction_or_prior_closing_balance,,trusted,weekday_rule,base_calendar,True,52,2025-03-07,complete
2025-03-07,0.00,0.00,0,30463514.07,last_posted_transaction_or_prior_closing_balance,,trusted,weekday_rule,base_calendar,True,53,2025-03-10,complete
2025-03-08,0.00,0.00,0,30463514.07,last_posted_transaction_or_prior_closing_balance,,trusted,weekday_rule,base_calendar,False,,,complete
2025-03-09,0.00,0.00,0,30463514.07,last_posted_transaction_or_prior_closing_balance,,trusted,weekday_rule,base_calendar,False,,,complete
2025-03-10,0.00,0.00,0,30463514.07,last_posted_transaction_or_prior_closing_balance,,trusted,weekday_rule,base_calendar,True,54,2025-03-11,complete
2025-03-11,0.00,0.00,0,30463514.07,last_posted_transaction_or_prior_closing_balance,,trusted,weekday_rule,base_calendar,True,55,2025-03-12,complete
2025-03-12,0.00,0.00,0,30463514.07,last_posted_transaction_or_prior_closing_balance,,trusted,weekday_rule,base_calendar,True,56,2025-03-13,complete
2025-03-13,0.00,0.00,0,30463514.07,last_posted_transaction_or_prior_closing_balance,,trusted,weekday_rule,base_calendar,True,57,2025-03-14,complete
2025-03-14,0.00,0.00,0,30463514.07,last_posted_transaction_or_prior_closing_balance,,trusted,weekday_rule,base_calendar,True,58,2025-03-16,complete
2025-03-15,0.00,0.00,0,30463514.07,last_posted_transaction_or_prior_closing_balance,,trusted,weekday_rule,base_calendar,False,,,complete
2025-03-16,0.00,3060576.38,2,27402937.69,last_posted_transaction_or_prior_closing_balance,synb1_txn_c0c165f58a82f8451e91e1ec,trusted,historical_transaction_override,historical_transaction_override,True,59,2025-03-17,complete
2025-03-17,0.00,0.00,0,27402937.69,last_posted_transaction_or_prior_closing_balance,,trusted,weekday_rule,base_calendar,True,60,2025-03-18,complete
2025-03-18,0.00,0.00,0,27402937.69,last_posted_transaction_or_prior_closing_balance,,trusted,weekday_rule,base_calendar,True,61,2025-03-19,complete
2025-03-19,21513753.89,303971.26,4,48612720.32,last_posted_transaction_or_prior_closing_balance,synb1_txn_8e2db38226f95630ea401e51,trusted,weekday_rule,base_calendar,True,62,2025-03-20,complete
2025-03-20,0.00,0.00,0,48612720.32,last_posted_transaction_or_prior_closing_balance,,trusted,weekday_rule,base_calendar,True,63,2025-03-21,complete
2025-03-21,0.00,0.00,0,48612720.32,last_posted_transaction_or_prior_closing_balance,,trusted,weekday_rule,base_calendar,True,64,2025-03-22,complete
2025-03-22,0.00,19345126.16,2,29267594.16,last_posted_transaction_or_prior_closing_balance,synb1_txn_9390fdedbf17db362e23c74a,trusted,historical_transaction_override,historical_transaction_override,True,65,2025-03-24,complete
2025-03-23,0.00,0.00,0,29267594.16,last_posted_transaction_or_prior_closing_balance,,trusted,weekday_rule,base_calendar,False,,,complete
2025-03-24,0.00,0.00,0,29267594.16,last_posted_transaction_or_prior_closing_balance,,trusted,weekday_rule,base_calendar,True,66,2025-03-25,complete
2025-03-25,0.00,0.00,0,29267594.16,last_posted_transaction_or_prior_closing_balance,,trusted,weekday_rule,base_calendar,True,67,2025-03-26,complete
2025-03-26,0.00,9173045.46,1,20094548.70,last_posted_transaction_or_prior_closing_balance,synb1_txn_c52d1064265c3abd2651bb99,trusted,weekday_rule,base_calendar,True,68,2025-03-27,complete
2025-03-27,0.00,0.00,0,20094548.70,last_posted_transaction_or_prior_closing_balance,,trusted,weekday_rule,base_calendar,True,69,2025-03-28,complete
2025-03-28,0.00,9737206.75,4,10357341.95,last_posted_transaction_or_prior_closing_balance,synb1_txn_d4c1eee05ba7e35c73c2f54b,trusted,weekday_rule,base_calendar,True,70,2025-03-31,complete
2025-03-29,0.00,0.00,0,10357341.95,last_posted_transaction_or_prior_closing_balance,,trusted,weekday_rule,base_calendar,False,,,complete
2025-03-30,0.00,0.00,0,10357341.95,last_posted_transaction_or_prior_closing_balance,,trusted,weekday_rule,base_calendar,False,,,complete
2025-03-31,7839694.81,0.00,1,18197036.76,last_posted_transaction_or_prior_closing_balance,synb1_txn_53784b1f1d1e1e048958644f,trusted,weekday_rule,base_calendar,True,71,2025-04-01,complete
2025-04-01,0.00,0.00,0,18197036.76,last_posted_transaction_or_prior_closing_balance,,trusted,weekday_rule,base_calendar,True,72,2025-04-02,complete
2025-04-02,0.00,0.00,0,18197036.76,last_posted_transaction_or_prior_closing_balance,,trusted,weekday_rule,base_calendar,True,73,2025-04-03,complete
2025-04-03,0.00,0.00,0,18197036.76,last_posted_transaction_or_prior_closing_balance,,trusted,weekday_rule,base_calendar,True,74,2025-04-05,complete
2025-04-04,0.00,0.00,0,18197036.76,last_posted_transaction_or_prior_closing_balance,,trusted,gov_cn_2025_holiday_schedule_v1,base_calendar,False,,,complete
2025-04-05,0.00,8539144.59,2,9657892.17,last_posted_transaction_or_prior_closing_balance,synb1_txn_ca23479d55ebf60b8c2e0b2e,trusted,historical_transaction_override,historical_transaction_override,True,75,2025-04-07,complete
2025-04-06,0.00,0.00,0,9657892.17,last_posted_transaction_or_prior_closing_balance,,trusted,gov_cn_2025_holiday_schedule_v1,base_calendar,False,,,complete
2025-04-07,8905026.24,0.00,1,18562918.41,last_posted_transaction_or_prior_closing_balance,synb1_txn_2f4073616c27f78b29ab986f,trusted,weekday_rule,base_calendar,True,76,2025-04-08,complete
2025-04-08,0.00,0.00,0,18562918.41,last_posted_transaction_or_prior_closing_balance,,trusted,weekday_rule,base_calendar,True,77,2025-04-09,complete
2025-04-09,0.00,0.00,0,18562918.41,last_posted_transaction_or_prior_closing_balance,,trusted,weekday_rule,base_calendar,True,78,2025-04-10,complete
2025-04-10,0.00,0.00,0,18562918.41,last_posted_transaction_or_prior_closing_balance,,trusted,weekday_rule,base_calendar,True,79,2025-04-11,complete
2025-04-11,8816218.18,0.00,1,27379136.59,last_posted_transaction_or_prior_closing_balance,synb1_txn_e5542757c429bca018c7770b,trusted,weekday_rule,base_calendar,True,80,2025-04-14,complete
2025-04-12,0.00,0.00,0,27379136.59,last_posted_transaction_or_prior_closing_balance,,trusted,weekday_rule,base_calendar,False,,,complete
2025-04-13,0.00,0.00,0,27379136.59,last_posted_transaction_or_prior_closing_balance,,trusted,weekday_rule,base_calendar,False,,,complete
2025-04-14,0.00,3262421.26,2,24116715.33,last_posted_transaction_or_prior_closing_balance,synb1_txn_355ace926839d4425bb28253,trusted,weekday_rule,base_calendar,True,81,2025-04-15,complete
2025-04-15,0.00,0.00,0,24116715.33,last_posted_transaction_or_prior_closing_balance,,trusted,weekday_rule,base_calendar,True,82,2025-04-16,complete
2025-04-16,9803198.65,0.00,1,33919913.98,last_posted_transaction_or_prior_closing_balance,synb1_txn_9c540c4d38ddb6631dbb7296,trusted,weekday_rule,base_calendar,True,83,2025-04-17,complete
2025-04-17,8351994.23,0.00,1,42271908.21,last_posted_transaction_or_prior_closing_balance,synb1_txn_4c027fa105716a6741815eb8,trusted,weekday_rule,base_calendar,True,84,2025-04-18,complete
2025-04-18,0.00,0.00,0,42271908.21,last_posted_transaction_or_prior_closing_balance,,trusted,weekday_rule,base_calendar,True,85,2025-04-21,complete
2025-04-19,0.00,0.00,0,42271908.21,last_posted_transaction_or_prior_closing_balance,,trusted,weekday_rule,base_calendar,False,,,complete
2025-04-20,0.00,0.00,0,42271908.21,last_posted_transaction_or_prior_closing_balance,,trusted,weekday_rule,base_calendar,False,,,complete
2025-04-21,0.00,7099822.01,1,35172086.20,last_posted_transaction_or_prior_closing_balance,synb1_txn_79aa477efe4b05bc668c54b6,trusted,weekday_rule,base_calendar,True,86,2025-04-22,complete
2025-04-22,0.00,0.00,0,35172086.20,last_posted_transaction_or_prior_closing_balance,,trusted,weekday_rule,base_calendar,True,87,2025-04-23,complete
2025-04-23,0.00,0.00,0,35172086.20,last_posted_transaction_or_prior_closing_balance,,trusted,weekday_rule,base_calendar,True,88,2025-04-24,complete
2025-04-24,0.00,104792.03,1,35067294.17,last_posted_transaction_or_prior_closing_balance,synb1_txn_5c0bcee14e5f8dc9c2ac39a0,trusted,weekday_rule,base_calendar,True,89,2025-04-25,complete
2025-04-25,0.00,0.00,0,35067294.17,last_posted_transaction_or_prior_closing_balance,,trusted,weekday_rule,base_calendar,True,90,2025-04-26,complete
2025-04-26,0.00,7630819.01,1,27436475.16,last_posted_transaction_or_prior_closing_balance,synb1_txn_9e7783361265d28672b2f22f,trusted,historical_transaction_override,historical_transaction_override,True,91,2025-04-27,complete
2025-04-27,0.00,107264.54,1,27329210.62,last_posted_transaction_or_prior_closing_balance,synb1_txn_708d7124201f259037149a71,trusted,gov_cn_2025_holiday_schedule_v1,base_calendar,True,92,2025-04-28,complete
2025-04-28,0.00,1463187.69,3,25866022.93,last_posted_transaction_or_prior_closing_balance,synb1_txn_5f6f57572322481d4fb9a4ec,trusted,weekday_rule,base_calendar,True,93,2025-04-29,complete
2025-04-29,0.00,0.00,0,25866022.93,last_posted_transaction_or_prior_closing_balance,,trusted,weekday_rule,base_calendar,True,94,2025-04-30,complete
2025-04-30,0.00,8673202.32,1,17192820.61,last_posted_transaction_or_prior_closing_balance,synb1_txn_defcd854fed8824c05102dd7,trusted,weekday_rule,base_calendar,True,95,2025-05-06,complete
2025-05-01,0.00,0.00,0,17192820.61,last_posted_transaction_or_prior_closing_balance,,trusted,gov_cn_2025_holiday_schedule_v1,base_calendar,False,,,complete
2025-05-02,0.00,0.00,0,17192820.61,last_posted_transaction_or_prior_closing_balance,,trusted,gov_cn_2025_holiday_schedule_v1,base_calendar,False,,,complete
2025-05-03,0.00,0.00,0,17192820.61,last_posted_transaction_or_prior_closing_balance,,trusted,gov_cn_2025_holiday_schedule_v1,base_calendar,False,,,complete
2025-05-04,0.00,0.00,0,17192820.61,last_posted_transaction_or_prior_closing_balance,,trusted,gov_cn_2025_holiday_schedule_v1,base_calendar,False,,,complete
2025-05-05,0.00,0.00,0,17192820.61,last_posted_transaction_or_prior_closing_balance,,trusted,gov_cn_2025_holiday_schedule_v1,base_calendar,False,,,complete
2025-05-06,0.00,0.00,0,17192820.61,last_posted_transaction_or_prior_closing_balance,,trusted,weekday_rule,base_calendar,True,96,2025-05-07,complete
2025-05-07,0.00,0.00,0,17192820.61,last_posted_transaction_or_prior_closing_balance,,trusted,weekday_rule,base_calendar,True,97,2025-05-08,complete
2025-05-08,0.00,0.00,0,17192820.61,last_posted_transaction_or_prior_closing_balance,,trusted,weekday_rule,base_calendar,True,98,2025-05-09,complete
2025-05-09,0.00,6960763.52,1,10232057.09,last_posted_transaction_or_prior_closing_balance,synb1_txn_d425540af39298b95c28e05c,trusted,weekday_rule,base_calendar,True,99,2025-05-12,complete
2025-05-10,0.00,0.00,0,10232057.09,last_posted_transaction_or_prior_closing_balance,,trusted,weekday_rule,base_calendar,False,,,complete
2025-05-11,0.00,0.00,0,10232057.09,last_posted_transaction_or_prior_closing_balance,,trusted,weekday_rule,base_calendar,False,,,complete
2025-05-12,7623589.14,0.00,1,17855646.23,last_posted_transaction_or_prior_closing_balance,synb1_txn_56c47adc5ec80215c5a07c9e,trusted,weekday_rule,base_calendar,True,100,2025-05-13,complete
2025-05-13,0.00,0.00,0,17855646.23,last_posted_transaction_or_prior_closing_balance,,trusted,weekday_rule,base_calendar,True,101,2025-05-14,complete
2025-05-14,0.00,0.00,0,17855646.23,last_posted_transaction_or_prior_closing_balance,,trusted,weekday_rule,base_calendar,True,102,2025-05-15,complete
2025-05-15,0.00,0.00,0,17855646.23,last_posted_transaction_or_prior_closing_balance,,trusted,weekday_rule,base_calendar,True,103,2025-05-16,complete
2025-05-16,8284855.98,2958450.00,2,23182052.21,last_posted_transaction_or_prior_closing_balance,synb1_txn_bc6508b9cfdaef2ce3e3f589,trusted,weekday_rule,base_calendar,True,104,2025-05-17,complete
2025-05-17,0.00,6984422.87,3,16197629.34,last_posted_transaction_or_prior_closing_balance,synb1_txn_ad1f37956223b528269fb8ed,trusted,historical_transaction_override,historical_transaction_override,True,105,2025-05-19,complete
2025-05-18,0.00,0.00,0,16197629.34,last_posted_transaction_or_prior_closing_balance,,trusted,weekday_rule,base_calendar,False,,,complete
2025-05-19,8640175.62,0.00,1,24837804.96,last_posted_transaction_or_prior_closing_balance,synb1_txn_9bd9f89a9648108a46d04981,trusted,weekday_rule,base_calendar,True,106,2025-05-20,complete
2025-05-20,0.00,0.00,0,24837804.96,last_posted_transaction_or_prior_closing_balance,,trusted,weekday_rule,base_calendar,True,107,2025-05-21,complete
2025-05-21,0.00,8221441.46,1,16616363.50,last_posted_transaction_or_prior_closing_balance,synb1_txn_fa153660a030aa285afadbca,trusted,weekday_rule,base_calendar,True,108,2025-05-22,complete
2025-05-22,8066322.26,95577.02,2,24587108.74,last_posted_transaction_or_prior_closing_balance,synb1_txn_6780acfefbe0c4fb08dd3340,trusted,weekday_rule,base_calendar,True,109,2025-05-23,complete
2025-05-23,0.00,0.00,0,24587108.74,last_posted_transaction_or_prior_closing_balance,,trusted,weekday_rule,base_calendar,True,110,2025-05-24,complete
2025-05-24,0.00,8158122.99,1,16428985.75,last_posted_transaction_or_prior_closing_balance,synb1_txn_d5ff210f3a52a52aa5146ec3,trusted,historical_transaction_override,historical_transaction_override,True,111,2025-05-26,complete
2025-05-25,0.00,0.00,0,16428985.75,last_posted_transaction_or_prior_closing_balance,,trusted,weekday_rule,base_calendar,False,,,complete
2025-05-26,0.00,0.00,0,16428985.75,last_posted_transaction_or_prior_closing_balance,,trusted,weekday_rule,base_calendar,True,112,2025-05-27,complete
2025-05-27,0.00,0.00,0,16428985.75,last_posted_transaction_or_prior_closing_balance,,trusted,weekday_rule,base_calendar,True,113,2025-05-28,complete
2025-05-28,0.00,882386.90,3,15546598.85,last_posted_transaction_or_prior_closing_balance,synb1_txn_94f9ac3157e6efc248455800,trusted,weekday_rule,base_calendar,True,114,2025-05-29,complete
2025-05-29,0.00,0.00,0,15546598.85,last_posted_transaction_or_prior_closing_balance,,trusted,weekday_rule,base_calendar,True,115,2025-05-30,complete
2025-05-30,0.00,0.00,0,15546598.85,last_posted_transaction_or_prior_closing_balance,,trusted,weekday_rule,base_calendar,True,116,2025-06-03,complete
2025-05-31,0.00,0.00,0,15546598.85,last_posted_transaction_or_prior_closing_balance,,trusted,gov_cn_2025_holiday_schedule_v1,base_calendar,False,,,complete
2025-06-01,0.00,0.00,0,15546598.85,last_posted_transaction_or_prior_closing_balance,,trusted,gov_cn_2025_holiday_schedule_v1,base_calendar,False,,,complete
2025-06-02,0.00,0.00,0,15546598.85,last_posted_transaction_or_prior_closing_balance,,trusted,gov_cn_2025_holiday_schedule_v1,base_calendar,False,,,complete
2025-06-03,0.00,0.00,0,15546598.85,last_posted_transaction_or_prior_closing_balance,,trusted,weekday_rule,base_calendar,True,117,2025-06-04,complete
2025-06-04,0.00,0.00,0,15546598.85,last_posted_transaction_or_prior_closing_balance,,trusted,weekday_rule,base_calendar,True,118,2025-06-05,complete
2025-06-05,0.00,0.00,0,15546598.85,last_posted_transaction_or_prior_closing_balance,,trusted,weekday_rule,base_calendar,True,119,2025-06-06,complete
2025-06-06,0.00,0.00,0,15546598.85,last_posted_transaction_or_prior_closing_balance,,trusted,weekday_rule,base_calendar,True,120,2025-06-09,complete
2025-06-07,0.00,0.00,0,15546598.85,last_posted_transaction_or_prior_closing_balance,,trusted,weekday_rule,base_calendar,False,,,complete
2025-06-08,0.00,0.00,0,15546598.85,last_posted_transaction_or_prior_closing_balance,,trusted,weekday_rule,base_calendar,False,,,complete
2025-06-09,0.00,0.00,0,15546598.85,last_posted_transaction_or_prior_closing_balance,,trusted,weekday_rule,base_calendar,True,121,2025-06-10,complete
2025-06-10,9005507.65,7518903.30,2,17033203.20,last_posted_transaction_or_prior_closing_balance,synb1_txn_a89371b89f97764d6bb258f6,trusted,weekday_rule,base_calendar,True,122,2025-06-11,complete
2025-06-11,0.00,121800.50,1,16911402.70,last_posted_transaction_or_prior_closing_balance,synb1_txn_3fa607f8341b534e747b07f6,trusted,weekday_rule,base_calendar,True,123,2025-06-12,complete
2025-06-12,0.00,0.00,0,16911402.70,last_posted_transaction_or_prior_closing_balance,,trusted,weekday_rule,base_calendar,True,124,2025-06-13,complete
2025-06-13,0.00,0.00,0,16911402.70,last_posted_transaction_or_prior_closing_balance,,trusted,weekday_rule,base_calendar,True,125,2025-06-16,complete
2025-06-14,0.00,0.00,0,16911402.70,last_posted_transaction_or_prior_closing_balance,,trusted,weekday_rule,base_calendar,False,,,complete
2025-06-15,0.00,0.00,0,16911402.70,last_posted_transaction_or_prior_closing_balance,,trusted,weekday_rule,base_calendar,False,,,complete
2025-06-16,0.00,0.00,0,16911402.70,last_posted_transaction_or_prior_closing_balance,,trusted,weekday_rule,base_calendar,True,126,2025-06-17,complete
2025-06-17,0.00,0.00,0,16911402.70,last_posted_transaction_or_prior_closing_balance,,trusted,weekday_rule,base_calendar,True,127,2025-06-18,complete
2025-06-18,0.00,2958450.00,1,13952952.70,last_posted_transaction_or_prior_closing_balance,synb1_txn_3b4024ee0e28b426efef6080,trusted,weekday_rule,base_calendar,True,128,2025-06-19,complete
2025-06-19,0.00,0.00,0,13952952.70,last_posted_transaction_or_prior_closing_balance,,trusted,weekday_rule,base_calendar,True,129,2025-06-20,complete
2025-06-20,0.00,0.00,0,13952952.70,last_posted_transaction_or_prior_closing_balance,,trusted,weekday_rule,base_calendar,True,130,2025-06-22,complete
2025-06-21,0.00,0.00,0,13952952.70,last_posted_transaction_or_prior_closing_balance,,trusted,weekday_rule,base_calendar,False,,,complete
2025-06-22,6962331.67,102837.28,2,20812447.09,last_posted_transaction_or_prior_closing_balance,synb1_txn_1319e0baedf424bcaf079706,trusted,historical_transaction_override,historical_transaction_override,True,131,2025-06-23,complete
2025-06-23,0.00,101511.65,1,20710935.44,last_posted_transaction_or_prior_closing_balance,synb1_txn_cadaefe255565e1ac5d6904c,trusted,weekday_rule,base_calendar,True,132,2025-06-24,complete
2025-06-24,6605525.63,0.00,1,27316461.07,last_posted_transaction_or_prior_closing_balance,synb1_txn_6fec0fd24604a1bf9511ed8d,trusted,weekday_rule,base_calendar,True,133,2025-06-25,complete
2025-06-25,6780083.75,0.00,1,34096544.82,last_posted_transaction_or_prior_closing_balance,synb1_txn_b7be820d0483f9953472eb3d,trusted,weekday_rule,base_calendar,True,134,2025-06-26,complete
2025-06-26,0.00,0.00,0,34096544.82,last_posted_transaction_or_prior_closing_balance,,trusted,weekday_rule,base_calendar,True,135,2025-06-27,complete
2025-06-27,0.00,303971.26,1,33792573.56,last_posted_transaction_or_prior_closing_balance,synb1_txn_5cb77a97b984d16d263f2ad2,trusted,weekday_rule,base_calendar,True,136,2025-06-28,complete
2025-06-28,0.00,6939032.64,1,26853540.92,last_posted_transaction_or_prior_closing_balance,synb1_txn_2467afaa56e40c10fcf2737c,trusted,historical_transaction_override,historical_transaction_override,True,137,2025-06-29,complete
2025-06-29,0.00,6925441.91,1,19928099.01,last_posted_transaction_or_prior_closing_balance,synb1_txn_a9580b97907c2230ab186f7b,trusted,historical_transaction_override,historical_transaction_override,True,138,2025-06-30,complete
2025-06-30,0.00,6977878.84,4,12950220.17,last_posted_transaction_or_prior_closing_balance,synb1_txn_b019c936d92af312cb778002,trusted,weekday_rule,base_calendar,True,139,2025-07-01,complete
2025-07-01,0.00,111817.09,1,12838403.08,last_posted_transaction_or_prior_closing_balance,synb1_txn_6024550a55b709d8d38e8c1d,trusted,weekday_rule,base_calendar,True,140,2025-07-02,complete
2025-07-02,0.00,0.00,0,12838403.08,last_posted_transaction_or_prior_closing_balance,,trusted,weekday_rule,base_calendar,True,141,2025-07-03,complete
2025-07-03,0.00,0.00,0,12838403.08,last_posted_transaction_or_prior_closing_balance,,trusted,weekday_rule,base_calendar,True,142,2025-07-04,complete
2025-07-04,0.00,0.00,0,12838403.08,last_posted_transaction_or_prior_closing_balance,,trusted,weekday_rule,base_calendar,True,143,2025-07-07,complete
2025-07-05,0.00,0.00,0,12838403.08,last_posted_transaction_or_prior_closing_balance,,trusted,weekday_rule,base_calendar,False,,,complete
2025-07-06,0.00,0.00,0,12838403.08,last_posted_transaction_or_prior_closing_balance,,trusted,weekday_rule,base_calendar,False,,,complete
2025-07-07,8933894.62,7272835.72,2,14499461.98,last_posted_transaction_or_prior_closing_balance,synb1_txn_eb7fb8c396fff8ef2a357bbf,trusted,weekday_rule,base_calendar,True,144,2025-07-08,complete
2025-07-08,0.00,0.00,0,14499461.98,last_posted_transaction_or_prior_closing_balance,,trusted,weekday_rule,base_calendar,True,145,2025-07-09,complete
2025-07-09,0.00,0.00,0,14499461.98,last_posted_transaction_or_prior_closing_balance,,trusted,weekday_rule,base_calendar,True,146,2025-07-10,complete
2025-07-10,0.00,0.00,0,14499461.98,last_posted_transaction_or_prior_closing_balance,,trusted,weekday_rule,base_calendar,True,147,2025-07-11,complete
2025-07-11,0.00,8086358.91,2,6413103.07,last_posted_transaction_or_prior_closing_balance,synb1_txn_9e15fefd8910fc6813f8a59e,trusted,weekday_rule,base_calendar,True,148,2025-07-12,complete
2025-07-12,0.00,303971.26,1,6109131.81,last_posted_transaction_or_prior_closing_balance,synb1_txn_129de346166410f0b9de4d13,trusted,historical_transaction_override,historical_transaction_override,True,149,2025-07-14,complete
2025-07-13,0.00,0.00,0,6109131.81,last_posted_transaction_or_prior_closing_balance,,trusted,weekday_rule,base_calendar,False,,,complete
2025-07-14,0.00,0.00,0,6109131.81,last_posted_transaction_or_prior_closing_balance,,trusted,weekday_rule,base_calendar,True,150,2025-07-15,complete
2025-07-15,0.00,0.00,0,6109131.81,last_posted_transaction_or_prior_closing_balance,,trusted,weekday_rule,base_calendar,True,151,2025-07-16,complete
2025-07-16,0.00,0.00,0,6109131.81,last_posted_transaction_or_prior_closing_balance,,trusted,weekday_rule,base_calendar,True,152,2025-07-17,complete
2025-07-17,18329887.24,0.00,2,24439019.05,last_posted_transaction_or_prior_closing_balance,synb1_txn_be9f4b540871870c7ea2f383,trusted,weekday_rule,base_calendar,True,153,2025-07-18,complete
2025-07-18,8612655.44,0.00,1,33051674.49,last_posted_transaction_or_prior_closing_balance,synb1_txn_debb834a7d9488334e4dcd46,trusted,weekday_rule,base_calendar,True,154,2025-07-19,complete
2025-07-19,0.00,2958450.00,1,30093224.49,last_posted_transaction_or_prior_closing_balance,synb1_txn_bfa8abd5ff520153756c4a4a,trusted,historical_transaction_override,historical_transaction_override,True,155,2025-07-21,complete
2025-07-20,0.00,0.00,0,30093224.49,last_posted_transaction_or_prior_closing_balance,,trusted,weekday_rule,base_calendar,False,,,complete
2025-07-21,0.00,0.00,0,30093224.49,last_posted_transaction_or_prior_closing_balance,,trusted,weekday_rule,base_calendar,True,156,2025-07-22,complete
2025-07-22,0.00,0.00,0,30093224.49,last_posted_transaction_or_prior_closing_balance,,trusted,weekday_rule,base_calendar,True,157,2025-07-23,complete
2025-07-23,0.00,116099.40,1,29977125.09,last_posted_transaction_or_prior_closing_balance,synb1_txn_42ecba7cca4b9ebb1f18562c,trusted,weekday_rule,base_calendar,True,158,2025-07-24,complete
2025-07-24,0.00,6467775.11,1,23509349.98,last_posted_transaction_or_prior_closing_balance,synb1_txn_fe4e576ae1eaaa503f798041,trusted,weekday_rule,base_calendar,True,159,2025-07-25,complete
2025-07-25,0.00,0.00,0,23509349.98,last_posted_transaction_or_prior_closing_balance,,trusted,weekday_rule,base_calendar,True,160,2025-07-27,complete
2025-07-26,0.00,0.00,0,23509349.98,last_posted_transaction_or_prior_closing_balance,,trusted,weekday_rule,base_calendar,False,,,complete
2025-07-27,0.00,6258071.53,1,17251278.45,last_posted_transaction_or_prior_closing_balance,synb1_txn_eb704f9b29f87ef8705f0e68,trusted,historical_transaction_override,historical_transaction_override,True,161,2025-07-28,complete
2025-07-28,0.00,1463187.69,3,15788090.76,last_posted_transaction_or_prior_closing_balance,synb1_txn_7e520f30626fef3cf75f669b,trusted,weekday_rule,base_calendar,True,162,2025-07-29,complete
2025-07-29,0.00,0.00,0,15788090.76,last_posted_transaction_or_prior_closing_balance,,trusted,weekday_rule,base_calendar,True,163,2025-07-30,complete
2025-07-30,0.00,0.00,0,15788090.76,last_posted_transaction_or_prior_closing_balance,,trusted,weekday_rule,base_calendar,True,164,2025-07-31,complete
2025-07-31,0.00,0.00,0,15788090.76,last_posted_transaction_or_prior_closing_balance,,trusted,weekday_rule,base_calendar,True,165,2025-08-01,complete
2025-08-01,0.00,0.00,0,15788090.76,last_posted_transaction_or_prior_closing_balance,,trusted,weekday_rule,base_calendar,True,166,2025-08-04,complete
2025-08-02,0.00,0.00,0,15788090.76,last_posted_transaction_or_prior_closing_balance,,trusted,weekday_rule,base_calendar,False,,,complete
2025-08-03,0.00,0.00,0,15788090.76,last_posted_transaction_or_prior_closing_balance,,trusted,weekday_rule,base_calendar,False,,,complete
2025-08-04,0.00,0.00,0,15788090.76,last_posted_transaction_or_prior_closing_balance,,trusted,weekday_rule,base_calendar,True,167,2025-08-05,complete
2025-08-05,0.00,0.00,0,15788090.76,last_posted_transaction_or_prior_closing_balance,,trusted,weekday_rule,base_calendar,True,168,2025-08-06,complete
2025-08-06,0.00,0.00,0,15788090.76,last_posted_transaction_or_prior_closing_balance,,trusted,weekday_rule,base_calendar,True,169,2025-08-07,complete
2025-08-07,0.00,0.00,0,15788090.76,last_posted_transaction_or_prior_closing_balance,,trusted,weekday_rule,base_calendar,True,170,2025-08-08,complete
2025-08-08,0.00,0.00,0,15788090.76,last_posted_transaction_or_prior_closing_balance,,trusted,weekday_rule,base_calendar,True,171,2025-08-11,complete
2025-08-09,0.00,0.00,0,15788090.76,last_posted_transaction_or_prior_closing_balance,,trusted,weekday_rule,base_calendar,False,,,complete
2025-08-10,0.00,0.00,0,15788090.76,last_posted_transaction_or_prior_closing_balance,,trusted,weekday_rule,base_calendar,False,,,complete
2025-08-11,0.00,0.00,0,15788090.76,last_posted_transaction_or_prior_closing_balance,,trusted,weekday_rule,base_calendar,True,172,2025-08-12,complete
2025-08-12,0.00,0.00,0,15788090.76,last_posted_transaction_or_prior_closing_balance,,trusted,weekday_rule,base_calendar,True,173,2025-08-13,complete
2025-08-13,0.00,0.00,0,15788090.76,last_posted_transaction_or_prior_closing_balance,,trusted,weekday_rule,base_calendar,True,174,2025-08-14,complete
2025-08-14,7179593.06,0.00,1,22967683.82,last_posted_transaction_or_prior_closing_balance,synb1_txn_ac623b8387c38a4eadfbaa16,trusted,weekday_rule,base_calendar,True,175,2025-08-15,complete
2025-08-15,0.00,0.00,0,22967683.82,last_posted_transaction_or_prior_closing_balance,,trusted,weekday_rule,base_calendar,True,176,2025-08-16,complete
2025-08-16,7117493.02,0.00,1,30085176.84,last_posted_transaction_or_prior_closing_balance,synb1_txn_5f7288b2e6a0397e08d95e77,trusted,historical_transaction_override,historical_transaction_override,True,177,2025-08-17,complete
2025-08-17,18317856.92,0.00,2,48403033.76,last_posted_transaction_or_prior_closing_balance,synb1_txn_6e3d5e05babe9b92ea9d1fe8,trusted,historical_transaction_override,historical_transaction_override,True,178,2025-08-18,complete
2025-08-18,0.00,0.00,0,48403033.76,last_posted_transaction_or_prior_closing_balance,,trusted,weekday_rule,base_calendar,True,179,2025-08-19,complete
2025-08-19,0.00,0.00,0,48403033.76,last_posted_transaction_or_prior_closing_balance,,trusted,weekday_rule,base_calendar,True,180,2025-08-20,complete
2025-08-20,0.00,2958450.00,1,45444583.76,last_posted_transaction_or_prior_closing_balance,synb1_txn_a3ba0cafea0e0c5cd53741a6,trusted,weekday_rule,base_calendar,True,181,2025-08-21,complete
2025-08-21,0.00,0.00,0,45444583.76,last_posted_transaction_or_prior_closing_balance,,trusted,weekday_rule,base_calendar,True,182,2025-08-22,complete
2025-08-22,0.00,0.00,0,45444583.76,last_posted_transaction_or_prior_closing_balance,,trusted,weekday_rule,base_calendar,True,183,2025-08-23,complete
2025-08-23,0.00,7476756.36,1,37967827.40,last_posted_transaction_or_prior_closing_balance,synb1_txn_6a783554244e94b2e5c19987,trusted,historical_transaction_override,historical_transaction_override,True,184,2025-08-24,complete
2025-08-24,0.00,7707042.55,1,30260784.85,last_posted_transaction_or_prior_closing_balance,synb1_txn_3cee744e1a5df63b1afd3fda,trusted,historical_transaction_override,historical_transaction_override,True,185,2025-08-25,complete
2025-08-25,0.00,0.00,0,30260784.85,last_posted_transaction_or_prior_closing_balance,,trusted,weekday_rule,base_calendar,True,186,2025-08-26,complete
2025-08-26,0.00,109192.53,1,30151592.32,last_posted_transaction_or_prior_closing_balance,synb1_txn_d70f57b9cb3ce2bd677b9dad,trusted,weekday_rule,base_calendar,True,187,2025-08-27,complete
2025-08-27,0.00,303971.26,1,29847621.06,last_posted_transaction_or_prior_closing_balance,synb1_txn_cc3e281a259e1b1d3d4b3475,trusted,weekday_rule,base_calendar,True,188,2025-08-28,complete
2025-08-28,0.00,7993742.05,3,21853879.01,last_posted_transaction_or_prior_closing_balance,synb1_txn_0d0c64c19eafd3c04bd45624,trusted,weekday_rule,base_calendar,True,189,2025-08-29,complete
2025-08-29,0.00,103367.43,1,21750511.58,last_posted_transaction_or_prior_closing_balance,synb1_txn_94d24e530a86c02cd700d35a,trusted,weekday_rule,base_calendar,True,190,2025-08-30,complete
2025-08-30,0.00,113589.47,1,21636922.11,last_posted_transaction_or_prior_closing_balance,synb1_txn_aa4b49a78dc02905fd026832,trusted,historical_transaction_override,historical_transaction_override,True,191,2025-08-31,complete
2025-08-31,0.00,6686172.69,1,14950749.42,last_posted_transaction_or_prior_closing_balance,synb1_txn_6177218eb699e5c4a3995c74,trusted,historical_transaction_override,historical_transaction_override,True,192,2025-09-01,complete
2025-09-01,0.00,0.00,0,14950749.42,last_posted_transaction_or_prior_closing_balance,,trusted,weekday_rule,base_calendar,True,193,2025-09-02,complete
2025-09-02,0.00,0.00,0,14950749.42,last_posted_transaction_or_prior_closing_balance,,trusted,weekday_rule,base_calendar,True,194,2025-09-03,complete
2025-09-03,0.00,0.00,0,14950749.42,last_posted_transaction_or_prior_closing_balance,,trusted,weekday_rule,base_calendar,True,195,2025-09-04,complete
2025-09-04,0.00,0.00,0,14950749.42,last_posted_transaction_or_prior_closing_balance,,trusted,weekday_rule,base_calendar,True,196,2025-09-05,complete
2025-09-05,0.00,6751617.94,1,8199131.48,last_posted_transaction_or_prior_closing_balance,synb1_txn_64b2530d014b704e1bfaffc9,trusted,weekday_rule,base_calendar,True,197,2025-09-08,complete
2025-09-06,0.00,0.00,0,8199131.48,last_posted_transaction_or_prior_closing_balance,,trusted,weekday_rule,base_calendar,False,,,complete
2025-09-07,0.00,0.00,0,8199131.48,last_posted_transaction_or_prior_closing_balance,,trusted,weekday_rule,base_calendar,False,,,complete
2025-09-08,0.00,0.00,0,8199131.48,last_posted_transaction_or_prior_closing_balance,,trusted,weekday_rule,base_calendar,True,198,2025-09-09,complete
2025-09-09,0.00,0.00,0,8199131.48,last_posted_transaction_or_prior_closing_balance,,trusted,weekday_rule,base_calendar,True,199,2025-09-10,complete
2025-09-10,5955742.42,0.00,1,14154873.90,last_posted_transaction_or_prior_closing_balance,synb1_txn_6f77a317fc4f5d433e273545,trusted,weekday_rule,base_calendar,True,200,2025-09-11,complete
2025-09-11,0.00,0.00,0,14154873.90,last_posted_transaction_or_prior_closing_balance,,trusted,weekday_rule,base_calendar,True,201,2025-09-12,complete
2025-09-12,0.00,0.00,0,14154873.90,last_posted_transaction_or_prior_closing_balance,,trusted,weekday_rule,base_calendar,True,202,2025-09-13,complete
2025-09-13,0.00,421703.97,2,13733169.93,last_posted_transaction_or_prior_closing_balance,synb1_txn_ac3db33537e2533540399d4f,trusted,historical_transaction_override,historical_transaction_override,True,203,2025-09-14,complete
2025-09-14,7600642.19,114486.86,2,21219325.26,last_posted_transaction_or_prior_closing_balance,synb1_txn_9ae196fc3f3c34e65f0b0c65,trusted,historical_transaction_override,historical_transaction_override,True,204,2025-09-15,complete
2025-09-15,0.00,0.00,0,21219325.26,last_posted_transaction_or_prior_closing_balance,,trusted,weekday_rule,base_calendar,True,205,2025-09-16,complete
2025-09-16,0.00,0.00,0,21219325.26,last_posted_transaction_or_prior_closing_balance,,trusted,weekday_rule,base_calendar,True,206,2025-09-17,complete
2025-09-17,0.00,0.00,0,21219325.26,last_posted_transaction_or_prior_closing_balance,,trusted,weekday_rule,base_calendar,True,207,2025-09-18,complete
2025-09-18,0.00,2958450.00,1,18260875.26,last_posted_transaction_or_prior_closing_balance,synb1_txn_6f73039ed783c88f0a6a7911,trusted,weekday_rule,base_calendar,True,208,2025-09-19,complete
2025-09-19,0.00,6652320.69,1,11608554.57,last_posted_transaction_or_prior_closing_balance,synb1_txn_3f14827a7a616c61906f9120,trusted,weekday_rule,base_calendar,True,209,2025-09-21,complete
2025-09-20,0.00,0.00,0,11608554.57,last_posted_transaction_or_prior_closing_balance,,trusted,weekday_rule,base_calendar,False,,,complete
2025-09-21,7726646.18,0.00,1,19335200.75,last_posted_transaction_or_prior_closing_balance,synb1_txn_6dcbb7de176762b59309f9f8,trusted,historical_transaction_override,historical_transaction_override,True,210,2025-09-22,complete
2025-09-22,8070417.91,0.00,1,27405618.66,last_posted_transaction_or_prior_closing_balance,synb1_txn_608deaa00efaec6616ef7779,trusted,weekday_rule,base_calendar,True,211,2025-09-23,complete
2025-09-23,0.00,0.00,0,27405618.66,last_posted_transaction_or_prior_closing_balance,,trusted,weekday_rule,base_calendar,True,212,2025-09-24,complete
2025-09-24,0.00,0.00,0,27405618.66,last_posted_transaction_or_prior_closing_balance,,trusted,weekday_rule,base_calendar,True,213,2025-09-25,complete
2025-09-25,0.00,0.00,0,27405618.66,last_posted_transaction_or_prior_closing_balance,,trusted,weekday_rule,base_calendar,True,214,2025-09-26,complete
2025-09-26,0.00,6900250.48,2,20505368.18,last_posted_transaction_or_prior_closing_balance,synb1_txn_183674363ad6664b05f24660,trusted,weekday_rule,base_calendar,True,215,2025-09-27,complete
2025-09-27,0.00,5950104.86,1,14555263.32,last_posted_transaction_or_prior_closing_balance,synb1_txn_41293ff26c76ffa07d548199,trusted,historical_transaction_override,historical_transaction_override,True,216,2025-09-28,complete
2025-09-28,0.00,1069799.30,3,13485464.02,last_posted_transaction_or_prior_closing_balance,synb1_txn_575dc2210370814cc3160e73,trusted,gov_cn_2025_holiday_schedule_v1,base_calendar,True,217,2025-09-29,complete
2025-09-29,0.00,0.00,0,13485464.02,last_posted_transaction_or_prior_closing_balance,,trusted,weekday_rule,base_calendar,True,218,2025-09-30,complete
2025-09-30,0.00,0.00,0,13485464.02,last_posted_transaction_or_prior_closing_balance,,trusted,weekday_rule,base_calendar,True,219,2025-10-06,complete
2025-10-01,0.00,0.00,0,13485464.02,last_posted_transaction_or_prior_closing_balance,,trusted,gov_cn_2025_holiday_schedule_v1,base_calendar,False,,,complete
2025-10-02,0.00,0.00,0,13485464.02,last_posted_transaction_or_prior_closing_balance,,trusted,gov_cn_2025_holiday_schedule_v1,base_calendar,False,,,complete
2025-10-03,0.00,0.00,0,13485464.02,last_posted_transaction_or_prior_closing_balance,,trusted,gov_cn_2025_holiday_schedule_v1,base_calendar,False,,,complete
2025-10-04,0.00,0.00,0,13485464.02,last_posted_transaction_or_prior_closing_balance,,trusted,gov_cn_2025_holiday_schedule_v1,base_calendar,False,,,complete
2025-10-05,0.00,0.00,0,13485464.02,last_posted_transaction_or_prior_closing_balance,,trusted,gov_cn_2025_holiday_schedule_v1,base_calendar,False,,,complete
2025-10-06,0.00,100279.92,1,13385184.10,last_posted_transaction_or_prior_closing_balance,synb1_txn_313c9371f1445d7b10de6d04,trusted,historical_transaction_override,historical_transaction_override,True,220,2025-10-09,complete
2025-10-07,0.00,0.00,0,13385184.10,last_posted_transaction_or_prior_closing_balance,,trusted,gov_cn_2025_holiday_schedule_v1,base_calendar,False,,,complete
2025-10-08,0.00,0.00,0,13385184.10,last_posted_transaction_or_prior_closing_balance,,trusted,gov_cn_2025_holiday_schedule_v1,base_calendar,False,,,complete
2025-10-09,0.00,0.00,0,13385184.10,last_posted_transaction_or_prior_closing_balance,,trusted,weekday_rule,base_calendar,True,221,2025-10-10,complete
2025-10-10,0.00,0.00,0,13385184.10,last_posted_transaction_or_prior_closing_balance,,trusted,weekday_rule,base_calendar,True,222,2025-10-11,complete
2025-10-11,0.00,7164393.70,1,6220790.40,last_posted_transaction_or_prior_closing_balance,synb1_txn_407bdd7906057ee50997a818,trusted,gov_cn_2025_holiday_schedule_v1,base_calendar,True,223,2025-10-13,complete
2025-10-12,0.00,0.00,0,6220790.40,last_posted_transaction_or_prior_closing_balance,,trusted,weekday_rule,base_calendar,False,,,complete
2025-10-13,8797461.96,0.00,1,15018252.36,last_posted_transaction_or_prior_closing_balance,synb1_txn_72c7701c64dc641658f17c4a,trusted,weekday_rule,base_calendar,True,224,2025-10-14,complete
2025-10-14,0.00,116250.73,1,14902001.63,last_posted_transaction_or_prior_closing_balance,synb1_txn_5688edf361c640fed8d2871c,trusted,weekday_rule,base_calendar,True,225,2025-10-15,complete
2025-10-15,8235275.26,0.00,1,23137276.89,last_posted_transaction_or_prior_closing_balance,synb1_txn_4c476095e86455162bae3df8,trusted,weekday_rule,base_calendar,True,226,2025-10-16,complete
2025-10-16,0.00,7440746.95,2,15696529.94,last_posted_transaction_or_prior_closing_balance,synb1_txn_f424f0c13f855eae1a668c38,trusted,weekday_rule,base_calendar,True,227,2025-10-17,complete
2025-10-17,8442296.71,0.00,1,24138826.65,last_posted_transaction_or_prior_closing_balance,synb1_txn_b46a436025ab9cdeb524cc20,trusted,weekday_rule,base_calendar,True,228,2025-10-20,complete
2025-10-18,0.00,0.00,0,24138826.65,last_posted_transaction_or_prior_closing_balance,,trusted,weekday_rule,base_calendar,False,,,complete
2025-10-19,0.00,0.00,0,24138826.65,last_posted_transaction_or_prior_closing_balance,,trusted,weekday_rule,base_calendar,False,,,complete
2025-10-20,0.00,0.00,0,24138826.65,last_posted_transaction_or_prior_closing_balance,,trusted,weekday_rule,base_calendar,True,229,2025-10-21,complete
2025-10-21,0.00,109618.78,1,24029207.87,last_posted_transaction_or_prior_closing_balance,synb1_txn_f978e63e95c18254e2946dd7,trusted,weekday_rule,base_calendar,True,230,2025-10-22,complete
2025-10-22,0.00,7138192.00,1,16891015.87,last_posted_transaction_or_prior_closing_balance,synb1_txn_d68bf91776b7b0c35a65e0ac,trusted,weekday_rule,base_calendar,True,231,2025-10-23,complete
2025-10-23,0.00,0.00,0,16891015.87,last_posted_transaction_or_prior_closing_balance,,trusted,weekday_rule,base_calendar,True,232,2025-10-24,complete
2025-10-24,0.00,0.00,0,16891015.87,last_posted_transaction_or_prior_closing_balance,,trusted,weekday_rule,base_calendar,True,233,2025-10-27,complete
2025-10-25,0.00,0.00,0,16891015.87,last_posted_transaction_or_prior_closing_balance,,trusted,weekday_rule,base_calendar,False,,,complete
2025-10-26,0.00,0.00,0,16891015.87,last_posted_transaction_or_prior_closing_balance,,trusted,weekday_rule,base_calendar,False,,,complete
2025-10-27,0.00,9549238.98,2,7341776.89,last_posted_transaction_or_prior_closing_balance,synb1_txn_99e6ca7632a652ae57535bf3,trusted,weekday_rule,base_calendar,True,234,2025-10-28,complete
2025-10-28,0.00,1463187.69,3,5878589.20,last_posted_transaction_or_prior_closing_balance,synb1_txn_81fd8f71c04b3dc95d1b7c4f,trusted,weekday_rule,base_calendar,True,235,2025-10-29,complete
2025-10-29,0.00,0.00,0,5878589.20,last_posted_transaction_or_prior_closing_balance,,trusted,weekday_rule,base_calendar,True,236,2025-10-30,complete
2025-10-30,10401403.37,0.00,1,16279992.57,last_posted_transaction_or_prior_closing_balance,synb1_txn_9f6dd1b61c8f6e350de68ff1,trusted,weekday_rule,base_calendar,True,237,2025-10-31,complete
2025-10-31,0.00,0.00,0,16279992.57,last_posted_transaction_or_prior_closing_balance,,trusted,weekday_rule,base_calendar,True,238,2025-11-01,complete
2025-11-01,0.00,112858.80,1,16167133.77,last_posted_transaction_or_prior_closing_balance,synb1_txn_dc05ed5d4c4a51b4b630512b,trusted,historical_transaction_override,historical_transaction_override,True,239,2025-11-03,complete
2025-11-02,0.00,0.00,0,16167133.77,last_posted_transaction_or_prior_closing_balance,,trusted,weekday_rule,base_calendar,False,,,complete
2025-11-03,0.00,0.00,0,16167133.77,last_posted_transaction_or_prior_closing_balance,,trusted,weekday_rule,base_calendar,True,240,2025-11-04,complete
2025-11-04,0.00,0.00,0,16167133.77,last_posted_transaction_or_prior_closing_balance,,trusted,weekday_rule,base_calendar,True,241,2025-11-05,complete
2025-11-05,0.00,0.00,0,16167133.77,last_posted_transaction_or_prior_closing_balance,,trusted,weekday_rule,base_calendar,True,242,2025-11-06,complete
2025-11-06,0.00,0.00,0,16167133.77,last_posted_transaction_or_prior_closing_balance,,trusted,weekday_rule,base_calendar,True,243,2025-11-07,complete
2025-11-07,0.00,0.00,0,16167133.77,last_posted_transaction_or_prior_closing_balance,,trusted,weekday_rule,base_calendar,True,244,2025-11-09,complete
2025-11-08,0.00,0.00,0,16167133.77,last_posted_transaction_or_prior_closing_balance,,trusted,weekday_rule,base_calendar,False,,,complete
2025-11-09,9027626.74,111539.02,2,25083221.49,last_posted_transaction_or_prior_closing_balance,synb1_txn_8e436989162693c4cad0e93c,trusted,historical_transaction_override,historical_transaction_override,True,245,2025-11-10,complete
2025-11-10,16156533.73,303971.26,3,40935783.96,last_posted_transaction_or_prior_closing_balance,synb1_txn_9eb27e85d2ea62b61838eeba,trusted,weekday_rule,base_calendar,True,246,2025-11-11,complete
2025-11-11,0.00,0.00,0,40935783.96,last_posted_transaction_or_prior_closing_balance,,trusted,weekday_rule,base_calendar,True,247,2025-11-12,complete
2025-11-12,0.00,0.00,0,40935783.96,last_posted_transaction_or_prior_closing_balance,,trusted,weekday_rule,base_calendar,True,248,2025-11-13,complete
2025-11-13,7430782.53,0.00,1,48366566.49,last_posted_transaction_or_prior_closing_balance,synb1_txn_e198bb5efa25087cb0569e76,trusted,weekday_rule,base_calendar,True,249,2025-11-14,complete
2025-11-14,0.00,0.00,0,48366566.49,last_posted_transaction_or_prior_closing_balance,,trusted,weekday_rule,base_calendar,True,250,2025-11-17,complete
2025-11-15,0.00,0.00,0,48366566.49,last_posted_transaction_or_prior_closing_balance,,trusted,weekday_rule,base_calendar,False,,,complete
2025-11-16,0.00,0.00,0,48366566.49,last_posted_transaction_or_prior_closing_balance,,trusted,weekday_rule,base_calendar,False,,,complete
2025-11-17,0.00,0.00,0,48366566.49,last_posted_transaction_or_prior_closing_balance,,trusted,weekday_rule,base_calendar,True,251,2025-11-18,complete
2025-11-18,0.00,0.00,0,48366566.49,last_posted_transaction_or_prior_closing_balance,,trusted,weekday_rule,base_calendar,True,252,2025-11-19,complete
2025-11-19,0.00,0.00,0,48366566.49,last_posted_transaction_or_prior_closing_balance,,trusted,weekday_rule,base_calendar,True,253,2025-11-20,complete
2025-11-20,0.00,0.00,0,48366566.49,last_posted_transaction_or_prior_closing_balance,,trusted,weekday_rule,base_calendar,True,254,2025-11-21,complete
2025-11-21,0.00,2958450.00,1,45408116.49,last_posted_transaction_or_prior_closing_balance,synb1_txn_7a8a76ceccb29e299c4e5561,trusted,weekday_rule,base_calendar,True,255,2025-11-23,complete
2025-11-22,0.00,0.00,0,45408116.49,last_posted_transaction_or_prior_closing_balance,,trusted,weekday_rule,base_calendar,False,,,complete
2025-11-23,0.00,14067888.50,2,31340227.99,last_posted_transaction_or_prior_closing_balance,synb1_txn_bc82229c28a012e1f6df60eb,trusted,historical_transaction_override,historical_transaction_override,True,256,2025-11-24,complete
2025-11-24,0.00,7298920.33,1,24041307.66,last_posted_transaction_or_prior_closing_balance,synb1_txn_745d922fe757f347db061226,trusted,weekday_rule,base_calendar,True,257,2025-11-25,complete
2025-11-25,0.00,7935160.24,1,16106147.42,last_posted_transaction_or_prior_closing_balance,synb1_txn_be1f0a21a32debc1ba2a4807,trusted,weekday_rule,base_calendar,True,258,2025-11-26,complete
2025-11-26,0.00,0.00,0,16106147.42,last_posted_transaction_or_prior_closing_balance,,trusted,weekday_rule,base_calendar,True,259,2025-11-27,complete
2025-11-27,0.00,0.00,0,16106147.42,last_posted_transaction_or_prior_closing_balance,,trusted,weekday_rule,base_calendar,True,260,2025-11-28,complete
2025-11-28,0.00,867393.91,3,15238753.51,last_posted_transaction_or_prior_closing_balance,synb1_txn_3b80fd843272552d7f589e2d,trusted,weekday_rule,base_calendar,True,261,2025-12-01,complete
2025-11-29,0.00,0.00,0,15238753.51,last_posted_transaction_or_prior_closing_balance,,trusted,weekday_rule,base_calendar,False,,,complete
2025-11-30,0.00,0.00,0,15238753.51,last_posted_transaction_or_prior_closing_balance,,trusted,weekday_rule,base_calendar,False,,,complete
2025-12-01,0.00,0.00,0,15238753.51,last_posted_transaction_or_prior_closing_balance,,trusted,weekday_rule,base_calendar,True,262,2025-12-02,complete
2025-12-02,0.00,119423.06,1,15119330.45,last_posted_transaction_or_prior_closing_balance,synb1_txn_ba4c900dde53aec95a6b449f,trusted,weekday_rule,base_calendar,True,263,2025-12-03,complete
2025-12-03,0.00,0.00,0,15119330.45,last_posted_transaction_or_prior_closing_balance,,trusted,weekday_rule,base_calendar,True,264,2025-12-04,complete
2025-12-04,0.00,0.00,0,15119330.45,last_posted_transaction_or_prior_closing_balance,,trusted,weekday_rule,base_calendar,True,265,2025-12-05,complete
2025-12-05,8505175.38,0.00,1,23624505.83,last_posted_transaction_or_prior_closing_balance,synb1_txn_0abf8272f552078ec9a24fde,trusted,weekday_rule,base_calendar,True,266,2025-12-07,complete
2025-12-06,0.00,0.00,0,23624505.83,last_posted_transaction_or_prior_closing_balance,,trusted,weekday_rule,base_calendar,False,,,complete
2025-12-07,0.00,6798683.72,1,16825822.11,last_posted_transaction_or_prior_closing_balance,synb1_txn_ed202348edf4a712e489d6e6,trusted,historical_transaction_override,historical_transaction_override,True,267,2025-12-08,complete
2025-12-08,0.00,0.00,0,16825822.11,last_posted_transaction_or_prior_closing_balance,,trusted,weekday_rule,base_calendar,True,268,2025-12-09,complete
2025-12-09,0.00,0.00,0,16825822.11,last_posted_transaction_or_prior_closing_balance,,trusted,weekday_rule,base_calendar,True,269,2025-12-10,complete
2025-12-10,0.00,0.00,0,16825822.11,last_posted_transaction_or_prior_closing_balance,,trusted,weekday_rule,base_calendar,True,270,2025-12-11,complete
2025-12-11,0.00,0.00,0,16825822.11,last_posted_transaction_or_prior_closing_balance,,trusted,weekday_rule,base_calendar,True,271,2025-12-12,complete
2025-12-12,0.00,0.00,0,16825822.11,last_posted_transaction_or_prior_closing_balance,,trusted,weekday_rule,base_calendar,True,272,2025-12-14,complete
2025-12-13,0.00,0.00,0,16825822.11,last_posted_transaction_or_prior_closing_balance,,trusted,weekday_rule,base_calendar,False,,,complete
2025-12-14,0.00,10280631.68,2,6545190.43,last_posted_transaction_or_prior_closing_balance,synb1_txn_f776bfa4d3216a458fef7928,trusted,historical_transaction_override,historical_transaction_override,True,273,2025-12-15,complete
2025-12-15,6891159.45,303971.26,2,13132378.62,last_posted_transaction_or_prior_closing_balance,synb1_txn_c3e702af50a71e487111b0fa,trusted,weekday_rule,base_calendar,True,274,2025-12-16,complete
2025-12-16,6540812.81,0.00,1,19673191.43,last_posted_transaction_or_prior_closing_balance,synb1_txn_646a1e154fe0de47c22b80de,trusted,weekday_rule,base_calendar,True,275,2025-12-17,complete
2025-12-17,0.00,0.00,0,19673191.43,last_posted_transaction_or_prior_closing_balance,,trusted,weekday_rule,base_calendar,True,276,2025-12-18,complete
2025-12-18,0.00,0.00,0,19673191.43,last_posted_transaction_or_prior_closing_balance,,trusted,weekday_rule,base_calendar,True,277,2025-12-19,complete
2025-12-19,0.00,0.00,0,19673191.43,last_posted_transaction_or_prior_closing_balance,,trusted,weekday_rule,base_calendar,True,278,2025-12-21,complete
2025-12-20,0.00,0.00,0,19673191.43,last_posted_transaction_or_prior_closing_balance,,trusted,weekday_rule,base_calendar,False,,,complete
2025-12-21,0.00,6003591.47,1,13669599.96,last_posted_transaction_or_prior_closing_balance,synb1_txn_021b0f4748991a354bb155b3,trusted,historical_transaction_override,historical_transaction_override,True,279,2025-12-22,complete
2025-12-22,0.00,0.00,0,13669599.96,last_posted_transaction_or_prior_closing_balance,,trusted,weekday_rule,base_calendar,True,280,2025-12-23,complete
2025-12-23,0.00,5633544.26,1,8036055.70,last_posted_transaction_or_prior_closing_balance,synb1_txn_201ae98cb3b6bdc805b60a38,trusted,weekday_rule,base_calendar,True,281,2025-12-24,complete
2025-12-24,0.00,0.00,0,8036055.70,last_posted_transaction_or_prior_closing_balance,,trusted,weekday_rule,base_calendar,True,282,2025-12-25,complete
2025-12-25,0.00,91511.96,1,7944543.74,last_posted_transaction_or_prior_closing_balance,synb1_txn_22d68e948ca4de43e59d7e59,trusted,weekday_rule,base_calendar,True,283,2025-12-26,complete
2025-12-26,7416301.06,0.00,1,15360844.80,last_posted_transaction_or_prior_closing_balance,synb1_txn_23c3528626bd62dda33707aa,trusted,weekday_rule,base_calendar,True,284,2025-12-27,complete
2025-12-27,0.00,115214.41,1,15245630.39,last_posted_transaction_or_prior_closing_balance,synb1_txn_16164c6d0a79ad1615935db7,trusted,historical_transaction_override,historical_transaction_override,True,285,2025-12-29,complete
2025-12-28,0.00,0.00,0,15245630.39,last_posted_transaction_or_prior_closing_balance,,trusted,weekday_rule,base_calendar,False,,,complete
2025-12-29,0.00,1069799.30,3,14175831.09,last_posted_transaction_or_prior_closing_balance,synb1_txn_34b0eec765f46dd8956c8cde,trusted,weekday_rule,base_calendar,True,286,2025-12-30,complete
2025-12-30,0.00,0.00,0,14175831.09,last_posted_transaction_or_prior_closing_balance,,trusted,weekday_rule,base_calendar,True,287,2025-12-31,complete
2025-12-31,0.00,0.00,0,14175831.09,last_posted_transaction_or_prior_closing_balance,,trusted,weekday_rule,base_calendar,True,288,2026-01-01,complete
2026-01-01,0.00,5578267.95,1,8597563.14,last_posted_transaction_or_prior_closing_balance,synb1_txn_d3b612cf87fba75fce79954c,trusted,historical_transaction_override,historical_transaction_override,True,289,2026-01-03,complete
2026-01-02,0.00,0.00,0,8597563.14,last_posted_transaction_or_prior_closing_balance,,trusted,gov_cn_2026_holiday_schedule_v1,base_calendar,False,,,complete
2026-01-03,0.00,117579.20,1,8479983.94,last_posted_transaction_or_prior_closing_balance,synb1_txn_79898a83e9525cdb5876edef,trusted,historical_transaction_override,historical_transaction_override,True,290,2026-01-04,complete
2026-01-04,0.00,0.00,0,8479983.94,last_posted_transaction_or_prior_closing_balance,,trusted,gov_cn_2026_holiday_schedule_v1,base_calendar,True,291,2026-01-05,complete
2026-01-05,0.00,0.00,0,8479983.94,last_posted_transaction_or_prior_closing_balance,,trusted,weekday_rule,base_calendar,True,292,2026-01-06,complete
2026-01-06,0.00,0.00,0,8479983.94,last_posted_transaction_or_prior_closing_balance,,trusted,weekday_rule,base_calendar,True,293,2026-01-07,complete
2026-01-07,8736448.49,0.00,1,17216432.43,last_posted_transaction_or_prior_closing_balance,synb1_txn_1ecca3d139a2856feae869e9,trusted,weekday_rule,base_calendar,True,294,2026-01-08,complete
2026-01-08,0.00,0.00,0,17216432.43,last_posted_transaction_or_prior_closing_balance,,trusted,weekday_rule,base_calendar,True,295,2026-01-09,complete
2026-01-09,0.00,0.00,0,17216432.43,last_posted_transaction_or_prior_closing_balance,,trusted,weekday_rule,base_calendar,True,296,2026-01-12,complete
2026-01-10,0.00,0.00,0,17216432.43,last_posted_transaction_or_prior_closing_balance,,trusted,weekday_rule,base_calendar,False,,,complete
2026-01-11,0.00,0.00,0,17216432.43,last_posted_transaction_or_prior_closing_balance,,trusted,weekday_rule,base_calendar,False,,,complete
2026-01-12,0.00,0.00,0,17216432.43,last_posted_transaction_or_prior_closing_balance,,trusted,weekday_rule,base_calendar,True,297,2026-01-13,complete
2026-01-13,0.00,0.00,0,17216432.43,last_posted_transaction_or_prior_closing_balance,,trusted,weekday_rule,base_calendar,True,298,2026-01-14,complete
2026-01-14,10497149.60,7017135.04,2,20696446.99,last_posted_transaction_or_prior_closing_balance,synb1_txn_ced0dcfadb538c5b19684a98,trusted,weekday_rule,base_calendar,True,299,2026-01-15,complete
2026-01-15,0.00,0.00,0,20696446.99,last_posted_transaction_or_prior_closing_balance,,trusted,weekday_rule,base_calendar,True,300,2026-01-16,complete
2026-01-16,0.00,2958450.00,1,17737996.99,last_posted_transaction_or_prior_closing_balance,synb1_txn_29894b0a9eae8cd62486b5b9,trusted,weekday_rule,base_calendar,True,301,2026-01-17,complete
2026-01-17,8009694.86,0.00,1,25747691.85,last_posted_transaction_or_prior_closing_balance,synb1_txn_241f042fe6fb9345c4773ca9,trusted,historical_transaction_override,historical_transaction_override,True,302,2026-01-18,complete
2026-01-18,0.00,303971.26,1,25443720.59,last_posted_transaction_or_prior_closing_balance,synb1_txn_52fc7bcb1ff553470ce38c33,trusted,historical_transaction_override,historical_transaction_override,True,303,2026-01-19,complete
2026-01-19,0.00,7584176.26,1,17859544.33,last_posted_transaction_or_prior_closing_balance,synb1_txn_a5f10ca1d13b4499610c7671,trusted,weekday_rule,base_calendar,True,304,2026-01-20,complete
2026-01-20,8633144.35,0.00,1,26492688.68,last_posted_transaction_or_prior_closing_balance,synb1_txn_e321ebaf681ce77ce002fab3,trusted,weekday_rule,base_calendar,True,305,2026-01-21,complete
2026-01-21,0.00,0.00,0,26492688.68,last_posted_transaction_or_prior_closing_balance,,trusted,weekday_rule,base_calendar,True,306,2026-01-22,complete
2026-01-22,0.00,7610556.59,2,18882132.09,last_posted_transaction_or_prior_closing_balance,synb1_txn_492623bc3ae28410843d2d5e,trusted,weekday_rule,base_calendar,True,307,2026-01-23,complete
2026-01-23,0.00,110665.38,1,18771466.71,last_posted_transaction_or_prior_closing_balance,synb1_txn_30cc888d43426d8d30c87329,trusted,weekday_rule,base_calendar,True,308,2026-01-26,complete
2026-01-24,0.00,0.00,0,18771466.71,last_posted_transaction_or_prior_closing_balance,,trusted,weekday_rule,base_calendar,False,,,complete
2026-01-25,0.00,0.00,0,18771466.71,last_posted_transaction_or_prior_closing_balance,,trusted,weekday_rule,base_calendar,False,,,complete
2026-01-26,0.00,0.00,0,18771466.71,last_posted_transaction_or_prior_closing_balance,,trusted,weekday_rule,base_calendar,True,309,2026-01-27,complete
2026-01-27,0.00,0.00,0,18771466.71,last_posted_transaction_or_prior_closing_balance,,trusted,weekday_rule,base_calendar,True,310,2026-01-28,complete
2026-01-28,0.00,1463187.69,3,17308279.02,last_posted_transaction_or_prior_closing_balance,synb1_txn_360321ddcdeb2fe1248b489d,trusted,weekday_rule,base_calendar,True,311,2026-01-29,complete
2026-01-29,0.00,0.00,0,17308279.02,last_posted_transaction_or_prior_closing_balance,,trusted,weekday_rule,base_calendar,True,312,2026-01-30,complete
2026-01-30,0.00,0.00,0,17308279.02,last_posted_transaction_or_prior_closing_balance,,trusted,weekday_rule,base_calendar,True,313,2026-02-02,complete
2026-01-31,0.00,0.00,0,17308279.02,last_posted_transaction_or_prior_closing_balance,,trusted,weekday_rule,base_calendar,False,,,complete
2026-02-01,0.00,0.00,0,17308279.02,last_posted_transaction_or_prior_closing_balance,,trusted,weekday_rule,base_calendar,False,,,complete
2026-02-02,8289347.60,0.00,1,25597626.62,last_posted_transaction_or_prior_closing_balance,synb1_txn_91ad6def30d4206f99cfc1e1,trusted,weekday_rule,base_calendar,True,314,2026-02-03,complete
2026-02-03,0.00,7835880.26,1,17761746.36,last_posted_transaction_or_prior_closing_balance,synb1_txn_f0260760a1d67305348c77dc,trusted,weekday_rule,base_calendar,True,315,2026-02-04,complete
2026-02-04,0.00,96857.00,1,17664889.36,last_posted_transaction_or_prior_closing_balance,synb1_txn_cc86a448bf95643abc7289a2,trusted,weekday_rule,base_calendar,True,316,2026-02-05,complete
2026-02-05,0.00,120789.86,1,17544099.50,last_posted_transaction_or_prior_closing_balance,synb1_txn_89f00f7bf2b23ec9a523eef7,trusted,weekday_rule,base_calendar,True,317,2026-02-06,complete
2026-02-06,0.00,0.00,0,17544099.50,last_posted_transaction_or_prior_closing_balance,,trusted,weekday_rule,base_calendar,True,318,2026-02-08,complete
2026-02-07,0.00,0.00,0,17544099.50,last_posted_transaction_or_prior_closing_balance,,trusted,weekday_rule,base_calendar,False,,,complete
2026-02-08,0.00,108502.57,1,17435596.93,last_posted_transaction_or_prior_closing_balance,synb1_txn_551af32844219e724449d76a,trusted,historical_transaction_override,historical_transaction_override,True,319,2026-02-09,complete
2026-02-09,0.00,0.00,0,17435596.93,last_posted_transaction_or_prior_closing_balance,,trusted,weekday_rule,base_calendar,True,320,2026-02-10,complete
2026-02-10,0.00,0.00,0,17435596.93,last_posted_transaction_or_prior_closing_balance,,trusted,weekday_rule,base_calendar,True,321,2026-02-11,complete
2026-02-11,0.00,0.00,0,17435596.93,last_posted_transaction_or_prior_closing_balance,,trusted,weekday_rule,base_calendar,True,322,2026-02-12,complete
2026-02-12,0.00,0.00,0,17435596.93,last_posted_transaction_or_prior_closing_balance,,trusted,weekday_rule,base_calendar,True,323,2026-02-13,complete
2026-02-13,0.00,0.00,0,17435596.93,last_posted_transaction_or_prior_closing_balance,,trusted,weekday_rule,base_calendar,True,324,2026-02-14,complete
2026-02-14,0.00,0.00,0,17435596.93,last_posted_transaction_or_prior_closing_balance,,trusted,gov_cn_2026_holiday_schedule_v1,base_calendar,True,325,2026-02-16,complete
2026-02-15,0.00,0.00,0,17435596.93,last_posted_transaction_or_prior_closing_balance,,trusted,gov_cn_2026_holiday_schedule_v1,base_calendar,False,,,complete
2026-02-16,0.00,303971.26,1,17131625.67,last_posted_transaction_or_prior_closing_balance,synb1_txn_4dd494c81a55c1ef2a610c89,trusted,historical_transaction_override,historical_transaction_override,True,326,2026-02-18,complete
2026-02-17,0.00,0.00,0,17131625.67,last_posted_transaction_or_prior_closing_balance,,trusted,gov_cn_2026_holiday_schedule_v1,base_calendar,False,,,complete
2026-02-18,16285163.05,0.00,2,33416788.72,last_posted_transaction_or_prior_closing_balance,synb1_txn_89ee5e7d1caaceae6e7cc134,trusted,historical_transaction_override,historical_transaction_override,True,327,2026-02-19,complete
2026-02-19,0.00,7289944.09,1,26126844.63,last_posted_transaction_or_prior_closing_balance,synb1_txn_acb28046b363a9883c3d1005,trusted,historical_transaction_override,historical_transaction_override,True,328,2026-02-20,complete
2026-02-20,8040432.35,2958450.00,2,31208826.98,last_posted_transaction_or_prior_closing_balance,synb1_txn_0698b99819f21f2092644f92,trusted,historical_transaction_override,historical_transaction_override,True,329,2026-02-24,complete
2026-02-21,0.00,0.00,0,31208826.98,last_posted_transaction_or_prior_closing_balance,,trusted,gov_cn_2026_holiday_schedule_v1,base_calendar,False,,,complete
2026-02-22,0.00,0.00,0,31208826.98,last_posted_transaction_or_prior_closing_balance,,trusted,gov_cn_2026_holiday_schedule_v1,base_calendar,False,,,complete
2026-02-23,0.00,0.00,0,31208826.98,last_posted_transaction_or_prior_closing_balance,,trusted,gov_cn_2026_holiday_schedule_v1,base_calendar,False,,,complete
2026-02-24,0.00,6806466.73,1,24402360.25,last_posted_transaction_or_prior_closing_balance,synb1_txn_70128870f90ac7a43e615e66,trusted,weekday_rule,base_calendar,True,330,2026-02-25,complete
2026-02-25,0.00,0.00,0,24402360.25,last_posted_transaction_or_prior_closing_balance,,trusted,weekday_rule,base_calendar,True,331,2026-02-26,complete
2026-02-26,0.00,0.00,0,24402360.25,last_posted_transaction_or_prior_closing_balance,,trusted,weekday_rule,base_calendar,True,332,2026-02-27,complete
2026-02-27,0.00,0.00,0,24402360.25,last_posted_transaction_or_prior_closing_balance,,trusted,weekday_rule,base_calendar,True,333,2026-02-28,complete
2026-02-28,0.00,8762681.68,3,15639678.57,last_posted_transaction_or_prior_closing_balance,synb1_txn_2d1ce838c63a4a05e9cc5fe6,trusted,gov_cn_2026_holiday_schedule_v1,base_calendar,True,334,2026-03-01,complete
2026-03-01,0.00,216322.47,2,15423356.10,last_posted_transaction_or_prior_closing_balance,synb1_txn_af8231b9e62bb8608c252d3e,trusted,historical_transaction_override,historical_transaction_override,True,335,2026-03-02,complete
2026-03-02,0.00,0.00,0,15423356.10,last_posted_transaction_or_prior_closing_balance,,trusted,weekday_rule,base_calendar,True,336,2026-03-03,complete
2026-03-03,0.00,0.00,0,15423356.10,last_posted_transaction_or_prior_closing_balance,,trusted,weekday_rule,base_calendar,True,337,2026-03-04,complete
2026-03-04,0.00,0.00,0,15423356.10,last_posted_transaction_or_prior_closing_balance,,trusted,weekday_rule,base_calendar,True,338,2026-03-05,complete
2026-03-05,0.00,5835823.11,1,9587532.99,last_posted_transaction_or_prior_closing_balance,synb1_txn_d6b710d9dc9ffbf2a28f130a,trusted,weekday_rule,base_calendar,True,339,2026-03-06,complete
2026-03-06,0.00,0.00,0,9587532.99,last_posted_transaction_or_prior_closing_balance,,trusted,weekday_rule,base_calendar,True,340,2026-03-07,complete
2026-03-07,6800934.18,303971.26,2,16084495.91,last_posted_transaction_or_prior_closing_balance,synb1_txn_875d5073f5515ad283128fa5,trusted,historical_transaction_override,historical_transaction_override,True,341,2026-03-09,complete
2026-03-08,0.00,0.00,0,16084495.91,last_posted_transaction_or_prior_closing_balance,,trusted,weekday_rule,base_calendar,False,,,complete
2026-03-09,0.00,0.00,0,16084495.91,last_posted_transaction_or_prior_closing_balance,,trusted,weekday_rule,base_calendar,True,342,2026-03-10,complete
2026-03-10,0.00,0.00,0,16084495.91,last_posted_transaction_or_prior_closing_balance,,trusted,weekday_rule,base_calendar,True,343,2026-03-11,complete
2026-03-11,0.00,0.00,0,16084495.91,last_posted_transaction_or_prior_closing_balance,,trusted,weekday_rule,base_calendar,True,344,2026-03-12,complete
2026-03-12,0.00,0.00,0,16084495.91,last_posted_transaction_or_prior_closing_balance,,trusted,weekday_rule,base_calendar,True,345,2026-03-13,complete
2026-03-13,0.00,0.00,0,16084495.91,last_posted_transaction_or_prior_closing_balance,,trusted,weekday_rule,base_calendar,True,346,2026-03-14,complete
2026-03-14,7099588.46,0.00,1,23184084.37,last_posted_transaction_or_prior_closing_balance,synb1_txn_236b7d85b5aae6409c1b2ec7,trusted,historical_transaction_override,historical_transaction_override,True,347,2026-03-15,complete
2026-03-15,0.00,2958450.00,1,20225634.37,last_posted_transaction_or_prior_closing_balance,synb1_txn_c48e91e5070a3950a7797580,trusted,historical_transaction_override,historical_transaction_override,True,348,2026-03-16,complete
2026-03-16,0.00,0.00,0,20225634.37,last_posted_transaction_or_prior_closing_balance,,trusted,weekday_rule,base_calendar,True,349,2026-03-17,complete
2026-03-17,0.00,6473575.13,1,13752059.24,last_posted_transaction_or_prior_closing_balance,synb1_txn_49be0f0a0ab936cae9b76001,trusted,weekday_rule,base_calendar,True,350,2026-03-18,complete
2026-03-18,15452926.06,0.00,2,29204985.30,last_posted_transaction_or_prior_closing_balance,synb1_txn_b329ab0f7a335c626bad822f,trusted,weekday_rule,base_calendar,True,351,2026-03-19,complete
2026-03-19,0.00,0.00,0,29204985.30,last_posted_transaction_or_prior_closing_balance,,trusted,weekday_rule,base_calendar,True,352,2026-03-20,complete
2026-03-20,0.00,0.00,0,29204985.30,last_posted_transaction_or_prior_closing_balance,,trusted,weekday_rule,base_calendar,True,353,2026-03-23,complete
2026-03-21,0.00,0.00,0,29204985.30,last_posted_transaction_or_prior_closing_balance,,trusted,weekday_rule,base_calendar,False,,,complete
2026-03-22,0.00,0.00,0,29204985.30,last_posted_transaction_or_prior_closing_balance,,trusted,weekday_rule,base_calendar,False,,,complete
2026-03-23,0.00,0.00,0,29204985.30,last_posted_transaction_or_prior_closing_balance,,trusted,weekday_rule,base_calendar,True,354,2026-03-24,complete
2026-03-24,0.00,0.00,0,29204985.30,last_posted_transaction_or_prior_closing_balance,,trusted,weekday_rule,base_calendar,True,355,2026-03-25,complete
2026-03-25,0.00,0.00,0,29204985.30,last_posted_transaction_or_prior_closing_balance,,trusted,weekday_rule,base_calendar,True,356,2026-03-26,complete
2026-03-26,0.00,6940830.75,2,22264154.55,last_posted_transaction_or_prior_closing_balance,synb1_txn_88d623fd6c283b3b39c7b28f,trusted,weekday_rule,base_calendar,True,357,2026-03-27,complete
2026-03-27,0.00,0.00,0,22264154.55,last_posted_transaction_or_prior_closing_balance,,trusted,weekday_rule,base_calendar,True,358,2026-03-29,complete
2026-03-28,0.00,0.00,0,22264154.55,last_posted_transaction_or_prior_closing_balance,,trusted,weekday_rule,base_calendar,False,,,complete
2026-03-29,0.00,7346563.57,1,14917590.98,last_posted_transaction_or_prior_closing_balance,synb1_txn_8ed91064a0c51220d23fbde2,trusted,historical_transaction_override,historical_transaction_override,True,359,2026-03-30,complete
2026-03-30,0.00,1069799.30,3,13847791.68,last_posted_transaction_or_prior_closing_balance,synb1_txn_97cfda272f2f552ebc8caaf8,trusted,weekday_rule,base_calendar,True,360,2026-03-31,complete
2026-03-31,0.00,0.00,0,13847791.68,last_posted_transaction_or_prior_closing_balance,,trusted,weekday_rule,base_calendar,True,361,2026-04-01,complete
2026-04-01,0.00,6749855.95,1,7097935.73,last_posted_transaction_or_prior_closing_balance,synb1_txn_655013bfdc271ee7e13591ab,trusted,weekday_rule,base_calendar,True,362,2026-04-02,complete
2026-04-02,0.00,0.00,0,7097935.73,last_posted_transaction_or_prior_closing_balance,,trusted,weekday_rule,base_calendar,True,363,2026-04-03,complete
2026-04-03,0.00,0.00,0,7097935.73,last_posted_transaction_or_prior_closing_balance,,trusted,weekday_rule,base_calendar,True,364,2026-04-05,complete
2026-04-04,0.00,0.00,0,7097935.73,last_posted_transaction_or_prior_closing_balance,,trusted,gov_cn_2026_holiday_schedule_v1,base_calendar,False,,,complete
2026-04-05,0.00,100312.85,1,6997622.88,last_posted_transaction_or_prior_closing_balance,synb1_txn_7867355ef89788230182b7a9,trusted,historical_transaction_override,historical_transaction_override,True,365,2026-04-07,complete
2026-04-06,0.00,0.00,0,6997622.88,last_posted_transaction_or_prior_closing_balance,,trusted,gov_cn_2026_holiday_schedule_v1,base_calendar,False,,,complete
2026-04-07,0.00,0.00,0,6997622.88,last_posted_transaction_or_prior_closing_balance,,trusted,weekday_rule,base_calendar,True,366,2026-04-08,complete
2026-04-08,0.00,0.00,0,6997622.88,last_posted_transaction_or_prior_closing_balance,,trusted,weekday_rule,base_calendar,True,367,2026-04-09,complete
2026-04-09,0.00,0.00,0,6997622.88,last_posted_transaction_or_prior_closing_balance,,trusted,weekday_rule,base_calendar,True,368,2026-04-10,complete
2026-04-10,0.00,0.00,0,6997622.88,last_posted_transaction_or_prior_closing_balance,,trusted,weekday_rule,base_calendar,True,369,2026-04-12,complete
2026-04-11,0.00,0.00,0,6997622.88,last_posted_transaction_or_prior_closing_balance,,trusted,weekday_rule,base_calendar,False,,,complete
2026-04-12,10616487.48,422141.82,3,17191968.54,last_posted_transaction_or_prior_closing_balance,synb1_txn_3121025cc9fe9e6ccd341715,trusted,historical_transaction_override,historical_transaction_override,True,370,2026-04-13,complete
2026-04-13,8324838.80,107666.02,2,25409141.32,last_posted_transaction_or_prior_closing_balance,synb1_txn_0ea4a71aa77aef6d4d455c97,trusted,weekday_rule,base_calendar,True,371,2026-04-14,complete
2026-04-14,0.00,0.00,0,25409141.32,last_posted_transaction_or_prior_closing_balance,,trusted,weekday_rule,base_calendar,True,372,2026-04-15,complete
2026-04-15,0.00,0.00,0,25409141.32,last_posted_transaction_or_prior_closing_balance,,trusted,weekday_rule,base_calendar,True,373,2026-04-16,complete
2026-04-16,0.00,0.00,0,25409141.32,last_posted_transaction_or_prior_closing_balance,,trusted,weekday_rule,base_calendar,True,374,2026-04-17,complete
2026-04-17,9466572.53,0.00,1,34875713.85,last_posted_transaction_or_prior_closing_balance,synb1_txn_6e585646971eb27a5ffcfda6,trusted,weekday_rule,base_calendar,True,375,2026-04-18,complete
2026-04-18,7468538.49,0.00,1,42344252.34,last_posted_transaction_or_prior_closing_balance,synb1_txn_97f17ceca930a4d2e84272ed,trusted,historical_transaction_override,historical_transaction_override,True,376,2026-04-20,complete
2026-04-19,0.00,0.00,0,42344252.34,last_posted_transaction_or_prior_closing_balance,,trusted,weekday_rule,base_calendar,False,,,complete
2026-04-20,0.00,2958450.00,1,39385802.34,last_posted_transaction_or_prior_closing_balance,synb1_txn_15095d259af1966f9e6b7798,trusted,weekday_rule,base_calendar,True,377,2026-04-21,complete
2026-04-21,0.00,0.00,0,39385802.34,last_posted_transaction_or_prior_closing_balance,,trusted,weekday_rule,base_calendar,True,378,2026-04-22,complete
2026-04-22,0.00,0.00,0,39385802.34,last_posted_transaction_or_prior_closing_balance,,trusted,weekday_rule,base_calendar,True,379,2026-04-23,complete
2026-04-23,0.00,0.00,0,39385802.34,last_posted_transaction_or_prior_closing_balance,,trusted,weekday_rule,base_calendar,True,380,2026-04-24,complete
2026-04-24,0.00,0.00,0,39385802.34,last_posted_transaction_or_prior_closing_balance,,trusted,weekday_rule,base_calendar,True,381,2026-04-25,complete
2026-04-25,0.00,6307089.51,1,33078712.83,last_posted_transaction_or_prior_closing_balance,synb1_txn_3eed8d62ecfacdf98c7b5d05,trusted,historical_transaction_override,historical_transaction_override,True,382,2026-04-27,complete
2026-04-26,0.00,0.00,0,33078712.83,last_posted_transaction_or_prior_closing_balance,,trusted,weekday_rule,base_calendar,False,,,complete
2026-04-27,0.00,6469269.76,1,26609443.07,last_posted_transaction_or_prior_closing_balance,synb1_txn_f359deeaa88c81002a66c88e,trusted,weekday_rule,base_calendar,True,383,2026-04-28,complete
2026-04-28,0.00,1463187.69,3,25146255.38,last_posted_transaction_or_prior_closing_balance,synb1_txn_bc97e531dc0780d210ba1a8d,trusted,weekday_rule,base_calendar,True,384,2026-04-29,complete
2026-04-29,0.00,8332907.43,1,16813347.95,last_posted_transaction_or_prior_closing_balance,synb1_txn_c14e9506e3dfe58971eab3bb,trusted,weekday_rule,base_calendar,True,385,2026-04-30,complete
2026-04-30,0.00,0.00,0,16813347.95,last_posted_transaction_or_prior_closing_balance,,trusted,weekday_rule,base_calendar,True,386,2026-05-03,complete
2026-05-01,0.00,0.00,0,16813347.95,last_posted_transaction_or_prior_closing_balance,,trusted,gov_cn_2026_holiday_schedule_v1,base_calendar,False,,,complete
2026-05-02,0.00,0.00,0,16813347.95,last_posted_transaction_or_prior_closing_balance,,trusted,gov_cn_2026_holiday_schedule_v1,base_calendar,False,,,complete
2026-05-03,9140267.67,0.00,1,25953615.62,last_posted_transaction_or_prior_closing_balance,synb1_txn_5be3cf19827a76aadcdc080d,trusted,historical_transaction_override,historical_transaction_override,True,387,2026-05-06,complete
2026-05-04,0.00,0.00,0,25953615.62,last_posted_transaction_or_prior_closing_balance,,trusted,gov_cn_2026_holiday_schedule_v1,base_calendar,False,,,complete
2026-05-05,0.00,0.00,0,25953615.62,last_posted_transaction_or_prior_closing_balance,,trusted,gov_cn_2026_holiday_schedule_v1,base_calendar,False,,,complete
2026-05-06,0.00,0.00,0,25953615.62,last_posted_transaction_or_prior_closing_balance,,trusted,weekday_rule,base_calendar,True,388,2026-05-07,complete
2026-05-07,0.00,0.00,0,25953615.62,last_posted_transaction_or_prior_closing_balance,,trusted,weekday_rule,base_calendar,True,389,2026-05-08,complete
2026-05-08,0.00,0.00,0,25953615.62,last_posted_transaction_or_prior_closing_balance,,trusted,weekday_rule,base_calendar,True,390,2026-05-09,complete
2026-05-09,0.00,0.00,0,25953615.62,last_posted_transaction_or_prior_closing_balance,,trusted,gov_cn_2026_holiday_schedule_v1,base_calendar,True,391,2026-05-11,complete
2026-05-10,0.00,0.00,0,25953615.62,last_posted_transaction_or_prior_closing_balance,,trusted,weekday_rule,base_calendar,False,,,complete
2026-05-11,0.00,0.00,0,25953615.62,last_posted_transaction_or_prior_closing_balance,,trusted,weekday_rule,base_calendar,True,392,2026-05-12,complete
2026-05-12,8786402.96,0.00,1,34740018.58,last_posted_transaction_or_prior_closing_balance,synb1_txn_0aa1cfad46a52f3f6a632f87,trusted,weekday_rule,base_calendar,True,393,2026-05-13,complete
2026-05-13,0.00,0.00,0,34740018.58,last_posted_transaction_or_prior_closing_balance,,trusted,weekday_rule,base_calendar,True,394,2026-05-14,complete
2026-05-14,0.00,303971.26,1,34436047.32,last_posted_transaction_or_prior_closing_balance,synb1_txn_6cb4d2493ce69f1c0c418f71,trusted,weekday_rule,base_calendar,True,395,2026-05-15,complete
2026-05-15,0.00,0.00,0,34436047.32,last_posted_transaction_or_prior_closing_balance,,trusted,weekday_rule,base_calendar,True,396,2026-05-16,complete
2026-05-16,14688272.37,0.00,2,49124319.69,last_posted_transaction_or_prior_closing_balance,synb1_txn_bd24f71fa4168c653f4f3f5a,trusted,historical_transaction_override,historical_transaction_override,True,397,2026-05-17,complete
2026-05-17,0.00,111589.41,1,49012730.28,last_posted_transaction_or_prior_closing_balance,synb1_txn_c231892f636b875e46501e4e,trusted,historical_transaction_override,historical_transaction_override,True,398,2026-05-18,complete
2026-05-18,0.00,101184.74,1,48911545.54,last_posted_transaction_or_prior_closing_balance,synb1_txn_8b1048501f209a58de69acd8,trusted,weekday_rule,base_calendar,True,399,2026-05-19,complete
2026-05-19,0.00,2958450.00,1,45953095.54,last_posted_transaction_or_prior_closing_balance,synb1_txn_f08e9b1f2f55b7378992b6cf,trusted,weekday_rule,base_calendar,True,400,2026-05-20,complete
2026-05-20,0.00,0.00,0,45953095.54,last_posted_transaction_or_prior_closing_balance,,trusted,weekday_rule,base_calendar,True,401,2026-05-21,complete
2026-05-21,0.00,0.00,0,45953095.54,last_posted_transaction_or_prior_closing_balance,,trusted,weekday_rule,base_calendar,True,402,2026-05-22,complete
2026-05-22,0.00,0.00,0,45953095.54,last_posted_transaction_or_prior_closing_balance,,trusted,weekday_rule,base_calendar,True,403,2026-05-23,complete
2026-05-23,0.00,113375.28,1,45839720.26,last_posted_transaction_or_prior_closing_balance,synb1_txn_4aa21a3219060db9b295e73f,trusted,historical_transaction_override,historical_transaction_override,True,404,2026-05-25,complete
2026-05-24,0.00,0.00,0,45839720.26,last_posted_transaction_or_prior_closing_balance,,trusted,weekday_rule,base_calendar,False,,,complete
2026-05-25,0.00,6254797.64,1,39584922.62,last_posted_transaction_or_prior_closing_balance,synb1_txn_78fb05e682562d9d4a7082bd,trusted,weekday_rule,base_calendar,True,405,2026-05-26,complete
2026-05-26,0.00,0.00,0,39584922.62,last_posted_transaction_or_prior_closing_balance,,trusted,weekday_rule,base_calendar,True,406,2026-05-27,complete
2026-05-27,0.00,0.00,0,39584922.62,last_posted_transaction_or_prior_closing_balance,,trusted,weekday_rule,base_calendar,True,407,2026-05-28,complete
2026-05-28,0.00,765642.30,2,38819280.32,last_posted_transaction_or_prior_closing_balance,synb1_txn_ed753d9d7158f7adbad6be4a,trusted,weekday_rule,base_calendar,True,408,2026-05-29,complete
2026-05-29,0.00,7722568.69,1,31096711.63,last_posted_transaction_or_prior_closing_balance,synb1_txn_36e904fa698057adaa63fd66,trusted,weekday_rule,base_calendar,True,409,2026-05-31,complete
2026-05-30,0.00,0.00,0,31096711.63,last_posted_transaction_or_prior_closing_balance,,trusted,weekday_rule,base_calendar,False,,,complete
2026-05-31,0.00,13829784.24,2,17266927.39,last_posted_transaction_or_prior_closing_balance,synb1_txn_21af49f8fbdc608fff4ee447,trusted,historical_transaction_override,historical_transaction_override,True,410,2026-06-01,complete
2026-06-01,0.00,0.00,0,17266927.39,last_posted_transaction_or_prior_closing_balance,,trusted,weekday_rule,base_calendar,True,411,2026-06-02,complete
2026-06-02,0.00,6697728.62,1,10569198.77,last_posted_transaction_or_prior_closing_balance,synb1_txn_121df2b3f3c0694bdbce9b57,trusted,weekday_rule,base_calendar,True,412,2026-06-03,complete
2026-06-03,0.00,0.00,0,10569198.77,last_posted_transaction_or_prior_closing_balance,,trusted,weekday_rule,base_calendar,True,413,2026-06-04,complete
2026-06-04,0.00,0.00,0,10569198.77,last_posted_transaction_or_prior_closing_balance,,trusted,weekday_rule,base_calendar,True,414,2026-06-05,complete
2026-06-05,0.00,0.00,0,10569198.77,last_posted_transaction_or_prior_closing_balance,,trusted,weekday_rule,base_calendar,True,415,2026-06-08,complete
2026-06-06,0.00,0.00,0,10569198.77,last_posted_transaction_or_prior_closing_balance,,trusted,weekday_rule,base_calendar,False,,,complete
2026-06-07,0.00,0.00,0,10569198.77,last_posted_transaction_or_prior_closing_balance,,trusted,weekday_rule,base_calendar,False,,,complete
2026-06-08,0.00,0.00,0,10569198.77,last_posted_transaction_or_prior_closing_balance,,trusted,weekday_rule,base_calendar,True,416,2026-06-09,complete
2026-06-09,0.00,0.00,0,10569198.77,last_posted_transaction_or_prior_closing_balance,,trusted,weekday_rule,base_calendar,True,417,2026-06-10,complete
2026-06-10,8216579.18,0.00,1,18785777.95,last_posted_transaction_or_prior_closing_balance,synb1_txn_055bb54df8fa4791ca496fd4,trusted,weekday_rule,base_calendar,True,418,2026-06-11,complete
2026-06-11,0.00,0.00,0,18785777.95,last_posted_transaction_or_prior_closing_balance,,trusted,weekday_rule,base_calendar,True,419,2026-06-12,complete
2026-06-12,0.00,0.00,0,18785777.95,last_posted_transaction_or_prior_closing_balance,,trusted,weekday_rule,base_calendar,True,420,2026-06-13,complete
2026-06-13,7109262.09,0.00,1,25895040.04,last_posted_transaction_or_prior_closing_balance,synb1_txn_04fd6b2cbd7f978a3d898bf4,trusted,historical_transaction_override,historical_transaction_override,True,421,2026-06-14,complete
2026-06-14,0.00,113141.14,1,25781898.90,last_posted_transaction_or_prior_closing_balance,synb1_txn_e3290158b2987116e0263c65,trusted,historical_transaction_override,historical_transaction_override,True,422,2026-06-15,complete
2026-06-15,0.00,303971.26,1,25477927.64,last_posted_transaction_or_prior_closing_balance,synb1_txn_845cfb51f192201f979e1d65,trusted,weekday_rule,base_calendar,True,423,2026-06-16,complete
2026-06-16,0.00,0.00,0,25477927.64,last_posted_transaction_or_prior_closing_balance,,trusted,weekday_rule,base_calendar,True,424,2026-06-17,complete
2026-06-17,0.00,6693333.37,1,18784594.27,last_posted_transaction_or_prior_closing_balance,synb1_txn_2ab3f65f15969bfd1c3a7304,trusted,weekday_rule,base_calendar,True,425,2026-06-18,complete
2026-06-18,6941414.45,0.00,1,25726008.72,last_posted_transaction_or_prior_closing_balance,synb1_txn_65c5cec88152edfaefef29cc,trusted,weekday_rule,base_calendar,True,426,2026-06-20,complete
2026-06-19,0.00,0.00,0,25726008.72,last_posted_transaction_or_prior_closing_balance,,trusted,gov_cn_2026_holiday_schedule_v1,base_calendar,False,,,complete
2026-06-20,7086192.98,213008.29,3,32599193.41,last_posted_transaction_or_prior_closing_balance,synb1_txn_8b752785c48b4d9cde12620c,trusted,historical_transaction_override,historical_transaction_override,True,427,2026-06-22,complete
2026-06-21,0.00,0.00,0,32599193.41,last_posted_transaction_or_prior_closing_balance,,trusted,gov_cn_2026_holiday_schedule_v1,base_calendar,False,,,complete
2026-06-22,0.00,0.00,0,32599193.41,last_posted_transaction_or_prior_closing_balance,,trusted,weekday_rule,base_calendar,True,428,2026-06-23,complete
2026-06-23,0.00,2958450.00,1,29640743.41,last_posted_transaction_or_prior_closing_balance,synb1_txn_b2601095568f7d852bd3eebc,trusted,weekday_rule,base_calendar,True,429,2026-06-24,complete
2026-06-24,0.00,6498686.71,1,23142056.70,last_posted_transaction_or_prior_closing_balance,synb1_txn_6eb7db05ac6c31c2f7b699b7,trusted,weekday_rule,base_calendar,True,430,2026-06-25,complete
2026-06-25,0.00,0.00,0,23142056.70,last_posted_transaction_or_prior_closing_balance,,trusted,weekday_rule,base_calendar,True,431,2026-06-26,complete
2026-06-26,0.00,0.00,0,23142056.70,last_posted_transaction_or_prior_closing_balance,,trusted,weekday_rule,base_calendar,True,432,2026-06-29,complete
2026-06-27,0.00,0.00,0,23142056.70,last_posted_transaction_or_prior_closing_balance,,trusted,weekday_rule,base_calendar,False,,,complete
2026-06-28,0.00,0.00,0,23142056.70,last_posted_transaction_or_prior_closing_balance,,trusted,weekday_rule,base_calendar,False,,,complete
2026-06-29,0.00,1069799.30,3,22072257.40,last_posted_transaction_or_prior_closing_balance,synb1_txn_7884c0c236ffa5900a9076b0,trusted,weekday_rule,base_calendar,True,433,2026-06-30,complete
2026-06-30,0.00,6417060.69,1,15655196.71,last_posted_transaction_or_prior_closing_balance,synb1_txn_290de168565193a6aaeb5dda,trusted,weekday_rule,base_calendar,True,434,2026-07-01,complete
2026-07-01,0.00,7695447.40,1,7959749.31,last_posted_transaction_or_prior_closing_balance,synb1_txn_db5aa32735fb9eb15894bfc0,trusted,weekday_rule,base_calendar,True,435,2026-07-02,complete
2026-07-02,0.00,0.00,0,7959749.31,last_posted_transaction_or_prior_closing_balance,,trusted,weekday_rule,base_calendar,True,436,2026-07-03,complete
2026-07-03,0.00,0.00,0,7959749.31,last_posted_transaction_or_prior_closing_balance,,trusted,weekday_rule,base_calendar,True,437,2026-07-04,complete
2026-07-04,0.00,98652.61,1,7861096.70,last_posted_transaction_or_prior_closing_balance,synb1_txn_9532567e8eac215cf54f71af,trusted,historical_transaction_override,historical_transaction_override,True,438,2026-07-06,complete
2026-07-05,0.00,0.00,0,7861096.70,last_posted_transaction_or_prior_closing_balance,,trusted,weekday_rule,base_calendar,False,,,complete
2026-07-06,0.00,0.00,0,7861096.70,last_posted_transaction_or_prior_closing_balance,,trusted,weekday_rule,base_calendar,True,439,2026-07-07,complete
2026-07-07,0.00,0.00,0,7861096.70,last_posted_transaction_or_prior_closing_balance,,trusted,weekday_rule,base_calendar,True,440,2026-07-08,complete
2026-07-08,0.00,0.00,0,7861096.70,last_posted_transaction_or_prior_closing_balance,,trusted,weekday_rule,base_calendar,True,441,2026-07-09,complete
2026-07-09,0.00,0.00,0,7861096.70,last_posted_transaction_or_prior_closing_balance,,trusted,weekday_rule,base_calendar,True,442,2026-07-10,complete
2026-07-10,0.00,0.00,0,7861096.70,last_posted_transaction_or_prior_closing_balance,,trusted,weekday_rule,base_calendar,True,443,2026-07-13,complete
2026-07-11,0.00,0.00,0,7861096.70,last_posted_transaction_or_prior_closing_balance,,trusted,weekday_rule,base_calendar,False,,,complete
2026-07-12,0.00,0.00,0,7861096.70,last_posted_transaction_or_prior_closing_balance,,trusted,weekday_rule,base_calendar,False,,,complete
2026-07-13,0.00,0.00,0,7861096.70,last_posted_transaction_or_prior_closing_balance,,trusted,weekday_rule,base_calendar,True,444,2026-07-14,complete
2026-07-14,0.00,0.00,0,7861096.70,last_posted_transaction_or_prior_closing_balance,,trusted,weekday_rule,base_calendar,True,445,2026-07-15,complete
2026-07-15,0.00,0.00,0,7861096.70,last_posted_transaction_or_prior_closing_balance,,trusted,weekday_rule,base_calendar,True,446,2026-07-16,complete
2026-07-16,0.00,227496.82,2,7633599.88,last_posted_transaction_or_prior_closing_balance,synb1_txn_ddb40ffb05b8ca32213f503b,trusted,weekday_rule,base_calendar,True,447,2026-07-17,complete
2026-07-17,8047596.49,2958450.00,2,12722746.37,last_posted_transaction_or_prior_closing_balance,synb1_txn_816c680e032971fb337fa65d,trusted,weekday_rule,base_calendar,True,448,2026-07-18,complete
2026-07-18,10101361.19,6595897.41,2,16228210.15,last_posted_transaction_or_prior_closing_balance,synb1_txn_51798be609a284f414fdb80a,trusted,historical_transaction_override,historical_transaction_override,True,449,2026-07-19,complete
2026-07-19,0.00,303971.26,1,15924238.89,last_posted_transaction_or_prior_closing_balance,synb1_txn_e94bb15ca0d5265ecb194a47,trusted,historical_transaction_override,historical_transaction_override,True,450,2026-07-20,complete
2026-07-20,9538763.25,0.00,1,25463002.14,last_posted_transaction_or_prior_closing_balance,synb1_txn_f3e2ee0c4f4c629d51ffa06d,trusted,weekday_rule,base_calendar,True,451,2026-07-21,complete
2026-07-21,0.00,0.00,0,25463002.14,last_posted_transaction_or_prior_closing_balance,,trusted,weekday_rule,base_calendar,True,452,2026-07-22,complete
2026-07-22,0.00,0.00,0,25463002.14,last_posted_transaction_or_prior_closing_balance,,trusted,weekday_rule,base_calendar,True,453,2026-07-23,complete
2026-07-23,0.00,0.00,0,25463002.14,last_posted_transaction_or_prior_closing_balance,,trusted,weekday_rule,base_calendar,True,454,2026-07-24,complete
2026-07-24,0.00,0.00,0,25463002.14,last_posted_transaction_or_prior_closing_balance,,trusted,weekday_rule,base_calendar,True,455,2026-07-27,complete
2026-07-25,0.00,0.00,0,25463002.14,last_posted_transaction_or_prior_closing_balance,,trusted,weekday_rule,base_calendar,False,,,complete
2026-07-26,0.00,0.00,0,25463002.14,last_posted_transaction_or_prior_closing_balance,,trusted,weekday_rule,base_calendar,False,,,complete
2026-07-27,0.00,6682150.38,1,18780851.76,last_posted_transaction_or_prior_closing_balance,synb1_txn_fad9eece33ec45d6cd638b58,trusted,weekday_rule,base_calendar,True,456,2026-07-28,complete
2026-07-28,0.00,1463187.69,3,17317664.07,last_posted_transaction_or_prior_closing_balance,synb1_txn_ba07b890071ca613023942e3,trusted,weekday_rule,base_calendar,True,457,2026-07-29,complete
2026-07-29,8188716.37,6511748.17,2,18994632.27,last_posted_transaction_or_prior_closing_balance,synb1_txn_cb0cc13398b00873ad2736ea,trusted,weekday_rule,base_calendar,True,458,2026-07-30,complete
2026-07-30,0.00,0.00,0,18994632.27,last_posted_transaction_or_prior_closing_balance,,trusted,weekday_rule,base_calendar,True,459,2026-07-31,complete
2026-07-31,0.00,0.00,0,18994632.27,last_posted_transaction_or_prior_closing_balance,,trusted,weekday_rule,base_calendar,True,460,2026-08-03,complete
2026-08-01,0.00,0.00,0,18994632.27,last_posted_transaction_or_prior_closing_balance,,trusted,weekday_rule,base_calendar,False,,,complete
2026-08-02,0.00,0.00,0,18994632.27,last_posted_transaction_or_prior_closing_balance,,trusted,weekday_rule,base_calendar,False,,,complete
2026-08-03,0.00,0.00,0,18994632.27,last_posted_transaction_or_prior_closing_balance,,trusted,weekday_rule,base_calendar,True,461,2026-08-04,complete
2026-08-04,0.00,0.00,0,18994632.27,last_posted_transaction_or_prior_closing_balance,,trusted,weekday_rule,base_calendar,True,462,2026-08-05,complete
2026-08-05,0.00,0.00,0,18994632.27,last_posted_transaction_or_prior_closing_balance,,trusted,weekday_rule,base_calendar,True,463,2026-08-06,complete
2026-08-06,0.00,0.00,0,18994632.27,last_posted_transaction_or_prior_closing_balance,,trusted,weekday_rule,base_calendar,True,464,2026-08-07,complete
2026-08-07,0.00,109018.32,1,18885613.95,last_posted_transaction_or_prior_closing_balance,synb1_txn_50aaa2aaad28f91f05f50575,trusted,weekday_rule,base_calendar,True,465,2026-08-09,complete
2026-08-08,0.00,0.00,0,18885613.95,last_posted_transaction_or_prior_closing_balance,,trusted,weekday_rule,base_calendar,False,,,complete
2026-08-09,0.00,104788.71,1,18780825.24,last_posted_transaction_or_prior_closing_balance,synb1_txn_1d73eb6be3e165158b9992e9,trusted,historical_transaction_override,historical_transaction_override,True,466,2026-08-10,complete
2026-08-10,0.00,0.00,0,18780825.24,last_posted_transaction_or_prior_closing_balance,,trusted,weekday_rule,base_calendar,True,467,2026-08-11,complete
2026-08-11,15424473.99,0.00,2,34205299.23,last_posted_transaction_or_prior_closing_balance,synb1_txn_b8186b646dc61a243dce53a7,trusted,weekday_rule,base_calendar,True,468,2026-08-12,complete
2026-08-12,0.00,0.00,0,34205299.23,last_posted_transaction_or_prior_closing_balance,,trusted,weekday_rule,base_calendar,True,469,2026-08-13,complete
2026-08-13,0.00,0.00,0,34205299.23,last_posted_transaction_or_prior_closing_balance,,trusted,weekday_rule,base_calendar,True,470,2026-08-14,complete
2026-08-14,0.00,0.00,0,34205299.23,last_posted_transaction_or_prior_closing_balance,,trusted,weekday_rule,base_calendar,True,471,2026-08-17,complete
2026-08-15,0.00,0.00,0,34205299.23,last_posted_transaction_or_prior_closing_balance,,trusted,weekday_rule,base_calendar,False,,,complete
2026-08-16,0.00,0.00,0,34205299.23,last_posted_transaction_or_prior_closing_balance,,trusted,weekday_rule,base_calendar,False,,,complete
2026-08-17,0.00,0.00,0,34205299.23,last_posted_transaction_or_prior_closing_balance,,trusted,weekday_rule,base_calendar,True,472,2026-08-18,complete
2026-08-18,0.00,0.00,0,34205299.23,last_posted_transaction_or_prior_closing_balance,,trusted,weekday_rule,base_calendar,True,473,2026-08-19,complete
2026-08-19,8087666.40,112342.40,2,42180623.23,last_posted_transaction_or_prior_closing_balance,synb1_txn_512aa9cd8493e1eae259cfe1,trusted,weekday_rule,base_calendar,True,474,2026-08-20,complete
2026-08-20,9102802.61,0.00,1,51283425.84,last_posted_transaction_or_prior_closing_balance,synb1_txn_e85ffb9b2c250e34daf5417c,trusted,weekday_rule,base_calendar,True,475,2026-08-21,complete
2026-08-21,0.00,0.00,0,51283425.84,last_posted_transaction_or_prior_closing_balance,,trusted,weekday_rule,base_calendar,True,476,2026-08-22,complete
2026-08-22,0.00,6899298.41,1,44384127.43,last_posted_transaction_or_prior_closing_balance,synb1_txn_668a241da208e857183dd9e5,trusted,historical_transaction_override,historical_transaction_override,True,477,2026-08-24,complete
2026-08-23,0.00,0.00,0,44384127.43,last_posted_transaction_or_prior_closing_balance,,trusted,weekday_rule,base_calendar,False,,,complete
2026-08-24,0.00,7670462.90,1,36713664.53,last_posted_transaction_or_prior_closing_balance,synb1_txn_ce968c05c44b6e447c34f197,trusted,weekday_rule,base_calendar,True,478,2026-08-25,complete
2026-08-25,0.00,0.00,0,36713664.53,last_posted_transaction_or_prior_closing_balance,,trusted,weekday_rule,base_calendar,True,479,2026-08-26,complete
2026-08-26,0.00,0.00,0,36713664.53,last_posted_transaction_or_prior_closing_balance,,trusted,weekday_rule,base_calendar,True,480,2026-08-27,complete
2026-08-27,0.00,303971.26,1,36409693.27,last_posted_transaction_or_prior_closing_balance,synb1_txn_856d25ce627ab72017dbb117,trusted,weekday_rule,base_calendar,True,481,2026-08-28,complete
2026-08-28,0.00,7267734.55,3,29141958.72,last_posted_transaction_or_prior_closing_balance,synb1_txn_4a660e40190d41cc27606453,trusted,weekday_rule,base_calendar,True,482,2026-08-30,complete
2026-08-29,0.00,0.00,0,29141958.72,last_posted_transaction_or_prior_closing_balance,,trusted,weekday_rule,base_calendar,False,,,complete
2026-08-30,0.00,10737845.70,2,18404113.02,last_posted_transaction_or_prior_closing_balance,synb1_txn_e80010cab8dd9a91ecef277e,trusted,historical_transaction_override,historical_transaction_override,True,483,2026-08-31,complete
2026-08-31,0.00,0.00,0,18404113.02,last_posted_transaction_or_prior_closing_balance,,trusted,weekday_rule,base_calendar,True,484,2026-09-01,complete
2026-09-01,0.00,0.00,0,18404113.02,last_posted_transaction_or_prior_closing_balance,,trusted,weekday_rule,base_calendar,True,485,2026-09-02,complete
2026-09-02,0.00,0.00,0,18404113.02,last_posted_transaction_or_prior_closing_balance,,trusted,weekday_rule,base_calendar,True,486,2026-09-03,complete
2026-09-03,0.00,0.00,0,18404113.02,last_posted_transaction_or_prior_closing_balance,,trusted,weekday_rule,base_calendar,True,487,2026-09-04,complete
2026-09-04,0.00,0.00,0,18404113.02,last_posted_transaction_or_prior_closing_balance,,trusted,weekday_rule,base_calendar,True,488,2026-09-07,complete
2026-09-05,0.00,0.00,0,18404113.02,last_posted_transaction_or_prior_closing_balance,,trusted,weekday_rule,base_calendar,False,,,complete
2026-09-06,0.00,0.00,0,18404113.02,last_posted_transaction_or_prior_closing_balance,,trusted,weekday_rule,base_calendar,False,,,complete
2026-09-07,0.00,0.00,0,18404113.02,last_posted_transaction_or_prior_closing_balance,,trusted,weekday_rule,base_calendar,True,489,2026-09-08,complete
2026-09-08,0.00,0.00,0,18404113.02,last_posted_transaction_or_prior_closing_balance,,trusted,weekday_rule,base_calendar,True,490,2026-09-09,complete
2026-09-09,0.00,0.00,0,18404113.02,last_posted_transaction_or_prior_closing_balance,,trusted,weekday_rule,base_calendar,True,491,2026-09-10,complete
2026-09-10,0.00,6170443.90,2,12233669.12,last_posted_transaction_or_prior_closing_balance,synb1_txn_15bc26c80c5fc072d172e5cb,trusted,weekday_rule,base_calendar,True,492,2026-09-11,complete
2026-09-11,7647437.93,0.00,1,19881107.05,last_posted_transaction_or_prior_closing_balance,synb1_txn_828002d9c1541aae9807baa0,trusted,weekday_rule,base_calendar,True,493,2026-09-12,complete
2026-09-12,6328034.37,108055.06,2,26101086.36,last_posted_transaction_or_prior_closing_balance,synb1_txn_ecfde5de6efa18da98dc8b71,trusted,historical_transaction_override,historical_transaction_override,True,494,2026-09-14,complete
2026-09-13,0.00,0.00,0,26101086.36,last_posted_transaction_or_prior_closing_balance,,trusted,weekday_rule,base_calendar,False,,,complete
2026-09-14,0.00,0.00,0,26101086.36,last_posted_transaction_or_prior_closing_balance,,trusted,weekday_rule,base_calendar,True,495,2026-09-15,complete
2026-09-15,0.00,0.00,0,26101086.36,last_posted_transaction_or_prior_closing_balance,,trusted,weekday_rule,base_calendar,True,496,2026-09-16,complete
2026-09-16,7512581.75,98155.40,2,33515512.71,last_posted_transaction_or_prior_closing_balance,synb1_txn_5332c2d0bdcf72b8bc8f7635,trusted,weekday_rule,base_calendar,True,497,2026-09-17,complete
2026-09-17,7865394.65,2958450.00,2,38422457.36,last_posted_transaction_or_prior_closing_balance,synb1_txn_d36d92ddcd1cd8d86fb0c8c0,trusted,weekday_rule,base_calendar,True,498,2026-09-18,complete
2026-09-18,0.00,303971.26,1,38118486.10,last_posted_transaction_or_prior_closing_balance,synb1_txn_95a19a9409b912c81c3ada39,trusted,weekday_rule,base_calendar,True,499,2026-09-20,complete
2026-09-19,0.00,0.00,0,38118486.10,last_posted_transaction_or_prior_closing_balance,,trusted,weekday_rule,base_calendar,False,,,complete
2026-09-20,0.00,0.00,0,38118486.10,last_posted_transaction_or_prior_closing_balance,,trusted,gov_cn_2026_holiday_schedule_v1,base_calendar,True,500,2026-09-21,complete
2026-09-21,0.00,0.00,0,38118486.10,last_posted_transaction_or_prior_closing_balance,,trusted,weekday_rule,base_calendar,True,501,2026-09-22,complete
2026-09-22,0.00,6431811.21,1,31686674.89,last_posted_transaction_or_prior_closing_balance,synb1_txn_2f4caca0fb63379abc31a5b9,trusted,weekday_rule,base_calendar,True,502,2026-09-23,complete
2026-09-23,0.00,6618214.12,1,25068460.77,last_posted_transaction_or_prior_closing_balance,synb1_txn_47448d2d012b88db7617c23a,trusted,weekday_rule,base_calendar,True,503,2026-09-24,complete
2026-09-24,0.00,0.00,0,25068460.77,last_posted_transaction_or_prior_closing_balance,,trusted,weekday_rule,base_calendar,True,504,2026-09-27,complete
2026-09-25,0.00,0.00,0,25068460.77,last_posted_transaction_or_prior_closing_balance,,trusted,gov_cn_2026_holiday_schedule_v1,base_calendar,False,,,complete
2026-09-26,0.00,0.00,0,25068460.77,last_posted_transaction_or_prior_closing_balance,,trusted,gov_cn_2026_holiday_schedule_v1,base_calendar,False,,,complete
2026-09-27,0.00,6934552.62,1,18133908.15,last_posted_transaction_or_prior_closing_balance,synb1_txn_cb864500d11f67758872519c,trusted,historical_transaction_override,historical_transaction_override,True,505,2026-09-28,complete
2026-09-28,0.00,1069799.30,3,17064108.85,last_posted_transaction_or_prior_closing_balance,synb1_txn_4baa1b8027355b5ec18c7778,trusted,weekday_rule,base_calendar,True,506,2026-09-29,complete
2026-09-29,0.00,0.00,0,17064108.85,last_posted_transaction_or_prior_closing_balance,,trusted,weekday_rule,base_calendar,True,507,2026-09-30,complete
2026-09-30,0.00,0.00,0,17064108.85,last_posted_transaction_or_prior_closing_balance,,trusted,weekday_rule,base_calendar,True,508,2026-10-07,complete
2026-10-01,0.00,0.00,0,17064108.85,last_posted_transaction_or_prior_closing_balance,,trusted,gov_cn_2026_holiday_schedule_v1,base_calendar,False,,,complete
2026-10-02,0.00,0.00,0,17064108.85,last_posted_transaction_or_prior_closing_balance,,trusted,gov_cn_2026_holiday_schedule_v1,base_calendar,False,,,complete
2026-10-03,0.00,0.00,0,17064108.85,last_posted_transaction_or_prior_closing_balance,,trusted,gov_cn_2026_holiday_schedule_v1,base_calendar,False,,,complete
2026-10-04,0.00,0.00,0,17064108.85,last_posted_transaction_or_prior_closing_balance,,trusted,gov_cn_2026_holiday_schedule_v1,base_calendar,False,,,complete
2026-10-05,0.00,0.00,0,17064108.85,last_posted_transaction_or_prior_closing_balance,,trusted,gov_cn_2026_holiday_schedule_v1,base_calendar,False,,,complete
2026-10-06,0.00,0.00,0,17064108.85,last_posted_transaction_or_prior_closing_balance,,trusted,gov_cn_2026_holiday_schedule_v1,base_calendar,False,,,complete
2026-10-07,0.00,119284.57,1,16944824.28,last_posted_transaction_or_prior_closing_balance,synb1_txn_aa7ba479d2f1b611854b9ac0,trusted,historical_transaction_override,historical_transaction_override,True,509,2026-10-08,complete
2026-10-08,0.00,0.00,0,16944824.28,last_posted_transaction_or_prior_closing_balance,,trusted,weekday_rule,base_calendar,True,510,2026-10-09,complete
2026-10-09,0.00,0.00,0,16944824.28,last_posted_transaction_or_prior_closing_balance,,trusted,weekday_rule,base_calendar,True,511,2026-10-10,complete
2026-10-10,0.00,0.00,0,16944824.28,last_posted_transaction_or_prior_closing_balance,,trusted,gov_cn_2026_holiday_schedule_v1,base_calendar,True,512,2026-10-11,complete
2026-10-11,0.00,303971.26,1,16640853.02,last_posted_transaction_or_prior_closing_balance,synb1_txn_e8de5fcaf6819d97a2fa4831,trusted,historical_transaction_override,historical_transaction_override,True,513,2026-10-12,complete
2026-10-12,0.00,0.00,0,16640853.02,last_posted_transaction_or_prior_closing_balance,,trusted,weekday_rule,base_calendar,True,514,2026-10-13,complete
2026-10-13,0.00,2958450.00,1,13682403.02,last_posted_transaction_or_prior_closing_balance,synb1_txn_e1e004602a770b181b9a8285,trusted,weekday_rule,base_calendar,True,515,2026-10-14,complete
2026-10-14,0.00,0.00,0,13682403.02,last_posted_transaction_or_prior_closing_balance,,trusted,weekday_rule,base_calendar,True,516,2026-10-15,complete
2026-10-15,18094375.34,94117.93,3,31682660.43,last_posted_transaction_or_prior_closing_balance,synb1_txn_79bf6f6ae349bf467d077080,trusted,weekday_rule,base_calendar,True,517,2026-10-16,complete
2026-10-16,0.00,0.00,0,31682660.43,last_posted_transaction_or_prior_closing_balance,,trusted,weekday_rule,base_calendar,True,518,2026-10-17,complete
2026-10-17,9153392.23,0.00,1,40836052.66,last_posted_transaction_or_prior_closing_balance,synb1_txn_d0674bdefd1db5598987154c,trusted,historical_transaction_override,historical_transaction_override,True,519,2026-10-19,complete
2026-10-18,0.00,0.00,0,40836052.66,last_posted_transaction_or_prior_closing_balance,,trusted,weekday_rule,base_calendar,False,,,complete
2026-10-19,8628669.73,112746.93,2,49351975.46,last_posted_transaction_or_prior_closing_balance,synb1_txn_b72f9c1b90fc2d56aa8e9513,trusted,weekday_rule,base_calendar,True,520,2026-10-20,complete
2026-10-20,0.00,0.00,0,49351975.46,last_posted_transaction_or_prior_closing_balance,,trusted,weekday_rule,base_calendar,True,521,2026-10-21,complete
2026-10-21,0.00,0.00,0,49351975.46,last_posted_transaction_or_prior_closing_balance,,trusted,weekday_rule,base_calendar,True,522,2026-10-22,complete
2026-10-22,0.00,0.00,0,49351975.46,last_posted_transaction_or_prior_closing_balance,,trusted,weekday_rule,base_calendar,True,523,2026-10-23,complete
2026-10-23,0.00,0.00,0,49351975.46,last_posted_transaction_or_prior_closing_balance,,trusted,weekday_rule,base_calendar,True,524,2026-10-24,complete
2026-10-24,0.00,8115432.12,1,41236543.34,last_posted_transaction_or_prior_closing_balance,synb1_txn_f1180e0165d3615d2c6cf84b,trusted,historical_transaction_override,historical_transaction_override,True,525,2026-10-26,complete
2026-10-25,0.00,0.00,0,41236543.34,last_posted_transaction_or_prior_closing_balance,,trusted,weekday_rule,base_calendar,False,,,complete
2026-10-26,0.00,0.00,0,41236543.34,last_posted_transaction_or_prior_closing_balance,,trusted,weekday_rule,base_calendar,True,526,2026-10-27,complete
2026-10-27,0.00,6779538.90,1,34457004.44,last_posted_transaction_or_prior_closing_balance,synb1_txn_30a06dba1a9b73cd69e5d6dc,trusted,weekday_rule,base_calendar,True,527,2026-10-28,complete
2026-10-28,0.00,8021930.92,4,26435073.52,last_posted_transaction_or_prior_closing_balance,synb1_txn_398592c1d5a3320cc1d760c2,trusted,weekday_rule,base_calendar,True,528,2026-10-29,complete
2026-10-29,0.00,0.00,0,26435073.52,last_posted_transaction_or_prior_closing_balance,,trusted,weekday_rule,base_calendar,True,529,2026-10-30,complete
2026-10-30,0.00,0.00,0,26435073.52,last_posted_transaction_or_prior_closing_balance,,trusted,weekday_rule,base_calendar,True,530,2026-10-31,complete
2026-10-31,0.00,6515060.64,1,19920012.88,last_posted_transaction_or_prior_closing_balance,synb1_txn_8945f03537b66045ac9f37db,trusted,historical_transaction_override,historical_transaction_override,True,531,2026-11-01,complete
2026-11-01,0.00,6820706.88,1,13099306.00,last_posted_transaction_or_prior_closing_balance,synb1_txn_ce990721baf3d18eeeee8b92,trusted,historical_transaction_override,historical_transaction_override,True,532,2026-11-02,complete
2026-11-02,0.00,0.00,0,13099306.00,last_posted_transaction_or_prior_closing_balance,,trusted,weekday_rule,base_calendar,True,533,2026-11-03,complete
2026-11-03,0.00,0.00,0,13099306.00,last_posted_transaction_or_prior_closing_balance,,trusted,weekday_rule,base_calendar,True,534,2026-11-04,complete
2026-11-04,0.00,0.00,0,13099306.00,last_posted_transaction_or_prior_closing_balance,,trusted,weekday_rule,base_calendar,True,535,2026-11-05,complete
2026-11-05,0.00,0.00,0,13099306.00,last_posted_transaction_or_prior_closing_balance,,trusted,weekday_rule,base_calendar,True,536,2026-11-06,complete
2026-11-06,0.00,0.00,0,13099306.00,last_posted_transaction_or_prior_closing_balance,,trusted,weekday_rule,base_calendar,True,537,2026-11-07,complete
2026-11-07,8209214.87,11468558.85,3,9839962.02,last_posted_transaction_or_prior_closing_balance,synb1_txn_d5cfba5ed281afada38c3b47,trusted,historical_transaction_override,historical_transaction_override,True,538,2026-11-09,complete
2026-11-08,0.00,0.00,0,9839962.02,last_posted_transaction_or_prior_closing_balance,,trusted,weekday_rule,base_calendar,False,,,complete
2026-11-09,0.00,125072.89,1,9714889.13,last_posted_transaction_or_prior_closing_balance,synb1_txn_79c74c6f708f3482e5876847,trusted,weekday_rule,base_calendar,True,539,2026-11-10,complete
2026-11-10,0.00,104699.84,1,9610189.29,last_posted_transaction_or_prior_closing_balance,synb1_txn_f4255af3ea5cce7bfb222c62,trusted,weekday_rule,base_calendar,True,540,2026-11-11,complete
2026-11-11,0.00,0.00,0,9610189.29,last_posted_transaction_or_prior_closing_balance,,trusted,weekday_rule,base_calendar,True,541,2026-11-12,complete
2026-11-12,0.00,0.00,0,9610189.29,last_posted_transaction_or_prior_closing_balance,,trusted,weekday_rule,base_calendar,True,542,2026-11-13,complete
2026-11-13,17345904.99,0.00,2,26956094.28,last_posted_transaction_or_prior_closing_balance,synb1_txn_40bbf24f52604da1e7c91c41,trusted,weekday_rule,base_calendar,True,543,2026-11-15,complete
2026-11-14,0.00,0.00,0,26956094.28,last_posted_transaction_or_prior_closing_balance,,trusted,weekday_rule,base_calendar,False,,,complete
2026-11-15,7059823.14,0.00,1,34015917.42,last_posted_transaction_or_prior_closing_balance,synb1_txn_3b2cb7fb436d7231c22cf0c9,trusted,historical_transaction_override,historical_transaction_override,True,544,2026-11-16,complete
2026-11-16,0.00,303971.26,1,33711946.16,last_posted_transaction_or_prior_closing_balance,synb1_txn_2b8bd6dbd3fbc8bbb8bc1f7a,trusted,weekday_rule,base_calendar,True,545,2026-11-17,complete
2026-11-17,0.00,0.00,0,33711946.16,last_posted_transaction_or_prior_closing_balance,,trusted,weekday_rule,base_calendar,True,546,2026-11-18,complete
2026-11-18,0.00,96376.70,1,33615569.46,last_posted_transaction_or_prior_closing_balance,synb1_txn_7a196f2d4f81f113bc5e733a,trusted,weekday_rule,base_calendar,True,547,2026-11-19,complete
2026-11-19,0.00,0.00,0,33615569.46,last_posted_transaction_or_prior_closing_balance,,trusted,weekday_rule,base_calendar,True,548,2026-11-20,complete
2026-11-20,0.00,0.00,0,33615569.46,last_posted_transaction_or_prior_closing_balance,,trusted,weekday_rule,base_calendar,True,549,2026-11-23,complete
2026-11-21,0.00,0.00,0,33615569.46,last_posted_transaction_or_prior_closing_balance,,trusted,weekday_rule,base_calendar,False,,,complete
2026-11-22,0.00,0.00,0,33615569.46,last_posted_transaction_or_prior_closing_balance,,trusted,weekday_rule,base_calendar,False,,,complete
2026-11-23,0.00,0.00,0,33615569.46,last_posted_transaction_or_prior_closing_balance,,trusted,weekday_rule,base_calendar,True,550,2026-11-24,complete
2026-11-24,0.00,0.00,0,33615569.46,last_posted_transaction_or_prior_closing_balance,,trusted,weekday_rule,base_calendar,True,551,2026-11-25,complete
2026-11-25,0.00,7275170.29,1,26340399.17,last_posted_transaction_or_prior_closing_balance,synb1_txn_5d11c9327e53234c434cfee4,trusted,weekday_rule,base_calendar,True,552,2026-11-26,complete
2026-11-26,0.00,6665212.79,1,19675186.38,last_posted_transaction_or_prior_closing_balance,synb1_txn_60524b345986dd70d55085b3,trusted,weekday_rule,base_calendar,True,553,2026-11-27,complete
2026-11-27,0.00,0.00,0,19675186.38,last_posted_transaction_or_prior_closing_balance,,trusted,weekday_rule,base_calendar,True,554,2026-11-30,complete
2026-11-28,0.00,0.00,0,19675186.38,last_posted_transaction_or_prior_closing_balance,,trusted,weekday_rule,base_calendar,False,,,complete
2026-11-29,0.00,0.00,0,19675186.38,last_posted_transaction_or_prior_closing_balance,,trusted,weekday_rule,base_calendar,False,,,complete
2026-11-30,0.00,765642.30,2,18909544.08,last_posted_transaction_or_prior_closing_balance,synb1_txn_ebd18284032f0487219aae42,trusted,weekday_rule,base_calendar,True,555,2026-12-01,complete
2026-12-01,0.00,0.00,0,18909544.08,last_posted_transaction_or_prior_closing_balance,,trusted,weekday_rule,base_calendar,True,556,2026-12-02,complete
2026-12-02,0.00,0.00,0,18909544.08,last_posted_transaction_or_prior_closing_balance,,trusted,weekday_rule,base_calendar,True,557,2026-12-03,complete
2026-12-03,0.00,5855125.83,1,13054418.25,last_posted_transaction_or_prior_closing_balance,synb1_txn_5236e83edd5fc08a4df89385,trusted,weekday_rule,base_calendar,True,558,2026-12-04,complete
2026-12-04,7276125.86,0.00,1,20330544.11,last_posted_transaction_or_prior_closing_balance,synb1_txn_e041569d7e515e40b3d7315c,trusted,weekday_rule,base_calendar,True,559,2026-12-06,complete
2026-12-05,0.00,0.00,0,20330544.11,last_posted_transaction_or_prior_closing_balance,,trusted,weekday_rule,base_calendar,False,,,complete
2026-12-06,7066952.88,0.00,1,27397496.99,last_posted_transaction_or_prior_closing_balance,synb1_txn_3ba9c0fd310dec39ade3e742,trusted,historical_transaction_override,historical_transaction_override,True,560,2026-12-07,complete
2026-12-07,0.00,0.00,0,27397496.99,last_posted_transaction_or_prior_closing_balance,,trusted,weekday_rule,base_calendar,True,561,2026-12-08,complete
2026-12-08,0.00,0.00,0,27397496.99,last_posted_transaction_or_prior_closing_balance,,trusted,weekday_rule,base_calendar,True,562,2026-12-09,complete
2026-12-09,0.00,303971.26,1,27093525.73,last_posted_transaction_or_prior_closing_balance,synb1_txn_8aec5fcc67004db9d7c28803,trusted,weekday_rule,base_calendar,True,563,2026-12-10,complete
2026-12-10,0.00,0.00,0,27093525.73,last_posted_transaction_or_prior_closing_balance,,trusted,weekday_rule,base_calendar,True,564,2026-12-11,complete
2026-12-11,0.00,0.00,0,27093525.73,last_posted_transaction_or_prior_closing_balance,,trusted,weekday_rule,base_calendar,True,565,2026-12-12,complete
2026-12-12,7936788.36,0.00,1,35030314.09,last_posted_transaction_or_prior_closing_balance,synb1_txn_7a525a7f71113e7edcb1cce2,trusted,historical_transaction_override,historical_transaction_override,True,566,2026-12-14,complete
2026-12-13,0.00,0.00,0,35030314.09,last_posted_transaction_or_prior_closing_balance,,trusted,weekday_rule,base_calendar,False,,,complete
2026-12-14,7073581.60,2958450.00,2,39145445.69,last_posted_transaction_or_prior_closing_balance,synb1_txn_82654f750145fee29268960f,trusted,weekday_rule,base_calendar,True,567,2026-12-15,complete
2026-12-15,0.00,0.00,0,39145445.69,last_posted_transaction_or_prior_closing_balance,,trusted,weekday_rule,base_calendar,True,568,2026-12-16,complete
2026-12-16,0.00,0.00,0,39145445.69,last_posted_transaction_or_prior_closing_balance,,trusted,weekday_rule,base_calendar,True,569,2026-12-17,complete
2026-12-17,0.00,0.00,0,39145445.69,last_posted_transaction_or_prior_closing_balance,,trusted,weekday_rule,base_calendar,True,570,2026-12-18,complete
2026-12-18,0.00,0.00,0,39145445.69,last_posted_transaction_or_prior_closing_balance,,trusted,weekday_rule,base_calendar,True,571,2026-12-19,complete
2026-12-19,0.00,99383.07,1,39046062.62,last_posted_transaction_or_prior_closing_balance,synb1_txn_7ca116f45131a4ab114aa21e,trusted,historical_transaction_override,historical_transaction_override,True,572,2026-12-21,complete
2026-12-20,0.00,0.00,0,39046062.62,last_posted_transaction_or_prior_closing_balance,,trusted,weekday_rule,base_calendar,False,,,complete
2026-12-21,0.00,0.00,0,39046062.62,last_posted_transaction_or_prior_closing_balance,,trusted,weekday_rule,base_calendar,True,573,2026-12-22,complete
2026-12-22,0.00,125514.40,1,38920548.22,last_posted_transaction_or_prior_closing_balance,synb1_txn_1d40e18c2c5f3f8b61fbbb42,trusted,weekday_rule,base_calendar,True,574,2026-12-23,complete
2026-12-23,0.00,0.00,0,38920548.22,last_posted_transaction_or_prior_closing_balance,,trusted,weekday_rule,base_calendar,True,575,2026-12-24,complete
2026-12-24,0.00,0.00,0,38920548.22,last_posted_transaction_or_prior_closing_balance,,trusted,weekday_rule,base_calendar,True,576,2026-12-25,complete
2026-12-25,0.00,101251.96,1,38819296.26,last_posted_transaction_or_prior_closing_balance,synb1_txn_f7753033968dc7d8f25fd60a,trusted,weekday_rule,base_calendar,True,577,2026-12-27,complete
2026-12-26,0.00,0.00,0,38819296.26,last_posted_transaction_or_prior_closing_balance,,trusted,weekday_rule,base_calendar,False,,,complete
2026-12-27,0.00,7585608.03,1,31233688.23,last_posted_transaction_or_prior_closing_balance,synb1_txn_7cf75e86eae867061e842cbc,trusted,historical_transaction_override,historical_transaction_override,True,578,2026-12-28,complete
2026-12-28,0.00,7054851.75,4,24178836.48,last_posted_transaction_or_prior_closing_balance,synb1_txn_e06bec934e7b56b9b9700ee7,trusted,weekday_rule,base_calendar,True,579,2026-12-29,complete
2026-12-29,0.00,0.00,0,24178836.48,last_posted_transaction_or_prior_closing_balance,,trusted,weekday_rule,base_calendar,True,580,2026-12-30,complete
2026-12-30,0.00,0.00,0,24178836.48,last_posted_transaction_or_prior_closing_balance,,trusted,weekday_rule,base_calendar,True,581,2026-12-31,complete
2026-12-31,0.00,6316540.93,1,17862295.55,last_posted_transaction_or_prior_closing_balance,synb1_txn_1620dc79dde474c0ba2b3d96,trusted,weekday_rule,base_calendar,True,582,2027-01-01,complete
