calendar_date,inflow_cny,outflow_cny,transaction_count,ending_balance_cny,day_cut_basis,source_last_transaction_id,reconciliation_status,calendar_source,calendar_inference_status,is_bank_workday,business_step,target_date,execution_status
2024-01-01,1420000.00,0.00,1,1420000.00,last_posted_transaction_or_prior_closing_balance,synb1_txn_96a9dbfa84f1ef45e9bed80a,trusted,cn_public_2022_2026_cycles_1_0,public_schedule_without_transaction_override,False,,,complete
2024-01-02,0.00,0.00,0,1420000.00,last_posted_transaction_or_prior_closing_balance,,trusted,cn_public_2022_2026_cycles_1_0,public_schedule_without_transaction_override,True,1,2024-01-03,complete
2024-01-03,0.00,86.89,1,1419913.11,last_posted_transaction_or_prior_closing_balance,synb1_txn_c142609a1765ce2d4e5a00ad,trusted,cn_public_2022_2026_cycles_1_0,public_schedule_without_transaction_override,True,2,2024-01-04,complete
2024-01-04,0.00,788.87,1,1419124.24,last_posted_transaction_or_prior_closing_balance,synb1_txn_578c5c01deb678adc0b7dce4,trusted,cn_public_2022_2026_cycles_1_0,public_schedule_without_transaction_override,True,3,2024-01-05,complete
2024-01-05,0.00,9000.00,1,1410124.24,last_posted_transaction_or_prior_closing_balance,synb1_txn_563a1c33c6f07022c1d15916,trusted,cn_public_2022_2026_cycles_1_0,public_schedule_without_transaction_override,True,4,2024-01-08,complete
2024-01-06,0.00,0.00,0,1410124.24,last_posted_transaction_or_prior_closing_balance,,trusted,cn_public_2022_2026_cycles_1_0,public_schedule_without_transaction_override,False,,,complete
2024-01-07,5485.36,25500.00,2,1390109.60,last_posted_transaction_or_prior_closing_balance,synb1_txn_4558446dbe0275b07c69f8bd,trusted,cn_public_2022_2026_cycles_1_0,public_schedule_without_transaction_override,False,,,complete
2024-01-08,0.00,2985.41,1,1387124.19,last_posted_transaction_or_prior_closing_balance,synb1_txn_b5b2056f26202b2cb19c2438,trusted,cn_public_2022_2026_cycles_1_0,public_schedule_without_transaction_override,True,5,2024-01-09,complete
2024-01-09,0.00,0.00,0,1387124.19,last_posted_transaction_or_prior_closing_balance,,trusted,cn_public_2022_2026_cycles_1_0,public_schedule_without_transaction_override,True,6,2024-01-10,complete
2024-01-10,15254.69,67659.20,2,1334719.68,last_posted_transaction_or_prior_closing_balance,synb1_txn_58949b9fa6e24ff8c9b6af12,trusted,cn_public_2022_2026_cycles_1_0,public_schedule_without_transaction_override,True,7,2024-01-11,complete
2024-01-11,0.00,10851.32,1,1323868.36,last_posted_transaction_or_prior_closing_balance,synb1_txn_1d591d45ab7e0aab3821eac5,trusted,cn_public_2022_2026_cycles_1_0,public_schedule_without_transaction_override,True,8,2024-01-12,complete
2024-01-12,0.00,0.00,0,1323868.36,last_posted_transaction_or_prior_closing_balance,,trusted,cn_public_2022_2026_cycles_1_0,public_schedule_without_transaction_override,True,9,2024-01-15,complete
2024-01-13,0.00,2727.70,1,1321140.66,last_posted_transaction_or_prior_closing_balance,synb1_txn_dadcc35cac8bebc7fe851feb,trusted,cn_public_2022_2026_cycles_1_0,public_schedule_without_transaction_override,False,,,complete
2024-01-14,35016.01,0.00,1,1356156.67,last_posted_transaction_or_prior_closing_balance,synb1_txn_f2e1eb3c277fd71a00225df2,trusted,cn_public_2022_2026_cycles_1_0,public_schedule_without_transaction_override,False,,,complete
2024-01-15,0.00,0.00,0,1356156.67,last_posted_transaction_or_prior_closing_balance,,trusted,cn_public_2022_2026_cycles_1_0,public_schedule_without_transaction_override,True,10,2024-01-16,complete
2024-01-16,0.00,0.00,0,1356156.67,last_posted_transaction_or_prior_closing_balance,,trusted,cn_public_2022_2026_cycles_1_0,public_schedule_without_transaction_override,True,11,2024-01-17,complete
2024-01-17,0.00,0.00,0,1356156.67,last_posted_transaction_or_prior_closing_balance,,trusted,cn_public_2022_2026_cycles_1_0,public_schedule_without_transaction_override,True,12,2024-01-18,complete
2024-01-18,0.00,3800.61,1,1352356.06,last_posted_transaction_or_prior_closing_balance,synb1_txn_586193a80a64193b99810ca6,trusted,cn_public_2022_2026_cycles_1_0,public_schedule_without_transaction_override,True,13,2024-01-19,complete
2024-01-19,0.00,0.00,0,1352356.06,last_posted_transaction_or_prior_closing_balance,,trusted,cn_public_2022_2026_cycles_1_0,public_schedule_without_transaction_override,True,14,2024-01-22,complete
2024-01-20,0.00,0.00,0,1352356.06,last_posted_transaction_or_prior_closing_balance,,trusted,cn_public_2022_2026_cycles_1_0,public_schedule_without_transaction_override,False,,,complete
2024-01-21,0.00,0.00,0,1352356.06,last_posted_transaction_or_prior_closing_balance,,trusted,cn_public_2022_2026_cycles_1_0,public_schedule_without_transaction_override,False,,,complete
2024-01-22,0.00,0.00,0,1352356.06,last_posted_transaction_or_prior_closing_balance,,trusted,cn_public_2022_2026_cycles_1_0,public_schedule_without_transaction_override,True,15,2024-01-23,complete
2024-01-23,0.00,0.00,0,1352356.06,last_posted_transaction_or_prior_closing_balance,,trusted,cn_public_2022_2026_cycles_1_0,public_schedule_without_transaction_override,True,16,2024-01-24,complete
2024-01-24,0.00,0.00,0,1352356.06,last_posted_transaction_or_prior_closing_balance,,trusted,cn_public_2022_2026_cycles_1_0,public_schedule_without_transaction_override,True,17,2024-01-25,complete
2024-01-25,0.00,0.00,0,1352356.06,last_posted_transaction_or_prior_closing_balance,,trusted,cn_public_2022_2026_cycles_1_0,public_schedule_without_transaction_override,True,18,2024-01-26,complete
2024-01-26,0.00,0.00,0,1352356.06,last_posted_transaction_or_prior_closing_balance,,trusted,cn_public_2022_2026_cycles_1_0,public_schedule_without_transaction_override,True,19,2024-01-29,complete
2024-01-27,89243.94,0.00,1,1441600.00,last_posted_transaction_or_prior_closing_balance,synb1_txn_a45d8645efef9fb5bb3b550f,trusted,cn_public_2022_2026_cycles_1_0,public_schedule_without_transaction_override,False,,,complete
2024-01-28,0.00,0.00,0,1441600.00,last_posted_transaction_or_prior_closing_balance,,trusted,cn_public_2022_2026_cycles_1_0,public_schedule_without_transaction_override,False,,,complete
2024-01-29,0.00,0.00,0,1441600.00,last_posted_transaction_or_prior_closing_balance,,trusted,cn_public_2022_2026_cycles_1_0,public_schedule_without_transaction_override,True,20,2024-01-30,complete
2024-01-30,0.00,0.00,0,1441600.00,last_posted_transaction_or_prior_closing_balance,,trusted,cn_public_2022_2026_cycles_1_0,public_schedule_without_transaction_override,True,21,2024-01-31,complete
2024-01-31,0.00,0.00,0,1441600.00,last_posted_transaction_or_prior_closing_balance,,trusted,cn_public_2022_2026_cycles_1_0,public_schedule_without_transaction_override,True,22,2024-02-01,complete
2024-02-01,0.00,0.00,0,1441600.00,last_posted_transaction_or_prior_closing_balance,,trusted,cn_public_2022_2026_cycles_1_0,public_schedule_without_transaction_override,True,23,2024-02-02,complete
2024-02-02,4403.74,67720.34,2,1378283.40,last_posted_transaction_or_prior_closing_balance,synb1_txn_e36996446963a396b07b80a3,trusted,cn_public_2022_2026_cycles_1_0,public_schedule_without_transaction_override,True,24,2024-02-04,complete
2024-02-03,0.00,0.00,0,1378283.40,last_posted_transaction_or_prior_closing_balance,,trusted,cn_public_2022_2026_cycles_1_0,public_schedule_without_transaction_override,False,,,complete
2024-02-04,0.00,2904.81,1,1375378.59,last_posted_transaction_or_prior_closing_balance,synb1_txn_bb973f4f01b7ea316c5a2553,trusted,cn_public_2022_2026_cycles_1_0,public_schedule_without_transaction_override,True,25,2024-02-05,complete
2024-02-05,0.00,9000.00,1,1366378.59,last_posted_transaction_or_prior_closing_balance,synb1_txn_1d1e7d3027fc574702796846,trusted,cn_public_2022_2026_cycles_1_0,public_schedule_without_transaction_override,True,26,2024-02-06,complete
2024-02-06,125415.11,0.00,3,1491793.70,last_posted_transaction_or_prior_closing_balance,synb1_txn_d34ab870a36f4580dffec66b,trusted,cn_public_2022_2026_cycles_1_0,public_schedule_without_transaction_override,True,27,2024-02-07,complete
2024-02-07,1076.18,25544.90,3,1467324.98,last_posted_transaction_or_prior_closing_balance,synb1_txn_c2d33b572adc66c67f2ad890,trusted,cn_public_2022_2026_cycles_1_0,public_schedule_without_transaction_override,True,28,2024-02-08,complete
2024-02-08,0.00,0.00,0,1467324.98,last_posted_transaction_or_prior_closing_balance,,trusted,cn_public_2022_2026_cycles_1_0,public_schedule_without_transaction_override,True,29,2024-02-09,complete
2024-02-09,0.00,0.00,0,1467324.98,last_posted_transaction_or_prior_closing_balance,,trusted,cn_public_2022_2026_cycles_1_0,public_schedule_without_transaction_override,True,30,2024-02-18,complete
2024-02-10,34386.79,0.00,1,1501711.77,last_posted_transaction_or_prior_closing_balance,synb1_txn_ab06763e62382478c3f0aefb,trusted,cn_public_2022_2026_cycles_1_0,public_schedule_without_transaction_override,False,,,complete
2024-02-11,0.00,5.17,1,1501706.60,last_posted_transaction_or_prior_closing_balance,synb1_txn_fa75979f634830fdec34febc,trusted,cn_public_2022_2026_cycles_1_0,public_schedule_without_transaction_override,False,,,complete
2024-02-12,0.00,0.00,0,1501706.60,last_posted_transaction_or_prior_closing_balance,,trusted,cn_public_2022_2026_cycles_1_0,public_schedule_without_transaction_override,False,,,complete
2024-02-13,0.00,15.82,1,1501690.78,last_posted_transaction_or_prior_closing_balance,synb1_txn_b1b9cf693ebe166ece42f70a,trusted,cn_public_2022_2026_cycles_1_0,public_schedule_without_transaction_override,False,,,complete
2024-02-14,0.00,79764.77,1,1421926.01,last_posted_transaction_or_prior_closing_balance,synb1_txn_0b8787d6caab5192fdc63645,trusted,cn_public_2022_2026_cycles_1_0,public_schedule_without_transaction_override,False,,,complete
2024-02-15,27819.37,0.00,1,1449745.38,last_posted_transaction_or_prior_closing_balance,synb1_txn_0e87e35929a3602bd1dbfc95,trusted,cn_public_2022_2026_cycles_1_0,public_schedule_without_transaction_override,False,,,complete
2024-02-16,0.00,54227.82,2,1395517.56,last_posted_transaction_or_prior_closing_balance,synb1_txn_47222be41f5a79728cb1edc6,trusted,cn_public_2022_2026_cycles_1_0,public_schedule_without_transaction_override,False,,,complete
2024-02-17,0.00,0.00,0,1395517.56,last_posted_transaction_or_prior_closing_balance,,trusted,cn_public_2022_2026_cycles_1_0,public_schedule_without_transaction_override,False,,,complete
2024-02-18,0.00,66088.99,4,1329428.57,last_posted_transaction_or_prior_closing_balance,synb1_txn_6a57b78c448babc4c07486d3,trusted,cn_public_2022_2026_cycles_1_0,public_schedule_without_transaction_override,True,31,2024-02-19,complete
2024-02-19,0.00,4649.41,1,1324779.16,last_posted_transaction_or_prior_closing_balance,synb1_txn_8924c04d91c29f2889af5f77,trusted,cn_public_2022_2026_cycles_1_0,public_schedule_without_transaction_override,True,32,2024-02-20,complete
2024-02-20,44613.72,0.00,1,1369392.88,last_posted_transaction_or_prior_closing_balance,synb1_txn_3a47a5ea05911efbb3ba82ce,trusted,cn_public_2022_2026_cycles_1_0,public_schedule_without_transaction_override,True,33,2024-02-21,complete
2024-02-21,1144.98,5723.84,2,1364814.02,last_posted_transaction_or_prior_closing_balance,synb1_txn_3d34d0fec559c1fed5f3ed2a,trusted,cn_public_2022_2026_cycles_1_0,public_schedule_without_transaction_override,True,34,2024-02-22,complete
2024-02-22,0.00,0.00,0,1364814.02,last_posted_transaction_or_prior_closing_balance,,trusted,cn_public_2022_2026_cycles_1_0,public_schedule_without_transaction_override,True,35,2024-02-23,complete
2024-02-23,0.00,0.00,0,1364814.02,last_posted_transaction_or_prior_closing_balance,,trusted,cn_public_2022_2026_cycles_1_0,public_schedule_without_transaction_override,True,36,2024-02-26,complete
2024-02-24,14426.61,10.27,2,1379230.36,last_posted_transaction_or_prior_closing_balance,synb1_txn_ef14d6ed1f2cca5698a9d2ab,trusted,cn_public_2022_2026_cycles_1_0,public_schedule_without_transaction_override,False,,,complete
2024-02-25,0.00,0.00,0,1379230.36,last_posted_transaction_or_prior_closing_balance,,trusted,cn_public_2022_2026_cycles_1_0,public_schedule_without_transaction_override,False,,,complete
2024-02-26,10783.43,0.00,1,1390013.79,last_posted_transaction_or_prior_closing_balance,synb1_txn_332a65c8be92a86cff6aab13,trusted,cn_public_2022_2026_cycles_1_0,public_schedule_without_transaction_override,True,37,2024-02-27,complete
2024-02-27,0.00,0.00,0,1390013.79,last_posted_transaction_or_prior_closing_balance,,trusted,cn_public_2022_2026_cycles_1_0,public_schedule_without_transaction_override,True,38,2024-02-28,complete
2024-02-28,20930.07,37282.26,2,1373661.60,last_posted_transaction_or_prior_closing_balance,synb1_txn_e9688eb08cd86983c89c2dbf,trusted,cn_public_2022_2026_cycles_1_0,public_schedule_without_transaction_override,True,39,2024-02-29,complete
2024-02-29,0.00,0.00,0,1373661.60,last_posted_transaction_or_prior_closing_balance,,trusted,cn_public_2022_2026_cycles_1_0,public_schedule_without_transaction_override,True,40,2024-03-01,complete
2024-03-01,0.00,0.00,0,1373661.60,last_posted_transaction_or_prior_closing_balance,,trusted,cn_public_2022_2026_cycles_1_0,public_schedule_without_transaction_override,True,41,2024-03-04,complete
2024-03-02,24873.80,16065.24,2,1382470.16,last_posted_transaction_or_prior_closing_balance,synb1_txn_3c08c5247e124664564be5c7,trusted,cn_public_2022_2026_cycles_1_0,public_schedule_without_transaction_override,False,,,complete
2024-03-03,4465.89,0.00,1,1386936.05,last_posted_transaction_or_prior_closing_balance,synb1_txn_e821ff5bb787c76ccccc011e,trusted,cn_public_2022_2026_cycles_1_0,public_schedule_without_transaction_override,False,,,complete
2024-03-04,0.00,0.00,0,1386936.05,last_posted_transaction_or_prior_closing_balance,,trusted,cn_public_2022_2026_cycles_1_0,public_schedule_without_transaction_override,True,42,2024-03-05,complete
2024-03-05,0.00,14052.56,2,1372883.49,last_posted_transaction_or_prior_closing_balance,synb1_txn_9678d53292f7f70ea0456999,trusted,cn_public_2022_2026_cycles_1_0,public_schedule_without_transaction_override,True,43,2024-03-06,complete
2024-03-06,0.00,0.00,0,1372883.49,last_posted_transaction_or_prior_closing_balance,,trusted,cn_public_2022_2026_cycles_1_0,public_schedule_without_transaction_override,True,44,2024-03-07,complete
2024-03-07,44382.95,25500.00,3,1391766.44,last_posted_transaction_or_prior_closing_balance,synb1_txn_b27b05ee6bb44629fc48d9d7,trusted,cn_public_2022_2026_cycles_1_0,public_schedule_without_transaction_override,True,45,2024-03-08,complete
2024-03-08,0.00,5898.77,1,1385867.67,last_posted_transaction_or_prior_closing_balance,synb1_txn_ed590897c7d0b2981255a6b7,trusted,cn_public_2022_2026_cycles_1_0,public_schedule_without_transaction_override,True,46,2024-03-11,complete
2024-03-09,0.00,3778.93,1,1382088.74,last_posted_transaction_or_prior_closing_balance,synb1_txn_64b2b897cf651b1a33d5aec6,trusted,cn_public_2022_2026_cycles_1_0,public_schedule_without_transaction_override,False,,,complete
2024-03-10,19091.56,2265.17,2,1398915.13,last_posted_transaction_or_prior_closing_balance,synb1_txn_f9cfaa54a61e8d61396c5c0f,trusted,cn_public_2022_2026_cycles_1_0,public_schedule_without_transaction_override,False,,,complete
2024-03-11,0.00,0.00,0,1398915.13,last_posted_transaction_or_prior_closing_balance,,trusted,cn_public_2022_2026_cycles_1_0,public_schedule_without_transaction_override,True,47,2024-03-12,complete
2024-03-12,1775.86,24801.16,2,1375889.83,last_posted_transaction_or_prior_closing_balance,synb1_txn_c0b102ed35d71c1796356c21,trusted,cn_public_2022_2026_cycles_1_0,public_schedule_without_transaction_override,True,48,2024-03-13,complete
2024-03-13,0.00,8964.71,1,1366925.12,last_posted_transaction_or_prior_closing_balance,synb1_txn_57841c50b0cd121de818188d,trusted,cn_public_2022_2026_cycles_1_0,public_schedule_without_transaction_override,True,49,2024-03-14,complete
2024-03-14,12680.74,41000.00,2,1338605.86,last_posted_transaction_or_prior_closing_balance,synb1_txn_e7cf41732a14bce037cef97c,trusted,cn_public_2022_2026_cycles_1_0,public_schedule_without_transaction_override,True,50,2024-03-15,complete
2024-03-15,30168.27,0.00,1,1368774.13,last_posted_transaction_or_prior_closing_balance,synb1_txn_06e2c1ce8527d5ce756f086a,trusted,cn_public_2022_2026_cycles_1_0,public_schedule_without_transaction_override,True,51,2024-03-18,complete
2024-03-16,1304.52,75885.29,3,1294193.36,last_posted_transaction_or_prior_closing_balance,synb1_txn_7de49b6433a4fa8337b804a2,trusted,cn_public_2022_2026_cycles_1_0,public_schedule_without_transaction_override,False,,,complete
2024-03-17,0.00,0.00,0,1294193.36,last_posted_transaction_or_prior_closing_balance,,trusted,cn_public_2022_2026_cycles_1_0,public_schedule_without_transaction_override,False,,,complete
2024-03-18,0.00,12057.81,4,1282135.55,last_posted_transaction_or_prior_closing_balance,synb1_txn_2029b3bb21f02975b0a8ef48,trusted,cn_public_2022_2026_cycles_1_0,public_schedule_without_transaction_override,True,52,2024-03-19,complete
2024-03-19,0.00,11231.03,1,1270904.52,last_posted_transaction_or_prior_closing_balance,synb1_txn_e9456ba3adea694f0a1ff5d5,trusted,cn_public_2022_2026_cycles_1_0,public_schedule_without_transaction_override,True,53,2024-03-20,complete
2024-03-20,34052.42,0.00,1,1304956.94,last_posted_transaction_or_prior_closing_balance,synb1_txn_c2fa4618211241b9c2c10e45,trusted,cn_public_2022_2026_cycles_1_0,public_schedule_without_transaction_override,True,54,2024-03-21,complete
2024-03-21,25333.19,9983.57,3,1320306.56,last_posted_transaction_or_prior_closing_balance,synb1_txn_86294d117b762e30f0ffc169,trusted,cn_public_2022_2026_cycles_1_0,public_schedule_without_transaction_override,True,55,2024-03-22,complete
2024-03-22,8071.72,0.00,2,1328378.28,last_posted_transaction_or_prior_closing_balance,synb1_txn_af520762639dccdd207454dc,trusted,cn_public_2022_2026_cycles_1_0,public_schedule_without_transaction_override,True,56,2024-03-25,complete
2024-03-23,0.00,0.00,0,1328378.28,last_posted_transaction_or_prior_closing_balance,,trusted,cn_public_2022_2026_cycles_1_0,public_schedule_without_transaction_override,False,,,complete
2024-03-24,0.00,3534.83,1,1324843.45,last_posted_transaction_or_prior_closing_balance,synb1_txn_8fb701af6ee2a43d9e0fb1cf,trusted,cn_public_2022_2026_cycles_1_0,public_schedule_without_transaction_override,False,,,complete
2024-03-25,0.00,0.00,0,1324843.45,last_posted_transaction_or_prior_closing_balance,,trusted,cn_public_2022_2026_cycles_1_0,public_schedule_without_transaction_override,True,57,2024-03-26,complete
2024-03-26,88799.08,0.00,2,1413642.53,last_posted_transaction_or_prior_closing_balance,synb1_txn_1dbe8878264acc65770d1d0a,trusted,cn_public_2022_2026_cycles_1_0,public_schedule_without_transaction_override,True,58,2024-03-27,complete
2024-03-27,0.00,0.00,0,1413642.53,last_posted_transaction_or_prior_closing_balance,,trusted,cn_public_2022_2026_cycles_1_0,public_schedule_without_transaction_override,True,59,2024-03-28,complete
2024-03-28,0.00,39829.73,1,1373812.80,last_posted_transaction_or_prior_closing_balance,synb1_txn_241a0e185edd719f03eea1b6,trusted,cn_public_2022_2026_cycles_1_0,public_schedule_without_transaction_override,True,60,2024-03-29,complete
2024-03-29,0.00,0.00,0,1373812.80,last_posted_transaction_or_prior_closing_balance,,trusted,cn_public_2022_2026_cycles_1_0,public_schedule_without_transaction_override,True,61,2024-04-01,complete
2024-03-30,0.00,0.00,0,1373812.80,last_posted_transaction_or_prior_closing_balance,,trusted,cn_public_2022_2026_cycles_1_0,public_schedule_without_transaction_override,False,,,complete
2024-03-31,0.00,0.00,0,1373812.80,last_posted_transaction_or_prior_closing_balance,,trusted,cn_public_2022_2026_cycles_1_0,public_schedule_without_transaction_override,False,,,complete
2024-04-01,0.00,0.00,0,1373812.80,last_posted_transaction_or_prior_closing_balance,,trusted,cn_public_2022_2026_cycles_1_0,public_schedule_without_transaction_override,True,62,2024-04-02,complete
2024-04-02,0.00,0.00,0,1373812.80,last_posted_transaction_or_prior_closing_balance,,trusted,cn_public_2022_2026_cycles_1_0,public_schedule_without_transaction_override,True,63,2024-04-03,complete
2024-04-03,0.00,33047.32,2,1340765.48,last_posted_transaction_or_prior_closing_balance,synb1_txn_82140ce4757def1972822c71,trusted,cn_public_2022_2026_cycles_1_0,public_schedule_without_transaction_override,True,64,2024-04-07,complete
2024-04-04,0.00,0.00,0,1340765.48,last_posted_transaction_or_prior_closing_balance,,trusted,cn_public_2022_2026_cycles_1_0,public_schedule_without_transaction_override,False,,,complete
2024-04-05,0.00,42858.61,3,1297906.87,last_posted_transaction_or_prior_closing_balance,synb1_txn_93ba070c4f02ca65d194ab07,trusted,cn_public_2022_2026_cycles_1_0,public_schedule_without_transaction_override,False,,,complete
2024-04-06,0.00,29871.12,1,1268035.75,last_posted_transaction_or_prior_closing_balance,synb1_txn_055ad490922797a5cc2a2248,trusted,cn_public_2022_2026_cycles_1_0,public_schedule_without_transaction_override,False,,,complete
2024-04-07,1766.65,26434.76,3,1243367.64,last_posted_transaction_or_prior_closing_balance,synb1_txn_20805e22939530f6e1ab7f5a,trusted,cn_public_2022_2026_cycles_1_0,public_schedule_without_transaction_override,True,65,2024-04-08,complete
2024-04-08,0.00,0.00,0,1243367.64,last_posted_transaction_or_prior_closing_balance,,trusted,cn_public_2022_2026_cycles_1_0,public_schedule_without_transaction_override,True,66,2024-04-09,complete
2024-04-09,0.00,0.00,0,1243367.64,last_posted_transaction_or_prior_closing_balance,,trusted,cn_public_2022_2026_cycles_1_0,public_schedule_without_transaction_override,True,67,2024-04-10,complete
2024-04-10,0.00,0.00,0,1243367.64,last_posted_transaction_or_prior_closing_balance,,trusted,cn_public_2022_2026_cycles_1_0,public_schedule_without_transaction_override,True,68,2024-04-11,complete
2024-04-11,0.00,25510.81,1,1217856.83,last_posted_transaction_or_prior_closing_balance,synb1_txn_fcdf5bd0e999e95541d3ee18,trusted,cn_public_2022_2026_cycles_1_0,public_schedule_without_transaction_override,True,69,2024-04-12,complete
2024-04-12,0.00,0.00,0,1217856.83,last_posted_transaction_or_prior_closing_balance,,trusted,cn_public_2022_2026_cycles_1_0,public_schedule_without_transaction_override,True,70,2024-04-15,complete
2024-04-13,0.00,61801.19,1,1156055.64,last_posted_transaction_or_prior_closing_balance,synb1_txn_c8d8991e6e9f06db67c69dd3,trusted,cn_public_2022_2026_cycles_1_0,public_schedule_without_transaction_override,False,,,complete
2024-04-14,89435.09,0.00,2,1245490.73,last_posted_transaction_or_prior_closing_balance,synb1_txn_4b10dcdb1975027db390f747,trusted,cn_public_2022_2026_cycles_1_0,public_schedule_without_transaction_override,False,,,complete
2024-04-15,0.00,0.00,0,1245490.73,last_posted_transaction_or_prior_closing_balance,,trusted,cn_public_2022_2026_cycles_1_0,public_schedule_without_transaction_override,True,71,2024-04-16,complete
2024-04-16,92669.80,0.00,1,1338160.53,last_posted_transaction_or_prior_closing_balance,synb1_txn_ded93989daa597c1bfc640d1,trusted,cn_public_2022_2026_cycles_1_0,public_schedule_without_transaction_override,True,72,2024-04-17,complete
2024-04-17,0.00,0.00,0,1338160.53,last_posted_transaction_or_prior_closing_balance,,trusted,cn_public_2022_2026_cycles_1_0,public_schedule_without_transaction_override,True,73,2024-04-18,complete
2024-04-18,0.00,13317.60,3,1324842.93,last_posted_transaction_or_prior_closing_balance,synb1_txn_75859a22bc59be6340474ab2,trusted,cn_public_2022_2026_cycles_1_0,public_schedule_without_transaction_override,True,74,2024-04-19,complete
2024-04-19,0.00,0.00,0,1324842.93,last_posted_transaction_or_prior_closing_balance,,trusted,cn_public_2022_2026_cycles_1_0,public_schedule_without_transaction_override,True,75,2024-04-22,complete
2024-04-20,0.00,0.00,0,1324842.93,last_posted_transaction_or_prior_closing_balance,,trusted,cn_public_2022_2026_cycles_1_0,public_schedule_without_transaction_override,False,,,complete
2024-04-21,0.00,0.00,0,1324842.93,last_posted_transaction_or_prior_closing_balance,,trusted,cn_public_2022_2026_cycles_1_0,public_schedule_without_transaction_override,False,,,complete
2024-04-22,0.00,27157.71,3,1297685.22,last_posted_transaction_or_prior_closing_balance,synb1_txn_0fe86c41e87c86b7045d77f7,trusted,cn_public_2022_2026_cycles_1_0,public_schedule_without_transaction_override,True,76,2024-04-23,complete
2024-04-23,0.00,0.00,0,1297685.22,last_posted_transaction_or_prior_closing_balance,,trusted,cn_public_2022_2026_cycles_1_0,public_schedule_without_transaction_override,True,77,2024-04-24,complete
2024-04-24,0.00,0.00,0,1297685.22,last_posted_transaction_or_prior_closing_balance,,trusted,cn_public_2022_2026_cycles_1_0,public_schedule_without_transaction_override,True,78,2024-04-25,complete
2024-04-25,1275.01,10679.14,3,1288281.09,last_posted_transaction_or_prior_closing_balance,synb1_txn_0edd73aac5dab37d56181d95,trusted,cn_public_2022_2026_cycles_1_0,public_schedule_without_transaction_override,True,79,2024-04-26,complete
2024-04-26,119853.45,106.61,4,1408027.93,last_posted_transaction_or_prior_closing_balance,synb1_txn_70c968944d8d8e29f5e56486,trusted,cn_public_2022_2026_cycles_1_0,public_schedule_without_transaction_override,True,80,2024-04-28,complete
2024-04-27,0.00,24139.21,2,1383888.72,last_posted_transaction_or_prior_closing_balance,synb1_txn_77c5e2bfafb0bcac74357dfc,trusted,cn_public_2022_2026_cycles_1_0,public_schedule_without_transaction_override,False,,,complete
2024-04-28,0.00,5593.52,1,1378295.20,last_posted_transaction_or_prior_closing_balance,synb1_txn_4cb58f32b1688672d0bb2fa0,trusted,cn_public_2022_2026_cycles_1_0,public_schedule_without_transaction_override,True,81,2024-04-29,complete
2024-04-29,0.00,0.00,0,1378295.20,last_posted_transaction_or_prior_closing_balance,,trusted,cn_public_2022_2026_cycles_1_0,public_schedule_without_transaction_override,True,82,2024-04-30,complete
2024-04-30,0.00,0.00,0,1378295.20,last_posted_transaction_or_prior_closing_balance,,trusted,cn_public_2022_2026_cycles_1_0,public_schedule_without_transaction_override,True,83,2024-05-06,complete
2024-05-01,0.00,0.00,0,1378295.20,last_posted_transaction_or_prior_closing_balance,,trusted,cn_public_2022_2026_cycles_1_0,public_schedule_without_transaction_override,False,,,complete
2024-05-02,0.00,0.00,0,1378295.20,last_posted_transaction_or_prior_closing_balance,,trusted,cn_public_2022_2026_cycles_1_0,public_schedule_without_transaction_override,False,,,complete
2024-05-03,83713.06,0.00,2,1462008.26,last_posted_transaction_or_prior_closing_balance,synb1_txn_f1312515a357bcbbd310eef3,trusted,cn_public_2022_2026_cycles_1_0,public_schedule_without_transaction_override,False,,,complete
2024-05-04,111830.86,0.00,1,1573839.12,last_posted_transaction_or_prior_closing_balance,synb1_txn_69270fc92b6bf8f49f570f79,trusted,cn_public_2022_2026_cycles_1_0,public_schedule_without_transaction_override,False,,,complete
2024-05-05,0.00,35883.59,2,1537955.53,last_posted_transaction_or_prior_closing_balance,synb1_txn_1cc1c61b75ae2ef6e27786e3,trusted,cn_public_2022_2026_cycles_1_0,public_schedule_without_transaction_override,False,,,complete
2024-05-06,0.00,0.00,0,1537955.53,last_posted_transaction_or_prior_closing_balance,,trusted,cn_public_2022_2026_cycles_1_0,public_schedule_without_transaction_override,True,84,2024-05-07,complete
2024-05-07,0.00,25500.00,1,1512455.53,last_posted_transaction_or_prior_closing_balance,synb1_txn_947964779f74d887e9b645e2,trusted,cn_public_2022_2026_cycles_1_0,public_schedule_without_transaction_override,True,85,2024-05-08,complete
2024-05-08,40656.89,0.00,1,1553112.42,last_posted_transaction_or_prior_closing_balance,synb1_txn_bf7dd64bcc29f153f20071c3,trusted,cn_public_2022_2026_cycles_1_0,public_schedule_without_transaction_override,True,86,2024-05-09,complete
2024-05-09,9033.47,0.00,1,1562145.89,last_posted_transaction_or_prior_closing_balance,synb1_txn_4cb0ee71afd849cbd5fbd044,trusted,cn_public_2022_2026_cycles_1_0,public_schedule_without_transaction_override,True,87,2024-05-10,complete
2024-05-10,0.00,0.00,0,1562145.89,last_posted_transaction_or_prior_closing_balance,,trusted,cn_public_2022_2026_cycles_1_0,public_schedule_without_transaction_override,True,88,2024-05-11,complete
2024-05-11,23806.91,16151.19,2,1569801.61,last_posted_transaction_or_prior_closing_balance,synb1_txn_41463ecfdb9f173ff4cb346c,trusted,cn_public_2022_2026_cycles_1_0,public_schedule_without_transaction_override,True,89,2024-05-13,complete
2024-05-12,0.00,0.00,0,1569801.61,last_posted_transaction_or_prior_closing_balance,,trusted,cn_public_2022_2026_cycles_1_0,public_schedule_without_transaction_override,False,,,complete
2024-05-13,14764.63,0.00,1,1584566.24,last_posted_transaction_or_prior_closing_balance,synb1_txn_8135b84212a02d91e750b604,trusted,cn_public_2022_2026_cycles_1_0,public_schedule_without_transaction_override,True,90,2024-05-14,complete
2024-05-14,7512.25,0.00,1,1592078.49,last_posted_transaction_or_prior_closing_balance,synb1_txn_fd8c4aa3c05ecf27d480dbfb,trusted,cn_public_2022_2026_cycles_1_0,public_schedule_without_transaction_override,True,91,2024-05-15,complete
2024-05-15,2204.68,0.00,1,1594283.17,last_posted_transaction_or_prior_closing_balance,synb1_txn_8e53e98bc0c01b0c1fd3653c,trusted,cn_public_2022_2026_cycles_1_0,public_schedule_without_transaction_override,True,92,2024-05-16,complete
2024-05-16,0.00,14755.32,1,1579527.85,last_posted_transaction_or_prior_closing_balance,synb1_txn_9c9521851dd53c83c2c57774,trusted,cn_public_2022_2026_cycles_1_0,public_schedule_without_transaction_override,True,93,2024-05-17,complete
2024-05-17,0.00,0.00,0,1579527.85,last_posted_transaction_or_prior_closing_balance,,trusted,cn_public_2022_2026_cycles_1_0,public_schedule_without_transaction_override,True,94,2024-05-20,complete
2024-05-18,0.00,52765.73,3,1526762.12,last_posted_transaction_or_prior_closing_balance,synb1_txn_f5d7846ce23724b1246bded8,trusted,cn_public_2022_2026_cycles_1_0,public_schedule_without_transaction_override,False,,,complete
2024-05-19,0.00,0.00,0,1526762.12,last_posted_transaction_or_prior_closing_balance,,trusted,cn_public_2022_2026_cycles_1_0,public_schedule_without_transaction_override,False,,,complete
2024-05-20,0.00,12244.83,3,1514517.29,last_posted_transaction_or_prior_closing_balance,synb1_txn_3ad92daa15b0d7e822ea92ec,trusted,cn_public_2022_2026_cycles_1_0,public_schedule_without_transaction_override,True,95,2024-05-21,complete
2024-05-21,0.00,3164.62,1,1511352.67,last_posted_transaction_or_prior_closing_balance,synb1_txn_8813b84a8a2874be19833c98,trusted,cn_public_2022_2026_cycles_1_0,public_schedule_without_transaction_override,True,96,2024-05-22,complete
2024-05-22,16477.25,0.00,2,1527829.92,last_posted_transaction_or_prior_closing_balance,synb1_txn_3c7ada4980f4677fa777f602,trusted,cn_public_2022_2026_cycles_1_0,public_schedule_without_transaction_override,True,97,2024-05-23,complete
2024-05-23,0.00,85318.18,1,1442511.74,last_posted_transaction_or_prior_closing_balance,synb1_txn_8a699391beb68621dd6ef686,trusted,cn_public_2022_2026_cycles_1_0,public_schedule_without_transaction_override,True,98,2024-05-24,complete
2024-05-24,0.00,0.00,0,1442511.74,last_posted_transaction_or_prior_closing_balance,,trusted,cn_public_2022_2026_cycles_1_0,public_schedule_without_transaction_override,True,99,2024-05-27,complete
2024-05-25,0.00,0.00,0,1442511.74,last_posted_transaction_or_prior_closing_balance,,trusted,cn_public_2022_2026_cycles_1_0,public_schedule_without_transaction_override,False,,,complete
2024-05-26,0.00,2314.33,1,1440197.41,last_posted_transaction_or_prior_closing_balance,synb1_txn_6f22b2eeb7afea619298ab1d,trusted,cn_public_2022_2026_cycles_1_0,public_schedule_without_transaction_override,False,,,complete
2024-05-27,0.00,0.00,0,1440197.41,last_posted_transaction_or_prior_closing_balance,,trusted,cn_public_2022_2026_cycles_1_0,public_schedule_without_transaction_override,True,100,2024-05-28,complete
2024-05-28,0.00,18647.04,1,1421550.37,last_posted_transaction_or_prior_closing_balance,synb1_txn_fca9c32470331fcd6fa26ef5,trusted,cn_public_2022_2026_cycles_1_0,public_schedule_without_transaction_override,True,101,2024-05-29,complete
2024-05-29,0.00,0.00,0,1421550.37,last_posted_transaction_or_prior_closing_balance,,trusted,cn_public_2022_2026_cycles_1_0,public_schedule_without_transaction_override,True,102,2024-05-30,complete
2024-05-30,0.00,0.00,0,1421550.37,last_posted_transaction_or_prior_closing_balance,,trusted,cn_public_2022_2026_cycles_1_0,public_schedule_without_transaction_override,True,103,2024-05-31,complete
2024-05-31,0.00,0.00,0,1421550.37,last_posted_transaction_or_prior_closing_balance,,trusted,cn_public_2022_2026_cycles_1_0,public_schedule_without_transaction_override,True,104,2024-06-03,complete
2024-06-01,0.00,0.00,0,1421550.37,last_posted_transaction_or_prior_closing_balance,,trusted,cn_public_2022_2026_cycles_1_0,public_schedule_without_transaction_override,False,,,complete
2024-06-02,27614.21,0.00,1,1449164.58,last_posted_transaction_or_prior_closing_balance,synb1_txn_912fc8bcc81780b20d9ea616,trusted,cn_public_2022_2026_cycles_1_0,public_schedule_without_transaction_override,False,,,complete
2024-06-03,20580.94,0.00,1,1469745.52,last_posted_transaction_or_prior_closing_balance,synb1_txn_9c1bb4831e9d4c7e60777e18,trusted,cn_public_2022_2026_cycles_1_0,public_schedule_without_transaction_override,True,105,2024-06-04,complete
2024-06-04,2011.67,0.00,1,1471757.19,last_posted_transaction_or_prior_closing_balance,synb1_txn_a42393b38e4277d956b253bd,trusted,cn_public_2022_2026_cycles_1_0,public_schedule_without_transaction_override,True,106,2024-06-05,complete
2024-06-05,53080.96,32713.52,4,1492124.63,last_posted_transaction_or_prior_closing_balance,synb1_txn_7684f2c444c9d3b793e9d8b0,trusted,cn_public_2022_2026_cycles_1_0,public_schedule_without_transaction_override,True,107,2024-06-06,complete
2024-06-06,2316.66,0.00,1,1494441.29,last_posted_transaction_or_prior_closing_balance,synb1_txn_533cd38fb2b45ff94b96eaa1,trusted,cn_public_2022_2026_cycles_1_0,public_schedule_without_transaction_override,True,108,2024-06-07,complete
2024-06-07,3450.65,60603.37,5,1437288.57,last_posted_transaction_or_prior_closing_balance,synb1_txn_f8d3a9b1bf7e9822303b330c,trusted,cn_public_2022_2026_cycles_1_0,public_schedule_without_transaction_override,True,109,2024-06-11,complete
2024-06-08,6106.98,5029.74,2,1438365.81,last_posted_transaction_or_prior_closing_balance,synb1_txn_7fac5b078187e90a3126c333,trusted,cn_public_2022_2026_cycles_1_0,public_schedule_without_transaction_override,False,,,complete
2024-06-09,42602.72,0.00,1,1480968.53,last_posted_transaction_or_prior_closing_balance,synb1_txn_213ccf96a0e2e283a67e14de,trusted,cn_public_2022_2026_cycles_1_0,public_schedule_without_transaction_override,False,,,complete
2024-06-10,0.00,0.00,0,1480968.53,last_posted_transaction_or_prior_closing_balance,,trusted,cn_public_2022_2026_cycles_1_0,public_schedule_without_transaction_override,False,,,complete
2024-06-11,28173.19,0.00,1,1509141.72,last_posted_transaction_or_prior_closing_balance,synb1_txn_9188c703ed03d0f565fcec7c,trusted,cn_public_2022_2026_cycles_1_0,public_schedule_without_transaction_override,True,110,2024-06-12,complete
2024-06-12,0.00,0.00,0,1509141.72,last_posted_transaction_or_prior_closing_balance,,trusted,cn_public_2022_2026_cycles_1_0,public_schedule_without_transaction_override,True,111,2024-06-13,complete
2024-06-13,15987.80,31976.86,3,1493152.66,last_posted_transaction_or_prior_closing_balance,synb1_txn_8d4b60849c2a6546907ce058,trusted,cn_public_2022_2026_cycles_1_0,public_schedule_without_transaction_override,True,112,2024-06-14,complete
2024-06-14,0.00,0.00,0,1493152.66,last_posted_transaction_or_prior_closing_balance,,trusted,cn_public_2022_2026_cycles_1_0,public_schedule_without_transaction_override,True,113,2024-06-17,complete
2024-06-15,0.00,0.00,0,1493152.66,last_posted_transaction_or_prior_closing_balance,,trusted,cn_public_2022_2026_cycles_1_0,public_schedule_without_transaction_override,False,,,complete
2024-06-16,0.00,0.00,0,1493152.66,last_posted_transaction_or_prior_closing_balance,,trusted,cn_public_2022_2026_cycles_1_0,public_schedule_without_transaction_override,False,,,complete
2024-06-17,59814.57,0.00,1,1552967.23,last_posted_transaction_or_prior_closing_balance,synb1_txn_69fc44f090d022271a0d9f2e,trusted,cn_public_2022_2026_cycles_1_0,public_schedule_without_transaction_override,True,114,2024-06-18,complete
2024-06-18,34685.11,14781.04,5,1572871.30,last_posted_transaction_or_prior_closing_balance,synb1_txn_9cf072b89efbe410b280e350,trusted,cn_public_2022_2026_cycles_1_0,public_schedule_without_transaction_override,True,115,2024-06-19,complete
2024-06-19,0.00,0.00,0,1572871.30,last_posted_transaction_or_prior_closing_balance,,trusted,cn_public_2022_2026_cycles_1_0,public_schedule_without_transaction_override,True,116,2024-06-20,complete
2024-06-20,0.00,1548.31,1,1571322.99,last_posted_transaction_or_prior_closing_balance,synb1_txn_e2b634a3e4b6eb21180c0310,trusted,cn_public_2022_2026_cycles_1_0,public_schedule_without_transaction_override,True,117,2024-06-21,complete
2024-06-21,0.00,0.00,0,1571322.99,last_posted_transaction_or_prior_closing_balance,,trusted,cn_public_2022_2026_cycles_1_0,public_schedule_without_transaction_override,True,118,2024-06-24,complete
2024-06-22,18574.54,0.00,1,1589897.53,last_posted_transaction_or_prior_closing_balance,synb1_txn_1d9230b99422aa4801d2a3bc,trusted,cn_public_2022_2026_cycles_1_0,public_schedule_without_transaction_override,False,,,complete
2024-06-23,0.00,0.00,0,1589897.53,last_posted_transaction_or_prior_closing_balance,,trusted,cn_public_2022_2026_cycles_1_0,public_schedule_without_transaction_override,False,,,complete
2024-06-24,0.00,0.00,0,1589897.53,last_posted_transaction_or_prior_closing_balance,,trusted,cn_public_2022_2026_cycles_1_0,public_schedule_without_transaction_override,True,119,2024-06-25,complete
2024-06-25,0.00,0.00,0,1589897.53,last_posted_transaction_or_prior_closing_balance,,trusted,cn_public_2022_2026_cycles_1_0,public_schedule_without_transaction_override,True,120,2024-06-26,complete
2024-06-26,0.00,4379.88,1,1585517.65,last_posted_transaction_or_prior_closing_balance,synb1_txn_eea62c578f67eba09a4c25ce,trusted,cn_public_2022_2026_cycles_1_0,public_schedule_without_transaction_override,True,121,2024-06-27,complete
2024-06-27,0.00,0.00,0,1585517.65,last_posted_transaction_or_prior_closing_balance,,trusted,cn_public_2022_2026_cycles_1_0,public_schedule_without_transaction_override,True,122,2024-06-28,complete
2024-06-28,0.00,124791.31,1,1460726.34,last_posted_transaction_or_prior_closing_balance,synb1_txn_d3c352e6ce8f2cc3bc5dedac,trusted,cn_public_2022_2026_cycles_1_0,public_schedule_without_transaction_override,True,123,2024-07-01,complete
2024-06-29,0.00,0.00,0,1460726.34,last_posted_transaction_or_prior_closing_balance,,trusted,cn_public_2022_2026_cycles_1_0,public_schedule_without_transaction_override,False,,,complete
2024-06-30,0.00,0.00,0,1460726.34,last_posted_transaction_or_prior_closing_balance,,trusted,cn_public_2022_2026_cycles_1_0,public_schedule_without_transaction_override,False,,,complete
2024-07-01,0.00,0.00,0,1460726.34,last_posted_transaction_or_prior_closing_balance,,trusted,cn_public_2022_2026_cycles_1_0,public_schedule_without_transaction_override,True,124,2024-07-02,complete
2024-07-02,25416.87,0.00,1,1486143.21,last_posted_transaction_or_prior_closing_balance,synb1_txn_658b8779eb896cbd8d938c03,trusted,cn_public_2022_2026_cycles_1_0,public_schedule_without_transaction_override,True,125,2024-07-03,complete
2024-07-03,0.00,0.00,0,1486143.21,last_posted_transaction_or_prior_closing_balance,,trusted,cn_public_2022_2026_cycles_1_0,public_schedule_without_transaction_override,True,126,2024-07-04,complete
2024-07-04,0.00,7584.24,1,1478558.97,last_posted_transaction_or_prior_closing_balance,synb1_txn_71c73ac0c9fee0ab9d8f7df5,trusted,cn_public_2022_2026_cycles_1_0,public_schedule_without_transaction_override,True,127,2024-07-05,complete
2024-07-05,0.00,16772.18,2,1461786.79,last_posted_transaction_or_prior_closing_balance,synb1_txn_7abc1ce884ca141216e19bbe,trusted,cn_public_2022_2026_cycles_1_0,public_schedule_without_transaction_override,True,128,2024-07-08,complete
2024-07-06,0.00,59875.58,1,1401911.21,last_posted_transaction_or_prior_closing_balance,synb1_txn_170790b8bb5dae64be93316b,trusted,cn_public_2022_2026_cycles_1_0,public_schedule_without_transaction_override,False,,,complete
2024-07-07,0.00,26304.43,2,1375606.78,last_posted_transaction_or_prior_closing_balance,synb1_txn_5d9e566a63c53ae21c95a864,trusted,cn_public_2022_2026_cycles_1_0,public_schedule_without_transaction_override,False,,,complete
2024-07-08,95854.99,0.00,2,1471461.77,last_posted_transaction_or_prior_closing_balance,synb1_txn_5f97df6d3501d14dcbd7c56e,trusted,cn_public_2022_2026_cycles_1_0,public_schedule_without_transaction_override,True,129,2024-07-09,complete
2024-07-09,9177.45,60563.06,2,1420076.16,last_posted_transaction_or_prior_closing_balance,synb1_txn_450259c2ad7e82b18a6e7024,trusted,cn_public_2022_2026_cycles_1_0,public_schedule_without_transaction_override,True,130,2024-07-10,complete
2024-07-10,0.00,23595.36,3,1396480.80,last_posted_transaction_or_prior_closing_balance,synb1_txn_c7c78d17c522894c59b7d01b,trusted,cn_public_2022_2026_cycles_1_0,public_schedule_without_transaction_override,True,131,2024-07-11,complete
2024-07-11,20462.45,2163.62,2,1414779.63,last_posted_transaction_or_prior_closing_balance,synb1_txn_446c9e69da29676f995240e0,trusted,cn_public_2022_2026_cycles_1_0,public_schedule_without_transaction_override,True,132,2024-07-12,complete
2024-07-12,0.00,5443.77,1,1409335.86,last_posted_transaction_or_prior_closing_balance,synb1_txn_a3b74d4c325f507ece508710,trusted,cn_public_2022_2026_cycles_1_0,public_schedule_without_transaction_override,True,133,2024-07-15,complete
2024-07-13,0.00,6232.80,1,1403103.06,last_posted_transaction_or_prior_closing_balance,synb1_txn_387adcefa2a789d38e1eaf77,trusted,cn_public_2022_2026_cycles_1_0,public_schedule_without_transaction_override,False,,,complete
2024-07-14,0.00,0.00,0,1403103.06,last_posted_transaction_or_prior_closing_balance,,trusted,cn_public_2022_2026_cycles_1_0,public_schedule_without_transaction_override,False,,,complete
2024-07-15,0.00,4933.07,2,1398169.99,last_posted_transaction_or_prior_closing_balance,synb1_txn_2afb2e0ddf9b13faecd50e1e,trusted,cn_public_2022_2026_cycles_1_0,public_schedule_without_transaction_override,True,134,2024-07-16,complete
2024-07-16,93126.81,0.00,1,1491296.80,last_posted_transaction_or_prior_closing_balance,synb1_txn_8a709d6c133032ac87319af4,trusted,cn_public_2022_2026_cycles_1_0,public_schedule_without_transaction_override,True,135,2024-07-17,complete
2024-07-17,0.00,18121.24,1,1473175.56,last_posted_transaction_or_prior_closing_balance,synb1_txn_44ebe56797a4d0ca486d580f,trusted,cn_public_2022_2026_cycles_1_0,public_schedule_without_transaction_override,True,136,2024-07-18,complete
2024-07-18,11962.98,40083.26,6,1445055.28,last_posted_transaction_or_prior_closing_balance,synb1_txn_1a61f689c76ecbd296cafddc,trusted,cn_public_2022_2026_cycles_1_0,public_schedule_without_transaction_override,True,137,2024-07-19,complete
2024-07-19,22375.85,0.00,1,1467431.13,last_posted_transaction_or_prior_closing_balance,synb1_txn_411c68edff9496a919865b53,trusted,cn_public_2022_2026_cycles_1_0,public_schedule_without_transaction_override,True,138,2024-07-22,complete
2024-07-20,0.00,0.00,0,1467431.13,last_posted_transaction_or_prior_closing_balance,,trusted,cn_public_2022_2026_cycles_1_0,public_schedule_without_transaction_override,False,,,complete
2024-07-21,0.00,2119.91,1,1465311.22,last_posted_transaction_or_prior_closing_balance,synb1_txn_9ca68b235e6bf9fee1294ad2,trusted,cn_public_2022_2026_cycles_1_0,public_schedule_without_transaction_override,False,,,complete
2024-07-22,0.00,0.00,0,1465311.22,last_posted_transaction_or_prior_closing_balance,,trusted,cn_public_2022_2026_cycles_1_0,public_schedule_without_transaction_override,True,139,2024-07-23,complete
2024-07-23,0.00,0.00,0,1465311.22,last_posted_transaction_or_prior_closing_balance,,trusted,cn_public_2022_2026_cycles_1_0,public_schedule_without_transaction_override,True,140,2024-07-24,complete
2024-07-24,0.00,0.00,0,1465311.22,last_posted_transaction_or_prior_closing_balance,,trusted,cn_public_2022_2026_cycles_1_0,public_schedule_without_transaction_override,True,141,2024-07-25,complete
2024-07-25,29193.20,0.00,1,1494504.42,last_posted_transaction_or_prior_closing_balance,synb1_txn_4056e6d84722cbdd16368cba,trusted,cn_public_2022_2026_cycles_1_0,public_schedule_without_transaction_override,True,142,2024-07-26,complete
2024-07-26,0.00,641.91,1,1493862.51,last_posted_transaction_or_prior_closing_balance,synb1_txn_d32400339fec8b7ef6049f8d,trusted,cn_public_2022_2026_cycles_1_0,public_schedule_without_transaction_override,True,143,2024-07-29,complete
2024-07-27,12429.40,0.00,1,1506291.91,last_posted_transaction_or_prior_closing_balance,synb1_txn_df3fc84404f78cdb0a12cf96,trusted,cn_public_2022_2026_cycles_1_0,public_schedule_without_transaction_override,False,,,complete
2024-07-28,0.00,0.00,0,1506291.91,last_posted_transaction_or_prior_closing_balance,,trusted,cn_public_2022_2026_cycles_1_0,public_schedule_without_transaction_override,False,,,complete
2024-07-29,0.00,0.00,0,1506291.91,last_posted_transaction_or_prior_closing_balance,,trusted,cn_public_2022_2026_cycles_1_0,public_schedule_without_transaction_override,True,144,2024-07-30,complete
2024-07-30,0.00,0.00,0,1506291.91,last_posted_transaction_or_prior_closing_balance,,trusted,cn_public_2022_2026_cycles_1_0,public_schedule_without_transaction_override,True,145,2024-07-31,complete
2024-07-31,0.00,0.00,0,1506291.91,last_posted_transaction_or_prior_closing_balance,,trusted,cn_public_2022_2026_cycles_1_0,public_schedule_without_transaction_override,True,146,2024-08-01,complete
2024-08-01,0.00,0.00,0,1506291.91,last_posted_transaction_or_prior_closing_balance,,trusted,cn_public_2022_2026_cycles_1_0,public_schedule_without_transaction_override,True,147,2024-08-02,complete
2024-08-02,2226.23,0.00,1,1508518.14,last_posted_transaction_or_prior_closing_balance,synb1_txn_de792e3f6099a30b3439464f,trusted,cn_public_2022_2026_cycles_1_0,public_schedule_without_transaction_override,True,148,2024-08-05,complete
2024-08-03,0.00,0.00,0,1508518.14,last_posted_transaction_or_prior_closing_balance,,trusted,cn_public_2022_2026_cycles_1_0,public_schedule_without_transaction_override,False,,,complete
2024-08-04,41461.05,0.00,1,1549979.19,last_posted_transaction_or_prior_closing_balance,synb1_txn_7d215dd621e4766024604d69,trusted,cn_public_2022_2026_cycles_1_0,public_schedule_without_transaction_override,False,,,complete
2024-08-05,0.00,9000.00,1,1540979.19,last_posted_transaction_or_prior_closing_balance,synb1_txn_c3d82821c3b623619ab4221d,trusted,cn_public_2022_2026_cycles_1_0,public_schedule_without_transaction_override,True,149,2024-08-06,complete
2024-08-06,41055.47,17748.67,2,1564285.99,last_posted_transaction_or_prior_closing_balance,synb1_txn_8421e546ff3528d4e8fb2afa,trusted,cn_public_2022_2026_cycles_1_0,public_schedule_without_transaction_override,True,150,2024-08-07,complete
2024-08-07,54853.25,25500.00,2,1593639.24,last_posted_transaction_or_prior_closing_balance,synb1_txn_fec44b14f936e5b7149e6c7c,trusted,cn_public_2022_2026_cycles_1_0,public_schedule_without_transaction_override,True,151,2024-08-08,complete
2024-08-08,0.00,77362.22,1,1516277.02,last_posted_transaction_or_prior_closing_balance,synb1_txn_afea4d385a4e5744e5457622,trusted,cn_public_2022_2026_cycles_1_0,public_schedule_without_transaction_override,True,152,2024-08-09,complete
2024-08-09,0.00,23172.67,1,1493104.35,last_posted_transaction_or_prior_closing_balance,synb1_txn_354710588f3e98978c47ecf1,trusted,cn_public_2022_2026_cycles_1_0,public_schedule_without_transaction_override,True,153,2024-08-12,complete
2024-08-10,0.00,0.00,0,1493104.35,last_posted_transaction_or_prior_closing_balance,,trusted,cn_public_2022_2026_cycles_1_0,public_schedule_without_transaction_override,False,,,complete
2024-08-11,0.00,0.00,0,1493104.35,last_posted_transaction_or_prior_closing_balance,,trusted,cn_public_2022_2026_cycles_1_0,public_schedule_without_transaction_override,False,,,complete
2024-08-12,1736.59,0.00,1,1494840.94,last_posted_transaction_or_prior_closing_balance,synb1_txn_632bb1706c51df86ae76103e,trusted,cn_public_2022_2026_cycles_1_0,public_schedule_without_transaction_override,True,154,2024-08-13,complete
2024-08-13,0.00,10084.79,1,1484756.15,last_posted_transaction_or_prior_closing_balance,synb1_txn_ab243dacce31221350225315,trusted,cn_public_2022_2026_cycles_1_0,public_schedule_without_transaction_override,True,155,2024-08-14,complete
2024-08-14,0.00,0.00,0,1484756.15,last_posted_transaction_or_prior_closing_balance,,trusted,cn_public_2022_2026_cycles_1_0,public_schedule_without_transaction_override,True,156,2024-08-15,complete
2024-08-15,0.00,35660.75,2,1449095.40,last_posted_transaction_or_prior_closing_balance,synb1_txn_e17e792f47d192767accebbc,trusted,cn_public_2022_2026_cycles_1_0,public_schedule_without_transaction_override,True,157,2024-08-16,complete
2024-08-16,0.00,6356.38,1,1442739.02,last_posted_transaction_or_prior_closing_balance,synb1_txn_4cde58130329e3d0ee05e396,trusted,cn_public_2022_2026_cycles_1_0,public_schedule_without_transaction_override,True,158,2024-08-19,complete
2024-08-17,18374.33,0.00,1,1461113.35,last_posted_transaction_or_prior_closing_balance,synb1_txn_b193c4221f2e1677985a4989,trusted,cn_public_2022_2026_cycles_1_0,public_schedule_without_transaction_override,False,,,complete
2024-08-18,0.00,0.00,0,1461113.35,last_posted_transaction_or_prior_closing_balance,,trusted,cn_public_2022_2026_cycles_1_0,public_schedule_without_transaction_override,False,,,complete
2024-08-19,0.00,14313.63,3,1446799.72,last_posted_transaction_or_prior_closing_balance,synb1_txn_006794238d5fd5767afdf840,trusted,cn_public_2022_2026_cycles_1_0,public_schedule_without_transaction_override,True,159,2024-08-20,complete
2024-08-20,0.00,0.00,0,1446799.72,last_posted_transaction_or_prior_closing_balance,,trusted,cn_public_2022_2026_cycles_1_0,public_schedule_without_transaction_override,True,160,2024-08-21,complete
2024-08-21,0.00,0.00,0,1446799.72,last_posted_transaction_or_prior_closing_balance,,trusted,cn_public_2022_2026_cycles_1_0,public_schedule_without_transaction_override,True,161,2024-08-22,complete
2024-08-22,0.00,0.00,0,1446799.72,last_posted_transaction_or_prior_closing_balance,,trusted,cn_public_2022_2026_cycles_1_0,public_schedule_without_transaction_override,True,162,2024-08-23,complete
2024-08-23,107379.47,49289.69,4,1504889.50,last_posted_transaction_or_prior_closing_balance,synb1_txn_1f5300e63b39f89ad4be39ee,trusted,cn_public_2022_2026_cycles_1_0,public_schedule_without_transaction_override,True,163,2024-08-26,complete
2024-08-24,0.00,0.00,0,1504889.50,last_posted_transaction_or_prior_closing_balance,,trusted,cn_public_2022_2026_cycles_1_0,public_schedule_without_transaction_override,False,,,complete
2024-08-25,0.00,21.11,1,1504868.39,last_posted_transaction_or_prior_closing_balance,synb1_txn_596177a7a97ee66f0680cc10,trusted,cn_public_2022_2026_cycles_1_0,public_schedule_without_transaction_override,False,,,complete
2024-08-26,57913.61,0.00,2,1562782.00,last_posted_transaction_or_prior_closing_balance,synb1_txn_9d439300ec489a7dae7a8d9f,trusted,cn_public_2022_2026_cycles_1_0,public_schedule_without_transaction_override,True,164,2024-08-27,complete
2024-08-27,0.00,568.47,1,1562213.53,last_posted_transaction_or_prior_closing_balance,synb1_txn_ac6bc31949ec7beb2d5d7ec5,trusted,cn_public_2022_2026_cycles_1_0,public_schedule_without_transaction_override,True,165,2024-08-28,complete
2024-08-28,0.00,14435.25,3,1547778.28,last_posted_transaction_or_prior_closing_balance,synb1_txn_600911c2b480680acefa0d42,trusted,cn_public_2022_2026_cycles_1_0,public_schedule_without_transaction_override,True,166,2024-08-29,complete
2024-08-29,0.00,0.00,0,1547778.28,last_posted_transaction_or_prior_closing_balance,,trusted,cn_public_2022_2026_cycles_1_0,public_schedule_without_transaction_override,True,167,2024-08-30,complete
2024-08-30,0.00,0.00,0,1547778.28,last_posted_transaction_or_prior_closing_balance,,trusted,cn_public_2022_2026_cycles_1_0,public_schedule_without_transaction_override,True,168,2024-09-02,complete
2024-08-31,0.00,0.00,0,1547778.28,last_posted_transaction_or_prior_closing_balance,,trusted,cn_public_2022_2026_cycles_1_0,public_schedule_without_transaction_override,False,,,complete
2024-09-01,0.00,0.00,0,1547778.28,last_posted_transaction_or_prior_closing_balance,,trusted,cn_public_2022_2026_cycles_1_0,public_schedule_without_transaction_override,False,,,complete
2024-09-02,97071.96,0.00,1,1644850.24,last_posted_transaction_or_prior_closing_balance,synb1_txn_4a573efabc1ed41c249c0f6f,trusted,cn_public_2022_2026_cycles_1_0,public_schedule_without_transaction_override,True,169,2024-09-03,complete
2024-09-03,107262.47,13647.78,2,1738464.93,last_posted_transaction_or_prior_closing_balance,synb1_txn_35b4689e2a55f72c251f895b,trusted,cn_public_2022_2026_cycles_1_0,public_schedule_without_transaction_override,True,170,2024-09-04,complete
2024-09-04,0.00,2868.50,1,1735596.43,last_posted_transaction_or_prior_closing_balance,synb1_txn_ec3dd8ad8cd979b861ae0a83,trusted,cn_public_2022_2026_cycles_1_0,public_schedule_without_transaction_override,True,171,2024-09-05,complete
2024-09-05,33827.46,37964.51,3,1731459.38,last_posted_transaction_or_prior_closing_balance,synb1_txn_d5788eec63833cf70692deb1,trusted,cn_public_2022_2026_cycles_1_0,public_schedule_without_transaction_override,True,172,2024-09-06,complete
2024-09-06,7661.08,28.41,2,1739092.05,last_posted_transaction_or_prior_closing_balance,synb1_txn_f67834ea2b81682ca64dfaf1,trusted,cn_public_2022_2026_cycles_1_0,public_schedule_without_transaction_override,True,173,2024-09-09,complete
2024-09-07,0.00,25500.00,1,1713592.05,last_posted_transaction_or_prior_closing_balance,synb1_txn_2d5161a8b308e3706700056c,trusted,cn_public_2022_2026_cycles_1_0,public_schedule_without_transaction_override,False,,,complete
2024-09-08,0.00,0.00,0,1713592.05,last_posted_transaction_or_prior_closing_balance,,trusted,cn_public_2022_2026_cycles_1_0,public_schedule_without_transaction_override,False,,,complete
2024-09-09,0.00,0.00,0,1713592.05,last_posted_transaction_or_prior_closing_balance,,trusted,cn_public_2022_2026_cycles_1_0,public_schedule_without_transaction_override,True,174,2024-09-10,complete
2024-09-10,0.00,0.00,0,1713592.05,last_posted_transaction_or_prior_closing_balance,,trusted,cn_public_2022_2026_cycles_1_0,public_schedule_without_transaction_override,True,175,2024-09-11,complete
2024-09-11,544.95,45840.87,4,1668296.13,last_posted_transaction_or_prior_closing_balance,synb1_txn_58769e27f89c9a0d52142506,trusted,cn_public_2022_2026_cycles_1_0,public_schedule_without_transaction_override,True,176,2024-09-12,complete
2024-09-12,0.00,0.00,0,1668296.13,last_posted_transaction_or_prior_closing_balance,,trusted,cn_public_2022_2026_cycles_1_0,public_schedule_without_transaction_override,True,177,2024-09-13,complete
2024-09-13,0.00,76745.18,1,1591550.95,last_posted_transaction_or_prior_closing_balance,synb1_txn_3ad8c5ab193a1a98282f6aff,trusted,cn_public_2022_2026_cycles_1_0,public_schedule_without_transaction_override,True,178,2024-09-14,complete
2024-09-14,0.00,250.69,1,1591300.26,last_posted_transaction_or_prior_closing_balance,synb1_txn_91742d727fd6a15d72e5232f,trusted,cn_public_2022_2026_cycles_1_0,public_schedule_without_transaction_override,True,179,2024-09-18,complete
2024-09-15,1719.10,33996.42,2,1559022.94,last_posted_transaction_or_prior_closing_balance,synb1_txn_cc95f803baf793dd77f049ad,trusted,cn_public_2022_2026_cycles_1_0,public_schedule_without_transaction_override,False,,,complete
2024-09-16,3052.38,0.00,1,1562075.32,last_posted_transaction_or_prior_closing_balance,synb1_txn_6cf0cfa7817114edc215b39a,trusted,cn_public_2022_2026_cycles_1_0,public_schedule_without_transaction_override,False,,,complete
2024-09-17,1131.08,0.00,1,1563206.40,last_posted_transaction_or_prior_closing_balance,synb1_txn_f4e9126818c1117ccff9e268,trusted,cn_public_2022_2026_cycles_1_0,public_schedule_without_transaction_override,False,,,complete
2024-09-18,2820.90,13624.03,4,1552403.27,last_posted_transaction_or_prior_closing_balance,synb1_txn_5b34a7cfe9714b932aab1c4d,trusted,cn_public_2022_2026_cycles_1_0,public_schedule_without_transaction_override,True,180,2024-09-19,complete
2024-09-19,0.00,0.00,0,1552403.27,last_posted_transaction_or_prior_closing_balance,,trusted,cn_public_2022_2026_cycles_1_0,public_schedule_without_transaction_override,True,181,2024-09-20,complete
2024-09-20,0.00,744.37,1,1551658.90,last_posted_transaction_or_prior_closing_balance,synb1_txn_24a534d1fd7af98e07889f57,trusted,cn_public_2022_2026_cycles_1_0,public_schedule_without_transaction_override,True,182,2024-09-23,complete
2024-09-21,0.00,11105.56,1,1540553.34,last_posted_transaction_or_prior_closing_balance,synb1_txn_f741e21ac3c3d141ff0bfb3e,trusted,cn_public_2022_2026_cycles_1_0,public_schedule_without_transaction_override,False,,,complete
2024-09-22,0.00,12477.65,2,1528075.69,last_posted_transaction_or_prior_closing_balance,synb1_txn_9ccc8d07a12f54b91dcb353f,trusted,cn_public_2022_2026_cycles_1_0,public_schedule_without_transaction_override,False,,,complete
2024-09-23,0.00,0.00,0,1528075.69,last_posted_transaction_or_prior_closing_balance,,trusted,cn_public_2022_2026_cycles_1_0,public_schedule_without_transaction_override,True,183,2024-09-24,complete
2024-09-24,0.00,1030.06,1,1527045.63,last_posted_transaction_or_prior_closing_balance,synb1_txn_dab23ea567b7fd779923d1d2,trusted,cn_public_2022_2026_cycles_1_0,public_schedule_without_transaction_override,True,184,2024-09-25,complete
2024-09-25,0.00,0.00,0,1527045.63,last_posted_transaction_or_prior_closing_balance,,trusted,cn_public_2022_2026_cycles_1_0,public_schedule_without_transaction_override,True,185,2024-09-26,complete
2024-09-26,0.00,0.00,0,1527045.63,last_posted_transaction_or_prior_closing_balance,,trusted,cn_public_2022_2026_cycles_1_0,public_schedule_without_transaction_override,True,186,2024-09-27,complete
2024-09-27,59908.62,0.00,2,1586954.25,last_posted_transaction_or_prior_closing_balance,synb1_txn_7d57cdd15025dcb90c4db525,trusted,cn_public_2022_2026_cycles_1_0,public_schedule_without_transaction_override,True,187,2024-09-29,complete
2024-09-28,0.00,0.00,0,1586954.25,last_posted_transaction_or_prior_closing_balance,,trusted,cn_public_2022_2026_cycles_1_0,public_schedule_without_transaction_override,False,,,complete
2024-09-29,0.00,0.00,0,1586954.25,last_posted_transaction_or_prior_closing_balance,,trusted,cn_public_2022_2026_cycles_1_0,public_schedule_without_transaction_override,True,188,2024-09-30,complete
2024-09-30,0.00,0.00,0,1586954.25,last_posted_transaction_or_prior_closing_balance,,trusted,cn_public_2022_2026_cycles_1_0,public_schedule_without_transaction_override,True,189,2024-10-08,complete
2024-10-01,0.00,0.00,0,1586954.25,last_posted_transaction_or_prior_closing_balance,,trusted,cn_public_2022_2026_cycles_1_0,public_schedule_without_transaction_override,False,,,complete
2024-10-02,0.00,3944.06,1,1583010.19,last_posted_transaction_or_prior_closing_balance,synb1_txn_1455ef56529f30db63bc806b,trusted,cn_public_2022_2026_cycles_1_0,public_schedule_without_transaction_override,False,,,complete
2024-10-03,0.00,0.00,0,1583010.19,last_posted_transaction_or_prior_closing_balance,,trusted,cn_public_2022_2026_cycles_1_0,public_schedule_without_transaction_override,False,,,complete
2024-10-04,0.00,0.00,0,1583010.19,last_posted_transaction_or_prior_closing_balance,,trusted,cn_public_2022_2026_cycles_1_0,public_schedule_without_transaction_override,False,,,complete
2024-10-05,1596.30,14451.61,3,1570154.88,last_posted_transaction_or_prior_closing_balance,synb1_txn_f814077f62a5c126b83cd3ef,trusted,cn_public_2022_2026_cycles_1_0,public_schedule_without_transaction_override,False,,,complete
2024-10-06,0.00,0.00,0,1570154.88,last_posted_transaction_or_prior_closing_balance,,trusted,cn_public_2022_2026_cycles_1_0,public_schedule_without_transaction_override,False,,,complete
2024-10-07,1963.59,22500.00,2,1549618.47,last_posted_transaction_or_prior_closing_balance,synb1_txn_0fd5c3a26c9121e22d2e8dcc,trusted,cn_public_2022_2026_cycles_1_0,public_schedule_without_transaction_override,False,,,complete
2024-10-08,62.31,17124.45,4,1532556.33,last_posted_transaction_or_prior_closing_balance,synb1_txn_5e961e6c8343e174f9c06d9f,trusted,cn_public_2022_2026_cycles_1_0,public_schedule_without_transaction_override,True,190,2024-10-09,complete
2024-10-09,16396.67,0.00,1,1548953.00,last_posted_transaction_or_prior_closing_balance,synb1_txn_5ac41a867fa68ad7caf536a0,trusted,cn_public_2022_2026_cycles_1_0,public_schedule_without_transaction_override,True,191,2024-10-10,complete
2024-10-10,0.00,2980.86,1,1545972.14,last_posted_transaction_or_prior_closing_balance,synb1_txn_d422784793111d78a8a7191a,trusted,cn_public_2022_2026_cycles_1_0,public_schedule_without_transaction_override,True,192,2024-10-11,complete
2024-10-11,0.00,0.00,0,1545972.14,last_posted_transaction_or_prior_closing_balance,,trusted,cn_public_2022_2026_cycles_1_0,public_schedule_without_transaction_override,True,193,2024-10-12,complete
2024-10-12,0.00,23190.91,1,1522781.23,last_posted_transaction_or_prior_closing_balance,synb1_txn_b326b0c459c8c9f310e1dd0c,trusted,cn_public_2022_2026_cycles_1_0,public_schedule_without_transaction_override,True,194,2024-10-14,complete
2024-10-13,77408.36,58521.12,3,1541668.47,last_posted_transaction_or_prior_closing_balance,synb1_txn_92af21a1902cd7e468f8feb6,trusted,cn_public_2022_2026_cycles_1_0,public_schedule_without_transaction_override,False,,,complete
2024-10-14,0.00,0.00,0,1541668.47,last_posted_transaction_or_prior_closing_balance,,trusted,cn_public_2022_2026_cycles_1_0,public_schedule_without_transaction_override,True,195,2024-10-15,complete
2024-10-15,25109.88,0.00,4,1566778.35,last_posted_transaction_or_prior_closing_balance,synb1_txn_a66c2869e486352fdacae366,trusted,cn_public_2022_2026_cycles_1_0,public_schedule_without_transaction_override,True,196,2024-10-16,complete
2024-10-16,0.00,51.21,1,1566727.14,last_posted_transaction_or_prior_closing_balance,synb1_txn_7754c0a1a0a45aacd8b57f7c,trusted,cn_public_2022_2026_cycles_1_0,public_schedule_without_transaction_override,True,197,2024-10-17,complete
2024-10-17,0.00,0.00,0,1566727.14,last_posted_transaction_or_prior_closing_balance,,trusted,cn_public_2022_2026_cycles_1_0,public_schedule_without_transaction_override,True,198,2024-10-18,complete
2024-10-18,0.00,14982.82,4,1551744.32,last_posted_transaction_or_prior_closing_balance,synb1_txn_c7dba2efc091d3ebbd4bfd7f,trusted,cn_public_2022_2026_cycles_1_0,public_schedule_without_transaction_override,True,199,2024-10-21,complete
2024-10-19,0.00,4253.92,1,1547490.40,last_posted_transaction_or_prior_closing_balance,synb1_txn_3fc1e78bc2470876d188ea2c,trusted,cn_public_2022_2026_cycles_1_0,public_schedule_without_transaction_override,False,,,complete
2024-10-20,0.00,0.00,0,1547490.40,last_posted_transaction_or_prior_closing_balance,,trusted,cn_public_2022_2026_cycles_1_0,public_schedule_without_transaction_override,False,,,complete
2024-10-21,0.00,0.00,0,1547490.40,last_posted_transaction_or_prior_closing_balance,,trusted,cn_public_2022_2026_cycles_1_0,public_schedule_without_transaction_override,True,200,2024-10-22,complete
2024-10-22,9285.88,0.00,1,1556776.28,last_posted_transaction_or_prior_closing_balance,synb1_txn_b3a2f94a73e7927d5d9b24da,trusted,cn_public_2022_2026_cycles_1_0,public_schedule_without_transaction_override,True,201,2024-10-23,complete
2024-10-23,8552.99,1764.53,2,1563564.74,last_posted_transaction_or_prior_closing_balance,synb1_txn_825455d670368a79f009cd8d,trusted,cn_public_2022_2026_cycles_1_0,public_schedule_without_transaction_override,True,202,2024-10-24,complete
2024-10-24,0.00,76368.94,1,1487195.80,last_posted_transaction_or_prior_closing_balance,synb1_txn_72c280da875a92382ca8da58,trusted,cn_public_2022_2026_cycles_1_0,public_schedule_without_transaction_override,True,203,2024-10-25,complete
2024-10-25,24755.05,0.00,1,1511950.85,last_posted_transaction_or_prior_closing_balance,synb1_txn_297d3b8513f25303fa316a21,trusted,cn_public_2022_2026_cycles_1_0,public_schedule_without_transaction_override,True,204,2024-10-28,complete
2024-10-26,0.00,0.00,0,1511950.85,last_posted_transaction_or_prior_closing_balance,,trusted,cn_public_2022_2026_cycles_1_0,public_schedule_without_transaction_override,False,,,complete
2024-10-27,37868.97,0.00,1,1549819.82,last_posted_transaction_or_prior_closing_balance,synb1_txn_0ba62b34d9fcd1bdbb5b4b3b,trusted,cn_public_2022_2026_cycles_1_0,public_schedule_without_transaction_override,False,,,complete
2024-10-28,0.00,0.00,0,1549819.82,last_posted_transaction_or_prior_closing_balance,,trusted,cn_public_2022_2026_cycles_1_0,public_schedule_without_transaction_override,True,205,2024-10-29,complete
2024-10-29,0.00,0.00,0,1549819.82,last_posted_transaction_or_prior_closing_balance,,trusted,cn_public_2022_2026_cycles_1_0,public_schedule_without_transaction_override,True,206,2024-10-30,complete
2024-10-30,0.00,0.00,0,1549819.82,last_posted_transaction_or_prior_closing_balance,,trusted,cn_public_2022_2026_cycles_1_0,public_schedule_without_transaction_override,True,207,2024-10-31,complete
2024-10-31,0.00,0.00,0,1549819.82,last_posted_transaction_or_prior_closing_balance,,trusted,cn_public_2022_2026_cycles_1_0,public_schedule_without_transaction_override,True,208,2024-11-01,complete
2024-11-01,0.00,0.00,0,1549819.82,last_posted_transaction_or_prior_closing_balance,,trusted,cn_public_2022_2026_cycles_1_0,public_schedule_without_transaction_override,True,209,2024-11-04,complete
2024-11-02,0.00,0.00,0,1549819.82,last_posted_transaction_or_prior_closing_balance,,trusted,cn_public_2022_2026_cycles_1_0,public_schedule_without_transaction_override,False,,,complete
2024-11-03,0.00,0.00,0,1549819.82,last_posted_transaction_or_prior_closing_balance,,trusted,cn_public_2022_2026_cycles_1_0,public_schedule_without_transaction_override,False,,,complete
2024-11-04,0.00,0.00,0,1549819.82,last_posted_transaction_or_prior_closing_balance,,trusted,cn_public_2022_2026_cycles_1_0,public_schedule_without_transaction_override,True,210,2024-11-05,complete
2024-11-05,10508.01,11173.01,3,1549154.82,last_posted_transaction_or_prior_closing_balance,synb1_txn_3f97ed40d11ddb4c4439b81a,trusted,cn_public_2022_2026_cycles_1_0,public_schedule_without_transaction_override,True,211,2024-11-06,complete
2024-11-06,2912.45,0.00,1,1552067.27,last_posted_transaction_or_prior_closing_balance,synb1_txn_eef647749be5cebc6e452962,trusted,cn_public_2022_2026_cycles_1_0,public_schedule_without_transaction_override,True,212,2024-11-07,complete
2024-11-07,0.00,22500.00,1,1529567.27,last_posted_transaction_or_prior_closing_balance,synb1_txn_8f5f0b74088576b089ee1533,trusted,cn_public_2022_2026_cycles_1_0,public_schedule_without_transaction_override,True,213,2024-11-08,complete
2024-11-08,0.00,0.00,0,1529567.27,last_posted_transaction_or_prior_closing_balance,,trusted,cn_public_2022_2026_cycles_1_0,public_schedule_without_transaction_override,True,214,2024-11-11,complete
2024-11-09,0.00,0.00,0,1529567.27,last_posted_transaction_or_prior_closing_balance,,trusted,cn_public_2022_2026_cycles_1_0,public_schedule_without_transaction_override,False,,,complete
2024-11-10,0.00,0.00,0,1529567.27,last_posted_transaction_or_prior_closing_balance,,trusted,cn_public_2022_2026_cycles_1_0,public_schedule_without_transaction_override,False,,,complete
2024-11-11,4698.69,0.00,2,1534265.96,last_posted_transaction_or_prior_closing_balance,synb1_txn_48041630f9466090fc11999b,trusted,cn_public_2022_2026_cycles_1_0,public_schedule_without_transaction_override,True,215,2024-11-12,complete
2024-11-12,579.49,13210.59,2,1521634.86,last_posted_transaction_or_prior_closing_balance,synb1_txn_c4e8f6570e795fb86d3bb87f,trusted,cn_public_2022_2026_cycles_1_0,public_schedule_without_transaction_override,True,216,2024-11-13,complete
2024-11-13,0.00,1417.37,1,1520217.49,last_posted_transaction_or_prior_closing_balance,synb1_txn_5fa63e702117b1234a259ca0,trusted,cn_public_2022_2026_cycles_1_0,public_schedule_without_transaction_override,True,217,2024-11-14,complete
2024-11-14,11475.44,44365.60,2,1487327.33,last_posted_transaction_or_prior_closing_balance,synb1_txn_ef8626fb6dcbdc176ca4217a,trusted,cn_public_2022_2026_cycles_1_0,public_schedule_without_transaction_override,True,218,2024-11-15,complete
2024-11-15,0.00,42921.62,2,1444405.71,last_posted_transaction_or_prior_closing_balance,synb1_txn_23e519e8ab1691a7c567c9e7,trusted,cn_public_2022_2026_cycles_1_0,public_schedule_without_transaction_override,True,219,2024-11-18,complete
2024-11-16,0.00,5748.48,2,1438657.23,last_posted_transaction_or_prior_closing_balance,synb1_txn_04f074999c84e051de1289e3,trusted,cn_public_2022_2026_cycles_1_0,public_schedule_without_transaction_override,False,,,complete
2024-11-17,1151.10,4513.57,3,1435294.76,last_posted_transaction_or_prior_closing_balance,synb1_txn_245a5b1651d68edaad90251c,trusted,cn_public_2022_2026_cycles_1_0,public_schedule_without_transaction_override,False,,,complete
2024-11-18,10674.82,1792.00,4,1444177.58,last_posted_transaction_or_prior_closing_balance,synb1_txn_6c76cd51ec9332252809a83b,trusted,cn_public_2022_2026_cycles_1_0,public_schedule_without_transaction_override,True,220,2024-11-19,complete
2024-11-19,0.00,10505.23,1,1433672.35,last_posted_transaction_or_prior_closing_balance,synb1_txn_22166dd855142f3b90b921e5,trusted,cn_public_2022_2026_cycles_1_0,public_schedule_without_transaction_override,True,221,2024-11-20,complete
2024-11-20,0.00,0.00,0,1433672.35,last_posted_transaction_or_prior_closing_balance,,trusted,cn_public_2022_2026_cycles_1_0,public_schedule_without_transaction_override,True,222,2024-11-21,complete
2024-11-21,0.00,0.00,0,1433672.35,last_posted_transaction_or_prior_closing_balance,,trusted,cn_public_2022_2026_cycles_1_0,public_schedule_without_transaction_override,True,223,2024-11-22,complete
2024-11-22,0.00,2645.32,1,1431027.03,last_posted_transaction_or_prior_closing_balance,synb1_txn_0a3462d1b3350d64c2f11478,trusted,cn_public_2022_2026_cycles_1_0,public_schedule_without_transaction_override,True,224,2024-11-25,complete
2024-11-23,0.00,0.00,0,1431027.03,last_posted_transaction_or_prior_closing_balance,,trusted,cn_public_2022_2026_cycles_1_0,public_schedule_without_transaction_override,False,,,complete
2024-11-24,0.00,399.21,1,1430627.82,last_posted_transaction_or_prior_closing_balance,synb1_txn_e7c9db23d3511091494f655d,trusted,cn_public_2022_2026_cycles_1_0,public_schedule_without_transaction_override,False,,,complete
2024-11-25,0.00,0.00,0,1430627.82,last_posted_transaction_or_prior_closing_balance,,trusted,cn_public_2022_2026_cycles_1_0,public_schedule_without_transaction_override,True,225,2024-11-26,complete
2024-11-26,0.00,0.00,0,1430627.82,last_posted_transaction_or_prior_closing_balance,,trusted,cn_public_2022_2026_cycles_1_0,public_schedule_without_transaction_override,True,226,2024-11-27,complete
2024-11-27,0.00,0.00,0,1430627.82,last_posted_transaction_or_prior_closing_balance,,trusted,cn_public_2022_2026_cycles_1_0,public_schedule_without_transaction_override,True,227,2024-11-28,complete
2024-11-28,0.00,0.00,0,1430627.82,last_posted_transaction_or_prior_closing_balance,,trusted,cn_public_2022_2026_cycles_1_0,public_schedule_without_transaction_override,True,228,2024-11-29,complete
2024-11-29,0.00,0.00,0,1430627.82,last_posted_transaction_or_prior_closing_balance,,trusted,cn_public_2022_2026_cycles_1_0,public_schedule_without_transaction_override,True,229,2024-12-02,complete
2024-11-30,0.00,0.00,0,1430627.82,last_posted_transaction_or_prior_closing_balance,,trusted,cn_public_2022_2026_cycles_1_0,public_schedule_without_transaction_override,False,,,complete
2024-12-01,0.00,0.00,0,1430627.82,last_posted_transaction_or_prior_closing_balance,,trusted,cn_public_2022_2026_cycles_1_0,public_schedule_without_transaction_override,False,,,complete
2024-12-02,0.00,0.00,0,1430627.82,last_posted_transaction_or_prior_closing_balance,,trusted,cn_public_2022_2026_cycles_1_0,public_schedule_without_transaction_override,True,230,2024-12-03,complete
2024-12-03,0.00,920.73,1,1429707.09,last_posted_transaction_or_prior_closing_balance,synb1_txn_30418dff1e2b900962891e19,trusted,cn_public_2022_2026_cycles_1_0,public_schedule_without_transaction_override,True,231,2024-12-04,complete
2024-12-04,0.00,850.06,1,1428857.03,last_posted_transaction_or_prior_closing_balance,synb1_txn_58d73364bbaab6a85cb5ae61,trusted,cn_public_2022_2026_cycles_1_0,public_schedule_without_transaction_override,True,232,2024-12-05,complete
2024-12-05,0.00,9000.00,1,1419857.03,last_posted_transaction_or_prior_closing_balance,synb1_txn_e42bef870a22f8ea57c79e75,trusted,cn_public_2022_2026_cycles_1_0,public_schedule_without_transaction_override,True,233,2024-12-06,complete
2024-12-06,0.00,0.00,0,1419857.03,last_posted_transaction_or_prior_closing_balance,,trusted,cn_public_2022_2026_cycles_1_0,public_schedule_without_transaction_override,True,234,2024-12-09,complete
2024-12-07,0.00,34527.65,2,1385329.38,last_posted_transaction_or_prior_closing_balance,synb1_txn_0e2c821fed6017fe2aa69548,trusted,cn_public_2022_2026_cycles_1_0,public_schedule_without_transaction_override,False,,,complete
2024-12-08,11796.42,0.00,1,1397125.80,last_posted_transaction_or_prior_closing_balance,synb1_txn_183d0e83363bec4322117c5a,trusted,cn_public_2022_2026_cycles_1_0,public_schedule_without_transaction_override,False,,,complete
2024-12-09,0.00,48450.65,1,1348675.15,last_posted_transaction_or_prior_closing_balance,synb1_txn_76d703c1f52deee968f2a88b,trusted,cn_public_2022_2026_cycles_1_0,public_schedule_without_transaction_override,True,235,2024-12-10,complete
2024-12-10,0.00,0.00,0,1348675.15,last_posted_transaction_or_prior_closing_balance,,trusted,cn_public_2022_2026_cycles_1_0,public_schedule_without_transaction_override,True,236,2024-12-11,complete
2024-12-11,1372.37,13607.92,2,1336439.60,last_posted_transaction_or_prior_closing_balance,synb1_txn_c461d8e5849d189790084d8f,trusted,cn_public_2022_2026_cycles_1_0,public_schedule_without_transaction_override,True,237,2024-12-12,complete
2024-12-12,0.00,0.00,0,1336439.60,last_posted_transaction_or_prior_closing_balance,,trusted,cn_public_2022_2026_cycles_1_0,public_schedule_without_transaction_override,True,238,2024-12-13,complete
2024-12-13,52570.57,26449.34,4,1362560.83,last_posted_transaction_or_prior_closing_balance,synb1_txn_1c6e6f6e5eca54137a9b415b,trusted,cn_public_2022_2026_cycles_1_0,public_schedule_without_transaction_override,True,239,2024-12-16,complete
2024-12-14,18431.06,0.00,1,1380991.89,last_posted_transaction_or_prior_closing_balance,synb1_txn_3475d28276c654a6dd012a41,trusted,cn_public_2022_2026_cycles_1_0,public_schedule_without_transaction_override,False,,,complete
2024-12-15,0.00,18840.53,1,1362151.36,last_posted_transaction_or_prior_closing_balance,synb1_txn_ad6b2e7b350e14f26ed311f2,trusted,cn_public_2022_2026_cycles_1_0,public_schedule_without_transaction_override,False,,,complete
2024-12-16,35443.69,0.00,3,1397595.05,last_posted_transaction_or_prior_closing_balance,synb1_txn_feb8f7813454511742a2ca1a,trusted,cn_public_2022_2026_cycles_1_0,public_schedule_without_transaction_override,True,240,2024-12-17,complete
2024-12-17,16701.58,1323.85,3,1412972.78,last_posted_transaction_or_prior_closing_balance,synb1_txn_7443daf08d2841019e57be62,trusted,cn_public_2022_2026_cycles_1_0,public_schedule_without_transaction_override,True,241,2024-12-18,complete
2024-12-18,0.00,3311.53,3,1409661.25,last_posted_transaction_or_prior_closing_balance,synb1_txn_02d9856b99c7fc7c662d50b6,trusted,cn_public_2022_2026_cycles_1_0,public_schedule_without_transaction_override,True,242,2024-12-19,complete
2024-12-19,0.00,0.00,0,1409661.25,last_posted_transaction_or_prior_closing_balance,,trusted,cn_public_2022_2026_cycles_1_0,public_schedule_without_transaction_override,True,243,2024-12-20,complete
2024-12-20,13387.73,2492.24,2,1420556.74,last_posted_transaction_or_prior_closing_balance,synb1_txn_f764a860a61f538d7cd3e88e,trusted,cn_public_2022_2026_cycles_1_0,public_schedule_without_transaction_override,True,244,2024-12-23,complete
2024-12-21,0.00,0.00,0,1420556.74,last_posted_transaction_or_prior_closing_balance,,trusted,cn_public_2022_2026_cycles_1_0,public_schedule_without_transaction_override,False,,,complete
2024-12-22,0.00,0.00,0,1420556.74,last_posted_transaction_or_prior_closing_balance,,trusted,cn_public_2022_2026_cycles_1_0,public_schedule_without_transaction_override,False,,,complete
2024-12-23,0.00,0.00,0,1420556.74,last_posted_transaction_or_prior_closing_balance,,trusted,cn_public_2022_2026_cycles_1_0,public_schedule_without_transaction_override,True,245,2024-12-24,complete
2024-12-24,0.00,0.00,0,1420556.74,last_posted_transaction_or_prior_closing_balance,,trusted,cn_public_2022_2026_cycles_1_0,public_schedule_without_transaction_override,True,246,2024-12-25,complete
2024-12-25,0.00,0.00,0,1420556.74,last_posted_transaction_or_prior_closing_balance,,trusted,cn_public_2022_2026_cycles_1_0,public_schedule_without_transaction_override,True,247,2024-12-26,complete
2024-12-26,0.00,0.00,0,1420556.74,last_posted_transaction_or_prior_closing_balance,,trusted,cn_public_2022_2026_cycles_1_0,public_schedule_without_transaction_override,True,248,2024-12-27,complete
2024-12-27,7296.58,0.00,1,1427853.32,last_posted_transaction_or_prior_closing_balance,synb1_txn_328dcd8f348a847c06d283e9,trusted,cn_public_2022_2026_cycles_1_0,public_schedule_without_transaction_override,True,249,2024-12-30,complete
2024-12-28,0.00,2343.50,1,1425509.82,last_posted_transaction_or_prior_closing_balance,synb1_txn_93be0cff306ad718859556f3,trusted,cn_public_2022_2026_cycles_1_0,public_schedule_without_transaction_override,False,,,complete
2024-12-29,0.00,0.00,0,1425509.82,last_posted_transaction_or_prior_closing_balance,,trusted,cn_public_2022_2026_cycles_1_0,public_schedule_without_transaction_override,False,,,complete
2024-12-30,0.00,0.00,0,1425509.82,last_posted_transaction_or_prior_closing_balance,,trusted,cn_public_2022_2026_cycles_1_0,public_schedule_without_transaction_override,True,250,2024-12-31,complete
2024-12-31,0.00,0.00,0,1425509.82,last_posted_transaction_or_prior_closing_balance,,trusted,cn_public_2022_2026_cycles_1_0,public_schedule_without_transaction_override,True,251,2025-01-02,complete
2025-01-01,0.00,0.00,0,1425509.82,last_posted_transaction_or_prior_closing_balance,,trusted,cn_public_2022_2026_cycles_1_0,public_schedule_without_transaction_override,False,,,complete
2025-01-02,0.00,1799.48,1,1423710.34,last_posted_transaction_or_prior_closing_balance,synb1_txn_1afd3c870624ce9ac78f0279,trusted,cn_public_2022_2026_cycles_1_0,public_schedule_without_transaction_override,True,252,2025-01-03,complete
2025-01-03,0.00,0.00,0,1423710.34,last_posted_transaction_or_prior_closing_balance,,trusted,cn_public_2022_2026_cycles_1_0,public_schedule_without_transaction_override,True,253,2025-01-06,complete
2025-01-04,42555.43,0.00,2,1466265.77,last_posted_transaction_or_prior_closing_balance,synb1_txn_c0c82ca30d256cbc3b10bdf4,trusted,cn_public_2022_2026_cycles_1_0,public_schedule_without_transaction_override,False,,,complete
2025-01-05,2105.24,9000.00,2,1459371.01,last_posted_transaction_or_prior_closing_balance,synb1_txn_70cba2dfaa6e983c9ad74b7b,trusted,cn_public_2022_2026_cycles_1_0,public_schedule_without_transaction_override,False,,,complete
2025-01-06,0.00,45763.38,2,1413607.63,last_posted_transaction_or_prior_closing_balance,synb1_txn_8ba6d65c55cf49b7559b1ff9,trusted,cn_public_2022_2026_cycles_1_0,public_schedule_without_transaction_override,True,254,2025-01-07,complete
2025-01-07,586.97,24475.12,3,1389719.48,last_posted_transaction_or_prior_closing_balance,synb1_txn_aad2a96acf33abf5854118d1,trusted,cn_public_2022_2026_cycles_1_0,public_schedule_without_transaction_override,True,255,2025-01-08,complete
2025-01-08,20400.87,0.00,2,1410120.35,last_posted_transaction_or_prior_closing_balance,synb1_txn_5edcbf2946f6846aab0ce6f9,trusted,cn_public_2022_2026_cycles_1_0,public_schedule_without_transaction_override,True,256,2025-01-09,complete
2025-01-09,1189.30,13701.62,2,1397608.03,last_posted_transaction_or_prior_closing_balance,synb1_txn_7cdd704a4f0fea7616e53d64,trusted,cn_public_2022_2026_cycles_1_0,public_schedule_without_transaction_override,True,257,2025-01-10,complete
2025-01-10,0.00,0.00,0,1397608.03,last_posted_transaction_or_prior_closing_balance,,trusted,cn_public_2022_2026_cycles_1_0,public_schedule_without_transaction_override,True,258,2025-01-13,complete
2025-01-11,919.64,4028.03,2,1394499.64,last_posted_transaction_or_prior_closing_balance,synb1_txn_54ce978c60704001d3e582f3,trusted,cn_public_2022_2026_cycles_1_0,public_schedule_without_transaction_override,False,,,complete
2025-01-12,0.00,0.00,0,1394499.64,last_posted_transaction_or_prior_closing_balance,,trusted,cn_public_2022_2026_cycles_1_0,public_schedule_without_transaction_override,False,,,complete
2025-01-13,7076.02,1254.63,2,1400321.03,last_posted_transaction_or_prior_closing_balance,synb1_txn_2547f9b4be1c25d9c2b6daf0,trusted,cn_public_2022_2026_cycles_1_0,public_schedule_without_transaction_override,True,259,2025-01-14,complete
2025-01-14,0.00,0.00,0,1400321.03,last_posted_transaction_or_prior_closing_balance,,trusted,cn_public_2022_2026_cycles_1_0,public_schedule_without_transaction_override,True,260,2025-01-15,complete
2025-01-15,0.00,0.00,0,1400321.03,last_posted_transaction_or_prior_closing_balance,,trusted,cn_public_2022_2026_cycles_1_0,public_schedule_without_transaction_override,True,261,2025-01-16,complete
2025-01-16,0.00,0.00,0,1400321.03,last_posted_transaction_or_prior_closing_balance,,trusted,cn_public_2022_2026_cycles_1_0,public_schedule_without_transaction_override,True,262,2025-01-17,complete
2025-01-17,0.00,4305.05,2,1396015.98,last_posted_transaction_or_prior_closing_balance,synb1_txn_85aee59f948ebcc93f8ce332,trusted,cn_public_2022_2026_cycles_1_0,public_schedule_without_transaction_override,True,263,2025-01-20,complete
2025-01-18,2294.81,0.00,2,1398310.79,last_posted_transaction_or_prior_closing_balance,synb1_txn_a6a1517cec7a89cde2b93be8,trusted,cn_public_2022_2026_cycles_1_0,public_schedule_without_transaction_override,False,,,complete
2025-01-19,0.00,0.00,0,1398310.79,last_posted_transaction_or_prior_closing_balance,,trusted,cn_public_2022_2026_cycles_1_0,public_schedule_without_transaction_override,False,,,complete
2025-01-20,0.00,15009.74,4,1383301.05,last_posted_transaction_or_prior_closing_balance,synb1_txn_c4cca4c83f03f31e29cf57f8,trusted,cn_public_2022_2026_cycles_1_0,public_schedule_without_transaction_override,True,264,2025-01-21,complete
2025-01-21,1355.80,0.00,1,1384656.85,last_posted_transaction_or_prior_closing_balance,synb1_txn_1a68e08cc25f0420e8530239,trusted,cn_public_2022_2026_cycles_1_0,public_schedule_without_transaction_override,True,265,2025-01-22,complete
2025-01-22,0.00,0.00,0,1384656.85,last_posted_transaction_or_prior_closing_balance,,trusted,cn_public_2022_2026_cycles_1_0,public_schedule_without_transaction_override,True,266,2025-01-23,complete
2025-01-23,0.00,0.00,0,1384656.85,last_posted_transaction_or_prior_closing_balance,,trusted,cn_public_2022_2026_cycles_1_0,public_schedule_without_transaction_override,True,267,2025-01-24,complete
2025-01-24,23276.28,37497.58,2,1370435.55,last_posted_transaction_or_prior_closing_balance,synb1_txn_c471579920febbc652dad920,trusted,cn_public_2022_2026_cycles_1_0,public_schedule_without_transaction_override,True,268,2025-01-26,complete
2025-01-25,0.00,0.00,0,1370435.55,last_posted_transaction_or_prior_closing_balance,,trusted,cn_public_2022_2026_cycles_1_0,public_schedule_without_transaction_override,False,,,complete
2025-01-26,20466.72,0.00,1,1390902.27,last_posted_transaction_or_prior_closing_balance,synb1_txn_cf6372c50f2c2078da3d2a6f,trusted,cn_public_2022_2026_cycles_1_0,public_schedule_without_transaction_override,True,269,2025-01-27,complete
2025-01-27,12446.87,6245.37,2,1397103.77,last_posted_transaction_or_prior_closing_balance,synb1_txn_9837d6ee89b982e60edf07c8,trusted,cn_public_2022_2026_cycles_1_0,public_schedule_without_transaction_override,True,270,2025-02-05,complete
2025-01-28,2326.05,0.00,1,1399429.82,last_posted_transaction_or_prior_closing_balance,synb1_txn_fec4fae630ef8b736946a72f,trusted,cn_public_2022_2026_cycles_1_0,public_schedule_without_transaction_override,False,,,complete
2025-01-29,0.00,0.00,0,1399429.82,last_posted_transaction_or_prior_closing_balance,,trusted,cn_public_2022_2026_cycles_1_0,public_schedule_without_transaction_override,False,,,complete
2025-01-30,0.00,0.00,0,1399429.82,last_posted_transaction_or_prior_closing_balance,,trusted,cn_public_2022_2026_cycles_1_0,public_schedule_without_transaction_override,False,,,complete
2025-01-31,0.00,0.00,0,1399429.82,last_posted_transaction_or_prior_closing_balance,,trusted,cn_public_2022_2026_cycles_1_0,public_schedule_without_transaction_override,False,,,complete
2025-02-01,0.00,0.00,0,1399429.82,last_posted_transaction_or_prior_closing_balance,,trusted,cn_public_2022_2026_cycles_1_0,public_schedule_without_transaction_override,False,,,complete
2025-02-02,0.00,0.00,0,1399429.82,last_posted_transaction_or_prior_closing_balance,,trusted,cn_public_2022_2026_cycles_1_0,public_schedule_without_transaction_override,False,,,complete
2025-02-03,0.00,0.00,0,1399429.82,last_posted_transaction_or_prior_closing_balance,,trusted,cn_public_2022_2026_cycles_1_0,public_schedule_without_transaction_override,False,,,complete
2025-02-04,14808.96,0.00,1,1414238.78,last_posted_transaction_or_prior_closing_balance,synb1_txn_b5de51f8cc17ec7ec8695bd0,trusted,cn_public_2022_2026_cycles_1_0,public_schedule_without_transaction_override,False,,,complete
2025-02-05,0.00,9403.00,2,1404835.78,last_posted_transaction_or_prior_closing_balance,synb1_txn_2f55e3e0228559b97a0062be,trusted,cn_public_2022_2026_cycles_1_0,public_schedule_without_transaction_override,True,271,2025-02-06,complete
2025-02-06,0.00,21407.81,1,1383427.97,last_posted_transaction_or_prior_closing_balance,synb1_txn_29ca4b63cca7fef87fc3e48e,trusted,cn_public_2022_2026_cycles_1_0,public_schedule_without_transaction_override,True,272,2025-02-07,complete
2025-02-07,0.00,22500.00,1,1360927.97,last_posted_transaction_or_prior_closing_balance,synb1_txn_20edb17b441c8199b43584c0,trusted,cn_public_2022_2026_cycles_1_0,public_schedule_without_transaction_override,True,273,2025-02-08,complete
2025-02-08,1827.00,0.00,1,1362754.97,last_posted_transaction_or_prior_closing_balance,synb1_txn_ca24694ebce258a82143dafb,trusted,cn_public_2022_2026_cycles_1_0,public_schedule_without_transaction_override,True,274,2025-02-10,complete
2025-02-09,13905.53,30477.14,4,1346183.36,last_posted_transaction_or_prior_closing_balance,synb1_txn_faff96c1c600b6cd10bef30b,trusted,cn_public_2022_2026_cycles_1_0,public_schedule_without_transaction_override,False,,,complete
2025-02-10,0.00,11939.78,1,1334243.58,last_posted_transaction_or_prior_closing_balance,synb1_txn_12c1288a9373a2aedb0e4f8e,trusted,cn_public_2022_2026_cycles_1_0,public_schedule_without_transaction_override,True,275,2025-02-11,complete
2025-02-11,24279.33,0.00,1,1358522.91,last_posted_transaction_or_prior_closing_balance,synb1_txn_d2a6d5bea4163fae3bf81de0,trusted,cn_public_2022_2026_cycles_1_0,public_schedule_without_transaction_override,True,276,2025-02-12,complete
2025-02-12,12321.28,21991.26,2,1348852.93,last_posted_transaction_or_prior_closing_balance,synb1_txn_7219cef774334bd97d1fd9d7,trusted,cn_public_2022_2026_cycles_1_0,public_schedule_without_transaction_override,True,277,2025-02-13,complete
2025-02-13,0.00,0.00,0,1348852.93,last_posted_transaction_or_prior_closing_balance,,trusted,cn_public_2022_2026_cycles_1_0,public_schedule_without_transaction_override,True,278,2025-02-14,complete
2025-02-14,0.00,537.54,1,1348315.39,last_posted_transaction_or_prior_closing_balance,synb1_txn_4da9345bb8614380f46fa053,trusted,cn_public_2022_2026_cycles_1_0,public_schedule_without_transaction_override,True,279,2025-02-17,complete
2025-02-15,0.00,22471.04,1,1325844.35,last_posted_transaction_or_prior_closing_balance,synb1_txn_37005c42a94a4e294447d71e,trusted,cn_public_2022_2026_cycles_1_0,public_schedule_without_transaction_override,False,,,complete
2025-02-16,0.00,1913.86,1,1323930.49,last_posted_transaction_or_prior_closing_balance,synb1_txn_d52607d8d706c40145abdf17,trusted,cn_public_2022_2026_cycles_1_0,public_schedule_without_transaction_override,False,,,complete
2025-02-17,0.00,4017.79,1,1319912.70,last_posted_transaction_or_prior_closing_balance,synb1_txn_b63493a93c2e2dd8d5701436,trusted,cn_public_2022_2026_cycles_1_0,public_schedule_without_transaction_override,True,280,2025-02-18,complete
2025-02-18,579.69,1456.00,3,1319036.39,last_posted_transaction_or_prior_closing_balance,synb1_txn_77e511eb408fc737d95a3886,trusted,cn_public_2022_2026_cycles_1_0,public_schedule_without_transaction_override,True,281,2025-02-19,complete
2025-02-19,18553.42,0.00,1,1337589.81,last_posted_transaction_or_prior_closing_balance,synb1_txn_d684695003370f2058ddbd98,trusted,cn_public_2022_2026_cycles_1_0,public_schedule_without_transaction_override,True,282,2025-02-20,complete
2025-02-20,15276.15,0.00,1,1352865.96,last_posted_transaction_or_prior_closing_balance,synb1_txn_ff7cedacef919abece9306d6,trusted,cn_public_2022_2026_cycles_1_0,public_schedule_without_transaction_override,True,283,2025-02-21,complete
2025-02-21,0.00,0.00,0,1352865.96,last_posted_transaction_or_prior_closing_balance,,trusted,cn_public_2022_2026_cycles_1_0,public_schedule_without_transaction_override,True,284,2025-02-24,complete
2025-02-22,6730.22,0.00,1,1359596.18,last_posted_transaction_or_prior_closing_balance,synb1_txn_8c5d2db80f2334d258f12faf,trusted,cn_public_2022_2026_cycles_1_0,public_schedule_without_transaction_override,False,,,complete
2025-02-23,33898.72,0.00,1,1393494.90,last_posted_transaction_or_prior_closing_balance,synb1_txn_69f5ca7431be7a3cfc759623,trusted,cn_public_2022_2026_cycles_1_0,public_schedule_without_transaction_override,False,,,complete
2025-02-24,0.00,0.00,0,1393494.90,last_posted_transaction_or_prior_closing_balance,,trusted,cn_public_2022_2026_cycles_1_0,public_schedule_without_transaction_override,True,285,2025-02-25,complete
2025-02-25,0.00,4488.91,1,1389005.99,last_posted_transaction_or_prior_closing_balance,synb1_txn_0bdba289ed5aafd1f8f9b005,trusted,cn_public_2022_2026_cycles_1_0,public_schedule_without_transaction_override,True,286,2025-02-26,complete
2025-02-26,0.00,901.87,1,1388104.12,last_posted_transaction_or_prior_closing_balance,synb1_txn_2793e8a1de7750e4ff6b6530,trusted,cn_public_2022_2026_cycles_1_0,public_schedule_without_transaction_override,True,287,2025-02-27,complete
2025-02-27,4819.70,0.00,1,1392923.82,last_posted_transaction_or_prior_closing_balance,synb1_txn_58780fb7837fc8ced2668325,trusted,cn_public_2022_2026_cycles_1_0,public_schedule_without_transaction_override,True,288,2025-02-28,complete
2025-02-28,0.00,0.00,0,1392923.82,last_posted_transaction_or_prior_closing_balance,,trusted,cn_public_2022_2026_cycles_1_0,public_schedule_without_transaction_override,True,289,2025-03-03,complete
2025-03-01,0.00,0.00,0,1392923.82,last_posted_transaction_or_prior_closing_balance,,trusted,cn_public_2022_2026_cycles_1_0,public_schedule_without_transaction_override,False,,,complete
2025-03-02,0.00,0.00,0,1392923.82,last_posted_transaction_or_prior_closing_balance,,trusted,cn_public_2022_2026_cycles_1_0,public_schedule_without_transaction_override,False,,,complete
2025-03-03,0.00,7320.62,2,1385603.20,last_posted_transaction_or_prior_closing_balance,synb1_txn_23b4127d4c5273d1c5db2ab8,trusted,cn_public_2022_2026_cycles_1_0,public_schedule_without_transaction_override,True,290,2025-03-04,complete
2025-03-04,0.00,0.00,0,1385603.20,last_posted_transaction_or_prior_closing_balance,,trusted,cn_public_2022_2026_cycles_1_0,public_schedule_without_transaction_override,True,291,2025-03-05,complete
2025-03-05,3955.67,9971.25,3,1379587.62,last_posted_transaction_or_prior_closing_balance,synb1_txn_b1faec1b025bdea556d70e25,trusted,cn_public_2022_2026_cycles_1_0,public_schedule_without_transaction_override,True,292,2025-03-06,complete
2025-03-06,0.00,1683.59,1,1377904.03,last_posted_transaction_or_prior_closing_balance,synb1_txn_43981cd2b736dcfdab863e6d,trusted,cn_public_2022_2026_cycles_1_0,public_schedule_without_transaction_override,True,293,2025-03-07,complete
2025-03-07,0.00,22500.00,1,1355404.03,last_posted_transaction_or_prior_closing_balance,synb1_txn_fb5fbeba9fcae72d1294d665,trusted,cn_public_2022_2026_cycles_1_0,public_schedule_without_transaction_override,True,294,2025-03-10,complete
2025-03-08,0.00,0.00,0,1355404.03,last_posted_transaction_or_prior_closing_balance,,trusted,cn_public_2022_2026_cycles_1_0,public_schedule_without_transaction_override,False,,,complete
2025-03-09,0.00,0.00,0,1355404.03,last_posted_transaction_or_prior_closing_balance,,trusted,cn_public_2022_2026_cycles_1_0,public_schedule_without_transaction_override,False,,,complete
2025-03-10,0.00,0.00,0,1355404.03,last_posted_transaction_or_prior_closing_balance,,trusted,cn_public_2022_2026_cycles_1_0,public_schedule_without_transaction_override,True,295,2025-03-11,complete
2025-03-11,13113.07,6619.40,2,1361897.70,last_posted_transaction_or_prior_closing_balance,synb1_txn_c4793f6f9f0fe23630c386d9,trusted,cn_public_2022_2026_cycles_1_0,public_schedule_without_transaction_override,True,296,2025-03-12,complete
2025-03-12,0.00,2117.68,1,1359780.02,last_posted_transaction_or_prior_closing_balance,synb1_txn_5300b1ef68d58923296701fa,trusted,cn_public_2022_2026_cycles_1_0,public_schedule_without_transaction_override,True,297,2025-03-13,complete
2025-03-13,0.00,0.00,0,1359780.02,last_posted_transaction_or_prior_closing_balance,,trusted,cn_public_2022_2026_cycles_1_0,public_schedule_without_transaction_override,True,298,2025-03-14,complete
2025-03-14,0.00,0.00,0,1359780.02,last_posted_transaction_or_prior_closing_balance,,trusted,cn_public_2022_2026_cycles_1_0,public_schedule_without_transaction_override,True,299,2025-03-17,complete
2025-03-15,0.00,0.00,0,1359780.02,last_posted_transaction_or_prior_closing_balance,,trusted,cn_public_2022_2026_cycles_1_0,public_schedule_without_transaction_override,False,,,complete
2025-03-16,0.00,0.00,0,1359780.02,last_posted_transaction_or_prior_closing_balance,,trusted,cn_public_2022_2026_cycles_1_0,public_schedule_without_transaction_override,False,,,complete
2025-03-17,0.00,0.00,0,1359780.02,last_posted_transaction_or_prior_closing_balance,,trusted,cn_public_2022_2026_cycles_1_0,public_schedule_without_transaction_override,True,300,2025-03-18,complete
2025-03-18,50386.26,1568.00,3,1408598.28,last_posted_transaction_or_prior_closing_balance,synb1_txn_8178444e2d6f71186a619238,trusted,cn_public_2022_2026_cycles_1_0,public_schedule_without_transaction_override,True,301,2025-03-19,complete
2025-03-19,0.00,3654.05,1,1404944.23,last_posted_transaction_or_prior_closing_balance,synb1_txn_37ed8a5b40a74dfb12a23edc,trusted,cn_public_2022_2026_cycles_1_0,public_schedule_without_transaction_override,True,302,2025-03-20,complete
2025-03-20,0.00,0.00,0,1404944.23,last_posted_transaction_or_prior_closing_balance,,trusted,cn_public_2022_2026_cycles_1_0,public_schedule_without_transaction_override,True,303,2025-03-21,complete
2025-03-21,8574.60,0.00,1,1413518.83,last_posted_transaction_or_prior_closing_balance,synb1_txn_0c9547096b006dcadc2a91a5,trusted,cn_public_2022_2026_cycles_1_0,public_schedule_without_transaction_override,True,304,2025-03-24,complete
2025-03-22,7904.28,15927.84,2,1405495.27,last_posted_transaction_or_prior_closing_balance,synb1_txn_7ec4c2d2f28efef81257253e,trusted,cn_public_2022_2026_cycles_1_0,public_schedule_without_transaction_override,False,,,complete
2025-03-23,0.00,7327.25,1,1398168.02,last_posted_transaction_or_prior_closing_balance,synb1_txn_e001b933b681019f8b13196f,trusted,cn_public_2022_2026_cycles_1_0,public_schedule_without_transaction_override,False,,,complete
2025-03-24,21269.63,880.60,2,1418557.05,last_posted_transaction_or_prior_closing_balance,synb1_txn_3b95729828a63ccc59dae362,trusted,cn_public_2022_2026_cycles_1_0,public_schedule_without_transaction_override,True,305,2025-03-25,complete
2025-03-25,0.00,0.00,0,1418557.05,last_posted_transaction_or_prior_closing_balance,,trusted,cn_public_2022_2026_cycles_1_0,public_schedule_without_transaction_override,True,306,2025-03-26,complete
2025-03-26,0.00,30028.06,2,1388528.99,last_posted_transaction_or_prior_closing_balance,synb1_txn_dc1739fcc69485caf1057f17,trusted,cn_public_2022_2026_cycles_1_0,public_schedule_without_transaction_override,True,307,2025-03-27,complete
2025-03-27,21796.49,44869.66,3,1365455.82,last_posted_transaction_or_prior_closing_balance,synb1_txn_cb396f4862860dea00db4672,trusted,cn_public_2022_2026_cycles_1_0,public_schedule_without_transaction_override,True,308,2025-03-28,complete
2025-03-28,0.00,0.00,0,1365455.82,last_posted_transaction_or_prior_closing_balance,,trusted,cn_public_2022_2026_cycles_1_0,public_schedule_without_transaction_override,True,309,2025-03-31,complete
2025-03-29,0.00,0.00,0,1365455.82,last_posted_transaction_or_prior_closing_balance,,trusted,cn_public_2022_2026_cycles_1_0,public_schedule_without_transaction_override,False,,,complete
2025-03-30,0.00,0.00,0,1365455.82,last_posted_transaction_or_prior_closing_balance,,trusted,cn_public_2022_2026_cycles_1_0,public_schedule_without_transaction_override,False,,,complete
2025-03-31,0.00,0.00,0,1365455.82,last_posted_transaction_or_prior_closing_balance,,trusted,cn_public_2022_2026_cycles_1_0,public_schedule_without_transaction_override,True,310,2025-04-01,complete
2025-04-01,0.00,0.00,0,1365455.82,last_posted_transaction_or_prior_closing_balance,,trusted,cn_public_2022_2026_cycles_1_0,public_schedule_without_transaction_override,True,311,2025-04-02,complete
2025-04-02,6484.89,0.00,1,1371940.71,last_posted_transaction_or_prior_closing_balance,synb1_txn_85e23aea3c49c64b5eee33cf,trusted,cn_public_2022_2026_cycles_1_0,public_schedule_without_transaction_override,True,312,2025-04-03,complete
2025-04-03,0.00,0.00,0,1371940.71,last_posted_transaction_or_prior_closing_balance,,trusted,cn_public_2022_2026_cycles_1_0,public_schedule_without_transaction_override,True,313,2025-04-07,complete
2025-04-04,0.00,0.00,0,1371940.71,last_posted_transaction_or_prior_closing_balance,,trusted,cn_public_2022_2026_cycles_1_0,public_schedule_without_transaction_override,False,,,complete
2025-04-05,414.70,9000.00,2,1363355.41,last_posted_transaction_or_prior_closing_balance,synb1_txn_5810a92947d672cbba4719c5,trusted,cn_public_2022_2026_cycles_1_0,public_schedule_without_transaction_override,False,,,complete
2025-04-06,0.00,0.00,0,1363355.41,last_posted_transaction_or_prior_closing_balance,,trusted,cn_public_2022_2026_cycles_1_0,public_schedule_without_transaction_override,False,,,complete
2025-04-07,0.00,22500.00,1,1340855.41,last_posted_transaction_or_prior_closing_balance,synb1_txn_f9cad19fd57a32f19e6ded14,trusted,cn_public_2022_2026_cycles_1_0,public_schedule_without_transaction_override,True,314,2025-04-08,complete
2025-04-08,43020.04,7146.20,2,1376729.25,last_posted_transaction_or_prior_closing_balance,synb1_txn_a106ebb15154c9fd0d701264,trusted,cn_public_2022_2026_cycles_1_0,public_schedule_without_transaction_override,True,315,2025-04-09,complete
2025-04-09,566.74,0.00,1,1377295.99,last_posted_transaction_or_prior_closing_balance,synb1_txn_27e3f95ec78f09b032fdd705,trusted,cn_public_2022_2026_cycles_1_0,public_schedule_without_transaction_override,True,316,2025-04-10,complete
2025-04-10,0.00,29338.91,2,1347957.08,last_posted_transaction_or_prior_closing_balance,synb1_txn_9f8b329b2be222efbd85706e,trusted,cn_public_2022_2026_cycles_1_0,public_schedule_without_transaction_override,True,317,2025-04-11,complete
2025-04-11,0.00,0.00,0,1347957.08,last_posted_transaction_or_prior_closing_balance,,trusted,cn_public_2022_2026_cycles_1_0,public_schedule_without_transaction_override,True,318,2025-04-14,complete
2025-04-12,210.03,0.00,1,1348167.11,last_posted_transaction_or_prior_closing_balance,synb1_txn_5d957480b250845de8fe579a,trusted,cn_public_2022_2026_cycles_1_0,public_schedule_without_transaction_override,False,,,complete
2025-04-13,3354.64,0.00,1,1351521.75,last_posted_transaction_or_prior_closing_balance,synb1_txn_c590d806588497654cea2389,trusted,cn_public_2022_2026_cycles_1_0,public_schedule_without_transaction_override,False,,,complete
2025-04-14,18056.08,0.00,2,1369577.83,last_posted_transaction_or_prior_closing_balance,synb1_txn_5872005eb864505d2fa20336,trusted,cn_public_2022_2026_cycles_1_0,public_schedule_without_transaction_override,True,319,2025-04-15,complete
2025-04-15,0.00,42061.09,1,1327516.74,last_posted_transaction_or_prior_closing_balance,synb1_txn_4dce0d0a37c98b69322af9b6,trusted,cn_public_2022_2026_cycles_1_0,public_schedule_without_transaction_override,True,320,2025-04-16,complete
2025-04-16,0.00,23622.88,1,1303893.86,last_posted_transaction_or_prior_closing_balance,synb1_txn_e9db6e64e73d37c5ac3ed88c,trusted,cn_public_2022_2026_cycles_1_0,public_schedule_without_transaction_override,True,321,2025-04-17,complete
2025-04-17,20388.25,9880.92,3,1314401.19,last_posted_transaction_or_prior_closing_balance,synb1_txn_13a83ec20d5519f94dbaf21b,trusted,cn_public_2022_2026_cycles_1_0,public_schedule_without_transaction_override,True,322,2025-04-18,complete
2025-04-18,4233.50,1344.00,3,1317290.69,last_posted_transaction_or_prior_closing_balance,synb1_txn_3cf4747d077e39211ee6cae4,trusted,cn_public_2022_2026_cycles_1_0,public_schedule_without_transaction_override,True,323,2025-04-21,complete
2025-04-19,0.00,0.00,0,1317290.69,last_posted_transaction_or_prior_closing_balance,,trusted,cn_public_2022_2026_cycles_1_0,public_schedule_without_transaction_override,False,,,complete
2025-04-20,8570.84,0.00,1,1325861.53,last_posted_transaction_or_prior_closing_balance,synb1_txn_030a5055ee5853fb35980dc4,trusted,cn_public_2022_2026_cycles_1_0,public_schedule_without_transaction_override,False,,,complete
2025-04-21,0.00,0.00,0,1325861.53,last_posted_transaction_or_prior_closing_balance,,trusted,cn_public_2022_2026_cycles_1_0,public_schedule_without_transaction_override,True,324,2025-04-22,complete
2025-04-22,0.00,0.00,0,1325861.53,last_posted_transaction_or_prior_closing_balance,,trusted,cn_public_2022_2026_cycles_1_0,public_schedule_without_transaction_override,True,325,2025-04-23,complete
2025-04-23,1832.61,0.00,1,1327694.14,last_posted_transaction_or_prior_closing_balance,synb1_txn_46b5c4a6844b3ef391aa4bcf,trusted,cn_public_2022_2026_cycles_1_0,public_schedule_without_transaction_override,True,326,2025-04-24,complete
2025-04-24,0.00,0.00,0,1327694.14,last_posted_transaction_or_prior_closing_balance,,trusted,cn_public_2022_2026_cycles_1_0,public_schedule_without_transaction_override,True,327,2025-04-25,complete
2025-04-25,2537.63,0.00,1,1330231.77,last_posted_transaction_or_prior_closing_balance,synb1_txn_eed12d5e551138c6ed221fb4,trusted,cn_public_2022_2026_cycles_1_0,public_schedule_without_transaction_override,True,328,2025-04-27,complete
2025-04-26,7801.99,0.00,1,1338033.76,last_posted_transaction_or_prior_closing_balance,synb1_txn_c94fa953d34da652e588702a,trusted,cn_public_2022_2026_cycles_1_0,public_schedule_without_transaction_override,False,,,complete
2025-04-27,0.00,0.00,0,1338033.76,last_posted_transaction_or_prior_closing_balance,,trusted,cn_public_2022_2026_cycles_1_0,public_schedule_without_transaction_override,True,329,2025-04-28,complete
2025-04-28,19528.06,0.00,1,1357561.82,last_posted_transaction_or_prior_closing_balance,synb1_txn_f4d4fd919c32b881e21a11f0,trusted,cn_public_2022_2026_cycles_1_0,public_schedule_without_transaction_override,True,330,2025-04-29,complete
2025-04-29,0.00,0.00,0,1357561.82,last_posted_transaction_or_prior_closing_balance,,trusted,cn_public_2022_2026_cycles_1_0,public_schedule_without_transaction_override,True,331,2025-04-30,complete
2025-04-30,0.00,0.00,0,1357561.82,last_posted_transaction_or_prior_closing_balance,,trusted,cn_public_2022_2026_cycles_1_0,public_schedule_without_transaction_override,True,332,2025-05-06,complete
2025-05-01,0.00,0.00,0,1357561.82,last_posted_transaction_or_prior_closing_balance,,trusted,cn_public_2022_2026_cycles_1_0,public_schedule_without_transaction_override,False,,,complete
2025-05-02,1339.65,0.00,1,1358901.47,last_posted_transaction_or_prior_closing_balance,synb1_txn_518d1fda836930b05b3fe83c,trusted,cn_public_2022_2026_cycles_1_0,public_schedule_without_transaction_override,False,,,complete
2025-05-03,4146.42,0.00,1,1363047.89,last_posted_transaction_or_prior_closing_balance,synb1_txn_cc57429632349f4b59be5d02,trusted,cn_public_2022_2026_cycles_1_0,public_schedule_without_transaction_override,False,,,complete
2025-05-04,0.00,11.68,1,1363036.21,last_posted_transaction_or_prior_closing_balance,synb1_txn_7ee28c0bf5e561283481cebc,trusted,cn_public_2022_2026_cycles_1_0,public_schedule_without_transaction_override,False,,,complete
2025-05-05,1245.18,9000.00,2,1355281.39,last_posted_transaction_or_prior_closing_balance,synb1_txn_024562f7e8cdb0e9ed4f8388,trusted,cn_public_2022_2026_cycles_1_0,public_schedule_without_transaction_override,False,,,complete
2025-05-06,0.00,0.00,0,1355281.39,last_posted_transaction_or_prior_closing_balance,,trusted,cn_public_2022_2026_cycles_1_0,public_schedule_without_transaction_override,True,333,2025-05-07,complete
2025-05-07,0.00,19256.18,2,1336025.21,last_posted_transaction_or_prior_closing_balance,synb1_txn_c7ab0938be2cc3e882e13fd9,trusted,cn_public_2022_2026_cycles_1_0,public_schedule_without_transaction_override,True,334,2025-05-08,complete
2025-05-08,0.00,0.00,0,1336025.21,last_posted_transaction_or_prior_closing_balance,,trusted,cn_public_2022_2026_cycles_1_0,public_schedule_without_transaction_override,True,335,2025-05-09,complete
2025-05-09,0.00,0.00,0,1336025.21,last_posted_transaction_or_prior_closing_balance,,trusted,cn_public_2022_2026_cycles_1_0,public_schedule_without_transaction_override,True,336,2025-05-12,complete
2025-05-10,0.00,0.00,0,1336025.21,last_posted_transaction_or_prior_closing_balance,,trusted,cn_public_2022_2026_cycles_1_0,public_schedule_without_transaction_override,False,,,complete
2025-05-11,12041.55,16819.06,2,1331247.70,last_posted_transaction_or_prior_closing_balance,synb1_txn_e69659332e498376b17127b2,trusted,cn_public_2022_2026_cycles_1_0,public_schedule_without_transaction_override,False,,,complete
2025-05-12,0.00,7012.09,1,1324235.61,last_posted_transaction_or_prior_closing_balance,synb1_txn_b6318457c639af32ff5b13d3,trusted,cn_public_2022_2026_cycles_1_0,public_schedule_without_transaction_override,True,337,2025-05-13,complete
2025-05-13,0.00,0.00,0,1324235.61,last_posted_transaction_or_prior_closing_balance,,trusted,cn_public_2022_2026_cycles_1_0,public_schedule_without_transaction_override,True,338,2025-05-14,complete
2025-05-14,6697.46,4589.92,2,1326343.15,last_posted_transaction_or_prior_closing_balance,synb1_txn_fe11ae0d37f93f3e270be3f1,trusted,cn_public_2022_2026_cycles_1_0,public_schedule_without_transaction_override,True,339,2025-05-15,complete
2025-05-15,5327.26,0.00,2,1331670.41,last_posted_transaction_or_prior_closing_balance,synb1_txn_dff1573509c8f21253aac799,trusted,cn_public_2022_2026_cycles_1_0,public_schedule_without_transaction_override,True,340,2025-05-16,complete
2025-05-16,0.00,7327.99,1,1324342.42,last_posted_transaction_or_prior_closing_balance,synb1_txn_385b9c6e7463e8fb1015ac39,trusted,cn_public_2022_2026_cycles_1_0,public_schedule_without_transaction_override,True,341,2025-05-19,complete
2025-05-17,0.00,1332.14,1,1323010.28,last_posted_transaction_or_prior_closing_balance,synb1_txn_b865b8d90b1200404257822f,trusted,cn_public_2022_2026_cycles_1_0,public_schedule_without_transaction_override,False,,,complete
2025-05-18,0.00,0.00,0,1323010.28,last_posted_transaction_or_prior_closing_balance,,trusted,cn_public_2022_2026_cycles_1_0,public_schedule_without_transaction_override,False,,,complete
2025-05-19,5443.71,1456.00,3,1326997.99,last_posted_transaction_or_prior_closing_balance,synb1_txn_4ece4379240c4d736531ec51,trusted,cn_public_2022_2026_cycles_1_0,public_schedule_without_transaction_override,True,342,2025-05-20,complete
2025-05-20,0.00,0.00,0,1326997.99,last_posted_transaction_or_prior_closing_balance,,trusted,cn_public_2022_2026_cycles_1_0,public_schedule_without_transaction_override,True,343,2025-05-21,complete
2025-05-21,17930.49,0.00,1,1344928.48,last_posted_transaction_or_prior_closing_balance,synb1_txn_3e01f616e8ac3f7594835e00,trusted,cn_public_2022_2026_cycles_1_0,public_schedule_without_transaction_override,True,344,2025-05-22,complete
2025-05-22,23106.51,0.00,1,1368034.99,last_posted_transaction_or_prior_closing_balance,synb1_txn_cb95ca9c062270d1673f32ac,trusted,cn_public_2022_2026_cycles_1_0,public_schedule_without_transaction_override,True,345,2025-05-23,complete
2025-05-23,0.00,60530.94,1,1307504.05,last_posted_transaction_or_prior_closing_balance,synb1_txn_3ea5c88657b98698c4342b79,trusted,cn_public_2022_2026_cycles_1_0,public_schedule_without_transaction_override,True,346,2025-05-26,complete
2025-05-24,0.97,0.00,1,1307505.02,last_posted_transaction_or_prior_closing_balance,synb1_txn_07d2e6d1c7aa5fb01539e43a,trusted,cn_public_2022_2026_cycles_1_0,public_schedule_without_transaction_override,False,,,complete
2025-05-25,25701.19,0.00,2,1333206.21,last_posted_transaction_or_prior_closing_balance,synb1_txn_f3c0ce14e4fe638011cd83c3,trusted,cn_public_2022_2026_cycles_1_0,public_schedule_without_transaction_override,False,,,complete
2025-05-26,0.00,0.00,0,1333206.21,last_posted_transaction_or_prior_closing_balance,,trusted,cn_public_2022_2026_cycles_1_0,public_schedule_without_transaction_override,True,347,2025-05-27,complete
2025-05-27,0.00,0.00,0,1333206.21,last_posted_transaction_or_prior_closing_balance,,trusted,cn_public_2022_2026_cycles_1_0,public_schedule_without_transaction_override,True,348,2025-05-28,complete
2025-05-28,41519.61,0.00,1,1374725.82,last_posted_transaction_or_prior_closing_balance,synb1_txn_c4fa6b932b2a7e2e3c2e3f45,trusted,cn_public_2022_2026_cycles_1_0,public_schedule_without_transaction_override,True,349,2025-05-29,complete
2025-05-29,0.00,0.00,0,1374725.82,last_posted_transaction_or_prior_closing_balance,,trusted,cn_public_2022_2026_cycles_1_0,public_schedule_without_transaction_override,True,350,2025-05-30,complete
2025-05-30,0.00,0.00,0,1374725.82,last_posted_transaction_or_prior_closing_balance,,trusted,cn_public_2022_2026_cycles_1_0,public_schedule_without_transaction_override,True,351,2025-06-03,complete
2025-05-31,0.00,0.00,0,1374725.82,last_posted_transaction_or_prior_closing_balance,,trusted,cn_public_2022_2026_cycles_1_0,public_schedule_without_transaction_override,False,,,complete
2025-06-01,0.00,0.00,0,1374725.82,last_posted_transaction_or_prior_closing_balance,,trusted,cn_public_2022_2026_cycles_1_0,public_schedule_without_transaction_override,False,,,complete
2025-06-02,30871.20,0.00,1,1405597.02,last_posted_transaction_or_prior_closing_balance,synb1_txn_173c5018f677d2f8ea35b9f0,trusted,cn_public_2022_2026_cycles_1_0,public_schedule_without_transaction_override,False,,,complete
2025-06-03,4194.99,0.00,2,1409792.01,last_posted_transaction_or_prior_closing_balance,synb1_txn_edf45184d9027499a9a554ae,trusted,cn_public_2022_2026_cycles_1_0,public_schedule_without_transaction_override,True,352,2025-06-04,complete
2025-06-04,0.00,0.00,0,1409792.01,last_posted_transaction_or_prior_closing_balance,,trusted,cn_public_2022_2026_cycles_1_0,public_schedule_without_transaction_override,True,353,2025-06-05,complete
2025-06-05,8079.59,25074.60,3,1392797.00,last_posted_transaction_or_prior_closing_balance,synb1_txn_dbcdd620c05e0cf0f4a712c5,trusted,cn_public_2022_2026_cycles_1_0,public_schedule_without_transaction_override,True,354,2025-06-06,complete
2025-06-06,0.00,0.00,0,1392797.00,last_posted_transaction_or_prior_closing_balance,,trusted,cn_public_2022_2026_cycles_1_0,public_schedule_without_transaction_override,True,355,2025-06-09,complete
2025-06-07,0.00,16593.42,2,1376203.58,last_posted_transaction_or_prior_closing_balance,synb1_txn_ff2fedea7411d7e81f6d7d7f,trusted,cn_public_2022_2026_cycles_1_0,public_schedule_without_transaction_override,False,,,complete
2025-06-08,55482.82,0.00,1,1431686.40,last_posted_transaction_or_prior_closing_balance,synb1_txn_b08e7f0354cc473f9221eea2,trusted,cn_public_2022_2026_cycles_1_0,public_schedule_without_transaction_override,False,,,complete
2025-06-09,0.00,16092.05,2,1415594.35,last_posted_transaction_or_prior_closing_balance,synb1_txn_fa1eaf04adbb3d96ca6f0f92,trusted,cn_public_2022_2026_cycles_1_0,public_schedule_without_transaction_override,True,356,2025-06-10,complete
2025-06-10,0.00,4983.45,2,1410610.90,last_posted_transaction_or_prior_closing_balance,synb1_txn_b300e20495f7b567b11942a4,trusted,cn_public_2022_2026_cycles_1_0,public_schedule_without_transaction_override,True,357,2025-06-11,complete
2025-06-11,9957.26,0.00,1,1420568.16,last_posted_transaction_or_prior_closing_balance,synb1_txn_5315d01f731d6b3496c555e1,trusted,cn_public_2022_2026_cycles_1_0,public_schedule_without_transaction_override,True,358,2025-06-12,complete
2025-06-12,8908.85,16008.13,2,1413468.88,last_posted_transaction_or_prior_closing_balance,synb1_txn_7ed4e6ed6a9590065e871597,trusted,cn_public_2022_2026_cycles_1_0,public_schedule_without_transaction_override,True,359,2025-06-13,complete
2025-06-13,4846.90,2877.82,3,1415437.96,last_posted_transaction_or_prior_closing_balance,synb1_txn_ccd3808d34e6acfea8d17b8e,trusted,cn_public_2022_2026_cycles_1_0,public_schedule_without_transaction_override,True,360,2025-06-16,complete
2025-06-14,21642.27,6120.61,3,1430959.62,last_posted_transaction_or_prior_closing_balance,synb1_txn_5f928043d0fe25df25e90597,trusted,cn_public_2022_2026_cycles_1_0,public_schedule_without_transaction_override,False,,,complete
2025-06-15,941.47,0.00,1,1431901.09,last_posted_transaction_or_prior_closing_balance,synb1_txn_894a60405f42cfa998994b95,trusted,cn_public_2022_2026_cycles_1_0,public_schedule_without_transaction_override,False,,,complete
2025-06-16,20095.01,5723.74,2,1446272.36,last_posted_transaction_or_prior_closing_balance,synb1_txn_8cec4a6d7f260caf3e47673a,trusted,cn_public_2022_2026_cycles_1_0,public_schedule_without_transaction_override,True,361,2025-06-17,complete
2025-06-17,5461.25,1555.01,4,1450178.60,last_posted_transaction_or_prior_closing_balance,synb1_txn_00c4fb9e9adb18a8dbc80365,trusted,cn_public_2022_2026_cycles_1_0,public_schedule_without_transaction_override,True,362,2025-06-18,complete
2025-06-18,0.00,1232.00,2,1448946.60,last_posted_transaction_or_prior_closing_balance,synb1_txn_05af0f8767631e34d6e33044,trusted,cn_public_2022_2026_cycles_1_0,public_schedule_without_transaction_override,True,363,2025-06-19,complete
2025-06-19,10354.27,1612.54,2,1457688.33,last_posted_transaction_or_prior_closing_balance,synb1_txn_60064011174434756dcb75b7,trusted,cn_public_2022_2026_cycles_1_0,public_schedule_without_transaction_override,True,364,2025-06-20,complete
2025-06-20,2607.09,2820.08,2,1457475.34,last_posted_transaction_or_prior_closing_balance,synb1_txn_242c43dd930ada5da7681ca8,trusted,cn_public_2022_2026_cycles_1_0,public_schedule_without_transaction_override,True,365,2025-06-23,complete
2025-06-21,0.00,0.00,0,1457475.34,last_posted_transaction_or_prior_closing_balance,,trusted,cn_public_2022_2026_cycles_1_0,public_schedule_without_transaction_override,False,,,complete
2025-06-22,0.00,0.00,0,1457475.34,last_posted_transaction_or_prior_closing_balance,,trusted,cn_public_2022_2026_cycles_1_0,public_schedule_without_transaction_override,False,,,complete
2025-06-23,0.00,0.00,0,1457475.34,last_posted_transaction_or_prior_closing_balance,,trusted,cn_public_2022_2026_cycles_1_0,public_schedule_without_transaction_override,True,366,2025-06-24,complete
2025-06-24,1295.60,0.00,1,1458770.94,last_posted_transaction_or_prior_closing_balance,synb1_txn_94433e07960b907e428f9217,trusted,cn_public_2022_2026_cycles_1_0,public_schedule_without_transaction_override,True,367,2025-06-25,complete
2025-06-25,0.00,0.00,0,1458770.94,last_posted_transaction_or_prior_closing_balance,,trusted,cn_public_2022_2026_cycles_1_0,public_schedule_without_transaction_override,True,368,2025-06-26,complete
2025-06-26,0.00,3468.55,1,1455302.39,last_posted_transaction_or_prior_closing_balance,synb1_txn_bf4f28a32cb7beeb6003a46a,trusted,cn_public_2022_2026_cycles_1_0,public_schedule_without_transaction_override,True,369,2025-06-27,complete
2025-06-27,21761.43,0.00,1,1477063.82,last_posted_transaction_or_prior_closing_balance,synb1_txn_1f3979749cc6b79fde4f8d3b,trusted,cn_public_2022_2026_cycles_1_0,public_schedule_without_transaction_override,True,370,2025-06-30,complete
2025-06-28,0.00,0.00,0,1477063.82,last_posted_transaction_or_prior_closing_balance,,trusted,cn_public_2022_2026_cycles_1_0,public_schedule_without_transaction_override,False,,,complete
2025-06-29,0.00,0.00,0,1477063.82,last_posted_transaction_or_prior_closing_balance,,trusted,cn_public_2022_2026_cycles_1_0,public_schedule_without_transaction_override,False,,,complete
2025-06-30,0.00,0.00,0,1477063.82,last_posted_transaction_or_prior_closing_balance,,trusted,cn_public_2022_2026_cycles_1_0,public_schedule_without_transaction_override,True,371,2025-07-01,complete
2025-07-01,0.00,0.00,0,1477063.82,last_posted_transaction_or_prior_closing_balance,,trusted,cn_public_2022_2026_cycles_1_0,public_schedule_without_transaction_override,True,372,2025-07-02,complete
2025-07-02,0.00,0.00,0,1477063.82,last_posted_transaction_or_prior_closing_balance,,trusted,cn_public_2022_2026_cycles_1_0,public_schedule_without_transaction_override,True,373,2025-07-03,complete
2025-07-03,10252.67,0.00,1,1487316.49,last_posted_transaction_or_prior_closing_balance,synb1_txn_801789fab79163cd46519b85,trusted,cn_public_2022_2026_cycles_1_0,public_schedule_without_transaction_override,True,374,2025-07-04,complete
2025-07-04,5289.64,0.00,1,1492606.13,last_posted_transaction_or_prior_closing_balance,synb1_txn_0d8fee3cbb4a84508a802aed,trusted,cn_public_2022_2026_cycles_1_0,public_schedule_without_transaction_override,True,375,2025-07-07,complete
2025-07-05,0.00,9000.00,1,1483606.13,last_posted_transaction_or_prior_closing_balance,synb1_txn_d2cfb94b0526d3d0c819009f,trusted,cn_public_2022_2026_cycles_1_0,public_schedule_without_transaction_override,False,,,complete
2025-07-06,0.00,9597.71,2,1474008.42,last_posted_transaction_or_prior_closing_balance,synb1_txn_3d035ad6310d774294b33fbc,trusted,cn_public_2022_2026_cycles_1_0,public_schedule_without_transaction_override,False,,,complete
2025-07-07,0.00,33510.36,3,1440498.06,last_posted_transaction_or_prior_closing_balance,synb1_txn_3a1c86dd1e0b88f830572b60,trusted,cn_public_2022_2026_cycles_1_0,public_schedule_without_transaction_override,True,376,2025-07-08,complete
2025-07-08,9794.58,0.00,2,1450292.64,last_posted_transaction_or_prior_closing_balance,synb1_txn_677204f5534e133bff7b940f,trusted,cn_public_2022_2026_cycles_1_0,public_schedule_without_transaction_override,True,377,2025-07-09,complete
2025-07-09,0.00,0.00,0,1450292.64,last_posted_transaction_or_prior_closing_balance,,trusted,cn_public_2022_2026_cycles_1_0,public_schedule_without_transaction_override,True,378,2025-07-10,complete
2025-07-10,0.00,0.00,0,1450292.64,last_posted_transaction_or_prior_closing_balance,,trusted,cn_public_2022_2026_cycles_1_0,public_schedule_without_transaction_override,True,379,2025-07-11,complete
2025-07-11,3414.07,0.00,1,1453706.71,last_posted_transaction_or_prior_closing_balance,synb1_txn_6d41c0547416cd882e401456,trusted,cn_public_2022_2026_cycles_1_0,public_schedule_without_transaction_override,True,380,2025-07-14,complete
2025-07-12,0.00,0.00,0,1453706.71,last_posted_transaction_or_prior_closing_balance,,trusted,cn_public_2022_2026_cycles_1_0,public_schedule_without_transaction_override,False,,,complete
2025-07-13,758.26,0.00,1,1454464.97,last_posted_transaction_or_prior_closing_balance,synb1_txn_ffc3f4a182e41efa8f91e536,trusted,cn_public_2022_2026_cycles_1_0,public_schedule_without_transaction_override,False,,,complete
2025-07-14,0.00,0.00,0,1454464.97,last_posted_transaction_or_prior_closing_balance,,trusted,cn_public_2022_2026_cycles_1_0,public_schedule_without_transaction_override,True,381,2025-07-15,complete
2025-07-15,14753.61,6733.32,2,1462485.26,last_posted_transaction_or_prior_closing_balance,synb1_txn_9c104b4d23fb48a078ab4070,trusted,cn_public_2022_2026_cycles_1_0,public_schedule_without_transaction_override,True,382,2025-07-16,complete
2025-07-16,0.00,0.00,0,1462485.26,last_posted_transaction_or_prior_closing_balance,,trusted,cn_public_2022_2026_cycles_1_0,public_schedule_without_transaction_override,True,383,2025-07-17,complete
2025-07-17,0.00,15824.36,1,1446660.90,last_posted_transaction_or_prior_closing_balance,synb1_txn_9e14c9fa01efc48ebe451e9c,trusted,cn_public_2022_2026_cycles_1_0,public_schedule_without_transaction_override,True,384,2025-07-18,complete
2025-07-18,0.00,4426.23,4,1442234.67,last_posted_transaction_or_prior_closing_balance,synb1_txn_570ede568f2f07e5986925bc,trusted,cn_public_2022_2026_cycles_1_0,public_schedule_without_transaction_override,True,385,2025-07-21,complete
2025-07-19,12949.48,0.00,2,1455184.15,last_posted_transaction_or_prior_closing_balance,synb1_txn_c1e6975cacdaf7c7b3487039,trusted,cn_public_2022_2026_cycles_1_0,public_schedule_without_transaction_override,False,,,complete
2025-07-20,0.00,56.57,1,1455127.58,last_posted_transaction_or_prior_closing_balance,synb1_txn_f2ebffb8d031eb38bb7ecde3,trusted,cn_public_2022_2026_cycles_1_0,public_schedule_without_transaction_override,False,,,complete
2025-07-21,5468.73,0.00,1,1460596.31,last_posted_transaction_or_prior_closing_balance,synb1_txn_6c86c69c148c7f25f25a8ea0,trusted,cn_public_2022_2026_cycles_1_0,public_schedule_without_transaction_override,True,386,2025-07-22,complete
2025-07-22,0.00,0.00,0,1460596.31,last_posted_transaction_or_prior_closing_balance,,trusted,cn_public_2022_2026_cycles_1_0,public_schedule_without_transaction_override,True,387,2025-07-23,complete
2025-07-23,0.00,1559.42,1,1459036.89,last_posted_transaction_or_prior_closing_balance,synb1_txn_ea1eebd1e5b6578e36a88d0a,trusted,cn_public_2022_2026_cycles_1_0,public_schedule_without_transaction_override,True,388,2025-07-24,complete
2025-07-24,21013.25,0.00,1,1480050.14,last_posted_transaction_or_prior_closing_balance,synb1_txn_95aaa9d557ca7262dc01ee22,trusted,cn_public_2022_2026_cycles_1_0,public_schedule_without_transaction_override,True,389,2025-07-25,complete
2025-07-25,0.00,0.00,0,1480050.14,last_posted_transaction_or_prior_closing_balance,,trusted,cn_public_2022_2026_cycles_1_0,public_schedule_without_transaction_override,True,390,2025-07-28,complete
2025-07-26,16023.53,32738.01,2,1463335.66,last_posted_transaction_or_prior_closing_balance,synb1_txn_443fbb3251bffd525b914c58,trusted,cn_public_2022_2026_cycles_1_0,public_schedule_without_transaction_override,False,,,complete
2025-07-27,8940.37,6752.10,2,1465523.93,last_posted_transaction_or_prior_closing_balance,synb1_txn_11d019374b1863fd470e66d0,trusted,cn_public_2022_2026_cycles_1_0,public_schedule_without_transaction_override,False,,,complete
2025-07-28,341.81,3085.92,2,1462779.82,last_posted_transaction_or_prior_closing_balance,synb1_txn_f702471785b17446e0b93cc1,trusted,cn_public_2022_2026_cycles_1_0,public_schedule_without_transaction_override,True,391,2025-07-29,complete
2025-07-29,0.00,0.00,0,1462779.82,last_posted_transaction_or_prior_closing_balance,,trusted,cn_public_2022_2026_cycles_1_0,public_schedule_without_transaction_override,True,392,2025-07-30,complete
2025-07-30,0.00,0.00,0,1462779.82,last_posted_transaction_or_prior_closing_balance,,trusted,cn_public_2022_2026_cycles_1_0,public_schedule_without_transaction_override,True,393,2025-07-31,complete
2025-07-31,0.00,0.00,0,1462779.82,last_posted_transaction_or_prior_closing_balance,,trusted,cn_public_2022_2026_cycles_1_0,public_schedule_without_transaction_override,True,394,2025-08-01,complete
2025-08-01,0.00,0.00,0,1462779.82,last_posted_transaction_or_prior_closing_balance,,trusted,cn_public_2022_2026_cycles_1_0,public_schedule_without_transaction_override,True,395,2025-08-04,complete
2025-08-02,0.00,17536.11,1,1445243.71,last_posted_transaction_or_prior_closing_balance,synb1_txn_8661b80052ce48f35cafe10a,trusted,cn_public_2022_2026_cycles_1_0,public_schedule_without_transaction_override,False,,,complete
2025-08-03,11683.64,5520.99,3,1451406.36,last_posted_transaction_or_prior_closing_balance,synb1_txn_19a2517d01ec8ecaef36e9b5,trusted,cn_public_2022_2026_cycles_1_0,public_schedule_without_transaction_override,False,,,complete
2025-08-04,0.00,0.00,0,1451406.36,last_posted_transaction_or_prior_closing_balance,,trusted,cn_public_2022_2026_cycles_1_0,public_schedule_without_transaction_override,True,396,2025-08-05,complete
2025-08-05,0.00,19835.47,3,1431570.89,last_posted_transaction_or_prior_closing_balance,synb1_txn_5cf5dd228946e90ebc8e1e25,trusted,cn_public_2022_2026_cycles_1_0,public_schedule_without_transaction_override,True,397,2025-08-06,complete
2025-08-06,0.00,5923.70,1,1425647.19,last_posted_transaction_or_prior_closing_balance,synb1_txn_35116cd48dc99486abd28fd5,trusted,cn_public_2022_2026_cycles_1_0,public_schedule_without_transaction_override,True,398,2025-08-07,complete
2025-08-07,0.00,17824.61,2,1407822.58,last_posted_transaction_or_prior_closing_balance,synb1_txn_7c41867d889786a7c3b5ed76,trusted,cn_public_2022_2026_cycles_1_0,public_schedule_without_transaction_override,True,399,2025-08-08,complete
2025-08-08,12570.14,0.00,1,1420392.72,last_posted_transaction_or_prior_closing_balance,synb1_txn_1f074906458f259b71cefd32,trusted,cn_public_2022_2026_cycles_1_0,public_schedule_without_transaction_override,True,400,2025-08-11,complete
2025-08-09,0.00,0.00,0,1420392.72,last_posted_transaction_or_prior_closing_balance,,trusted,cn_public_2022_2026_cycles_1_0,public_schedule_without_transaction_override,False,,,complete
2025-08-10,1778.18,17040.62,2,1405130.28,last_posted_transaction_or_prior_closing_balance,synb1_txn_23ff8fd4c405217cf21e2345,trusted,cn_public_2022_2026_cycles_1_0,public_schedule_without_transaction_override,False,,,complete
2025-08-11,0.00,3089.98,1,1402040.30,last_posted_transaction_or_prior_closing_balance,synb1_txn_cb6c015c53044e84b1274230,trusted,cn_public_2022_2026_cycles_1_0,public_schedule_without_transaction_override,True,401,2025-08-12,complete
2025-08-12,0.00,0.00,0,1402040.30,last_posted_transaction_or_prior_closing_balance,,trusted,cn_public_2022_2026_cycles_1_0,public_schedule_without_transaction_override,True,402,2025-08-13,complete
2025-08-13,12243.79,0.00,1,1414284.09,last_posted_transaction_or_prior_closing_balance,synb1_txn_5ee4bd8dee2086ee35040f9d,trusted,cn_public_2022_2026_cycles_1_0,public_schedule_without_transaction_override,True,403,2025-08-14,complete
2025-08-14,829.12,664.99,2,1414448.22,last_posted_transaction_or_prior_closing_balance,synb1_txn_e514081f94b70a5c778df63d,trusted,cn_public_2022_2026_cycles_1_0,public_schedule_without_transaction_override,True,404,2025-08-15,complete
2025-08-15,0.00,0.00,0,1414448.22,last_posted_transaction_or_prior_closing_balance,,trusted,cn_public_2022_2026_cycles_1_0,public_schedule_without_transaction_override,True,405,2025-08-18,complete
2025-08-16,0.00,0.00,0,1414448.22,last_posted_transaction_or_prior_closing_balance,,trusted,cn_public_2022_2026_cycles_1_0,public_schedule_without_transaction_override,False,,,complete
2025-08-17,0.00,7143.55,1,1407304.67,last_posted_transaction_or_prior_closing_balance,synb1_txn_78734f18c9c3111cf371296d,trusted,cn_public_2022_2026_cycles_1_0,public_schedule_without_transaction_override,False,,,complete
2025-08-18,0.00,1120.00,2,1406184.67,last_posted_transaction_or_prior_closing_balance,synb1_txn_d6c5a9a7623ee730cec34c24,trusted,cn_public_2022_2026_cycles_1_0,public_schedule_without_transaction_override,True,406,2025-08-19,complete
2025-08-19,0.00,0.00,0,1406184.67,last_posted_transaction_or_prior_closing_balance,,trusted,cn_public_2022_2026_cycles_1_0,public_schedule_without_transaction_override,True,407,2025-08-20,complete
2025-08-20,0.00,16019.80,1,1390164.87,last_posted_transaction_or_prior_closing_balance,synb1_txn_9d3a82b0141a70314541967e,trusted,cn_public_2022_2026_cycles_1_0,public_schedule_without_transaction_override,True,408,2025-08-21,complete
2025-08-21,4790.63,0.00,1,1394955.50,last_posted_transaction_or_prior_closing_balance,synb1_txn_d376faca3f34a2992b926818,trusted,cn_public_2022_2026_cycles_1_0,public_schedule_without_transaction_override,True,409,2025-08-22,complete
2025-08-22,0.00,0.00,0,1394955.50,last_posted_transaction_or_prior_closing_balance,,trusted,cn_public_2022_2026_cycles_1_0,public_schedule_without_transaction_override,True,410,2025-08-25,complete
2025-08-23,54630.61,0.00,3,1449586.11,last_posted_transaction_or_prior_closing_balance,synb1_txn_c7963c0fe59791bbc3196964,trusted,cn_public_2022_2026_cycles_1_0,public_schedule_without_transaction_override,False,,,complete
2025-08-24,0.00,0.00,0,1449586.11,last_posted_transaction_or_prior_closing_balance,,trusted,cn_public_2022_2026_cycles_1_0,public_schedule_without_transaction_override,False,,,complete
2025-08-25,6973.89,1710.42,3,1454849.58,last_posted_transaction_or_prior_closing_balance,synb1_txn_e727eee13093410b8a578197,trusted,cn_public_2022_2026_cycles_1_0,public_schedule_without_transaction_override,True,411,2025-08-26,complete
2025-08-26,0.00,719.76,1,1454129.82,last_posted_transaction_or_prior_closing_balance,synb1_txn_0081a1bc7270b64b1521f3a8,trusted,cn_public_2022_2026_cycles_1_0,public_schedule_without_transaction_override,True,412,2025-08-27,complete
2025-08-27,0.00,0.00,0,1454129.82,last_posted_transaction_or_prior_closing_balance,,trusted,cn_public_2022_2026_cycles_1_0,public_schedule_without_transaction_override,True,413,2025-08-28,complete
2025-08-28,0.00,0.00,0,1454129.82,last_posted_transaction_or_prior_closing_balance,,trusted,cn_public_2022_2026_cycles_1_0,public_schedule_without_transaction_override,True,414,2025-08-29,complete
2025-08-29,0.00,0.00,0,1454129.82,last_posted_transaction_or_prior_closing_balance,,trusted,cn_public_2022_2026_cycles_1_0,public_schedule_without_transaction_override,True,415,2025-09-01,complete
2025-08-30,0.00,0.00,0,1454129.82,last_posted_transaction_or_prior_closing_balance,,trusted,cn_public_2022_2026_cycles_1_0,public_schedule_without_transaction_override,False,,,complete
2025-08-31,0.00,0.00,0,1454129.82,last_posted_transaction_or_prior_closing_balance,,trusted,cn_public_2022_2026_cycles_1_0,public_schedule_without_transaction_override,False,,,complete
2025-09-01,0.00,0.00,0,1454129.82,last_posted_transaction_or_prior_closing_balance,,trusted,cn_public_2022_2026_cycles_1_0,public_schedule_without_transaction_override,True,416,2025-09-02,complete
2025-09-02,0.00,129.90,1,1453999.92,last_posted_transaction_or_prior_closing_balance,synb1_txn_bb0ec66b751a2249c680c9d4,trusted,cn_public_2022_2026_cycles_1_0,public_schedule_without_transaction_override,True,417,2025-09-03,complete
2025-09-03,0.00,20872.26,2,1433127.66,last_posted_transaction_or_prior_closing_balance,synb1_txn_805c9bb12a177bfc580df3dc,trusted,cn_public_2022_2026_cycles_1_0,public_schedule_without_transaction_override,True,418,2025-09-04,complete
2025-09-04,0.00,3.48,1,1433124.18,last_posted_transaction_or_prior_closing_balance,synb1_txn_90a92ff010bb1525b4f42f2f,trusted,cn_public_2022_2026_cycles_1_0,public_schedule_without_transaction_override,True,419,2025-09-05,complete
2025-09-05,0.00,9000.00,1,1424124.18,last_posted_transaction_or_prior_closing_balance,synb1_txn_a7f82adba093269d8dddb9ea,trusted,cn_public_2022_2026_cycles_1_0,public_schedule_without_transaction_override,True,420,2025-09-08,complete
2025-09-06,15526.42,0.00,1,1439650.60,last_posted_transaction_or_prior_closing_balance,synb1_txn_9d8691d09b1e0bddf1965c54,trusted,cn_public_2022_2026_cycles_1_0,public_schedule_without_transaction_override,False,,,complete
2025-09-07,13635.45,16000.00,2,1437286.05,last_posted_transaction_or_prior_closing_balance,synb1_txn_c78623704dd077a5ec60e80d,trusted,cn_public_2022_2026_cycles_1_0,public_schedule_without_transaction_override,False,,,complete
2025-09-08,0.00,0.00,0,1437286.05,last_posted_transaction_or_prior_closing_balance,,trusted,cn_public_2022_2026_cycles_1_0,public_schedule_without_transaction_override,True,421,2025-09-09,complete
2025-09-09,0.00,1023.89,1,1436262.16,last_posted_transaction_or_prior_closing_balance,synb1_txn_891553ded5856d134a75d17a,trusted,cn_public_2022_2026_cycles_1_0,public_schedule_without_transaction_override,True,422,2025-09-10,complete
2025-09-10,0.00,0.00,0,1436262.16,last_posted_transaction_or_prior_closing_balance,,trusted,cn_public_2022_2026_cycles_1_0,public_schedule_without_transaction_override,True,423,2025-09-11,complete
2025-09-11,0.00,4548.48,1,1431713.68,last_posted_transaction_or_prior_closing_balance,synb1_txn_86fa0d122cbb4223f62b3b45,trusted,cn_public_2022_2026_cycles_1_0,public_schedule_without_transaction_override,True,424,2025-09-12,complete
2025-09-12,4830.31,0.00,1,1436543.99,last_posted_transaction_or_prior_closing_balance,synb1_txn_13aa4a5c616c689cef253802,trusted,cn_public_2022_2026_cycles_1_0,public_schedule_without_transaction_override,True,425,2025-09-15,complete
2025-09-13,0.00,0.00,0,1436543.99,last_posted_transaction_or_prior_closing_balance,,trusted,cn_public_2022_2026_cycles_1_0,public_schedule_without_transaction_override,False,,,complete
2025-09-14,0.00,19199.38,2,1417344.61,last_posted_transaction_or_prior_closing_balance,synb1_txn_b74193d612437b9530d32dcf,trusted,cn_public_2022_2026_cycles_1_0,public_schedule_without_transaction_override,False,,,complete
2025-09-15,0.00,0.00,0,1417344.61,last_posted_transaction_or_prior_closing_balance,,trusted,cn_public_2022_2026_cycles_1_0,public_schedule_without_transaction_override,True,426,2025-09-16,complete
2025-09-16,5080.13,0.00,1,1422424.74,last_posted_transaction_or_prior_closing_balance,synb1_txn_2896f83e2a8bd905ae78eac6,trusted,cn_public_2022_2026_cycles_1_0,public_schedule_without_transaction_override,True,427,2025-09-17,complete
2025-09-17,15808.66,0.00,2,1438233.40,last_posted_transaction_or_prior_closing_balance,synb1_txn_45da27ad7d7f754dec68842a,trusted,cn_public_2022_2026_cycles_1_0,public_schedule_without_transaction_override,True,428,2025-09-18,complete
2025-09-18,0.00,4645.01,3,1433588.39,last_posted_transaction_or_prior_closing_balance,synb1_txn_ba6a75a43966cfdaba397aa4,trusted,cn_public_2022_2026_cycles_1_0,public_schedule_without_transaction_override,True,429,2025-09-19,complete
2025-09-19,2784.82,14393.44,4,1421979.77,last_posted_transaction_or_prior_closing_balance,synb1_txn_4b476c8b383efc1731c648ba,trusted,cn_public_2022_2026_cycles_1_0,public_schedule_without_transaction_override,True,430,2025-09-22,complete
2025-09-20,0.00,0.00,0,1421979.77,last_posted_transaction_or_prior_closing_balance,,trusted,cn_public_2022_2026_cycles_1_0,public_schedule_without_transaction_override,False,,,complete
2025-09-21,0.00,0.00,0,1421979.77,last_posted_transaction_or_prior_closing_balance,,trusted,cn_public_2022_2026_cycles_1_0,public_schedule_without_transaction_override,False,,,complete
2025-09-22,0.00,0.00,0,1421979.77,last_posted_transaction_or_prior_closing_balance,,trusted,cn_public_2022_2026_cycles_1_0,public_schedule_without_transaction_override,True,431,2025-09-23,complete
2025-09-23,12860.63,0.00,1,1434840.40,last_posted_transaction_or_prior_closing_balance,synb1_txn_fc911137fda8e0a90179d152,trusted,cn_public_2022_2026_cycles_1_0,public_schedule_without_transaction_override,True,432,2025-09-24,complete
2025-09-24,8872.61,743.02,2,1442969.99,last_posted_transaction_or_prior_closing_balance,synb1_txn_d34fb1c107b940063c806545,trusted,cn_public_2022_2026_cycles_1_0,public_schedule_without_transaction_override,True,433,2025-09-25,complete
2025-09-25,0.00,26943.14,1,1416026.85,last_posted_transaction_or_prior_closing_balance,synb1_txn_3e71e470bf5325481de06dd8,trusted,cn_public_2022_2026_cycles_1_0,public_schedule_without_transaction_override,True,434,2025-09-26,complete
2025-09-26,0.00,0.00,0,1416026.85,last_posted_transaction_or_prior_closing_balance,,trusted,cn_public_2022_2026_cycles_1_0,public_schedule_without_transaction_override,True,435,2025-09-28,complete
2025-09-27,0.00,0.00,0,1416026.85,last_posted_transaction_or_prior_closing_balance,,trusted,cn_public_2022_2026_cycles_1_0,public_schedule_without_transaction_override,False,,,complete
2025-09-28,25100.97,0.00,1,1441127.82,last_posted_transaction_or_prior_closing_balance,synb1_txn_358539a9fe002b27250be0c0,trusted,cn_public_2022_2026_cycles_1_0,public_schedule_without_transaction_override,True,436,2025-09-29,complete
2025-09-29,0.00,0.00,0,1441127.82,last_posted_transaction_or_prior_closing_balance,,trusted,cn_public_2022_2026_cycles_1_0,public_schedule_without_transaction_override,True,437,2025-09-30,complete
2025-09-30,0.00,0.00,0,1441127.82,last_posted_transaction_or_prior_closing_balance,,trusted,cn_public_2022_2026_cycles_1_0,public_schedule_without_transaction_override,True,438,2025-10-09,complete
2025-10-01,0.00,0.00,0,1441127.82,last_posted_transaction_or_prior_closing_balance,,trusted,cn_public_2022_2026_cycles_1_0,public_schedule_without_transaction_override,False,,,complete
2025-10-02,0.00,21383.40,1,1419744.42,last_posted_transaction_or_prior_closing_balance,synb1_txn_9d55185b448713f31d3bacf5,trusted,cn_public_2022_2026_cycles_1_0,public_schedule_without_transaction_override,False,,,complete
2025-10-03,0.00,6855.35,2,1412889.07,last_posted_transaction_or_prior_closing_balance,synb1_txn_71d15f2dc423a71e3c878fdb,trusted,cn_public_2022_2026_cycles_1_0,public_schedule_without_transaction_override,False,,,complete
2025-10-04,0.00,0.00,0,1412889.07,last_posted_transaction_or_prior_closing_balance,,trusted,cn_public_2022_2026_cycles_1_0,public_schedule_without_transaction_override,False,,,complete
2025-10-05,0.00,20033.32,2,1392855.75,last_posted_transaction_or_prior_closing_balance,synb1_txn_14ef7264471e58265d291588,trusted,cn_public_2022_2026_cycles_1_0,public_schedule_without_transaction_override,False,,,complete
2025-10-06,0.00,1385.28,1,1391470.47,last_posted_transaction_or_prior_closing_balance,synb1_txn_bcee801ffb458a29898af9c9,trusted,cn_public_2022_2026_cycles_1_0,public_schedule_without_transaction_override,False,,,complete
2025-10-07,9871.48,16000.00,2,1385341.95,last_posted_transaction_or_prior_closing_balance,synb1_txn_1858fc24c10f7720e8c398ad,trusted,cn_public_2022_2026_cycles_1_0,public_schedule_without_transaction_override,False,,,complete
2025-10-08,0.00,0.00,0,1385341.95,last_posted_transaction_or_prior_closing_balance,,trusted,cn_public_2022_2026_cycles_1_0,public_schedule_without_transaction_override,False,,,complete
2025-10-09,0.00,0.00,0,1385341.95,last_posted_transaction_or_prior_closing_balance,,trusted,cn_public_2022_2026_cycles_1_0,public_schedule_without_transaction_override,True,439,2025-10-10,complete
2025-10-10,0.00,0.00,0,1385341.95,last_posted_transaction_or_prior_closing_balance,,trusted,cn_public_2022_2026_cycles_1_0,public_schedule_without_transaction_override,True,440,2025-10-11,complete
2025-10-11,0.00,0.00,0,1385341.95,last_posted_transaction_or_prior_closing_balance,,trusted,cn_public_2022_2026_cycles_1_0,public_schedule_without_transaction_override,True,441,2025-10-13,complete
2025-10-12,0.00,0.00,0,1385341.95,last_posted_transaction_or_prior_closing_balance,,trusted,cn_public_2022_2026_cycles_1_0,public_schedule_without_transaction_override,False,,,complete
2025-10-13,0.00,0.00,0,1385341.95,last_posted_transaction_or_prior_closing_balance,,trusted,cn_public_2022_2026_cycles_1_0,public_schedule_without_transaction_override,True,442,2025-10-14,complete
2025-10-14,13629.78,1582.01,2,1397389.72,last_posted_transaction_or_prior_closing_balance,synb1_txn_3f55deca4bcf4b75374a2508,trusted,cn_public_2022_2026_cycles_1_0,public_schedule_without_transaction_override,True,443,2025-10-15,complete
2025-10-15,0.00,0.00,0,1397389.72,last_posted_transaction_or_prior_closing_balance,,trusted,cn_public_2022_2026_cycles_1_0,public_schedule_without_transaction_override,True,444,2025-10-16,complete
2025-10-16,0.00,302.30,1,1397087.42,last_posted_transaction_or_prior_closing_balance,synb1_txn_cc24563db577af23b1a4e4f8,trusted,cn_public_2022_2026_cycles_1_0,public_schedule_without_transaction_override,True,445,2025-10-17,complete
2025-10-17,0.00,3712.33,1,1393375.09,last_posted_transaction_or_prior_closing_balance,synb1_txn_8f712b849772e6f00ac2a691,trusted,cn_public_2022_2026_cycles_1_0,public_schedule_without_transaction_override,True,446,2025-10-20,complete
2025-10-18,31109.67,0.00,1,1424484.76,last_posted_transaction_or_prior_closing_balance,synb1_txn_8e5ede0b623e9ba40c842bd3,trusted,cn_public_2022_2026_cycles_1_0,public_schedule_without_transaction_override,False,,,complete
2025-10-19,0.00,0.00,0,1424484.76,last_posted_transaction_or_prior_closing_balance,,trusted,cn_public_2022_2026_cycles_1_0,public_schedule_without_transaction_override,False,,,complete
2025-10-20,4760.55,4496.64,5,1424748.67,last_posted_transaction_or_prior_closing_balance,synb1_txn_2ee5f74b2530f1dc44c178f9,trusted,cn_public_2022_2026_cycles_1_0,public_schedule_without_transaction_override,True,447,2025-10-21,complete
2025-10-21,0.00,2925.90,1,1421822.77,last_posted_transaction_or_prior_closing_balance,synb1_txn_42ed720b1e0b517c123fbcf3,trusted,cn_public_2022_2026_cycles_1_0,public_schedule_without_transaction_override,True,448,2025-10-22,complete
2025-10-22,1069.50,0.00,1,1422892.27,last_posted_transaction_or_prior_closing_balance,synb1_txn_3d03d9de5673f36c3796a9da,trusted,cn_public_2022_2026_cycles_1_0,public_schedule_without_transaction_override,True,449,2025-10-23,complete
2025-10-23,0.00,0.00,0,1422892.27,last_posted_transaction_or_prior_closing_balance,,trusted,cn_public_2022_2026_cycles_1_0,public_schedule_without_transaction_override,True,450,2025-10-24,complete
2025-10-24,0.00,0.00,0,1422892.27,last_posted_transaction_or_prior_closing_balance,,trusted,cn_public_2022_2026_cycles_1_0,public_schedule_without_transaction_override,True,451,2025-10-27,complete
2025-10-25,34059.02,19102.03,2,1437849.26,last_posted_transaction_or_prior_closing_balance,synb1_txn_a88c49da8fc6e76b64a570c3,trusted,cn_public_2022_2026_cycles_1_0,public_schedule_without_transaction_override,False,,,complete
2025-10-26,0.00,11511.44,2,1426337.82,last_posted_transaction_or_prior_closing_balance,synb1_txn_b411e30b4254fbb84c25330c,trusted,cn_public_2022_2026_cycles_1_0,public_schedule_without_transaction_override,False,,,complete
2025-10-27,0.00,0.00,0,1426337.82,last_posted_transaction_or_prior_closing_balance,,trusted,cn_public_2022_2026_cycles_1_0,public_schedule_without_transaction_override,True,452,2025-10-28,complete
2025-10-28,0.00,0.00,0,1426337.82,last_posted_transaction_or_prior_closing_balance,,trusted,cn_public_2022_2026_cycles_1_0,public_schedule_without_transaction_override,True,453,2025-10-29,complete
2025-10-29,0.00,0.00,0,1426337.82,last_posted_transaction_or_prior_closing_balance,,trusted,cn_public_2022_2026_cycles_1_0,public_schedule_without_transaction_override,True,454,2025-10-30,complete
2025-10-30,0.00,0.00,0,1426337.82,last_posted_transaction_or_prior_closing_balance,,trusted,cn_public_2022_2026_cycles_1_0,public_schedule_without_transaction_override,True,455,2025-10-31,complete
2025-10-31,0.00,0.00,0,1426337.82,last_posted_transaction_or_prior_closing_balance,,trusted,cn_public_2022_2026_cycles_1_0,public_schedule_without_transaction_override,True,456,2025-11-03,complete
2025-11-01,0.00,0.00,0,1426337.82,last_posted_transaction_or_prior_closing_balance,,trusted,cn_public_2022_2026_cycles_1_0,public_schedule_without_transaction_override,False,,,complete
2025-11-02,0.00,0.00,0,1426337.82,last_posted_transaction_or_prior_closing_balance,,trusted,cn_public_2022_2026_cycles_1_0,public_schedule_without_transaction_override,False,,,complete
2025-11-03,0.00,13549.78,1,1412788.04,last_posted_transaction_or_prior_closing_balance,synb1_txn_0daa48c1c80d2b1d847afec2,trusted,cn_public_2022_2026_cycles_1_0,public_schedule_without_transaction_override,True,457,2025-11-04,complete
2025-11-04,0.00,1563.28,1,1411224.76,last_posted_transaction_or_prior_closing_balance,synb1_txn_97c2f13d168c554669d91abc,trusted,cn_public_2022_2026_cycles_1_0,public_schedule_without_transaction_override,True,458,2025-11-05,complete
2025-11-05,13090.65,17734.40,3,1406581.01,last_posted_transaction_or_prior_closing_balance,synb1_txn_dac73a7b5595eeeaad58fbc3,trusted,cn_public_2022_2026_cycles_1_0,public_schedule_without_transaction_override,True,459,2025-11-06,complete
2025-11-06,10856.13,2782.52,3,1414654.62,last_posted_transaction_or_prior_closing_balance,synb1_txn_a22e92257515bee1555d3884,trusted,cn_public_2022_2026_cycles_1_0,public_schedule_without_transaction_override,True,460,2025-11-07,complete
2025-11-07,0.00,18911.95,2,1395742.67,last_posted_transaction_or_prior_closing_balance,synb1_txn_16b3c2c6433224366b8a5e66,trusted,cn_public_2022_2026_cycles_1_0,public_schedule_without_transaction_override,True,461,2025-11-10,complete
2025-11-08,0.00,0.00,0,1395742.67,last_posted_transaction_or_prior_closing_balance,,trusted,cn_public_2022_2026_cycles_1_0,public_schedule_without_transaction_override,False,,,complete
2025-11-09,0.00,1815.48,1,1393927.19,last_posted_transaction_or_prior_closing_balance,synb1_txn_6ddcb04b8dbfe36f3a2889c3,trusted,cn_public_2022_2026_cycles_1_0,public_schedule_without_transaction_override,False,,,complete
2025-11-10,10519.75,0.00,1,1404446.94,last_posted_transaction_or_prior_closing_balance,synb1_txn_47625d7603c4c5076a189e71,trusted,cn_public_2022_2026_cycles_1_0,public_schedule_without_transaction_override,True,462,2025-11-11,complete
2025-11-11,1059.94,0.00,1,1405506.88,last_posted_transaction_or_prior_closing_balance,synb1_txn_bc658697034d3d3521bde4e5,trusted,cn_public_2022_2026_cycles_1_0,public_schedule_without_transaction_override,True,463,2025-11-12,complete
2025-11-12,0.00,554.09,1,1404952.79,last_posted_transaction_or_prior_closing_balance,synb1_txn_7a69b043234ce528fa76b5e8,trusted,cn_public_2022_2026_cycles_1_0,public_schedule_without_transaction_override,True,464,2025-11-13,complete
2025-11-13,0.00,0.00,0,1404952.79,last_posted_transaction_or_prior_closing_balance,,trusted,cn_public_2022_2026_cycles_1_0,public_schedule_without_transaction_override,True,465,2025-11-14,complete
2025-11-14,0.00,0.00,0,1404952.79,last_posted_transaction_or_prior_closing_balance,,trusted,cn_public_2022_2026_cycles_1_0,public_schedule_without_transaction_override,True,466,2025-11-17,complete
2025-11-15,0.00,0.00,0,1404952.79,last_posted_transaction_or_prior_closing_balance,,trusted,cn_public_2022_2026_cycles_1_0,public_schedule_without_transaction_override,False,,,complete
2025-11-16,10510.65,0.00,1,1415463.44,last_posted_transaction_or_prior_closing_balance,synb1_txn_24499d23a48405279cf7b57a,trusted,cn_public_2022_2026_cycles_1_0,public_schedule_without_transaction_override,False,,,complete
2025-11-17,7749.68,0.00,1,1423213.12,last_posted_transaction_or_prior_closing_balance,synb1_txn_cab9041706e62be3c9a3d0d7,trusted,cn_public_2022_2026_cycles_1_0,public_schedule_without_transaction_override,True,467,2025-11-18,complete
2025-11-18,11779.36,1602.76,5,1433389.72,last_posted_transaction_or_prior_closing_balance,synb1_txn_8213e15b837ceda4c48d00fa,trusted,cn_public_2022_2026_cycles_1_0,public_schedule_without_transaction_override,True,468,2025-11-19,complete
2025-11-19,0.00,17183.33,1,1416206.39,last_posted_transaction_or_prior_closing_balance,synb1_txn_b8e15de6fa7528e468dcad04,trusted,cn_public_2022_2026_cycles_1_0,public_schedule_without_transaction_override,True,469,2025-11-20,complete
2025-11-20,0.00,0.00,0,1416206.39,last_posted_transaction_or_prior_closing_balance,,trusted,cn_public_2022_2026_cycles_1_0,public_schedule_without_transaction_override,True,470,2025-11-21,complete
2025-11-21,0.00,0.00,0,1416206.39,last_posted_transaction_or_prior_closing_balance,,trusted,cn_public_2022_2026_cycles_1_0,public_schedule_without_transaction_override,True,471,2025-11-24,complete
2025-11-22,0.00,0.00,0,1416206.39,last_posted_transaction_or_prior_closing_balance,,trusted,cn_public_2022_2026_cycles_1_0,public_schedule_without_transaction_override,False,,,complete
2025-11-23,22024.43,15343.17,3,1422887.65,last_posted_transaction_or_prior_closing_balance,synb1_txn_a199fffba31dd6fe91da7135,trusted,cn_public_2022_2026_cycles_1_0,public_schedule_without_transaction_override,False,,,complete
2025-11-24,0.00,0.00,0,1422887.65,last_posted_transaction_or_prior_closing_balance,,trusted,cn_public_2022_2026_cycles_1_0,public_schedule_without_transaction_override,True,472,2025-11-25,complete
2025-11-25,0.00,6044.88,2,1416842.77,last_posted_transaction_or_prior_closing_balance,synb1_txn_fc3b6dac58f61638f46adc1a,trusted,cn_public_2022_2026_cycles_1_0,public_schedule_without_transaction_override,True,473,2025-11-26,complete
2025-11-26,7909.41,8225.88,2,1416526.30,last_posted_transaction_or_prior_closing_balance,synb1_txn_f567ed3d57d0bd6e1bf8f963,trusted,cn_public_2022_2026_cycles_1_0,public_schedule_without_transaction_override,True,474,2025-11-27,complete
2025-11-27,0.00,626.48,1,1415899.82,last_posted_transaction_or_prior_closing_balance,synb1_txn_c7ee352d778e2c2f20f8549c,trusted,cn_public_2022_2026_cycles_1_0,public_schedule_without_transaction_override,True,475,2025-11-28,complete
2025-11-28,0.00,0.00,0,1415899.82,last_posted_transaction_or_prior_closing_balance,,trusted,cn_public_2022_2026_cycles_1_0,public_schedule_without_transaction_override,True,476,2025-12-01,complete
2025-11-29,0.00,0.00,0,1415899.82,last_posted_transaction_or_prior_closing_balance,,trusted,cn_public_2022_2026_cycles_1_0,public_schedule_without_transaction_override,False,,,complete
2025-11-30,0.00,0.00,0,1415899.82,last_posted_transaction_or_prior_closing_balance,,trusted,cn_public_2022_2026_cycles_1_0,public_schedule_without_transaction_override,False,,,complete
2025-12-01,0.00,0.00,0,1415899.82,last_posted_transaction_or_prior_closing_balance,,trusted,cn_public_2022_2026_cycles_1_0,public_schedule_without_transaction_override,True,477,2025-12-02,complete
2025-12-02,13686.58,0.00,1,1429586.40,last_posted_transaction_or_prior_closing_balance,synb1_txn_63e7f7be6358395e3382b72e,trusted,cn_public_2022_2026_cycles_1_0,public_schedule_without_transaction_override,True,478,2025-12-03,complete
2025-12-03,8341.10,0.00,2,1437927.50,last_posted_transaction_or_prior_closing_balance,synb1_txn_7666429833677f076a4e7dc4,trusted,cn_public_2022_2026_cycles_1_0,public_schedule_without_transaction_override,True,479,2025-12-04,complete
2025-12-04,31286.21,0.00,2,1469213.71,last_posted_transaction_or_prior_closing_balance,synb1_txn_3582d75fe164bf1cd0c5a51f,trusted,cn_public_2022_2026_cycles_1_0,public_schedule_without_transaction_override,True,480,2025-12-05,complete
2025-12-05,0.00,51436.23,2,1417777.48,last_posted_transaction_or_prior_closing_balance,synb1_txn_e7cb1474d8a6bb7b5399ab7b,trusted,cn_public_2022_2026_cycles_1_0,public_schedule_without_transaction_override,True,481,2025-12-08,complete
2025-12-06,0.00,0.00,0,1417777.48,last_posted_transaction_or_prior_closing_balance,,trusted,cn_public_2022_2026_cycles_1_0,public_schedule_without_transaction_override,False,,,complete
2025-12-07,0.00,26178.26,3,1391599.22,last_posted_transaction_or_prior_closing_balance,synb1_txn_d242013b2ca614fd877ec300,trusted,cn_public_2022_2026_cycles_1_0,public_schedule_without_transaction_override,False,,,complete
2025-12-08,0.00,4772.50,2,1386826.72,last_posted_transaction_or_prior_closing_balance,synb1_txn_23503b3f59a32a69c2ae9cf3,trusted,cn_public_2022_2026_cycles_1_0,public_schedule_without_transaction_override,True,482,2025-12-09,complete
2025-12-09,1454.18,0.00,1,1388280.90,last_posted_transaction_or_prior_closing_balance,synb1_txn_46567107680fda34754ff03e,trusted,cn_public_2022_2026_cycles_1_0,public_schedule_without_transaction_override,True,483,2025-12-10,complete
2025-12-10,0.00,3526.75,1,1384754.15,last_posted_transaction_or_prior_closing_balance,synb1_txn_b784e4f206dcb895a0a12474,trusted,cn_public_2022_2026_cycles_1_0,public_schedule_without_transaction_override,True,484,2025-12-11,complete
2025-12-11,0.00,0.00,0,1384754.15,last_posted_transaction_or_prior_closing_balance,,trusted,cn_public_2022_2026_cycles_1_0,public_schedule_without_transaction_override,True,485,2025-12-12,complete
2025-12-12,0.00,1443.43,1,1383310.72,last_posted_transaction_or_prior_closing_balance,synb1_txn_2640bedd5c5996b976e77838,trusted,cn_public_2022_2026_cycles_1_0,public_schedule_without_transaction_override,True,486,2025-12-15,complete
2025-12-13,16565.54,738.76,2,1399137.50,last_posted_transaction_or_prior_closing_balance,synb1_txn_273c33d575f61cba372ec118,trusted,cn_public_2022_2026_cycles_1_0,public_schedule_without_transaction_override,False,,,complete
2025-12-14,911.86,0.00,1,1400049.36,last_posted_transaction_or_prior_closing_balance,synb1_txn_a63b60b6a397b7f9694e9ebc,trusted,cn_public_2022_2026_cycles_1_0,public_schedule_without_transaction_override,False,,,complete
2025-12-15,10059.61,334.49,4,1409774.48,last_posted_transaction_or_prior_closing_balance,synb1_txn_4c01b489e9a3af6cde11ce1e,trusted,cn_public_2022_2026_cycles_1_0,public_schedule_without_transaction_override,True,487,2025-12-16,complete
2025-12-16,581.22,8828.05,3,1401527.65,last_posted_transaction_or_prior_closing_balance,synb1_txn_5d801ec0536908e69f1e6d71,trusted,cn_public_2022_2026_cycles_1_0,public_schedule_without_transaction_override,True,488,2025-12-17,complete
2025-12-17,0.00,6374.86,1,1395152.79,last_posted_transaction_or_prior_closing_balance,synb1_txn_2317624036ff3512f13ac39d,trusted,cn_public_2022_2026_cycles_1_0,public_schedule_without_transaction_override,True,489,2025-12-18,complete
2025-12-18,0.00,1120.00,2,1394032.79,last_posted_transaction_or_prior_closing_balance,synb1_txn_79ec5e0acd8f00f01d3fec58,trusted,cn_public_2022_2026_cycles_1_0,public_schedule_without_transaction_override,True,490,2025-12-19,complete
2025-12-19,0.00,0.00,0,1394032.79,last_posted_transaction_or_prior_closing_balance,,trusted,cn_public_2022_2026_cycles_1_0,public_schedule_without_transaction_override,True,491,2025-12-22,complete
2025-12-20,0.00,0.00,0,1394032.79,last_posted_transaction_or_prior_closing_balance,,trusted,cn_public_2022_2026_cycles_1_0,public_schedule_without_transaction_override,False,,,complete
2025-12-21,3668.41,0.00,1,1397701.20,last_posted_transaction_or_prior_closing_balance,synb1_txn_abd0c8213082d0808210bfcf,trusted,cn_public_2022_2026_cycles_1_0,public_schedule_without_transaction_override,False,,,complete
2025-12-22,0.00,0.00,0,1397701.20,last_posted_transaction_or_prior_closing_balance,,trusted,cn_public_2022_2026_cycles_1_0,public_schedule_without_transaction_override,True,492,2025-12-23,complete
2025-12-23,0.00,0.00,0,1397701.20,last_posted_transaction_or_prior_closing_balance,,trusted,cn_public_2022_2026_cycles_1_0,public_schedule_without_transaction_override,True,493,2025-12-24,complete
2025-12-24,0.00,2106.67,1,1395594.53,last_posted_transaction_or_prior_closing_balance,synb1_txn_cafb5d6d6f08211fa5ba7044,trusted,cn_public_2022_2026_cycles_1_0,public_schedule_without_transaction_override,True,494,2025-12-25,complete
2025-12-25,106.12,0.00,1,1395700.65,last_posted_transaction_or_prior_closing_balance,synb1_txn_12dea460170adaaeec98615b,trusted,cn_public_2022_2026_cycles_1_0,public_schedule_without_transaction_override,True,495,2025-12-26,complete
2025-12-26,0.00,0.00,0,1395700.65,last_posted_transaction_or_prior_closing_balance,,trusted,cn_public_2022_2026_cycles_1_0,public_schedule_without_transaction_override,True,496,2025-12-29,complete
2025-12-27,2339.17,0.00,3,1398039.82,last_posted_transaction_or_prior_closing_balance,synb1_txn_262af5a371fdee6ab0d2cb69,trusted,cn_public_2022_2026_cycles_1_0,public_schedule_without_transaction_override,False,,,complete
2025-12-28,0.00,0.00,0,1398039.82,last_posted_transaction_or_prior_closing_balance,,trusted,cn_public_2022_2026_cycles_1_0,public_schedule_without_transaction_override,False,,,complete
2025-12-29,0.00,0.00,0,1398039.82,last_posted_transaction_or_prior_closing_balance,,trusted,cn_public_2022_2026_cycles_1_0,public_schedule_without_transaction_override,True,497,2025-12-30,complete
2025-12-30,0.00,0.00,0,1398039.82,last_posted_transaction_or_prior_closing_balance,,trusted,cn_public_2022_2026_cycles_1_0,public_schedule_without_transaction_override,True,498,2025-12-31,complete
2025-12-31,0.00,0.00,0,1398039.82,last_posted_transaction_or_prior_closing_balance,,trusted,cn_public_2022_2026_cycles_1_0,public_schedule_without_transaction_override,True,499,2026-01-04,complete
