calendar_date,inflow_cny,outflow_cny,transaction_count,ending_balance_cny,day_cut_basis,source_last_transaction_id,reconciliation_status,calendar_source,calendar_inference_status,is_bank_workday,business_step,target_date,execution_status
2024-01-01,5600000.00,0.00,1,5600000.00,last_posted_transaction_or_prior_closing_balance,synb1_txn_6d146ff885a1c4d9a9439402,trusted,cn_public_2022_2026_cycles_1_0,public_schedule_without_transaction_override,False,,,complete
2024-01-02,0.00,0.00,0,5600000.00,last_posted_transaction_or_prior_closing_balance,,trusted,cn_public_2022_2026_cycles_1_0,public_schedule_without_transaction_override,True,1,2024-01-03,complete
2024-01-03,61324.83,0.00,1,5661324.83,last_posted_transaction_or_prior_closing_balance,synb1_txn_3195522b17a0808dbda1e1fa,trusted,cn_public_2022_2026_cycles_1_0,public_schedule_without_transaction_override,True,2,2024-01-04,complete
2024-01-04,0.00,0.00,0,5661324.83,last_posted_transaction_or_prior_closing_balance,,trusted,cn_public_2022_2026_cycles_1_0,public_schedule_without_transaction_override,True,3,2024-01-05,complete
2024-01-05,0.00,75000.00,1,5586324.83,last_posted_transaction_or_prior_closing_balance,synb1_txn_614196f377a07795f17d9896,trusted,cn_public_2022_2026_cycles_1_0,public_schedule_without_transaction_override,True,4,2024-01-08,complete
2024-01-06,0.00,0.00,0,5586324.83,last_posted_transaction_or_prior_closing_balance,,trusted,cn_public_2022_2026_cycles_1_0,public_schedule_without_transaction_override,False,,,complete
2024-01-07,0.00,270000.00,1,5316324.83,last_posted_transaction_or_prior_closing_balance,synb1_txn_9c86df77c6ba5314cbe5b9c8,trusted,cn_public_2022_2026_cycles_1_0,public_schedule_without_transaction_override,False,,,complete
2024-01-08,0.00,0.00,0,5316324.83,last_posted_transaction_or_prior_closing_balance,,trusted,cn_public_2022_2026_cycles_1_0,public_schedule_without_transaction_override,True,5,2024-01-09,complete
2024-01-09,0.00,0.00,0,5316324.83,last_posted_transaction_or_prior_closing_balance,,trusted,cn_public_2022_2026_cycles_1_0,public_schedule_without_transaction_override,True,6,2024-01-10,complete
2024-01-10,0.00,0.00,0,5316324.83,last_posted_transaction_or_prior_closing_balance,,trusted,cn_public_2022_2026_cycles_1_0,public_schedule_without_transaction_override,True,7,2024-01-11,complete
2024-01-11,0.00,0.00,0,5316324.83,last_posted_transaction_or_prior_closing_balance,,trusted,cn_public_2022_2026_cycles_1_0,public_schedule_without_transaction_override,True,8,2024-01-12,complete
2024-01-12,0.00,1407516.54,1,3908808.29,last_posted_transaction_or_prior_closing_balance,synb1_txn_1acaa5ca93e07bd3241205b2,trusted,cn_public_2022_2026_cycles_1_0,public_schedule_without_transaction_override,True,9,2024-01-15,complete
2024-01-13,0.00,0.00,0,3908808.29,last_posted_transaction_or_prior_closing_balance,,trusted,cn_public_2022_2026_cycles_1_0,public_schedule_without_transaction_override,False,,,complete
2024-01-14,0.00,0.00,0,3908808.29,last_posted_transaction_or_prior_closing_balance,,trusted,cn_public_2022_2026_cycles_1_0,public_schedule_without_transaction_override,False,,,complete
2024-01-15,232455.87,0.00,1,4141264.16,last_posted_transaction_or_prior_closing_balance,synb1_txn_437d7d573a3e37e29a39e768,trusted,cn_public_2022_2026_cycles_1_0,public_schedule_without_transaction_override,True,10,2024-01-16,complete
2024-01-16,0.00,0.00,0,4141264.16,last_posted_transaction_or_prior_closing_balance,,trusted,cn_public_2022_2026_cycles_1_0,public_schedule_without_transaction_override,True,11,2024-01-17,complete
2024-01-17,0.00,0.00,0,4141264.16,last_posted_transaction_or_prior_closing_balance,,trusted,cn_public_2022_2026_cycles_1_0,public_schedule_without_transaction_override,True,12,2024-01-18,complete
2024-01-18,0.00,178007.79,1,3963256.37,last_posted_transaction_or_prior_closing_balance,synb1_txn_760b40b8dda7f5772a201a36,trusted,cn_public_2022_2026_cycles_1_0,public_schedule_without_transaction_override,True,13,2024-01-19,complete
2024-01-19,0.00,0.00,0,3963256.37,last_posted_transaction_or_prior_closing_balance,,trusted,cn_public_2022_2026_cycles_1_0,public_schedule_without_transaction_override,True,14,2024-01-22,complete
2024-01-20,0.00,16642.09,1,3946614.28,last_posted_transaction_or_prior_closing_balance,synb1_txn_cfec7b5800fa10fee8543775,trusted,cn_public_2022_2026_cycles_1_0,public_schedule_without_transaction_override,False,,,complete
2024-01-21,0.00,0.00,0,3946614.28,last_posted_transaction_or_prior_closing_balance,,trusted,cn_public_2022_2026_cycles_1_0,public_schedule_without_transaction_override,False,,,complete
2024-01-22,990219.30,33855.67,2,4902977.91,last_posted_transaction_or_prior_closing_balance,synb1_txn_c488bffe74d8bfb4ef27948a,trusted,cn_public_2022_2026_cycles_1_0,public_schedule_without_transaction_override,True,15,2024-01-23,complete
2024-01-23,0.00,0.00,0,4902977.91,last_posted_transaction_or_prior_closing_balance,,trusted,cn_public_2022_2026_cycles_1_0,public_schedule_without_transaction_override,True,16,2024-01-24,complete
2024-01-24,0.00,28357.91,1,4874620.00,last_posted_transaction_or_prior_closing_balance,synb1_txn_55d87ea0b81878c8ebc5e497,trusted,cn_public_2022_2026_cycles_1_0,public_schedule_without_transaction_override,True,17,2024-01-25,complete
2024-01-25,0.00,0.00,0,4874620.00,last_posted_transaction_or_prior_closing_balance,,trusted,cn_public_2022_2026_cycles_1_0,public_schedule_without_transaction_override,True,18,2024-01-26,complete
2024-01-26,0.00,0.00,0,4874620.00,last_posted_transaction_or_prior_closing_balance,,trusted,cn_public_2022_2026_cycles_1_0,public_schedule_without_transaction_override,True,19,2024-01-29,complete
2024-01-27,0.00,0.00,0,4874620.00,last_posted_transaction_or_prior_closing_balance,,trusted,cn_public_2022_2026_cycles_1_0,public_schedule_without_transaction_override,False,,,complete
2024-01-28,0.00,0.00,0,4874620.00,last_posted_transaction_or_prior_closing_balance,,trusted,cn_public_2022_2026_cycles_1_0,public_schedule_without_transaction_override,False,,,complete
2024-01-29,0.00,0.00,0,4874620.00,last_posted_transaction_or_prior_closing_balance,,trusted,cn_public_2022_2026_cycles_1_0,public_schedule_without_transaction_override,True,20,2024-01-30,complete
2024-01-30,0.00,0.00,0,4874620.00,last_posted_transaction_or_prior_closing_balance,,trusted,cn_public_2022_2026_cycles_1_0,public_schedule_without_transaction_override,True,21,2024-01-31,complete
2024-01-31,0.00,0.00,0,4874620.00,last_posted_transaction_or_prior_closing_balance,,trusted,cn_public_2022_2026_cycles_1_0,public_schedule_without_transaction_override,True,22,2024-02-01,complete
2024-02-01,0.00,0.00,0,4874620.00,last_posted_transaction_or_prior_closing_balance,,trusted,cn_public_2022_2026_cycles_1_0,public_schedule_without_transaction_override,True,23,2024-02-02,complete
2024-02-02,0.00,0.00,0,4874620.00,last_posted_transaction_or_prior_closing_balance,,trusted,cn_public_2022_2026_cycles_1_0,public_schedule_without_transaction_override,True,24,2024-02-04,complete
2024-02-03,0.00,0.00,0,4874620.00,last_posted_transaction_or_prior_closing_balance,,trusted,cn_public_2022_2026_cycles_1_0,public_schedule_without_transaction_override,False,,,complete
2024-02-04,112573.84,0.00,1,4987193.84,last_posted_transaction_or_prior_closing_balance,synb1_txn_b8a000dfab029d722a2a72ae,trusted,cn_public_2022_2026_cycles_1_0,public_schedule_without_transaction_override,True,25,2024-02-05,complete
2024-02-05,0.00,75000.00,1,4912193.84,last_posted_transaction_or_prior_closing_balance,synb1_txn_6f77d61080be3e84c9516cfd,trusted,cn_public_2022_2026_cycles_1_0,public_schedule_without_transaction_override,True,26,2024-02-06,complete
2024-02-06,0.00,0.00,0,4912193.84,last_posted_transaction_or_prior_closing_balance,,trusted,cn_public_2022_2026_cycles_1_0,public_schedule_without_transaction_override,True,27,2024-02-07,complete
2024-02-07,213653.72,492681.22,3,4633166.34,last_posted_transaction_or_prior_closing_balance,synb1_txn_4337540c31ecc4e9cdbf8dc0,trusted,cn_public_2022_2026_cycles_1_0,public_schedule_without_transaction_override,True,28,2024-02-08,complete
2024-02-08,0.00,678931.90,2,3954234.44,last_posted_transaction_or_prior_closing_balance,synb1_txn_f81077a010555df6dd66d038,trusted,cn_public_2022_2026_cycles_1_0,public_schedule_without_transaction_override,True,29,2024-02-09,complete
2024-02-09,0.00,0.00,0,3954234.44,last_posted_transaction_or_prior_closing_balance,,trusted,cn_public_2022_2026_cycles_1_0,public_schedule_without_transaction_override,True,30,2024-02-18,complete
2024-02-10,0.00,0.00,0,3954234.44,last_posted_transaction_or_prior_closing_balance,,trusted,cn_public_2022_2026_cycles_1_0,public_schedule_without_transaction_override,False,,,complete
2024-02-11,0.00,0.00,0,3954234.44,last_posted_transaction_or_prior_closing_balance,,trusted,cn_public_2022_2026_cycles_1_0,public_schedule_without_transaction_override,False,,,complete
2024-02-12,0.00,52495.84,1,3901738.60,last_posted_transaction_or_prior_closing_balance,synb1_txn_66fe759c9546e7b1d473c068,trusted,cn_public_2022_2026_cycles_1_0,public_schedule_without_transaction_override,False,,,complete
2024-02-13,0.00,98084.26,2,3803654.34,last_posted_transaction_or_prior_closing_balance,synb1_txn_707175a341078a82399974df,trusted,cn_public_2022_2026_cycles_1_0,public_schedule_without_transaction_override,False,,,complete
2024-02-14,0.00,0.00,0,3803654.34,last_posted_transaction_or_prior_closing_balance,,trusted,cn_public_2022_2026_cycles_1_0,public_schedule_without_transaction_override,False,,,complete
2024-02-15,0.00,17610.57,2,3786043.77,last_posted_transaction_or_prior_closing_balance,synb1_txn_2343f4d13da5650083366e43,trusted,cn_public_2022_2026_cycles_1_0,public_schedule_without_transaction_override,False,,,complete
2024-02-16,0.00,0.00,0,3786043.77,last_posted_transaction_or_prior_closing_balance,,trusted,cn_public_2022_2026_cycles_1_0,public_schedule_without_transaction_override,False,,,complete
2024-02-17,0.00,0.00,0,3786043.77,last_posted_transaction_or_prior_closing_balance,,trusted,cn_public_2022_2026_cycles_1_0,public_schedule_without_transaction_override,False,,,complete
2024-02-18,700790.47,23968.00,3,4462866.24,last_posted_transaction_or_prior_closing_balance,synb1_txn_1942a28e837a5e2ebb78a9e8,trusted,cn_public_2022_2026_cycles_1_0,public_schedule_without_transaction_override,True,31,2024-02-19,complete
2024-02-19,45049.15,139853.65,2,4368061.74,last_posted_transaction_or_prior_closing_balance,synb1_txn_862bc0da4494e0385b017457,trusted,cn_public_2022_2026_cycles_1_0,public_schedule_without_transaction_override,True,32,2024-02-20,complete
2024-02-20,0.00,330332.14,1,4037729.60,last_posted_transaction_or_prior_closing_balance,synb1_txn_5842de83208ec3a75109b1db,trusted,cn_public_2022_2026_cycles_1_0,public_schedule_without_transaction_override,True,33,2024-02-21,complete
2024-02-21,0.00,0.00,0,4037729.60,last_posted_transaction_or_prior_closing_balance,,trusted,cn_public_2022_2026_cycles_1_0,public_schedule_without_transaction_override,True,34,2024-02-22,complete
2024-02-22,0.00,0.00,0,4037729.60,last_posted_transaction_or_prior_closing_balance,,trusted,cn_public_2022_2026_cycles_1_0,public_schedule_without_transaction_override,True,35,2024-02-23,complete
2024-02-23,0.00,796623.93,2,3241105.67,last_posted_transaction_or_prior_closing_balance,synb1_txn_61a3516914783aed09a594c7,trusted,cn_public_2022_2026_cycles_1_0,public_schedule_without_transaction_override,True,36,2024-02-26,complete
2024-02-24,0.00,38388.93,1,3202716.74,last_posted_transaction_or_prior_closing_balance,synb1_txn_ce91f79adcd4f9efec4f8e19,trusted,cn_public_2022_2026_cycles_1_0,public_schedule_without_transaction_override,False,,,complete
2024-02-25,553266.67,0.00,2,3755983.41,last_posted_transaction_or_prior_closing_balance,synb1_txn_d4bc8bb862a214876641ec7b,trusted,cn_public_2022_2026_cycles_1_0,public_schedule_without_transaction_override,False,,,complete
2024-02-26,0.00,1107.56,1,3754875.85,last_posted_transaction_or_prior_closing_balance,synb1_txn_cc40e1f2c382beb3ef249a2e,trusted,cn_public_2022_2026_cycles_1_0,public_schedule_without_transaction_override,True,37,2024-02-27,complete
2024-02-27,592666.15,0.00,1,4347542.00,last_posted_transaction_or_prior_closing_balance,synb1_txn_1debd1304462a503570fe37c,trusted,cn_public_2022_2026_cycles_1_0,public_schedule_without_transaction_override,True,38,2024-02-28,complete
2024-02-28,0.00,0.00,0,4347542.00,last_posted_transaction_or_prior_closing_balance,,trusted,cn_public_2022_2026_cycles_1_0,public_schedule_without_transaction_override,True,39,2024-02-29,complete
2024-02-29,0.00,0.00,0,4347542.00,last_posted_transaction_or_prior_closing_balance,,trusted,cn_public_2022_2026_cycles_1_0,public_schedule_without_transaction_override,True,40,2024-03-01,complete
2024-03-01,0.00,0.00,0,4347542.00,last_posted_transaction_or_prior_closing_balance,,trusted,cn_public_2022_2026_cycles_1_0,public_schedule_without_transaction_override,True,41,2024-03-04,complete
2024-03-02,0.00,0.00,0,4347542.00,last_posted_transaction_or_prior_closing_balance,,trusted,cn_public_2022_2026_cycles_1_0,public_schedule_without_transaction_override,False,,,complete
2024-03-03,601944.14,291299.43,3,4658186.71,last_posted_transaction_or_prior_closing_balance,synb1_txn_7d8a83d05209c226290ece1f,trusted,cn_public_2022_2026_cycles_1_0,public_schedule_without_transaction_override,False,,,complete
2024-03-04,0.00,124320.82,1,4533865.89,last_posted_transaction_or_prior_closing_balance,synb1_txn_0efab12016e245bcb9df3f88,trusted,cn_public_2022_2026_cycles_1_0,public_schedule_without_transaction_override,True,42,2024-03-05,complete
2024-03-05,16489.27,75000.00,2,4475355.16,last_posted_transaction_or_prior_closing_balance,synb1_txn_10846f0f63c34023f4ca4c0a,trusted,cn_public_2022_2026_cycles_1_0,public_schedule_without_transaction_override,True,43,2024-03-06,complete
2024-03-06,175337.30,146992.26,2,4503700.20,last_posted_transaction_or_prior_closing_balance,synb1_txn_a9fd431d21184c438cc57e20,trusted,cn_public_2022_2026_cycles_1_0,public_schedule_without_transaction_override,True,44,2024-03-07,complete
2024-03-07,0.00,932956.37,3,3570743.83,last_posted_transaction_or_prior_closing_balance,synb1_txn_e24e5cec6b921a16e894c650,trusted,cn_public_2022_2026_cycles_1_0,public_schedule_without_transaction_override,True,45,2024-03-08,complete
2024-03-08,128280.99,0.00,1,3699024.82,last_posted_transaction_or_prior_closing_balance,synb1_txn_206579b8fa7f0793fc23c264,trusted,cn_public_2022_2026_cycles_1_0,public_schedule_without_transaction_override,True,46,2024-03-11,complete
2024-03-09,0.00,390739.99,2,3308284.83,last_posted_transaction_or_prior_closing_balance,synb1_txn_17404a8abce5a41c0f8c43b8,trusted,cn_public_2022_2026_cycles_1_0,public_schedule_without_transaction_override,False,,,complete
2024-03-10,0.00,0.00,0,3308284.83,last_posted_transaction_or_prior_closing_balance,,trusted,cn_public_2022_2026_cycles_1_0,public_schedule_without_transaction_override,False,,,complete
2024-03-11,0.00,0.00,0,3308284.83,last_posted_transaction_or_prior_closing_balance,,trusted,cn_public_2022_2026_cycles_1_0,public_schedule_without_transaction_override,True,47,2024-03-12,complete
2024-03-12,0.00,15386.88,1,3292897.95,last_posted_transaction_or_prior_closing_balance,synb1_txn_685bf29866414c8d03e667f9,trusted,cn_public_2022_2026_cycles_1_0,public_schedule_without_transaction_override,True,48,2024-03-13,complete
2024-03-13,40764.38,0.00,1,3333662.33,last_posted_transaction_or_prior_closing_balance,synb1_txn_7a4f79f5debce4e240bec8be,trusted,cn_public_2022_2026_cycles_1_0,public_schedule_without_transaction_override,True,49,2024-03-14,complete
2024-03-14,0.00,0.00,0,3333662.33,last_posted_transaction_or_prior_closing_balance,,trusted,cn_public_2022_2026_cycles_1_0,public_schedule_without_transaction_override,True,50,2024-03-15,complete
2024-03-15,247538.29,35023.03,2,3546177.59,last_posted_transaction_or_prior_closing_balance,synb1_txn_8e6ff54db2461ad64901071a,trusted,cn_public_2022_2026_cycles_1_0,public_schedule_without_transaction_override,True,51,2024-03-18,complete
2024-03-16,340999.66,88053.15,4,3799124.10,last_posted_transaction_or_prior_closing_balance,synb1_txn_33cd0c4734adea66bc74d874,trusted,cn_public_2022_2026_cycles_1_0,public_schedule_without_transaction_override,False,,,complete
2024-03-17,24093.61,0.00,1,3823217.71,last_posted_transaction_or_prior_closing_balance,synb1_txn_fcc98c07efe9fe765be2d389,trusted,cn_public_2022_2026_cycles_1_0,public_schedule_without_transaction_override,False,,,complete
2024-03-18,0.00,28599.20,3,3794618.51,last_posted_transaction_or_prior_closing_balance,synb1_txn_ccb2842c95932c289178c238,trusted,cn_public_2022_2026_cycles_1_0,public_schedule_without_transaction_override,True,52,2024-03-19,complete
2024-03-19,0.00,0.00,0,3794618.51,last_posted_transaction_or_prior_closing_balance,,trusted,cn_public_2022_2026_cycles_1_0,public_schedule_without_transaction_override,True,53,2024-03-20,complete
2024-03-20,0.00,15939.65,1,3778678.86,last_posted_transaction_or_prior_closing_balance,synb1_txn_d9a342d3f7fe87d1398c672c,trusted,cn_public_2022_2026_cycles_1_0,public_schedule_without_transaction_override,True,54,2024-03-21,complete
2024-03-21,485840.48,400000.00,2,3864519.34,last_posted_transaction_or_prior_closing_balance,synb1_txn_594f15bebfd0546dc1835155,trusted,cn_public_2022_2026_cycles_1_0,public_schedule_without_transaction_override,True,55,2024-03-22,complete
2024-03-22,0.00,0.00,0,3864519.34,last_posted_transaction_or_prior_closing_balance,,trusted,cn_public_2022_2026_cycles_1_0,public_schedule_without_transaction_override,True,56,2024-03-25,complete
2024-03-23,94711.88,0.00,1,3959231.22,last_posted_transaction_or_prior_closing_balance,synb1_txn_787afa8e0e6131d0fd573c14,trusted,cn_public_2022_2026_cycles_1_0,public_schedule_without_transaction_override,False,,,complete
2024-03-24,0.00,0.00,0,3959231.22,last_posted_transaction_or_prior_closing_balance,,trusted,cn_public_2022_2026_cycles_1_0,public_schedule_without_transaction_override,False,,,complete
2024-03-25,0.00,0.00,0,3959231.22,last_posted_transaction_or_prior_closing_balance,,trusted,cn_public_2022_2026_cycles_1_0,public_schedule_without_transaction_override,True,57,2024-03-26,complete
2024-03-26,0.00,4918.30,1,3954312.92,last_posted_transaction_or_prior_closing_balance,synb1_txn_ec81f3052f5fb25f17840c76,trusted,cn_public_2022_2026_cycles_1_0,public_schedule_without_transaction_override,True,58,2024-03-27,complete
2024-03-27,0.00,0.00,0,3954312.92,last_posted_transaction_or_prior_closing_balance,,trusted,cn_public_2022_2026_cycles_1_0,public_schedule_without_transaction_override,True,59,2024-03-28,complete
2024-03-28,0.00,340.12,1,3953972.80,last_posted_transaction_or_prior_closing_balance,synb1_txn_24d84b35c8ab89fbbfe8cf2b,trusted,cn_public_2022_2026_cycles_1_0,public_schedule_without_transaction_override,True,60,2024-03-29,complete
2024-03-29,0.00,0.00,0,3953972.80,last_posted_transaction_or_prior_closing_balance,,trusted,cn_public_2022_2026_cycles_1_0,public_schedule_without_transaction_override,True,61,2024-04-01,complete
2024-03-30,0.00,0.00,0,3953972.80,last_posted_transaction_or_prior_closing_balance,,trusted,cn_public_2022_2026_cycles_1_0,public_schedule_without_transaction_override,False,,,complete
2024-03-31,0.00,0.00,0,3953972.80,last_posted_transaction_or_prior_closing_balance,,trusted,cn_public_2022_2026_cycles_1_0,public_schedule_without_transaction_override,False,,,complete
2024-04-01,0.00,0.00,0,3953972.80,last_posted_transaction_or_prior_closing_balance,,trusted,cn_public_2022_2026_cycles_1_0,public_schedule_without_transaction_override,True,62,2024-04-02,complete
2024-04-02,0.00,386932.90,2,3567039.90,last_posted_transaction_or_prior_closing_balance,synb1_txn_1ff844e49f0ab48d1b86e352,trusted,cn_public_2022_2026_cycles_1_0,public_schedule_without_transaction_override,True,63,2024-04-03,complete
2024-04-03,243542.51,0.00,2,3810582.41,last_posted_transaction_or_prior_closing_balance,synb1_txn_e4ac95bac211fd5ec36a2746,trusted,cn_public_2022_2026_cycles_1_0,public_schedule_without_transaction_override,True,64,2024-04-07,complete
2024-04-04,0.00,0.00,0,3810582.41,last_posted_transaction_or_prior_closing_balance,,trusted,cn_public_2022_2026_cycles_1_0,public_schedule_without_transaction_override,False,,,complete
2024-04-05,0.00,93488.11,2,3717094.30,last_posted_transaction_or_prior_closing_balance,synb1_txn_f0cf07873f914c8a91d8fa05,trusted,cn_public_2022_2026_cycles_1_0,public_schedule_without_transaction_override,False,,,complete
2024-04-06,0.00,0.00,0,3717094.30,last_posted_transaction_or_prior_closing_balance,,trusted,cn_public_2022_2026_cycles_1_0,public_schedule_without_transaction_override,False,,,complete
2024-04-07,0.00,270000.00,1,3447094.30,last_posted_transaction_or_prior_closing_balance,synb1_txn_781bc0d6e9f0a49dcceedcf9,trusted,cn_public_2022_2026_cycles_1_0,public_schedule_without_transaction_override,True,65,2024-04-08,complete
2024-04-08,0.00,0.00,0,3447094.30,last_posted_transaction_or_prior_closing_balance,,trusted,cn_public_2022_2026_cycles_1_0,public_schedule_without_transaction_override,True,66,2024-04-09,complete
2024-04-09,0.00,0.00,0,3447094.30,last_posted_transaction_or_prior_closing_balance,,trusted,cn_public_2022_2026_cycles_1_0,public_schedule_without_transaction_override,True,67,2024-04-10,complete
2024-04-10,0.00,0.00,0,3447094.30,last_posted_transaction_or_prior_closing_balance,,trusted,cn_public_2022_2026_cycles_1_0,public_schedule_without_transaction_override,True,68,2024-04-11,complete
2024-04-11,27831.11,12843.76,2,3462081.65,last_posted_transaction_or_prior_closing_balance,synb1_txn_52a6c4904cdde0d9dd87c762,trusted,cn_public_2022_2026_cycles_1_0,public_schedule_without_transaction_override,True,69,2024-04-12,complete
2024-04-12,39193.93,0.00,1,3501275.58,last_posted_transaction_or_prior_closing_balance,synb1_txn_ecce22f731b56c69d3fcd7fd,trusted,cn_public_2022_2026_cycles_1_0,public_schedule_without_transaction_override,True,70,2024-04-15,complete
2024-04-13,24032.20,9902.86,2,3515404.92,last_posted_transaction_or_prior_closing_balance,synb1_txn_f0ee64066a67900195f16b20,trusted,cn_public_2022_2026_cycles_1_0,public_schedule_without_transaction_override,False,,,complete
2024-04-14,0.00,215636.38,1,3299768.54,last_posted_transaction_or_prior_closing_balance,synb1_txn_13ef793931a2f0dead292e92,trusted,cn_public_2022_2026_cycles_1_0,public_schedule_without_transaction_override,False,,,complete
2024-04-15,0.00,0.00,0,3299768.54,last_posted_transaction_or_prior_closing_balance,,trusted,cn_public_2022_2026_cycles_1_0,public_schedule_without_transaction_override,True,71,2024-04-16,complete
2024-04-16,0.00,0.00,0,3299768.54,last_posted_transaction_or_prior_closing_balance,,trusted,cn_public_2022_2026_cycles_1_0,public_schedule_without_transaction_override,True,72,2024-04-17,complete
2024-04-17,0.00,0.00,0,3299768.54,last_posted_transaction_or_prior_closing_balance,,trusted,cn_public_2022_2026_cycles_1_0,public_schedule_without_transaction_override,True,73,2024-04-18,complete
2024-04-18,189939.91,23296.00,3,3466412.45,last_posted_transaction_or_prior_closing_balance,synb1_txn_4bf4a0a6e43c8c051744b8c5,trusted,cn_public_2022_2026_cycles_1_0,public_schedule_without_transaction_override,True,74,2024-04-19,complete
2024-04-19,0.00,279062.72,2,3187349.73,last_posted_transaction_or_prior_closing_balance,synb1_txn_e654078a2ea6750aa3116983,trusted,cn_public_2022_2026_cycles_1_0,public_schedule_without_transaction_override,True,75,2024-04-22,complete
2024-04-20,30865.44,0.00,1,3218215.17,last_posted_transaction_or_prior_closing_balance,synb1_txn_6fd3c59bf35eedf8bbd611b0,trusted,cn_public_2022_2026_cycles_1_0,public_schedule_without_transaction_override,False,,,complete
2024-04-21,0.00,564249.67,1,2653965.50,last_posted_transaction_or_prior_closing_balance,synb1_txn_8e9d90ca3d45c53894866aaa,trusted,cn_public_2022_2026_cycles_1_0,public_schedule_without_transaction_override,False,,,complete
2024-04-22,0.00,30988.80,2,2622976.70,last_posted_transaction_or_prior_closing_balance,synb1_txn_e017b2e75ab2a4e69e79def6,trusted,cn_public_2022_2026_cycles_1_0,public_schedule_without_transaction_override,True,76,2024-04-23,complete
2024-04-23,0.00,3765.27,1,2619211.43,last_posted_transaction_or_prior_closing_balance,synb1_txn_49f1ede3b29299ef7e0ec0b7,trusted,cn_public_2022_2026_cycles_1_0,public_schedule_without_transaction_override,True,77,2024-04-24,complete
2024-04-24,694535.20,1679.25,2,3312067.38,last_posted_transaction_or_prior_closing_balance,synb1_txn_da73fff11081e60d67d5a9ec,trusted,cn_public_2022_2026_cycles_1_0,public_schedule_without_transaction_override,True,78,2024-04-25,complete
2024-04-25,0.00,0.00,0,3312067.38,last_posted_transaction_or_prior_closing_balance,,trusted,cn_public_2022_2026_cycles_1_0,public_schedule_without_transaction_override,True,79,2024-04-26,complete
2024-04-26,504915.98,0.00,2,3816983.36,last_posted_transaction_or_prior_closing_balance,synb1_txn_6dd2789c00a9ef4c4fdec0f5,trusted,cn_public_2022_2026_cycles_1_0,public_schedule_without_transaction_override,True,80,2024-04-28,complete
2024-04-27,283143.72,0.00,1,4100127.08,last_posted_transaction_or_prior_closing_balance,synb1_txn_8881227fd8550725a23ce7b9,trusted,cn_public_2022_2026_cycles_1_0,public_schedule_without_transaction_override,False,,,complete
2024-04-28,0.00,416560.28,1,3683566.80,last_posted_transaction_or_prior_closing_balance,synb1_txn_b54a25244523ad73f5758f43,trusted,cn_public_2022_2026_cycles_1_0,public_schedule_without_transaction_override,True,81,2024-04-29,complete
2024-04-29,0.00,0.00,0,3683566.80,last_posted_transaction_or_prior_closing_balance,,trusted,cn_public_2022_2026_cycles_1_0,public_schedule_without_transaction_override,True,82,2024-04-30,complete
2024-04-30,0.00,0.00,0,3683566.80,last_posted_transaction_or_prior_closing_balance,,trusted,cn_public_2022_2026_cycles_1_0,public_schedule_without_transaction_override,True,83,2024-05-06,complete
2024-05-01,0.00,0.00,0,3683566.80,last_posted_transaction_or_prior_closing_balance,,trusted,cn_public_2022_2026_cycles_1_0,public_schedule_without_transaction_override,False,,,complete
2024-05-02,57280.22,0.00,1,3740847.02,last_posted_transaction_or_prior_closing_balance,synb1_txn_98f1e62ec0c1878d3e4f968b,trusted,cn_public_2022_2026_cycles_1_0,public_schedule_without_transaction_override,False,,,complete
2024-05-03,0.00,388522.08,1,3352324.94,last_posted_transaction_or_prior_closing_balance,synb1_txn_a71fd2c61172a5d8d51fa926,trusted,cn_public_2022_2026_cycles_1_0,public_schedule_without_transaction_override,False,,,complete
2024-05-04,0.00,0.00,0,3352324.94,last_posted_transaction_or_prior_closing_balance,,trusted,cn_public_2022_2026_cycles_1_0,public_schedule_without_transaction_override,False,,,complete
2024-05-05,0.00,116545.03,2,3235779.91,last_posted_transaction_or_prior_closing_balance,synb1_txn_0df81fe36b7a85c853743309,trusted,cn_public_2022_2026_cycles_1_0,public_schedule_without_transaction_override,False,,,complete
2024-05-06,0.00,0.00,0,3235779.91,last_posted_transaction_or_prior_closing_balance,,trusted,cn_public_2022_2026_cycles_1_0,public_schedule_without_transaction_override,True,84,2024-05-07,complete
2024-05-07,0.00,753524.51,2,2482255.40,last_posted_transaction_or_prior_closing_balance,synb1_txn_4704ceece72b2c446361d1fb,trusted,cn_public_2022_2026_cycles_1_0,public_schedule_without_transaction_override,True,85,2024-05-08,complete
2024-05-08,0.00,0.00,0,2482255.40,last_posted_transaction_or_prior_closing_balance,,trusted,cn_public_2022_2026_cycles_1_0,public_schedule_without_transaction_override,True,86,2024-05-09,complete
2024-05-09,0.00,0.00,0,2482255.40,last_posted_transaction_or_prior_closing_balance,,trusted,cn_public_2022_2026_cycles_1_0,public_schedule_without_transaction_override,True,87,2024-05-10,complete
2024-05-10,0.00,0.00,0,2482255.40,last_posted_transaction_or_prior_closing_balance,,trusted,cn_public_2022_2026_cycles_1_0,public_schedule_without_transaction_override,True,88,2024-05-11,complete
2024-05-11,0.00,29606.95,2,2452648.45,last_posted_transaction_or_prior_closing_balance,synb1_txn_21eda10fa764203a353e2949,trusted,cn_public_2022_2026_cycles_1_0,public_schedule_without_transaction_override,True,89,2024-05-13,complete
2024-05-12,0.00,0.00,0,2452648.45,last_posted_transaction_or_prior_closing_balance,,trusted,cn_public_2022_2026_cycles_1_0,public_schedule_without_transaction_override,False,,,complete
2024-05-13,735639.63,0.00,1,3188288.08,last_posted_transaction_or_prior_closing_balance,synb1_txn_be193a99e2f8a67b33e9b484,trusted,cn_public_2022_2026_cycles_1_0,public_schedule_without_transaction_override,True,90,2024-05-14,complete
2024-05-14,493620.53,0.00,1,3681908.61,last_posted_transaction_or_prior_closing_balance,synb1_txn_681b216e4b4349ec916c505f,trusted,cn_public_2022_2026_cycles_1_0,public_schedule_without_transaction_override,True,91,2024-05-15,complete
2024-05-15,0.00,152356.52,1,3529552.09,last_posted_transaction_or_prior_closing_balance,synb1_txn_dfac2ee06d83674b66424fa7,trusted,cn_public_2022_2026_cycles_1_0,public_schedule_without_transaction_override,True,92,2024-05-16,complete
2024-05-16,0.00,0.00,0,3529552.09,last_posted_transaction_or_prior_closing_balance,,trusted,cn_public_2022_2026_cycles_1_0,public_schedule_without_transaction_override,True,93,2024-05-17,complete
2024-05-17,23261.54,0.00,1,3552813.63,last_posted_transaction_or_prior_closing_balance,synb1_txn_2c86a688d26ba2851c046588,trusted,cn_public_2022_2026_cycles_1_0,public_schedule_without_transaction_override,True,94,2024-05-20,complete
2024-05-18,26836.86,15359.47,3,3564291.02,last_posted_transaction_or_prior_closing_balance,synb1_txn_f7dc533aaf963d034ba7e1cf,trusted,cn_public_2022_2026_cycles_1_0,public_schedule_without_transaction_override,False,,,complete
2024-05-19,0.00,193.69,1,3564097.33,last_posted_transaction_or_prior_closing_balance,synb1_txn_a358288c2e03d5569fdd4741,trusted,cn_public_2022_2026_cycles_1_0,public_schedule_without_transaction_override,False,,,complete
2024-05-20,0.00,22512.00,2,3541585.33,last_posted_transaction_or_prior_closing_balance,synb1_txn_118d5ce38a8fdbb52b5877fe,trusted,cn_public_2022_2026_cycles_1_0,public_schedule_without_transaction_override,True,95,2024-05-21,complete
2024-05-21,0.00,0.00,0,3541585.33,last_posted_transaction_or_prior_closing_balance,,trusted,cn_public_2022_2026_cycles_1_0,public_schedule_without_transaction_override,True,96,2024-05-22,complete
2024-05-22,162155.13,0.00,2,3703740.46,last_posted_transaction_or_prior_closing_balance,synb1_txn_d92d0634668cd7803a1a3dad,trusted,cn_public_2022_2026_cycles_1_0,public_schedule_without_transaction_override,True,97,2024-05-23,complete
2024-05-23,0.00,99907.92,1,3603832.54,last_posted_transaction_or_prior_closing_balance,synb1_txn_dcce66daad4d4953be8ae6ca,trusted,cn_public_2022_2026_cycles_1_0,public_schedule_without_transaction_override,True,98,2024-05-24,complete
2024-05-24,0.00,0.00,0,3603832.54,last_posted_transaction_or_prior_closing_balance,,trusted,cn_public_2022_2026_cycles_1_0,public_schedule_without_transaction_override,True,99,2024-05-27,complete
2024-05-25,41112.15,0.00,1,3644944.69,last_posted_transaction_or_prior_closing_balance,synb1_txn_f49d81cbfe41c04411642da0,trusted,cn_public_2022_2026_cycles_1_0,public_schedule_without_transaction_override,False,,,complete
2024-05-26,340723.24,196974.27,3,3788693.66,last_posted_transaction_or_prior_closing_balance,synb1_txn_26392998da5621ab91bda630,trusted,cn_public_2022_2026_cycles_1_0,public_schedule_without_transaction_override,False,,,complete
2024-05-27,0.00,183568.44,2,3605125.22,last_posted_transaction_or_prior_closing_balance,synb1_txn_eb4f46f5be16d520c6736068,trusted,cn_public_2022_2026_cycles_1_0,public_schedule_without_transaction_override,True,100,2024-05-28,complete
2024-05-28,57370.70,13501.12,2,3648994.80,last_posted_transaction_or_prior_closing_balance,synb1_txn_c61f7523a43d9c7ecc1ae47f,trusted,cn_public_2022_2026_cycles_1_0,public_schedule_without_transaction_override,True,101,2024-05-29,complete
2024-05-29,0.00,0.00,0,3648994.80,last_posted_transaction_or_prior_closing_balance,,trusted,cn_public_2022_2026_cycles_1_0,public_schedule_without_transaction_override,True,102,2024-05-30,complete
2024-05-30,0.00,0.00,0,3648994.80,last_posted_transaction_or_prior_closing_balance,,trusted,cn_public_2022_2026_cycles_1_0,public_schedule_without_transaction_override,True,103,2024-05-31,complete
2024-05-31,0.00,0.00,0,3648994.80,last_posted_transaction_or_prior_closing_balance,,trusted,cn_public_2022_2026_cycles_1_0,public_schedule_without_transaction_override,True,104,2024-06-03,complete
2024-06-01,0.00,0.00,0,3648994.80,last_posted_transaction_or_prior_closing_balance,,trusted,cn_public_2022_2026_cycles_1_0,public_schedule_without_transaction_override,False,,,complete
2024-06-02,0.00,0.00,0,3648994.80,last_posted_transaction_or_prior_closing_balance,,trusted,cn_public_2022_2026_cycles_1_0,public_schedule_without_transaction_override,False,,,complete
2024-06-03,134055.59,0.00,2,3783050.39,last_posted_transaction_or_prior_closing_balance,synb1_txn_c54c1562ed5f7480db1205b6,trusted,cn_public_2022_2026_cycles_1_0,public_schedule_without_transaction_override,True,105,2024-06-04,complete
2024-06-04,7761.07,0.00,1,3790811.46,last_posted_transaction_or_prior_closing_balance,synb1_txn_d940b905d2b564d90c305e94,trusted,cn_public_2022_2026_cycles_1_0,public_schedule_without_transaction_override,True,106,2024-06-05,complete
2024-06-05,26401.95,75000.00,2,3742213.41,last_posted_transaction_or_prior_closing_balance,synb1_txn_1cd07c69f7411f60f059aef6,trusted,cn_public_2022_2026_cycles_1_0,public_schedule_without_transaction_override,True,107,2024-06-06,complete
2024-06-06,0.00,161310.01,1,3580903.40,last_posted_transaction_or_prior_closing_balance,synb1_txn_5f70df808489ab33fe3a5c23,trusted,cn_public_2022_2026_cycles_1_0,public_schedule_without_transaction_override,True,108,2024-06-07,complete
2024-06-07,0.00,270000.00,1,3310903.40,last_posted_transaction_or_prior_closing_balance,synb1_txn_d71622c099d4da27f778f735,trusted,cn_public_2022_2026_cycles_1_0,public_schedule_without_transaction_override,True,109,2024-06-11,complete
2024-06-08,436781.73,0.00,2,3747685.13,last_posted_transaction_or_prior_closing_balance,synb1_txn_08424617e7cd44d55e7ff2e2,trusted,cn_public_2022_2026_cycles_1_0,public_schedule_without_transaction_override,False,,,complete
2024-06-09,0.00,477445.80,2,3270239.33,last_posted_transaction_or_prior_closing_balance,synb1_txn_01afc38cccdb0db31defadd6,trusted,cn_public_2022_2026_cycles_1_0,public_schedule_without_transaction_override,False,,,complete
2024-06-10,0.00,12685.07,1,3257554.26,last_posted_transaction_or_prior_closing_balance,synb1_txn_6931ed7ce1e1e9321a533cee,trusted,cn_public_2022_2026_cycles_1_0,public_schedule_without_transaction_override,False,,,complete
2024-06-11,0.00,67773.30,1,3189780.96,last_posted_transaction_or_prior_closing_balance,synb1_txn_37bf8a172b46fd2a4b959188,trusted,cn_public_2022_2026_cycles_1_0,public_schedule_without_transaction_override,True,110,2024-06-12,complete
2024-06-12,0.00,16002.13,1,3173778.83,last_posted_transaction_or_prior_closing_balance,synb1_txn_43b059c8526aaad096dac232,trusted,cn_public_2022_2026_cycles_1_0,public_schedule_without_transaction_override,True,111,2024-06-13,complete
2024-06-13,17728.00,0.00,1,3191506.83,last_posted_transaction_or_prior_closing_balance,synb1_txn_5694124bcd924d7c4088541a,trusted,cn_public_2022_2026_cycles_1_0,public_schedule_without_transaction_override,True,112,2024-06-14,complete
2024-06-14,289634.10,0.00,1,3481140.93,last_posted_transaction_or_prior_closing_balance,synb1_txn_3e68c3312d6c34bc00a3f647,trusted,cn_public_2022_2026_cycles_1_0,public_schedule_without_transaction_override,True,113,2024-06-17,complete
2024-06-15,0.00,0.00,0,3481140.93,last_posted_transaction_or_prior_closing_balance,,trusted,cn_public_2022_2026_cycles_1_0,public_schedule_without_transaction_override,False,,,complete
2024-06-16,0.00,0.00,0,3481140.93,last_posted_transaction_or_prior_closing_balance,,trusted,cn_public_2022_2026_cycles_1_0,public_schedule_without_transaction_override,False,,,complete
2024-06-17,0.00,32314.93,1,3448826.00,last_posted_transaction_or_prior_closing_balance,synb1_txn_88564820ccde49aa5ce7bdc7,trusted,cn_public_2022_2026_cycles_1_0,public_schedule_without_transaction_override,True,114,2024-06-18,complete
2024-06-18,0.00,457711.22,5,2991114.78,last_posted_transaction_or_prior_closing_balance,synb1_txn_1cde1adb6090daea41ea7181,trusted,cn_public_2022_2026_cycles_1_0,public_schedule_without_transaction_override,True,115,2024-06-19,complete
2024-06-19,0.00,0.00,0,2991114.78,last_posted_transaction_or_prior_closing_balance,,trusted,cn_public_2022_2026_cycles_1_0,public_schedule_without_transaction_override,True,116,2024-06-20,complete
2024-06-20,0.00,112242.91,1,2878871.87,last_posted_transaction_or_prior_closing_balance,synb1_txn_ae06c41a6dda12958b52f114,trusted,cn_public_2022_2026_cycles_1_0,public_schedule_without_transaction_override,True,117,2024-06-21,complete
2024-06-21,0.00,8764.09,1,2870107.78,last_posted_transaction_or_prior_closing_balance,synb1_txn_38244fc80f4fd5d08d33438e,trusted,cn_public_2022_2026_cycles_1_0,public_schedule_without_transaction_override,True,118,2024-06-24,complete
2024-06-22,0.00,0.00,0,2870107.78,last_posted_transaction_or_prior_closing_balance,,trusted,cn_public_2022_2026_cycles_1_0,public_schedule_without_transaction_override,False,,,complete
2024-06-23,0.00,0.00,0,2870107.78,last_posted_transaction_or_prior_closing_balance,,trusted,cn_public_2022_2026_cycles_1_0,public_schedule_without_transaction_override,False,,,complete
2024-06-24,0.00,122124.86,2,2747982.92,last_posted_transaction_or_prior_closing_balance,synb1_txn_2176c0b2c73acfcc9d9102d8,trusted,cn_public_2022_2026_cycles_1_0,public_schedule_without_transaction_override,True,119,2024-06-25,complete
2024-06-25,359136.98,168383.68,3,2938736.22,last_posted_transaction_or_prior_closing_balance,synb1_txn_1224e5e2e9dcc8a656348ea2,trusted,cn_public_2022_2026_cycles_1_0,public_schedule_without_transaction_override,True,120,2024-06-26,complete
2024-06-26,0.00,0.00,0,2938736.22,last_posted_transaction_or_prior_closing_balance,,trusted,cn_public_2022_2026_cycles_1_0,public_schedule_without_transaction_override,True,121,2024-06-27,complete
2024-06-27,0.00,0.00,0,2938736.22,last_posted_transaction_or_prior_closing_balance,,trusted,cn_public_2022_2026_cycles_1_0,public_schedule_without_transaction_override,True,122,2024-06-28,complete
2024-06-28,660500.58,0.00,1,3599236.80,last_posted_transaction_or_prior_closing_balance,synb1_txn_128591efbdd0aafd7f294c35,trusted,cn_public_2022_2026_cycles_1_0,public_schedule_without_transaction_override,True,123,2024-07-01,complete
2024-06-29,0.00,0.00,0,3599236.80,last_posted_transaction_or_prior_closing_balance,,trusted,cn_public_2022_2026_cycles_1_0,public_schedule_without_transaction_override,False,,,complete
2024-06-30,0.00,0.00,0,3599236.80,last_posted_transaction_or_prior_closing_balance,,trusted,cn_public_2022_2026_cycles_1_0,public_schedule_without_transaction_override,False,,,complete
2024-07-01,0.00,0.00,0,3599236.80,last_posted_transaction_or_prior_closing_balance,,trusted,cn_public_2022_2026_cycles_1_0,public_schedule_without_transaction_override,True,124,2024-07-02,complete
2024-07-02,0.00,0.00,0,3599236.80,last_posted_transaction_or_prior_closing_balance,,trusted,cn_public_2022_2026_cycles_1_0,public_schedule_without_transaction_override,True,125,2024-07-03,complete
2024-07-03,256041.34,74253.98,2,3781024.16,last_posted_transaction_or_prior_closing_balance,synb1_txn_93e7fd76fa53c0d4995e38cc,trusted,cn_public_2022_2026_cycles_1_0,public_schedule_without_transaction_override,True,126,2024-07-04,complete
2024-07-04,111119.78,0.00,1,3892143.94,last_posted_transaction_or_prior_closing_balance,synb1_txn_982fb5c7d70d876b07d18586,trusted,cn_public_2022_2026_cycles_1_0,public_schedule_without_transaction_override,True,127,2024-07-05,complete
2024-07-05,13207.93,75000.00,2,3830351.87,last_posted_transaction_or_prior_closing_balance,synb1_txn_77883c6c132d751f15e32aad,trusted,cn_public_2022_2026_cycles_1_0,public_schedule_without_transaction_override,True,128,2024-07-08,complete
2024-07-06,0.00,0.00,0,3830351.87,last_posted_transaction_or_prior_closing_balance,,trusted,cn_public_2022_2026_cycles_1_0,public_schedule_without_transaction_override,False,,,complete
2024-07-07,38426.53,270000.00,2,3598778.40,last_posted_transaction_or_prior_closing_balance,synb1_txn_ca8f2d9c39695e836b8d8edf,trusted,cn_public_2022_2026_cycles_1_0,public_schedule_without_transaction_override,False,,,complete
2024-07-08,12158.51,3443.46,2,3607493.45,last_posted_transaction_or_prior_closing_balance,synb1_txn_73a5c43a5e43158866dfaace,trusted,cn_public_2022_2026_cycles_1_0,public_schedule_without_transaction_override,True,129,2024-07-09,complete
2024-07-09,0.00,251062.96,1,3356430.49,last_posted_transaction_or_prior_closing_balance,synb1_txn_600e8449c907876f84b3d171,trusted,cn_public_2022_2026_cycles_1_0,public_schedule_without_transaction_override,True,130,2024-07-10,complete
2024-07-10,238574.05,0.00,1,3595004.54,last_posted_transaction_or_prior_closing_balance,synb1_txn_dbd57202bde65f030473bf81,trusted,cn_public_2022_2026_cycles_1_0,public_schedule_without_transaction_override,True,131,2024-07-11,complete
2024-07-11,482660.26,0.00,1,4077664.80,last_posted_transaction_or_prior_closing_balance,synb1_txn_38af125eb3ac259a92419bcf,trusted,cn_public_2022_2026_cycles_1_0,public_schedule_without_transaction_override,True,132,2024-07-12,complete
2024-07-12,0.00,25916.43,1,4051748.37,last_posted_transaction_or_prior_closing_balance,synb1_txn_7126497a2200f473616a78fc,trusted,cn_public_2022_2026_cycles_1_0,public_schedule_without_transaction_override,True,133,2024-07-15,complete
2024-07-13,0.00,52733.51,1,3999014.86,last_posted_transaction_or_prior_closing_balance,synb1_txn_1b7be42b0b90355057038448,trusted,cn_public_2022_2026_cycles_1_0,public_schedule_without_transaction_override,False,,,complete
2024-07-14,0.00,0.00,0,3999014.86,last_posted_transaction_or_prior_closing_balance,,trusted,cn_public_2022_2026_cycles_1_0,public_schedule_without_transaction_override,False,,,complete
2024-07-15,190219.96,447601.02,3,3741633.80,last_posted_transaction_or_prior_closing_balance,synb1_txn_d87039b48883594bf7ade525,trusted,cn_public_2022_2026_cycles_1_0,public_schedule_without_transaction_override,True,134,2024-07-16,complete
2024-07-16,0.00,522210.52,2,3219423.28,last_posted_transaction_or_prior_closing_balance,synb1_txn_c8aec74f8c1220e3a1169b36,trusted,cn_public_2022_2026_cycles_1_0,public_schedule_without_transaction_override,True,135,2024-07-17,complete
2024-07-17,0.00,0.00,0,3219423.28,last_posted_transaction_or_prior_closing_balance,,trusted,cn_public_2022_2026_cycles_1_0,public_schedule_without_transaction_override,True,136,2024-07-18,complete
2024-07-18,0.00,21952.00,2,3197471.28,last_posted_transaction_or_prior_closing_balance,synb1_txn_dfbb14d4d179d329ee09edb6,trusted,cn_public_2022_2026_cycles_1_0,public_schedule_without_transaction_override,True,137,2024-07-19,complete
2024-07-19,63915.58,0.00,1,3261386.86,last_posted_transaction_or_prior_closing_balance,synb1_txn_19365f4e06c3a20bdbad3655,trusted,cn_public_2022_2026_cycles_1_0,public_schedule_without_transaction_override,True,138,2024-07-22,complete
2024-07-20,59009.24,0.00,1,3320396.10,last_posted_transaction_or_prior_closing_balance,synb1_txn_bfd974462d0a08eda9e4542c,trusted,cn_public_2022_2026_cycles_1_0,public_schedule_without_transaction_override,False,,,complete
2024-07-21,226673.26,0.00,1,3547069.36,last_posted_transaction_or_prior_closing_balance,synb1_txn_d2d4e546b71215ba15011356,trusted,cn_public_2022_2026_cycles_1_0,public_schedule_without_transaction_override,False,,,complete
2024-07-22,0.00,34597.39,2,3512471.97,last_posted_transaction_or_prior_closing_balance,synb1_txn_b7a77d93844301c16b9eead8,trusted,cn_public_2022_2026_cycles_1_0,public_schedule_without_transaction_override,True,139,2024-07-23,complete
2024-07-23,177993.56,0.00,1,3690465.53,last_posted_transaction_or_prior_closing_balance,synb1_txn_e01d22cd472dd6c649868fd8,trusted,cn_public_2022_2026_cycles_1_0,public_schedule_without_transaction_override,True,140,2024-07-24,complete
2024-07-24,0.00,0.00,0,3690465.53,last_posted_transaction_or_prior_closing_balance,,trusted,cn_public_2022_2026_cycles_1_0,public_schedule_without_transaction_override,True,141,2024-07-25,complete
2024-07-25,0.00,25118.11,1,3665347.42,last_posted_transaction_or_prior_closing_balance,synb1_txn_8ac14f7c9768104af0b66a45,trusted,cn_public_2022_2026_cycles_1_0,public_schedule_without_transaction_override,True,142,2024-07-26,complete
2024-07-26,0.00,0.00,0,3665347.42,last_posted_transaction_or_prior_closing_balance,,trusted,cn_public_2022_2026_cycles_1_0,public_schedule_without_transaction_override,True,143,2024-07-29,complete
2024-07-27,0.00,110612.62,1,3554734.80,last_posted_transaction_or_prior_closing_balance,synb1_txn_97c5b0eea8ff97da5cff8c24,trusted,cn_public_2022_2026_cycles_1_0,public_schedule_without_transaction_override,False,,,complete
2024-07-28,0.00,0.00,0,3554734.80,last_posted_transaction_or_prior_closing_balance,,trusted,cn_public_2022_2026_cycles_1_0,public_schedule_without_transaction_override,False,,,complete
2024-07-29,0.00,0.00,0,3554734.80,last_posted_transaction_or_prior_closing_balance,,trusted,cn_public_2022_2026_cycles_1_0,public_schedule_without_transaction_override,True,144,2024-07-30,complete
2024-07-30,0.00,0.00,0,3554734.80,last_posted_transaction_or_prior_closing_balance,,trusted,cn_public_2022_2026_cycles_1_0,public_schedule_without_transaction_override,True,145,2024-07-31,complete
2024-07-31,0.00,0.00,0,3554734.80,last_posted_transaction_or_prior_closing_balance,,trusted,cn_public_2022_2026_cycles_1_0,public_schedule_without_transaction_override,True,146,2024-08-01,complete
2024-08-01,0.00,0.00,0,3554734.80,last_posted_transaction_or_prior_closing_balance,,trusted,cn_public_2022_2026_cycles_1_0,public_schedule_without_transaction_override,True,147,2024-08-02,complete
2024-08-02,176403.77,318684.17,4,3412454.40,last_posted_transaction_or_prior_closing_balance,synb1_txn_84a0bab0d21dad0ca08e1158,trusted,cn_public_2022_2026_cycles_1_0,public_schedule_without_transaction_override,True,148,2024-08-05,complete
2024-08-03,0.00,14449.04,2,3398005.36,last_posted_transaction_or_prior_closing_balance,synb1_txn_a74eeea8c34705d7274fda22,trusted,cn_public_2022_2026_cycles_1_0,public_schedule_without_transaction_override,False,,,complete
2024-08-04,0.00,0.00,0,3398005.36,last_posted_transaction_or_prior_closing_balance,,trusted,cn_public_2022_2026_cycles_1_0,public_schedule_without_transaction_override,False,,,complete
2024-08-05,0.00,75000.00,1,3323005.36,last_posted_transaction_or_prior_closing_balance,synb1_txn_712751f480f4f6e43d3b6122,trusted,cn_public_2022_2026_cycles_1_0,public_schedule_without_transaction_override,True,149,2024-08-06,complete
2024-08-06,76583.05,0.00,1,3399588.41,last_posted_transaction_or_prior_closing_balance,synb1_txn_d943f5999044e52695ec0b77,trusted,cn_public_2022_2026_cycles_1_0,public_schedule_without_transaction_override,True,150,2024-08-07,complete
2024-08-07,0.00,349390.92,3,3050197.49,last_posted_transaction_or_prior_closing_balance,synb1_txn_73185b60904bea6ff39d4ff2,trusted,cn_public_2022_2026_cycles_1_0,public_schedule_without_transaction_override,True,151,2024-08-08,complete
2024-08-08,252034.94,95235.83,5,3206996.60,last_posted_transaction_or_prior_closing_balance,synb1_txn_a98d5b47349c7182527d0905,trusted,cn_public_2022_2026_cycles_1_0,public_schedule_without_transaction_override,True,152,2024-08-09,complete
2024-08-09,0.00,0.00,0,3206996.60,last_posted_transaction_or_prior_closing_balance,,trusted,cn_public_2022_2026_cycles_1_0,public_schedule_without_transaction_override,True,153,2024-08-12,complete
2024-08-10,0.00,214017.37,2,2992979.23,last_posted_transaction_or_prior_closing_balance,synb1_txn_b6a5519a0a3d67d3c4542185,trusted,cn_public_2022_2026_cycles_1_0,public_schedule_without_transaction_override,False,,,complete
2024-08-11,7045.81,113742.21,2,2886282.83,last_posted_transaction_or_prior_closing_balance,synb1_txn_7c352d982b12fbaf72f4a5c1,trusted,cn_public_2022_2026_cycles_1_0,public_schedule_without_transaction_override,False,,,complete
2024-08-12,0.00,25277.46,1,2861005.37,last_posted_transaction_or_prior_closing_balance,synb1_txn_c1445133ed20f2d2ae696ebd,trusted,cn_public_2022_2026_cycles_1_0,public_schedule_without_transaction_override,True,154,2024-08-13,complete
2024-08-13,17938.95,14298.38,2,2864645.94,last_posted_transaction_or_prior_closing_balance,synb1_txn_e8df2e1f4284087b341e1394,trusted,cn_public_2022_2026_cycles_1_0,public_schedule_without_transaction_override,True,155,2024-08-14,complete
2024-08-14,0.00,0.00,0,2864645.94,last_posted_transaction_or_prior_closing_balance,,trusted,cn_public_2022_2026_cycles_1_0,public_schedule_without_transaction_override,True,156,2024-08-15,complete
2024-08-15,0.00,0.00,0,2864645.94,last_posted_transaction_or_prior_closing_balance,,trusted,cn_public_2022_2026_cycles_1_0,public_schedule_without_transaction_override,True,157,2024-08-16,complete
2024-08-16,0.00,0.00,0,2864645.94,last_posted_transaction_or_prior_closing_balance,,trusted,cn_public_2022_2026_cycles_1_0,public_schedule_without_transaction_override,True,158,2024-08-19,complete
2024-08-17,0.00,0.00,0,2864645.94,last_posted_transaction_or_prior_closing_balance,,trusted,cn_public_2022_2026_cycles_1_0,public_schedule_without_transaction_override,False,,,complete
2024-08-18,0.00,0.00,0,2864645.94,last_posted_transaction_or_prior_closing_balance,,trusted,cn_public_2022_2026_cycles_1_0,public_schedule_without_transaction_override,False,,,complete
2024-08-19,0.00,610916.62,4,2253729.32,last_posted_transaction_or_prior_closing_balance,synb1_txn_e7518e7d3fc0dcba511e61af,trusted,cn_public_2022_2026_cycles_1_0,public_schedule_without_transaction_override,True,159,2024-08-20,complete
2024-08-20,46770.46,0.00,1,2300499.78,last_posted_transaction_or_prior_closing_balance,synb1_txn_9c5ed5cc8d95fdacbd87e1ba,trusted,cn_public_2022_2026_cycles_1_0,public_schedule_without_transaction_override,True,160,2024-08-21,complete
2024-08-21,0.00,0.00,0,2300499.78,last_posted_transaction_or_prior_closing_balance,,trusted,cn_public_2022_2026_cycles_1_0,public_schedule_without_transaction_override,True,161,2024-08-22,complete
2024-08-22,175439.90,0.00,1,2475939.68,last_posted_transaction_or_prior_closing_balance,synb1_txn_90b0b5f4d668717de22a3038,trusted,cn_public_2022_2026_cycles_1_0,public_schedule_without_transaction_override,True,162,2024-08-23,complete
2024-08-23,0.00,0.00,0,2475939.68,last_posted_transaction_or_prior_closing_balance,,trusted,cn_public_2022_2026_cycles_1_0,public_schedule_without_transaction_override,True,163,2024-08-26,complete
2024-08-24,277262.36,0.00,2,2753202.04,last_posted_transaction_or_prior_closing_balance,synb1_txn_aabe80a074c9a6fa46961098,trusted,cn_public_2022_2026_cycles_1_0,public_schedule_without_transaction_override,False,,,complete
2024-08-25,426047.35,0.00,2,3179249.39,last_posted_transaction_or_prior_closing_balance,synb1_txn_5e3ed90af4c5407f95663ba9,trusted,cn_public_2022_2026_cycles_1_0,public_schedule_without_transaction_override,False,,,complete
2024-08-26,0.00,0.00,0,3179249.39,last_posted_transaction_or_prior_closing_balance,,trusted,cn_public_2022_2026_cycles_1_0,public_schedule_without_transaction_override,True,164,2024-08-27,complete
2024-08-27,306473.41,0.00,1,3485722.80,last_posted_transaction_or_prior_closing_balance,synb1_txn_49d44ae7b1c9af64d55303d6,trusted,cn_public_2022_2026_cycles_1_0,public_schedule_without_transaction_override,True,165,2024-08-28,complete
2024-08-28,0.00,0.00,0,3485722.80,last_posted_transaction_or_prior_closing_balance,,trusted,cn_public_2022_2026_cycles_1_0,public_schedule_without_transaction_override,True,166,2024-08-29,complete
2024-08-29,0.00,0.00,0,3485722.80,last_posted_transaction_or_prior_closing_balance,,trusted,cn_public_2022_2026_cycles_1_0,public_schedule_without_transaction_override,True,167,2024-08-30,complete
2024-08-30,0.00,0.00,0,3485722.80,last_posted_transaction_or_prior_closing_balance,,trusted,cn_public_2022_2026_cycles_1_0,public_schedule_without_transaction_override,True,168,2024-09-02,complete
2024-08-31,0.00,0.00,0,3485722.80,last_posted_transaction_or_prior_closing_balance,,trusted,cn_public_2022_2026_cycles_1_0,public_schedule_without_transaction_override,False,,,complete
2024-09-01,0.00,0.00,0,3485722.80,last_posted_transaction_or_prior_closing_balance,,trusted,cn_public_2022_2026_cycles_1_0,public_schedule_without_transaction_override,False,,,complete
2024-09-02,249262.07,0.00,1,3734984.87,last_posted_transaction_or_prior_closing_balance,synb1_txn_a1c6682595fb7854db3bd332,trusted,cn_public_2022_2026_cycles_1_0,public_schedule_without_transaction_override,True,169,2024-09-03,complete
2024-09-03,275612.05,3163.53,2,4007433.39,last_posted_transaction_or_prior_closing_balance,synb1_txn_bbdc6378543939bceb63f26b,trusted,cn_public_2022_2026_cycles_1_0,public_schedule_without_transaction_override,True,170,2024-09-04,complete
2024-09-04,0.00,11232.24,1,3996201.15,last_posted_transaction_or_prior_closing_balance,synb1_txn_b3a03033cd5a5c250729b735,trusted,cn_public_2022_2026_cycles_1_0,public_schedule_without_transaction_override,True,171,2024-09-05,complete
2024-09-05,0.00,93198.70,2,3903002.45,last_posted_transaction_or_prior_closing_balance,synb1_txn_354390e237fccd04fe51dd9b,trusted,cn_public_2022_2026_cycles_1_0,public_schedule_without_transaction_override,True,172,2024-09-06,complete
2024-09-06,456050.93,86613.42,3,4272439.96,last_posted_transaction_or_prior_closing_balance,synb1_txn_dd65fa5208ec7891a0df33c6,trusted,cn_public_2022_2026_cycles_1_0,public_schedule_without_transaction_override,True,173,2024-09-09,complete
2024-09-07,0.00,373713.95,2,3898726.01,last_posted_transaction_or_prior_closing_balance,synb1_txn_6892a653b041210f22273d4d,trusted,cn_public_2022_2026_cycles_1_0,public_schedule_without_transaction_override,False,,,complete
2024-09-08,54575.81,23032.87,2,3930268.95,last_posted_transaction_or_prior_closing_balance,synb1_txn_35b13955a6a8ddf0836d26b8,trusted,cn_public_2022_2026_cycles_1_0,public_schedule_without_transaction_override,False,,,complete
2024-09-09,0.00,0.00,0,3930268.95,last_posted_transaction_or_prior_closing_balance,,trusted,cn_public_2022_2026_cycles_1_0,public_schedule_without_transaction_override,True,174,2024-09-10,complete
2024-09-10,0.00,0.00,0,3930268.95,last_posted_transaction_or_prior_closing_balance,,trusted,cn_public_2022_2026_cycles_1_0,public_schedule_without_transaction_override,True,175,2024-09-11,complete
2024-09-11,0.00,0.00,0,3930268.95,last_posted_transaction_or_prior_closing_balance,,trusted,cn_public_2022_2026_cycles_1_0,public_schedule_without_transaction_override,True,176,2024-09-12,complete
2024-09-12,0.00,0.00,0,3930268.95,last_posted_transaction_or_prior_closing_balance,,trusted,cn_public_2022_2026_cycles_1_0,public_schedule_without_transaction_override,True,177,2024-09-13,complete
2024-09-13,0.00,0.00,0,3930268.95,last_posted_transaction_or_prior_closing_balance,,trusted,cn_public_2022_2026_cycles_1_0,public_schedule_without_transaction_override,True,178,2024-09-14,complete
2024-09-14,0.00,0.00,0,3930268.95,last_posted_transaction_or_prior_closing_balance,,trusted,cn_public_2022_2026_cycles_1_0,public_schedule_without_transaction_override,True,179,2024-09-18,complete
2024-09-15,0.00,262612.84,2,3667656.11,last_posted_transaction_or_prior_closing_balance,synb1_txn_196b08d070513294c30284dd,trusted,cn_public_2022_2026_cycles_1_0,public_schedule_without_transaction_override,False,,,complete
2024-09-16,0.00,0.00,0,3667656.11,last_posted_transaction_or_prior_closing_balance,,trusted,cn_public_2022_2026_cycles_1_0,public_schedule_without_transaction_override,False,,,complete
2024-09-17,0.00,0.00,0,3667656.11,last_posted_transaction_or_prior_closing_balance,,trusted,cn_public_2022_2026_cycles_1_0,public_schedule_without_transaction_override,False,,,complete
2024-09-18,0.00,19376.00,2,3648280.11,last_posted_transaction_or_prior_closing_balance,synb1_txn_f2049045a54d3cade7e884b5,trusted,cn_public_2022_2026_cycles_1_0,public_schedule_without_transaction_override,True,180,2024-09-19,complete
2024-09-19,0.00,294.32,1,3647985.79,last_posted_transaction_or_prior_closing_balance,synb1_txn_6ca49a6753933300a64bf910,trusted,cn_public_2022_2026_cycles_1_0,public_schedule_without_transaction_override,True,181,2024-09-20,complete
2024-09-20,0.00,371078.74,2,3276907.05,last_posted_transaction_or_prior_closing_balance,synb1_txn_2ceeaef7be8f79f517fb4f40,trusted,cn_public_2022_2026_cycles_1_0,public_schedule_without_transaction_override,True,182,2024-09-23,complete
2024-09-21,0.00,8390.08,1,3268516.97,last_posted_transaction_or_prior_closing_balance,synb1_txn_9dae949960043551868d5117,trusted,cn_public_2022_2026_cycles_1_0,public_schedule_without_transaction_override,False,,,complete
2024-09-22,167250.94,0.00,2,3435767.91,last_posted_transaction_or_prior_closing_balance,synb1_txn_cb710121cb4d0cc6bc0e2725,trusted,cn_public_2022_2026_cycles_1_0,public_schedule_without_transaction_override,False,,,complete
2024-09-23,372742.85,1686.42,2,3806824.34,last_posted_transaction_or_prior_closing_balance,synb1_txn_1a624f908142571918fba483,trusted,cn_public_2022_2026_cycles_1_0,public_schedule_without_transaction_override,True,183,2024-09-24,complete
2024-09-24,0.00,328911.93,2,3477912.41,last_posted_transaction_or_prior_closing_balance,synb1_txn_518c7c1b50c69239787c72a1,trusted,cn_public_2022_2026_cycles_1_0,public_schedule_without_transaction_override,True,184,2024-09-25,complete
2024-09-25,209862.94,0.00,1,3687775.35,last_posted_transaction_or_prior_closing_balance,synb1_txn_99ed49822363491929f15bfa,trusted,cn_public_2022_2026_cycles_1_0,public_schedule_without_transaction_override,True,185,2024-09-26,complete
2024-09-26,16642.41,295410.96,3,3409006.80,last_posted_transaction_or_prior_closing_balance,synb1_txn_a4c2d9fabe80a56cabe3e2a4,trusted,cn_public_2022_2026_cycles_1_0,public_schedule_without_transaction_override,True,186,2024-09-27,complete
2024-09-27,0.00,0.00,0,3409006.80,last_posted_transaction_or_prior_closing_balance,,trusted,cn_public_2022_2026_cycles_1_0,public_schedule_without_transaction_override,True,187,2024-09-29,complete
2024-09-28,0.00,0.00,0,3409006.80,last_posted_transaction_or_prior_closing_balance,,trusted,cn_public_2022_2026_cycles_1_0,public_schedule_without_transaction_override,False,,,complete
2024-09-29,0.00,0.00,0,3409006.80,last_posted_transaction_or_prior_closing_balance,,trusted,cn_public_2022_2026_cycles_1_0,public_schedule_without_transaction_override,True,188,2024-09-30,complete
2024-09-30,0.00,0.00,0,3409006.80,last_posted_transaction_or_prior_closing_balance,,trusted,cn_public_2022_2026_cycles_1_0,public_schedule_without_transaction_override,True,189,2024-10-08,complete
2024-10-01,0.00,0.00,0,3409006.80,last_posted_transaction_or_prior_closing_balance,,trusted,cn_public_2022_2026_cycles_1_0,public_schedule_without_transaction_override,False,,,complete
2024-10-02,0.00,0.00,0,3409006.80,last_posted_transaction_or_prior_closing_balance,,trusted,cn_public_2022_2026_cycles_1_0,public_schedule_without_transaction_override,False,,,complete
2024-10-03,0.00,63991.05,1,3345015.75,last_posted_transaction_or_prior_closing_balance,synb1_txn_3b2136cf2c1da752683d5899,trusted,cn_public_2022_2026_cycles_1_0,public_schedule_without_transaction_override,False,,,complete
2024-10-04,507438.65,0.00,2,3852454.40,last_posted_transaction_or_prior_closing_balance,synb1_txn_3a7f8121a3af8f3886ccc58e,trusted,cn_public_2022_2026_cycles_1_0,public_schedule_without_transaction_override,False,,,complete
2024-10-05,0.00,75000.00,1,3777454.40,last_posted_transaction_or_prior_closing_balance,synb1_txn_e8fed1a88f6afce3f5feb96b,trusted,cn_public_2022_2026_cycles_1_0,public_schedule_without_transaction_override,False,,,complete
2024-10-06,0.00,0.00,0,3777454.40,last_posted_transaction_or_prior_closing_balance,,trusted,cn_public_2022_2026_cycles_1_0,public_schedule_without_transaction_override,False,,,complete
2024-10-07,0.00,290000.00,1,3487454.40,last_posted_transaction_or_prior_closing_balance,synb1_txn_7390af7ae03cb4034a970347,trusted,cn_public_2022_2026_cycles_1_0,public_schedule_without_transaction_override,False,,,complete
2024-10-08,32772.83,132909.65,2,3387317.58,last_posted_transaction_or_prior_closing_balance,synb1_txn_54e29501b2fdab80da11ec24,trusted,cn_public_2022_2026_cycles_1_0,public_schedule_without_transaction_override,True,190,2024-10-09,complete
2024-10-09,175203.63,0.00,1,3562521.21,last_posted_transaction_or_prior_closing_balance,synb1_txn_f9033da9f60b26f28966742a,trusted,cn_public_2022_2026_cycles_1_0,public_schedule_without_transaction_override,True,191,2024-10-10,complete
2024-10-10,0.00,39985.69,1,3522535.52,last_posted_transaction_or_prior_closing_balance,synb1_txn_8e20f184babf03dea49ce827,trusted,cn_public_2022_2026_cycles_1_0,public_schedule_without_transaction_override,True,192,2024-10-11,complete
2024-10-11,196502.86,0.00,1,3719038.38,last_posted_transaction_or_prior_closing_balance,synb1_txn_1adf2d378e11afe969a1566a,trusted,cn_public_2022_2026_cycles_1_0,public_schedule_without_transaction_override,True,193,2024-10-12,complete
2024-10-12,75426.13,0.00,1,3794464.51,last_posted_transaction_or_prior_closing_balance,synb1_txn_b98aea393e4da16b8752bc71,trusted,cn_public_2022_2026_cycles_1_0,public_schedule_without_transaction_override,True,194,2024-10-14,complete
2024-10-13,96453.95,0.00,2,3890918.46,last_posted_transaction_or_prior_closing_balance,synb1_txn_5146bf111cedf71bd56a267a,trusted,cn_public_2022_2026_cycles_1_0,public_schedule_without_transaction_override,False,,,complete
2024-10-14,226252.36,48802.34,2,4068368.48,last_posted_transaction_or_prior_closing_balance,synb1_txn_746f2346572c17889af24a82,trusted,cn_public_2022_2026_cycles_1_0,public_schedule_without_transaction_override,True,195,2024-10-15,complete
2024-10-15,0.00,7073.00,1,4061295.48,last_posted_transaction_or_prior_closing_balance,synb1_txn_a553f77fce7bb66a5fd740bb,trusted,cn_public_2022_2026_cycles_1_0,public_schedule_without_transaction_override,True,196,2024-10-16,complete
2024-10-16,0.00,228453.10,1,3832842.38,last_posted_transaction_or_prior_closing_balance,synb1_txn_c2243e050b62f77e54597783,trusted,cn_public_2022_2026_cycles_1_0,public_schedule_without_transaction_override,True,197,2024-10-17,complete
2024-10-17,747787.49,63837.26,3,4516792.61,last_posted_transaction_or_prior_closing_balance,synb1_txn_2f0c07918d71ed17897c2a85,trusted,cn_public_2022_2026_cycles_1_0,public_schedule_without_transaction_override,True,198,2024-10-18,complete
2024-10-18,782300.45,56183.27,4,5242909.79,last_posted_transaction_or_prior_closing_balance,synb1_txn_9b202a8278485d3c1b99be65,trusted,cn_public_2022_2026_cycles_1_0,public_schedule_without_transaction_override,True,199,2024-10-21,complete
2024-10-19,0.00,0.00,0,5242909.79,last_posted_transaction_or_prior_closing_balance,,trusted,cn_public_2022_2026_cycles_1_0,public_schedule_without_transaction_override,False,,,complete
2024-10-20,0.00,237000.74,2,5005909.05,last_posted_transaction_or_prior_closing_balance,synb1_txn_e1a7cd9e38d7003fda3e9b3d,trusted,cn_public_2022_2026_cycles_1_0,public_schedule_without_transaction_override,False,,,complete
2024-10-21,0.00,0.00,0,5005909.05,last_posted_transaction_or_prior_closing_balance,,trusted,cn_public_2022_2026_cycles_1_0,public_schedule_without_transaction_override,True,200,2024-10-22,complete
2024-10-22,0.00,0.00,0,5005909.05,last_posted_transaction_or_prior_closing_balance,,trusted,cn_public_2022_2026_cycles_1_0,public_schedule_without_transaction_override,True,201,2024-10-23,complete
2024-10-23,11861.65,0.00,1,5017770.70,last_posted_transaction_or_prior_closing_balance,synb1_txn_6bd18b62a89a101433211bd4,trusted,cn_public_2022_2026_cycles_1_0,public_schedule_without_transaction_override,True,202,2024-10-24,complete
2024-10-24,0.00,0.00,0,5017770.70,last_posted_transaction_or_prior_closing_balance,,trusted,cn_public_2022_2026_cycles_1_0,public_schedule_without_transaction_override,True,203,2024-10-25,complete
2024-10-25,0.00,0.00,0,5017770.70,last_posted_transaction_or_prior_closing_balance,,trusted,cn_public_2022_2026_cycles_1_0,public_schedule_without_transaction_override,True,204,2024-10-28,complete
2024-10-26,0.00,0.00,0,5017770.70,last_posted_transaction_or_prior_closing_balance,,trusted,cn_public_2022_2026_cycles_1_0,public_schedule_without_transaction_override,False,,,complete
2024-10-27,0.00,0.00,0,5017770.70,last_posted_transaction_or_prior_closing_balance,,trusted,cn_public_2022_2026_cycles_1_0,public_schedule_without_transaction_override,False,,,complete
2024-10-28,0.00,1060733.90,2,3957036.80,last_posted_transaction_or_prior_closing_balance,synb1_txn_1e02454964f9c16a8bc19f0c,trusted,cn_public_2022_2026_cycles_1_0,public_schedule_without_transaction_override,True,205,2024-10-29,complete
2024-10-29,0.00,0.00,0,3957036.80,last_posted_transaction_or_prior_closing_balance,,trusted,cn_public_2022_2026_cycles_1_0,public_schedule_without_transaction_override,True,206,2024-10-30,complete
2024-10-30,0.00,0.00,0,3957036.80,last_posted_transaction_or_prior_closing_balance,,trusted,cn_public_2022_2026_cycles_1_0,public_schedule_without_transaction_override,True,207,2024-10-31,complete
2024-10-31,0.00,0.00,0,3957036.80,last_posted_transaction_or_prior_closing_balance,,trusted,cn_public_2022_2026_cycles_1_0,public_schedule_without_transaction_override,True,208,2024-11-01,complete
2024-11-01,0.00,0.00,0,3957036.80,last_posted_transaction_or_prior_closing_balance,,trusted,cn_public_2022_2026_cycles_1_0,public_schedule_without_transaction_override,True,209,2024-11-04,complete
2024-11-02,0.00,0.00,0,3957036.80,last_posted_transaction_or_prior_closing_balance,,trusted,cn_public_2022_2026_cycles_1_0,public_schedule_without_transaction_override,False,,,complete
2024-11-03,0.00,0.00,0,3957036.80,last_posted_transaction_or_prior_closing_balance,,trusted,cn_public_2022_2026_cycles_1_0,public_schedule_without_transaction_override,False,,,complete
2024-11-04,283411.19,0.00,1,4240447.99,last_posted_transaction_or_prior_closing_balance,synb1_txn_a5c88f88fb573f37ca7399d8,trusted,cn_public_2022_2026_cycles_1_0,public_schedule_without_transaction_override,True,210,2024-11-05,complete
2024-11-05,0.00,205054.08,2,4035393.91,last_posted_transaction_or_prior_closing_balance,synb1_txn_3b6f462a99c7ca823e0d9322,trusted,cn_public_2022_2026_cycles_1_0,public_schedule_without_transaction_override,True,211,2024-11-06,complete
2024-11-06,144575.47,0.00,2,4179969.38,last_posted_transaction_or_prior_closing_balance,synb1_txn_1e1138f1cd9861c2bdc74875,trusted,cn_public_2022_2026_cycles_1_0,public_schedule_without_transaction_override,True,212,2024-11-07,complete
2024-11-07,1339199.09,339152.40,3,5180016.07,last_posted_transaction_or_prior_closing_balance,synb1_txn_33f6c967d4710930195170d7,trusted,cn_public_2022_2026_cycles_1_0,public_schedule_without_transaction_override,True,213,2024-11-08,complete
2024-11-08,0.00,0.00,0,5180016.07,last_posted_transaction_or_prior_closing_balance,,trusted,cn_public_2022_2026_cycles_1_0,public_schedule_without_transaction_override,True,214,2024-11-11,complete
2024-11-09,0.00,0.00,0,5180016.07,last_posted_transaction_or_prior_closing_balance,,trusted,cn_public_2022_2026_cycles_1_0,public_schedule_without_transaction_override,False,,,complete
2024-11-10,0.00,191847.30,1,4988168.77,last_posted_transaction_or_prior_closing_balance,synb1_txn_f878afeab3bc6d0b93c116a8,trusted,cn_public_2022_2026_cycles_1_0,public_schedule_without_transaction_override,False,,,complete
2024-11-11,19737.68,250185.95,2,4757720.50,last_posted_transaction_or_prior_closing_balance,synb1_txn_a92f901bf0487ad3f21c64b4,trusted,cn_public_2022_2026_cycles_1_0,public_schedule_without_transaction_override,True,215,2024-11-12,complete
2024-11-12,0.00,0.00,0,4757720.50,last_posted_transaction_or_prior_closing_balance,,trusted,cn_public_2022_2026_cycles_1_0,public_schedule_without_transaction_override,True,216,2024-11-13,complete
2024-11-13,0.00,0.00,0,4757720.50,last_posted_transaction_or_prior_closing_balance,,trusted,cn_public_2022_2026_cycles_1_0,public_schedule_without_transaction_override,True,217,2024-11-14,complete
2024-11-14,0.00,0.00,0,4757720.50,last_posted_transaction_or_prior_closing_balance,,trusted,cn_public_2022_2026_cycles_1_0,public_schedule_without_transaction_override,True,218,2024-11-15,complete
2024-11-15,0.00,0.00,0,4757720.50,last_posted_transaction_or_prior_closing_balance,,trusted,cn_public_2022_2026_cycles_1_0,public_schedule_without_transaction_override,True,219,2024-11-18,complete
2024-11-16,0.00,0.00,0,4757720.50,last_posted_transaction_or_prior_closing_balance,,trusted,cn_public_2022_2026_cycles_1_0,public_schedule_without_transaction_override,False,,,complete
2024-11-17,0.00,0.00,0,4757720.50,last_posted_transaction_or_prior_closing_balance,,trusted,cn_public_2022_2026_cycles_1_0,public_schedule_without_transaction_override,False,,,complete
2024-11-18,29464.40,101167.73,4,4686017.17,last_posted_transaction_or_prior_closing_balance,synb1_txn_c8ef3df8b0f22dcf52da3f3d,trusted,cn_public_2022_2026_cycles_1_0,public_schedule_without_transaction_override,True,220,2024-11-19,complete
2024-11-19,230996.04,126055.10,3,4790958.11,last_posted_transaction_or_prior_closing_balance,synb1_txn_ba389b14dcb844f08f2a67c1,trusted,cn_public_2022_2026_cycles_1_0,public_schedule_without_transaction_override,True,221,2024-11-20,complete
2024-11-20,0.00,0.00,0,4790958.11,last_posted_transaction_or_prior_closing_balance,,trusted,cn_public_2022_2026_cycles_1_0,public_schedule_without_transaction_override,True,222,2024-11-21,complete
2024-11-21,103226.41,0.00,1,4894184.52,last_posted_transaction_or_prior_closing_balance,synb1_txn_cc150b3ebb43888cb7fa99dc,trusted,cn_public_2022_2026_cycles_1_0,public_schedule_without_transaction_override,True,223,2024-11-22,complete
2024-11-22,559045.54,25791.12,2,5427438.94,last_posted_transaction_or_prior_closing_balance,synb1_txn_d514e217eadf3cea7780843c,trusted,cn_public_2022_2026_cycles_1_0,public_schedule_without_transaction_override,True,224,2024-11-25,complete
2024-11-23,0.00,1245389.05,1,4182049.89,last_posted_transaction_or_prior_closing_balance,synb1_txn_36e972c8941aff7f8dda4c1c,trusted,cn_public_2022_2026_cycles_1_0,public_schedule_without_transaction_override,False,,,complete
2024-11-24,130344.18,0.00,1,4312394.07,last_posted_transaction_or_prior_closing_balance,synb1_txn_a4ca30d32024ac67a2b36715,trusted,cn_public_2022_2026_cycles_1_0,public_schedule_without_transaction_override,False,,,complete
2024-11-25,0.00,0.00,0,4312394.07,last_posted_transaction_or_prior_closing_balance,,trusted,cn_public_2022_2026_cycles_1_0,public_schedule_without_transaction_override,True,225,2024-11-26,complete
2024-11-26,0.00,0.00,0,4312394.07,last_posted_transaction_or_prior_closing_balance,,trusted,cn_public_2022_2026_cycles_1_0,public_schedule_without_transaction_override,True,226,2024-11-27,complete
2024-11-27,0.00,0.00,0,4312394.07,last_posted_transaction_or_prior_closing_balance,,trusted,cn_public_2022_2026_cycles_1_0,public_schedule_without_transaction_override,True,227,2024-11-28,complete
2024-11-28,0.00,0.00,0,4312394.07,last_posted_transaction_or_prior_closing_balance,,trusted,cn_public_2022_2026_cycles_1_0,public_schedule_without_transaction_override,True,228,2024-11-29,complete
2024-11-29,0.00,0.00,0,4312394.07,last_posted_transaction_or_prior_closing_balance,,trusted,cn_public_2022_2026_cycles_1_0,public_schedule_without_transaction_override,True,229,2024-12-02,complete
2024-11-30,0.00,0.00,0,4312394.07,last_posted_transaction_or_prior_closing_balance,,trusted,cn_public_2022_2026_cycles_1_0,public_schedule_without_transaction_override,False,,,complete
2024-12-01,0.00,0.00,0,4312394.07,last_posted_transaction_or_prior_closing_balance,,trusted,cn_public_2022_2026_cycles_1_0,public_schedule_without_transaction_override,False,,,complete
2024-12-02,13845.22,0.00,1,4326239.29,last_posted_transaction_or_prior_closing_balance,synb1_txn_ef163f3a282683f9ebdab9a7,trusted,cn_public_2022_2026_cycles_1_0,public_schedule_without_transaction_override,True,230,2024-12-03,complete
2024-12-03,8783.69,0.00,1,4335022.98,last_posted_transaction_or_prior_closing_balance,synb1_txn_c9806fdf37f00c6448ab4b71,trusted,cn_public_2022_2026_cycles_1_0,public_schedule_without_transaction_override,True,231,2024-12-04,complete
2024-12-04,20274.37,0.00,1,4355297.35,last_posted_transaction_or_prior_closing_balance,synb1_txn_9dbc2ab87692770b99a86858,trusted,cn_public_2022_2026_cycles_1_0,public_schedule_without_transaction_override,True,232,2024-12-05,complete
2024-12-05,80027.58,75000.00,2,4360324.93,last_posted_transaction_or_prior_closing_balance,synb1_txn_e737a1547929cdb00fdae1ae,trusted,cn_public_2022_2026_cycles_1_0,public_schedule_without_transaction_override,True,233,2024-12-06,complete
2024-12-06,0.00,0.00,0,4360324.93,last_posted_transaction_or_prior_closing_balance,,trusted,cn_public_2022_2026_cycles_1_0,public_schedule_without_transaction_override,True,234,2024-12-09,complete
2024-12-07,0.00,296311.07,2,4064013.86,last_posted_transaction_or_prior_closing_balance,synb1_txn_b7a1486409e12f2e3f9e444c,trusted,cn_public_2022_2026_cycles_1_0,public_schedule_without_transaction_override,False,,,complete
2024-12-08,0.00,0.00,0,4064013.86,last_posted_transaction_or_prior_closing_balance,,trusted,cn_public_2022_2026_cycles_1_0,public_schedule_without_transaction_override,False,,,complete
2024-12-09,130914.96,20352.26,3,4174576.56,last_posted_transaction_or_prior_closing_balance,synb1_txn_262c8f6f7e30762b2042a24d,trusted,cn_public_2022_2026_cycles_1_0,public_schedule_without_transaction_override,True,235,2024-12-10,complete
2024-12-10,0.00,0.00,0,4174576.56,last_posted_transaction_or_prior_closing_balance,,trusted,cn_public_2022_2026_cycles_1_0,public_schedule_without_transaction_override,True,236,2024-12-11,complete
2024-12-11,0.00,0.00,0,4174576.56,last_posted_transaction_or_prior_closing_balance,,trusted,cn_public_2022_2026_cycles_1_0,public_schedule_without_transaction_override,True,237,2024-12-12,complete
2024-12-12,0.00,0.00,0,4174576.56,last_posted_transaction_or_prior_closing_balance,,trusted,cn_public_2022_2026_cycles_1_0,public_schedule_without_transaction_override,True,238,2024-12-13,complete
2024-12-13,254804.82,0.00,2,4429381.38,last_posted_transaction_or_prior_closing_balance,synb1_txn_8e58b6f293bd43c995db32b7,trusted,cn_public_2022_2026_cycles_1_0,public_schedule_without_transaction_override,True,239,2024-12-16,complete
2024-12-14,0.00,0.00,0,4429381.38,last_posted_transaction_or_prior_closing_balance,,trusted,cn_public_2022_2026_cycles_1_0,public_schedule_without_transaction_override,False,,,complete
2024-12-15,726688.93,323240.01,2,4832830.30,last_posted_transaction_or_prior_closing_balance,synb1_txn_42fad517d28015c6552e7821,trusted,cn_public_2022_2026_cycles_1_0,public_schedule_without_transaction_override,False,,,complete
2024-12-16,497862.15,231629.06,2,5099063.39,last_posted_transaction_or_prior_closing_balance,synb1_txn_41ce6035c420038f6f5ded51,trusted,cn_public_2022_2026_cycles_1_0,public_schedule_without_transaction_override,True,240,2024-12-17,complete
2024-12-17,13347.85,0.00,1,5112411.24,last_posted_transaction_or_prior_closing_balance,synb1_txn_1110c149f635ac8d0cf833ce,trusted,cn_public_2022_2026_cycles_1_0,public_schedule_without_transaction_override,True,241,2024-12-18,complete
2024-12-18,0.00,119359.39,4,4993051.85,last_posted_transaction_or_prior_closing_balance,synb1_txn_df8bd67ef709a5992efc8eea,trusted,cn_public_2022_2026_cycles_1_0,public_schedule_without_transaction_override,True,242,2024-12-19,complete
2024-12-19,0.00,0.00,0,4993051.85,last_posted_transaction_or_prior_closing_balance,,trusted,cn_public_2022_2026_cycles_1_0,public_schedule_without_transaction_override,True,243,2024-12-20,complete
2024-12-20,0.00,95533.97,1,4897517.88,last_posted_transaction_or_prior_closing_balance,synb1_txn_69a08196b4bc730a23a1ee96,trusted,cn_public_2022_2026_cycles_1_0,public_schedule_without_transaction_override,True,244,2024-12-23,complete
2024-12-21,0.00,0.00,0,4897517.88,last_posted_transaction_or_prior_closing_balance,,trusted,cn_public_2022_2026_cycles_1_0,public_schedule_without_transaction_override,False,,,complete
2024-12-22,0.00,0.00,0,4897517.88,last_posted_transaction_or_prior_closing_balance,,trusted,cn_public_2022_2026_cycles_1_0,public_schedule_without_transaction_override,False,,,complete
2024-12-23,104399.25,498412.31,3,4503504.82,last_posted_transaction_or_prior_closing_balance,synb1_txn_5e3435147f02b740e0f08aa5,trusted,cn_public_2022_2026_cycles_1_0,public_schedule_without_transaction_override,True,245,2024-12-24,complete
2024-12-24,259396.35,282000.87,3,4480900.30,last_posted_transaction_or_prior_closing_balance,synb1_txn_a8732fc42841916a7356cef8,trusted,cn_public_2022_2026_cycles_1_0,public_schedule_without_transaction_override,True,246,2024-12-25,complete
2024-12-25,643654.83,0.00,1,5124555.13,last_posted_transaction_or_prior_closing_balance,synb1_txn_c38e3c7af5641a9ec5c8444f,trusted,cn_public_2022_2026_cycles_1_0,public_schedule_without_transaction_override,True,247,2024-12-26,complete
2024-12-26,0.00,18122.24,1,5106432.89,last_posted_transaction_or_prior_closing_balance,synb1_txn_dc6b43ff666cbcbd86fbee37,trusted,cn_public_2022_2026_cycles_1_0,public_schedule_without_transaction_override,True,248,2024-12-27,complete
2024-12-27,0.00,4875.46,1,5101557.43,last_posted_transaction_or_prior_closing_balance,synb1_txn_b7e3f086dc4f6a5230e97131,trusted,cn_public_2022_2026_cycles_1_0,public_schedule_without_transaction_override,True,249,2024-12-30,complete
2024-12-28,0.00,475196.09,2,4626361.34,last_posted_transaction_or_prior_closing_balance,synb1_txn_9367fc66a98104ee3e3ea920,trusted,cn_public_2022_2026_cycles_1_0,public_schedule_without_transaction_override,False,,,complete
2024-12-29,0.00,0.00,0,4626361.34,last_posted_transaction_or_prior_closing_balance,,trusted,cn_public_2022_2026_cycles_1_0,public_schedule_without_transaction_override,False,,,complete
2024-12-30,0.00,0.00,0,4626361.34,last_posted_transaction_or_prior_closing_balance,,trusted,cn_public_2022_2026_cycles_1_0,public_schedule_without_transaction_override,True,250,2024-12-31,complete
2024-12-31,0.00,0.00,0,4626361.34,last_posted_transaction_or_prior_closing_balance,,trusted,cn_public_2022_2026_cycles_1_0,public_schedule_without_transaction_override,True,251,2025-01-02,complete
2025-01-01,0.00,0.00,0,4626361.34,last_posted_transaction_or_prior_closing_balance,,trusted,cn_public_2022_2026_cycles_1_0,public_schedule_without_transaction_override,False,,,complete
2025-01-02,192113.13,0.00,1,4818474.47,last_posted_transaction_or_prior_closing_balance,synb1_txn_bacd22fbbb559532825c960e,trusted,cn_public_2022_2026_cycles_1_0,public_schedule_without_transaction_override,True,252,2025-01-03,complete
2025-01-03,91631.65,468067.20,3,4442038.92,last_posted_transaction_or_prior_closing_balance,synb1_txn_a248717a66d71985324cc9a5,trusted,cn_public_2022_2026_cycles_1_0,public_schedule_without_transaction_override,True,253,2025-01-06,complete
2025-01-04,0.00,0.00,0,4442038.92,last_posted_transaction_or_prior_closing_balance,,trusted,cn_public_2022_2026_cycles_1_0,public_schedule_without_transaction_override,False,,,complete
2025-01-05,0.00,75000.00,1,4367038.92,last_posted_transaction_or_prior_closing_balance,synb1_txn_54cdc734b762fe26ffce1cb4,trusted,cn_public_2022_2026_cycles_1_0,public_schedule_without_transaction_override,False,,,complete
2025-01-06,0.00,0.00,0,4367038.92,last_posted_transaction_or_prior_closing_balance,,trusted,cn_public_2022_2026_cycles_1_0,public_schedule_without_transaction_override,True,254,2025-01-07,complete
2025-01-07,0.00,280000.00,1,4087038.92,last_posted_transaction_or_prior_closing_balance,synb1_txn_0b7bbf9b2c4a14eccb683f70,trusted,cn_public_2022_2026_cycles_1_0,public_schedule_without_transaction_override,True,255,2025-01-08,complete
2025-01-08,0.00,65613.66,1,4021425.26,last_posted_transaction_or_prior_closing_balance,synb1_txn_436b83451a252e7c5f90bb6c,trusted,cn_public_2022_2026_cycles_1_0,public_schedule_without_transaction_override,True,256,2025-01-09,complete
2025-01-09,0.00,0.00,0,4021425.26,last_posted_transaction_or_prior_closing_balance,,trusted,cn_public_2022_2026_cycles_1_0,public_schedule_without_transaction_override,True,257,2025-01-10,complete
2025-01-10,19.55,0.00,1,4021444.81,last_posted_transaction_or_prior_closing_balance,synb1_txn_cf2a093387f0588c62187272,trusted,cn_public_2022_2026_cycles_1_0,public_schedule_without_transaction_override,True,258,2025-01-13,complete
2025-01-11,96244.03,0.00,1,4117688.84,last_posted_transaction_or_prior_closing_balance,synb1_txn_5f45ee98b222ab3c65fa410f,trusted,cn_public_2022_2026_cycles_1_0,public_schedule_without_transaction_override,False,,,complete
2025-01-12,0.00,0.00,0,4117688.84,last_posted_transaction_or_prior_closing_balance,,trusted,cn_public_2022_2026_cycles_1_0,public_schedule_without_transaction_override,False,,,complete
2025-01-13,43149.11,0.00,1,4160837.95,last_posted_transaction_or_prior_closing_balance,synb1_txn_599db7767b99b0a392f2014d,trusted,cn_public_2022_2026_cycles_1_0,public_schedule_without_transaction_override,True,259,2025-01-14,complete
2025-01-14,0.00,0.00,0,4160837.95,last_posted_transaction_or_prior_closing_balance,,trusted,cn_public_2022_2026_cycles_1_0,public_schedule_without_transaction_override,True,260,2025-01-15,complete
2025-01-15,0.00,0.00,0,4160837.95,last_posted_transaction_or_prior_closing_balance,,trusted,cn_public_2022_2026_cycles_1_0,public_schedule_without_transaction_override,True,261,2025-01-16,complete
2025-01-16,0.00,0.00,0,4160837.95,last_posted_transaction_or_prior_closing_balance,,trusted,cn_public_2022_2026_cycles_1_0,public_schedule_without_transaction_override,True,262,2025-01-17,complete
2025-01-17,0.00,120736.37,2,4040101.58,last_posted_transaction_or_prior_closing_balance,synb1_txn_c8d428c7e387c1e4f3b42f73,trusted,cn_public_2022_2026_cycles_1_0,public_schedule_without_transaction_override,True,263,2025-01-20,complete
2025-01-18,3342.75,844507.92,3,3198936.41,last_posted_transaction_or_prior_closing_balance,synb1_txn_944f4974e92e11a1b0634d51,trusted,cn_public_2022_2026_cycles_1_0,public_schedule_without_transaction_override,False,,,complete
2025-01-19,0.00,0.00,0,3198936.41,last_posted_transaction_or_prior_closing_balance,,trusted,cn_public_2022_2026_cycles_1_0,public_schedule_without_transaction_override,False,,,complete
2025-01-20,0.00,106844.53,3,3092091.88,last_posted_transaction_or_prior_closing_balance,synb1_txn_f87517d8f2c1810d47854bdc,trusted,cn_public_2022_2026_cycles_1_0,public_schedule_without_transaction_override,True,264,2025-01-21,complete
2025-01-21,0.00,0.00,0,3092091.88,last_posted_transaction_or_prior_closing_balance,,trusted,cn_public_2022_2026_cycles_1_0,public_schedule_without_transaction_override,True,265,2025-01-22,complete
2025-01-22,186522.90,0.00,2,3278614.78,last_posted_transaction_or_prior_closing_balance,synb1_txn_c13b1e258d8a5b453fc0be36,trusted,cn_public_2022_2026_cycles_1_0,public_schedule_without_transaction_override,True,266,2025-01-23,complete
2025-01-23,0.00,0.00,0,3278614.78,last_posted_transaction_or_prior_closing_balance,,trusted,cn_public_2022_2026_cycles_1_0,public_schedule_without_transaction_override,True,267,2025-01-24,complete
2025-01-24,469369.07,68914.85,3,3679069.00,last_posted_transaction_or_prior_closing_balance,synb1_txn_7e328b2743ff3712e0e79638,trusted,cn_public_2022_2026_cycles_1_0,public_schedule_without_transaction_override,True,268,2025-01-26,complete
2025-01-25,291607.81,0.00,1,3970676.81,last_posted_transaction_or_prior_closing_balance,synb1_txn_d5b76123cdf90f7b9e21222d,trusted,cn_public_2022_2026_cycles_1_0,public_schedule_without_transaction_override,False,,,complete
2025-01-26,0.00,0.00,0,3970676.81,last_posted_transaction_or_prior_closing_balance,,trusted,cn_public_2022_2026_cycles_1_0,public_schedule_without_transaction_override,True,269,2025-01-27,complete
2025-01-27,0.00,0.00,0,3970676.81,last_posted_transaction_or_prior_closing_balance,,trusted,cn_public_2022_2026_cycles_1_0,public_schedule_without_transaction_override,True,270,2025-02-05,complete
2025-01-28,0.00,0.00,0,3970676.81,last_posted_transaction_or_prior_closing_balance,,trusted,cn_public_2022_2026_cycles_1_0,public_schedule_without_transaction_override,False,,,complete
2025-01-29,0.00,0.00,0,3970676.81,last_posted_transaction_or_prior_closing_balance,,trusted,cn_public_2022_2026_cycles_1_0,public_schedule_without_transaction_override,False,,,complete
2025-01-30,0.00,0.00,0,3970676.81,last_posted_transaction_or_prior_closing_balance,,trusted,cn_public_2022_2026_cycles_1_0,public_schedule_without_transaction_override,False,,,complete
2025-01-31,0.00,0.00,0,3970676.81,last_posted_transaction_or_prior_closing_balance,,trusted,cn_public_2022_2026_cycles_1_0,public_schedule_without_transaction_override,False,,,complete
2025-02-01,0.00,0.00,0,3970676.81,last_posted_transaction_or_prior_closing_balance,,trusted,cn_public_2022_2026_cycles_1_0,public_schedule_without_transaction_override,False,,,complete
2025-02-02,0.00,81117.24,1,3889559.57,last_posted_transaction_or_prior_closing_balance,synb1_txn_e5a4a0386f133be038a27f85,trusted,cn_public_2022_2026_cycles_1_0,public_schedule_without_transaction_override,False,,,complete
2025-02-03,0.00,42888.73,1,3846670.84,last_posted_transaction_or_prior_closing_balance,synb1_txn_f26b6cc4eb8572e40e46a455,trusted,cn_public_2022_2026_cycles_1_0,public_schedule_without_transaction_override,False,,,complete
2025-02-04,0.00,9887.41,3,3836783.43,last_posted_transaction_or_prior_closing_balance,synb1_txn_4226093facba310ace0b288a,trusted,cn_public_2022_2026_cycles_1_0,public_schedule_without_transaction_override,False,,,complete
2025-02-05,375649.19,75000.00,3,4137432.62,last_posted_transaction_or_prior_closing_balance,synb1_txn_574a962574bf3786195be0dd,trusted,cn_public_2022_2026_cycles_1_0,public_schedule_without_transaction_override,True,271,2025-02-06,complete
2025-02-06,0.00,0.00,0,4137432.62,last_posted_transaction_or_prior_closing_balance,,trusted,cn_public_2022_2026_cycles_1_0,public_schedule_without_transaction_override,True,272,2025-02-07,complete
2025-02-07,0.00,422975.46,2,3714457.16,last_posted_transaction_or_prior_closing_balance,synb1_txn_3973051536d858dea5e8e636,trusted,cn_public_2022_2026_cycles_1_0,public_schedule_without_transaction_override,True,273,2025-02-08,complete
2025-02-08,0.00,0.00,0,3714457.16,last_posted_transaction_or_prior_closing_balance,,trusted,cn_public_2022_2026_cycles_1_0,public_schedule_without_transaction_override,True,274,2025-02-10,complete
2025-02-09,0.00,398068.53,1,3316388.63,last_posted_transaction_or_prior_closing_balance,synb1_txn_388d9425e6ecfe858c6a032f,trusted,cn_public_2022_2026_cycles_1_0,public_schedule_without_transaction_override,False,,,complete
2025-02-10,0.00,13390.99,1,3302997.64,last_posted_transaction_or_prior_closing_balance,synb1_txn_d246583fefbe9f8f6644f49a,trusted,cn_public_2022_2026_cycles_1_0,public_schedule_without_transaction_override,True,275,2025-02-11,complete
2025-02-11,400206.88,0.00,1,3703204.52,last_posted_transaction_or_prior_closing_balance,synb1_txn_97d35d4311fcfe5bf7cf212f,trusted,cn_public_2022_2026_cycles_1_0,public_schedule_without_transaction_override,True,276,2025-02-12,complete
2025-02-12,0.00,0.00,0,3703204.52,last_posted_transaction_or_prior_closing_balance,,trusted,cn_public_2022_2026_cycles_1_0,public_schedule_without_transaction_override,True,277,2025-02-13,complete
2025-02-13,0.00,0.00,0,3703204.52,last_posted_transaction_or_prior_closing_balance,,trusted,cn_public_2022_2026_cycles_1_0,public_schedule_without_transaction_override,True,278,2025-02-14,complete
2025-02-14,0.00,0.00,0,3703204.52,last_posted_transaction_or_prior_closing_balance,,trusted,cn_public_2022_2026_cycles_1_0,public_schedule_without_transaction_override,True,279,2025-02-17,complete
2025-02-15,341249.08,0.00,1,4044453.60,last_posted_transaction_or_prior_closing_balance,synb1_txn_ed0042d9f8e19cd23fc2d1c6,trusted,cn_public_2022_2026_cycles_1_0,public_schedule_without_transaction_override,False,,,complete
2025-02-16,0.00,31142.49,2,4013311.11,last_posted_transaction_or_prior_closing_balance,synb1_txn_02d46c71af0a86b49221e835,trusted,cn_public_2022_2026_cycles_1_0,public_schedule_without_transaction_override,False,,,complete
2025-02-17,0.00,31632.01,1,3981679.10,last_posted_transaction_or_prior_closing_balance,synb1_txn_deb62e122ad3e0d2d4163f3f,trusted,cn_public_2022_2026_cycles_1_0,public_schedule_without_transaction_override,True,280,2025-02-18,complete
2025-02-18,95266.85,18592.00,4,4058353.95,last_posted_transaction_or_prior_closing_balance,synb1_txn_db3641d195fa25426a167430,trusted,cn_public_2022_2026_cycles_1_0,public_schedule_without_transaction_override,True,281,2025-02-19,complete
2025-02-19,245294.64,0.00,1,4303648.59,last_posted_transaction_or_prior_closing_balance,synb1_txn_14da68230a018390861f6b89,trusted,cn_public_2022_2026_cycles_1_0,public_schedule_without_transaction_override,True,282,2025-02-20,complete
2025-02-20,0.00,510952.06,2,3792696.53,last_posted_transaction_or_prior_closing_balance,synb1_txn_f7fa499a37066f477cac2557,trusted,cn_public_2022_2026_cycles_1_0,public_schedule_without_transaction_override,True,283,2025-02-21,complete
2025-02-21,79647.01,0.00,1,3872343.54,last_posted_transaction_or_prior_closing_balance,synb1_txn_06e63a56539286367cc81888,trusted,cn_public_2022_2026_cycles_1_0,public_schedule_without_transaction_override,True,284,2025-02-24,complete
2025-02-22,0.00,79166.59,1,3793176.95,last_posted_transaction_or_prior_closing_balance,synb1_txn_5d9e4193e04067842ce5b4b6,trusted,cn_public_2022_2026_cycles_1_0,public_schedule_without_transaction_override,False,,,complete
2025-02-23,0.00,0.00,0,3793176.95,last_posted_transaction_or_prior_closing_balance,,trusted,cn_public_2022_2026_cycles_1_0,public_schedule_without_transaction_override,False,,,complete
2025-02-24,0.00,0.00,0,3793176.95,last_posted_transaction_or_prior_closing_balance,,trusted,cn_public_2022_2026_cycles_1_0,public_schedule_without_transaction_override,True,285,2025-02-25,complete
2025-02-25,0.00,31964.09,1,3761212.86,last_posted_transaction_or_prior_closing_balance,synb1_txn_eca3aa077202cf2c282243d6,trusted,cn_public_2022_2026_cycles_1_0,public_schedule_without_transaction_override,True,286,2025-02-26,complete
2025-02-26,47686.35,0.00,1,3808899.21,last_posted_transaction_or_prior_closing_balance,synb1_txn_057ddf8e37751fdbd3224f01,trusted,cn_public_2022_2026_cycles_1_0,public_schedule_without_transaction_override,True,287,2025-02-27,complete
2025-02-27,0.00,0.00,0,3808899.21,last_posted_transaction_or_prior_closing_balance,,trusted,cn_public_2022_2026_cycles_1_0,public_schedule_without_transaction_override,True,288,2025-02-28,complete
2025-02-28,0.00,2014.40,1,3806884.81,last_posted_transaction_or_prior_closing_balance,synb1_txn_6a5b049c989e35b473afaec7,trusted,cn_public_2022_2026_cycles_1_0,public_schedule_without_transaction_override,True,289,2025-03-03,complete
2025-03-01,0.00,0.00,0,3806884.81,last_posted_transaction_or_prior_closing_balance,,trusted,cn_public_2022_2026_cycles_1_0,public_schedule_without_transaction_override,False,,,complete
2025-03-02,0.00,69875.08,1,3737009.73,last_posted_transaction_or_prior_closing_balance,synb1_txn_e8d4ba0ad96d7393964b1e5d,trusted,cn_public_2022_2026_cycles_1_0,public_schedule_without_transaction_override,False,,,complete
2025-03-03,43036.78,31706.01,2,3748340.50,last_posted_transaction_or_prior_closing_balance,synb1_txn_288c7418519ffca92f039ccf,trusted,cn_public_2022_2026_cycles_1_0,public_schedule_without_transaction_override,True,290,2025-03-04,complete
2025-03-04,91218.73,1073319.18,4,2766240.05,last_posted_transaction_or_prior_closing_balance,synb1_txn_4ee74356bf382ee21f5d1a8e,trusted,cn_public_2022_2026_cycles_1_0,public_schedule_without_transaction_override,True,291,2025-03-05,complete
2025-03-05,0.00,75000.00,1,2691240.05,last_posted_transaction_or_prior_closing_balance,synb1_txn_0b123c355f98f45f065973b9,trusted,cn_public_2022_2026_cycles_1_0,public_schedule_without_transaction_override,True,292,2025-03-06,complete
2025-03-06,192013.37,0.00,1,2883253.42,last_posted_transaction_or_prior_closing_balance,synb1_txn_4bd4711a2cd46a0c7f320131,trusted,cn_public_2022_2026_cycles_1_0,public_schedule_without_transaction_override,True,293,2025-03-07,complete
2025-03-07,71770.93,331102.53,4,2623921.82,last_posted_transaction_or_prior_closing_balance,synb1_txn_8ae9b69d230fb3821e1b9337,trusted,cn_public_2022_2026_cycles_1_0,public_schedule_without_transaction_override,True,294,2025-03-10,complete
2025-03-08,183533.44,0.00,2,2807455.26,last_posted_transaction_or_prior_closing_balance,synb1_txn_3858badf8b55c50ae0defc54,trusted,cn_public_2022_2026_cycles_1_0,public_schedule_without_transaction_override,False,,,complete
2025-03-09,0.00,0.00,0,2807455.26,last_posted_transaction_or_prior_closing_balance,,trusted,cn_public_2022_2026_cycles_1_0,public_schedule_without_transaction_override,False,,,complete
2025-03-10,0.00,0.00,0,2807455.26,last_posted_transaction_or_prior_closing_balance,,trusted,cn_public_2022_2026_cycles_1_0,public_schedule_without_transaction_override,True,295,2025-03-11,complete
2025-03-11,0.00,0.00,0,2807455.26,last_posted_transaction_or_prior_closing_balance,,trusted,cn_public_2022_2026_cycles_1_0,public_schedule_without_transaction_override,True,296,2025-03-12,complete
2025-03-12,0.00,0.00,0,2807455.26,last_posted_transaction_or_prior_closing_balance,,trusted,cn_public_2022_2026_cycles_1_0,public_schedule_without_transaction_override,True,297,2025-03-13,complete
2025-03-13,6381.82,26479.11,2,2787357.97,last_posted_transaction_or_prior_closing_balance,synb1_txn_2daa5e6e8ff2be0115a01a12,trusted,cn_public_2022_2026_cycles_1_0,public_schedule_without_transaction_override,True,298,2025-03-14,complete
2025-03-14,0.00,0.00,0,2787357.97,last_posted_transaction_or_prior_closing_balance,,trusted,cn_public_2022_2026_cycles_1_0,public_schedule_without_transaction_override,True,299,2025-03-17,complete
2025-03-15,146158.77,0.00,1,2933516.74,last_posted_transaction_or_prior_closing_balance,synb1_txn_15451c1fe9e073200f6e1593,trusted,cn_public_2022_2026_cycles_1_0,public_schedule_without_transaction_override,False,,,complete
2025-03-16,0.00,13293.99,1,2920222.75,last_posted_transaction_or_prior_closing_balance,synb1_txn_d055063ab1fa594bd90b7431,trusted,cn_public_2022_2026_cycles_1_0,public_schedule_without_transaction_override,False,,,complete
2025-03-17,0.00,81624.10,1,2838598.65,last_posted_transaction_or_prior_closing_balance,synb1_txn_32f0c86da80be1b11f0165bd,trusted,cn_public_2022_2026_cycles_1_0,public_schedule_without_transaction_override,True,300,2025-03-18,complete
2025-03-18,59176.48,16912.00,3,2880863.13,last_posted_transaction_or_prior_closing_balance,synb1_txn_5ae7c63e87bb6a25a558066b,trusted,cn_public_2022_2026_cycles_1_0,public_schedule_without_transaction_override,True,301,2025-03-19,complete
2025-03-19,0.00,0.00,0,2880863.13,last_posted_transaction_or_prior_closing_balance,,trusted,cn_public_2022_2026_cycles_1_0,public_schedule_without_transaction_override,True,302,2025-03-20,complete
2025-03-20,0.00,0.00,0,2880863.13,last_posted_transaction_or_prior_closing_balance,,trusted,cn_public_2022_2026_cycles_1_0,public_schedule_without_transaction_override,True,303,2025-03-21,complete
2025-03-21,0.00,0.00,0,2880863.13,last_posted_transaction_or_prior_closing_balance,,trusted,cn_public_2022_2026_cycles_1_0,public_schedule_without_transaction_override,True,304,2025-03-24,complete
2025-03-22,0.00,0.00,0,2880863.13,last_posted_transaction_or_prior_closing_balance,,trusted,cn_public_2022_2026_cycles_1_0,public_schedule_without_transaction_override,False,,,complete
2025-03-23,342247.88,0.00,2,3223111.01,last_posted_transaction_or_prior_closing_balance,synb1_txn_c1f6369deaa767e1afd36f38,trusted,cn_public_2022_2026_cycles_1_0,public_schedule_without_transaction_override,False,,,complete
2025-03-24,61692.03,0.00,1,3284803.04,last_posted_transaction_or_prior_closing_balance,synb1_txn_072baf4860632c2c24ece666,trusted,cn_public_2022_2026_cycles_1_0,public_schedule_without_transaction_override,True,305,2025-03-25,complete
2025-03-25,21202.75,0.00,1,3306005.79,last_posted_transaction_or_prior_closing_balance,synb1_txn_b9025c857dabab0f851de18d,trusted,cn_public_2022_2026_cycles_1_0,public_schedule_without_transaction_override,True,306,2025-03-26,complete
2025-03-26,13567.02,0.00,1,3319572.81,last_posted_transaction_or_prior_closing_balance,synb1_txn_a763d88cb04eb71080e125f8,trusted,cn_public_2022_2026_cycles_1_0,public_schedule_without_transaction_override,True,307,2025-03-27,complete
2025-03-27,0.00,0.00,0,3319572.81,last_posted_transaction_or_prior_closing_balance,,trusted,cn_public_2022_2026_cycles_1_0,public_schedule_without_transaction_override,True,308,2025-03-28,complete
2025-03-28,0.00,0.00,0,3319572.81,last_posted_transaction_or_prior_closing_balance,,trusted,cn_public_2022_2026_cycles_1_0,public_schedule_without_transaction_override,True,309,2025-03-31,complete
2025-03-29,0.00,0.00,0,3319572.81,last_posted_transaction_or_prior_closing_balance,,trusted,cn_public_2022_2026_cycles_1_0,public_schedule_without_transaction_override,False,,,complete
2025-03-30,0.00,0.00,0,3319572.81,last_posted_transaction_or_prior_closing_balance,,trusted,cn_public_2022_2026_cycles_1_0,public_schedule_without_transaction_override,False,,,complete
2025-03-31,0.00,0.00,0,3319572.81,last_posted_transaction_or_prior_closing_balance,,trusted,cn_public_2022_2026_cycles_1_0,public_schedule_without_transaction_override,True,310,2025-04-01,complete
2025-04-01,0.00,0.00,0,3319572.81,last_posted_transaction_or_prior_closing_balance,,trusted,cn_public_2022_2026_cycles_1_0,public_schedule_without_transaction_override,True,311,2025-04-02,complete
2025-04-02,0.00,0.00,0,3319572.81,last_posted_transaction_or_prior_closing_balance,,trusted,cn_public_2022_2026_cycles_1_0,public_schedule_without_transaction_override,True,312,2025-04-03,complete
2025-04-03,0.00,0.00,0,3319572.81,last_posted_transaction_or_prior_closing_balance,,trusted,cn_public_2022_2026_cycles_1_0,public_schedule_without_transaction_override,True,313,2025-04-07,complete
2025-04-04,0.00,0.00,0,3319572.81,last_posted_transaction_or_prior_closing_balance,,trusted,cn_public_2022_2026_cycles_1_0,public_schedule_without_transaction_override,False,,,complete
2025-04-05,0.00,290587.05,4,3028985.76,last_posted_transaction_or_prior_closing_balance,synb1_txn_98f3b48518b35c55bdf2b4b7,trusted,cn_public_2022_2026_cycles_1_0,public_schedule_without_transaction_override,False,,,complete
2025-04-06,0.00,0.00,0,3028985.76,last_posted_transaction_or_prior_closing_balance,,trusted,cn_public_2022_2026_cycles_1_0,public_schedule_without_transaction_override,False,,,complete
2025-04-07,0.00,263756.22,2,2765229.54,last_posted_transaction_or_prior_closing_balance,synb1_txn_8fdb98f9b4e15f2cea28a176,trusted,cn_public_2022_2026_cycles_1_0,public_schedule_without_transaction_override,True,314,2025-04-08,complete
2025-04-08,0.00,0.00,0,2765229.54,last_posted_transaction_or_prior_closing_balance,,trusted,cn_public_2022_2026_cycles_1_0,public_schedule_without_transaction_override,True,315,2025-04-09,complete
2025-04-09,0.00,7587.24,1,2757642.30,last_posted_transaction_or_prior_closing_balance,synb1_txn_43e98373024bde4e0c3e25f7,trusted,cn_public_2022_2026_cycles_1_0,public_schedule_without_transaction_override,True,316,2025-04-10,complete
2025-04-10,89061.88,0.00,1,2846704.18,last_posted_transaction_or_prior_closing_balance,synb1_txn_9c46d139080c9cf37bb75ff1,trusted,cn_public_2022_2026_cycles_1_0,public_schedule_without_transaction_override,True,317,2025-04-11,complete
2025-04-11,6037.66,0.00,1,2852741.84,last_posted_transaction_or_prior_closing_balance,synb1_txn_b7852f09298c5f6b3654af9f,trusted,cn_public_2022_2026_cycles_1_0,public_schedule_without_transaction_override,True,318,2025-04-14,complete
2025-04-12,0.00,252923.97,3,2599817.87,last_posted_transaction_or_prior_closing_balance,synb1_txn_cea5dbcb1fe7913031e06606,trusted,cn_public_2022_2026_cycles_1_0,public_schedule_without_transaction_override,False,,,complete
2025-04-13,0.00,83530.77,1,2516287.10,last_posted_transaction_or_prior_closing_balance,synb1_txn_7ab46da6f0434b31a30f45e6,trusted,cn_public_2022_2026_cycles_1_0,public_schedule_without_transaction_override,False,,,complete
2025-04-14,0.00,96514.86,1,2419772.24,last_posted_transaction_or_prior_closing_balance,synb1_txn_1764075fa0eb85e24a450312,trusted,cn_public_2022_2026_cycles_1_0,public_schedule_without_transaction_override,True,319,2025-04-15,complete
2025-04-15,5927.73,98301.28,2,2327398.69,last_posted_transaction_or_prior_closing_balance,synb1_txn_d9af79809b4f7b7d00f300e9,trusted,cn_public_2022_2026_cycles_1_0,public_schedule_without_transaction_override,True,320,2025-04-16,complete
2025-04-16,0.00,2566.71,1,2324831.98,last_posted_transaction_or_prior_closing_balance,synb1_txn_65711dbef8e1e63d69fd5da1,trusted,cn_public_2022_2026_cycles_1_0,public_schedule_without_transaction_override,True,321,2025-04-17,complete
2025-04-17,0.00,0.00,0,2324831.98,last_posted_transaction_or_prior_closing_balance,,trusted,cn_public_2022_2026_cycles_1_0,public_schedule_without_transaction_override,True,322,2025-04-18,complete
2025-04-18,0.00,17808.00,2,2307023.98,last_posted_transaction_or_prior_closing_balance,synb1_txn_527dc420359d2a9602a0b5fa,trusted,cn_public_2022_2026_cycles_1_0,public_schedule_without_transaction_override,True,323,2025-04-21,complete
2025-04-19,0.00,0.00,0,2307023.98,last_posted_transaction_or_prior_closing_balance,,trusted,cn_public_2022_2026_cycles_1_0,public_schedule_without_transaction_override,False,,,complete
2025-04-20,0.00,0.00,0,2307023.98,last_posted_transaction_or_prior_closing_balance,,trusted,cn_public_2022_2026_cycles_1_0,public_schedule_without_transaction_override,False,,,complete
2025-04-21,143984.10,0.00,1,2451008.08,last_posted_transaction_or_prior_closing_balance,synb1_txn_94d88c98551632b2bc3b07c6,trusted,cn_public_2022_2026_cycles_1_0,public_schedule_without_transaction_override,True,324,2025-04-22,complete
2025-04-22,0.00,19412.65,1,2431595.43,last_posted_transaction_or_prior_closing_balance,synb1_txn_12c938e67e935789e1cd23fa,trusted,cn_public_2022_2026_cycles_1_0,public_schedule_without_transaction_override,True,325,2025-04-23,complete
2025-04-23,0.00,2810.62,1,2428784.81,last_posted_transaction_or_prior_closing_balance,synb1_txn_e1434d28e3108f6d4593c0c4,trusted,cn_public_2022_2026_cycles_1_0,public_schedule_without_transaction_override,True,326,2025-04-24,complete
2025-04-24,27278.04,0.00,1,2456062.85,last_posted_transaction_or_prior_closing_balance,synb1_txn_d1c4b8e98fc8f93363c612c4,trusted,cn_public_2022_2026_cycles_1_0,public_schedule_without_transaction_override,True,327,2025-04-25,complete
2025-04-25,93548.94,0.00,1,2549611.79,last_posted_transaction_or_prior_closing_balance,synb1_txn_af849248599047c729ab2290,trusted,cn_public_2022_2026_cycles_1_0,public_schedule_without_transaction_override,True,328,2025-04-27,complete
2025-04-26,60161.65,0.00,1,2609773.44,last_posted_transaction_or_prior_closing_balance,synb1_txn_9bb4c29fbfbc9cfa481d913d,trusted,cn_public_2022_2026_cycles_1_0,public_schedule_without_transaction_override,False,,,complete
2025-04-27,0.00,0.00,0,2609773.44,last_posted_transaction_or_prior_closing_balance,,trusted,cn_public_2022_2026_cycles_1_0,public_schedule_without_transaction_override,True,329,2025-04-28,complete
2025-04-28,0.00,506988.63,2,2102784.81,last_posted_transaction_or_prior_closing_balance,synb1_txn_8a0440c502d29b0a6bdf937f,trusted,cn_public_2022_2026_cycles_1_0,public_schedule_without_transaction_override,True,330,2025-04-29,complete
2025-04-29,0.00,0.00,0,2102784.81,last_posted_transaction_or_prior_closing_balance,,trusted,cn_public_2022_2026_cycles_1_0,public_schedule_without_transaction_override,True,331,2025-04-30,complete
2025-04-30,0.00,0.00,0,2102784.81,last_posted_transaction_or_prior_closing_balance,,trusted,cn_public_2022_2026_cycles_1_0,public_schedule_without_transaction_override,True,332,2025-05-06,complete
2025-05-01,0.00,0.00,0,2102784.81,last_posted_transaction_or_prior_closing_balance,,trusted,cn_public_2022_2026_cycles_1_0,public_schedule_without_transaction_override,False,,,complete
2025-05-02,0.00,0.00,0,2102784.81,last_posted_transaction_or_prior_closing_balance,,trusted,cn_public_2022_2026_cycles_1_0,public_schedule_without_transaction_override,False,,,complete
2025-05-03,0.00,20825.14,1,2081959.67,last_posted_transaction_or_prior_closing_balance,synb1_txn_02354dae33a44ddb83be3154,trusted,cn_public_2022_2026_cycles_1_0,public_schedule_without_transaction_override,False,,,complete
2025-05-04,104906.94,0.00,1,2186866.61,last_posted_transaction_or_prior_closing_balance,synb1_txn_d52d8bffa333d467b25f4179,trusted,cn_public_2022_2026_cycles_1_0,public_schedule_without_transaction_override,False,,,complete
2025-05-05,0.00,305036.03,2,1881830.58,last_posted_transaction_or_prior_closing_balance,synb1_txn_742f22b704d0c12bd91cb21e,trusted,cn_public_2022_2026_cycles_1_0,public_schedule_without_transaction_override,False,,,complete
2025-05-06,53319.92,688738.83,4,1246411.67,last_posted_transaction_or_prior_closing_balance,synb1_txn_a6853cf4ac480a60a3bb3f84,trusted,cn_public_2022_2026_cycles_1_0,public_schedule_without_transaction_override,True,333,2025-05-07,complete
2025-05-07,238.85,250000.00,2,996650.52,last_posted_transaction_or_prior_closing_balance,synb1_txn_92687567afe7f1df54dea8c5,trusted,cn_public_2022_2026_cycles_1_0,public_schedule_without_transaction_override,True,334,2025-05-08,complete
2025-05-08,237043.77,3232.22,2,1230462.07,last_posted_transaction_or_prior_closing_balance,synb1_txn_ad09273c2d60546a057d0078,trusted,cn_public_2022_2026_cycles_1_0,public_schedule_without_transaction_override,True,335,2025-05-09,complete
2025-05-09,0.00,0.00,0,1230462.07,last_posted_transaction_or_prior_closing_balance,,trusted,cn_public_2022_2026_cycles_1_0,public_schedule_without_transaction_override,True,336,2025-05-12,complete
2025-05-10,0.00,0.00,0,1230462.07,last_posted_transaction_or_prior_closing_balance,,trusted,cn_public_2022_2026_cycles_1_0,public_schedule_without_transaction_override,False,,,complete
2025-05-11,0.00,247080.00,2,983382.07,last_posted_transaction_or_prior_closing_balance,synb1_txn_ea1312310363a6fe6fbb52c4,trusted,cn_public_2022_2026_cycles_1_0,public_schedule_without_transaction_override,False,,,complete
2025-05-12,0.00,0.00,0,983382.07,last_posted_transaction_or_prior_closing_balance,,trusted,cn_public_2022_2026_cycles_1_0,public_schedule_without_transaction_override,True,337,2025-05-13,complete
2025-05-13,248040.25,0.00,1,1231422.32,last_posted_transaction_or_prior_closing_balance,synb1_txn_54e6532157144e5087dd6110,trusted,cn_public_2022_2026_cycles_1_0,public_schedule_without_transaction_override,True,338,2025-05-14,complete
2025-05-14,0.00,0.00,0,1231422.32,last_posted_transaction_or_prior_closing_balance,,trusted,cn_public_2022_2026_cycles_1_0,public_schedule_without_transaction_override,True,339,2025-05-15,complete
2025-05-15,0.00,0.00,0,1231422.32,last_posted_transaction_or_prior_closing_balance,,trusted,cn_public_2022_2026_cycles_1_0,public_schedule_without_transaction_override,True,340,2025-05-16,complete
2025-05-16,349885.30,0.00,2,1581307.62,last_posted_transaction_or_prior_closing_balance,synb1_txn_c67fc5b966877a8beae27c5f,trusted,cn_public_2022_2026_cycles_1_0,public_schedule_without_transaction_override,True,341,2025-05-19,complete
2025-05-17,44980.17,14640.39,2,1611647.40,last_posted_transaction_or_prior_closing_balance,synb1_txn_3a59f570022036ad6fc71688,trusted,cn_public_2022_2026_cycles_1_0,public_schedule_without_transaction_override,False,,,complete
2025-05-18,0.00,0.00,0,1611647.40,last_posted_transaction_or_prior_closing_balance,,trusted,cn_public_2022_2026_cycles_1_0,public_schedule_without_transaction_override,False,,,complete
2025-05-19,0.00,15904.00,2,1595743.40,last_posted_transaction_or_prior_closing_balance,synb1_txn_ecc3a03f54577cea36d083a4,trusted,cn_public_2022_2026_cycles_1_0,public_schedule_without_transaction_override,True,342,2025-05-20,complete
2025-05-20,0.00,0.00,0,1595743.40,last_posted_transaction_or_prior_closing_balance,,trusted,cn_public_2022_2026_cycles_1_0,public_schedule_without_transaction_override,True,343,2025-05-21,complete
2025-05-21,220205.69,0.00,1,1815949.09,last_posted_transaction_or_prior_closing_balance,synb1_txn_70758b808757496fe45b27ad,trusted,cn_public_2022_2026_cycles_1_0,public_schedule_without_transaction_override,True,344,2025-05-22,complete
2025-05-22,132664.99,0.00,1,1948614.08,last_posted_transaction_or_prior_closing_balance,synb1_txn_11ed9bab92146c6bf7c785cd,trusted,cn_public_2022_2026_cycles_1_0,public_schedule_without_transaction_override,True,345,2025-05-23,complete
2025-05-23,0.00,0.00,0,1948614.08,last_posted_transaction_or_prior_closing_balance,,trusted,cn_public_2022_2026_cycles_1_0,public_schedule_without_transaction_override,True,346,2025-05-26,complete
2025-05-24,126714.12,0.00,1,2075328.20,last_posted_transaction_or_prior_closing_balance,synb1_txn_c173ad6d17dfae3a983ea529,trusted,cn_public_2022_2026_cycles_1_0,public_schedule_without_transaction_override,False,,,complete
2025-05-25,0.00,27127.39,1,2048200.81,last_posted_transaction_or_prior_closing_balance,synb1_txn_1aae17a51eb092f7a11150fa,trusted,cn_public_2022_2026_cycles_1_0,public_schedule_without_transaction_override,False,,,complete
2025-05-26,0.00,0.00,0,2048200.81,last_posted_transaction_or_prior_closing_balance,,trusted,cn_public_2022_2026_cycles_1_0,public_schedule_without_transaction_override,True,347,2025-05-27,complete
2025-05-27,0.00,0.00,0,2048200.81,last_posted_transaction_or_prior_closing_balance,,trusted,cn_public_2022_2026_cycles_1_0,public_schedule_without_transaction_override,True,348,2025-05-28,complete
2025-05-28,0.00,0.00,0,2048200.81,last_posted_transaction_or_prior_closing_balance,,trusted,cn_public_2022_2026_cycles_1_0,public_schedule_without_transaction_override,True,349,2025-05-29,complete
2025-05-29,0.00,0.00,0,2048200.81,last_posted_transaction_or_prior_closing_balance,,trusted,cn_public_2022_2026_cycles_1_0,public_schedule_without_transaction_override,True,350,2025-05-30,complete
2025-05-30,0.00,0.00,0,2048200.81,last_posted_transaction_or_prior_closing_balance,,trusted,cn_public_2022_2026_cycles_1_0,public_schedule_without_transaction_override,True,351,2025-06-03,complete
2025-05-31,0.00,0.00,0,2048200.81,last_posted_transaction_or_prior_closing_balance,,trusted,cn_public_2022_2026_cycles_1_0,public_schedule_without_transaction_override,False,,,complete
2025-06-01,0.00,0.00,0,2048200.81,last_posted_transaction_or_prior_closing_balance,,trusted,cn_public_2022_2026_cycles_1_0,public_schedule_without_transaction_override,False,,,complete
2025-06-02,0.00,91001.41,3,1957199.40,last_posted_transaction_or_prior_closing_balance,synb1_txn_61dce8bc5bb1938be9fa7ba2,trusted,cn_public_2022_2026_cycles_1_0,public_schedule_without_transaction_override,False,,,complete
2025-06-03,0.00,0.00,0,1957199.40,last_posted_transaction_or_prior_closing_balance,,trusted,cn_public_2022_2026_cycles_1_0,public_schedule_without_transaction_override,True,352,2025-06-04,complete
2025-06-04,0.00,0.00,0,1957199.40,last_posted_transaction_or_prior_closing_balance,,trusted,cn_public_2022_2026_cycles_1_0,public_schedule_without_transaction_override,True,353,2025-06-05,complete
2025-06-05,0.00,82091.04,2,1875108.36,last_posted_transaction_or_prior_closing_balance,synb1_txn_3c2ffb2d7f6379c960caeffa,trusted,cn_public_2022_2026_cycles_1_0,public_schedule_without_transaction_override,True,354,2025-06-06,complete
2025-06-06,0.00,91322.16,1,1783786.20,last_posted_transaction_or_prior_closing_balance,synb1_txn_2baa1691ea56b7e3e473a8d6,trusted,cn_public_2022_2026_cycles_1_0,public_schedule_without_transaction_override,True,355,2025-06-09,complete
2025-06-07,0.00,315361.22,2,1468424.98,last_posted_transaction_or_prior_closing_balance,synb1_txn_e06bbe66643c1db20bd9b551,trusted,cn_public_2022_2026_cycles_1_0,public_schedule_without_transaction_override,False,,,complete
2025-06-08,0.00,0.00,0,1468424.98,last_posted_transaction_or_prior_closing_balance,,trusted,cn_public_2022_2026_cycles_1_0,public_schedule_without_transaction_override,False,,,complete
2025-06-09,447834.44,0.00,2,1916259.42,last_posted_transaction_or_prior_closing_balance,synb1_txn_24c335803d83c229bed82f76,trusted,cn_public_2022_2026_cycles_1_0,public_schedule_without_transaction_override,True,356,2025-06-10,complete
2025-06-10,0.00,26743.98,1,1889515.44,last_posted_transaction_or_prior_closing_balance,synb1_txn_c94c2f9f6611d1031a1f220d,trusted,cn_public_2022_2026_cycles_1_0,public_schedule_without_transaction_override,True,357,2025-06-11,complete
2025-06-11,0.00,274228.80,1,1615286.64,last_posted_transaction_or_prior_closing_balance,synb1_txn_2e80190cd72acd8c6d7dc966,trusted,cn_public_2022_2026_cycles_1_0,public_schedule_without_transaction_override,True,358,2025-06-12,complete
2025-06-12,226533.06,0.00,1,1841819.70,last_posted_transaction_or_prior_closing_balance,synb1_txn_6b87e2d9f2d6bf85807cf1c8,trusted,cn_public_2022_2026_cycles_1_0,public_schedule_without_transaction_override,True,359,2025-06-13,complete
2025-06-13,36041.59,0.00,1,1877861.29,last_posted_transaction_or_prior_closing_balance,synb1_txn_c76b9b7ca13b6b91eda4166a,trusted,cn_public_2022_2026_cycles_1_0,public_schedule_without_transaction_override,True,360,2025-06-16,complete
2025-06-14,0.00,0.00,0,1877861.29,last_posted_transaction_or_prior_closing_balance,,trusted,cn_public_2022_2026_cycles_1_0,public_schedule_without_transaction_override,False,,,complete
2025-06-15,23842.77,112348.49,2,1789355.57,last_posted_transaction_or_prior_closing_balance,synb1_txn_82b26fd3f0f2c1d6036abc44,trusted,cn_public_2022_2026_cycles_1_0,public_schedule_without_transaction_override,False,,,complete
2025-06-16,0.00,33857.68,1,1755497.89,last_posted_transaction_or_prior_closing_balance,synb1_txn_3355badff00fb9c32e0c13d9,trusted,cn_public_2022_2026_cycles_1_0,public_schedule_without_transaction_override,True,361,2025-06-17,complete
2025-06-17,0.00,11731.90,1,1743765.99,last_posted_transaction_or_prior_closing_balance,synb1_txn_08a5afcde65b799ccad66317,trusted,cn_public_2022_2026_cycles_1_0,public_schedule_without_transaction_override,True,362,2025-06-18,complete
2025-06-18,0.00,27103.74,4,1716662.25,last_posted_transaction_or_prior_closing_balance,synb1_txn_d4422adc4ab49a42786ef21c,trusted,cn_public_2022_2026_cycles_1_0,public_schedule_without_transaction_override,True,363,2025-06-19,complete
2025-06-19,0.00,10491.79,1,1706170.46,last_posted_transaction_or_prior_closing_balance,synb1_txn_a14e74a6dbed8473ac1be09f,trusted,cn_public_2022_2026_cycles_1_0,public_schedule_without_transaction_override,True,364,2025-06-20,complete
2025-06-20,115075.99,0.00,1,1821246.45,last_posted_transaction_or_prior_closing_balance,synb1_txn_c8e40ae483c2ef2f3e6af248,trusted,cn_public_2022_2026_cycles_1_0,public_schedule_without_transaction_override,True,365,2025-06-23,complete
2025-06-21,0.00,0.00,0,1821246.45,last_posted_transaction_or_prior_closing_balance,,trusted,cn_public_2022_2026_cycles_1_0,public_schedule_without_transaction_override,False,,,complete
2025-06-22,505090.23,565985.98,5,1760350.70,last_posted_transaction_or_prior_closing_balance,synb1_txn_887c35cd86ba54a5ccfb80c2,trusted,cn_public_2022_2026_cycles_1_0,public_schedule_without_transaction_override,False,,,complete
2025-06-23,66530.91,0.00,1,1826881.61,last_posted_transaction_or_prior_closing_balance,synb1_txn_2e6927d037b7a3840bfa6adc,trusted,cn_public_2022_2026_cycles_1_0,public_schedule_without_transaction_override,True,366,2025-06-24,complete
2025-06-24,14051.01,0.00,1,1840932.62,last_posted_transaction_or_prior_closing_balance,synb1_txn_013eaa86233514e88dc1570f,trusted,cn_public_2022_2026_cycles_1_0,public_schedule_without_transaction_override,True,367,2025-06-25,complete
2025-06-25,0.00,0.00,0,1840932.62,last_posted_transaction_or_prior_closing_balance,,trusted,cn_public_2022_2026_cycles_1_0,public_schedule_without_transaction_override,True,368,2025-06-26,complete
2025-06-26,0.00,0.00,0,1840932.62,last_posted_transaction_or_prior_closing_balance,,trusted,cn_public_2022_2026_cycles_1_0,public_schedule_without_transaction_override,True,369,2025-06-27,complete
2025-06-27,0.00,0.00,0,1840932.62,last_posted_transaction_or_prior_closing_balance,,trusted,cn_public_2022_2026_cycles_1_0,public_schedule_without_transaction_override,True,370,2025-06-30,complete
2025-06-28,0.00,871.81,1,1840060.81,last_posted_transaction_or_prior_closing_balance,synb1_txn_73c79e90006155db03ad635b,trusted,cn_public_2022_2026_cycles_1_0,public_schedule_without_transaction_override,False,,,complete
2025-06-29,0.00,0.00,0,1840060.81,last_posted_transaction_or_prior_closing_balance,,trusted,cn_public_2022_2026_cycles_1_0,public_schedule_without_transaction_override,False,,,complete
2025-06-30,0.00,0.00,0,1840060.81,last_posted_transaction_or_prior_closing_balance,,trusted,cn_public_2022_2026_cycles_1_0,public_schedule_without_transaction_override,True,371,2025-07-01,complete
2025-07-01,0.00,0.00,0,1840060.81,last_posted_transaction_or_prior_closing_balance,,trusted,cn_public_2022_2026_cycles_1_0,public_schedule_without_transaction_override,True,372,2025-07-02,complete
2025-07-02,0.00,5950.28,1,1834110.53,last_posted_transaction_or_prior_closing_balance,synb1_txn_0e61570591d5e50ed41d3e38,trusted,cn_public_2022_2026_cycles_1_0,public_schedule_without_transaction_override,True,373,2025-07-03,complete
2025-07-03,276578.57,0.00,2,2110689.10,last_posted_transaction_or_prior_closing_balance,synb1_txn_dbc354caf89fce68e3032d2a,trusted,cn_public_2022_2026_cycles_1_0,public_schedule_without_transaction_override,True,374,2025-07-04,complete
2025-07-04,0.00,44923.91,1,2065765.19,last_posted_transaction_or_prior_closing_balance,synb1_txn_b0e169a67082725e542494cb,trusted,cn_public_2022_2026_cycles_1_0,public_schedule_without_transaction_override,True,375,2025-07-07,complete
2025-07-05,0.00,88571.30,2,1977193.89,last_posted_transaction_or_prior_closing_balance,synb1_txn_0438a4f09ceb48df4426081d,trusted,cn_public_2022_2026_cycles_1_0,public_schedule_without_transaction_override,False,,,complete
2025-07-06,145679.33,0.00,1,2122873.22,last_posted_transaction_or_prior_closing_balance,synb1_txn_4d9ab618c7258aa796acbe73,trusted,cn_public_2022_2026_cycles_1_0,public_schedule_without_transaction_override,False,,,complete
2025-07-07,3658.88,250000.00,2,1876532.10,last_posted_transaction_or_prior_closing_balance,synb1_txn_dbf63d5897c361ea04ef04d5,trusted,cn_public_2022_2026_cycles_1_0,public_schedule_without_transaction_override,True,376,2025-07-08,complete
2025-07-08,0.00,48743.78,1,1827788.32,last_posted_transaction_or_prior_closing_balance,synb1_txn_521a60a30f057cc8fa5b8e0e,trusted,cn_public_2022_2026_cycles_1_0,public_schedule_without_transaction_override,True,377,2025-07-09,complete
2025-07-09,0.00,0.00,0,1827788.32,last_posted_transaction_or_prior_closing_balance,,trusted,cn_public_2022_2026_cycles_1_0,public_schedule_without_transaction_override,True,378,2025-07-10,complete
2025-07-10,0.00,0.00,0,1827788.32,last_posted_transaction_or_prior_closing_balance,,trusted,cn_public_2022_2026_cycles_1_0,public_schedule_without_transaction_override,True,379,2025-07-11,complete
2025-07-11,0.00,0.00,0,1827788.32,last_posted_transaction_or_prior_closing_balance,,trusted,cn_public_2022_2026_cycles_1_0,public_schedule_without_transaction_override,True,380,2025-07-14,complete
2025-07-12,105019.33,155778.51,2,1777029.14,last_posted_transaction_or_prior_closing_balance,synb1_txn_4c62ad9bb061d81f158f3468,trusted,cn_public_2022_2026_cycles_1_0,public_schedule_without_transaction_override,False,,,complete
2025-07-13,0.00,382811.28,1,1394217.86,last_posted_transaction_or_prior_closing_balance,synb1_txn_e8aacce67c04e0544c4f1809,trusted,cn_public_2022_2026_cycles_1_0,public_schedule_without_transaction_override,False,,,complete
2025-07-14,292374.29,0.00,1,1686592.15,last_posted_transaction_or_prior_closing_balance,synb1_txn_8eb871e81ec6523865e397d3,trusted,cn_public_2022_2026_cycles_1_0,public_schedule_without_transaction_override,True,381,2025-07-15,complete
2025-07-15,0.00,246060.94,1,1440531.21,last_posted_transaction_or_prior_closing_balance,synb1_txn_dc3dc58d3fc1171017efaad6,trusted,cn_public_2022_2026_cycles_1_0,public_schedule_without_transaction_override,True,382,2025-07-16,complete
2025-07-16,0.00,0.00,0,1440531.21,last_posted_transaction_or_prior_closing_balance,,trusted,cn_public_2022_2026_cycles_1_0,public_schedule_without_transaction_override,True,383,2025-07-17,complete
2025-07-17,0.00,0.00,0,1440531.21,last_posted_transaction_or_prior_closing_balance,,trusted,cn_public_2022_2026_cycles_1_0,public_schedule_without_transaction_override,True,384,2025-07-18,complete
2025-07-18,3643.64,227338.43,4,1216836.42,last_posted_transaction_or_prior_closing_balance,synb1_txn_cdcb02bbf17f492a346ca30d,trusted,cn_public_2022_2026_cycles_1_0,public_schedule_without_transaction_override,True,385,2025-07-21,complete
2025-07-19,0.00,59611.09,2,1157225.33,last_posted_transaction_or_prior_closing_balance,synb1_txn_0fb130ef98e80f2f9946fe44,trusted,cn_public_2022_2026_cycles_1_0,public_schedule_without_transaction_override,False,,,complete
2025-07-20,15815.64,0.00,1,1173040.97,last_posted_transaction_or_prior_closing_balance,synb1_txn_a0d4a79bbe81d23232a92517,trusted,cn_public_2022_2026_cycles_1_0,public_schedule_without_transaction_override,False,,,complete
2025-07-21,0.00,23475.74,1,1149565.23,last_posted_transaction_or_prior_closing_balance,synb1_txn_50f4a37327b8c4b9800e094b,trusted,cn_public_2022_2026_cycles_1_0,public_schedule_without_transaction_override,True,386,2025-07-22,complete
2025-07-22,0.00,0.00,0,1149565.23,last_posted_transaction_or_prior_closing_balance,,trusted,cn_public_2022_2026_cycles_1_0,public_schedule_without_transaction_override,True,387,2025-07-23,complete
2025-07-23,70819.24,485.24,2,1219899.23,last_posted_transaction_or_prior_closing_balance,synb1_txn_43bbc03bc9c196707bf1f696,trusted,cn_public_2022_2026_cycles_1_0,public_schedule_without_transaction_override,True,388,2025-07-24,complete
2025-07-24,0.00,0.00,0,1219899.23,last_posted_transaction_or_prior_closing_balance,,trusted,cn_public_2022_2026_cycles_1_0,public_schedule_without_transaction_override,True,389,2025-07-25,complete
2025-07-25,0.00,0.00,0,1219899.23,last_posted_transaction_or_prior_closing_balance,,trusted,cn_public_2022_2026_cycles_1_0,public_schedule_without_transaction_override,True,390,2025-07-28,complete
2025-07-26,0.00,0.00,0,1219899.23,last_posted_transaction_or_prior_closing_balance,,trusted,cn_public_2022_2026_cycles_1_0,public_schedule_without_transaction_override,False,,,complete
2025-07-27,0.00,6333.50,1,1213565.73,last_posted_transaction_or_prior_closing_balance,synb1_txn_c103b97b0d063e1b032f86ca,trusted,cn_public_2022_2026_cycles_1_0,public_schedule_without_transaction_override,False,,,complete
2025-07-28,418411.08,0.00,3,1631976.81,last_posted_transaction_or_prior_closing_balance,synb1_txn_ab0b67a1b5ec440c52ac10ad,trusted,cn_public_2022_2026_cycles_1_0,public_schedule_without_transaction_override,True,391,2025-07-29,complete
2025-07-29,0.00,0.00,0,1631976.81,last_posted_transaction_or_prior_closing_balance,,trusted,cn_public_2022_2026_cycles_1_0,public_schedule_without_transaction_override,True,392,2025-07-30,complete
2025-07-30,0.00,0.00,0,1631976.81,last_posted_transaction_or_prior_closing_balance,,trusted,cn_public_2022_2026_cycles_1_0,public_schedule_without_transaction_override,True,393,2025-07-31,complete
2025-07-31,0.00,0.00,0,1631976.81,last_posted_transaction_or_prior_closing_balance,,trusted,cn_public_2022_2026_cycles_1_0,public_schedule_without_transaction_override,True,394,2025-08-01,complete
2025-08-01,0.00,0.00,0,1631976.81,last_posted_transaction_or_prior_closing_balance,,trusted,cn_public_2022_2026_cycles_1_0,public_schedule_without_transaction_override,True,395,2025-08-04,complete
2025-08-02,427391.20,0.00,1,2059368.01,last_posted_transaction_or_prior_closing_balance,synb1_txn_d8764fa8ac3e9fae7f0e89e2,trusted,cn_public_2022_2026_cycles_1_0,public_schedule_without_transaction_override,False,,,complete
2025-08-03,0.00,65308.62,1,1994059.39,last_posted_transaction_or_prior_closing_balance,synb1_txn_6b2bc28e803f768d1123e2a9,trusted,cn_public_2022_2026_cycles_1_0,public_schedule_without_transaction_override,False,,,complete
2025-08-04,0.00,0.00,0,1994059.39,last_posted_transaction_or_prior_closing_balance,,trusted,cn_public_2022_2026_cycles_1_0,public_schedule_without_transaction_override,True,396,2025-08-05,complete
2025-08-05,0.00,113756.14,2,1880303.25,last_posted_transaction_or_prior_closing_balance,synb1_txn_2d8eb4c040057668f896f145,trusted,cn_public_2022_2026_cycles_1_0,public_schedule_without_transaction_override,True,397,2025-08-06,complete
2025-08-06,0.00,1243.86,1,1879059.39,last_posted_transaction_or_prior_closing_balance,synb1_txn_d6f30d494f7862a290a32b44,trusted,cn_public_2022_2026_cycles_1_0,public_schedule_without_transaction_override,True,398,2025-08-07,complete
2025-08-07,155797.38,220000.00,2,1814856.77,last_posted_transaction_or_prior_closing_balance,synb1_txn_4122303dcf58be39698ddd48,trusted,cn_public_2022_2026_cycles_1_0,public_schedule_without_transaction_override,True,399,2025-08-08,complete
2025-08-08,0.00,34237.39,1,1780619.38,last_posted_transaction_or_prior_closing_balance,synb1_txn_509bdca62e0461a3087c731d,trusted,cn_public_2022_2026_cycles_1_0,public_schedule_without_transaction_override,True,400,2025-08-11,complete
2025-08-09,9389.80,0.00,1,1790009.18,last_posted_transaction_or_prior_closing_balance,synb1_txn_0032377da69e913e0521ab32,trusted,cn_public_2022_2026_cycles_1_0,public_schedule_without_transaction_override,False,,,complete
2025-08-10,720450.81,0.00,2,2510459.99,last_posted_transaction_or_prior_closing_balance,synb1_txn_c00254e829c829015f57ede2,trusted,cn_public_2022_2026_cycles_1_0,public_schedule_without_transaction_override,False,,,complete
2025-08-11,2836.95,0.00,1,2513296.94,last_posted_transaction_or_prior_closing_balance,synb1_txn_5275322160f60590a5efa4b5,trusted,cn_public_2022_2026_cycles_1_0,public_schedule_without_transaction_override,True,401,2025-08-12,complete
2025-08-12,0.00,177396.90,2,2335900.04,last_posted_transaction_or_prior_closing_balance,synb1_txn_dddf1157509959e43c77b5aa,trusted,cn_public_2022_2026_cycles_1_0,public_schedule_without_transaction_override,True,402,2025-08-13,complete
2025-08-13,61436.66,0.00,1,2397336.70,last_posted_transaction_or_prior_closing_balance,synb1_txn_77cd9e11356e4b00d4b4c59e,trusted,cn_public_2022_2026_cycles_1_0,public_schedule_without_transaction_override,True,403,2025-08-14,complete
2025-08-14,0.00,0.00,0,2397336.70,last_posted_transaction_or_prior_closing_balance,,trusted,cn_public_2022_2026_cycles_1_0,public_schedule_without_transaction_override,True,404,2025-08-15,complete
2025-08-15,90055.09,0.00,1,2487391.79,last_posted_transaction_or_prior_closing_balance,synb1_txn_9b9f5f35b7246811c477c7c4,trusted,cn_public_2022_2026_cycles_1_0,public_schedule_without_transaction_override,True,405,2025-08-18,complete
2025-08-16,0.00,22991.71,1,2464400.08,last_posted_transaction_or_prior_closing_balance,synb1_txn_04326d51b39081db6fe4f0dd,trusted,cn_public_2022_2026_cycles_1_0,public_schedule_without_transaction_override,False,,,complete
2025-08-17,106350.61,0.00,1,2570750.69,last_posted_transaction_or_prior_closing_balance,synb1_txn_d950c3710aa7f4bc6a36df15,trusted,cn_public_2022_2026_cycles_1_0,public_schedule_without_transaction_override,False,,,complete
2025-08-18,0.00,14448.00,2,2556302.69,last_posted_transaction_or_prior_closing_balance,synb1_txn_a8a796663718aa310e492f01,trusted,cn_public_2022_2026_cycles_1_0,public_schedule_without_transaction_override,True,406,2025-08-19,complete
2025-08-19,7291.50,0.00,1,2563594.19,last_posted_transaction_or_prior_closing_balance,synb1_txn_3ea39fc0e683c3bc7729675d,trusted,cn_public_2022_2026_cycles_1_0,public_schedule_without_transaction_override,True,407,2025-08-20,complete
2025-08-20,0.00,10870.93,1,2552723.26,last_posted_transaction_or_prior_closing_balance,synb1_txn_f2db4dd852acc47f7a051ae2,trusted,cn_public_2022_2026_cycles_1_0,public_schedule_without_transaction_override,True,408,2025-08-21,complete
2025-08-21,0.00,0.00,0,2552723.26,last_posted_transaction_or_prior_closing_balance,,trusted,cn_public_2022_2026_cycles_1_0,public_schedule_without_transaction_override,True,409,2025-08-22,complete
2025-08-22,0.00,0.00,0,2552723.26,last_posted_transaction_or_prior_closing_balance,,trusted,cn_public_2022_2026_cycles_1_0,public_schedule_without_transaction_override,True,410,2025-08-25,complete
2025-08-23,0.00,0.00,0,2552723.26,last_posted_transaction_or_prior_closing_balance,,trusted,cn_public_2022_2026_cycles_1_0,public_schedule_without_transaction_override,False,,,complete
2025-08-24,0.00,2894.29,1,2549828.97,last_posted_transaction_or_prior_closing_balance,synb1_txn_dd9fd4c6deb90fc7ac9a8819,trusted,cn_public_2022_2026_cycles_1_0,public_schedule_without_transaction_override,False,,,complete
2025-08-25,0.00,10306.17,1,2539522.80,last_posted_transaction_or_prior_closing_balance,synb1_txn_d2f4ce94ee690fb048e5c754,trusted,cn_public_2022_2026_cycles_1_0,public_schedule_without_transaction_override,True,411,2025-08-26,complete
2025-08-26,0.00,546222.39,1,1993300.41,last_posted_transaction_or_prior_closing_balance,synb1_txn_2a922a71d366bd51582bfb47,trusted,cn_public_2022_2026_cycles_1_0,public_schedule_without_transaction_override,True,412,2025-08-27,complete
2025-08-27,0.00,46671.60,1,1946628.81,last_posted_transaction_or_prior_closing_balance,synb1_txn_2d4ae47aebc805fdd9021d71,trusted,cn_public_2022_2026_cycles_1_0,public_schedule_without_transaction_override,True,413,2025-08-28,complete
2025-08-28,0.00,0.00,0,1946628.81,last_posted_transaction_or_prior_closing_balance,,trusted,cn_public_2022_2026_cycles_1_0,public_schedule_without_transaction_override,True,414,2025-08-29,complete
2025-08-29,0.00,0.00,0,1946628.81,last_posted_transaction_or_prior_closing_balance,,trusted,cn_public_2022_2026_cycles_1_0,public_schedule_without_transaction_override,True,415,2025-09-01,complete
2025-08-30,0.00,0.00,0,1946628.81,last_posted_transaction_or_prior_closing_balance,,trusted,cn_public_2022_2026_cycles_1_0,public_schedule_without_transaction_override,False,,,complete
2025-08-31,0.00,0.00,0,1946628.81,last_posted_transaction_or_prior_closing_balance,,trusted,cn_public_2022_2026_cycles_1_0,public_schedule_without_transaction_override,False,,,complete
2025-09-01,0.00,0.00,0,1946628.81,last_posted_transaction_or_prior_closing_balance,,trusted,cn_public_2022_2026_cycles_1_0,public_schedule_without_transaction_override,True,416,2025-09-02,complete
2025-09-02,69238.64,0.00,1,2015867.45,last_posted_transaction_or_prior_closing_balance,synb1_txn_b72953ead5d8ec2f69ced20d,trusted,cn_public_2022_2026_cycles_1_0,public_schedule_without_transaction_override,True,417,2025-09-03,complete
2025-09-03,229913.32,0.00,2,2245780.77,last_posted_transaction_or_prior_closing_balance,synb1_txn_7b0af6bc1d0010dd25fe59b3,trusted,cn_public_2022_2026_cycles_1_0,public_schedule_without_transaction_override,True,418,2025-09-04,complete
2025-09-04,0.00,0.00,0,2245780.77,last_posted_transaction_or_prior_closing_balance,,trusted,cn_public_2022_2026_cycles_1_0,public_schedule_without_transaction_override,True,419,2025-09-05,complete
2025-09-05,164075.13,75000.00,2,2334855.90,last_posted_transaction_or_prior_closing_balance,synb1_txn_eeb2762e1e7ade62b913750b,trusted,cn_public_2022_2026_cycles_1_0,public_schedule_without_transaction_override,True,420,2025-09-08,complete
2025-09-06,382346.24,0.00,3,2717202.14,last_posted_transaction_or_prior_closing_balance,synb1_txn_d5a831d3fa1d58616f7ec4e6,trusted,cn_public_2022_2026_cycles_1_0,public_schedule_without_transaction_override,False,,,complete
2025-09-07,11734.97,220000.00,3,2508937.11,last_posted_transaction_or_prior_closing_balance,synb1_txn_cb58be727e7c9f28d60e1be8,trusted,cn_public_2022_2026_cycles_1_0,public_schedule_without_transaction_override,False,,,complete
2025-09-08,0.00,0.00,0,2508937.11,last_posted_transaction_or_prior_closing_balance,,trusted,cn_public_2022_2026_cycles_1_0,public_schedule_without_transaction_override,True,421,2025-09-09,complete
2025-09-09,146779.26,17244.39,2,2638471.98,last_posted_transaction_or_prior_closing_balance,synb1_txn_9a462d37033badaf560f83e1,trusted,cn_public_2022_2026_cycles_1_0,public_schedule_without_transaction_override,True,422,2025-09-10,complete
2025-09-10,376460.20,0.00,2,3014932.18,last_posted_transaction_or_prior_closing_balance,synb1_txn_467dc448def04468c78ed005,trusted,cn_public_2022_2026_cycles_1_0,public_schedule_without_transaction_override,True,423,2025-09-11,complete
2025-09-11,0.00,252372.18,2,2762560.00,last_posted_transaction_or_prior_closing_balance,synb1_txn_30a422cca5378a3f7b66ad5d,trusted,cn_public_2022_2026_cycles_1_0,public_schedule_without_transaction_override,True,424,2025-09-12,complete
2025-09-12,0.00,0.00,0,2762560.00,last_posted_transaction_or_prior_closing_balance,,trusted,cn_public_2022_2026_cycles_1_0,public_schedule_without_transaction_override,True,425,2025-09-15,complete
2025-09-13,99835.46,0.00,2,2862395.46,last_posted_transaction_or_prior_closing_balance,synb1_txn_33bcac57b69e0a6a06f46bdb,trusted,cn_public_2022_2026_cycles_1_0,public_schedule_without_transaction_override,False,,,complete
2025-09-14,183380.13,0.00,2,3045775.59,last_posted_transaction_or_prior_closing_balance,synb1_txn_de62f1ec2d50456ed077999f,trusted,cn_public_2022_2026_cycles_1_0,public_schedule_without_transaction_override,False,,,complete
2025-09-15,23398.22,0.00,1,3069173.81,last_posted_transaction_or_prior_closing_balance,synb1_txn_c50d1df2b0d4b1baad9731b3,trusted,cn_public_2022_2026_cycles_1_0,public_schedule_without_transaction_override,True,426,2025-09-16,complete
2025-09-16,0.00,0.00,0,3069173.81,last_posted_transaction_or_prior_closing_balance,,trusted,cn_public_2022_2026_cycles_1_0,public_schedule_without_transaction_override,True,427,2025-09-17,complete
2025-09-17,0.00,28224.46,1,3040949.35,last_posted_transaction_or_prior_closing_balance,synb1_txn_cd7432ded67ce32c749d3859,trusted,cn_public_2022_2026_cycles_1_0,public_schedule_without_transaction_override,True,428,2025-09-18,complete
2025-09-18,0.00,747266.23,4,2293683.12,last_posted_transaction_or_prior_closing_balance,synb1_txn_12d348f28976de97efb917f5,trusted,cn_public_2022_2026_cycles_1_0,public_schedule_without_transaction_override,True,429,2025-09-19,complete
2025-09-19,0.00,0.00,0,2293683.12,last_posted_transaction_or_prior_closing_balance,,trusted,cn_public_2022_2026_cycles_1_0,public_schedule_without_transaction_override,True,430,2025-09-22,complete
2025-09-20,0.00,0.00,0,2293683.12,last_posted_transaction_or_prior_closing_balance,,trusted,cn_public_2022_2026_cycles_1_0,public_schedule_without_transaction_override,False,,,complete
2025-09-21,53279.02,11521.73,4,2335440.41,last_posted_transaction_or_prior_closing_balance,synb1_txn_a69b537b8afc5e7f491f2ae5,trusted,cn_public_2022_2026_cycles_1_0,public_schedule_without_transaction_override,False,,,complete
2025-09-22,0.00,0.00,0,2335440.41,last_posted_transaction_or_prior_closing_balance,,trusted,cn_public_2022_2026_cycles_1_0,public_schedule_without_transaction_override,True,431,2025-09-23,complete
2025-09-23,372461.06,0.00,1,2707901.47,last_posted_transaction_or_prior_closing_balance,synb1_txn_1681d49536c8ccda57e4bf05,trusted,cn_public_2022_2026_cycles_1_0,public_schedule_without_transaction_override,True,432,2025-09-24,complete
2025-09-24,3988.24,0.00,1,2711889.71,last_posted_transaction_or_prior_closing_balance,synb1_txn_d3139af712d654b7161f4951,trusted,cn_public_2022_2026_cycles_1_0,public_schedule_without_transaction_override,True,433,2025-09-25,complete
2025-09-25,0.00,0.00,0,2711889.71,last_posted_transaction_or_prior_closing_balance,,trusted,cn_public_2022_2026_cycles_1_0,public_schedule_without_transaction_override,True,434,2025-09-26,complete
2025-09-26,13329.81,0.00,1,2725219.52,last_posted_transaction_or_prior_closing_balance,synb1_txn_db4c5cb9bef04c5e8aa0457a,trusted,cn_public_2022_2026_cycles_1_0,public_schedule_without_transaction_override,True,435,2025-09-28,complete
2025-09-27,78180.24,0.00,1,2803399.76,last_posted_transaction_or_prior_closing_balance,synb1_txn_f02cec5585eea02ec2cbaa56,trusted,cn_public_2022_2026_cycles_1_0,public_schedule_without_transaction_override,False,,,complete
2025-09-28,10600.06,12947.01,2,2801052.81,last_posted_transaction_or_prior_closing_balance,synb1_txn_65b3e014345d10b624d03c06,trusted,cn_public_2022_2026_cycles_1_0,public_schedule_without_transaction_override,True,436,2025-09-29,complete
2025-09-29,0.00,0.00,0,2801052.81,last_posted_transaction_or_prior_closing_balance,,trusted,cn_public_2022_2026_cycles_1_0,public_schedule_without_transaction_override,True,437,2025-09-30,complete
2025-09-30,0.00,0.00,0,2801052.81,last_posted_transaction_or_prior_closing_balance,,trusted,cn_public_2022_2026_cycles_1_0,public_schedule_without_transaction_override,True,438,2025-10-09,complete
2025-10-01,0.00,0.00,0,2801052.81,last_posted_transaction_or_prior_closing_balance,,trusted,cn_public_2022_2026_cycles_1_0,public_schedule_without_transaction_override,False,,,complete
2025-10-02,16033.27,0.00,1,2817086.08,last_posted_transaction_or_prior_closing_balance,synb1_txn_be4e0fda42faba2e396a2a75,trusted,cn_public_2022_2026_cycles_1_0,public_schedule_without_transaction_override,False,,,complete
2025-10-03,299442.16,0.00,1,3116528.24,last_posted_transaction_or_prior_closing_balance,synb1_txn_7ee18c062d96701dc9025050,trusted,cn_public_2022_2026_cycles_1_0,public_schedule_without_transaction_override,False,,,complete
2025-10-04,0.00,0.00,0,3116528.24,last_posted_transaction_or_prior_closing_balance,,trusted,cn_public_2022_2026_cycles_1_0,public_schedule_without_transaction_override,False,,,complete
2025-10-05,0.00,683771.73,2,2432756.51,last_posted_transaction_or_prior_closing_balance,synb1_txn_1075ef5ffabe6ee1e3c44f31,trusted,cn_public_2022_2026_cycles_1_0,public_schedule_without_transaction_override,False,,,complete
2025-10-06,0.00,0.00,0,2432756.51,last_posted_transaction_or_prior_closing_balance,,trusted,cn_public_2022_2026_cycles_1_0,public_schedule_without_transaction_override,False,,,complete
2025-10-07,0.00,220000.00,1,2212756.51,last_posted_transaction_or_prior_closing_balance,synb1_txn_2d2f5a97470feaaeae9bb9d0,trusted,cn_public_2022_2026_cycles_1_0,public_schedule_without_transaction_override,False,,,complete
2025-10-08,0.00,0.00,0,2212756.51,last_posted_transaction_or_prior_closing_balance,,trusted,cn_public_2022_2026_cycles_1_0,public_schedule_without_transaction_override,False,,,complete
2025-10-09,0.00,0.00,0,2212756.51,last_posted_transaction_or_prior_closing_balance,,trusted,cn_public_2022_2026_cycles_1_0,public_schedule_without_transaction_override,True,439,2025-10-10,complete
2025-10-10,69333.02,62856.47,3,2219233.06,last_posted_transaction_or_prior_closing_balance,synb1_txn_49a11ce7c15701650e2b3326,trusted,cn_public_2022_2026_cycles_1_0,public_schedule_without_transaction_override,True,440,2025-10-11,complete
2025-10-11,0.00,0.00,0,2219233.06,last_posted_transaction_or_prior_closing_balance,,trusted,cn_public_2022_2026_cycles_1_0,public_schedule_without_transaction_override,True,441,2025-10-13,complete
2025-10-12,0.00,0.00,0,2219233.06,last_posted_transaction_or_prior_closing_balance,,trusted,cn_public_2022_2026_cycles_1_0,public_schedule_without_transaction_override,False,,,complete
2025-10-13,0.00,2582.33,1,2216650.73,last_posted_transaction_or_prior_closing_balance,synb1_txn_dad309760dff8393e0942b19,trusted,cn_public_2022_2026_cycles_1_0,public_schedule_without_transaction_override,True,442,2025-10-14,complete
2025-10-14,14682.44,23704.85,3,2207628.32,last_posted_transaction_or_prior_closing_balance,synb1_txn_ee8cbfb09d798a787bd318ac,trusted,cn_public_2022_2026_cycles_1_0,public_schedule_without_transaction_override,True,443,2025-10-15,complete
2025-10-15,0.00,0.00,0,2207628.32,last_posted_transaction_or_prior_closing_balance,,trusted,cn_public_2022_2026_cycles_1_0,public_schedule_without_transaction_override,True,444,2025-10-16,complete
2025-10-16,22986.86,0.00,1,2230615.18,last_posted_transaction_or_prior_closing_balance,synb1_txn_3c4c7b699dcbde6f2db1d7ee,trusted,cn_public_2022_2026_cycles_1_0,public_schedule_without_transaction_override,True,445,2025-10-17,complete
2025-10-17,0.00,0.00,0,2230615.18,last_posted_transaction_or_prior_closing_balance,,trusted,cn_public_2022_2026_cycles_1_0,public_schedule_without_transaction_override,True,446,2025-10-20,complete
2025-10-18,252959.26,0.00,2,2483574.44,last_posted_transaction_or_prior_closing_balance,synb1_txn_6f1803f963b167d6f02fdce6,trusted,cn_public_2022_2026_cycles_1_0,public_schedule_without_transaction_override,False,,,complete
2025-10-19,20020.02,79188.27,2,2424406.19,last_posted_transaction_or_prior_closing_balance,synb1_txn_4fafdd7bb3527695757e2eca,trusted,cn_public_2022_2026_cycles_1_0,public_schedule_without_transaction_override,False,,,complete
2025-10-20,0.00,76117.20,4,2348288.99,last_posted_transaction_or_prior_closing_balance,synb1_txn_3dbeb8000083d3a922693c8d,trusted,cn_public_2022_2026_cycles_1_0,public_schedule_without_transaction_override,True,447,2025-10-21,complete
2025-10-21,0.00,0.00,0,2348288.99,last_posted_transaction_or_prior_closing_balance,,trusted,cn_public_2022_2026_cycles_1_0,public_schedule_without_transaction_override,True,448,2025-10-22,complete
2025-10-22,59885.58,0.00,2,2408174.57,last_posted_transaction_or_prior_closing_balance,synb1_txn_4a45cc8cc58b9ac26ab49553,trusted,cn_public_2022_2026_cycles_1_0,public_schedule_without_transaction_override,True,449,2025-10-23,complete
2025-10-23,42741.47,195843.15,3,2255072.89,last_posted_transaction_or_prior_closing_balance,synb1_txn_2e1e2eb1c30c477b71329b9b,trusted,cn_public_2022_2026_cycles_1_0,public_schedule_without_transaction_override,True,450,2025-10-24,complete
2025-10-24,397691.67,0.00,1,2652764.56,last_posted_transaction_or_prior_closing_balance,synb1_txn_95f6354c74cfcbdb065ca6b1,trusted,cn_public_2022_2026_cycles_1_0,public_schedule_without_transaction_override,True,451,2025-10-27,complete
2025-10-25,0.00,0.00,0,2652764.56,last_posted_transaction_or_prior_closing_balance,,trusted,cn_public_2022_2026_cycles_1_0,public_schedule_without_transaction_override,False,,,complete
2025-10-26,4224.25,0.00,1,2656988.81,last_posted_transaction_or_prior_closing_balance,synb1_txn_2303c189a6e453f8eb935ea0,trusted,cn_public_2022_2026_cycles_1_0,public_schedule_without_transaction_override,False,,,complete
2025-10-27,0.00,0.00,0,2656988.81,last_posted_transaction_or_prior_closing_balance,,trusted,cn_public_2022_2026_cycles_1_0,public_schedule_without_transaction_override,True,452,2025-10-28,complete
2025-10-28,0.00,0.00,0,2656988.81,last_posted_transaction_or_prior_closing_balance,,trusted,cn_public_2022_2026_cycles_1_0,public_schedule_without_transaction_override,True,453,2025-10-29,complete
2025-10-29,0.00,0.00,0,2656988.81,last_posted_transaction_or_prior_closing_balance,,trusted,cn_public_2022_2026_cycles_1_0,public_schedule_without_transaction_override,True,454,2025-10-30,complete
2025-10-30,0.00,0.00,0,2656988.81,last_posted_transaction_or_prior_closing_balance,,trusted,cn_public_2022_2026_cycles_1_0,public_schedule_without_transaction_override,True,455,2025-10-31,complete
2025-10-31,0.00,0.00,0,2656988.81,last_posted_transaction_or_prior_closing_balance,,trusted,cn_public_2022_2026_cycles_1_0,public_schedule_without_transaction_override,True,456,2025-11-03,complete
2025-11-01,0.00,0.00,0,2656988.81,last_posted_transaction_or_prior_closing_balance,,trusted,cn_public_2022_2026_cycles_1_0,public_schedule_without_transaction_override,False,,,complete
2025-11-02,0.00,0.00,0,2656988.81,last_posted_transaction_or_prior_closing_balance,,trusted,cn_public_2022_2026_cycles_1_0,public_schedule_without_transaction_override,False,,,complete
2025-11-03,0.00,0.00,0,2656988.81,last_posted_transaction_or_prior_closing_balance,,trusted,cn_public_2022_2026_cycles_1_0,public_schedule_without_transaction_override,True,457,2025-11-04,complete
2025-11-04,8238.08,0.00,1,2665226.89,last_posted_transaction_or_prior_closing_balance,synb1_txn_ddb04e8c083d83c6bafba469,trusted,cn_public_2022_2026_cycles_1_0,public_schedule_without_transaction_override,True,458,2025-11-05,complete
2025-11-05,0.00,153531.42,2,2511695.47,last_posted_transaction_or_prior_closing_balance,synb1_txn_778fdafb6154dd5a4061e02e,trusted,cn_public_2022_2026_cycles_1_0,public_schedule_without_transaction_override,True,459,2025-11-06,complete
2025-11-06,0.00,47883.24,1,2463812.23,last_posted_transaction_or_prior_closing_balance,synb1_txn_7d06419e23a3bfa33798a6bf,trusted,cn_public_2022_2026_cycles_1_0,public_schedule_without_transaction_override,True,460,2025-11-07,complete
2025-11-07,0.00,235548.25,3,2228263.98,last_posted_transaction_or_prior_closing_balance,synb1_txn_3a2f81009358018f80e5f4c1,trusted,cn_public_2022_2026_cycles_1_0,public_schedule_without_transaction_override,True,461,2025-11-10,complete
2025-11-08,0.00,11385.13,1,2216878.85,last_posted_transaction_or_prior_closing_balance,synb1_txn_fb4e30c8e8ebdeb8dbb19b52,trusted,cn_public_2022_2026_cycles_1_0,public_schedule_without_transaction_override,False,,,complete
2025-11-09,240025.81,0.00,1,2456904.66,last_posted_transaction_or_prior_closing_balance,synb1_txn_328d253a7f998920d5bd8dea,trusted,cn_public_2022_2026_cycles_1_0,public_schedule_without_transaction_override,False,,,complete
2025-11-10,0.00,0.00,0,2456904.66,last_posted_transaction_or_prior_closing_balance,,trusted,cn_public_2022_2026_cycles_1_0,public_schedule_without_transaction_override,True,462,2025-11-11,complete
2025-11-11,0.00,0.00,0,2456904.66,last_posted_transaction_or_prior_closing_balance,,trusted,cn_public_2022_2026_cycles_1_0,public_schedule_without_transaction_override,True,463,2025-11-12,complete
2025-11-12,0.00,193081.47,2,2263823.19,last_posted_transaction_or_prior_closing_balance,synb1_txn_611eabd1ba138585226584d6,trusted,cn_public_2022_2026_cycles_1_0,public_schedule_without_transaction_override,True,464,2025-11-13,complete
2025-11-13,181821.43,74788.26,4,2370856.36,last_posted_transaction_or_prior_closing_balance,synb1_txn_b7d817a4be29cb104ae1483d,trusted,cn_public_2022_2026_cycles_1_0,public_schedule_without_transaction_override,True,465,2025-11-14,complete
2025-11-14,91232.96,0.00,1,2462089.32,last_posted_transaction_or_prior_closing_balance,synb1_txn_64ad6da9b93f8f45ef9e60a0,trusted,cn_public_2022_2026_cycles_1_0,public_schedule_without_transaction_override,True,466,2025-11-17,complete
2025-11-15,0.00,293281.43,1,2168807.89,last_posted_transaction_or_prior_closing_balance,synb1_txn_a5d7fab763c45c12850e8589,trusted,cn_public_2022_2026_cycles_1_0,public_schedule_without_transaction_override,False,,,complete
2025-11-16,0.00,157275.47,1,2011532.42,last_posted_transaction_or_prior_closing_balance,synb1_txn_21cfaf25d1727b45c5c772f7,trusted,cn_public_2022_2026_cycles_1_0,public_schedule_without_transaction_override,False,,,complete
2025-11-17,147107.66,0.00,1,2158640.08,last_posted_transaction_or_prior_closing_balance,synb1_txn_8b8d7d748db342c84fe8ba67,trusted,cn_public_2022_2026_cycles_1_0,public_schedule_without_transaction_override,True,467,2025-11-18,complete
2025-11-18,0.00,95170.94,3,2063469.14,last_posted_transaction_or_prior_closing_balance,synb1_txn_997ff63bf063f7632f27ea40,trusted,cn_public_2022_2026_cycles_1_0,public_schedule_without_transaction_override,True,468,2025-11-19,complete
2025-11-19,32647.30,0.00,1,2096116.44,last_posted_transaction_or_prior_closing_balance,synb1_txn_0dcbc822197db141f929fc48,trusted,cn_public_2022_2026_cycles_1_0,public_schedule_without_transaction_override,True,469,2025-11-20,complete
2025-11-20,0.00,11278.00,1,2084838.44,last_posted_transaction_or_prior_closing_balance,synb1_txn_41f2fff60ab7194bf60e88ab,trusted,cn_public_2022_2026_cycles_1_0,public_schedule_without_transaction_override,True,470,2025-11-21,complete
2025-11-21,0.00,95295.47,1,1989542.97,last_posted_transaction_or_prior_closing_balance,synb1_txn_cecdab66b74f91a15399dc29,trusted,cn_public_2022_2026_cycles_1_0,public_schedule_without_transaction_override,True,471,2025-11-24,complete
2025-11-22,0.00,0.00,0,1989542.97,last_posted_transaction_or_prior_closing_balance,,trusted,cn_public_2022_2026_cycles_1_0,public_schedule_without_transaction_override,False,,,complete
2025-11-23,0.00,0.00,0,1989542.97,last_posted_transaction_or_prior_closing_balance,,trusted,cn_public_2022_2026_cycles_1_0,public_schedule_without_transaction_override,False,,,complete
2025-11-24,0.00,0.00,0,1989542.97,last_posted_transaction_or_prior_closing_balance,,trusted,cn_public_2022_2026_cycles_1_0,public_schedule_without_transaction_override,True,472,2025-11-25,complete
2025-11-25,512926.76,0.00,3,2502469.73,last_posted_transaction_or_prior_closing_balance,synb1_txn_c01584db6a265a6f22a62be6,trusted,cn_public_2022_2026_cycles_1_0,public_schedule_without_transaction_override,True,473,2025-11-26,complete
2025-11-26,0.00,19370.03,1,2483099.70,last_posted_transaction_or_prior_closing_balance,synb1_txn_b57df97ae5152925fcf0f0e5,trusted,cn_public_2022_2026_cycles_1_0,public_schedule_without_transaction_override,True,474,2025-11-27,complete
2025-11-27,0.00,7694.89,1,2475404.81,last_posted_transaction_or_prior_closing_balance,synb1_txn_5f8b5428dc7a5aceb1a7f0f3,trusted,cn_public_2022_2026_cycles_1_0,public_schedule_without_transaction_override,True,475,2025-11-28,complete
2025-11-28,0.00,0.00,0,2475404.81,last_posted_transaction_or_prior_closing_balance,,trusted,cn_public_2022_2026_cycles_1_0,public_schedule_without_transaction_override,True,476,2025-12-01,complete
2025-11-29,0.00,0.00,0,2475404.81,last_posted_transaction_or_prior_closing_balance,,trusted,cn_public_2022_2026_cycles_1_0,public_schedule_without_transaction_override,False,,,complete
2025-11-30,0.00,0.00,0,2475404.81,last_posted_transaction_or_prior_closing_balance,,trusted,cn_public_2022_2026_cycles_1_0,public_schedule_without_transaction_override,False,,,complete
2025-12-01,0.00,0.00,0,2475404.81,last_posted_transaction_or_prior_closing_balance,,trusted,cn_public_2022_2026_cycles_1_0,public_schedule_without_transaction_override,True,477,2025-12-02,complete
2025-12-02,140728.40,0.00,1,2616133.21,last_posted_transaction_or_prior_closing_balance,synb1_txn_28576405c47e7d2446c0931c,trusted,cn_public_2022_2026_cycles_1_0,public_schedule_without_transaction_override,True,478,2025-12-03,complete
2025-12-03,533488.95,0.00,2,3149622.16,last_posted_transaction_or_prior_closing_balance,synb1_txn_ff448505817bbfc5866d7f97,trusted,cn_public_2022_2026_cycles_1_0,public_schedule_without_transaction_override,True,479,2025-12-04,complete
2025-12-04,0.00,0.00,0,3149622.16,last_posted_transaction_or_prior_closing_balance,,trusted,cn_public_2022_2026_cycles_1_0,public_schedule_without_transaction_override,True,480,2025-12-05,complete
2025-12-05,0.00,569485.62,2,2580136.54,last_posted_transaction_or_prior_closing_balance,synb1_txn_7ee5d853f604bddb0d6294e4,trusted,cn_public_2022_2026_cycles_1_0,public_schedule_without_transaction_override,True,481,2025-12-08,complete
2025-12-06,0.00,315572.67,1,2264563.87,last_posted_transaction_or_prior_closing_balance,synb1_txn_696bf57baaf32890e440a0b1,trusted,cn_public_2022_2026_cycles_1_0,public_schedule_without_transaction_override,False,,,complete
2025-12-07,0.00,220000.00,1,2044563.87,last_posted_transaction_or_prior_closing_balance,synb1_txn_9e20e7bc9440ac10634e50a0,trusted,cn_public_2022_2026_cycles_1_0,public_schedule_without_transaction_override,False,,,complete
2025-12-08,0.00,0.00,0,2044563.87,last_posted_transaction_or_prior_closing_balance,,trusted,cn_public_2022_2026_cycles_1_0,public_schedule_without_transaction_override,True,482,2025-12-09,complete
2025-12-09,19171.66,0.00,1,2063735.53,last_posted_transaction_or_prior_closing_balance,synb1_txn_77819b7773b98d3e9de86d78,trusted,cn_public_2022_2026_cycles_1_0,public_schedule_without_transaction_override,True,483,2025-12-10,complete
2025-12-10,0.00,0.00,0,2063735.53,last_posted_transaction_or_prior_closing_balance,,trusted,cn_public_2022_2026_cycles_1_0,public_schedule_without_transaction_override,True,484,2025-12-11,complete
2025-12-11,0.00,67893.78,2,1995841.75,last_posted_transaction_or_prior_closing_balance,synb1_txn_939ccbcd60206c2cfdeee5b3,trusted,cn_public_2022_2026_cycles_1_0,public_schedule_without_transaction_override,True,485,2025-12-12,complete
2025-12-12,210268.27,0.00,1,2206110.02,last_posted_transaction_or_prior_closing_balance,synb1_txn_2490d1e6109b22a58f49258b,trusted,cn_public_2022_2026_cycles_1_0,public_schedule_without_transaction_override,True,486,2025-12-15,complete
2025-12-13,0.00,0.00,0,2206110.02,last_posted_transaction_or_prior_closing_balance,,trusted,cn_public_2022_2026_cycles_1_0,public_schedule_without_transaction_override,False,,,complete
2025-12-14,0.00,0.00,0,2206110.02,last_posted_transaction_or_prior_closing_balance,,trusted,cn_public_2022_2026_cycles_1_0,public_schedule_without_transaction_override,False,,,complete
2025-12-15,0.00,0.00,0,2206110.02,last_posted_transaction_or_prior_closing_balance,,trusted,cn_public_2022_2026_cycles_1_0,public_schedule_without_transaction_override,True,487,2025-12-16,complete
2025-12-16,0.00,0.00,0,2206110.02,last_posted_transaction_or_prior_closing_balance,,trusted,cn_public_2022_2026_cycles_1_0,public_schedule_without_transaction_override,True,488,2025-12-17,complete
2025-12-17,0.00,0.00,0,2206110.02,last_posted_transaction_or_prior_closing_balance,,trusted,cn_public_2022_2026_cycles_1_0,public_schedule_without_transaction_override,True,489,2025-12-18,complete
2025-12-18,0.00,63041.79,3,2143068.23,last_posted_transaction_or_prior_closing_balance,synb1_txn_8d8e81b4a09682dc59779506,trusted,cn_public_2022_2026_cycles_1_0,public_schedule_without_transaction_override,True,490,2025-12-19,complete
2025-12-19,155647.91,0.00,1,2298716.14,last_posted_transaction_or_prior_closing_balance,synb1_txn_2250021d5df89f22382b89c6,trusted,cn_public_2022_2026_cycles_1_0,public_schedule_without_transaction_override,True,491,2025-12-22,complete
2025-12-20,0.00,0.00,0,2298716.14,last_posted_transaction_or_prior_closing_balance,,trusted,cn_public_2022_2026_cycles_1_0,public_schedule_without_transaction_override,False,,,complete
2025-12-21,0.00,62273.93,1,2236442.21,last_posted_transaction_or_prior_closing_balance,synb1_txn_2e5c303dc62e32eebe84dabe,trusted,cn_public_2022_2026_cycles_1_0,public_schedule_without_transaction_override,False,,,complete
2025-12-22,0.00,0.00,0,2236442.21,last_posted_transaction_or_prior_closing_balance,,trusted,cn_public_2022_2026_cycles_1_0,public_schedule_without_transaction_override,True,492,2025-12-23,complete
2025-12-23,0.00,0.00,0,2236442.21,last_posted_transaction_or_prior_closing_balance,,trusted,cn_public_2022_2026_cycles_1_0,public_schedule_without_transaction_override,True,493,2025-12-24,complete
2025-12-24,0.00,0.00,0,2236442.21,last_posted_transaction_or_prior_closing_balance,,trusted,cn_public_2022_2026_cycles_1_0,public_schedule_without_transaction_override,True,494,2025-12-25,complete
2025-12-25,65614.33,0.00,1,2302056.54,last_posted_transaction_or_prior_closing_balance,synb1_txn_fdd6a7f81f87d55f9784c63c,trusted,cn_public_2022_2026_cycles_1_0,public_schedule_without_transaction_override,True,495,2025-12-26,complete
2025-12-26,0.00,6987.33,1,2295069.21,last_posted_transaction_or_prior_closing_balance,synb1_txn_a0d79b3d60cacf04a0539272,trusted,cn_public_2022_2026_cycles_1_0,public_schedule_without_transaction_override,True,496,2025-12-29,complete
2025-12-27,95080.48,31080.88,2,2359068.81,last_posted_transaction_or_prior_closing_balance,synb1_txn_d64026a98e6a5c54cb928bb2,trusted,cn_public_2022_2026_cycles_1_0,public_schedule_without_transaction_override,False,,,complete
2025-12-28,0.00,0.00,0,2359068.81,last_posted_transaction_or_prior_closing_balance,,trusted,cn_public_2022_2026_cycles_1_0,public_schedule_without_transaction_override,False,,,complete
2025-12-29,0.00,0.00,0,2359068.81,last_posted_transaction_or_prior_closing_balance,,trusted,cn_public_2022_2026_cycles_1_0,public_schedule_without_transaction_override,True,497,2025-12-30,complete
2025-12-30,0.00,0.00,0,2359068.81,last_posted_transaction_or_prior_closing_balance,,trusted,cn_public_2022_2026_cycles_1_0,public_schedule_without_transaction_override,True,498,2025-12-31,complete
2025-12-31,0.00,0.00,0,2359068.81,last_posted_transaction_or_prior_closing_balance,,trusted,cn_public_2022_2026_cycles_1_0,public_schedule_without_transaction_override,True,499,2026-01-04,complete
