calendar_date,inflow_cny,outflow_cny,transaction_count,ending_balance_cny,day_cut_basis,source_last_transaction_id,reconciliation_status,calendar_source,calendar_inference_status,is_bank_workday,business_step,target_date,execution_status
2025-01-01,173676.66,0.00,1,173676.66,last_posted_transaction_or_prior_closing_balance,synb1_txn_009c532898b0f574dab5c570,trusted,historical_transaction_override,historical_transaction_override,True,1,2025-01-02,complete
2025-01-02,0.00,0.00,0,173676.66,last_posted_transaction_or_prior_closing_balance,,trusted,weekday_rule,base_calendar,True,2,2025-01-03,complete
2025-01-03,0.00,0.00,0,173676.66,last_posted_transaction_or_prior_closing_balance,,trusted,weekday_rule,base_calendar,True,3,2025-01-05,complete
2025-01-04,0.00,0.00,0,173676.66,last_posted_transaction_or_prior_closing_balance,,trusted,weekday_rule,base_calendar,False,,,complete
2025-01-05,65713.07,6452.49,3,232937.24,last_posted_transaction_or_prior_closing_balance,synb1_txn_98a981832a4039ab231b3e4f,trusted,historical_transaction_override,historical_transaction_override,True,4,2025-01-06,complete
2025-01-06,57071.42,0.00,1,290008.66,last_posted_transaction_or_prior_closing_balance,synb1_txn_26640a1a7941609742bc5ecd,trusted,weekday_rule,base_calendar,True,5,2025-01-07,complete
2025-01-07,0.00,0.00,0,290008.66,last_posted_transaction_or_prior_closing_balance,,trusted,weekday_rule,base_calendar,True,6,2025-01-08,complete
2025-01-08,0.00,0.00,0,290008.66,last_posted_transaction_or_prior_closing_balance,,trusted,weekday_rule,base_calendar,True,7,2025-01-09,complete
2025-01-09,0.00,2037.71,1,287970.95,last_posted_transaction_or_prior_closing_balance,synb1_txn_a07af05c00d7473a3d9927c3,trusted,weekday_rule,base_calendar,True,8,2025-01-10,complete
2025-01-10,0.00,0.00,0,287970.95,last_posted_transaction_or_prior_closing_balance,,trusted,weekday_rule,base_calendar,True,9,2025-01-11,complete
2025-01-11,0.00,5916.59,1,282054.36,last_posted_transaction_or_prior_closing_balance,synb1_txn_9c25f6ed301522fadb9d6462,trusted,historical_transaction_override,historical_transaction_override,True,10,2025-01-12,complete
2025-01-12,0.00,2255.47,1,279798.89,last_posted_transaction_or_prior_closing_balance,synb1_txn_2196bdadcfafc1f4c228f240,trusted,historical_transaction_override,historical_transaction_override,True,11,2025-01-13,complete
2025-01-13,0.00,1808.06,1,277990.83,last_posted_transaction_or_prior_closing_balance,synb1_txn_f2851ec1982aafe3eea3f8ef,trusted,weekday_rule,base_calendar,True,12,2025-01-14,complete
2025-01-14,0.00,2075.76,1,275915.07,last_posted_transaction_or_prior_closing_balance,synb1_txn_6582a1d0155e0a65649f1288,trusted,weekday_rule,base_calendar,True,13,2025-01-15,complete
2025-01-15,0.00,0.00,0,275915.07,last_posted_transaction_or_prior_closing_balance,,trusted,weekday_rule,base_calendar,True,14,2025-01-16,complete
2025-01-16,0.00,5693.48,1,270221.59,last_posted_transaction_or_prior_closing_balance,synb1_txn_8eb0220c253a36a2f693c2ba,trusted,weekday_rule,base_calendar,True,15,2025-01-17,complete
2025-01-17,0.00,4943.71,1,265277.88,last_posted_transaction_or_prior_closing_balance,synb1_txn_e934982fa9d00dcf95992ce8,trusted,weekday_rule,base_calendar,True,16,2025-01-20,complete
2025-01-18,0.00,0.00,0,265277.88,last_posted_transaction_or_prior_closing_balance,,trusted,weekday_rule,base_calendar,False,,,complete
2025-01-19,0.00,0.00,0,265277.88,last_posted_transaction_or_prior_closing_balance,,trusted,weekday_rule,base_calendar,False,,,complete
2025-01-20,0.00,0.00,0,265277.88,last_posted_transaction_or_prior_closing_balance,,trusted,weekday_rule,base_calendar,True,17,2025-01-21,complete
2025-01-21,0.00,1439.41,1,263838.47,last_posted_transaction_or_prior_closing_balance,synb1_txn_7827801d33756755df6fb814,trusted,weekday_rule,base_calendar,True,18,2025-01-22,complete
2025-01-22,0.00,0.00,0,263838.47,last_posted_transaction_or_prior_closing_balance,,trusted,weekday_rule,base_calendar,True,19,2025-01-23,complete
2025-01-23,0.00,44845.21,1,218993.26,last_posted_transaction_or_prior_closing_balance,synb1_txn_18288ee1190502e4c3130fc8,trusted,weekday_rule,base_calendar,True,20,2025-01-24,complete
2025-01-24,0.00,46617.48,1,172375.78,last_posted_transaction_or_prior_closing_balance,synb1_txn_4b8122735f964bdb8aafdb2c,trusted,weekday_rule,base_calendar,True,21,2025-01-26,complete
2025-01-25,0.00,0.00,0,172375.78,last_posted_transaction_or_prior_closing_balance,,trusted,weekday_rule,base_calendar,False,,,complete
2025-01-26,72973.29,40868.92,2,204480.15,last_posted_transaction_or_prior_closing_balance,synb1_txn_ea9ae190a032987a2ef17c29,trusted,gov_cn_2025_holiday_schedule_v1,base_calendar,True,22,2025-01-27,complete
2025-01-27,0.00,38122.13,1,166358.02,last_posted_transaction_or_prior_closing_balance,synb1_txn_8ca180ce80da718ee081ac56,trusted,weekday_rule,base_calendar,True,23,2025-01-28,complete
2025-01-28,0.00,1735.26,1,164622.76,last_posted_transaction_or_prior_closing_balance,synb1_txn_7467fcfe078c627ee48108eb,trusted,historical_transaction_override,historical_transaction_override,True,24,2025-01-31,complete
2025-01-29,0.00,0.00,0,164622.76,last_posted_transaction_or_prior_closing_balance,,trusted,gov_cn_2025_holiday_schedule_v1,base_calendar,False,,,complete
2025-01-30,0.00,0.00,0,164622.76,last_posted_transaction_or_prior_closing_balance,,trusted,gov_cn_2025_holiday_schedule_v1,base_calendar,False,,,complete
2025-01-31,66972.81,2243.06,2,229352.51,last_posted_transaction_or_prior_closing_balance,synb1_txn_cdb38ead38b4a772c509fc3c,trusted,historical_transaction_override,historical_transaction_override,True,25,2025-02-01,complete
2025-02-01,0.00,2009.03,1,227343.48,last_posted_transaction_or_prior_closing_balance,synb1_txn_f1fdd1f1cb110a27a03a1159,trusted,historical_transaction_override,historical_transaction_override,True,26,2025-02-02,complete
2025-02-02,32266.93,4591.56,2,255018.85,last_posted_transaction_or_prior_closing_balance,synb1_txn_acfb4e9d75565d2b8cf49cf2,trusted,historical_transaction_override,historical_transaction_override,True,27,2025-02-04,complete
2025-02-03,0.00,0.00,0,255018.85,last_posted_transaction_or_prior_closing_balance,,trusted,gov_cn_2025_holiday_schedule_v1,base_calendar,False,,,complete
2025-02-04,35937.18,1519.38,2,289436.65,last_posted_transaction_or_prior_closing_balance,synb1_txn_6e9ffca3b974cf2c02a2b995,trusted,historical_transaction_override,historical_transaction_override,True,28,2025-02-05,complete
2025-02-05,0.00,0.00,0,289436.65,last_posted_transaction_or_prior_closing_balance,,trusted,weekday_rule,base_calendar,True,29,2025-02-06,complete
2025-02-06,0.00,0.00,0,289436.65,last_posted_transaction_or_prior_closing_balance,,trusted,weekday_rule,base_calendar,True,30,2025-02-07,complete
2025-02-07,0.00,1914.17,1,287522.48,last_posted_transaction_or_prior_closing_balance,synb1_txn_9c6caa0c7e71544e08e10798,trusted,weekday_rule,base_calendar,True,31,2025-02-08,complete
2025-02-08,0.00,0.00,0,287522.48,last_posted_transaction_or_prior_closing_balance,,trusted,gov_cn_2025_holiday_schedule_v1,base_calendar,True,32,2025-02-10,complete
2025-02-09,0.00,0.00,0,287522.48,last_posted_transaction_or_prior_closing_balance,,trusted,weekday_rule,base_calendar,False,,,complete
2025-02-10,0.00,53773.58,2,233748.90,last_posted_transaction_or_prior_closing_balance,synb1_txn_9b0b32fe068951b2e71cf599,trusted,weekday_rule,base_calendar,True,33,2025-02-11,complete
2025-02-11,0.00,0.00,0,233748.90,last_posted_transaction_or_prior_closing_balance,,trusted,weekday_rule,base_calendar,True,34,2025-02-12,complete
2025-02-12,0.00,0.00,0,233748.90,last_posted_transaction_or_prior_closing_balance,,trusted,weekday_rule,base_calendar,True,35,2025-02-13,complete
2025-02-13,0.00,8437.28,3,225311.62,last_posted_transaction_or_prior_closing_balance,synb1_txn_2e35cb27042444e6ff73d6e3,trusted,weekday_rule,base_calendar,True,36,2025-02-14,complete
2025-02-14,0.00,0.00,0,225311.62,last_posted_transaction_or_prior_closing_balance,,trusted,weekday_rule,base_calendar,True,37,2025-02-16,complete
2025-02-15,0.00,0.00,0,225311.62,last_posted_transaction_or_prior_closing_balance,,trusted,weekday_rule,base_calendar,False,,,complete
2025-02-16,0.00,69091.35,1,156220.27,last_posted_transaction_or_prior_closing_balance,synb1_txn_4f400cf3a02afe4ecc5f3aea,trusted,historical_transaction_override,historical_transaction_override,True,38,2025-02-17,complete
2025-02-17,0.00,0.00,0,156220.27,last_posted_transaction_or_prior_closing_balance,,trusted,weekday_rule,base_calendar,True,39,2025-02-18,complete
2025-02-18,0.00,0.00,0,156220.27,last_posted_transaction_or_prior_closing_balance,,trusted,weekday_rule,base_calendar,True,40,2025-02-19,complete
2025-02-19,0.00,0.00,0,156220.27,last_posted_transaction_or_prior_closing_balance,,trusted,weekday_rule,base_calendar,True,41,2025-02-20,complete
2025-02-20,0.00,0.00,0,156220.27,last_posted_transaction_or_prior_closing_balance,,trusted,weekday_rule,base_calendar,True,42,2025-02-21,complete
2025-02-21,34194.93,0.00,1,190415.20,last_posted_transaction_or_prior_closing_balance,synb1_txn_910fe78bf1431bcd54a5e1bd,trusted,weekday_rule,base_calendar,True,43,2025-02-22,complete
2025-02-22,0.00,6204.90,1,184210.30,last_posted_transaction_or_prior_closing_balance,synb1_txn_f57d2e06019a49c8982c1cda,trusted,historical_transaction_override,historical_transaction_override,True,44,2025-02-24,complete
2025-02-23,0.00,0.00,0,184210.30,last_posted_transaction_or_prior_closing_balance,,trusted,weekday_rule,base_calendar,False,,,complete
2025-02-24,0.00,6278.90,1,177931.40,last_posted_transaction_or_prior_closing_balance,synb1_txn_9672bf88c9f625dc9eb7a4e7,trusted,weekday_rule,base_calendar,True,45,2025-02-25,complete
2025-02-25,38284.95,74517.86,4,141698.49,last_posted_transaction_or_prior_closing_balance,synb1_txn_5ab3ae978d06cfe4e5891c62,trusted,weekday_rule,base_calendar,True,46,2025-02-26,complete
2025-02-26,0.00,0.00,0,141698.49,last_posted_transaction_or_prior_closing_balance,,trusted,weekday_rule,base_calendar,True,47,2025-02-27,complete
2025-02-27,0.00,69264.47,1,72434.02,last_posted_transaction_or_prior_closing_balance,synb1_txn_eccfd752fdc63164ac3c2f1c,trusted,weekday_rule,base_calendar,True,48,2025-02-28,complete
2025-02-28,0.00,12505.44,3,59928.58,last_posted_transaction_or_prior_closing_balance,synb1_txn_63ac700239975a989b87df82,trusted,weekday_rule,base_calendar,True,49,2025-03-02,complete
2025-03-01,0.00,0.00,0,59928.58,last_posted_transaction_or_prior_closing_balance,,trusted,weekday_rule,base_calendar,False,,,complete
2025-03-02,0.00,4875.33,1,55053.25,last_posted_transaction_or_prior_closing_balance,synb1_txn_88881980e4e53a5a84f3665c,trusted,historical_transaction_override,historical_transaction_override,True,50,2025-03-03,complete
2025-03-03,0.00,44288.25,1,10765.00,last_posted_transaction_or_prior_closing_balance,synb1_txn_164128e198366eacc06ea9e0,trusted,weekday_rule,base_calendar,True,51,2025-03-04,complete
2025-03-04,0.00,0.00,0,10765.00,last_posted_transaction_or_prior_closing_balance,,trusted,weekday_rule,base_calendar,True,52,2025-03-05,complete
2025-03-05,0.00,0.00,0,10765.00,last_posted_transaction_or_prior_closing_balance,,trusted,weekday_rule,base_calendar,True,53,2025-03-06,complete
2025-03-06,73138.41,0.00,1,83903.41,last_posted_transaction_or_prior_closing_balance,synb1_txn_f16865d06c6f7b1ec31bd942,trusted,weekday_rule,base_calendar,True,54,2025-03-07,complete
2025-03-07,0.00,0.00,0,83903.41,last_posted_transaction_or_prior_closing_balance,,trusted,weekday_rule,base_calendar,True,55,2025-03-08,complete
2025-03-08,0.00,1781.53,1,82121.88,last_posted_transaction_or_prior_closing_balance,synb1_txn_9bfef33954ae7b1ebd34a146,trusted,historical_transaction_override,historical_transaction_override,True,56,2025-03-09,complete
2025-03-09,77129.36,1994.28,2,157256.96,last_posted_transaction_or_prior_closing_balance,synb1_txn_48cf607b4fd3bdffe449604b,trusted,historical_transaction_override,historical_transaction_override,True,57,2025-03-10,complete
2025-03-10,0.00,2404.80,1,154852.16,last_posted_transaction_or_prior_closing_balance,synb1_txn_4f31e0732a8c48a7de21cc19,trusted,weekday_rule,base_calendar,True,58,2025-03-11,complete
2025-03-11,0.00,0.00,0,154852.16,last_posted_transaction_or_prior_closing_balance,,trusted,weekday_rule,base_calendar,True,59,2025-03-12,complete
2025-03-12,0.00,34023.01,1,120829.15,last_posted_transaction_or_prior_closing_balance,synb1_txn_bbcefd1b1b15a63d95efd40c,trusted,weekday_rule,base_calendar,True,60,2025-03-13,complete
2025-03-13,0.00,5509.59,1,115319.56,last_posted_transaction_or_prior_closing_balance,synb1_txn_912399a3651f048b74c198e1,trusted,weekday_rule,base_calendar,True,61,2025-03-14,complete
2025-03-14,0.00,0.00,0,115319.56,last_posted_transaction_or_prior_closing_balance,,trusted,weekday_rule,base_calendar,True,62,2025-03-17,complete
2025-03-15,0.00,0.00,0,115319.56,last_posted_transaction_or_prior_closing_balance,,trusted,weekday_rule,base_calendar,False,,,complete
2025-03-16,0.00,0.00,0,115319.56,last_posted_transaction_or_prior_closing_balance,,trusted,weekday_rule,base_calendar,False,,,complete
2025-03-17,0.00,0.00,0,115319.56,last_posted_transaction_or_prior_closing_balance,,trusted,weekday_rule,base_calendar,True,63,2025-03-18,complete
2025-03-18,72400.95,0.00,1,187720.51,last_posted_transaction_or_prior_closing_balance,synb1_txn_3b415e13fd54220c17829a32,trusted,weekday_rule,base_calendar,True,64,2025-03-19,complete
2025-03-19,0.00,0.00,0,187720.51,last_posted_transaction_or_prior_closing_balance,,trusted,weekday_rule,base_calendar,True,65,2025-03-20,complete
2025-03-20,0.00,2111.30,1,185609.21,last_posted_transaction_or_prior_closing_balance,synb1_txn_52829bc9fd25b567d43cf6aa,trusted,weekday_rule,base_calendar,True,66,2025-03-21,complete
2025-03-21,0.00,0.00,0,185609.21,last_posted_transaction_or_prior_closing_balance,,trusted,weekday_rule,base_calendar,True,67,2025-03-24,complete
2025-03-22,0.00,0.00,0,185609.21,last_posted_transaction_or_prior_closing_balance,,trusted,weekday_rule,base_calendar,False,,,complete
2025-03-23,0.00,0.00,0,185609.21,last_posted_transaction_or_prior_closing_balance,,trusted,weekday_rule,base_calendar,False,,,complete
2025-03-24,0.00,3482.30,2,182126.91,last_posted_transaction_or_prior_closing_balance,synb1_txn_017e72229f084259b8f2fe07,trusted,weekday_rule,base_calendar,True,68,2025-03-25,complete
2025-03-25,0.00,0.00,0,182126.91,last_posted_transaction_or_prior_closing_balance,,trusted,weekday_rule,base_calendar,True,69,2025-03-26,complete
2025-03-26,0.00,0.00,0,182126.91,last_posted_transaction_or_prior_closing_balance,,trusted,weekday_rule,base_calendar,True,70,2025-03-27,complete
2025-03-27,0.00,44817.32,3,137309.59,last_posted_transaction_or_prior_closing_balance,synb1_txn_65eae7e1a32b9e944e0dc3fa,trusted,weekday_rule,base_calendar,True,71,2025-03-28,complete
2025-03-28,0.00,10373.14,3,126936.45,last_posted_transaction_or_prior_closing_balance,synb1_txn_2c0500b0ea19c1b27fddd58d,trusted,weekday_rule,base_calendar,True,72,2025-03-29,complete
2025-03-29,76044.87,1733.54,2,201247.78,last_posted_transaction_or_prior_closing_balance,synb1_txn_3a8e2ebc3562a979efe88098,trusted,historical_transaction_override,historical_transaction_override,True,73,2025-03-31,complete
2025-03-30,0.00,0.00,0,201247.78,last_posted_transaction_or_prior_closing_balance,,trusted,weekday_rule,base_calendar,False,,,complete
2025-03-31,0.00,43931.49,2,157316.29,last_posted_transaction_or_prior_closing_balance,synb1_txn_540f868d66ef3dbf7e8f99b6,trusted,weekday_rule,base_calendar,True,74,2025-04-01,complete
2025-04-01,36787.53,0.00,1,194103.82,last_posted_transaction_or_prior_closing_balance,synb1_txn_d0e6249a67d1b18411509cf3,trusted,weekday_rule,base_calendar,True,75,2025-04-02,complete
2025-04-02,0.00,0.00,0,194103.82,last_posted_transaction_or_prior_closing_balance,,trusted,weekday_rule,base_calendar,True,76,2025-04-03,complete
2025-04-03,0.00,36140.41,2,157963.41,last_posted_transaction_or_prior_closing_balance,synb1_txn_efb2a74da9c6a7901d6f603d,trusted,weekday_rule,base_calendar,True,77,2025-04-06,complete
2025-04-04,0.00,0.00,0,157963.41,last_posted_transaction_or_prior_closing_balance,,trusted,gov_cn_2025_holiday_schedule_v1,base_calendar,False,,,complete
2025-04-05,0.00,0.00,0,157963.41,last_posted_transaction_or_prior_closing_balance,,trusted,gov_cn_2025_holiday_schedule_v1,base_calendar,False,,,complete
2025-04-06,41727.02,0.00,1,199690.43,last_posted_transaction_or_prior_closing_balance,synb1_txn_9fe0c4f939031838ca24f75e,trusted,historical_transaction_override,historical_transaction_override,True,78,2025-04-07,complete
2025-04-07,0.00,0.00,0,199690.43,last_posted_transaction_or_prior_closing_balance,,trusted,weekday_rule,base_calendar,True,79,2025-04-08,complete
2025-04-08,0.00,0.00,0,199690.43,last_posted_transaction_or_prior_closing_balance,,trusted,weekday_rule,base_calendar,True,80,2025-04-09,complete
2025-04-09,0.00,0.00,0,199690.43,last_posted_transaction_or_prior_closing_balance,,trusted,weekday_rule,base_calendar,True,81,2025-04-10,complete
2025-04-10,0.00,0.00,0,199690.43,last_posted_transaction_or_prior_closing_balance,,trusted,weekday_rule,base_calendar,True,82,2025-04-11,complete
2025-04-11,0.00,0.00,0,199690.43,last_posted_transaction_or_prior_closing_balance,,trusted,weekday_rule,base_calendar,True,83,2025-04-12,complete
2025-04-12,0.00,33690.17,2,166000.26,last_posted_transaction_or_prior_closing_balance,synb1_txn_3c23466bf492e17544fe98ec,trusted,historical_transaction_override,historical_transaction_override,True,84,2025-04-13,complete
2025-04-13,0.00,3941.49,2,162058.77,last_posted_transaction_or_prior_closing_balance,synb1_txn_a819b0517c7475f7dd1a5814,trusted,historical_transaction_override,historical_transaction_override,True,85,2025-04-14,complete
2025-04-14,0.00,35823.04,3,126235.73,last_posted_transaction_or_prior_closing_balance,synb1_txn_a8d60139d3bfa6759fde4db6,trusted,weekday_rule,base_calendar,True,86,2025-04-15,complete
2025-04-15,0.00,0.00,0,126235.73,last_posted_transaction_or_prior_closing_balance,,trusted,weekday_rule,base_calendar,True,87,2025-04-16,complete
2025-04-16,0.00,0.00,0,126235.73,last_posted_transaction_or_prior_closing_balance,,trusted,weekday_rule,base_calendar,True,88,2025-04-17,complete
2025-04-17,0.00,0.00,0,126235.73,last_posted_transaction_or_prior_closing_balance,,trusted,weekday_rule,base_calendar,True,89,2025-04-18,complete
2025-04-18,0.00,0.00,0,126235.73,last_posted_transaction_or_prior_closing_balance,,trusted,weekday_rule,base_calendar,True,90,2025-04-20,complete
2025-04-19,0.00,0.00,0,126235.73,last_posted_transaction_or_prior_closing_balance,,trusted,weekday_rule,base_calendar,False,,,complete
2025-04-20,0.00,1960.89,1,124274.84,last_posted_transaction_or_prior_closing_balance,synb1_txn_988cdcd22009563b0dd03021,trusted,historical_transaction_override,historical_transaction_override,True,91,2025-04-21,complete
2025-04-21,35214.75,0.00,1,159489.59,last_posted_transaction_or_prior_closing_balance,synb1_txn_875dc0472842a816751c0a3c,trusted,weekday_rule,base_calendar,True,92,2025-04-22,complete
2025-04-22,0.00,1921.55,1,157568.04,last_posted_transaction_or_prior_closing_balance,synb1_txn_2ee5326aa063769660c0852e,trusted,weekday_rule,base_calendar,True,93,2025-04-23,complete
2025-04-23,37122.79,29501.31,2,165189.52,last_posted_transaction_or_prior_closing_balance,synb1_txn_e662a94cd190e14ba5af6ea0,trusted,weekday_rule,base_calendar,True,94,2025-04-24,complete
2025-04-24,0.00,6265.67,1,158923.85,last_posted_transaction_or_prior_closing_balance,synb1_txn_28554b2949af71dade81d691,trusted,weekday_rule,base_calendar,True,95,2025-04-25,complete
2025-04-25,0.00,0.00,0,158923.85,last_posted_transaction_or_prior_closing_balance,,trusted,weekday_rule,base_calendar,True,96,2025-04-26,complete
2025-04-26,0.00,10417.49,2,148506.36,last_posted_transaction_or_prior_closing_balance,synb1_txn_d5a3bcc885778c1545fde512,trusted,historical_transaction_override,historical_transaction_override,True,97,2025-04-27,complete
2025-04-27,0.00,0.00,0,148506.36,last_posted_transaction_or_prior_closing_balance,,trusted,gov_cn_2025_holiday_schedule_v1,base_calendar,True,98,2025-04-28,complete
2025-04-28,0.00,10125.03,4,138381.33,last_posted_transaction_or_prior_closing_balance,synb1_txn_548ea8f99faece5543fd45ba,trusted,weekday_rule,base_calendar,True,99,2025-04-29,complete
2025-04-29,0.00,0.00,0,138381.33,last_posted_transaction_or_prior_closing_balance,,trusted,weekday_rule,base_calendar,True,100,2025-04-30,complete
2025-04-30,0.00,0.00,0,138381.33,last_posted_transaction_or_prior_closing_balance,,trusted,weekday_rule,base_calendar,True,101,2025-05-01,complete
2025-05-01,0.00,6438.86,1,131942.47,last_posted_transaction_or_prior_closing_balance,synb1_txn_2ce67d1399e97cee8bc26bc0,trusted,historical_transaction_override,historical_transaction_override,True,102,2025-05-04,complete
2025-05-02,0.00,0.00,0,131942.47,last_posted_transaction_or_prior_closing_balance,,trusted,gov_cn_2025_holiday_schedule_v1,base_calendar,False,,,complete
2025-05-03,0.00,0.00,0,131942.47,last_posted_transaction_or_prior_closing_balance,,trusted,gov_cn_2025_holiday_schedule_v1,base_calendar,False,,,complete
2025-05-04,0.00,2907.69,2,129034.78,last_posted_transaction_or_prior_closing_balance,synb1_txn_933ae6eaf5a5b6aa863dc869,trusted,historical_transaction_override,historical_transaction_override,True,103,2025-05-05,complete
2025-05-05,39381.59,0.00,1,168416.37,last_posted_transaction_or_prior_closing_balance,synb1_txn_17dc8a0c36b927684995e82e,trusted,historical_transaction_override,historical_transaction_override,True,104,2025-05-06,complete
2025-05-06,0.00,0.00,0,168416.37,last_posted_transaction_or_prior_closing_balance,,trusted,weekday_rule,base_calendar,True,105,2025-05-07,complete
2025-05-07,0.00,23858.55,1,144557.82,last_posted_transaction_or_prior_closing_balance,synb1_txn_5ed7c189c8eb5b6a64e8dda0,trusted,weekday_rule,base_calendar,True,106,2025-05-08,complete
2025-05-08,0.00,0.00,0,144557.82,last_posted_transaction_or_prior_closing_balance,,trusted,weekday_rule,base_calendar,True,107,2025-05-09,complete
2025-05-09,0.00,1625.42,1,142932.40,last_posted_transaction_or_prior_closing_balance,synb1_txn_17a1925fe62473545b8562d0,trusted,weekday_rule,base_calendar,True,108,2025-05-10,complete
2025-05-10,0.00,23736.78,1,119195.62,last_posted_transaction_or_prior_closing_balance,synb1_txn_9923b5c8464947d2e63119cc,trusted,historical_transaction_override,historical_transaction_override,True,109,2025-05-11,complete
2025-05-11,50021.55,10155.43,3,159061.74,last_posted_transaction_or_prior_closing_balance,synb1_txn_21b28647ad59296152e3ef0e,trusted,historical_transaction_override,historical_transaction_override,True,110,2025-05-12,complete
2025-05-12,0.00,0.00,0,159061.74,last_posted_transaction_or_prior_closing_balance,,trusted,weekday_rule,base_calendar,True,111,2025-05-13,complete
2025-05-13,0.00,0.00,0,159061.74,last_posted_transaction_or_prior_closing_balance,,trusted,weekday_rule,base_calendar,True,112,2025-05-14,complete
2025-05-14,0.00,24084.70,2,134977.04,last_posted_transaction_or_prior_closing_balance,synb1_txn_befa75eec5354404d3b69e6f,trusted,weekday_rule,base_calendar,True,113,2025-05-15,complete
2025-05-15,0.00,0.00,0,134977.04,last_posted_transaction_or_prior_closing_balance,,trusted,weekday_rule,base_calendar,True,114,2025-05-16,complete
2025-05-16,0.00,0.00,0,134977.04,last_posted_transaction_or_prior_closing_balance,,trusted,weekday_rule,base_calendar,True,115,2025-05-17,complete
2025-05-17,37475.46,4935.71,2,167516.79,last_posted_transaction_or_prior_closing_balance,synb1_txn_6fb29291592635a1b6137166,trusted,historical_transaction_override,historical_transaction_override,True,116,2025-05-19,complete
2025-05-18,0.00,0.00,0,167516.79,last_posted_transaction_or_prior_closing_balance,,trusted,weekday_rule,base_calendar,False,,,complete
2025-05-19,0.00,2129.97,1,165386.82,last_posted_transaction_or_prior_closing_balance,synb1_txn_356a2b214706f0f45d17f227,trusted,weekday_rule,base_calendar,True,117,2025-05-20,complete
2025-05-20,0.00,0.00,0,165386.82,last_posted_transaction_or_prior_closing_balance,,trusted,weekday_rule,base_calendar,True,118,2025-05-21,complete
2025-05-21,0.00,1925.89,1,163460.93,last_posted_transaction_or_prior_closing_balance,synb1_txn_81970ba7009077ba80ec3716,trusted,weekday_rule,base_calendar,True,119,2025-05-22,complete
2025-05-22,0.00,0.00,0,163460.93,last_posted_transaction_or_prior_closing_balance,,trusted,weekday_rule,base_calendar,True,120,2025-05-23,complete
2025-05-23,38631.98,0.00,1,202092.91,last_posted_transaction_or_prior_closing_balance,synb1_txn_856e6a29a5345c9296022673,trusted,weekday_rule,base_calendar,True,121,2025-05-26,complete
2025-05-24,0.00,0.00,0,202092.91,last_posted_transaction_or_prior_closing_balance,,trusted,weekday_rule,base_calendar,False,,,complete
2025-05-25,0.00,0.00,0,202092.91,last_posted_transaction_or_prior_closing_balance,,trusted,weekday_rule,base_calendar,False,,,complete
2025-05-26,0.00,0.00,0,202092.91,last_posted_transaction_or_prior_closing_balance,,trusted,weekday_rule,base_calendar,True,122,2025-05-27,complete
2025-05-27,0.00,0.00,0,202092.91,last_posted_transaction_or_prior_closing_balance,,trusted,weekday_rule,base_calendar,True,123,2025-05-28,complete
2025-05-28,0.00,4063.09,3,198029.82,last_posted_transaction_or_prior_closing_balance,synb1_txn_56f01a9666180eb0d32adb16,trusted,weekday_rule,base_calendar,True,124,2025-05-29,complete
2025-05-29,0.00,25904.03,1,172125.79,last_posted_transaction_or_prior_closing_balance,synb1_txn_bc86e4f2f4a071cf7fd5b7fc,trusted,weekday_rule,base_calendar,True,125,2025-05-30,complete
2025-05-30,0.00,4429.55,2,167696.24,last_posted_transaction_or_prior_closing_balance,synb1_txn_76882eaaa8c8d2db4272bf60,trusted,weekday_rule,base_calendar,True,126,2025-06-02,complete
2025-05-31,0.00,0.00,0,167696.24,last_posted_transaction_or_prior_closing_balance,,trusted,gov_cn_2025_holiday_schedule_v1,base_calendar,False,,,complete
2025-06-01,0.00,0.00,0,167696.24,last_posted_transaction_or_prior_closing_balance,,trusted,gov_cn_2025_holiday_schedule_v1,base_calendar,False,,,complete
2025-06-02,0.00,1604.38,1,166091.86,last_posted_transaction_or_prior_closing_balance,synb1_txn_274a04835af9f98ef285ab82,trusted,historical_transaction_override,historical_transaction_override,True,127,2025-06-03,complete
2025-06-03,0.00,0.00,0,166091.86,last_posted_transaction_or_prior_closing_balance,,trusted,weekday_rule,base_calendar,True,128,2025-06-04,complete
2025-06-04,0.00,1585.33,1,164506.53,last_posted_transaction_or_prior_closing_balance,synb1_txn_de7eedfe300aa997bd9e08b9,trusted,weekday_rule,base_calendar,True,129,2025-06-05,complete
2025-06-05,0.00,1964.24,1,162542.29,last_posted_transaction_or_prior_closing_balance,synb1_txn_4b15ec52c88a06dfcad33778,trusted,weekday_rule,base_calendar,True,130,2025-06-06,complete
2025-06-06,0.00,0.00,0,162542.29,last_posted_transaction_or_prior_closing_balance,,trusted,weekday_rule,base_calendar,True,131,2025-06-08,complete
2025-06-07,0.00,0.00,0,162542.29,last_posted_transaction_or_prior_closing_balance,,trusted,weekday_rule,base_calendar,False,,,complete
2025-06-08,0.00,1758.94,1,160783.35,last_posted_transaction_or_prior_closing_balance,synb1_txn_5795599919d14073d12c0db7,trusted,historical_transaction_override,historical_transaction_override,True,132,2025-06-09,complete
2025-06-09,0.00,0.00,0,160783.35,last_posted_transaction_or_prior_closing_balance,,trusted,weekday_rule,base_calendar,True,133,2025-06-10,complete
2025-06-10,35070.43,0.00,1,195853.78,last_posted_transaction_or_prior_closing_balance,synb1_txn_971c58aa3250605b5afa6756,trusted,weekday_rule,base_calendar,True,134,2025-06-11,complete
2025-06-11,0.00,0.00,0,195853.78,last_posted_transaction_or_prior_closing_balance,,trusted,weekday_rule,base_calendar,True,135,2025-06-12,complete
2025-06-12,40257.04,5683.36,2,230427.46,last_posted_transaction_or_prior_closing_balance,synb1_txn_92358bb0bc3a0fec9940a943,trusted,weekday_rule,base_calendar,True,136,2025-06-13,complete
2025-06-13,0.00,0.00,0,230427.46,last_posted_transaction_or_prior_closing_balance,,trusted,weekday_rule,base_calendar,True,137,2025-06-14,complete
2025-06-14,0.00,21746.15,1,208681.31,last_posted_transaction_or_prior_closing_balance,synb1_txn_b9bc87b1091c359f45a2624b,trusted,historical_transaction_override,historical_transaction_override,True,138,2025-06-16,complete
2025-06-15,0.00,0.00,0,208681.31,last_posted_transaction_or_prior_closing_balance,,trusted,weekday_rule,base_calendar,False,,,complete
2025-06-16,0.00,0.00,0,208681.31,last_posted_transaction_or_prior_closing_balance,,trusted,weekday_rule,base_calendar,True,139,2025-06-17,complete
2025-06-17,0.00,16540.43,1,192140.88,last_posted_transaction_or_prior_closing_balance,synb1_txn_37579a3db8e6f09f8d00736d,trusted,weekday_rule,base_calendar,True,140,2025-06-18,complete
2025-06-18,0.00,0.00,0,192140.88,last_posted_transaction_or_prior_closing_balance,,trusted,weekday_rule,base_calendar,True,141,2025-06-19,complete
2025-06-19,0.00,0.00,0,192140.88,last_posted_transaction_or_prior_closing_balance,,trusted,weekday_rule,base_calendar,True,142,2025-06-20,complete
2025-06-20,0.00,0.00,0,192140.88,last_posted_transaction_or_prior_closing_balance,,trusted,weekday_rule,base_calendar,True,143,2025-06-21,complete
2025-06-21,0.00,6430.97,2,185709.91,last_posted_transaction_or_prior_closing_balance,synb1_txn_8b40bb281080f77db9a1399d,trusted,historical_transaction_override,historical_transaction_override,True,144,2025-06-22,complete
2025-06-22,0.00,11381.98,2,174327.93,last_posted_transaction_or_prior_closing_balance,synb1_txn_4290da7bf9f13137ab58944c,trusted,historical_transaction_override,historical_transaction_override,True,145,2025-06-23,complete
2025-06-23,0.00,2691.66,1,171636.27,last_posted_transaction_or_prior_closing_balance,synb1_txn_6632f3b520932c4074024ce6,trusted,weekday_rule,base_calendar,True,146,2025-06-24,complete
2025-06-24,0.00,1989.79,1,169646.48,last_posted_transaction_or_prior_closing_balance,synb1_txn_658d1a5f4b2f4e070d1b9691,trusted,weekday_rule,base_calendar,True,147,2025-06-25,complete
2025-06-25,0.00,21310.42,1,148336.06,last_posted_transaction_or_prior_closing_balance,synb1_txn_ddab731bcb01ffc22c2de9c7,trusted,weekday_rule,base_calendar,True,148,2025-06-26,complete
2025-06-26,0.00,0.00,0,148336.06,last_posted_transaction_or_prior_closing_balance,,trusted,weekday_rule,base_calendar,True,149,2025-06-27,complete
2025-06-27,47819.13,22619.53,2,173535.66,last_posted_transaction_or_prior_closing_balance,synb1_txn_d0b2474883f4402d8dd821fb,trusted,weekday_rule,base_calendar,True,150,2025-06-29,complete
2025-06-28,0.00,0.00,0,173535.66,last_posted_transaction_or_prior_closing_balance,,trusted,weekday_rule,base_calendar,False,,,complete
2025-06-29,48879.07,1510.35,2,220904.38,last_posted_transaction_or_prior_closing_balance,synb1_txn_70de175153c83e036c70cf4e,trusted,historical_transaction_override,historical_transaction_override,True,151,2025-06-30,complete
2025-06-30,0.00,5169.22,3,215735.16,last_posted_transaction_or_prior_closing_balance,synb1_txn_cb03e6cde5a53248288cdefe,trusted,weekday_rule,base_calendar,True,152,2025-07-01,complete
2025-07-01,0.00,5779.27,1,209955.89,last_posted_transaction_or_prior_closing_balance,synb1_txn_dfd913a736f6abb63b862c53,trusted,weekday_rule,base_calendar,True,153,2025-07-02,complete
2025-07-02,0.00,1958.15,1,207997.74,last_posted_transaction_or_prior_closing_balance,synb1_txn_031681a738a12efd6c116f4e,trusted,weekday_rule,base_calendar,True,154,2025-07-03,complete
2025-07-03,0.00,0.00,0,207997.74,last_posted_transaction_or_prior_closing_balance,,trusted,weekday_rule,base_calendar,True,155,2025-07-04,complete
2025-07-04,42011.03,23071.16,2,226937.61,last_posted_transaction_or_prior_closing_balance,synb1_txn_b57b664d261d37afbb1d7d1b,trusted,weekday_rule,base_calendar,True,156,2025-07-05,complete
2025-07-05,0.00,4327.92,1,222609.69,last_posted_transaction_or_prior_closing_balance,synb1_txn_3b6c30ab3128d0e1266ab80c,trusted,historical_transaction_override,historical_transaction_override,True,157,2025-07-07,complete
2025-07-06,0.00,0.00,0,222609.69,last_posted_transaction_or_prior_closing_balance,,trusted,weekday_rule,base_calendar,False,,,complete
2025-07-07,49702.79,0.00,1,272312.48,last_posted_transaction_or_prior_closing_balance,synb1_txn_9ac16de2e7a696e0a124616f,trusted,weekday_rule,base_calendar,True,158,2025-07-08,complete
2025-07-08,0.00,1481.91,1,270830.57,last_posted_transaction_or_prior_closing_balance,synb1_txn_d4c885e0dbb1cf882d27ef5e,trusted,weekday_rule,base_calendar,True,159,2025-07-09,complete
2025-07-09,0.00,0.00,0,270830.57,last_posted_transaction_or_prior_closing_balance,,trusted,weekday_rule,base_calendar,True,160,2025-07-10,complete
2025-07-10,48850.82,0.00,1,319681.39,last_posted_transaction_or_prior_closing_balance,synb1_txn_8942b34d2eeddaf2b80cb988,trusted,weekday_rule,base_calendar,True,161,2025-07-11,complete
2025-07-11,0.00,1402.87,1,318278.52,last_posted_transaction_or_prior_closing_balance,synb1_txn_2b835debae1ae5e59647715f,trusted,weekday_rule,base_calendar,True,162,2025-07-12,complete
2025-07-12,0.00,2394.17,1,315884.35,last_posted_transaction_or_prior_closing_balance,synb1_txn_8914a8f169247fdc4c349035,trusted,historical_transaction_override,historical_transaction_override,True,163,2025-07-14,complete
2025-07-13,0.00,0.00,0,315884.35,last_posted_transaction_or_prior_closing_balance,,trusted,weekday_rule,base_calendar,False,,,complete
2025-07-14,0.00,0.00,0,315884.35,last_posted_transaction_or_prior_closing_balance,,trusted,weekday_rule,base_calendar,True,164,2025-07-15,complete
2025-07-15,0.00,0.00,0,315884.35,last_posted_transaction_or_prior_closing_balance,,trusted,weekday_rule,base_calendar,True,165,2025-07-16,complete
2025-07-16,0.00,1931.85,1,313952.50,last_posted_transaction_or_prior_closing_balance,synb1_txn_02d2870f5c1b098112453c1c,trusted,weekday_rule,base_calendar,True,166,2025-07-17,complete
2025-07-17,0.00,0.00,0,313952.50,last_posted_transaction_or_prior_closing_balance,,trusted,weekday_rule,base_calendar,True,167,2025-07-18,complete
2025-07-18,0.00,27920.57,1,286031.93,last_posted_transaction_or_prior_closing_balance,synb1_txn_6b8426d30dcb6f756a2487f3,trusted,weekday_rule,base_calendar,True,168,2025-07-19,complete
2025-07-19,48369.48,0.00,1,334401.41,last_posted_transaction_or_prior_closing_balance,synb1_txn_0fdcc45946256fffe2481345,trusted,historical_transaction_override,historical_transaction_override,True,169,2025-07-21,complete
2025-07-20,0.00,0.00,0,334401.41,last_posted_transaction_or_prior_closing_balance,,trusted,weekday_rule,base_calendar,False,,,complete
2025-07-21,0.00,0.00,0,334401.41,last_posted_transaction_or_prior_closing_balance,,trusted,weekday_rule,base_calendar,True,170,2025-07-22,complete
2025-07-22,0.00,0.00,0,334401.41,last_posted_transaction_or_prior_closing_balance,,trusted,weekday_rule,base_calendar,True,171,2025-07-23,complete
2025-07-23,0.00,5801.90,1,328599.51,last_posted_transaction_or_prior_closing_balance,synb1_txn_60e3fc2fe9648e9c9fd5f48b,trusted,weekday_rule,base_calendar,True,172,2025-07-24,complete
2025-07-24,0.00,0.00,0,328599.51,last_posted_transaction_or_prior_closing_balance,,trusted,weekday_rule,base_calendar,True,173,2025-07-25,complete
2025-07-25,0.00,5620.91,1,322978.60,last_posted_transaction_or_prior_closing_balance,synb1_txn_ea4c179e8a701b44dadbaa0d,trusted,weekday_rule,base_calendar,True,174,2025-07-26,complete
2025-07-26,0.00,2327.83,1,320650.77,last_posted_transaction_or_prior_closing_balance,synb1_txn_6ce1541da0fc3f2e50bb55ad,trusted,historical_transaction_override,historical_transaction_override,True,175,2025-07-27,complete
2025-07-27,0.00,25972.26,2,294678.51,last_posted_transaction_or_prior_closing_balance,synb1_txn_72337b81093da9e20cc4958a,trusted,historical_transaction_override,historical_transaction_override,True,176,2025-07-28,complete
2025-07-28,0.00,7570.68,4,287107.83,last_posted_transaction_or_prior_closing_balance,synb1_txn_f9bf4ad6a1e609cb48188494,trusted,weekday_rule,base_calendar,True,177,2025-07-29,complete
2025-07-29,0.00,0.00,0,287107.83,last_posted_transaction_or_prior_closing_balance,,trusted,weekday_rule,base_calendar,True,178,2025-07-30,complete
2025-07-30,0.00,0.00,0,287107.83,last_posted_transaction_or_prior_closing_balance,,trusted,weekday_rule,base_calendar,True,179,2025-07-31,complete
2025-07-31,0.00,22031.66,1,265076.17,last_posted_transaction_or_prior_closing_balance,synb1_txn_972545092bef3829ecbf611d,trusted,weekday_rule,base_calendar,True,180,2025-08-01,complete
2025-08-01,0.00,0.00,0,265076.17,last_posted_transaction_or_prior_closing_balance,,trusted,weekday_rule,base_calendar,True,181,2025-08-04,complete
2025-08-02,0.00,0.00,0,265076.17,last_posted_transaction_or_prior_closing_balance,,trusted,weekday_rule,base_calendar,False,,,complete
2025-08-03,0.00,0.00,0,265076.17,last_posted_transaction_or_prior_closing_balance,,trusted,weekday_rule,base_calendar,False,,,complete
2025-08-04,0.00,26729.71,1,238346.46,last_posted_transaction_or_prior_closing_balance,synb1_txn_aded7fe3ff2cc1d7c5a53e44,trusted,weekday_rule,base_calendar,True,182,2025-08-05,complete
2025-08-05,0.00,5894.89,1,232451.57,last_posted_transaction_or_prior_closing_balance,synb1_txn_dc8f28954c4488811e1ff509,trusted,weekday_rule,base_calendar,True,183,2025-08-06,complete
2025-08-06,0.00,0.00,0,232451.57,last_posted_transaction_or_prior_closing_balance,,trusted,weekday_rule,base_calendar,True,184,2025-08-07,complete
2025-08-07,0.00,0.00,0,232451.57,last_posted_transaction_or_prior_closing_balance,,trusted,weekday_rule,base_calendar,True,185,2025-08-08,complete
2025-08-08,0.00,0.00,0,232451.57,last_posted_transaction_or_prior_closing_balance,,trusted,weekday_rule,base_calendar,True,186,2025-08-09,complete
2025-08-09,51674.59,0.00,1,284126.16,last_posted_transaction_or_prior_closing_balance,synb1_txn_78aab66e313d2cfff19149a5,trusted,historical_transaction_override,historical_transaction_override,True,187,2025-08-11,complete
2025-08-10,0.00,0.00,0,284126.16,last_posted_transaction_or_prior_closing_balance,,trusted,weekday_rule,base_calendar,False,,,complete
2025-08-11,0.00,24917.29,1,259208.87,last_posted_transaction_or_prior_closing_balance,synb1_txn_2f9385044b57d2dafc05582f,trusted,weekday_rule,base_calendar,True,188,2025-08-12,complete
2025-08-12,0.00,0.00,0,259208.87,last_posted_transaction_or_prior_closing_balance,,trusted,weekday_rule,base_calendar,True,189,2025-08-13,complete
2025-08-13,0.00,0.00,0,259208.87,last_posted_transaction_or_prior_closing_balance,,trusted,weekday_rule,base_calendar,True,190,2025-08-14,complete
2025-08-14,0.00,1445.57,1,257763.30,last_posted_transaction_or_prior_closing_balance,synb1_txn_b7280fd151e15736c010d3b1,trusted,weekday_rule,base_calendar,True,191,2025-08-15,complete
2025-08-15,0.00,2197.14,1,255566.16,last_posted_transaction_or_prior_closing_balance,synb1_txn_351f127b36d65bac4d05e86a,trusted,weekday_rule,base_calendar,True,192,2025-08-16,complete
2025-08-16,0.00,9605.37,2,245960.79,last_posted_transaction_or_prior_closing_balance,synb1_txn_1dc1e50987b2d4c313eef2ec,trusted,historical_transaction_override,historical_transaction_override,True,193,2025-08-17,complete
2025-08-17,0.00,1962.51,1,243998.28,last_posted_transaction_or_prior_closing_balance,synb1_txn_803621b3d53e2ca0ed104604,trusted,historical_transaction_override,historical_transaction_override,True,194,2025-08-18,complete
2025-08-18,0.00,0.00,0,243998.28,last_posted_transaction_or_prior_closing_balance,,trusted,weekday_rule,base_calendar,True,195,2025-08-19,complete
2025-08-19,0.00,0.00,0,243998.28,last_posted_transaction_or_prior_closing_balance,,trusted,weekday_rule,base_calendar,True,196,2025-08-20,complete
2025-08-20,0.00,0.00,0,243998.28,last_posted_transaction_or_prior_closing_balance,,trusted,weekday_rule,base_calendar,True,197,2025-08-21,complete
2025-08-21,0.00,0.00,0,243998.28,last_posted_transaction_or_prior_closing_balance,,trusted,weekday_rule,base_calendar,True,198,2025-08-22,complete
2025-08-22,0.00,0.00,0,243998.28,last_posted_transaction_or_prior_closing_balance,,trusted,weekday_rule,base_calendar,True,199,2025-08-24,complete
2025-08-23,0.00,0.00,0,243998.28,last_posted_transaction_or_prior_closing_balance,,trusted,weekday_rule,base_calendar,False,,,complete
2025-08-24,0.00,29179.69,1,214818.59,last_posted_transaction_or_prior_closing_balance,synb1_txn_f229c1ef7a9f6ae0a1e72995,trusted,historical_transaction_override,historical_transaction_override,True,200,2025-08-25,complete
2025-08-25,49757.65,0.00,1,264576.24,last_posted_transaction_or_prior_closing_balance,synb1_txn_da281f3c4a6ca3a85a8ed211,trusted,weekday_rule,base_calendar,True,201,2025-08-26,complete
2025-08-26,0.00,1692.15,1,262884.09,last_posted_transaction_or_prior_closing_balance,synb1_txn_09a2dbed0846ccedbefdfb19,trusted,weekday_rule,base_calendar,True,202,2025-08-27,complete
2025-08-27,52362.48,1560.72,2,313685.85,last_posted_transaction_or_prior_closing_balance,synb1_txn_7ecfe10541f17d7fce9d8c36,trusted,weekday_rule,base_calendar,True,203,2025-08-28,complete
2025-08-28,0.00,11389.11,5,302296.74,last_posted_transaction_or_prior_closing_balance,synb1_txn_cedc6aca33c301d3c12c35c9,trusted,weekday_rule,base_calendar,True,204,2025-08-29,complete
2025-08-29,0.00,28881.80,1,273414.94,last_posted_transaction_or_prior_closing_balance,synb1_txn_10663a6f9d3e32e3ebee67af,trusted,weekday_rule,base_calendar,True,205,2025-08-30,complete
2025-08-30,50628.98,0.00,1,324043.92,last_posted_transaction_or_prior_closing_balance,synb1_txn_4784e1081c4916cea39eb3d3,trusted,historical_transaction_override,historical_transaction_override,True,206,2025-08-31,complete
2025-08-31,0.00,7790.30,2,316253.62,last_posted_transaction_or_prior_closing_balance,synb1_txn_4804cf4efc536f9aa19a3b43,trusted,historical_transaction_override,historical_transaction_override,True,207,2025-09-01,complete
2025-09-01,58752.38,0.00,1,375006.00,last_posted_transaction_or_prior_closing_balance,synb1_txn_d10df6c76301a9b29292115e,trusted,weekday_rule,base_calendar,True,208,2025-09-02,complete
2025-09-02,0.00,0.00,0,375006.00,last_posted_transaction_or_prior_closing_balance,,trusted,weekday_rule,base_calendar,True,209,2025-09-03,complete
2025-09-03,0.00,0.00,0,375006.00,last_posted_transaction_or_prior_closing_balance,,trusted,weekday_rule,base_calendar,True,210,2025-09-04,complete
2025-09-04,0.00,0.00,0,375006.00,last_posted_transaction_or_prior_closing_balance,,trusted,weekday_rule,base_calendar,True,211,2025-09-05,complete
2025-09-05,0.00,0.00,0,375006.00,last_posted_transaction_or_prior_closing_balance,,trusted,weekday_rule,base_calendar,True,212,2025-09-06,complete
2025-09-06,0.00,30846.31,1,344159.69,last_posted_transaction_or_prior_closing_balance,synb1_txn_1d770439f169f0930a5fd866,trusted,historical_transaction_override,historical_transaction_override,True,213,2025-09-07,complete
2025-09-07,58050.02,2088.95,2,400120.76,last_posted_transaction_or_prior_closing_balance,synb1_txn_8ceb5f30ed2561b8c5ba5972,trusted,historical_transaction_override,historical_transaction_override,True,214,2025-09-08,complete
2025-09-08,0.00,0.00,0,400120.76,last_posted_transaction_or_prior_closing_balance,,trusted,weekday_rule,base_calendar,True,215,2025-09-09,complete
2025-09-09,0.00,0.00,0,400120.76,last_posted_transaction_or_prior_closing_balance,,trusted,weekday_rule,base_calendar,True,216,2025-09-10,complete
2025-09-10,0.00,0.00,0,400120.76,last_posted_transaction_or_prior_closing_balance,,trusted,weekday_rule,base_calendar,True,217,2025-09-11,complete
2025-09-11,0.00,0.00,0,400120.76,last_posted_transaction_or_prior_closing_balance,,trusted,weekday_rule,base_calendar,True,218,2025-09-12,complete
2025-09-12,0.00,5731.10,1,394389.66,last_posted_transaction_or_prior_closing_balance,synb1_txn_d29e26dfc0c878abd78cc0dd,trusted,weekday_rule,base_calendar,True,219,2025-09-13,complete
2025-09-13,0.00,39640.61,1,354749.05,last_posted_transaction_or_prior_closing_balance,synb1_txn_300f1edd575e1bea55323e06,trusted,historical_transaction_override,historical_transaction_override,True,220,2025-09-15,complete
2025-09-14,0.00,0.00,0,354749.05,last_posted_transaction_or_prior_closing_balance,,trusted,weekday_rule,base_calendar,False,,,complete
2025-09-15,0.00,0.00,0,354749.05,last_posted_transaction_or_prior_closing_balance,,trusted,weekday_rule,base_calendar,True,221,2025-09-16,complete
2025-09-16,0.00,0.00,0,354749.05,last_posted_transaction_or_prior_closing_balance,,trusted,weekday_rule,base_calendar,True,222,2025-09-17,complete
2025-09-17,0.00,0.00,0,354749.05,last_posted_transaction_or_prior_closing_balance,,trusted,weekday_rule,base_calendar,True,223,2025-09-18,complete
2025-09-18,0.00,4870.44,1,349878.61,last_posted_transaction_or_prior_closing_balance,synb1_txn_e0c403c60d9ba47ab1f8ba15,trusted,weekday_rule,base_calendar,True,224,2025-09-19,complete
2025-09-19,0.00,3276.38,2,346602.23,last_posted_transaction_or_prior_closing_balance,synb1_txn_212e20be7526358aa967ca6b,trusted,weekday_rule,base_calendar,True,225,2025-09-20,complete
2025-09-20,0.00,29526.07,2,317076.16,last_posted_transaction_or_prior_closing_balance,synb1_txn_38caab4cb64dd4c19db58c89,trusted,historical_transaction_override,historical_transaction_override,True,226,2025-09-22,complete
2025-09-21,0.00,0.00,0,317076.16,last_posted_transaction_or_prior_closing_balance,,trusted,weekday_rule,base_calendar,False,,,complete
2025-09-22,0.00,0.00,0,317076.16,last_posted_transaction_or_prior_closing_balance,,trusted,weekday_rule,base_calendar,True,227,2025-09-23,complete
2025-09-23,0.00,0.00,0,317076.16,last_posted_transaction_or_prior_closing_balance,,trusted,weekday_rule,base_calendar,True,228,2025-09-24,complete
2025-09-24,0.00,7272.70,2,309803.46,last_posted_transaction_or_prior_closing_balance,synb1_txn_c15909102c106c3e8d0d68e1,trusted,weekday_rule,base_calendar,True,229,2025-09-25,complete
2025-09-25,50018.03,1628.03,2,358193.46,last_posted_transaction_or_prior_closing_balance,synb1_txn_a885ba4707ec09cb49a67f9a,trusted,weekday_rule,base_calendar,True,230,2025-09-26,complete
2025-09-26,0.00,0.00,0,358193.46,last_posted_transaction_or_prior_closing_balance,,trusted,weekday_rule,base_calendar,True,231,2025-09-28,complete
2025-09-27,0.00,0.00,0,358193.46,last_posted_transaction_or_prior_closing_balance,,trusted,weekday_rule,base_calendar,False,,,complete
2025-09-28,0.00,9660.19,4,348533.27,last_posted_transaction_or_prior_closing_balance,synb1_txn_cb4179d007dc3fedef95c2ef,trusted,gov_cn_2025_holiday_schedule_v1,base_calendar,True,232,2025-09-29,complete
2025-09-29,51653.53,0.00,1,400186.80,last_posted_transaction_or_prior_closing_balance,synb1_txn_435f1d07360204fed6d79485,trusted,weekday_rule,base_calendar,True,233,2025-09-30,complete
2025-09-30,0.00,40111.99,3,360074.81,last_posted_transaction_or_prior_closing_balance,synb1_txn_cb5aab2d1b56237cf9cef710,trusted,weekday_rule,base_calendar,True,234,2025-10-02,complete
2025-10-01,0.00,0.00,0,360074.81,last_posted_transaction_or_prior_closing_balance,,trusted,gov_cn_2025_holiday_schedule_v1,base_calendar,False,,,complete
2025-10-02,0.00,5770.64,1,354304.17,last_posted_transaction_or_prior_closing_balance,synb1_txn_d5195a3e63f5373ddc947559,trusted,historical_transaction_override,historical_transaction_override,True,235,2025-10-04,complete
2025-10-03,0.00,0.00,0,354304.17,last_posted_transaction_or_prior_closing_balance,,trusted,gov_cn_2025_holiday_schedule_v1,base_calendar,False,,,complete
2025-10-04,0.00,4914.86,1,349389.31,last_posted_transaction_or_prior_closing_balance,synb1_txn_6a8a5095752bbf6e0bdde0cd,trusted,historical_transaction_override,historical_transaction_override,True,236,2025-10-06,complete
2025-10-05,0.00,0.00,0,349389.31,last_posted_transaction_or_prior_closing_balance,,trusted,gov_cn_2025_holiday_schedule_v1,base_calendar,False,,,complete
2025-10-06,0.00,1571.03,1,347818.28,last_posted_transaction_or_prior_closing_balance,synb1_txn_b2b8a8f0c523826b0a63938b,trusted,historical_transaction_override,historical_transaction_override,True,237,2025-10-07,complete
2025-10-07,49400.18,32030.30,2,365188.16,last_posted_transaction_or_prior_closing_balance,synb1_txn_26876ba5127d7b2f5cb1ffea,trusted,historical_transaction_override,historical_transaction_override,True,238,2025-10-08,complete
2025-10-08,66302.75,9531.33,4,421959.58,last_posted_transaction_or_prior_closing_balance,synb1_txn_c1f697c86fc76c2ae23d1567,trusted,historical_transaction_override,historical_transaction_override,True,239,2025-10-09,complete
2025-10-09,0.00,0.00,0,421959.58,last_posted_transaction_or_prior_closing_balance,,trusted,weekday_rule,base_calendar,True,240,2025-10-10,complete
2025-10-10,0.00,0.00,0,421959.58,last_posted_transaction_or_prior_closing_balance,,trusted,weekday_rule,base_calendar,True,241,2025-10-11,complete
2025-10-11,0.00,0.00,0,421959.58,last_posted_transaction_or_prior_closing_balance,,trusted,gov_cn_2025_holiday_schedule_v1,base_calendar,True,242,2025-10-13,complete
2025-10-12,0.00,0.00,0,421959.58,last_posted_transaction_or_prior_closing_balance,,trusted,weekday_rule,base_calendar,False,,,complete
2025-10-13,61262.89,1909.82,2,481312.65,last_posted_transaction_or_prior_closing_balance,synb1_txn_3748265293717ac535343e03,trusted,weekday_rule,base_calendar,True,243,2025-10-14,complete
2025-10-14,0.00,0.00,0,481312.65,last_posted_transaction_or_prior_closing_balance,,trusted,weekday_rule,base_calendar,True,244,2025-10-15,complete
2025-10-15,0.00,38467.85,1,442844.80,last_posted_transaction_or_prior_closing_balance,synb1_txn_27589a39d776086c48971e60,trusted,weekday_rule,base_calendar,True,245,2025-10-16,complete
2025-10-16,0.00,34324.98,1,408519.82,last_posted_transaction_or_prior_closing_balance,synb1_txn_ffbdd4440ff665d5c4157c7a,trusted,weekday_rule,base_calendar,True,246,2025-10-17,complete
2025-10-17,0.00,0.00,0,408519.82,last_posted_transaction_or_prior_closing_balance,,trusted,weekday_rule,base_calendar,True,247,2025-10-18,complete
2025-10-18,0.00,1527.85,1,406991.97,last_posted_transaction_or_prior_closing_balance,synb1_txn_84a64628969658e4eacc82e1,trusted,historical_transaction_override,historical_transaction_override,True,248,2025-10-20,complete
2025-10-19,0.00,0.00,0,406991.97,last_posted_transaction_or_prior_closing_balance,,trusted,weekday_rule,base_calendar,False,,,complete
2025-10-20,0.00,0.00,0,406991.97,last_posted_transaction_or_prior_closing_balance,,trusted,weekday_rule,base_calendar,True,249,2025-10-21,complete
2025-10-21,0.00,4761.06,1,402230.91,last_posted_transaction_or_prior_closing_balance,synb1_txn_2b6224f155162225681340bb,trusted,weekday_rule,base_calendar,True,250,2025-10-22,complete
2025-10-22,0.00,2344.43,1,399886.48,last_posted_transaction_or_prior_closing_balance,synb1_txn_40a7d796a0f9319a8184c3da,trusted,weekday_rule,base_calendar,True,251,2025-10-23,complete
2025-10-23,0.00,0.00,0,399886.48,last_posted_transaction_or_prior_closing_balance,,trusted,weekday_rule,base_calendar,True,252,2025-10-24,complete
2025-10-24,0.00,0.00,0,399886.48,last_posted_transaction_or_prior_closing_balance,,trusted,weekday_rule,base_calendar,True,253,2025-10-26,complete
2025-10-25,0.00,0.00,0,399886.48,last_posted_transaction_or_prior_closing_balance,,trusted,weekday_rule,base_calendar,False,,,complete
2025-10-26,54160.71,0.00,1,454047.19,last_posted_transaction_or_prior_closing_balance,synb1_txn_42fea06f7b4e8257e0cf03b8,trusted,historical_transaction_override,historical_transaction_override,True,254,2025-10-27,complete
2025-10-27,0.00,0.00,0,454047.19,last_posted_transaction_or_prior_closing_balance,,trusted,weekday_rule,base_calendar,True,255,2025-10-28,complete
2025-10-28,0.00,9165.83,3,444881.36,last_posted_transaction_or_prior_closing_balance,synb1_txn_c4331859f87e9ccecce6915d,trusted,weekday_rule,base_calendar,True,256,2025-10-29,complete
2025-10-29,0.00,0.00,0,444881.36,last_posted_transaction_or_prior_closing_balance,,trusted,weekday_rule,base_calendar,True,257,2025-10-30,complete
2025-10-30,0.00,39553.57,2,405327.79,last_posted_transaction_or_prior_closing_balance,synb1_txn_4689c08cd66ccf861c9887b4,trusted,weekday_rule,base_calendar,True,258,2025-10-31,complete
2025-10-31,0.00,2434.00,1,402893.79,last_posted_transaction_or_prior_closing_balance,synb1_txn_e58ee14967a6741f4c50e669,trusted,weekday_rule,base_calendar,True,259,2025-11-01,complete
2025-11-01,0.00,37590.51,1,365303.28,last_posted_transaction_or_prior_closing_balance,synb1_txn_7800aa00ba0e8ef23e376e5f,trusted,historical_transaction_override,historical_transaction_override,True,260,2025-11-02,complete
2025-11-02,0.00,5639.23,1,359664.05,last_posted_transaction_or_prior_closing_balance,synb1_txn_90ae685674d0f6ba0477966d,trusted,historical_transaction_override,historical_transaction_override,True,261,2025-11-03,complete
2025-11-03,0.00,0.00,0,359664.05,last_posted_transaction_or_prior_closing_balance,,trusted,weekday_rule,base_calendar,True,262,2025-11-04,complete
2025-11-04,0.00,0.00,0,359664.05,last_posted_transaction_or_prior_closing_balance,,trusted,weekday_rule,base_calendar,True,263,2025-11-05,complete
2025-11-05,0.00,0.00,0,359664.05,last_posted_transaction_or_prior_closing_balance,,trusted,weekday_rule,base_calendar,True,264,2025-11-06,complete
2025-11-06,0.00,1627.06,1,358036.99,last_posted_transaction_or_prior_closing_balance,synb1_txn_4b2d9befd9f48020c580b489,trusted,weekday_rule,base_calendar,True,265,2025-11-07,complete
2025-11-07,0.00,0.00,0,358036.99,last_posted_transaction_or_prior_closing_balance,,trusted,weekday_rule,base_calendar,True,266,2025-11-08,complete
2025-11-08,0.00,1566.62,1,356470.37,last_posted_transaction_or_prior_closing_balance,synb1_txn_2e0bbfac8ca685b3660a8834,trusted,historical_transaction_override,historical_transaction_override,True,267,2025-11-09,complete
2025-11-09,0.00,39294.39,1,317175.98,last_posted_transaction_or_prior_closing_balance,synb1_txn_c4f91b6733aecdf1dbdae544,trusted,historical_transaction_override,historical_transaction_override,True,268,2025-11-10,complete
2025-11-10,0.00,0.00,0,317175.98,last_posted_transaction_or_prior_closing_balance,,trusted,weekday_rule,base_calendar,True,269,2025-11-11,complete
2025-11-11,0.00,0.00,0,317175.98,last_posted_transaction_or_prior_closing_balance,,trusted,weekday_rule,base_calendar,True,270,2025-11-12,complete
2025-11-12,0.00,0.00,0,317175.98,last_posted_transaction_or_prior_closing_balance,,trusted,weekday_rule,base_calendar,True,271,2025-11-13,complete
2025-11-13,0.00,5584.55,1,311591.43,last_posted_transaction_or_prior_closing_balance,synb1_txn_02392c35b52a89162c9fb196,trusted,weekday_rule,base_calendar,True,272,2025-11-14,complete
2025-11-14,0.00,0.00,0,311591.43,last_posted_transaction_or_prior_closing_balance,,trusted,weekday_rule,base_calendar,True,273,2025-11-17,complete
2025-11-15,0.00,0.00,0,311591.43,last_posted_transaction_or_prior_closing_balance,,trusted,weekday_rule,base_calendar,False,,,complete
2025-11-16,0.00,0.00,0,311591.43,last_posted_transaction_or_prior_closing_balance,,trusted,weekday_rule,base_calendar,False,,,complete
2025-11-17,0.00,0.00,0,311591.43,last_posted_transaction_or_prior_closing_balance,,trusted,weekday_rule,base_calendar,True,274,2025-11-18,complete
2025-11-18,0.00,1748.92,1,309842.51,last_posted_transaction_or_prior_closing_balance,synb1_txn_4e8f4648d7062144caa079bc,trusted,weekday_rule,base_calendar,True,275,2025-11-19,complete
2025-11-19,0.00,1729.40,1,308113.11,last_posted_transaction_or_prior_closing_balance,synb1_txn_78b9b722c236454e3345b44b,trusted,weekday_rule,base_calendar,True,276,2025-11-20,complete
2025-11-20,0.00,3898.01,2,304215.10,last_posted_transaction_or_prior_closing_balance,synb1_txn_0638ee2df977dd38fe58e8bd,trusted,weekday_rule,base_calendar,True,277,2025-11-21,complete
2025-11-21,66652.87,0.00,1,370867.97,last_posted_transaction_or_prior_closing_balance,synb1_txn_af7dac34fd88912b29e9312d,trusted,weekday_rule,base_calendar,True,278,2025-11-23,complete
2025-11-22,0.00,0.00,0,370867.97,last_posted_transaction_or_prior_closing_balance,,trusted,weekday_rule,base_calendar,False,,,complete
2025-11-23,67548.56,0.00,1,438416.53,last_posted_transaction_or_prior_closing_balance,synb1_txn_5077b3ed9239e72bacff1d74,trusted,historical_transaction_override,historical_transaction_override,True,279,2025-11-24,complete
2025-11-24,59340.87,36889.33,2,460868.07,last_posted_transaction_or_prior_closing_balance,synb1_txn_84a332aebd2b76ff2a5fb60d,trusted,weekday_rule,base_calendar,True,280,2025-11-25,complete
2025-11-25,0.00,0.00,0,460868.07,last_posted_transaction_or_prior_closing_balance,,trusted,weekday_rule,base_calendar,True,281,2025-11-26,complete
2025-11-26,48817.93,42777.10,3,466908.90,last_posted_transaction_or_prior_closing_balance,synb1_txn_4bbade262a43a3e98a3d9f0e,trusted,weekday_rule,base_calendar,True,282,2025-11-27,complete
2025-11-27,0.00,0.00,0,466908.90,last_posted_transaction_or_prior_closing_balance,,trusted,weekday_rule,base_calendar,True,283,2025-11-28,complete
2025-11-28,0.00,20426.82,5,446482.08,last_posted_transaction_or_prior_closing_balance,synb1_txn_0c44d51ffdd4906494502583,trusted,weekday_rule,base_calendar,True,284,2025-11-29,complete
2025-11-29,0.00,2508.31,1,443973.77,last_posted_transaction_or_prior_closing_balance,synb1_txn_0962f6e25af041b88acf455c,trusted,historical_transaction_override,historical_transaction_override,True,285,2025-12-01,complete
2025-11-30,0.00,0.00,0,443973.77,last_posted_transaction_or_prior_closing_balance,,trusted,weekday_rule,base_calendar,False,,,complete
2025-12-01,64977.02,0.00,1,508950.79,last_posted_transaction_or_prior_closing_balance,synb1_txn_7b4040c810df8f90e8fd992d,trusted,weekday_rule,base_calendar,True,286,2025-12-02,complete
2025-12-02,0.00,1582.16,1,507368.63,last_posted_transaction_or_prior_closing_balance,synb1_txn_001b28621777a78c50bf9823,trusted,weekday_rule,base_calendar,True,287,2025-12-03,complete
2025-12-03,0.00,0.00,0,507368.63,last_posted_transaction_or_prior_closing_balance,,trusted,weekday_rule,base_calendar,True,288,2025-12-04,complete
2025-12-04,0.00,0.00,0,507368.63,last_posted_transaction_or_prior_closing_balance,,trusted,weekday_rule,base_calendar,True,289,2025-12-05,complete
2025-12-05,0.00,6165.09,2,501203.54,last_posted_transaction_or_prior_closing_balance,synb1_txn_475aac232ade7a46ebdfeff3,trusted,weekday_rule,base_calendar,True,290,2025-12-07,complete
2025-12-06,0.00,0.00,0,501203.54,last_posted_transaction_or_prior_closing_balance,,trusted,weekday_rule,base_calendar,False,,,complete
2025-12-07,0.00,2155.86,1,499047.68,last_posted_transaction_or_prior_closing_balance,synb1_txn_d57c1f5207dee4d204efc5e9,trusted,historical_transaction_override,historical_transaction_override,True,291,2025-12-08,complete
2025-12-08,0.00,0.00,0,499047.68,last_posted_transaction_or_prior_closing_balance,,trusted,weekday_rule,base_calendar,True,292,2025-12-09,complete
2025-12-09,0.00,0.00,0,499047.68,last_posted_transaction_or_prior_closing_balance,,trusted,weekday_rule,base_calendar,True,293,2025-12-10,complete
2025-12-10,0.00,2450.14,1,496597.54,last_posted_transaction_or_prior_closing_balance,synb1_txn_115f94c5ca681a52f70cfe62,trusted,weekday_rule,base_calendar,True,294,2025-12-11,complete
2025-12-11,0.00,34168.51,1,462429.03,last_posted_transaction_or_prior_closing_balance,synb1_txn_2e7c7f27629df47ccb489824,trusted,weekday_rule,base_calendar,True,295,2025-12-12,complete
2025-12-12,0.00,0.00,0,462429.03,last_posted_transaction_or_prior_closing_balance,,trusted,weekday_rule,base_calendar,True,296,2025-12-13,complete
2025-12-13,0.00,5508.28,1,456920.75,last_posted_transaction_or_prior_closing_balance,synb1_txn_2615b9c5f2017a0eb5d0b138,trusted,historical_transaction_override,historical_transaction_override,True,297,2025-12-15,complete
2025-12-14,0.00,0.00,0,456920.75,last_posted_transaction_or_prior_closing_balance,,trusted,weekday_rule,base_calendar,False,,,complete
2025-12-15,0.00,0.00,0,456920.75,last_posted_transaction_or_prior_closing_balance,,trusted,weekday_rule,base_calendar,True,298,2025-12-16,complete
2025-12-16,0.00,35956.13,1,420964.62,last_posted_transaction_or_prior_closing_balance,synb1_txn_f8839b70792a046eeac91a0c,trusted,weekday_rule,base_calendar,True,299,2025-12-17,complete
2025-12-17,0.00,0.00,0,420964.62,last_posted_transaction_or_prior_closing_balance,,trusted,weekday_rule,base_calendar,True,300,2025-12-18,complete
2025-12-18,0.00,6661.64,1,414302.98,last_posted_transaction_or_prior_closing_balance,synb1_txn_d0330739f478af7b3b0028b1,trusted,weekday_rule,base_calendar,True,301,2025-12-19,complete
2025-12-19,0.00,1912.55,1,412390.43,last_posted_transaction_or_prior_closing_balance,synb1_txn_191e7593ef003ea9de5b4570,trusted,weekday_rule,base_calendar,True,302,2025-12-20,complete
2025-12-20,0.00,47929.05,1,364461.38,last_posted_transaction_or_prior_closing_balance,synb1_txn_36ca7317f76e255e9af56239,trusted,historical_transaction_override,historical_transaction_override,True,303,2025-12-22,complete
2025-12-21,0.00,0.00,0,364461.38,last_posted_transaction_or_prior_closing_balance,,trusted,weekday_rule,base_calendar,False,,,complete
2025-12-22,0.00,2093.45,1,362367.93,last_posted_transaction_or_prior_closing_balance,synb1_txn_c2858236d0144b8a1b530ad7,trusted,weekday_rule,base_calendar,True,304,2025-12-23,complete
2025-12-23,0.00,46436.59,1,315931.34,last_posted_transaction_or_prior_closing_balance,synb1_txn_80c1b3632b2be116bec165e1,trusted,weekday_rule,base_calendar,True,305,2025-12-24,complete
2025-12-24,0.00,1890.30,1,314041.04,last_posted_transaction_or_prior_closing_balance,synb1_txn_00145f13d55e5e84b654b27e,trusted,weekday_rule,base_calendar,True,306,2025-12-25,complete
2025-12-25,73490.96,4634.71,2,382897.29,last_posted_transaction_or_prior_closing_balance,synb1_txn_7936b18acab3c8d69db504c8,trusted,weekday_rule,base_calendar,True,307,2025-12-26,complete
2025-12-26,0.00,0.00,0,382897.29,last_posted_transaction_or_prior_closing_balance,,trusted,weekday_rule,base_calendar,True,308,2025-12-27,complete
2025-12-27,0.00,1546.82,1,381350.47,last_posted_transaction_or_prior_closing_balance,synb1_txn_e6bc8099e83ae6cf2d685fd2,trusted,historical_transaction_override,historical_transaction_override,True,309,2025-12-28,complete
2025-12-28,50985.46,0.00,1,432335.93,last_posted_transaction_or_prior_closing_balance,synb1_txn_6436da627baa5c0b8961eff8,trusted,historical_transaction_override,historical_transaction_override,True,310,2025-12-29,complete
2025-12-29,0.00,10968.30,3,421367.63,last_posted_transaction_or_prior_closing_balance,synb1_txn_d681bb3182f069e32a150226,trusted,weekday_rule,base_calendar,True,311,2025-12-30,complete
2025-12-30,53389.97,0.00,1,474757.60,last_posted_transaction_or_prior_closing_balance,synb1_txn_2732ed429a6a93a9cb22373a,trusted,weekday_rule,base_calendar,True,312,2025-12-31,complete
2025-12-31,0.00,0.00,0,474757.60,last_posted_transaction_or_prior_closing_balance,,trusted,weekday_rule,base_calendar,True,313,2026-01-01,complete
2026-01-01,0.00,3954.30,2,470803.30,last_posted_transaction_or_prior_closing_balance,synb1_txn_da88d19ffcef6b228dd5bf0a,trusted,historical_transaction_override,historical_transaction_override,True,314,2026-01-02,complete
2026-01-02,0.00,46211.18,3,424592.12,last_posted_transaction_or_prior_closing_balance,synb1_txn_67acd2139159f60ac077e1f3,trusted,historical_transaction_override,historical_transaction_override,True,315,2026-01-04,complete
2026-01-03,0.00,0.00,0,424592.12,last_posted_transaction_or_prior_closing_balance,,trusted,gov_cn_2026_holiday_schedule_v1,base_calendar,False,,,complete
2026-01-04,56548.38,0.00,1,481140.50,last_posted_transaction_or_prior_closing_balance,synb1_txn_b0a767dbbf08b2db65d65cda,trusted,gov_cn_2026_holiday_schedule_v1,base_calendar,True,316,2026-01-05,complete
2026-01-05,49611.37,1869.06,2,528882.81,last_posted_transaction_or_prior_closing_balance,synb1_txn_f5033522853209d6a32e57e5,trusted,weekday_rule,base_calendar,True,317,2026-01-06,complete
2026-01-06,0.00,0.00,0,528882.81,last_posted_transaction_or_prior_closing_balance,,trusted,weekday_rule,base_calendar,True,318,2026-01-07,complete
2026-01-07,0.00,0.00,0,528882.81,last_posted_transaction_or_prior_closing_balance,,trusted,weekday_rule,base_calendar,True,319,2026-01-08,complete
2026-01-08,0.00,0.00,0,528882.81,last_posted_transaction_or_prior_closing_balance,,trusted,weekday_rule,base_calendar,True,320,2026-01-09,complete
2026-01-09,0.00,45229.20,2,483653.61,last_posted_transaction_or_prior_closing_balance,synb1_txn_eb47033c285ba66ac32ba948,trusted,weekday_rule,base_calendar,True,321,2026-01-11,complete
2026-01-10,0.00,0.00,0,483653.61,last_posted_transaction_or_prior_closing_balance,,trusted,weekday_rule,base_calendar,False,,,complete
2026-01-11,0.00,47094.00,1,436559.61,last_posted_transaction_or_prior_closing_balance,synb1_txn_44498fe80f6b6b09ef104694,trusted,historical_transaction_override,historical_transaction_override,True,322,2026-01-12,complete
2026-01-12,61207.95,0.00,1,497767.56,last_posted_transaction_or_prior_closing_balance,synb1_txn_82eaf88fe03504ddf8fc4350,trusted,weekday_rule,base_calendar,True,323,2026-01-13,complete
2026-01-13,0.00,1576.06,1,496191.50,last_posted_transaction_or_prior_closing_balance,synb1_txn_77f8f14410ca8a82e6636b49,trusted,weekday_rule,base_calendar,True,324,2026-01-14,complete
2026-01-14,0.00,0.00,0,496191.50,last_posted_transaction_or_prior_closing_balance,,trusted,weekday_rule,base_calendar,True,325,2026-01-15,complete
2026-01-15,0.00,5273.45,1,490918.05,last_posted_transaction_or_prior_closing_balance,synb1_txn_d5c25eaab91d7779d573f1e1,trusted,weekday_rule,base_calendar,True,326,2026-01-16,complete
2026-01-16,0.00,0.00,0,490918.05,last_posted_transaction_or_prior_closing_balance,,trusted,weekday_rule,base_calendar,True,327,2026-01-18,complete
2026-01-17,0.00,0.00,0,490918.05,last_posted_transaction_or_prior_closing_balance,,trusted,weekday_rule,base_calendar,False,,,complete
2026-01-18,0.00,4823.78,1,486094.27,last_posted_transaction_or_prior_closing_balance,synb1_txn_4d2af0b50a7e5d8e80041c90,trusted,historical_transaction_override,historical_transaction_override,True,328,2026-01-19,complete
2026-01-19,0.00,7484.17,2,478610.10,last_posted_transaction_or_prior_closing_balance,synb1_txn_a38cb5d7fb7a3672c6785b19,trusted,weekday_rule,base_calendar,True,329,2026-01-20,complete
2026-01-20,0.00,0.00,0,478610.10,last_posted_transaction_or_prior_closing_balance,,trusted,weekday_rule,base_calendar,True,330,2026-01-21,complete
2026-01-21,0.00,0.00,0,478610.10,last_posted_transaction_or_prior_closing_balance,,trusted,weekday_rule,base_calendar,True,331,2026-01-22,complete
2026-01-22,0.00,0.00,0,478610.10,last_posted_transaction_or_prior_closing_balance,,trusted,weekday_rule,base_calendar,True,332,2026-01-23,complete
2026-01-23,0.00,0.00,0,478610.10,last_posted_transaction_or_prior_closing_balance,,trusted,weekday_rule,base_calendar,True,333,2026-01-25,complete
2026-01-24,0.00,0.00,0,478610.10,last_posted_transaction_or_prior_closing_balance,,trusted,weekday_rule,base_calendar,False,,,complete
2026-01-25,0.00,5293.74,1,473316.36,last_posted_transaction_or_prior_closing_balance,synb1_txn_61b245ff4dac9eed4f3e81c9,trusted,historical_transaction_override,historical_transaction_override,True,334,2026-01-26,complete
2026-01-26,0.00,0.00,0,473316.36,last_posted_transaction_or_prior_closing_balance,,trusted,weekday_rule,base_calendar,True,335,2026-01-27,complete
2026-01-27,0.00,0.00,0,473316.36,last_posted_transaction_or_prior_closing_balance,,trusted,weekday_rule,base_calendar,True,336,2026-01-28,complete
2026-01-28,0.00,11004.76,3,462311.60,last_posted_transaction_or_prior_closing_balance,synb1_txn_a74f1b6342aa1917b5bc6971,trusted,weekday_rule,base_calendar,True,337,2026-01-29,complete
2026-01-29,0.00,0.00,0,462311.60,last_posted_transaction_or_prior_closing_balance,,trusted,weekday_rule,base_calendar,True,338,2026-01-30,complete
2026-01-30,48281.56,0.00,1,510593.16,last_posted_transaction_or_prior_closing_balance,synb1_txn_7bb07a3333b854938dd4c109,trusted,weekday_rule,base_calendar,True,339,2026-01-31,complete
2026-01-31,0.00,34556.11,1,476037.05,last_posted_transaction_or_prior_closing_balance,synb1_txn_b53901ec31ccc79bf8103488,trusted,historical_transaction_override,historical_transaction_override,True,340,2026-02-02,complete
2026-02-01,0.00,0.00,0,476037.05,last_posted_transaction_or_prior_closing_balance,,trusted,weekday_rule,base_calendar,False,,,complete
2026-02-02,0.00,0.00,0,476037.05,last_posted_transaction_or_prior_closing_balance,,trusted,weekday_rule,base_calendar,True,341,2026-02-03,complete
2026-02-03,0.00,46865.72,1,429171.33,last_posted_transaction_or_prior_closing_balance,synb1_txn_9a82d4f10a6a99e55695d1fa,trusted,weekday_rule,base_calendar,True,342,2026-02-04,complete
2026-02-04,0.00,7449.42,2,421721.91,last_posted_transaction_or_prior_closing_balance,synb1_txn_3128daf7fd7d9341d943797e,trusted,weekday_rule,base_calendar,True,343,2026-02-05,complete
2026-02-05,0.00,0.00,0,421721.91,last_posted_transaction_or_prior_closing_balance,,trusted,weekday_rule,base_calendar,True,344,2026-02-06,complete
2026-02-06,0.00,0.00,0,421721.91,last_posted_transaction_or_prior_closing_balance,,trusted,weekday_rule,base_calendar,True,345,2026-02-07,complete
2026-02-07,30369.24,1550.33,2,450540.82,last_posted_transaction_or_prior_closing_balance,synb1_txn_5213f69281e1459019b06ce3,trusted,historical_transaction_override,historical_transaction_override,True,346,2026-02-08,complete
2026-02-08,0.00,1594.68,1,448946.14,last_posted_transaction_or_prior_closing_balance,synb1_txn_d1a053aceb032a0785fe53ca,trusted,historical_transaction_override,historical_transaction_override,True,347,2026-02-09,complete
2026-02-09,0.00,0.00,0,448946.14,last_posted_transaction_or_prior_closing_balance,,trusted,weekday_rule,base_calendar,True,348,2026-02-10,complete
2026-02-10,22421.68,1918.66,2,469449.16,last_posted_transaction_or_prior_closing_balance,synb1_txn_06ee33e113d9426d385f06e5,trusted,weekday_rule,base_calendar,True,349,2026-02-11,complete
2026-02-11,30536.72,1730.47,2,498255.41,last_posted_transaction_or_prior_closing_balance,synb1_txn_c79e8f6a3969fd7e2acc9e8a,trusted,weekday_rule,base_calendar,True,350,2026-02-12,complete
2026-02-12,0.00,0.00,0,498255.41,last_posted_transaction_or_prior_closing_balance,,trusted,weekday_rule,base_calendar,True,351,2026-02-13,complete
2026-02-13,0.00,2533.45,1,495721.96,last_posted_transaction_or_prior_closing_balance,synb1_txn_9c0d7c6c802099512dc74958,trusted,weekday_rule,base_calendar,True,352,2026-02-14,complete
2026-02-14,0.00,0.00,0,495721.96,last_posted_transaction_or_prior_closing_balance,,trusted,gov_cn_2026_holiday_schedule_v1,base_calendar,True,353,2026-02-15,complete
2026-02-15,0.00,2174.15,1,493547.81,last_posted_transaction_or_prior_closing_balance,synb1_txn_e0c34ccc6ca0e0c7d0d1e982,trusted,historical_transaction_override,historical_transaction_override,True,354,2026-02-17,complete
2026-02-16,0.00,0.00,0,493547.81,last_posted_transaction_or_prior_closing_balance,,trusted,gov_cn_2026_holiday_schedule_v1,base_calendar,False,,,complete
2026-02-17,0.00,7806.53,2,485741.28,last_posted_transaction_or_prior_closing_balance,synb1_txn_4797db0adc1484c02e95d6ca,trusted,historical_transaction_override,historical_transaction_override,True,355,2026-02-18,complete
2026-02-18,0.00,38401.95,1,447339.33,last_posted_transaction_or_prior_closing_balance,synb1_txn_91ba53780e50de7cfd246140,trusted,historical_transaction_override,historical_transaction_override,True,356,2026-02-22,complete
2026-02-19,0.00,0.00,0,447339.33,last_posted_transaction_or_prior_closing_balance,,trusted,gov_cn_2026_holiday_schedule_v1,base_calendar,False,,,complete
2026-02-20,0.00,0.00,0,447339.33,last_posted_transaction_or_prior_closing_balance,,trusted,gov_cn_2026_holiday_schedule_v1,base_calendar,False,,,complete
2026-02-21,0.00,0.00,0,447339.33,last_posted_transaction_or_prior_closing_balance,,trusted,gov_cn_2026_holiday_schedule_v1,base_calendar,False,,,complete
2026-02-22,0.00,38230.52,1,409108.81,last_posted_transaction_or_prior_closing_balance,synb1_txn_19010e5600f7e205f2d7801d,trusted,historical_transaction_override,historical_transaction_override,True,357,2026-02-24,complete
2026-02-23,0.00,0.00,0,409108.81,last_posted_transaction_or_prior_closing_balance,,trusted,gov_cn_2026_holiday_schedule_v1,base_calendar,False,,,complete
2026-02-24,0.00,5233.46,1,403875.35,last_posted_transaction_or_prior_closing_balance,synb1_txn_ed061d6676701af757564d4d,trusted,weekday_rule,base_calendar,True,358,2026-02-25,complete
2026-02-25,25412.80,0.00,1,429288.15,last_posted_transaction_or_prior_closing_balance,synb1_txn_87af635d5adc48cd59627d3e,trusted,weekday_rule,base_calendar,True,359,2026-02-26,complete
2026-02-26,0.00,4609.85,1,424678.30,last_posted_transaction_or_prior_closing_balance,synb1_txn_4475abc076da5ba0ac447cbf,trusted,weekday_rule,base_calendar,True,360,2026-02-27,complete
2026-02-27,0.00,0.00,0,424678.30,last_posted_transaction_or_prior_closing_balance,,trusted,weekday_rule,base_calendar,True,361,2026-02-28,complete
2026-02-28,0.00,45859.00,4,378819.30,last_posted_transaction_or_prior_closing_balance,synb1_txn_8dd815bbc2f95e6b5049e4b7,trusted,gov_cn_2026_holiday_schedule_v1,base_calendar,True,362,2026-03-01,complete
2026-03-01,0.00,2299.08,1,376520.22,last_posted_transaction_or_prior_closing_balance,synb1_txn_eda02d5d5185e4a08fe6830f,trusted,historical_transaction_override,historical_transaction_override,True,363,2026-03-02,complete
2026-03-02,0.00,0.00,0,376520.22,last_posted_transaction_or_prior_closing_balance,,trusted,weekday_rule,base_calendar,True,364,2026-03-03,complete
2026-03-03,0.00,0.00,0,376520.22,last_posted_transaction_or_prior_closing_balance,,trusted,weekday_rule,base_calendar,True,365,2026-03-04,complete
2026-03-04,0.00,5096.60,1,371423.62,last_posted_transaction_or_prior_closing_balance,synb1_txn_396543b57a32e3e441a4620f,trusted,weekday_rule,base_calendar,True,366,2026-03-05,complete
2026-03-05,0.00,0.00,0,371423.62,last_posted_transaction_or_prior_closing_balance,,trusted,weekday_rule,base_calendar,True,367,2026-03-06,complete
2026-03-06,0.00,2489.80,1,368933.82,last_posted_transaction_or_prior_closing_balance,synb1_txn_98f7e7a54bb00b228f34089c,trusted,weekday_rule,base_calendar,True,368,2026-03-08,complete
2026-03-07,0.00,0.00,0,368933.82,last_posted_transaction_or_prior_closing_balance,,trusted,weekday_rule,base_calendar,False,,,complete
2026-03-08,0.00,1905.50,1,367028.32,last_posted_transaction_or_prior_closing_balance,synb1_txn_fc4b28623e14c9e767915539,trusted,historical_transaction_override,historical_transaction_override,True,369,2026-03-09,complete
2026-03-09,0.00,1692.14,1,365336.18,last_posted_transaction_or_prior_closing_balance,synb1_txn_2983e5e6e08f37d32afa5d75,trusted,weekday_rule,base_calendar,True,370,2026-03-10,complete
2026-03-10,0.00,29010.36,1,336325.82,last_posted_transaction_or_prior_closing_balance,synb1_txn_6da32ce705df9b1e5d2d0499,trusted,weekday_rule,base_calendar,True,371,2026-03-11,complete
2026-03-11,0.00,34908.37,1,301417.45,last_posted_transaction_or_prior_closing_balance,synb1_txn_624ec6e499f909580cc47705,trusted,weekday_rule,base_calendar,True,372,2026-03-12,complete
2026-03-12,0.00,0.00,0,301417.45,last_posted_transaction_or_prior_closing_balance,,trusted,weekday_rule,base_calendar,True,373,2026-03-13,complete
2026-03-13,0.00,1385.27,1,300032.18,last_posted_transaction_or_prior_closing_balance,synb1_txn_f50241869b8623c60dcd34e5,trusted,weekday_rule,base_calendar,True,374,2026-03-15,complete
2026-03-14,0.00,0.00,0,300032.18,last_posted_transaction_or_prior_closing_balance,,trusted,weekday_rule,base_calendar,False,,,complete
2026-03-15,0.00,5233.02,1,294799.16,last_posted_transaction_or_prior_closing_balance,synb1_txn_91d6de03b0654167a06c6a0e,trusted,historical_transaction_override,historical_transaction_override,True,375,2026-03-16,complete
2026-03-16,0.00,0.00,0,294799.16,last_posted_transaction_or_prior_closing_balance,,trusted,weekday_rule,base_calendar,True,376,2026-03-17,complete
2026-03-17,50042.61,0.00,1,344841.77,last_posted_transaction_or_prior_closing_balance,synb1_txn_c620648a55dde72b3b27ad38,trusted,weekday_rule,base_calendar,True,377,2026-03-18,complete
2026-03-18,0.00,0.00,0,344841.77,last_posted_transaction_or_prior_closing_balance,,trusted,weekday_rule,base_calendar,True,378,2026-03-19,complete
2026-03-19,0.00,0.00,0,344841.77,last_posted_transaction_or_prior_closing_balance,,trusted,weekday_rule,base_calendar,True,379,2026-03-20,complete
2026-03-20,51912.33,0.00,1,396754.10,last_posted_transaction_or_prior_closing_balance,synb1_txn_e8848513cf9c96d45bfd781c,trusted,weekday_rule,base_calendar,True,380,2026-03-21,complete
2026-03-21,119502.87,0.00,2,516256.97,last_posted_transaction_or_prior_closing_balance,synb1_txn_8d046564114b3d8fefd2e750,trusted,historical_transaction_override,historical_transaction_override,True,381,2026-03-22,complete
2026-03-22,0.00,32311.70,1,483945.27,last_posted_transaction_or_prior_closing_balance,synb1_txn_ef612e661cfadbb57beb5fbc,trusted,historical_transaction_override,historical_transaction_override,True,382,2026-03-23,complete
2026-03-23,0.00,0.00,0,483945.27,last_posted_transaction_or_prior_closing_balance,,trusted,weekday_rule,base_calendar,True,383,2026-03-24,complete
2026-03-24,0.00,0.00,0,483945.27,last_posted_transaction_or_prior_closing_balance,,trusted,weekday_rule,base_calendar,True,384,2026-03-25,complete
2026-03-25,0.00,5717.47,1,478227.80,last_posted_transaction_or_prior_closing_balance,synb1_txn_b4fc025238e31cc92983e352,trusted,weekday_rule,base_calendar,True,385,2026-03-26,complete
2026-03-26,0.00,29842.35,1,448385.45,last_posted_transaction_or_prior_closing_balance,synb1_txn_d4b88846faf3a85aa77dc0a7,trusted,weekday_rule,base_calendar,True,386,2026-03-27,complete
2026-03-27,0.00,5482.91,1,442902.54,last_posted_transaction_or_prior_closing_balance,synb1_txn_1769cc79bea07741a9064fa5,trusted,weekday_rule,base_calendar,True,387,2026-03-28,complete
2026-03-28,0.00,1651.82,1,441250.72,last_posted_transaction_or_prior_closing_balance,synb1_txn_08cee2f78d819bb1c79d05b0,trusted,historical_transaction_override,historical_transaction_override,True,388,2026-03-29,complete
2026-03-29,0.00,3647.39,2,437603.33,last_posted_transaction_or_prior_closing_balance,synb1_txn_24843f25014fd2a192fa845a,trusted,historical_transaction_override,historical_transaction_override,True,389,2026-03-30,complete
2026-03-30,0.00,6355.72,3,431247.61,last_posted_transaction_or_prior_closing_balance,synb1_txn_13f8c8df349d84392855804b,trusted,weekday_rule,base_calendar,True,390,2026-03-31,complete
2026-03-31,0.00,0.00,0,431247.61,last_posted_transaction_or_prior_closing_balance,,trusted,weekday_rule,base_calendar,True,391,2026-04-01,complete
2026-04-01,0.00,1878.54,1,429369.07,last_posted_transaction_or_prior_closing_balance,synb1_txn_1e538c027c89f7f73454b1f8,trusted,weekday_rule,base_calendar,True,392,2026-04-02,complete
2026-04-02,22404.13,0.00,1,451773.20,last_posted_transaction_or_prior_closing_balance,synb1_txn_f8afb51900d510e3b95af98d,trusted,weekday_rule,base_calendar,True,393,2026-04-03,complete
2026-04-03,0.00,0.00,0,451773.20,last_posted_transaction_or_prior_closing_balance,,trusted,weekday_rule,base_calendar,True,394,2026-04-04,complete
2026-04-04,0.00,1474.87,1,450298.33,last_posted_transaction_or_prior_closing_balance,synb1_txn_ebaed9f0fee6c1a08d7dc510,trusted,historical_transaction_override,historical_transaction_override,True,395,2026-04-05,complete
2026-04-05,0.00,24496.26,1,425802.07,last_posted_transaction_or_prior_closing_balance,synb1_txn_2b4899c9119b0b4e45aee28d,trusted,historical_transaction_override,historical_transaction_override,True,396,2026-04-06,complete
2026-04-06,0.00,6021.56,1,419780.51,last_posted_transaction_or_prior_closing_balance,synb1_txn_831aad68c4eda6490e4000fd,trusted,historical_transaction_override,historical_transaction_override,True,397,2026-04-07,complete
2026-04-07,0.00,22782.34,2,396998.17,last_posted_transaction_or_prior_closing_balance,synb1_txn_953aa64de9f8a8bfca43b6d4,trusted,weekday_rule,base_calendar,True,398,2026-04-08,complete
2026-04-08,0.00,0.00,0,396998.17,last_posted_transaction_or_prior_closing_balance,,trusted,weekday_rule,base_calendar,True,399,2026-04-09,complete
2026-04-09,0.00,0.00,0,396998.17,last_posted_transaction_or_prior_closing_balance,,trusted,weekday_rule,base_calendar,True,400,2026-04-10,complete
2026-04-10,29561.53,1472.33,2,425087.37,last_posted_transaction_or_prior_closing_balance,synb1_txn_b145bfc2c09b6af71eab848c,trusted,weekday_rule,base_calendar,True,401,2026-04-11,complete
2026-04-11,0.00,5423.80,1,419663.57,last_posted_transaction_or_prior_closing_balance,synb1_txn_e446996891985be3a71668ef,trusted,historical_transaction_override,historical_transaction_override,True,402,2026-04-12,complete
2026-04-12,0.00,2027.37,1,417636.20,last_posted_transaction_or_prior_closing_balance,synb1_txn_ef5e08231f0f212c98489c4c,trusted,historical_transaction_override,historical_transaction_override,True,403,2026-04-13,complete
2026-04-13,0.00,0.00,0,417636.20,last_posted_transaction_or_prior_closing_balance,,trusted,weekday_rule,base_calendar,True,404,2026-04-14,complete
2026-04-14,0.00,0.00,0,417636.20,last_posted_transaction_or_prior_closing_balance,,trusted,weekday_rule,base_calendar,True,405,2026-04-15,complete
2026-04-15,0.00,4532.18,1,413104.02,last_posted_transaction_or_prior_closing_balance,synb1_txn_cc18d7294b3752f9c0b272d8,trusted,weekday_rule,base_calendar,True,406,2026-04-16,complete
2026-04-16,0.00,0.00,0,413104.02,last_posted_transaction_or_prior_closing_balance,,trusted,weekday_rule,base_calendar,True,407,2026-04-17,complete
2026-04-17,0.00,26755.65,1,386348.37,last_posted_transaction_or_prior_closing_balance,synb1_txn_54064625a37aba643ca289bb,trusted,weekday_rule,base_calendar,True,408,2026-04-19,complete
2026-04-18,0.00,0.00,0,386348.37,last_posted_transaction_or_prior_closing_balance,,trusted,weekday_rule,base_calendar,False,,,complete
2026-04-19,0.00,5552.46,1,380795.91,last_posted_transaction_or_prior_closing_balance,synb1_txn_698efb278dcb85c3715b2bdc,trusted,historical_transaction_override,historical_transaction_override,True,409,2026-04-20,complete
2026-04-20,0.00,2276.53,1,378519.38,last_posted_transaction_or_prior_closing_balance,synb1_txn_ee3f2687701f1a27f013f401,trusted,weekday_rule,base_calendar,True,410,2026-04-21,complete
2026-04-21,0.00,0.00,0,378519.38,last_posted_transaction_or_prior_closing_balance,,trusted,weekday_rule,base_calendar,True,411,2026-04-22,complete
2026-04-22,28519.48,0.00,1,407038.86,last_posted_transaction_or_prior_closing_balance,synb1_txn_43bc468117bcd7e9c621211e,trusted,weekday_rule,base_calendar,True,412,2026-04-23,complete
2026-04-23,0.00,0.00,0,407038.86,last_posted_transaction_or_prior_closing_balance,,trusted,weekday_rule,base_calendar,True,413,2026-04-24,complete
2026-04-24,0.00,0.00,0,407038.86,last_posted_transaction_or_prior_closing_balance,,trusted,weekday_rule,base_calendar,True,414,2026-04-25,complete
2026-04-25,0.00,20793.85,1,386245.01,last_posted_transaction_or_prior_closing_balance,synb1_txn_b2e7562aba0d5cc634b3c1fb,trusted,historical_transaction_override,historical_transaction_override,True,415,2026-04-27,complete
2026-04-26,0.00,0.00,0,386245.01,last_posted_transaction_or_prior_closing_balance,,trusted,weekday_rule,base_calendar,False,,,complete
2026-04-27,0.00,0.00,0,386245.01,last_posted_transaction_or_prior_closing_balance,,trusted,weekday_rule,base_calendar,True,416,2026-04-28,complete
2026-04-28,22492.76,5553.89,5,403183.88,last_posted_transaction_or_prior_closing_balance,synb1_txn_dde911efb203ff7bb3560e0f,trusted,weekday_rule,base_calendar,True,417,2026-04-29,complete
2026-04-29,0.00,0.00,0,403183.88,last_posted_transaction_or_prior_closing_balance,,trusted,weekday_rule,base_calendar,True,418,2026-04-30,complete
2026-04-30,0.00,2249.71,1,400934.17,last_posted_transaction_or_prior_closing_balance,synb1_txn_b9c9ff7c3f790bcbdf838698,trusted,weekday_rule,base_calendar,True,419,2026-05-02,complete
2026-05-01,0.00,0.00,0,400934.17,last_posted_transaction_or_prior_closing_balance,,trusted,gov_cn_2026_holiday_schedule_v1,base_calendar,False,,,complete
2026-05-02,0.00,1879.78,1,399054.39,last_posted_transaction_or_prior_closing_balance,synb1_txn_c2157254468b4eee9c68eef2,trusted,historical_transaction_override,historical_transaction_override,True,420,2026-05-03,complete
2026-05-03,0.00,15278.35,2,383776.04,last_posted_transaction_or_prior_closing_balance,synb1_txn_e11e27cd42d0169c02414881,trusted,historical_transaction_override,historical_transaction_override,True,421,2026-05-04,complete
2026-05-04,0.00,1715.08,1,382060.96,last_posted_transaction_or_prior_closing_balance,synb1_txn_8c49d8b09fe4ee9f528c5fa3,trusted,historical_transaction_override,historical_transaction_override,True,422,2026-05-06,complete
2026-05-05,0.00,0.00,0,382060.96,last_posted_transaction_or_prior_closing_balance,,trusted,gov_cn_2026_holiday_schedule_v1,base_calendar,False,,,complete
2026-05-06,0.00,0.00,0,382060.96,last_posted_transaction_or_prior_closing_balance,,trusted,weekday_rule,base_calendar,True,423,2026-05-07,complete
2026-05-07,0.00,5297.88,1,376763.08,last_posted_transaction_or_prior_closing_balance,synb1_txn_010b3f7cb287a8b20e22b76c,trusted,weekday_rule,base_calendar,True,424,2026-05-08,complete
2026-05-08,0.00,0.00,0,376763.08,last_posted_transaction_or_prior_closing_balance,,trusted,weekday_rule,base_calendar,True,425,2026-05-09,complete
2026-05-09,0.00,0.00,0,376763.08,last_posted_transaction_or_prior_closing_balance,,trusted,gov_cn_2026_holiday_schedule_v1,base_calendar,True,426,2026-05-10,complete
2026-05-10,0.00,13100.48,1,363662.60,last_posted_transaction_or_prior_closing_balance,synb1_txn_b48ec2d3cb0a4a539acbf694,trusted,historical_transaction_override,historical_transaction_override,True,427,2026-05-11,complete
2026-05-11,0.00,0.00,0,363662.60,last_posted_transaction_or_prior_closing_balance,,trusted,weekday_rule,base_calendar,True,428,2026-05-12,complete
2026-05-12,0.00,0.00,0,363662.60,last_posted_transaction_or_prior_closing_balance,,trusted,weekday_rule,base_calendar,True,429,2026-05-13,complete
2026-05-13,23083.99,0.00,1,386746.59,last_posted_transaction_or_prior_closing_balance,synb1_txn_c91c4d9b4d04c21d0851db7c,trusted,weekday_rule,base_calendar,True,430,2026-05-14,complete
2026-05-14,0.00,0.00,0,386746.59,last_posted_transaction_or_prior_closing_balance,,trusted,weekday_rule,base_calendar,True,431,2026-05-15,complete
2026-05-15,32371.08,1757.84,2,417359.83,last_posted_transaction_or_prior_closing_balance,synb1_txn_e5fe5f5849b1b7f31b58ea79,trusted,weekday_rule,base_calendar,True,432,2026-05-16,complete
2026-05-16,24206.58,24259.15,3,417307.26,last_posted_transaction_or_prior_closing_balance,synb1_txn_64d394c7e941044a7e259d89,trusted,historical_transaction_override,historical_transaction_override,True,433,2026-05-18,complete
2026-05-17,0.00,0.00,0,417307.26,last_posted_transaction_or_prior_closing_balance,,trusted,weekday_rule,base_calendar,False,,,complete
2026-05-18,0.00,0.00,0,417307.26,last_posted_transaction_or_prior_closing_balance,,trusted,weekday_rule,base_calendar,True,434,2026-05-19,complete
2026-05-19,0.00,0.00,0,417307.26,last_posted_transaction_or_prior_closing_balance,,trusted,weekday_rule,base_calendar,True,435,2026-05-20,complete
2026-05-20,0.00,0.00,0,417307.26,last_posted_transaction_or_prior_closing_balance,,trusted,weekday_rule,base_calendar,True,436,2026-05-21,complete
2026-05-21,0.00,0.00,0,417307.26,last_posted_transaction_or_prior_closing_balance,,trusted,weekday_rule,base_calendar,True,437,2026-05-22,complete
2026-05-22,26265.12,21583.64,3,421988.74,last_posted_transaction_or_prior_closing_balance,synb1_txn_54ed86400b605850b09341b4,trusted,weekday_rule,base_calendar,True,438,2026-05-23,complete
2026-05-23,0.00,1626.70,1,420362.04,last_posted_transaction_or_prior_closing_balance,synb1_txn_d98ffbf8022e3751675a7c9f,trusted,historical_transaction_override,historical_transaction_override,True,439,2026-05-25,complete
2026-05-24,0.00,0.00,0,420362.04,last_posted_transaction_or_prior_closing_balance,,trusted,weekday_rule,base_calendar,False,,,complete
2026-05-25,0.00,6622.40,2,413739.64,last_posted_transaction_or_prior_closing_balance,synb1_txn_f71ca4a0951f9915007594ef,trusted,weekday_rule,base_calendar,True,440,2026-05-26,complete
2026-05-26,0.00,0.00,0,413739.64,last_posted_transaction_or_prior_closing_balance,,trusted,weekday_rule,base_calendar,True,441,2026-05-27,complete
2026-05-27,0.00,5966.85,1,407772.79,last_posted_transaction_or_prior_closing_balance,synb1_txn_3b026d61ff02c1ef6033d16a,trusted,weekday_rule,base_calendar,True,442,2026-05-28,complete
2026-05-28,0.00,1153.34,2,406619.45,last_posted_transaction_or_prior_closing_balance,synb1_txn_cb3f84062575c95e3e6bb14e,trusted,weekday_rule,base_calendar,True,443,2026-05-29,complete
2026-05-29,0.00,1359.38,1,405260.07,last_posted_transaction_or_prior_closing_balance,synb1_txn_efac6d2d715c6b4e6d9b2db3,trusted,weekday_rule,base_calendar,True,444,2026-06-01,complete
2026-05-30,0.00,0.00,0,405260.07,last_posted_transaction_or_prior_closing_balance,,trusted,weekday_rule,base_calendar,False,,,complete
2026-05-31,0.00,0.00,0,405260.07,last_posted_transaction_or_prior_closing_balance,,trusted,weekday_rule,base_calendar,False,,,complete
2026-06-01,25436.73,0.00,1,430696.80,last_posted_transaction_or_prior_closing_balance,synb1_txn_8e3bcc2c857ffba07882b44b,trusted,weekday_rule,base_calendar,True,445,2026-06-02,complete
2026-06-02,0.00,1408.35,1,429288.45,last_posted_transaction_or_prior_closing_balance,synb1_txn_75af00141586c74f72d73c2f,trusted,weekday_rule,base_calendar,True,446,2026-06-03,complete
2026-06-03,0.00,1681.04,1,427607.41,last_posted_transaction_or_prior_closing_balance,synb1_txn_6343f9ad8d9770e5116f67e1,trusted,weekday_rule,base_calendar,True,447,2026-06-04,complete
2026-06-04,0.00,0.00,0,427607.41,last_posted_transaction_or_prior_closing_balance,,trusted,weekday_rule,base_calendar,True,448,2026-06-05,complete
2026-06-05,0.00,4576.88,2,423030.53,last_posted_transaction_or_prior_closing_balance,synb1_txn_f6f25e5d7d5dcd14384ad7aa,trusted,weekday_rule,base_calendar,True,449,2026-06-08,complete
2026-06-06,0.00,0.00,0,423030.53,last_posted_transaction_or_prior_closing_balance,,trusted,weekday_rule,base_calendar,False,,,complete
2026-06-07,0.00,0.00,0,423030.53,last_posted_transaction_or_prior_closing_balance,,trusted,weekday_rule,base_calendar,False,,,complete
2026-06-08,0.00,0.00,0,423030.53,last_posted_transaction_or_prior_closing_balance,,trusted,weekday_rule,base_calendar,True,450,2026-06-09,complete
2026-06-09,0.00,14023.40,1,409007.13,last_posted_transaction_or_prior_closing_balance,synb1_txn_22f24f44359480ae291fd207,trusted,weekday_rule,base_calendar,True,451,2026-06-10,complete
2026-06-10,27662.42,0.00,1,436669.55,last_posted_transaction_or_prior_closing_balance,synb1_txn_4138e0cfc389989142758657,trusted,weekday_rule,base_calendar,True,452,2026-06-11,complete
2026-06-11,0.00,0.00,0,436669.55,last_posted_transaction_or_prior_closing_balance,,trusted,weekday_rule,base_calendar,True,453,2026-06-12,complete
2026-06-12,0.00,4671.84,1,431997.71,last_posted_transaction_or_prior_closing_balance,synb1_txn_712a98e9cddf258b88320362,trusted,weekday_rule,base_calendar,True,454,2026-06-15,complete
2026-06-13,0.00,0.00,0,431997.71,last_posted_transaction_or_prior_closing_balance,,trusted,weekday_rule,base_calendar,False,,,complete
2026-06-14,0.00,0.00,0,431997.71,last_posted_transaction_or_prior_closing_balance,,trusted,weekday_rule,base_calendar,False,,,complete
2026-06-15,0.00,5841.91,1,426155.80,last_posted_transaction_or_prior_closing_balance,synb1_txn_c542794198b9a288ea1d7889,trusted,weekday_rule,base_calendar,True,455,2026-06-16,complete
2026-06-16,0.00,11317.53,1,414838.27,last_posted_transaction_or_prior_closing_balance,synb1_txn_295ab6afb9cf9a0bd4dce970,trusted,weekday_rule,base_calendar,True,456,2026-06-17,complete
2026-06-17,0.00,0.00,0,414838.27,last_posted_transaction_or_prior_closing_balance,,trusted,weekday_rule,base_calendar,True,457,2026-06-18,complete
2026-06-18,27280.72,0.00,1,442118.99,last_posted_transaction_or_prior_closing_balance,synb1_txn_4f0683f4b6ffeb34fa539b02,trusted,weekday_rule,base_calendar,True,458,2026-06-19,complete
2026-06-19,0.00,4072.51,2,438046.48,last_posted_transaction_or_prior_closing_balance,synb1_txn_70946d722940406feb22d026,trusted,historical_transaction_override,historical_transaction_override,True,459,2026-06-22,complete
2026-06-20,0.00,0.00,0,438046.48,last_posted_transaction_or_prior_closing_balance,,trusted,gov_cn_2026_holiday_schedule_v1,base_calendar,False,,,complete
2026-06-21,0.00,0.00,0,438046.48,last_posted_transaction_or_prior_closing_balance,,trusted,gov_cn_2026_holiday_schedule_v1,base_calendar,False,,,complete
2026-06-22,0.00,17109.29,3,420937.19,last_posted_transaction_or_prior_closing_balance,synb1_txn_20b5ba9c35e274c33bf603b1,trusted,weekday_rule,base_calendar,True,460,2026-06-23,complete
2026-06-23,0.00,0.00,0,420937.19,last_posted_transaction_or_prior_closing_balance,,trusted,weekday_rule,base_calendar,True,461,2026-06-24,complete
2026-06-24,0.00,0.00,0,420937.19,last_posted_transaction_or_prior_closing_balance,,trusted,weekday_rule,base_calendar,True,462,2026-06-25,complete
2026-06-25,0.00,0.00,0,420937.19,last_posted_transaction_or_prior_closing_balance,,trusted,weekday_rule,base_calendar,True,463,2026-06-26,complete
2026-06-26,0.00,0.00,0,420937.19,last_posted_transaction_or_prior_closing_balance,,trusted,weekday_rule,base_calendar,True,464,2026-06-27,complete
2026-06-27,0.00,6228.19,1,414709.00,last_posted_transaction_or_prior_closing_balance,synb1_txn_2a9b2878e81d070e66792e73,trusted,historical_transaction_override,historical_transaction_override,True,465,2026-06-29,complete
2026-06-28,0.00,0.00,0,414709.00,last_posted_transaction_or_prior_closing_balance,,trusted,weekday_rule,base_calendar,False,,,complete
2026-06-29,27801.22,15096.03,5,427414.19,last_posted_transaction_or_prior_closing_balance,synb1_txn_bd101deeb851e31076b76a53,trusted,weekday_rule,base_calendar,True,466,2026-06-30,complete
2026-06-30,0.00,0.00,0,427414.19,last_posted_transaction_or_prior_closing_balance,,trusted,weekday_rule,base_calendar,True,467,2026-07-01,complete
2026-07-01,0.00,0.00,0,427414.19,last_posted_transaction_or_prior_closing_balance,,trusted,weekday_rule,base_calendar,True,468,2026-07-02,complete
2026-07-02,0.00,0.00,0,427414.19,last_posted_transaction_or_prior_closing_balance,,trusted,weekday_rule,base_calendar,True,469,2026-07-03,complete
2026-07-03,0.00,0.00,0,427414.19,last_posted_transaction_or_prior_closing_balance,,trusted,weekday_rule,base_calendar,True,470,2026-07-06,complete
2026-07-04,0.00,0.00,0,427414.19,last_posted_transaction_or_prior_closing_balance,,trusted,weekday_rule,base_calendar,False,,,complete
2026-07-05,0.00,0.00,0,427414.19,last_posted_transaction_or_prior_closing_balance,,trusted,weekday_rule,base_calendar,False,,,complete
2026-07-06,0.00,0.00,0,427414.19,last_posted_transaction_or_prior_closing_balance,,trusted,weekday_rule,base_calendar,True,471,2026-07-07,complete
2026-07-07,0.00,0.00,0,427414.19,last_posted_transaction_or_prior_closing_balance,,trusted,weekday_rule,base_calendar,True,472,2026-07-08,complete
2026-07-08,0.00,1856.15,1,425558.04,last_posted_transaction_or_prior_closing_balance,synb1_txn_506f50f1efc70fca46c25d4e,trusted,weekday_rule,base_calendar,True,473,2026-07-09,complete
2026-07-09,0.00,6247.86,1,419310.18,last_posted_transaction_or_prior_closing_balance,synb1_txn_9e27848ca0df149c1e69afee,trusted,weekday_rule,base_calendar,True,474,2026-07-10,complete
2026-07-10,0.00,14809.18,1,404501.00,last_posted_transaction_or_prior_closing_balance,synb1_txn_ee2bf20bf096b8ef3a727cad,trusted,weekday_rule,base_calendar,True,475,2026-07-11,complete
2026-07-11,0.00,1539.59,1,402961.41,last_posted_transaction_or_prior_closing_balance,synb1_txn_46593e642f0dd787f96f238f,trusted,historical_transaction_override,historical_transaction_override,True,476,2026-07-12,complete
2026-07-12,0.00,1614.95,1,401346.46,last_posted_transaction_or_prior_closing_balance,synb1_txn_d012f76b66f390baa1badbb7,trusted,historical_transaction_override,historical_transaction_override,True,477,2026-07-13,complete
2026-07-13,0.00,15136.74,1,386209.72,last_posted_transaction_or_prior_closing_balance,synb1_txn_4c31acfc095f2f5cfb59dfa9,trusted,weekday_rule,base_calendar,True,478,2026-07-14,complete
2026-07-14,29659.94,7235.30,3,408634.36,last_posted_transaction_or_prior_closing_balance,synb1_txn_4041f6cb1c3d97cd79cbbbe0,trusted,weekday_rule,base_calendar,True,479,2026-07-15,complete
2026-07-15,0.00,0.00,0,408634.36,last_posted_transaction_or_prior_closing_balance,,trusted,weekday_rule,base_calendar,True,480,2026-07-16,complete
2026-07-16,26963.58,0.00,1,435597.94,last_posted_transaction_or_prior_closing_balance,synb1_txn_70539a3cfdd98ff79ceadf56,trusted,weekday_rule,base_calendar,True,481,2026-07-17,complete
2026-07-17,0.00,0.00,0,435597.94,last_posted_transaction_or_prior_closing_balance,,trusted,weekday_rule,base_calendar,True,482,2026-07-20,complete
2026-07-18,0.00,0.00,0,435597.94,last_posted_transaction_or_prior_closing_balance,,trusted,weekday_rule,base_calendar,False,,,complete
2026-07-19,0.00,0.00,0,435597.94,last_posted_transaction_or_prior_closing_balance,,trusted,weekday_rule,base_calendar,False,,,complete
2026-07-20,0.00,3304.46,2,432293.48,last_posted_transaction_or_prior_closing_balance,synb1_txn_9ea157f15e31daa9d47bde44,trusted,weekday_rule,base_calendar,True,483,2026-07-21,complete
2026-07-21,25291.15,0.00,1,457584.63,last_posted_transaction_or_prior_closing_balance,synb1_txn_83f30ff83f344ab55dfc1178,trusted,weekday_rule,base_calendar,True,484,2026-07-22,complete
2026-07-22,0.00,15169.24,1,442415.39,last_posted_transaction_or_prior_closing_balance,synb1_txn_ab225c9429a6b3caa0330bfb,trusted,weekday_rule,base_calendar,True,485,2026-07-23,complete
2026-07-23,0.00,0.00,0,442415.39,last_posted_transaction_or_prior_closing_balance,,trusted,weekday_rule,base_calendar,True,486,2026-07-24,complete
2026-07-24,0.00,0.00,0,442415.39,last_posted_transaction_or_prior_closing_balance,,trusted,weekday_rule,base_calendar,True,487,2026-07-25,complete
2026-07-25,34661.70,0.00,1,477077.09,last_posted_transaction_or_prior_closing_balance,synb1_txn_f3f3ad391f4aff5a33a6cbe7,trusted,historical_transaction_override,historical_transaction_override,True,488,2026-07-26,complete
2026-07-26,0.00,5984.98,1,471092.11,last_posted_transaction_or_prior_closing_balance,synb1_txn_f4b857bf4af436e5d99099d3,trusted,historical_transaction_override,historical_transaction_override,True,489,2026-07-27,complete
2026-07-27,0.00,0.00,0,471092.11,last_posted_transaction_or_prior_closing_balance,,trusted,weekday_rule,base_calendar,True,490,2026-07-28,complete
2026-07-28,0.00,5804.17,3,465287.94,last_posted_transaction_or_prior_closing_balance,synb1_txn_c9f172e82079fc1a7d6037c7,trusted,weekday_rule,base_calendar,True,491,2026-07-29,complete
2026-07-29,0.00,1888.81,1,463399.13,last_posted_transaction_or_prior_closing_balance,synb1_txn_097a72eb0d80ae1f1db4775f,trusted,weekday_rule,base_calendar,True,492,2026-07-30,complete
2026-07-30,0.00,0.00,0,463399.13,last_posted_transaction_or_prior_closing_balance,,trusted,weekday_rule,base_calendar,True,493,2026-07-31,complete
2026-07-31,0.00,12805.33,2,450593.80,last_posted_transaction_or_prior_closing_balance,synb1_txn_d906a1626e18cc11b92166db,trusted,weekday_rule,base_calendar,True,494,2026-08-01,complete
2026-08-01,0.00,7689.34,2,442904.46,last_posted_transaction_or_prior_closing_balance,synb1_txn_28ddaf95825d2d0d7936e8cc,trusted,historical_transaction_override,historical_transaction_override,True,495,2026-08-03,complete
2026-08-02,0.00,0.00,0,442904.46,last_posted_transaction_or_prior_closing_balance,,trusted,weekday_rule,base_calendar,False,,,complete
2026-08-03,33172.31,0.00,1,476076.77,last_posted_transaction_or_prior_closing_balance,synb1_txn_3d0a586f348bd0b73c2e7754,trusted,weekday_rule,base_calendar,True,496,2026-08-04,complete
2026-08-04,0.00,1476.99,1,474599.78,last_posted_transaction_or_prior_closing_balance,synb1_txn_0f2bffeea5bf8e994584d9f7,trusted,weekday_rule,base_calendar,True,497,2026-08-05,complete
2026-08-05,0.00,0.00,0,474599.78,last_posted_transaction_or_prior_closing_balance,,trusted,weekday_rule,base_calendar,True,498,2026-08-06,complete
2026-08-06,0.00,16991.93,1,457607.85,last_posted_transaction_or_prior_closing_balance,synb1_txn_e369bfbfe0a15d08067af1bb,trusted,weekday_rule,base_calendar,True,499,2026-08-07,complete
2026-08-07,0.00,0.00,0,457607.85,last_posted_transaction_or_prior_closing_balance,,trusted,weekday_rule,base_calendar,True,500,2026-08-08,complete
2026-08-08,0.00,4406.22,1,453201.63,last_posted_transaction_or_prior_closing_balance,synb1_txn_3cb3cb349d938223fd4a98a5,trusted,historical_transaction_override,historical_transaction_override,True,501,2026-08-10,complete
2026-08-09,0.00,0.00,0,453201.63,last_posted_transaction_or_prior_closing_balance,,trusted,weekday_rule,base_calendar,False,,,complete
2026-08-10,28899.62,11892.35,3,470208.90,last_posted_transaction_or_prior_closing_balance,synb1_txn_73136ce7846772a18080fb52,trusted,weekday_rule,base_calendar,True,502,2026-08-11,complete
2026-08-11,0.00,0.00,0,470208.90,last_posted_transaction_or_prior_closing_balance,,trusted,weekday_rule,base_calendar,True,503,2026-08-12,complete
2026-08-12,0.00,16278.65,1,453930.25,last_posted_transaction_or_prior_closing_balance,synb1_txn_dca126c671bc2c1767b56385,trusted,weekday_rule,base_calendar,True,504,2026-08-13,complete
2026-08-13,0.00,1819.86,1,452110.39,last_posted_transaction_or_prior_closing_balance,synb1_txn_d23bfe7f8c3b4e18f4890428,trusted,weekday_rule,base_calendar,True,505,2026-08-14,complete
2026-08-14,0.00,1889.70,1,450220.69,last_posted_transaction_or_prior_closing_balance,synb1_txn_40cef964fed5a6b862bd9aff,trusted,weekday_rule,base_calendar,True,506,2026-08-15,complete
2026-08-15,0.00,15857.93,2,434362.76,last_posted_transaction_or_prior_closing_balance,synb1_txn_959ac3cb08faac087c8f92a8,trusted,historical_transaction_override,historical_transaction_override,True,507,2026-08-17,complete
2026-08-16,0.00,0.00,0,434362.76,last_posted_transaction_or_prior_closing_balance,,trusted,weekday_rule,base_calendar,False,,,complete
2026-08-17,0.00,0.00,0,434362.76,last_posted_transaction_or_prior_closing_balance,,trusted,weekday_rule,base_calendar,True,508,2026-08-18,complete
2026-08-18,0.00,0.00,0,434362.76,last_posted_transaction_or_prior_closing_balance,,trusted,weekday_rule,base_calendar,True,509,2026-08-19,complete
2026-08-19,0.00,0.00,0,434362.76,last_posted_transaction_or_prior_closing_balance,,trusted,weekday_rule,base_calendar,True,510,2026-08-20,complete
2026-08-20,0.00,0.00,0,434362.76,last_posted_transaction_or_prior_closing_balance,,trusted,weekday_rule,base_calendar,True,511,2026-08-21,complete
2026-08-21,0.00,16002.09,1,418360.67,last_posted_transaction_or_prior_closing_balance,synb1_txn_2343fc2d011e46dd98dc2b3d,trusted,weekday_rule,base_calendar,True,512,2026-08-22,complete
2026-08-22,0.00,1729.43,1,416631.24,last_posted_transaction_or_prior_closing_balance,synb1_txn_ed3b52cf7b061b642fdb1022,trusted,historical_transaction_override,historical_transaction_override,True,513,2026-08-23,complete
2026-08-23,35527.17,0.00,1,452158.41,last_posted_transaction_or_prior_closing_balance,synb1_txn_7dd345be0c4ff9169ae75c50,trusted,historical_transaction_override,historical_transaction_override,True,514,2026-08-24,complete
2026-08-24,0.00,1447.25,1,450711.16,last_posted_transaction_or_prior_closing_balance,synb1_txn_25caf539757d427a3940dd95,trusted,weekday_rule,base_calendar,True,515,2026-08-25,complete
2026-08-25,25953.69,0.00,1,476664.85,last_posted_transaction_or_prior_closing_balance,synb1_txn_e832b5d962377d36a051563b,trusted,weekday_rule,base_calendar,True,516,2026-08-26,complete
2026-08-26,0.00,1805.33,1,474859.52,last_posted_transaction_or_prior_closing_balance,synb1_txn_a5c6f02aad8ccaedbe21fab4,trusted,weekday_rule,base_calendar,True,517,2026-08-27,complete
2026-08-27,0.00,0.00,0,474859.52,last_posted_transaction_or_prior_closing_balance,,trusted,weekday_rule,base_calendar,True,518,2026-08-28,complete
2026-08-28,0.00,1476.65,3,473382.87,last_posted_transaction_or_prior_closing_balance,synb1_txn_007ad3798d696aefdf96aaf9,trusted,weekday_rule,base_calendar,True,519,2026-08-31,complete
2026-08-29,0.00,0.00,0,473382.87,last_posted_transaction_or_prior_closing_balance,,trusted,weekday_rule,base_calendar,False,,,complete
2026-08-30,0.00,0.00,0,473382.87,last_posted_transaction_or_prior_closing_balance,,trusted,weekday_rule,base_calendar,False,,,complete
2026-08-31,0.00,0.00,0,473382.87,last_posted_transaction_or_prior_closing_balance,,trusted,weekday_rule,base_calendar,True,520,2026-09-01,complete
2026-09-01,29414.27,8608.15,3,494188.99,last_posted_transaction_or_prior_closing_balance,synb1_txn_d2b20f11132c69a17d10510a,trusted,weekday_rule,base_calendar,True,521,2026-09-02,complete
2026-09-02,0.00,1927.04,1,492261.95,last_posted_transaction_or_prior_closing_balance,synb1_txn_27bfaff1c72526c20884450b,trusted,weekday_rule,base_calendar,True,522,2026-09-03,complete
2026-09-03,0.00,19177.59,1,473084.36,last_posted_transaction_or_prior_closing_balance,synb1_txn_b8b62b4abdac42ba3a2f4ae5,trusted,weekday_rule,base_calendar,True,523,2026-09-04,complete
2026-09-04,0.00,0.00,0,473084.36,last_posted_transaction_or_prior_closing_balance,,trusted,weekday_rule,base_calendar,True,524,2026-09-06,complete
2026-09-05,0.00,0.00,0,473084.36,last_posted_transaction_or_prior_closing_balance,,trusted,weekday_rule,base_calendar,False,,,complete
2026-09-06,0.00,1795.26,1,471289.10,last_posted_transaction_or_prior_closing_balance,synb1_txn_fe607a656ce62be200a2b9d7,trusted,historical_transaction_override,historical_transaction_override,True,525,2026-09-07,complete
2026-09-07,0.00,0.00,0,471289.10,last_posted_transaction_or_prior_closing_balance,,trusted,weekday_rule,base_calendar,True,526,2026-09-08,complete
2026-09-08,0.00,0.00,0,471289.10,last_posted_transaction_or_prior_closing_balance,,trusted,weekday_rule,base_calendar,True,527,2026-09-09,complete
2026-09-09,0.00,0.00,0,471289.10,last_posted_transaction_or_prior_closing_balance,,trusted,weekday_rule,base_calendar,True,528,2026-09-10,complete
2026-09-10,0.00,0.00,0,471289.10,last_posted_transaction_or_prior_closing_balance,,trusted,weekday_rule,base_calendar,True,529,2026-09-11,complete
2026-09-11,0.00,5449.77,1,465839.33,last_posted_transaction_or_prior_closing_balance,synb1_txn_13931e13d912cc6a4bbabcd6,trusted,weekday_rule,base_calendar,True,530,2026-09-12,complete
2026-09-12,0.00,1861.43,1,463977.90,last_posted_transaction_or_prior_closing_balance,synb1_txn_d7e49eb5323f3d932138fe3a,trusted,historical_transaction_override,historical_transaction_override,True,531,2026-09-13,complete
2026-09-13,0.00,4154.47,1,459823.43,last_posted_transaction_or_prior_closing_balance,synb1_txn_30b21ec075c5e186f23707e2,trusted,historical_transaction_override,historical_transaction_override,True,532,2026-09-14,complete
2026-09-14,0.00,0.00,0,459823.43,last_posted_transaction_or_prior_closing_balance,,trusted,weekday_rule,base_calendar,True,533,2026-09-15,complete
2026-09-15,0.00,22422.77,2,437400.66,last_posted_transaction_or_prior_closing_balance,synb1_txn_af5df9537951bd3d61480270,trusted,weekday_rule,base_calendar,True,534,2026-09-16,complete
2026-09-16,0.00,0.00,0,437400.66,last_posted_transaction_or_prior_closing_balance,,trusted,weekday_rule,base_calendar,True,535,2026-09-17,complete
2026-09-17,0.00,0.00,0,437400.66,last_posted_transaction_or_prior_closing_balance,,trusted,weekday_rule,base_calendar,True,536,2026-09-18,complete
2026-09-18,0.00,16524.58,1,420876.08,last_posted_transaction_or_prior_closing_balance,synb1_txn_6e6118a94ba339490fe59a66,trusted,weekday_rule,base_calendar,True,537,2026-09-19,complete
2026-09-19,36725.51,0.00,1,457601.59,last_posted_transaction_or_prior_closing_balance,synb1_txn_6372b410a88bb0a112131ebf,trusted,historical_transaction_override,historical_transaction_override,True,538,2026-09-20,complete
2026-09-20,0.00,0.00,0,457601.59,last_posted_transaction_or_prior_closing_balance,,trusted,gov_cn_2026_holiday_schedule_v1,base_calendar,True,539,2026-09-21,complete
2026-09-21,37326.00,3211.54,3,491716.05,last_posted_transaction_or_prior_closing_balance,synb1_txn_f458596c0688d4e3f04ef017,trusted,weekday_rule,base_calendar,True,540,2026-09-22,complete
2026-09-22,0.00,22289.38,1,469426.67,last_posted_transaction_or_prior_closing_balance,synb1_txn_bd9de87924039d3ed6c61f14,trusted,weekday_rule,base_calendar,True,541,2026-09-23,complete
2026-09-23,0.00,0.00,0,469426.67,last_posted_transaction_or_prior_closing_balance,,trusted,weekday_rule,base_calendar,True,542,2026-09-24,complete
2026-09-24,0.00,2279.43,1,467147.24,last_posted_transaction_or_prior_closing_balance,synb1_txn_f96a5ecd89a79a086c885ab1,trusted,weekday_rule,base_calendar,True,543,2026-09-25,complete
2026-09-25,0.00,1452.20,1,465695.04,last_posted_transaction_or_prior_closing_balance,synb1_txn_b8c2a2f84ec347af34cce4c6,trusted,historical_transaction_override,historical_transaction_override,True,544,2026-09-28,complete
2026-09-26,0.00,0.00,0,465695.04,last_posted_transaction_or_prior_closing_balance,,trusted,gov_cn_2026_holiday_schedule_v1,base_calendar,False,,,complete
2026-09-27,0.00,0.00,0,465695.04,last_posted_transaction_or_prior_closing_balance,,trusted,gov_cn_2026_holiday_schedule_v1,base_calendar,False,,,complete
2026-09-28,25632.47,2003.08,4,489324.43,last_posted_transaction_or_prior_closing_balance,synb1_txn_f51d715eded6e2d4099a3e92,trusted,weekday_rule,base_calendar,True,545,2026-09-29,complete
2026-09-29,0.00,0.00,0,489324.43,last_posted_transaction_or_prior_closing_balance,,trusted,weekday_rule,base_calendar,True,546,2026-09-30,complete
2026-09-30,0.00,0.00,0,489324.43,last_posted_transaction_or_prior_closing_balance,,trusted,weekday_rule,base_calendar,True,547,2026-10-01,complete
2026-10-01,0.00,5642.90,1,483681.53,last_posted_transaction_or_prior_closing_balance,synb1_txn_fce3e9d81aecb261c6b3077c,trusted,historical_transaction_override,historical_transaction_override,True,548,2026-10-03,complete
2026-10-02,0.00,0.00,0,483681.53,last_posted_transaction_or_prior_closing_balance,,trusted,gov_cn_2026_holiday_schedule_v1,base_calendar,False,,,complete
2026-10-03,0.00,1866.59,1,481814.94,last_posted_transaction_or_prior_closing_balance,synb1_txn_37c06ff1b6673b0571beb943,trusted,historical_transaction_override,historical_transaction_override,True,549,2026-10-05,complete
2026-10-04,0.00,0.00,0,481814.94,last_posted_transaction_or_prior_closing_balance,,trusted,gov_cn_2026_holiday_schedule_v1,base_calendar,False,,,complete
2026-10-05,0.00,18932.85,1,462882.09,last_posted_transaction_or_prior_closing_balance,synb1_txn_fd6af3f5fef85fa8f78c02f3,trusted,historical_transaction_override,historical_transaction_override,True,550,2026-10-07,complete
2026-10-06,0.00,0.00,0,462882.09,last_posted_transaction_or_prior_closing_balance,,trusted,gov_cn_2026_holiday_schedule_v1,base_calendar,False,,,complete
2026-10-07,36840.82,1464.86,2,498258.05,last_posted_transaction_or_prior_closing_balance,synb1_txn_fa4d4a27cb18bffcf3e9a4d3,trusted,historical_transaction_override,historical_transaction_override,True,551,2026-10-08,complete
2026-10-08,0.00,0.00,0,498258.05,last_posted_transaction_or_prior_closing_balance,,trusted,weekday_rule,base_calendar,True,552,2026-10-09,complete
2026-10-09,0.00,0.00,0,498258.05,last_posted_transaction_or_prior_closing_balance,,trusted,weekday_rule,base_calendar,True,553,2026-10-10,complete
2026-10-10,0.00,20460.33,1,477797.72,last_posted_transaction_or_prior_closing_balance,synb1_txn_9424a30cec638df4634afede,trusted,gov_cn_2026_holiday_schedule_v1,base_calendar,True,554,2026-10-12,complete
2026-10-11,0.00,0.00,0,477797.72,last_posted_transaction_or_prior_closing_balance,,trusted,weekday_rule,base_calendar,False,,,complete
2026-10-12,0.00,0.00,0,477797.72,last_posted_transaction_or_prior_closing_balance,,trusted,weekday_rule,base_calendar,True,555,2026-10-13,complete
2026-10-13,0.00,0.00,0,477797.72,last_posted_transaction_or_prior_closing_balance,,trusted,weekday_rule,base_calendar,True,556,2026-10-14,complete
2026-10-14,0.00,5044.10,1,472753.62,last_posted_transaction_or_prior_closing_balance,synb1_txn_729ccbebb22176082e2ff1ae,trusted,weekday_rule,base_calendar,True,557,2026-10-15,complete
2026-10-15,0.00,0.00,0,472753.62,last_posted_transaction_or_prior_closing_balance,,trusted,weekday_rule,base_calendar,True,558,2026-10-16,complete
2026-10-16,0.00,0.00,0,472753.62,last_posted_transaction_or_prior_closing_balance,,trusted,weekday_rule,base_calendar,True,559,2026-10-19,complete
2026-10-17,0.00,0.00,0,472753.62,last_posted_transaction_or_prior_closing_balance,,trusted,weekday_rule,base_calendar,False,,,complete
2026-10-18,0.00,0.00,0,472753.62,last_posted_transaction_or_prior_closing_balance,,trusted,weekday_rule,base_calendar,False,,,complete
2026-10-19,0.00,5314.92,1,467438.70,last_posted_transaction_or_prior_closing_balance,synb1_txn_dfdf6b5bb98652ad28350d6d,trusted,weekday_rule,base_calendar,True,560,2026-10-20,complete
2026-10-20,0.00,0.00,0,467438.70,last_posted_transaction_or_prior_closing_balance,,trusted,weekday_rule,base_calendar,True,561,2026-10-21,complete
2026-10-21,0.00,0.00,0,467438.70,last_posted_transaction_or_prior_closing_balance,,trusted,weekday_rule,base_calendar,True,562,2026-10-22,complete
2026-10-22,0.00,7533.24,2,459905.46,last_posted_transaction_or_prior_closing_balance,synb1_txn_8aff16198d670c65d704e018,trusted,weekday_rule,base_calendar,True,563,2026-10-23,complete
2026-10-23,0.00,0.00,0,459905.46,last_posted_transaction_or_prior_closing_balance,,trusted,weekday_rule,base_calendar,True,564,2026-10-24,complete
2026-10-24,0.00,23137.60,2,436767.86,last_posted_transaction_or_prior_closing_balance,synb1_txn_62eb6f964ec0c3f5a7066ebf,trusted,historical_transaction_override,historical_transaction_override,True,565,2026-10-25,complete
2026-10-25,32510.75,2338.38,2,466940.23,last_posted_transaction_or_prior_closing_balance,synb1_txn_fa072d7698229393a0a024d6,trusted,historical_transaction_override,historical_transaction_override,True,566,2026-10-26,complete
2026-10-26,0.00,2430.99,1,464509.24,last_posted_transaction_or_prior_closing_balance,synb1_txn_4ebf5df6c98651354ee43752,trusted,weekday_rule,base_calendar,True,567,2026-10-27,complete
2026-10-27,0.00,0.00,0,464509.24,last_posted_transaction_or_prior_closing_balance,,trusted,weekday_rule,base_calendar,True,568,2026-10-28,complete
2026-10-28,37633.06,3768.26,5,498374.04,last_posted_transaction_or_prior_closing_balance,synb1_txn_2105ba07f79d58920805642c,trusted,weekday_rule,base_calendar,True,569,2026-10-29,complete
2026-10-29,0.00,0.00,0,498374.04,last_posted_transaction_or_prior_closing_balance,,trusted,weekday_rule,base_calendar,True,570,2026-10-30,complete
2026-10-30,0.00,19929.52,1,478444.52,last_posted_transaction_or_prior_closing_balance,synb1_txn_b9868306e5276a4410e17900,trusted,weekday_rule,base_calendar,True,571,2026-10-31,complete
2026-10-31,26253.01,1837.47,2,502860.06,last_posted_transaction_or_prior_closing_balance,synb1_txn_b0d9466e2c4bfa7e969c0e13,trusted,historical_transaction_override,historical_transaction_override,True,572,2026-11-01,complete
2026-11-01,0.00,1387.09,1,501472.97,last_posted_transaction_or_prior_closing_balance,synb1_txn_d4b23086eb4bac4b70879f69,trusted,historical_transaction_override,historical_transaction_override,True,573,2026-11-02,complete
2026-11-02,0.00,13275.72,3,488197.25,last_posted_transaction_or_prior_closing_balance,synb1_txn_82cee0bb670a57fdb0e8545f,trusted,weekday_rule,base_calendar,True,574,2026-11-03,complete
2026-11-03,0.00,24644.20,1,463553.05,last_posted_transaction_or_prior_closing_balance,synb1_txn_70658eeb9fae19c3eb49cfd2,trusted,weekday_rule,base_calendar,True,575,2026-11-04,complete
2026-11-04,0.00,0.00,0,463553.05,last_posted_transaction_or_prior_closing_balance,,trusted,weekday_rule,base_calendar,True,576,2026-11-05,complete
2026-11-05,0.00,0.00,0,463553.05,last_posted_transaction_or_prior_closing_balance,,trusted,weekday_rule,base_calendar,True,577,2026-11-06,complete
2026-11-06,0.00,27040.78,2,436512.27,last_posted_transaction_or_prior_closing_balance,synb1_txn_86e432da9db1ed9946a8efcd,trusted,weekday_rule,base_calendar,True,578,2026-11-07,complete
2026-11-07,0.00,1553.63,1,434958.64,last_posted_transaction_or_prior_closing_balance,synb1_txn_2fefdf5e8059dbea5b638ba7,trusted,historical_transaction_override,historical_transaction_override,True,579,2026-11-09,complete
2026-11-08,0.00,0.00,0,434958.64,last_posted_transaction_or_prior_closing_balance,,trusted,weekday_rule,base_calendar,False,,,complete
2026-11-09,0.00,2352.11,1,432606.53,last_posted_transaction_or_prior_closing_balance,synb1_txn_9a5d05811c03be65e2828daa,trusted,weekday_rule,base_calendar,True,580,2026-11-10,complete
2026-11-10,0.00,1656.31,1,430950.22,last_posted_transaction_or_prior_closing_balance,synb1_txn_c654a6588ae29cfcd274645b,trusted,weekday_rule,base_calendar,True,581,2026-11-11,complete
2026-11-11,0.00,0.00,0,430950.22,last_posted_transaction_or_prior_closing_balance,,trusted,weekday_rule,base_calendar,True,582,2026-11-12,complete
2026-11-12,0.00,0.00,0,430950.22,last_posted_transaction_or_prior_closing_balance,,trusted,weekday_rule,base_calendar,True,583,2026-11-13,complete
2026-11-13,0.00,0.00,0,430950.22,last_posted_transaction_or_prior_closing_balance,,trusted,weekday_rule,base_calendar,True,584,2026-11-16,complete
2026-11-14,0.00,0.00,0,430950.22,last_posted_transaction_or_prior_closing_balance,,trusted,weekday_rule,base_calendar,False,,,complete
2026-11-15,0.00,0.00,0,430950.22,last_posted_transaction_or_prior_closing_balance,,trusted,weekday_rule,base_calendar,False,,,complete
2026-11-16,27789.13,0.00,1,458739.35,last_posted_transaction_or_prior_closing_balance,synb1_txn_197fd1ac6fc5f3ed1e332252,trusted,weekday_rule,base_calendar,True,585,2026-11-17,complete
2026-11-17,0.00,0.00,0,458739.35,last_posted_transaction_or_prior_closing_balance,,trusted,weekday_rule,base_calendar,True,586,2026-11-18,complete
2026-11-18,0.00,0.00,0,458739.35,last_posted_transaction_or_prior_closing_balance,,trusted,weekday_rule,base_calendar,True,587,2026-11-19,complete
2026-11-19,0.00,2503.34,1,456236.01,last_posted_transaction_or_prior_closing_balance,synb1_txn_05b23b1f11ac5a6692389a59,trusted,weekday_rule,base_calendar,True,588,2026-11-20,complete
2026-11-20,0.00,0.00,0,456236.01,last_posted_transaction_or_prior_closing_balance,,trusted,weekday_rule,base_calendar,True,589,2026-11-22,complete
2026-11-21,0.00,0.00,0,456236.01,last_posted_transaction_or_prior_closing_balance,,trusted,weekday_rule,base_calendar,False,,,complete
2026-11-22,0.00,5930.67,1,450305.34,last_posted_transaction_or_prior_closing_balance,synb1_txn_bc9c75b66bbb15b6f9476119,trusted,historical_transaction_override,historical_transaction_override,True,590,2026-11-23,complete
2026-11-23,0.00,0.00,0,450305.34,last_posted_transaction_or_prior_closing_balance,,trusted,weekday_rule,base_calendar,True,591,2026-11-24,complete
2026-11-24,0.00,0.00,0,450305.34,last_posted_transaction_or_prior_closing_balance,,trusted,weekday_rule,base_calendar,True,592,2026-11-25,complete
2026-11-25,0.00,0.00,0,450305.34,last_posted_transaction_or_prior_closing_balance,,trusted,weekday_rule,base_calendar,True,593,2026-11-26,complete
2026-11-26,70601.48,0.00,2,520906.82,last_posted_transaction_or_prior_closing_balance,synb1_txn_726fafd7d5c7ae0af7d9f5ee,trusted,weekday_rule,base_calendar,True,594,2026-11-27,complete
2026-11-27,0.00,20728.80,1,500178.02,last_posted_transaction_or_prior_closing_balance,synb1_txn_ef280b6fd6985cd5d0290dda,trusted,weekday_rule,base_calendar,True,595,2026-11-28,complete
2026-11-28,37567.56,0.00,1,537745.58,last_posted_transaction_or_prior_closing_balance,synb1_txn_64d2814280d046edde22a67c,trusted,historical_transaction_override,historical_transaction_override,True,596,2026-11-29,complete
2026-11-29,0.00,19572.87,2,518172.71,last_posted_transaction_or_prior_closing_balance,synb1_txn_414191676684d6e0a13a04d3,trusted,historical_transaction_override,historical_transaction_override,True,597,2026-11-30,complete
2026-11-30,0.00,4595.87,4,513576.84,last_posted_transaction_or_prior_closing_balance,synb1_txn_d18c5195a499d8ddb1985f73,trusted,weekday_rule,base_calendar,True,598,2026-12-01,complete
2026-12-01,0.00,0.00,0,513576.84,last_posted_transaction_or_prior_closing_balance,,trusted,weekday_rule,base_calendar,True,599,2026-12-02,complete
2026-12-02,37635.39,0.00,1,551212.23,last_posted_transaction_or_prior_closing_balance,synb1_txn_8ae576c3f85c2921c4c4cd25,trusted,weekday_rule,base_calendar,True,600,2026-12-03,complete
2026-12-03,30093.08,26763.17,3,554542.14,last_posted_transaction_or_prior_closing_balance,synb1_txn_1b9278354822d42fe4d138f7,trusted,weekday_rule,base_calendar,True,601,2026-12-04,complete
2026-12-04,0.00,2499.13,1,552043.01,last_posted_transaction_or_prior_closing_balance,synb1_txn_50d89cfcad77f6b5ca3b58a4,trusted,weekday_rule,base_calendar,True,602,2026-12-05,complete
2026-12-05,0.00,1712.89,1,550330.12,last_posted_transaction_or_prior_closing_balance,synb1_txn_11f07594bd8d2f0b193dcb03,trusted,historical_transaction_override,historical_transaction_override,True,603,2026-12-07,complete
2026-12-06,0.00,0.00,0,550330.12,last_posted_transaction_or_prior_closing_balance,,trusted,weekday_rule,base_calendar,False,,,complete
2026-12-07,0.00,11078.56,2,539251.56,last_posted_transaction_or_prior_closing_balance,synb1_txn_6da825e3d0e63e066fd4f1f7,trusted,weekday_rule,base_calendar,True,604,2026-12-08,complete
2026-12-08,0.00,19476.96,1,519774.60,last_posted_transaction_or_prior_closing_balance,synb1_txn_d0549f3e90201a89ac7009ac,trusted,weekday_rule,base_calendar,True,605,2026-12-09,complete
2026-12-09,0.00,2275.58,1,517499.02,last_posted_transaction_or_prior_closing_balance,synb1_txn_0d2210468dd07d202595df4b,trusted,weekday_rule,base_calendar,True,606,2026-12-10,complete
2026-12-10,0.00,1879.21,1,515619.81,last_posted_transaction_or_prior_closing_balance,synb1_txn_8806a7049cd53ef52e15e291,trusted,weekday_rule,base_calendar,True,607,2026-12-11,complete
2026-12-11,0.00,0.00,0,515619.81,last_posted_transaction_or_prior_closing_balance,,trusted,weekday_rule,base_calendar,True,608,2026-12-14,complete
2026-12-12,0.00,0.00,0,515619.81,last_posted_transaction_or_prior_closing_balance,,trusted,weekday_rule,base_calendar,False,,,complete
2026-12-13,0.00,0.00,0,515619.81,last_posted_transaction_or_prior_closing_balance,,trusted,weekday_rule,base_calendar,False,,,complete
2026-12-14,31415.69,1471.01,2,545564.49,last_posted_transaction_or_prior_closing_balance,synb1_txn_1f46e852df5f03c09b2faa96,trusted,weekday_rule,base_calendar,True,609,2026-12-15,complete
2026-12-15,0.00,0.00,0,545564.49,last_posted_transaction_or_prior_closing_balance,,trusted,weekday_rule,base_calendar,True,610,2026-12-16,complete
2026-12-16,0.00,5232.23,1,540332.26,last_posted_transaction_or_prior_closing_balance,synb1_txn_de6a519009d6ac0aa6eff4f3,trusted,weekday_rule,base_calendar,True,611,2026-12-17,complete
2026-12-17,0.00,0.00,0,540332.26,last_posted_transaction_or_prior_closing_balance,,trusted,weekday_rule,base_calendar,True,612,2026-12-18,complete
2026-12-18,0.00,0.00,0,540332.26,last_posted_transaction_or_prior_closing_balance,,trusted,weekday_rule,base_calendar,True,613,2026-12-20,complete
2026-12-19,0.00,0.00,0,540332.26,last_posted_transaction_or_prior_closing_balance,,trusted,weekday_rule,base_calendar,False,,,complete
2026-12-20,0.00,5219.21,1,535113.05,last_posted_transaction_or_prior_closing_balance,synb1_txn_a0d7884d0b2394382545c4d5,trusted,historical_transaction_override,historical_transaction_override,True,614,2026-12-21,complete
2026-12-21,0.00,0.00,0,535113.05,last_posted_transaction_or_prior_closing_balance,,trusted,weekday_rule,base_calendar,True,615,2026-12-22,complete
2026-12-22,0.00,0.00,0,535113.05,last_posted_transaction_or_prior_closing_balance,,trusted,weekday_rule,base_calendar,True,616,2026-12-23,complete
2026-12-23,0.00,0.00,0,535113.05,last_posted_transaction_or_prior_closing_balance,,trusted,weekday_rule,base_calendar,True,617,2026-12-24,complete
2026-12-24,33036.43,23182.30,3,544967.18,last_posted_transaction_or_prior_closing_balance,synb1_txn_cc260823a52b9a14f043007c,trusted,weekday_rule,base_calendar,True,618,2026-12-25,complete
2026-12-25,0.00,0.00,0,544967.18,last_posted_transaction_or_prior_closing_balance,,trusted,weekday_rule,base_calendar,True,619,2026-12-27,complete
2026-12-26,0.00,0.00,0,544967.18,last_posted_transaction_or_prior_closing_balance,,trusted,weekday_rule,base_calendar,False,,,complete
2026-12-27,0.00,23579.28,1,521387.90,last_posted_transaction_or_prior_closing_balance,synb1_txn_c69716abcb0f8d806137821f,trusted,historical_transaction_override,historical_transaction_override,True,620,2026-12-28,complete
2026-12-28,0.00,2939.19,3,518448.71,last_posted_transaction_or_prior_closing_balance,synb1_txn_5dfe0814c333a891bd32c95c,trusted,weekday_rule,base_calendar,True,621,2026-12-29,complete
2026-12-29,0.00,0.00,0,518448.71,last_posted_transaction_or_prior_closing_balance,,trusted,weekday_rule,base_calendar,True,622,2026-12-30,complete
2026-12-30,0.00,0.00,0,518448.71,last_posted_transaction_or_prior_closing_balance,,trusted,weekday_rule,base_calendar,True,623,2026-12-31,complete
2026-12-31,0.00,1668.72,1,516779.99,last_posted_transaction_or_prior_closing_balance,synb1_txn_e8edf3962ca2535fcfe2b158,trusted,weekday_rule,base_calendar,True,624,2027-01-01,complete
