calendar_date,inflow_cny,outflow_cny,transaction_count,ending_balance_cny,day_cut_basis,source_last_transaction_id,reconciliation_status,calendar_source,calendar_inference_status,is_bank_workday,business_step,target_date,execution_status
2024-01-01,1583600.00,0.00,1,1583600.00,last_posted_transaction_or_prior_closing_balance,synb1_txn_a0425c7bb925b95ce0a51b4a,trusted,cn_public_2022_2026_cycles_1_0,public_schedule_without_transaction_override,False,,,complete
2024-01-02,0.00,0.00,0,1583600.00,last_posted_transaction_or_prior_closing_balance,,trusted,cn_public_2022_2026_cycles_1_0,public_schedule_without_transaction_override,True,1,2024-01-03,complete
2024-01-03,0.00,65539.94,1,1518060.06,last_posted_transaction_or_prior_closing_balance,synb1_txn_dc407aef93a75bbdaf842d19,trusted,cn_public_2022_2026_cycles_1_0,public_schedule_without_transaction_override,True,2,2024-01-04,complete
2024-01-04,37593.15,0.00,1,1555653.21,last_posted_transaction_or_prior_closing_balance,synb1_txn_b5fd4cc32ab7c024f206be27,trusted,cn_public_2022_2026_cycles_1_0,public_schedule_without_transaction_override,True,3,2024-01-05,complete
2024-01-05,0.00,6500.00,1,1549153.21,last_posted_transaction_or_prior_closing_balance,synb1_txn_5486669ed9f8d02600215efc,trusted,cn_public_2022_2026_cycles_1_0,public_schedule_without_transaction_override,True,4,2024-01-08,complete
2024-01-06,26565.96,280.75,2,1575438.42,last_posted_transaction_or_prior_closing_balance,synb1_txn_fb5119b3ec733b676dad8760,trusted,cn_public_2022_2026_cycles_1_0,public_schedule_without_transaction_override,False,,,complete
2024-01-07,0.00,28000.00,1,1547438.42,last_posted_transaction_or_prior_closing_balance,synb1_txn_4847f47bd5f704484ec0d777,trusted,cn_public_2022_2026_cycles_1_0,public_schedule_without_transaction_override,False,,,complete
2024-01-08,0.00,46100.66,1,1501337.76,last_posted_transaction_or_prior_closing_balance,synb1_txn_921ec4019050702336ae42dc,trusted,cn_public_2022_2026_cycles_1_0,public_schedule_without_transaction_override,True,5,2024-01-09,complete
2024-01-09,0.00,0.00,0,1501337.76,last_posted_transaction_or_prior_closing_balance,,trusted,cn_public_2022_2026_cycles_1_0,public_schedule_without_transaction_override,True,6,2024-01-10,complete
2024-01-10,0.00,8137.01,1,1493200.75,last_posted_transaction_or_prior_closing_balance,synb1_txn_74b96bb254295f6c1e9daccb,trusted,cn_public_2022_2026_cycles_1_0,public_schedule_without_transaction_override,True,7,2024-01-11,complete
2024-01-11,0.00,0.00,0,1493200.75,last_posted_transaction_or_prior_closing_balance,,trusted,cn_public_2022_2026_cycles_1_0,public_schedule_without_transaction_override,True,8,2024-01-12,complete
2024-01-12,0.00,0.00,0,1493200.75,last_posted_transaction_or_prior_closing_balance,,trusted,cn_public_2022_2026_cycles_1_0,public_schedule_without_transaction_override,True,9,2024-01-15,complete
2024-01-13,0.00,0.00,0,1493200.75,last_posted_transaction_or_prior_closing_balance,,trusted,cn_public_2022_2026_cycles_1_0,public_schedule_without_transaction_override,False,,,complete
2024-01-14,0.00,136.73,1,1493064.02,last_posted_transaction_or_prior_closing_balance,synb1_txn_080f09c9d7fef8b8c5092966,trusted,cn_public_2022_2026_cycles_1_0,public_schedule_without_transaction_override,False,,,complete
2024-01-15,0.00,0.00,0,1493064.02,last_posted_transaction_or_prior_closing_balance,,trusted,cn_public_2022_2026_cycles_1_0,public_schedule_without_transaction_override,True,10,2024-01-16,complete
2024-01-16,0.00,0.00,0,1493064.02,last_posted_transaction_or_prior_closing_balance,,trusted,cn_public_2022_2026_cycles_1_0,public_schedule_without_transaction_override,True,11,2024-01-17,complete
2024-01-17,0.00,0.00,0,1493064.02,last_posted_transaction_or_prior_closing_balance,,trusted,cn_public_2022_2026_cycles_1_0,public_schedule_without_transaction_override,True,12,2024-01-18,complete
2024-01-18,0.00,0.00,0,1493064.02,last_posted_transaction_or_prior_closing_balance,,trusted,cn_public_2022_2026_cycles_1_0,public_schedule_without_transaction_override,True,13,2024-01-19,complete
2024-01-19,46712.06,5508.29,2,1534267.79,last_posted_transaction_or_prior_closing_balance,synb1_txn_7799fe2468977de44da73abf,trusted,cn_public_2022_2026_cycles_1_0,public_schedule_without_transaction_override,True,14,2024-01-22,complete
2024-01-20,0.00,829.46,1,1533438.33,last_posted_transaction_or_prior_closing_balance,synb1_txn_4dda674e4a4d8cd3c0777d2f,trusted,cn_public_2022_2026_cycles_1_0,public_schedule_without_transaction_override,False,,,complete
2024-01-21,58720.83,51879.89,2,1540279.27,last_posted_transaction_or_prior_closing_balance,synb1_txn_3b43967aa892fab3ab98a36d,trusted,cn_public_2022_2026_cycles_1_0,public_schedule_without_transaction_override,False,,,complete
2024-01-22,0.00,0.00,0,1540279.27,last_posted_transaction_or_prior_closing_balance,,trusted,cn_public_2022_2026_cycles_1_0,public_schedule_without_transaction_override,True,15,2024-01-23,complete
2024-01-23,0.00,0.00,0,1540279.27,last_posted_transaction_or_prior_closing_balance,,trusted,cn_public_2022_2026_cycles_1_0,public_schedule_without_transaction_override,True,16,2024-01-24,complete
2024-01-24,0.00,60000.00,1,1480279.27,last_posted_transaction_or_prior_closing_balance,synb1_txn_0f3b6316afdf12f34865bc76,trusted,cn_public_2022_2026_cycles_1_0,public_schedule_without_transaction_override,True,17,2024-01-25,complete
2024-01-25,0.00,0.00,0,1480279.27,last_posted_transaction_or_prior_closing_balance,,trusted,cn_public_2022_2026_cycles_1_0,public_schedule_without_transaction_override,True,18,2024-01-26,complete
2024-01-26,0.00,0.00,0,1480279.27,last_posted_transaction_or_prior_closing_balance,,trusted,cn_public_2022_2026_cycles_1_0,public_schedule_without_transaction_override,True,19,2024-01-29,complete
2024-01-27,0.00,4863.27,1,1475416.00,last_posted_transaction_or_prior_closing_balance,synb1_txn_e790565cf616b47ef5f8845a,trusted,cn_public_2022_2026_cycles_1_0,public_schedule_without_transaction_override,False,,,complete
2024-01-28,0.00,0.00,0,1475416.00,last_posted_transaction_or_prior_closing_balance,,trusted,cn_public_2022_2026_cycles_1_0,public_schedule_without_transaction_override,False,,,complete
2024-01-29,0.00,0.00,0,1475416.00,last_posted_transaction_or_prior_closing_balance,,trusted,cn_public_2022_2026_cycles_1_0,public_schedule_without_transaction_override,True,20,2024-01-30,complete
2024-01-30,0.00,0.00,0,1475416.00,last_posted_transaction_or_prior_closing_balance,,trusted,cn_public_2022_2026_cycles_1_0,public_schedule_without_transaction_override,True,21,2024-01-31,complete
2024-01-31,0.00,0.00,0,1475416.00,last_posted_transaction_or_prior_closing_balance,,trusted,cn_public_2022_2026_cycles_1_0,public_schedule_without_transaction_override,True,22,2024-02-01,complete
2024-02-01,0.00,0.00,0,1475416.00,last_posted_transaction_or_prior_closing_balance,,trusted,cn_public_2022_2026_cycles_1_0,public_schedule_without_transaction_override,True,23,2024-02-02,complete
2024-02-02,0.00,2591.33,2,1472824.67,last_posted_transaction_or_prior_closing_balance,synb1_txn_1d274a80a1de0d60818751f4,trusted,cn_public_2022_2026_cycles_1_0,public_schedule_without_transaction_override,True,24,2024-02-04,complete
2024-02-03,0.00,0.00,0,1472824.67,last_posted_transaction_or_prior_closing_balance,,trusted,cn_public_2022_2026_cycles_1_0,public_schedule_without_transaction_override,False,,,complete
2024-02-04,0.00,46732.35,1,1426092.32,last_posted_transaction_or_prior_closing_balance,synb1_txn_22d83b6f8c7695b78b12e782,trusted,cn_public_2022_2026_cycles_1_0,public_schedule_without_transaction_override,True,25,2024-02-05,complete
2024-02-05,0.00,6500.00,1,1419592.32,last_posted_transaction_or_prior_closing_balance,synb1_txn_08798cdfaecb7090043c036f,trusted,cn_public_2022_2026_cycles_1_0,public_schedule_without_transaction_override,True,26,2024-02-06,complete
2024-02-06,0.00,11400.17,1,1408192.15,last_posted_transaction_or_prior_closing_balance,synb1_txn_024e52a6514500cbb50f7abf,trusted,cn_public_2022_2026_cycles_1_0,public_schedule_without_transaction_override,True,27,2024-02-07,complete
2024-02-07,66803.64,28000.00,2,1446995.79,last_posted_transaction_or_prior_closing_balance,synb1_txn_4a850c5936ce48aeaac078bb,trusted,cn_public_2022_2026_cycles_1_0,public_schedule_without_transaction_override,True,28,2024-02-08,complete
2024-02-08,20462.75,0.00,1,1467458.54,last_posted_transaction_or_prior_closing_balance,synb1_txn_8e731e695af51ee25e58e22f,trusted,cn_public_2022_2026_cycles_1_0,public_schedule_without_transaction_override,True,29,2024-02-09,complete
2024-02-09,0.00,0.00,0,1467458.54,last_posted_transaction_or_prior_closing_balance,,trusted,cn_public_2022_2026_cycles_1_0,public_schedule_without_transaction_override,True,30,2024-02-18,complete
2024-02-10,0.00,8283.00,2,1459175.54,last_posted_transaction_or_prior_closing_balance,synb1_txn_b7dd642278387e35d4441c99,trusted,cn_public_2022_2026_cycles_1_0,public_schedule_without_transaction_override,False,,,complete
2024-02-11,0.00,0.00,0,1459175.54,last_posted_transaction_or_prior_closing_balance,,trusted,cn_public_2022_2026_cycles_1_0,public_schedule_without_transaction_override,False,,,complete
2024-02-12,50435.10,0.00,1,1509610.64,last_posted_transaction_or_prior_closing_balance,synb1_txn_69c74c5bf3d1b996cd4708c9,trusted,cn_public_2022_2026_cycles_1_0,public_schedule_without_transaction_override,False,,,complete
2024-02-13,0.00,25996.19,2,1483614.45,last_posted_transaction_or_prior_closing_balance,synb1_txn_afa977b74168616382afaf4e,trusted,cn_public_2022_2026_cycles_1_0,public_schedule_without_transaction_override,False,,,complete
2024-02-14,0.00,8024.13,1,1475590.32,last_posted_transaction_or_prior_closing_balance,synb1_txn_6907b2201cee4e3fc3db73c7,trusted,cn_public_2022_2026_cycles_1_0,public_schedule_without_transaction_override,False,,,complete
2024-02-15,18593.20,96814.31,2,1397369.21,last_posted_transaction_or_prior_closing_balance,synb1_txn_693495a9a882dc1cb5ac96b3,trusted,cn_public_2022_2026_cycles_1_0,public_schedule_without_transaction_override,False,,,complete
2024-02-16,0.00,2425.84,1,1394943.37,last_posted_transaction_or_prior_closing_balance,synb1_txn_bedd0ac2e2510c1f71b89512,trusted,cn_public_2022_2026_cycles_1_0,public_schedule_without_transaction_override,False,,,complete
2024-02-17,0.00,0.00,0,1394943.37,last_posted_transaction_or_prior_closing_balance,,trusted,cn_public_2022_2026_cycles_1_0,public_schedule_without_transaction_override,False,,,complete
2024-02-18,35541.61,12263.90,4,1418221.08,last_posted_transaction_or_prior_closing_balance,synb1_txn_b4aeeac5c7df00f089e476e5,trusted,cn_public_2022_2026_cycles_1_0,public_schedule_without_transaction_override,True,31,2024-02-19,complete
2024-02-19,0.00,0.00,0,1418221.08,last_posted_transaction_or_prior_closing_balance,,trusted,cn_public_2022_2026_cycles_1_0,public_schedule_without_transaction_override,True,32,2024-02-20,complete
2024-02-20,7758.61,0.00,1,1425979.69,last_posted_transaction_or_prior_closing_balance,synb1_txn_342bcc8c879f61cb2a039df6,trusted,cn_public_2022_2026_cycles_1_0,public_schedule_without_transaction_override,True,33,2024-02-21,complete
2024-02-21,108473.33,50000.00,3,1484453.02,last_posted_transaction_or_prior_closing_balance,synb1_txn_a6b640235b96d5be850fd9ca,trusted,cn_public_2022_2026_cycles_1_0,public_schedule_without_transaction_override,True,34,2024-02-22,complete
2024-02-22,74853.45,0.00,2,1559306.47,last_posted_transaction_or_prior_closing_balance,synb1_txn_cfdd49f41656477f7d3f05d1,trusted,cn_public_2022_2026_cycles_1_0,public_schedule_without_transaction_override,True,35,2024-02-23,complete
2024-02-23,0.00,75345.90,2,1483960.57,last_posted_transaction_or_prior_closing_balance,synb1_txn_f02a4959c5932c18cecbf083,trusted,cn_public_2022_2026_cycles_1_0,public_schedule_without_transaction_override,True,36,2024-02-26,complete
2024-02-24,0.00,0.00,0,1483960.57,last_posted_transaction_or_prior_closing_balance,,trusted,cn_public_2022_2026_cycles_1_0,public_schedule_without_transaction_override,False,,,complete
2024-02-25,0.00,0.00,0,1483960.57,last_posted_transaction_or_prior_closing_balance,,trusted,cn_public_2022_2026_cycles_1_0,public_schedule_without_transaction_override,False,,,complete
2024-02-26,0.00,0.00,0,1483960.57,last_posted_transaction_or_prior_closing_balance,,trusted,cn_public_2022_2026_cycles_1_0,public_schedule_without_transaction_override,True,37,2024-02-27,complete
2024-02-27,2104.31,25319.78,2,1460745.10,last_posted_transaction_or_prior_closing_balance,synb1_txn_60578b4522c151a9a9682cd2,trusted,cn_public_2022_2026_cycles_1_0,public_schedule_without_transaction_override,True,38,2024-02-28,complete
2024-02-28,0.00,0.00,0,1460745.10,last_posted_transaction_or_prior_closing_balance,,trusted,cn_public_2022_2026_cycles_1_0,public_schedule_without_transaction_override,True,39,2024-02-29,complete
2024-02-29,0.00,0.00,0,1460745.10,last_posted_transaction_or_prior_closing_balance,,trusted,cn_public_2022_2026_cycles_1_0,public_schedule_without_transaction_override,True,40,2024-03-01,complete
2024-03-01,0.00,0.00,0,1460745.10,last_posted_transaction_or_prior_closing_balance,,trusted,cn_public_2022_2026_cycles_1_0,public_schedule_without_transaction_override,True,41,2024-03-04,complete
2024-03-02,0.00,54121.64,1,1406623.46,last_posted_transaction_or_prior_closing_balance,synb1_txn_f2a462b1e8ab81107dd299de,trusted,cn_public_2022_2026_cycles_1_0,public_schedule_without_transaction_override,False,,,complete
2024-03-03,0.00,0.00,0,1406623.46,last_posted_transaction_or_prior_closing_balance,,trusted,cn_public_2022_2026_cycles_1_0,public_schedule_without_transaction_override,False,,,complete
2024-03-04,40794.24,0.00,1,1447417.70,last_posted_transaction_or_prior_closing_balance,synb1_txn_82ffe2fa3e4bf6817d181bd7,trusted,cn_public_2022_2026_cycles_1_0,public_schedule_without_transaction_override,True,42,2024-03-05,complete
2024-03-05,0.00,6500.00,1,1440917.70,last_posted_transaction_or_prior_closing_balance,synb1_txn_eaaf847ffe0fcc89379ead4f,trusted,cn_public_2022_2026_cycles_1_0,public_schedule_without_transaction_override,True,43,2024-03-06,complete
2024-03-06,22439.38,0.00,1,1463357.08,last_posted_transaction_or_prior_closing_balance,synb1_txn_42a76f8b5fba1951a6a74ffc,trusted,cn_public_2022_2026_cycles_1_0,public_schedule_without_transaction_override,True,44,2024-03-07,complete
2024-03-07,3571.33,32760.79,3,1434167.62,last_posted_transaction_or_prior_closing_balance,synb1_txn_302f2d1af249a8ab277b3a1f,trusted,cn_public_2022_2026_cycles_1_0,public_schedule_without_transaction_override,True,45,2024-03-08,complete
2024-03-08,0.00,11984.71,1,1422182.91,last_posted_transaction_or_prior_closing_balance,synb1_txn_034d45e35c47538d92983a99,trusted,cn_public_2022_2026_cycles_1_0,public_schedule_without_transaction_override,True,46,2024-03-11,complete
2024-03-09,24853.09,17326.14,2,1429709.86,last_posted_transaction_or_prior_closing_balance,synb1_txn_dff8ad42b3079b21949269a4,trusted,cn_public_2022_2026_cycles_1_0,public_schedule_without_transaction_override,False,,,complete
2024-03-10,0.00,1387.22,1,1428322.64,last_posted_transaction_or_prior_closing_balance,synb1_txn_612cea9f2ec7cae497b8fd04,trusted,cn_public_2022_2026_cycles_1_0,public_schedule_without_transaction_override,False,,,complete
2024-03-11,0.00,55542.09,1,1372780.55,last_posted_transaction_or_prior_closing_balance,synb1_txn_36b61530cf24bceed0930ece,trusted,cn_public_2022_2026_cycles_1_0,public_schedule_without_transaction_override,True,47,2024-03-12,complete
2024-03-12,55008.28,0.00,2,1427788.83,last_posted_transaction_or_prior_closing_balance,synb1_txn_60d59aac52ce0cc19df44242,trusted,cn_public_2022_2026_cycles_1_0,public_schedule_without_transaction_override,True,48,2024-03-13,complete
2024-03-13,0.00,0.00,0,1427788.83,last_posted_transaction_or_prior_closing_balance,,trusted,cn_public_2022_2026_cycles_1_0,public_schedule_without_transaction_override,True,49,2024-03-14,complete
2024-03-14,0.00,0.00,0,1427788.83,last_posted_transaction_or_prior_closing_balance,,trusted,cn_public_2022_2026_cycles_1_0,public_schedule_without_transaction_override,True,50,2024-03-15,complete
2024-03-15,0.00,0.00,0,1427788.83,last_posted_transaction_or_prior_closing_balance,,trusted,cn_public_2022_2026_cycles_1_0,public_schedule_without_transaction_override,True,51,2024-03-18,complete
2024-03-16,78761.53,239.21,2,1506311.15,last_posted_transaction_or_prior_closing_balance,synb1_txn_1613e8733196fad65fe0cae1,trusted,cn_public_2022_2026_cycles_1_0,public_schedule_without_transaction_override,False,,,complete
2024-03-17,0.00,0.00,0,1506311.15,last_posted_transaction_or_prior_closing_balance,,trusted,cn_public_2022_2026_cycles_1_0,public_schedule_without_transaction_override,False,,,complete
2024-03-18,0.00,23276.81,3,1483034.34,last_posted_transaction_or_prior_closing_balance,synb1_txn_1b0647ad488b42135fc28f7c,trusted,cn_public_2022_2026_cycles_1_0,public_schedule_without_transaction_override,True,52,2024-03-19,complete
2024-03-19,0.00,40819.36,1,1442214.98,last_posted_transaction_or_prior_closing_balance,synb1_txn_0681d0b815d67be5e2e451f6,trusted,cn_public_2022_2026_cycles_1_0,public_schedule_without_transaction_override,True,53,2024-03-20,complete
2024-03-20,29808.66,0.00,1,1472023.64,last_posted_transaction_or_prior_closing_balance,synb1_txn_3cf552554ab69dc033bad8c5,trusted,cn_public_2022_2026_cycles_1_0,public_schedule_without_transaction_override,True,54,2024-03-21,complete
2024-03-21,0.00,4398.56,1,1467625.08,last_posted_transaction_or_prior_closing_balance,synb1_txn_5dba9d516e8531d2cbeddfb0,trusted,cn_public_2022_2026_cycles_1_0,public_schedule_without_transaction_override,True,55,2024-03-22,complete
2024-03-22,3413.51,0.00,2,1471038.59,last_posted_transaction_or_prior_closing_balance,synb1_txn_cac58c223c26fe42f743da3f,trusted,cn_public_2022_2026_cycles_1_0,public_schedule_without_transaction_override,True,56,2024-03-25,complete
2024-03-23,0.00,0.00,0,1471038.59,last_posted_transaction_or_prior_closing_balance,,trusted,cn_public_2022_2026_cycles_1_0,public_schedule_without_transaction_override,False,,,complete
2024-03-24,0.00,0.00,0,1471038.59,last_posted_transaction_or_prior_closing_balance,,trusted,cn_public_2022_2026_cycles_1_0,public_schedule_without_transaction_override,False,,,complete
2024-03-25,45150.82,0.00,1,1516189.41,last_posted_transaction_or_prior_closing_balance,synb1_txn_b7a4876e8ac00287a0caa87e,trusted,cn_public_2022_2026_cycles_1_0,public_schedule_without_transaction_override,True,57,2024-03-26,complete
2024-03-26,6721.16,0.00,2,1522910.57,last_posted_transaction_or_prior_closing_balance,synb1_txn_ea39a706ecca84f0e2e703a0,trusted,cn_public_2022_2026_cycles_1_0,public_schedule_without_transaction_override,True,58,2024-03-27,complete
2024-03-27,0.00,0.00,0,1522910.57,last_posted_transaction_or_prior_closing_balance,,trusted,cn_public_2022_2026_cycles_1_0,public_schedule_without_transaction_override,True,59,2024-03-28,complete
2024-03-28,0.00,11281.28,1,1511629.29,last_posted_transaction_or_prior_closing_balance,synb1_txn_3fb0ca2122eb63852e6c7c63,trusted,cn_public_2022_2026_cycles_1_0,public_schedule_without_transaction_override,True,60,2024-03-29,complete
2024-03-29,0.00,0.00,0,1511629.29,last_posted_transaction_or_prior_closing_balance,,trusted,cn_public_2022_2026_cycles_1_0,public_schedule_without_transaction_override,True,61,2024-04-01,complete
2024-03-30,0.00,0.00,0,1511629.29,last_posted_transaction_or_prior_closing_balance,,trusted,cn_public_2022_2026_cycles_1_0,public_schedule_without_transaction_override,False,,,complete
2024-03-31,0.00,0.00,0,1511629.29,last_posted_transaction_or_prior_closing_balance,,trusted,cn_public_2022_2026_cycles_1_0,public_schedule_without_transaction_override,False,,,complete
2024-04-01,0.00,0.00,0,1511629.29,last_posted_transaction_or_prior_closing_balance,,trusted,cn_public_2022_2026_cycles_1_0,public_schedule_without_transaction_override,True,62,2024-04-02,complete
2024-04-02,34450.09,0.00,1,1546079.38,last_posted_transaction_or_prior_closing_balance,synb1_txn_6f01c8e9308e4c686d788218,trusted,cn_public_2022_2026_cycles_1_0,public_schedule_without_transaction_override,True,63,2024-04-03,complete
2024-04-03,49271.96,0.00,3,1595351.34,last_posted_transaction_or_prior_closing_balance,synb1_txn_1831178139c6bae91e9be84b,trusted,cn_public_2022_2026_cycles_1_0,public_schedule_without_transaction_override,True,64,2024-04-07,complete
2024-04-04,63284.94,0.00,2,1658636.28,last_posted_transaction_or_prior_closing_balance,synb1_txn_54e5dc2543fbedf8c019b976,trusted,cn_public_2022_2026_cycles_1_0,public_schedule_without_transaction_override,False,,,complete
2024-04-05,0.00,6500.00,1,1652136.28,last_posted_transaction_or_prior_closing_balance,synb1_txn_bf7caaa8669b724d5d29fca9,trusted,cn_public_2022_2026_cycles_1_0,public_schedule_without_transaction_override,False,,,complete
2024-04-06,3773.36,0.00,1,1655909.64,last_posted_transaction_or_prior_closing_balance,synb1_txn_50e5a726aee46c1d36b03dda,trusted,cn_public_2022_2026_cycles_1_0,public_schedule_without_transaction_override,False,,,complete
2024-04-07,0.00,28000.00,1,1627909.64,last_posted_transaction_or_prior_closing_balance,synb1_txn_c3c9e8de50a19578a9adb6d1,trusted,cn_public_2022_2026_cycles_1_0,public_schedule_without_transaction_override,True,65,2024-04-08,complete
2024-04-08,370.70,30339.91,4,1597940.43,last_posted_transaction_or_prior_closing_balance,synb1_txn_482aab885c6df11062198e2f,trusted,cn_public_2022_2026_cycles_1_0,public_schedule_without_transaction_override,True,66,2024-04-09,complete
2024-04-09,3000.01,0.00,1,1600940.44,last_posted_transaction_or_prior_closing_balance,synb1_txn_d70766463b23ae779ae4213e,trusted,cn_public_2022_2026_cycles_1_0,public_schedule_without_transaction_override,True,67,2024-04-10,complete
2024-04-10,0.00,0.00,0,1600940.44,last_posted_transaction_or_prior_closing_balance,,trusted,cn_public_2022_2026_cycles_1_0,public_schedule_without_transaction_override,True,68,2024-04-11,complete
2024-04-11,0.00,9813.91,1,1591126.53,last_posted_transaction_or_prior_closing_balance,synb1_txn_3eeb0315fc60250fc3e9c28b,trusted,cn_public_2022_2026_cycles_1_0,public_schedule_without_transaction_override,True,69,2024-04-12,complete
2024-04-12,0.00,0.00,0,1591126.53,last_posted_transaction_or_prior_closing_balance,,trusted,cn_public_2022_2026_cycles_1_0,public_schedule_without_transaction_override,True,70,2024-04-15,complete
2024-04-13,12716.10,74448.64,2,1529393.99,last_posted_transaction_or_prior_closing_balance,synb1_txn_5b23a9335783199f939115da,trusted,cn_public_2022_2026_cycles_1_0,public_schedule_without_transaction_override,False,,,complete
2024-04-14,28420.60,0.00,1,1557814.59,last_posted_transaction_or_prior_closing_balance,synb1_txn_df1242c0a8c4d966e1978740,trusted,cn_public_2022_2026_cycles_1_0,public_schedule_without_transaction_override,False,,,complete
2024-04-15,0.00,59562.77,1,1498251.82,last_posted_transaction_or_prior_closing_balance,synb1_txn_cf3e60be91e613b0da9358d3,trusted,cn_public_2022_2026_cycles_1_0,public_schedule_without_transaction_override,True,71,2024-04-16,complete
2024-04-16,0.00,0.00,0,1498251.82,last_posted_transaction_or_prior_closing_balance,,trusted,cn_public_2022_2026_cycles_1_0,public_schedule_without_transaction_override,True,72,2024-04-17,complete
2024-04-17,0.00,0.00,0,1498251.82,last_posted_transaction_or_prior_closing_balance,,trusted,cn_public_2022_2026_cycles_1_0,public_schedule_without_transaction_override,True,73,2024-04-18,complete
2024-04-18,0.00,44550.02,4,1453701.80,last_posted_transaction_or_prior_closing_balance,synb1_txn_103da0e3a08ae80f640df97e,trusted,cn_public_2022_2026_cycles_1_0,public_schedule_without_transaction_override,True,74,2024-04-19,complete
2024-04-19,0.00,0.00,0,1453701.80,last_posted_transaction_or_prior_closing_balance,,trusted,cn_public_2022_2026_cycles_1_0,public_schedule_without_transaction_override,True,75,2024-04-22,complete
2024-04-20,12544.06,0.00,2,1466245.86,last_posted_transaction_or_prior_closing_balance,synb1_txn_b91a23646bbc83147664b204,trusted,cn_public_2022_2026_cycles_1_0,public_schedule_without_transaction_override,False,,,complete
2024-04-21,0.00,159.60,1,1466086.26,last_posted_transaction_or_prior_closing_balance,synb1_txn_1ec2db1f8ee4dc9faf67f916,trusted,cn_public_2022_2026_cycles_1_0,public_schedule_without_transaction_override,False,,,complete
2024-04-22,24235.97,2037.82,2,1488284.41,last_posted_transaction_or_prior_closing_balance,synb1_txn_abd0aaef8f498fe8a3533a54,trusted,cn_public_2022_2026_cycles_1_0,public_schedule_without_transaction_override,True,76,2024-04-23,complete
2024-04-23,0.00,0.00,0,1488284.41,last_posted_transaction_or_prior_closing_balance,,trusted,cn_public_2022_2026_cycles_1_0,public_schedule_without_transaction_override,True,77,2024-04-24,complete
2024-04-24,29248.02,0.00,2,1517532.43,last_posted_transaction_or_prior_closing_balance,synb1_txn_bb324b0cbd10905d0ba34b25,trusted,cn_public_2022_2026_cycles_1_0,public_schedule_without_transaction_override,True,78,2024-04-25,complete
2024-04-25,0.00,20.67,1,1517511.76,last_posted_transaction_or_prior_closing_balance,synb1_txn_9a09c2d05fc153784e5de459,trusted,cn_public_2022_2026_cycles_1_0,public_schedule_without_transaction_override,True,79,2024-04-26,complete
2024-04-26,5802.67,11302.27,2,1512012.16,last_posted_transaction_or_prior_closing_balance,synb1_txn_a42103de2fb61682e49a5733,trusted,cn_public_2022_2026_cycles_1_0,public_schedule_without_transaction_override,True,80,2024-04-28,complete
2024-04-27,0.00,4819.73,1,1507192.43,last_posted_transaction_or_prior_closing_balance,synb1_txn_f65d194e66a50186a474151c,trusted,cn_public_2022_2026_cycles_1_0,public_schedule_without_transaction_override,False,,,complete
2024-04-28,36001.52,0.00,1,1543193.95,last_posted_transaction_or_prior_closing_balance,synb1_txn_94835e6d45a326ae80ee6ac3,trusted,cn_public_2022_2026_cycles_1_0,public_schedule_without_transaction_override,True,81,2024-04-29,complete
2024-04-29,0.00,0.00,0,1543193.95,last_posted_transaction_or_prior_closing_balance,,trusted,cn_public_2022_2026_cycles_1_0,public_schedule_without_transaction_override,True,82,2024-04-30,complete
2024-04-30,0.00,0.00,0,1543193.95,last_posted_transaction_or_prior_closing_balance,,trusted,cn_public_2022_2026_cycles_1_0,public_schedule_without_transaction_override,True,83,2024-05-06,complete
2024-05-01,0.00,0.00,0,1543193.95,last_posted_transaction_or_prior_closing_balance,,trusted,cn_public_2022_2026_cycles_1_0,public_schedule_without_transaction_override,False,,,complete
2024-05-02,0.00,0.00,0,1543193.95,last_posted_transaction_or_prior_closing_balance,,trusted,cn_public_2022_2026_cycles_1_0,public_schedule_without_transaction_override,False,,,complete
2024-05-03,0.00,27236.82,1,1515957.13,last_posted_transaction_or_prior_closing_balance,synb1_txn_33d7f85d84c3e2516b8f5f33,trusted,cn_public_2022_2026_cycles_1_0,public_schedule_without_transaction_override,False,,,complete
2024-05-04,0.00,0.00,0,1515957.13,last_posted_transaction_or_prior_closing_balance,,trusted,cn_public_2022_2026_cycles_1_0,public_schedule_without_transaction_override,False,,,complete
2024-05-05,0.00,82972.75,2,1432984.38,last_posted_transaction_or_prior_closing_balance,synb1_txn_e7d784c74feb869eeee36261,trusted,cn_public_2022_2026_cycles_1_0,public_schedule_without_transaction_override,False,,,complete
2024-05-06,0.00,251.31,1,1432733.07,last_posted_transaction_or_prior_closing_balance,synb1_txn_30a839e10388d9293aeb839c,trusted,cn_public_2022_2026_cycles_1_0,public_schedule_without_transaction_override,True,84,2024-05-07,complete
2024-05-07,151482.07,28000.00,3,1556215.14,last_posted_transaction_or_prior_closing_balance,synb1_txn_39cea64d677ca2add9172aa1,trusted,cn_public_2022_2026_cycles_1_0,public_schedule_without_transaction_override,True,85,2024-05-08,complete
2024-05-08,0.00,0.00,0,1556215.14,last_posted_transaction_or_prior_closing_balance,,trusted,cn_public_2022_2026_cycles_1_0,public_schedule_without_transaction_override,True,86,2024-05-09,complete
2024-05-09,12434.44,0.00,1,1568649.58,last_posted_transaction_or_prior_closing_balance,synb1_txn_c1445d55a4c9db875dbedc23,trusted,cn_public_2022_2026_cycles_1_0,public_schedule_without_transaction_override,True,87,2024-05-10,complete
2024-05-10,0.00,17026.59,3,1551622.99,last_posted_transaction_or_prior_closing_balance,synb1_txn_4e2f446f5bacaa438b4df593,trusted,cn_public_2022_2026_cycles_1_0,public_schedule_without_transaction_override,True,88,2024-05-11,complete
2024-05-11,0.00,1813.85,1,1549809.14,last_posted_transaction_or_prior_closing_balance,synb1_txn_e720f763d6821ca61b152ee4,trusted,cn_public_2022_2026_cycles_1_0,public_schedule_without_transaction_override,True,89,2024-05-13,complete
2024-05-12,0.00,21307.03,1,1528502.11,last_posted_transaction_or_prior_closing_balance,synb1_txn_4905da327add464b7438f068,trusted,cn_public_2022_2026_cycles_1_0,public_schedule_without_transaction_override,False,,,complete
2024-05-13,14288.84,0.00,1,1542790.95,last_posted_transaction_or_prior_closing_balance,synb1_txn_8bdff67605cfa7a19fe18fbc,trusted,cn_public_2022_2026_cycles_1_0,public_schedule_without_transaction_override,True,90,2024-05-14,complete
2024-05-14,0.00,4186.97,1,1538603.98,last_posted_transaction_or_prior_closing_balance,synb1_txn_037ca8aa5d7cb07a02a68ce3,trusted,cn_public_2022_2026_cycles_1_0,public_schedule_without_transaction_override,True,91,2024-05-15,complete
2024-05-15,0.00,0.00,0,1538603.98,last_posted_transaction_or_prior_closing_balance,,trusted,cn_public_2022_2026_cycles_1_0,public_schedule_without_transaction_override,True,92,2024-05-16,complete
2024-05-16,90758.48,13469.61,2,1615892.85,last_posted_transaction_or_prior_closing_balance,synb1_txn_f9f3765f99c3d22e32ee24de,trusted,cn_public_2022_2026_cycles_1_0,public_schedule_without_transaction_override,True,93,2024-05-17,complete
2024-05-17,0.00,0.00,0,1615892.85,last_posted_transaction_or_prior_closing_balance,,trusted,cn_public_2022_2026_cycles_1_0,public_schedule_without_transaction_override,True,94,2024-05-20,complete
2024-05-18,0.00,4660.27,2,1611232.58,last_posted_transaction_or_prior_closing_balance,synb1_txn_76ed1be634d1033fbdb9dadf,trusted,cn_public_2022_2026_cycles_1_0,public_schedule_without_transaction_override,False,,,complete
2024-05-19,985.60,0.00,1,1612218.18,last_posted_transaction_or_prior_closing_balance,synb1_txn_f0015e4cd3df19269f80be91,trusted,cn_public_2022_2026_cycles_1_0,public_schedule_without_transaction_override,False,,,complete
2024-05-20,0.00,17404.78,3,1594813.40,last_posted_transaction_or_prior_closing_balance,synb1_txn_86ce194ba3d527cfb944c855,trusted,cn_public_2022_2026_cycles_1_0,public_schedule_without_transaction_override,True,95,2024-05-21,complete
2024-05-21,23750.57,9088.26,2,1609475.71,last_posted_transaction_or_prior_closing_balance,synb1_txn_579a2f7248ce909eb7e9ed45,trusted,cn_public_2022_2026_cycles_1_0,public_schedule_without_transaction_override,True,96,2024-05-22,complete
2024-05-22,0.00,0.00,0,1609475.71,last_posted_transaction_or_prior_closing_balance,,trusted,cn_public_2022_2026_cycles_1_0,public_schedule_without_transaction_override,True,97,2024-05-23,complete
2024-05-23,0.00,0.00,0,1609475.71,last_posted_transaction_or_prior_closing_balance,,trusted,cn_public_2022_2026_cycles_1_0,public_schedule_without_transaction_override,True,98,2024-05-24,complete
2024-05-24,0.00,3745.93,1,1605729.78,last_posted_transaction_or_prior_closing_balance,synb1_txn_b3743a6fb18d1d5e15286118,trusted,cn_public_2022_2026_cycles_1_0,public_schedule_without_transaction_override,True,99,2024-05-27,complete
2024-05-25,0.00,0.00,0,1605729.78,last_posted_transaction_or_prior_closing_balance,,trusted,cn_public_2022_2026_cycles_1_0,public_schedule_without_transaction_override,False,,,complete
2024-05-26,0.00,0.00,0,1605729.78,last_posted_transaction_or_prior_closing_balance,,trusted,cn_public_2022_2026_cycles_1_0,public_schedule_without_transaction_override,False,,,complete
2024-05-27,0.00,19987.25,1,1585742.53,last_posted_transaction_or_prior_closing_balance,synb1_txn_149e0368e9433dbec1e53017,trusted,cn_public_2022_2026_cycles_1_0,public_schedule_without_transaction_override,True,100,2024-05-28,complete
2024-05-28,0.00,3.36,1,1585739.17,last_posted_transaction_or_prior_closing_balance,synb1_txn_d2834e2c652ed2167543320e,trusted,cn_public_2022_2026_cycles_1_0,public_schedule_without_transaction_override,True,101,2024-05-29,complete
2024-05-29,0.00,0.00,0,1585739.17,last_posted_transaction_or_prior_closing_balance,,trusted,cn_public_2022_2026_cycles_1_0,public_schedule_without_transaction_override,True,102,2024-05-30,complete
2024-05-30,0.00,0.00,0,1585739.17,last_posted_transaction_or_prior_closing_balance,,trusted,cn_public_2022_2026_cycles_1_0,public_schedule_without_transaction_override,True,103,2024-05-31,complete
2024-05-31,0.00,0.00,0,1585739.17,last_posted_transaction_or_prior_closing_balance,,trusted,cn_public_2022_2026_cycles_1_0,public_schedule_without_transaction_override,True,104,2024-06-03,complete
2024-06-01,0.00,0.00,0,1585739.17,last_posted_transaction_or_prior_closing_balance,,trusted,cn_public_2022_2026_cycles_1_0,public_schedule_without_transaction_override,False,,,complete
2024-06-02,0.00,0.00,0,1585739.17,last_posted_transaction_or_prior_closing_balance,,trusted,cn_public_2022_2026_cycles_1_0,public_schedule_without_transaction_override,False,,,complete
2024-06-03,0.00,619.75,1,1585119.42,last_posted_transaction_or_prior_closing_balance,synb1_txn_af6614024a305c55ac31077b,trusted,cn_public_2022_2026_cycles_1_0,public_schedule_without_transaction_override,True,105,2024-06-04,complete
2024-06-04,0.00,0.00,0,1585119.42,last_posted_transaction_or_prior_closing_balance,,trusted,cn_public_2022_2026_cycles_1_0,public_schedule_without_transaction_override,True,106,2024-06-05,complete
2024-06-05,0.00,17253.95,2,1567865.47,last_posted_transaction_or_prior_closing_balance,synb1_txn_db759132321faf49844e6958,trusted,cn_public_2022_2026_cycles_1_0,public_schedule_without_transaction_override,True,107,2024-06-06,complete
2024-06-06,8531.04,0.00,1,1576396.51,last_posted_transaction_or_prior_closing_balance,synb1_txn_0febcf8e9de48d2916ad3e48,trusted,cn_public_2022_2026_cycles_1_0,public_schedule_without_transaction_override,True,108,2024-06-07,complete
2024-06-07,27501.85,28000.00,2,1575898.36,last_posted_transaction_or_prior_closing_balance,synb1_txn_95b17be594bb25fd994be18b,trusted,cn_public_2022_2026_cycles_1_0,public_schedule_without_transaction_override,True,109,2024-06-11,complete
2024-06-08,0.00,0.00,0,1575898.36,last_posted_transaction_or_prior_closing_balance,,trusted,cn_public_2022_2026_cycles_1_0,public_schedule_without_transaction_override,False,,,complete
2024-06-09,0.00,0.00,0,1575898.36,last_posted_transaction_or_prior_closing_balance,,trusted,cn_public_2022_2026_cycles_1_0,public_schedule_without_transaction_override,False,,,complete
2024-06-10,0.00,468.79,1,1575429.57,last_posted_transaction_or_prior_closing_balance,synb1_txn_c78ee56e9087ba9f88976071,trusted,cn_public_2022_2026_cycles_1_0,public_schedule_without_transaction_override,False,,,complete
2024-06-11,47330.86,0.00,1,1622760.43,last_posted_transaction_or_prior_closing_balance,synb1_txn_0a410a91c69aade408765748,trusted,cn_public_2022_2026_cycles_1_0,public_schedule_without_transaction_override,True,110,2024-06-12,complete
2024-06-12,7780.82,0.00,1,1630541.25,last_posted_transaction_or_prior_closing_balance,synb1_txn_afe0820ef03089758e458d80,trusted,cn_public_2022_2026_cycles_1_0,public_schedule_without_transaction_override,True,111,2024-06-13,complete
2024-06-13,0.00,2472.08,1,1628069.17,last_posted_transaction_or_prior_closing_balance,synb1_txn_9a7a1d613b9443b58e5aeede,trusted,cn_public_2022_2026_cycles_1_0,public_schedule_without_transaction_override,True,112,2024-06-14,complete
2024-06-14,1463.25,1433.38,2,1628099.04,last_posted_transaction_or_prior_closing_balance,synb1_txn_78c557677189aebe4c2281ad,trusted,cn_public_2022_2026_cycles_1_0,public_schedule_without_transaction_override,True,113,2024-06-17,complete
2024-06-15,30387.88,87471.94,2,1571014.98,last_posted_transaction_or_prior_closing_balance,synb1_txn_3c40924d31358a9ca195415d,trusted,cn_public_2022_2026_cycles_1_0,public_schedule_without_transaction_override,False,,,complete
2024-06-16,35379.22,109508.06,3,1496886.14,last_posted_transaction_or_prior_closing_balance,synb1_txn_e7a6a503df846538dc48d6d8,trusted,cn_public_2022_2026_cycles_1_0,public_schedule_without_transaction_override,False,,,complete
2024-06-17,16649.58,0.00,1,1513535.72,last_posted_transaction_or_prior_closing_balance,synb1_txn_4634c941ff0607c21b301a54,trusted,cn_public_2022_2026_cycles_1_0,public_schedule_without_transaction_override,True,114,2024-06-18,complete
2024-06-18,0.00,8095.18,3,1505440.54,last_posted_transaction_or_prior_closing_balance,synb1_txn_0540b3fafed538642fd0cce8,trusted,cn_public_2022_2026_cycles_1_0,public_schedule_without_transaction_override,True,115,2024-06-19,complete
2024-06-19,51952.34,0.00,1,1557392.88,last_posted_transaction_or_prior_closing_balance,synb1_txn_d50be14631b2e0d09bb84254,trusted,cn_public_2022_2026_cycles_1_0,public_schedule_without_transaction_override,True,116,2024-06-20,complete
2024-06-20,21246.86,0.00,1,1578639.74,last_posted_transaction_or_prior_closing_balance,synb1_txn_9e140e2c9bb043ebb82f2ce8,trusted,cn_public_2022_2026_cycles_1_0,public_schedule_without_transaction_override,True,117,2024-06-21,complete
2024-06-21,0.00,2614.27,1,1576025.47,last_posted_transaction_or_prior_closing_balance,synb1_txn_ba47b0f5c0a7ecf41e5890b3,trusted,cn_public_2022_2026_cycles_1_0,public_schedule_without_transaction_override,True,118,2024-06-24,complete
2024-06-22,0.00,0.00,0,1576025.47,last_posted_transaction_or_prior_closing_balance,,trusted,cn_public_2022_2026_cycles_1_0,public_schedule_without_transaction_override,False,,,complete
2024-06-23,0.00,0.00,0,1576025.47,last_posted_transaction_or_prior_closing_balance,,trusted,cn_public_2022_2026_cycles_1_0,public_schedule_without_transaction_override,False,,,complete
2024-06-24,0.00,1446.94,1,1574578.53,last_posted_transaction_or_prior_closing_balance,synb1_txn_8be7fadb3339b1229612a4de,trusted,cn_public_2022_2026_cycles_1_0,public_schedule_without_transaction_override,True,119,2024-06-25,complete
2024-06-25,0.00,1030.37,1,1573548.16,last_posted_transaction_or_prior_closing_balance,synb1_txn_e534a4e03a6fa1d39c282573,trusted,cn_public_2022_2026_cycles_1_0,public_schedule_without_transaction_override,True,120,2024-06-26,complete
2024-06-26,84104.96,0.00,3,1657653.12,last_posted_transaction_or_prior_closing_balance,synb1_txn_95fe90141732c7d019f07e73,trusted,cn_public_2022_2026_cycles_1_0,public_schedule_without_transaction_override,True,121,2024-06-27,complete
2024-06-27,0.00,33924.47,1,1623728.65,last_posted_transaction_or_prior_closing_balance,synb1_txn_810d21c32b91fb6e1f744674,trusted,cn_public_2022_2026_cycles_1_0,public_schedule_without_transaction_override,True,122,2024-06-28,complete
2024-06-28,371.34,6.00,2,1624093.99,last_posted_transaction_or_prior_closing_balance,synb1_txn_5231d2bc5e825fbc1d611b4f,trusted,cn_public_2022_2026_cycles_1_0,public_schedule_without_transaction_override,True,123,2024-07-01,complete
2024-06-29,0.00,0.00,0,1624093.99,last_posted_transaction_or_prior_closing_balance,,trusted,cn_public_2022_2026_cycles_1_0,public_schedule_without_transaction_override,False,,,complete
2024-06-30,0.00,0.00,0,1624093.99,last_posted_transaction_or_prior_closing_balance,,trusted,cn_public_2022_2026_cycles_1_0,public_schedule_without_transaction_override,False,,,complete
2024-07-01,0.00,0.00,0,1624093.99,last_posted_transaction_or_prior_closing_balance,,trusted,cn_public_2022_2026_cycles_1_0,public_schedule_without_transaction_override,True,124,2024-07-02,complete
2024-07-02,9833.67,71745.37,2,1562182.29,last_posted_transaction_or_prior_closing_balance,synb1_txn_3bdf3860868fe233f3660e91,trusted,cn_public_2022_2026_cycles_1_0,public_schedule_without_transaction_override,True,125,2024-07-03,complete
2024-07-03,788.64,0.00,1,1562970.93,last_posted_transaction_or_prior_closing_balance,synb1_txn_5ba8fbd4fd91691e62673e49,trusted,cn_public_2022_2026_cycles_1_0,public_schedule_without_transaction_override,True,126,2024-07-04,complete
2024-07-04,41031.85,31507.11,3,1572495.67,last_posted_transaction_or_prior_closing_balance,synb1_txn_8108279c253333dc28a6be4a,trusted,cn_public_2022_2026_cycles_1_0,public_schedule_without_transaction_override,True,127,2024-07-05,complete
2024-07-05,0.00,6500.00,1,1565995.67,last_posted_transaction_or_prior_closing_balance,synb1_txn_342200195bd5387f8490c2d7,trusted,cn_public_2022_2026_cycles_1_0,public_schedule_without_transaction_override,True,128,2024-07-08,complete
2024-07-06,0.00,10212.03,2,1555783.64,last_posted_transaction_or_prior_closing_balance,synb1_txn_4494d1fc65fe75f2c59cf341,trusted,cn_public_2022_2026_cycles_1_0,public_schedule_without_transaction_override,False,,,complete
2024-07-07,4359.66,28000.00,2,1532143.30,last_posted_transaction_or_prior_closing_balance,synb1_txn_c1752115d4bb312ab9d02e6e,trusted,cn_public_2022_2026_cycles_1_0,public_schedule_without_transaction_override,False,,,complete
2024-07-08,8706.62,0.00,2,1540849.92,last_posted_transaction_or_prior_closing_balance,synb1_txn_43d724882f586c7f3ca6a1c1,trusted,cn_public_2022_2026_cycles_1_0,public_schedule_without_transaction_override,True,129,2024-07-09,complete
2024-07-09,75954.46,0.00,1,1616804.38,last_posted_transaction_or_prior_closing_balance,synb1_txn_49b34692c4f1b11d19a3b373,trusted,cn_public_2022_2026_cycles_1_0,public_schedule_without_transaction_override,True,130,2024-07-10,complete
2024-07-10,1593.72,2053.67,2,1616344.43,last_posted_transaction_or_prior_closing_balance,synb1_txn_a119de5706a8736a90da678e,trusted,cn_public_2022_2026_cycles_1_0,public_schedule_without_transaction_override,True,131,2024-07-11,complete
2024-07-11,0.00,0.00,0,1616344.43,last_posted_transaction_or_prior_closing_balance,,trusted,cn_public_2022_2026_cycles_1_0,public_schedule_without_transaction_override,True,132,2024-07-12,complete
2024-07-12,0.00,0.00,0,1616344.43,last_posted_transaction_or_prior_closing_balance,,trusted,cn_public_2022_2026_cycles_1_0,public_schedule_without_transaction_override,True,133,2024-07-15,complete
2024-07-13,0.00,0.00,0,1616344.43,last_posted_transaction_or_prior_closing_balance,,trusted,cn_public_2022_2026_cycles_1_0,public_schedule_without_transaction_override,False,,,complete
2024-07-14,23833.30,0.00,1,1640177.73,last_posted_transaction_or_prior_closing_balance,synb1_txn_9fc5e91679291d0ab0020f4c,trusted,cn_public_2022_2026_cycles_1_0,public_schedule_without_transaction_override,False,,,complete
2024-07-15,10629.61,8401.07,3,1642406.27,last_posted_transaction_or_prior_closing_balance,synb1_txn_56152ba75cbd424b92885252,trusted,cn_public_2022_2026_cycles_1_0,public_schedule_without_transaction_override,True,134,2024-07-16,complete
2024-07-16,0.00,0.00,0,1642406.27,last_posted_transaction_or_prior_closing_balance,,trusted,cn_public_2022_2026_cycles_1_0,public_schedule_without_transaction_override,True,135,2024-07-17,complete
2024-07-17,0.00,0.00,0,1642406.27,last_posted_transaction_or_prior_closing_balance,,trusted,cn_public_2022_2026_cycles_1_0,public_schedule_without_transaction_override,True,136,2024-07-18,complete
2024-07-18,27880.37,52882.28,5,1617404.36,last_posted_transaction_or_prior_closing_balance,synb1_txn_6fa91a4ea927751e1c9693fc,trusted,cn_public_2022_2026_cycles_1_0,public_schedule_without_transaction_override,True,137,2024-07-19,complete
2024-07-19,0.00,0.00,0,1617404.36,last_posted_transaction_or_prior_closing_balance,,trusted,cn_public_2022_2026_cycles_1_0,public_schedule_without_transaction_override,True,138,2024-07-22,complete
2024-07-20,48588.96,25371.36,3,1640621.96,last_posted_transaction_or_prior_closing_balance,synb1_txn_0bc9332e28962e58be0edf58,trusted,cn_public_2022_2026_cycles_1_0,public_schedule_without_transaction_override,False,,,complete
2024-07-21,0.00,0.00,0,1640621.96,last_posted_transaction_or_prior_closing_balance,,trusted,cn_public_2022_2026_cycles_1_0,public_schedule_without_transaction_override,False,,,complete
2024-07-22,0.00,0.00,0,1640621.96,last_posted_transaction_or_prior_closing_balance,,trusted,cn_public_2022_2026_cycles_1_0,public_schedule_without_transaction_override,True,139,2024-07-23,complete
2024-07-23,0.00,6196.17,1,1634425.79,last_posted_transaction_or_prior_closing_balance,synb1_txn_b8900b5a837a68ba97174b6b,trusted,cn_public_2022_2026_cycles_1_0,public_schedule_without_transaction_override,True,140,2024-07-24,complete
2024-07-24,0.00,0.00,0,1634425.79,last_posted_transaction_or_prior_closing_balance,,trusted,cn_public_2022_2026_cycles_1_0,public_schedule_without_transaction_override,True,141,2024-07-25,complete
2024-07-25,29484.67,1415.52,2,1662494.94,last_posted_transaction_or_prior_closing_balance,synb1_txn_bcc3f1098675b908c94f3550,trusted,cn_public_2022_2026_cycles_1_0,public_schedule_without_transaction_override,True,142,2024-07-26,complete
2024-07-26,0.00,0.00,0,1662494.94,last_posted_transaction_or_prior_closing_balance,,trusted,cn_public_2022_2026_cycles_1_0,public_schedule_without_transaction_override,True,143,2024-07-29,complete
2024-07-27,0.00,0.00,0,1662494.94,last_posted_transaction_or_prior_closing_balance,,trusted,cn_public_2022_2026_cycles_1_0,public_schedule_without_transaction_override,False,,,complete
2024-07-28,5576.47,0.00,1,1668071.41,last_posted_transaction_or_prior_closing_balance,synb1_txn_d3e47c73bf26ca50d8f9b787,trusted,cn_public_2022_2026_cycles_1_0,public_schedule_without_transaction_override,False,,,complete
2024-07-29,0.00,0.00,0,1668071.41,last_posted_transaction_or_prior_closing_balance,,trusted,cn_public_2022_2026_cycles_1_0,public_schedule_without_transaction_override,True,144,2024-07-30,complete
2024-07-30,0.00,0.00,0,1668071.41,last_posted_transaction_or_prior_closing_balance,,trusted,cn_public_2022_2026_cycles_1_0,public_schedule_without_transaction_override,True,145,2024-07-31,complete
2024-07-31,0.00,0.00,0,1668071.41,last_posted_transaction_or_prior_closing_balance,,trusted,cn_public_2022_2026_cycles_1_0,public_schedule_without_transaction_override,True,146,2024-08-01,complete
2024-08-01,0.00,0.00,0,1668071.41,last_posted_transaction_or_prior_closing_balance,,trusted,cn_public_2022_2026_cycles_1_0,public_schedule_without_transaction_override,True,147,2024-08-02,complete
2024-08-02,0.00,0.00,0,1668071.41,last_posted_transaction_or_prior_closing_balance,,trusted,cn_public_2022_2026_cycles_1_0,public_schedule_without_transaction_override,True,148,2024-08-05,complete
2024-08-03,15656.06,0.00,1,1683727.47,last_posted_transaction_or_prior_closing_balance,synb1_txn_bc4bc3e50fabc67723b5dc88,trusted,cn_public_2022_2026_cycles_1_0,public_schedule_without_transaction_override,False,,,complete
2024-08-04,4007.05,0.00,1,1687734.52,last_posted_transaction_or_prior_closing_balance,synb1_txn_a39c48b5c5f7a55a699f5751,trusted,cn_public_2022_2026_cycles_1_0,public_schedule_without_transaction_override,False,,,complete
2024-08-05,0.00,6500.00,1,1681234.52,last_posted_transaction_or_prior_closing_balance,synb1_txn_63e66ea637eab6ce0a4b28c5,trusted,cn_public_2022_2026_cycles_1_0,public_schedule_without_transaction_override,True,149,2024-08-06,complete
2024-08-06,0.00,11556.74,2,1669677.78,last_posted_transaction_or_prior_closing_balance,synb1_txn_74c23b1f57add1e6d8156b67,trusted,cn_public_2022_2026_cycles_1_0,public_schedule_without_transaction_override,True,150,2024-08-07,complete
2024-08-07,0.00,28000.00,1,1641677.78,last_posted_transaction_or_prior_closing_balance,synb1_txn_b94b2d0926b261a00dd38c48,trusted,cn_public_2022_2026_cycles_1_0,public_schedule_without_transaction_override,True,151,2024-08-08,complete
2024-08-08,0.00,0.00,0,1641677.78,last_posted_transaction_or_prior_closing_balance,,trusted,cn_public_2022_2026_cycles_1_0,public_schedule_without_transaction_override,True,152,2024-08-09,complete
2024-08-09,51793.85,0.00,1,1693471.63,last_posted_transaction_or_prior_closing_balance,synb1_txn_4636e0bca0ddf0aa4c7e07dd,trusted,cn_public_2022_2026_cycles_1_0,public_schedule_without_transaction_override,True,153,2024-08-12,complete
2024-08-10,3613.11,32895.11,2,1664189.63,last_posted_transaction_or_prior_closing_balance,synb1_txn_945b32dec7142e7ef89a4491,trusted,cn_public_2022_2026_cycles_1_0,public_schedule_without_transaction_override,False,,,complete
2024-08-11,27975.39,15836.98,2,1676328.04,last_posted_transaction_or_prior_closing_balance,synb1_txn_9994e4a44a4f24e9e16afa65,trusted,cn_public_2022_2026_cycles_1_0,public_schedule_without_transaction_override,False,,,complete
2024-08-12,0.00,0.00,0,1676328.04,last_posted_transaction_or_prior_closing_balance,,trusted,cn_public_2022_2026_cycles_1_0,public_schedule_without_transaction_override,True,154,2024-08-13,complete
2024-08-13,80612.89,627.36,4,1756313.57,last_posted_transaction_or_prior_closing_balance,synb1_txn_703a82a80a2efd483519f6cf,trusted,cn_public_2022_2026_cycles_1_0,public_schedule_without_transaction_override,True,155,2024-08-14,complete
2024-08-14,0.00,120732.01,1,1635581.56,last_posted_transaction_or_prior_closing_balance,synb1_txn_1aa5c6a2e857cf58b499c514,trusted,cn_public_2022_2026_cycles_1_0,public_schedule_without_transaction_override,True,156,2024-08-15,complete
2024-08-15,0.00,0.00,0,1635581.56,last_posted_transaction_or_prior_closing_balance,,trusted,cn_public_2022_2026_cycles_1_0,public_schedule_without_transaction_override,True,157,2024-08-16,complete
2024-08-16,0.00,47.68,1,1635533.88,last_posted_transaction_or_prior_closing_balance,synb1_txn_7d9379d97a7e8ad9ddc33b5b,trusted,cn_public_2022_2026_cycles_1_0,public_schedule_without_transaction_override,True,158,2024-08-19,complete
2024-08-17,0.00,0.00,0,1635533.88,last_posted_transaction_or_prior_closing_balance,,trusted,cn_public_2022_2026_cycles_1_0,public_schedule_without_transaction_override,False,,,complete
2024-08-18,0.00,0.00,0,1635533.88,last_posted_transaction_or_prior_closing_balance,,trusted,cn_public_2022_2026_cycles_1_0,public_schedule_without_transaction_override,False,,,complete
2024-08-19,0.00,5950.53,3,1629583.35,last_posted_transaction_or_prior_closing_balance,synb1_txn_4ee09db70f7fbb26f327bf70,trusted,cn_public_2022_2026_cycles_1_0,public_schedule_without_transaction_override,True,159,2024-08-20,complete
2024-08-20,0.00,0.00,0,1629583.35,last_posted_transaction_or_prior_closing_balance,,trusted,cn_public_2022_2026_cycles_1_0,public_schedule_without_transaction_override,True,160,2024-08-21,complete
2024-08-21,0.00,12055.09,1,1617528.26,last_posted_transaction_or_prior_closing_balance,synb1_txn_3df42fb32c27506cfbdad6b1,trusted,cn_public_2022_2026_cycles_1_0,public_schedule_without_transaction_override,True,161,2024-08-22,complete
2024-08-22,0.00,15346.93,1,1602181.33,last_posted_transaction_or_prior_closing_balance,synb1_txn_402e1607519b16e6182f6059,trusted,cn_public_2022_2026_cycles_1_0,public_schedule_without_transaction_override,True,162,2024-08-23,complete
2024-08-23,36902.52,0.00,1,1639083.85,last_posted_transaction_or_prior_closing_balance,synb1_txn_ac7af382ddcabab5cd21f85e,trusted,cn_public_2022_2026_cycles_1_0,public_schedule_without_transaction_override,True,163,2024-08-26,complete
2024-08-24,0.00,0.00,0,1639083.85,last_posted_transaction_or_prior_closing_balance,,trusted,cn_public_2022_2026_cycles_1_0,public_schedule_without_transaction_override,False,,,complete
2024-08-25,0.00,0.00,0,1639083.85,last_posted_transaction_or_prior_closing_balance,,trusted,cn_public_2022_2026_cycles_1_0,public_schedule_without_transaction_override,False,,,complete
2024-08-26,0.00,1037.10,2,1638046.75,last_posted_transaction_or_prior_closing_balance,synb1_txn_b45ff4352b6858adff850c76,trusted,cn_public_2022_2026_cycles_1_0,public_schedule_without_transaction_override,True,164,2024-08-27,complete
2024-08-27,57549.13,0.00,1,1695595.88,last_posted_transaction_or_prior_closing_balance,synb1_txn_54e18eb5da71cdf0510f6d9f,trusted,cn_public_2022_2026_cycles_1_0,public_schedule_without_transaction_override,True,165,2024-08-28,complete
2024-08-28,0.00,0.00,0,1695595.88,last_posted_transaction_or_prior_closing_balance,,trusted,cn_public_2022_2026_cycles_1_0,public_schedule_without_transaction_override,True,166,2024-08-29,complete
2024-08-29,0.00,0.00,0,1695595.88,last_posted_transaction_or_prior_closing_balance,,trusted,cn_public_2022_2026_cycles_1_0,public_schedule_without_transaction_override,True,167,2024-08-30,complete
2024-08-30,0.00,0.00,0,1695595.88,last_posted_transaction_or_prior_closing_balance,,trusted,cn_public_2022_2026_cycles_1_0,public_schedule_without_transaction_override,True,168,2024-09-02,complete
2024-08-31,0.00,0.00,0,1695595.88,last_posted_transaction_or_prior_closing_balance,,trusted,cn_public_2022_2026_cycles_1_0,public_schedule_without_transaction_override,False,,,complete
2024-09-01,0.00,0.00,0,1695595.88,last_posted_transaction_or_prior_closing_balance,,trusted,cn_public_2022_2026_cycles_1_0,public_schedule_without_transaction_override,False,,,complete
2024-09-02,0.00,24072.00,1,1671523.88,last_posted_transaction_or_prior_closing_balance,synb1_txn_a75dcbca988e8d5a574e908d,trusted,cn_public_2022_2026_cycles_1_0,public_schedule_without_transaction_override,True,169,2024-09-03,complete
2024-09-03,0.00,11081.76,1,1660442.12,last_posted_transaction_or_prior_closing_balance,synb1_txn_a0c9d36f2ccf9a4ace6dfc8f,trusted,cn_public_2022_2026_cycles_1_0,public_schedule_without_transaction_override,True,170,2024-09-04,complete
2024-09-04,0.00,0.00,0,1660442.12,last_posted_transaction_or_prior_closing_balance,,trusted,cn_public_2022_2026_cycles_1_0,public_schedule_without_transaction_override,True,171,2024-09-05,complete
2024-09-05,18718.02,6500.00,2,1672660.14,last_posted_transaction_or_prior_closing_balance,synb1_txn_e6e5cba34d882f2fe88b42a3,trusted,cn_public_2022_2026_cycles_1_0,public_schedule_without_transaction_override,True,172,2024-09-06,complete
2024-09-06,8507.94,46840.39,2,1634327.69,last_posted_transaction_or_prior_closing_balance,synb1_txn_0c08c4531b78f95ae44e0669,trusted,cn_public_2022_2026_cycles_1_0,public_schedule_without_transaction_override,True,173,2024-09-09,complete
2024-09-07,0.00,26500.00,1,1607827.69,last_posted_transaction_or_prior_closing_balance,synb1_txn_e595eceea814f99b5055da94,trusted,cn_public_2022_2026_cycles_1_0,public_schedule_without_transaction_override,False,,,complete
2024-09-08,254.39,0.00,1,1608082.08,last_posted_transaction_or_prior_closing_balance,synb1_txn_317abd26e68a5d6776838b1b,trusted,cn_public_2022_2026_cycles_1_0,public_schedule_without_transaction_override,False,,,complete
2024-09-09,36963.73,0.00,1,1645045.81,last_posted_transaction_or_prior_closing_balance,synb1_txn_af671c7d858f72853f3fcd71,trusted,cn_public_2022_2026_cycles_1_0,public_schedule_without_transaction_override,True,174,2024-09-10,complete
2024-09-10,0.00,0.00,0,1645045.81,last_posted_transaction_or_prior_closing_balance,,trusted,cn_public_2022_2026_cycles_1_0,public_schedule_without_transaction_override,True,175,2024-09-11,complete
2024-09-11,0.00,12020.22,1,1633025.59,last_posted_transaction_or_prior_closing_balance,synb1_txn_b5fc5dc42625eac4109da7a1,trusted,cn_public_2022_2026_cycles_1_0,public_schedule_without_transaction_override,True,176,2024-09-12,complete
2024-09-12,7233.94,0.00,1,1640259.53,last_posted_transaction_or_prior_closing_balance,synb1_txn_e09296493257f272bac0ba70,trusted,cn_public_2022_2026_cycles_1_0,public_schedule_without_transaction_override,True,177,2024-09-13,complete
2024-09-13,22966.80,35217.39,2,1628008.94,last_posted_transaction_or_prior_closing_balance,synb1_txn_793d4eafac4d7fe83801a51a,trusted,cn_public_2022_2026_cycles_1_0,public_schedule_without_transaction_override,True,178,2024-09-14,complete
2024-09-14,12606.58,0.00,1,1640615.52,last_posted_transaction_or_prior_closing_balance,synb1_txn_51ada434201cb7736b4fcd86,trusted,cn_public_2022_2026_cycles_1_0,public_schedule_without_transaction_override,True,179,2024-09-18,complete
2024-09-15,0.00,0.00,0,1640615.52,last_posted_transaction_or_prior_closing_balance,,trusted,cn_public_2022_2026_cycles_1_0,public_schedule_without_transaction_override,False,,,complete
2024-09-16,0.00,1042.52,1,1639573.00,last_posted_transaction_or_prior_closing_balance,synb1_txn_6ed26633833ac4df0bf436ab,trusted,cn_public_2022_2026_cycles_1_0,public_schedule_without_transaction_override,False,,,complete
2024-09-17,0.00,26744.84,1,1612828.16,last_posted_transaction_or_prior_closing_balance,synb1_txn_d7b26798e7bc15387101ae41,trusted,cn_public_2022_2026_cycles_1_0,public_schedule_without_transaction_override,False,,,complete
2024-09-18,0.00,14536.05,3,1598292.11,last_posted_transaction_or_prior_closing_balance,synb1_txn_e4b5989aaedd21fd006879d2,trusted,cn_public_2022_2026_cycles_1_0,public_schedule_without_transaction_override,True,180,2024-09-19,complete
2024-09-19,0.00,58100.47,1,1540191.64,last_posted_transaction_or_prior_closing_balance,synb1_txn_3977f7f758a86f6a2e168710,trusted,cn_public_2022_2026_cycles_1_0,public_schedule_without_transaction_override,True,181,2024-09-20,complete
2024-09-20,0.00,0.00,0,1540191.64,last_posted_transaction_or_prior_closing_balance,,trusted,cn_public_2022_2026_cycles_1_0,public_schedule_without_transaction_override,True,182,2024-09-23,complete
2024-09-21,74578.31,11283.53,2,1603486.42,last_posted_transaction_or_prior_closing_balance,synb1_txn_be07b837bf5ec623542ab6d0,trusted,cn_public_2022_2026_cycles_1_0,public_schedule_without_transaction_override,False,,,complete
2024-09-22,2546.23,0.00,1,1606032.65,last_posted_transaction_or_prior_closing_balance,synb1_txn_6e34e6629531d1921b925d23,trusted,cn_public_2022_2026_cycles_1_0,public_schedule_without_transaction_override,False,,,complete
2024-09-23,0.00,0.00,0,1606032.65,last_posted_transaction_or_prior_closing_balance,,trusted,cn_public_2022_2026_cycles_1_0,public_schedule_without_transaction_override,True,183,2024-09-24,complete
2024-09-24,49502.14,4457.48,2,1651077.31,last_posted_transaction_or_prior_closing_balance,synb1_txn_ecb2df62696c654666243e52,trusted,cn_public_2022_2026_cycles_1_0,public_schedule_without_transaction_override,True,184,2024-09-25,complete
2024-09-25,0.00,0.00,0,1651077.31,last_posted_transaction_or_prior_closing_balance,,trusted,cn_public_2022_2026_cycles_1_0,public_schedule_without_transaction_override,True,185,2024-09-26,complete
2024-09-26,14239.92,0.00,1,1665317.23,last_posted_transaction_or_prior_closing_balance,synb1_txn_d0f9837085201044ce8e4062,trusted,cn_public_2022_2026_cycles_1_0,public_schedule_without_transaction_override,True,186,2024-09-27,complete
2024-09-27,0.00,0.00,0,1665317.23,last_posted_transaction_or_prior_closing_balance,,trusted,cn_public_2022_2026_cycles_1_0,public_schedule_without_transaction_override,True,187,2024-09-29,complete
2024-09-28,0.00,0.00,0,1665317.23,last_posted_transaction_or_prior_closing_balance,,trusted,cn_public_2022_2026_cycles_1_0,public_schedule_without_transaction_override,False,,,complete
2024-09-29,0.00,0.00,0,1665317.23,last_posted_transaction_or_prior_closing_balance,,trusted,cn_public_2022_2026_cycles_1_0,public_schedule_without_transaction_override,True,188,2024-09-30,complete
2024-09-30,0.00,0.00,0,1665317.23,last_posted_transaction_or_prior_closing_balance,,trusted,cn_public_2022_2026_cycles_1_0,public_schedule_without_transaction_override,True,189,2024-10-08,complete
2024-10-01,0.00,0.00,0,1665317.23,last_posted_transaction_or_prior_closing_balance,,trusted,cn_public_2022_2026_cycles_1_0,public_schedule_without_transaction_override,False,,,complete
2024-10-02,66532.97,0.00,2,1731850.20,last_posted_transaction_or_prior_closing_balance,synb1_txn_6e2404fbc845e5cd9cb7d420,trusted,cn_public_2022_2026_cycles_1_0,public_schedule_without_transaction_override,False,,,complete
2024-10-03,2136.45,19113.26,2,1714873.39,last_posted_transaction_or_prior_closing_balance,synb1_txn_eadc14a09e47e36efa100cb2,trusted,cn_public_2022_2026_cycles_1_0,public_schedule_without_transaction_override,False,,,complete
2024-10-04,0.00,9419.34,2,1705454.05,last_posted_transaction_or_prior_closing_balance,synb1_txn_152ab94a2c91e881c436f3c7,trusted,cn_public_2022_2026_cycles_1_0,public_schedule_without_transaction_override,False,,,complete
2024-10-05,0.00,6500.00,1,1698954.05,last_posted_transaction_or_prior_closing_balance,synb1_txn_7f98a54d5b6917a921e2d69e,trusted,cn_public_2022_2026_cycles_1_0,public_schedule_without_transaction_override,False,,,complete
2024-10-06,80555.32,0.00,2,1779509.37,last_posted_transaction_or_prior_closing_balance,synb1_txn_03cbe4340157069e619eb5e5,trusted,cn_public_2022_2026_cycles_1_0,public_schedule_without_transaction_override,False,,,complete
2024-10-07,0.00,26500.00,1,1753009.37,last_posted_transaction_or_prior_closing_balance,synb1_txn_79dcb981ec5a492e08a2dbbb,trusted,cn_public_2022_2026_cycles_1_0,public_schedule_without_transaction_override,False,,,complete
2024-10-08,516521.22,0.00,2,2269530.59,last_posted_transaction_or_prior_closing_balance,synb1_txn_dad9fc2a99775d1b06d1b923,trusted,cn_public_2022_2026_cycles_1_0,public_schedule_without_transaction_override,True,190,2024-10-09,complete
2024-10-09,0.00,0.00,0,2269530.59,last_posted_transaction_or_prior_closing_balance,,trusted,cn_public_2022_2026_cycles_1_0,public_schedule_without_transaction_override,True,191,2024-10-10,complete
2024-10-10,0.00,11053.60,1,2258476.99,last_posted_transaction_or_prior_closing_balance,synb1_txn_98555cf35be53a8311a1373e,trusted,cn_public_2022_2026_cycles_1_0,public_schedule_without_transaction_override,True,192,2024-10-11,complete
2024-10-11,0.00,0.00,0,2258476.99,last_posted_transaction_or_prior_closing_balance,,trusted,cn_public_2022_2026_cycles_1_0,public_schedule_without_transaction_override,True,193,2024-10-12,complete
2024-10-12,0.00,198093.42,1,2060383.57,last_posted_transaction_or_prior_closing_balance,synb1_txn_402071d8e38b9fde2b7e6012,trusted,cn_public_2022_2026_cycles_1_0,public_schedule_without_transaction_override,True,194,2024-10-14,complete
2024-10-13,0.00,9465.09,2,2050918.48,last_posted_transaction_or_prior_closing_balance,synb1_txn_78c28d82e9173eaa76c4e661,trusted,cn_public_2022_2026_cycles_1_0,public_schedule_without_transaction_override,False,,,complete
2024-10-14,6862.72,0.00,1,2057781.20,last_posted_transaction_or_prior_closing_balance,synb1_txn_119b659df5a225ded8a8c17a,trusted,cn_public_2022_2026_cycles_1_0,public_schedule_without_transaction_override,True,195,2024-10-15,complete
2024-10-15,0.00,730.70,1,2057050.50,last_posted_transaction_or_prior_closing_balance,synb1_txn_3d86781f8329400b4b1a2293,trusted,cn_public_2022_2026_cycles_1_0,public_schedule_without_transaction_override,True,196,2024-10-16,complete
2024-10-16,15927.03,0.00,1,2072977.53,last_posted_transaction_or_prior_closing_balance,synb1_txn_0bd833b81b14bee33d4198ce,trusted,cn_public_2022_2026_cycles_1_0,public_schedule_without_transaction_override,True,197,2024-10-17,complete
2024-10-17,14544.41,0.00,1,2087521.94,last_posted_transaction_or_prior_closing_balance,synb1_txn_777f5eda18d4e5eab9b840b3,trusted,cn_public_2022_2026_cycles_1_0,public_schedule_without_transaction_override,True,198,2024-10-18,complete
2024-10-18,0.00,6853.07,4,2080668.87,last_posted_transaction_or_prior_closing_balance,synb1_txn_60fcc51e86b17205cfdab087,trusted,cn_public_2022_2026_cycles_1_0,public_schedule_without_transaction_override,True,199,2024-10-21,complete
2024-10-19,333.77,0.00,1,2081002.64,last_posted_transaction_or_prior_closing_balance,synb1_txn_a995be04143d51150f177556,trusted,cn_public_2022_2026_cycles_1_0,public_schedule_without_transaction_override,False,,,complete
2024-10-20,903.95,0.00,1,2081906.59,last_posted_transaction_or_prior_closing_balance,synb1_txn_c45e4378008ce44af40344af,trusted,cn_public_2022_2026_cycles_1_0,public_schedule_without_transaction_override,False,,,complete
2024-10-21,0.00,0.00,0,2081906.59,last_posted_transaction_or_prior_closing_balance,,trusted,cn_public_2022_2026_cycles_1_0,public_schedule_without_transaction_override,True,200,2024-10-22,complete
2024-10-22,5335.84,0.00,1,2087242.43,last_posted_transaction_or_prior_closing_balance,synb1_txn_7e22299f3142a56542eaa0a9,trusted,cn_public_2022_2026_cycles_1_0,public_schedule_without_transaction_override,True,201,2024-10-23,complete
2024-10-23,0.00,0.00,0,2087242.43,last_posted_transaction_or_prior_closing_balance,,trusted,cn_public_2022_2026_cycles_1_0,public_schedule_without_transaction_override,True,202,2024-10-24,complete
2024-10-24,0.00,5235.53,1,2082006.90,last_posted_transaction_or_prior_closing_balance,synb1_txn_e3d45fae7e4a846480348d98,trusted,cn_public_2022_2026_cycles_1_0,public_schedule_without_transaction_override,True,203,2024-10-25,complete
2024-10-25,0.00,0.00,0,2082006.90,last_posted_transaction_or_prior_closing_balance,,trusted,cn_public_2022_2026_cycles_1_0,public_schedule_without_transaction_override,True,204,2024-10-28,complete
2024-10-26,57266.32,2052.70,2,2137220.52,last_posted_transaction_or_prior_closing_balance,synb1_txn_743f896bd84208f8cf63ee35,trusted,cn_public_2022_2026_cycles_1_0,public_schedule_without_transaction_override,False,,,complete
2024-10-27,0.00,1689.35,1,2135531.17,last_posted_transaction_or_prior_closing_balance,synb1_txn_c6bb54b11f0a772b433598fa,trusted,cn_public_2022_2026_cycles_1_0,public_schedule_without_transaction_override,False,,,complete
2024-10-28,0.00,0.00,0,2135531.17,last_posted_transaction_or_prior_closing_balance,,trusted,cn_public_2022_2026_cycles_1_0,public_schedule_without_transaction_override,True,205,2024-10-29,complete
2024-10-29,0.00,0.00,0,2135531.17,last_posted_transaction_or_prior_closing_balance,,trusted,cn_public_2022_2026_cycles_1_0,public_schedule_without_transaction_override,True,206,2024-10-30,complete
2024-10-30,0.00,0.00,0,2135531.17,last_posted_transaction_or_prior_closing_balance,,trusted,cn_public_2022_2026_cycles_1_0,public_schedule_without_transaction_override,True,207,2024-10-31,complete
2024-10-31,0.00,0.00,0,2135531.17,last_posted_transaction_or_prior_closing_balance,,trusted,cn_public_2022_2026_cycles_1_0,public_schedule_without_transaction_override,True,208,2024-11-01,complete
2024-11-01,0.00,0.00,0,2135531.17,last_posted_transaction_or_prior_closing_balance,,trusted,cn_public_2022_2026_cycles_1_0,public_schedule_without_transaction_override,True,209,2024-11-04,complete
2024-11-02,0.00,0.00,0,2135531.17,last_posted_transaction_or_prior_closing_balance,,trusted,cn_public_2022_2026_cycles_1_0,public_schedule_without_transaction_override,False,,,complete
2024-11-03,28884.22,204.38,2,2164211.01,last_posted_transaction_or_prior_closing_balance,synb1_txn_cdebbc95cdce0de6297f7885,trusted,cn_public_2022_2026_cycles_1_0,public_schedule_without_transaction_override,False,,,complete
2024-11-04,0.00,0.00,0,2164211.01,last_posted_transaction_or_prior_closing_balance,,trusted,cn_public_2022_2026_cycles_1_0,public_schedule_without_transaction_override,True,210,2024-11-05,complete
2024-11-05,0.00,6500.00,1,2157711.01,last_posted_transaction_or_prior_closing_balance,synb1_txn_44b472c6e49b6732898a369a,trusted,cn_public_2022_2026_cycles_1_0,public_schedule_without_transaction_override,True,211,2024-11-06,complete
2024-11-06,15370.52,0.00,1,2173081.53,last_posted_transaction_or_prior_closing_balance,synb1_txn_03d3209fffc2c137e36b7100,trusted,cn_public_2022_2026_cycles_1_0,public_schedule_without_transaction_override,True,212,2024-11-07,complete
2024-11-07,72665.67,27053.53,5,2218693.67,last_posted_transaction_or_prior_closing_balance,synb1_txn_12b2f561c4e60792bf54f17a,trusted,cn_public_2022_2026_cycles_1_0,public_schedule_without_transaction_override,True,213,2024-11-08,complete
2024-11-08,2114.22,3360.51,2,2217447.38,last_posted_transaction_or_prior_closing_balance,synb1_txn_ae62753c3bdbca38c72f173d,trusted,cn_public_2022_2026_cycles_1_0,public_schedule_without_transaction_override,True,214,2024-11-11,complete
2024-11-09,13828.93,0.00,2,2231276.31,last_posted_transaction_or_prior_closing_balance,synb1_txn_6c74f171b249b1ee8461d8d9,trusted,cn_public_2022_2026_cycles_1_0,public_schedule_without_transaction_override,False,,,complete
2024-11-10,0.00,2571.37,1,2228704.94,last_posted_transaction_or_prior_closing_balance,synb1_txn_95a782e4845d2291529cbe6f,trusted,cn_public_2022_2026_cycles_1_0,public_schedule_without_transaction_override,False,,,complete
2024-11-11,1436.80,27876.88,2,2202264.86,last_posted_transaction_or_prior_closing_balance,synb1_txn_be08f85f759ef185fc15a12a,trusted,cn_public_2022_2026_cycles_1_0,public_schedule_without_transaction_override,True,215,2024-11-12,complete
2024-11-12,3827.67,47535.52,2,2158557.01,last_posted_transaction_or_prior_closing_balance,synb1_txn_6c562dcae69d926ccb6eed51,trusted,cn_public_2022_2026_cycles_1_0,public_schedule_without_transaction_override,True,216,2024-11-13,complete
2024-11-13,0.00,0.00,0,2158557.01,last_posted_transaction_or_prior_closing_balance,,trusted,cn_public_2022_2026_cycles_1_0,public_schedule_without_transaction_override,True,217,2024-11-14,complete
2024-11-14,24547.15,51056.48,2,2132047.68,last_posted_transaction_or_prior_closing_balance,synb1_txn_df2e5c4dd02a54fa1c0452d9,trusted,cn_public_2022_2026_cycles_1_0,public_schedule_without_transaction_override,True,218,2024-11-15,complete
2024-11-15,0.00,0.00,0,2132047.68,last_posted_transaction_or_prior_closing_balance,,trusted,cn_public_2022_2026_cycles_1_0,public_schedule_without_transaction_override,True,219,2024-11-18,complete
2024-11-16,0.00,0.00,0,2132047.68,last_posted_transaction_or_prior_closing_balance,,trusted,cn_public_2022_2026_cycles_1_0,public_schedule_without_transaction_override,False,,,complete
2024-11-17,0.00,0.00,0,2132047.68,last_posted_transaction_or_prior_closing_balance,,trusted,cn_public_2022_2026_cycles_1_0,public_schedule_without_transaction_override,False,,,complete
2024-11-18,0.00,9308.64,3,2122739.04,last_posted_transaction_or_prior_closing_balance,synb1_txn_f161fcff98db54fc26385e58,trusted,cn_public_2022_2026_cycles_1_0,public_schedule_without_transaction_override,True,220,2024-11-19,complete
2024-11-19,0.00,0.00,0,2122739.04,last_posted_transaction_or_prior_closing_balance,,trusted,cn_public_2022_2026_cycles_1_0,public_schedule_without_transaction_override,True,221,2024-11-20,complete
2024-11-20,0.00,0.00,0,2122739.04,last_posted_transaction_or_prior_closing_balance,,trusted,cn_public_2022_2026_cycles_1_0,public_schedule_without_transaction_override,True,222,2024-11-21,complete
2024-11-21,0.00,0.00,0,2122739.04,last_posted_transaction_or_prior_closing_balance,,trusted,cn_public_2022_2026_cycles_1_0,public_schedule_without_transaction_override,True,223,2024-11-22,complete
2024-11-22,0.00,0.00,0,2122739.04,last_posted_transaction_or_prior_closing_balance,,trusted,cn_public_2022_2026_cycles_1_0,public_schedule_without_transaction_override,True,224,2024-11-25,complete
2024-11-23,0.00,0.00,0,2122739.04,last_posted_transaction_or_prior_closing_balance,,trusted,cn_public_2022_2026_cycles_1_0,public_schedule_without_transaction_override,False,,,complete
2024-11-24,58315.62,1381.58,2,2179673.08,last_posted_transaction_or_prior_closing_balance,synb1_txn_82794713402a9314bfacc30b,trusted,cn_public_2022_2026_cycles_1_0,public_schedule_without_transaction_override,False,,,complete
2024-11-25,0.00,0.00,0,2179673.08,last_posted_transaction_or_prior_closing_balance,,trusted,cn_public_2022_2026_cycles_1_0,public_schedule_without_transaction_override,True,225,2024-11-26,complete
2024-11-26,38339.20,0.00,1,2218012.28,last_posted_transaction_or_prior_closing_balance,synb1_txn_2c3a5a98100198c46dfa070b,trusted,cn_public_2022_2026_cycles_1_0,public_schedule_without_transaction_override,True,226,2024-11-27,complete
2024-11-27,0.00,28748.03,2,2189264.25,last_posted_transaction_or_prior_closing_balance,synb1_txn_1b2df78461830bc99cf5f0ff,trusted,cn_public_2022_2026_cycles_1_0,public_schedule_without_transaction_override,True,227,2024-11-28,complete
2024-11-28,0.00,0.00,0,2189264.25,last_posted_transaction_or_prior_closing_balance,,trusted,cn_public_2022_2026_cycles_1_0,public_schedule_without_transaction_override,True,228,2024-11-29,complete
2024-11-29,0.00,0.00,0,2189264.25,last_posted_transaction_or_prior_closing_balance,,trusted,cn_public_2022_2026_cycles_1_0,public_schedule_without_transaction_override,True,229,2024-12-02,complete
2024-11-30,0.00,0.00,0,2189264.25,last_posted_transaction_or_prior_closing_balance,,trusted,cn_public_2022_2026_cycles_1_0,public_schedule_without_transaction_override,False,,,complete
2024-12-01,0.00,0.00,0,2189264.25,last_posted_transaction_or_prior_closing_balance,,trusted,cn_public_2022_2026_cycles_1_0,public_schedule_without_transaction_override,False,,,complete
2024-12-02,0.00,0.00,0,2189264.25,last_posted_transaction_or_prior_closing_balance,,trusted,cn_public_2022_2026_cycles_1_0,public_schedule_without_transaction_override,True,230,2024-12-03,complete
2024-12-03,0.00,0.00,0,2189264.25,last_posted_transaction_or_prior_closing_balance,,trusted,cn_public_2022_2026_cycles_1_0,public_schedule_without_transaction_override,True,231,2024-12-04,complete
2024-12-04,20999.31,0.00,3,2210263.56,last_posted_transaction_or_prior_closing_balance,synb1_txn_ce7e0ce359c311488d0a74f1,trusted,cn_public_2022_2026_cycles_1_0,public_schedule_without_transaction_override,True,232,2024-12-05,complete
2024-12-05,0.00,6970.85,2,2203292.71,last_posted_transaction_or_prior_closing_balance,synb1_txn_a9ee0b988b1c49d80f13cd44,trusted,cn_public_2022_2026_cycles_1_0,public_schedule_without_transaction_override,True,233,2024-12-06,complete
2024-12-06,0.00,0.00,0,2203292.71,last_posted_transaction_or_prior_closing_balance,,trusted,cn_public_2022_2026_cycles_1_0,public_schedule_without_transaction_override,True,234,2024-12-09,complete
2024-12-07,0.00,42433.47,2,2160859.24,last_posted_transaction_or_prior_closing_balance,synb1_txn_7d34d6fdc4350437be80d7f8,trusted,cn_public_2022_2026_cycles_1_0,public_schedule_without_transaction_override,False,,,complete
2024-12-08,0.00,0.00,0,2160859.24,last_posted_transaction_or_prior_closing_balance,,trusted,cn_public_2022_2026_cycles_1_0,public_schedule_without_transaction_override,False,,,complete
2024-12-09,0.00,41867.83,1,2118991.41,last_posted_transaction_or_prior_closing_balance,synb1_txn_f0037ea381cbfc27a537508d,trusted,cn_public_2022_2026_cycles_1_0,public_schedule_without_transaction_override,True,235,2024-12-10,complete
2024-12-10,3143.84,0.00,1,2122135.25,last_posted_transaction_or_prior_closing_balance,synb1_txn_54e17e931753073b9263fc38,trusted,cn_public_2022_2026_cycles_1_0,public_schedule_without_transaction_override,True,236,2024-12-11,complete
2024-12-11,0.00,0.00,0,2122135.25,last_posted_transaction_or_prior_closing_balance,,trusted,cn_public_2022_2026_cycles_1_0,public_schedule_without_transaction_override,True,237,2024-12-12,complete
2024-12-12,26382.52,0.00,1,2148517.77,last_posted_transaction_or_prior_closing_balance,synb1_txn_2140f9bf3b7861904255a5d7,trusted,cn_public_2022_2026_cycles_1_0,public_schedule_without_transaction_override,True,238,2024-12-13,complete
2024-12-13,0.00,0.00,0,2148517.77,last_posted_transaction_or_prior_closing_balance,,trusted,cn_public_2022_2026_cycles_1_0,public_schedule_without_transaction_override,True,239,2024-12-16,complete
2024-12-14,0.00,25839.42,1,2122678.35,last_posted_transaction_or_prior_closing_balance,synb1_txn_13ed34b6bdbae1e371c41b8f,trusted,cn_public_2022_2026_cycles_1_0,public_schedule_without_transaction_override,False,,,complete
2024-12-15,0.00,0.00,0,2122678.35,last_posted_transaction_or_prior_closing_balance,,trusted,cn_public_2022_2026_cycles_1_0,public_schedule_without_transaction_override,False,,,complete
2024-12-16,51911.15,0.00,1,2174589.50,last_posted_transaction_or_prior_closing_balance,synb1_txn_c9f833c6f179dcc05570fbaf,trusted,cn_public_2022_2026_cycles_1_0,public_schedule_without_transaction_override,True,240,2024-12-17,complete
2024-12-17,0.00,224.01,1,2174365.49,last_posted_transaction_or_prior_closing_balance,synb1_txn_218d1ecc480722c0dd3defd2,trusted,cn_public_2022_2026_cycles_1_0,public_schedule_without_transaction_override,True,241,2024-12-18,complete
2024-12-18,973.17,1792.00,3,2173546.66,last_posted_transaction_or_prior_closing_balance,synb1_txn_6c56277ff5ff795fa0fd5870,trusted,cn_public_2022_2026_cycles_1_0,public_schedule_without_transaction_override,True,242,2024-12-19,complete
2024-12-19,0.00,62075.69,1,2111470.97,last_posted_transaction_or_prior_closing_balance,synb1_txn_fe6176dfe6f35b6c6e6b7b41,trusted,cn_public_2022_2026_cycles_1_0,public_schedule_without_transaction_override,True,243,2024-12-20,complete
2024-12-20,56088.77,0.00,2,2167559.74,last_posted_transaction_or_prior_closing_balance,synb1_txn_b11e763320947971aca30937,trusted,cn_public_2022_2026_cycles_1_0,public_schedule_without_transaction_override,True,244,2024-12-23,complete
2024-12-21,0.00,19862.52,2,2147697.22,last_posted_transaction_or_prior_closing_balance,synb1_txn_ecabc55137a44fe6e6e6ac6b,trusted,cn_public_2022_2026_cycles_1_0,public_schedule_without_transaction_override,False,,,complete
2024-12-22,0.00,0.00,0,2147697.22,last_posted_transaction_or_prior_closing_balance,,trusted,cn_public_2022_2026_cycles_1_0,public_schedule_without_transaction_override,False,,,complete
2024-12-23,5868.97,21045.30,2,2132520.89,last_posted_transaction_or_prior_closing_balance,synb1_txn_f55d6366cfe3caea91664b86,trusted,cn_public_2022_2026_cycles_1_0,public_schedule_without_transaction_override,True,245,2024-12-24,complete
2024-12-24,23613.70,0.00,2,2156134.59,last_posted_transaction_or_prior_closing_balance,synb1_txn_8f9dd2f815e50428cdaa7fbc,trusted,cn_public_2022_2026_cycles_1_0,public_schedule_without_transaction_override,True,246,2024-12-25,complete
2024-12-25,0.00,16554.17,3,2139580.42,last_posted_transaction_or_prior_closing_balance,synb1_txn_e7b65fa3f6153b3edc26b087,trusted,cn_public_2022_2026_cycles_1_0,public_schedule_without_transaction_override,True,247,2024-12-26,complete
2024-12-26,31858.57,11336.98,2,2160102.01,last_posted_transaction_or_prior_closing_balance,synb1_txn_5fc4f00c2944a66322582761,trusted,cn_public_2022_2026_cycles_1_0,public_schedule_without_transaction_override,True,248,2024-12-27,complete
2024-12-27,0.00,0.00,0,2160102.01,last_posted_transaction_or_prior_closing_balance,,trusted,cn_public_2022_2026_cycles_1_0,public_schedule_without_transaction_override,True,249,2024-12-30,complete
2024-12-28,0.00,0.00,0,2160102.01,last_posted_transaction_or_prior_closing_balance,,trusted,cn_public_2022_2026_cycles_1_0,public_schedule_without_transaction_override,False,,,complete
2024-12-29,0.00,0.00,0,2160102.01,last_posted_transaction_or_prior_closing_balance,,trusted,cn_public_2022_2026_cycles_1_0,public_schedule_without_transaction_override,False,,,complete
2024-12-30,0.00,0.00,0,2160102.01,last_posted_transaction_or_prior_closing_balance,,trusted,cn_public_2022_2026_cycles_1_0,public_schedule_without_transaction_override,True,250,2024-12-31,complete
2024-12-31,0.00,0.00,0,2160102.01,last_posted_transaction_or_prior_closing_balance,,trusted,cn_public_2022_2026_cycles_1_0,public_schedule_without_transaction_override,True,251,2025-01-02,complete
2025-01-01,0.00,0.00,0,2160102.01,last_posted_transaction_or_prior_closing_balance,,trusted,cn_public_2022_2026_cycles_1_0,public_schedule_without_transaction_override,False,,,complete
2025-01-02,0.00,6172.95,1,2153929.06,last_posted_transaction_or_prior_closing_balance,synb1_txn_643281948843a4e3054951a0,trusted,cn_public_2022_2026_cycles_1_0,public_schedule_without_transaction_override,True,252,2025-01-03,complete
2025-01-03,0.00,0.00,0,2153929.06,last_posted_transaction_or_prior_closing_balance,,trusted,cn_public_2022_2026_cycles_1_0,public_schedule_without_transaction_override,True,253,2025-01-06,complete
2025-01-04,0.00,0.00,0,2153929.06,last_posted_transaction_or_prior_closing_balance,,trusted,cn_public_2022_2026_cycles_1_0,public_schedule_without_transaction_override,False,,,complete
2025-01-05,0.00,6500.00,1,2147429.06,last_posted_transaction_or_prior_closing_balance,synb1_txn_be143ca672b1968983fb1243,trusted,cn_public_2022_2026_cycles_1_0,public_schedule_without_transaction_override,False,,,complete
2025-01-06,0.00,0.00,0,2147429.06,last_posted_transaction_or_prior_closing_balance,,trusted,cn_public_2022_2026_cycles_1_0,public_schedule_without_transaction_override,True,254,2025-01-07,complete
2025-01-07,41851.65,26500.00,3,2162780.71,last_posted_transaction_or_prior_closing_balance,synb1_txn_0c7ff1278e132f888e5faaae,trusted,cn_public_2022_2026_cycles_1_0,public_schedule_without_transaction_override,True,255,2025-01-08,complete
2025-01-08,0.00,3598.02,1,2159182.69,last_posted_transaction_or_prior_closing_balance,synb1_txn_d7c785d6c35b9baaf85cdc51,trusted,cn_public_2022_2026_cycles_1_0,public_schedule_without_transaction_override,True,256,2025-01-09,complete
2025-01-09,55278.90,33677.20,3,2180784.39,last_posted_transaction_or_prior_closing_balance,synb1_txn_5b623e6f318d222e381153c6,trusted,cn_public_2022_2026_cycles_1_0,public_schedule_without_transaction_override,True,257,2025-01-10,complete
2025-01-10,0.00,0.00,0,2180784.39,last_posted_transaction_or_prior_closing_balance,,trusted,cn_public_2022_2026_cycles_1_0,public_schedule_without_transaction_override,True,258,2025-01-13,complete
2025-01-11,0.00,2307.32,1,2178477.07,last_posted_transaction_or_prior_closing_balance,synb1_txn_964b03e553ae0854319eaad1,trusted,cn_public_2022_2026_cycles_1_0,public_schedule_without_transaction_override,False,,,complete
2025-01-12,16840.47,37515.64,2,2157801.90,last_posted_transaction_or_prior_closing_balance,synb1_txn_20f4da15f5eb7cea9a277b72,trusted,cn_public_2022_2026_cycles_1_0,public_schedule_without_transaction_override,False,,,complete
2025-01-13,0.00,0.00,0,2157801.90,last_posted_transaction_or_prior_closing_balance,,trusted,cn_public_2022_2026_cycles_1_0,public_schedule_without_transaction_override,True,259,2025-01-14,complete
2025-01-14,2356.12,0.00,1,2160158.02,last_posted_transaction_or_prior_closing_balance,synb1_txn_1642045cb86098dd57a80e62,trusted,cn_public_2022_2026_cycles_1_0,public_schedule_without_transaction_override,True,260,2025-01-15,complete
2025-01-15,45317.69,0.00,1,2205475.71,last_posted_transaction_or_prior_closing_balance,synb1_txn_dc4e934915b76287e7f56060,trusted,cn_public_2022_2026_cycles_1_0,public_schedule_without_transaction_override,True,261,2025-01-16,complete
2025-01-16,7316.91,1112.12,4,2211680.50,last_posted_transaction_or_prior_closing_balance,synb1_txn_9728701e660ef273e2e40270,trusted,cn_public_2022_2026_cycles_1_0,public_schedule_without_transaction_override,True,262,2025-01-17,complete
2025-01-17,0.00,8469.31,2,2203211.19,last_posted_transaction_or_prior_closing_balance,synb1_txn_32880f0155d73c0c805059c5,trusted,cn_public_2022_2026_cycles_1_0,public_schedule_without_transaction_override,True,263,2025-01-20,complete
2025-01-18,0.00,0.00,0,2203211.19,last_posted_transaction_or_prior_closing_balance,,trusted,cn_public_2022_2026_cycles_1_0,public_schedule_without_transaction_override,False,,,complete
2025-01-19,11440.12,226.55,2,2214424.76,last_posted_transaction_or_prior_closing_balance,synb1_txn_13a5a832e3d6ea2bf2a572c1,trusted,cn_public_2022_2026_cycles_1_0,public_schedule_without_transaction_override,False,,,complete
2025-01-20,38.77,30655.70,5,2183807.83,last_posted_transaction_or_prior_closing_balance,synb1_txn_39ff91226e5f4b0973b4303d,trusted,cn_public_2022_2026_cycles_1_0,public_schedule_without_transaction_override,True,264,2025-01-21,complete
2025-01-21,0.00,38849.53,1,2144958.30,last_posted_transaction_or_prior_closing_balance,synb1_txn_4a673f93f8190731f4c714cc,trusted,cn_public_2022_2026_cycles_1_0,public_schedule_without_transaction_override,True,265,2025-01-22,complete
2025-01-22,0.00,0.00,0,2144958.30,last_posted_transaction_or_prior_closing_balance,,trusted,cn_public_2022_2026_cycles_1_0,public_schedule_without_transaction_override,True,266,2025-01-23,complete
2025-01-23,0.00,0.00,0,2144958.30,last_posted_transaction_or_prior_closing_balance,,trusted,cn_public_2022_2026_cycles_1_0,public_schedule_without_transaction_override,True,267,2025-01-24,complete
2025-01-24,0.00,0.00,0,2144958.30,last_posted_transaction_or_prior_closing_balance,,trusted,cn_public_2022_2026_cycles_1_0,public_schedule_without_transaction_override,True,268,2025-01-26,complete
2025-01-25,0.00,0.00,0,2144958.30,last_posted_transaction_or_prior_closing_balance,,trusted,cn_public_2022_2026_cycles_1_0,public_schedule_without_transaction_override,False,,,complete
2025-01-26,0.00,17431.79,1,2127526.51,last_posted_transaction_or_prior_closing_balance,synb1_txn_205cd2943332b4cc870d7262,trusted,cn_public_2022_2026_cycles_1_0,public_schedule_without_transaction_override,True,269,2025-01-27,complete
2025-01-27,63192.76,0.00,1,2190719.27,last_posted_transaction_or_prior_closing_balance,synb1_txn_f97a71a56b1246047633b801,trusted,cn_public_2022_2026_cycles_1_0,public_schedule_without_transaction_override,True,270,2025-02-05,complete
2025-01-28,3596.61,0.00,1,2194315.88,last_posted_transaction_or_prior_closing_balance,synb1_txn_9979f99c36084916dfc2aed3,trusted,cn_public_2022_2026_cycles_1_0,public_schedule_without_transaction_override,False,,,complete
2025-01-29,0.00,0.00,0,2194315.88,last_posted_transaction_or_prior_closing_balance,,trusted,cn_public_2022_2026_cycles_1_0,public_schedule_without_transaction_override,False,,,complete
2025-01-30,0.00,0.00,0,2194315.88,last_posted_transaction_or_prior_closing_balance,,trusted,cn_public_2022_2026_cycles_1_0,public_schedule_without_transaction_override,False,,,complete
2025-01-31,0.00,0.00,0,2194315.88,last_posted_transaction_or_prior_closing_balance,,trusted,cn_public_2022_2026_cycles_1_0,public_schedule_without_transaction_override,False,,,complete
2025-02-01,0.00,0.00,0,2194315.88,last_posted_transaction_or_prior_closing_balance,,trusted,cn_public_2022_2026_cycles_1_0,public_schedule_without_transaction_override,False,,,complete
2025-02-02,0.00,0.00,0,2194315.88,last_posted_transaction_or_prior_closing_balance,,trusted,cn_public_2022_2026_cycles_1_0,public_schedule_without_transaction_override,False,,,complete
2025-02-03,0.00,1129.52,1,2193186.36,last_posted_transaction_or_prior_closing_balance,synb1_txn_0927c351db55563057583152,trusted,cn_public_2022_2026_cycles_1_0,public_schedule_without_transaction_override,False,,,complete
2025-02-04,0.00,958.69,1,2192227.67,last_posted_transaction_or_prior_closing_balance,synb1_txn_24844ebb2067f175dd39d86a,trusted,cn_public_2022_2026_cycles_1_0,public_schedule_without_transaction_override,False,,,complete
2025-02-05,85662.86,21853.28,8,2256037.25,last_posted_transaction_or_prior_closing_balance,synb1_txn_9bdd0fb59715a36fcfe91255,trusted,cn_public_2022_2026_cycles_1_0,public_schedule_without_transaction_override,True,271,2025-02-06,complete
2025-02-06,31740.45,2710.25,3,2285067.45,last_posted_transaction_or_prior_closing_balance,synb1_txn_b5aafb90c31d06d0ffb35641,trusted,cn_public_2022_2026_cycles_1_0,public_schedule_without_transaction_override,True,272,2025-02-07,complete
2025-02-07,0.00,26500.00,1,2258567.45,last_posted_transaction_or_prior_closing_balance,synb1_txn_3ddf19ae30eedb0eec07a0a6,trusted,cn_public_2022_2026_cycles_1_0,public_schedule_without_transaction_override,True,273,2025-02-08,complete
2025-02-08,5447.52,0.00,2,2264014.97,last_posted_transaction_or_prior_closing_balance,synb1_txn_1eaaef6aa876e5431b48c258,trusted,cn_public_2022_2026_cycles_1_0,public_schedule_without_transaction_override,True,274,2025-02-10,complete
2025-02-09,0.00,0.00,0,2264014.97,last_posted_transaction_or_prior_closing_balance,,trusted,cn_public_2022_2026_cycles_1_0,public_schedule_without_transaction_override,False,,,complete
2025-02-10,9043.71,0.00,1,2273058.68,last_posted_transaction_or_prior_closing_balance,synb1_txn_6dfe6ee0a6a1eb4e12c0a0bc,trusted,cn_public_2022_2026_cycles_1_0,public_schedule_without_transaction_override,True,275,2025-02-11,complete
2025-02-11,0.00,21585.63,3,2251473.05,last_posted_transaction_or_prior_closing_balance,synb1_txn_1a0cb813f63003cb9804d4e0,trusted,cn_public_2022_2026_cycles_1_0,public_schedule_without_transaction_override,True,276,2025-02-12,complete
2025-02-12,34148.00,0.00,1,2285621.05,last_posted_transaction_or_prior_closing_balance,synb1_txn_d62ad86044d8075b8dca76e5,trusted,cn_public_2022_2026_cycles_1_0,public_schedule_without_transaction_override,True,277,2025-02-13,complete
2025-02-13,19943.13,0.00,1,2305564.18,last_posted_transaction_or_prior_closing_balance,synb1_txn_8da045a3dcc91741b729b9e0,trusted,cn_public_2022_2026_cycles_1_0,public_schedule_without_transaction_override,True,278,2025-02-14,complete
2025-02-14,0.00,4395.13,1,2301169.05,last_posted_transaction_or_prior_closing_balance,synb1_txn_717a2a7821e7c1b520b48e9a,trusted,cn_public_2022_2026_cycles_1_0,public_schedule_without_transaction_override,True,279,2025-02-17,complete
2025-02-15,53564.03,0.00,1,2354733.08,last_posted_transaction_or_prior_closing_balance,synb1_txn_7ca00dc0282e762622bcca15,trusted,cn_public_2022_2026_cycles_1_0,public_schedule_without_transaction_override,False,,,complete
2025-02-16,0.00,0.00,0,2354733.08,last_posted_transaction_or_prior_closing_balance,,trusted,cn_public_2022_2026_cycles_1_0,public_schedule_without_transaction_override,False,,,complete
2025-02-17,0.00,88400.58,1,2266332.50,last_posted_transaction_or_prior_closing_balance,synb1_txn_5caab4187f9147f3642acb0b,trusted,cn_public_2022_2026_cycles_1_0,public_schedule_without_transaction_override,True,280,2025-02-18,complete
2025-02-18,0.00,2112.32,2,2264220.18,last_posted_transaction_or_prior_closing_balance,synb1_txn_4ea0a792b0643cd5fd8dcfa4,trusted,cn_public_2022_2026_cycles_1_0,public_schedule_without_transaction_override,True,281,2025-02-19,complete
2025-02-19,6726.97,0.00,1,2270947.15,last_posted_transaction_or_prior_closing_balance,synb1_txn_3f40eb801d75f78505292382,trusted,cn_public_2022_2026_cycles_1_0,public_schedule_without_transaction_override,True,282,2025-02-20,complete
2025-02-20,0.00,0.00,0,2270947.15,last_posted_transaction_or_prior_closing_balance,,trusted,cn_public_2022_2026_cycles_1_0,public_schedule_without_transaction_override,True,283,2025-02-21,complete
2025-02-21,283.33,3438.59,2,2267791.89,last_posted_transaction_or_prior_closing_balance,synb1_txn_8d3bee0decdab8cf325e7ff8,trusted,cn_public_2022_2026_cycles_1_0,public_schedule_without_transaction_override,True,284,2025-02-24,complete
2025-02-22,0.00,2140.93,1,2265650.96,last_posted_transaction_or_prior_closing_balance,synb1_txn_6a1deab95acd64c2511d6d36,trusted,cn_public_2022_2026_cycles_1_0,public_schedule_without_transaction_override,False,,,complete
2025-02-23,0.00,0.00,0,2265650.96,last_posted_transaction_or_prior_closing_balance,,trusted,cn_public_2022_2026_cycles_1_0,public_schedule_without_transaction_override,False,,,complete
2025-02-24,0.00,90269.99,1,2175380.97,last_posted_transaction_or_prior_closing_balance,synb1_txn_5f5ae5757f9c790df2c15486,trusted,cn_public_2022_2026_cycles_1_0,public_schedule_without_transaction_override,True,285,2025-02-25,complete
2025-02-25,0.00,0.00,0,2175380.97,last_posted_transaction_or_prior_closing_balance,,trusted,cn_public_2022_2026_cycles_1_0,public_schedule_without_transaction_override,True,286,2025-02-26,complete
2025-02-26,0.00,0.00,0,2175380.97,last_posted_transaction_or_prior_closing_balance,,trusted,cn_public_2022_2026_cycles_1_0,public_schedule_without_transaction_override,True,287,2025-02-27,complete
2025-02-27,0.00,3477.97,1,2171903.00,last_posted_transaction_or_prior_closing_balance,synb1_txn_78b87501a9428ed6ba44e079,trusted,cn_public_2022_2026_cycles_1_0,public_schedule_without_transaction_override,True,288,2025-02-28,complete
2025-02-28,0.00,0.00,0,2171903.00,last_posted_transaction_or_prior_closing_balance,,trusted,cn_public_2022_2026_cycles_1_0,public_schedule_without_transaction_override,True,289,2025-03-03,complete
2025-03-01,0.00,0.00,0,2171903.00,last_posted_transaction_or_prior_closing_balance,,trusted,cn_public_2022_2026_cycles_1_0,public_schedule_without_transaction_override,False,,,complete
2025-03-02,26840.49,0.00,2,2198743.49,last_posted_transaction_or_prior_closing_balance,synb1_txn_bb6320243957398f73aa2152,trusted,cn_public_2022_2026_cycles_1_0,public_schedule_without_transaction_override,False,,,complete
2025-03-03,0.00,2066.78,1,2196676.71,last_posted_transaction_or_prior_closing_balance,synb1_txn_a9f8b1107566e5aa2792cd78,trusted,cn_public_2022_2026_cycles_1_0,public_schedule_without_transaction_override,True,290,2025-03-04,complete
2025-03-04,0.00,0.00,0,2196676.71,last_posted_transaction_or_prior_closing_balance,,trusted,cn_public_2022_2026_cycles_1_0,public_schedule_without_transaction_override,True,291,2025-03-05,complete
2025-03-05,0.00,6500.00,1,2190176.71,last_posted_transaction_or_prior_closing_balance,synb1_txn_6e7186a6cfb95ebc8ef5a2b9,trusted,cn_public_2022_2026_cycles_1_0,public_schedule_without_transaction_override,True,292,2025-03-06,complete
2025-03-06,0.00,0.00,0,2190176.71,last_posted_transaction_or_prior_closing_balance,,trusted,cn_public_2022_2026_cycles_1_0,public_schedule_without_transaction_override,True,293,2025-03-07,complete
2025-03-07,0.00,26500.00,1,2163676.71,last_posted_transaction_or_prior_closing_balance,synb1_txn_2d0eb13e0478dd1253b8ad6e,trusted,cn_public_2022_2026_cycles_1_0,public_schedule_without_transaction_override,True,294,2025-03-10,complete
2025-03-08,85522.86,0.00,3,2249199.57,last_posted_transaction_or_prior_closing_balance,synb1_txn_c8ce78ccc5da712b51c6c2e4,trusted,cn_public_2022_2026_cycles_1_0,public_schedule_without_transaction_override,False,,,complete
2025-03-09,15752.46,0.00,1,2264952.03,last_posted_transaction_or_prior_closing_balance,synb1_txn_29748daff2a6f0ff179eaa8f,trusted,cn_public_2022_2026_cycles_1_0,public_schedule_without_transaction_override,False,,,complete
2025-03-10,89293.96,91472.38,2,2262773.61,last_posted_transaction_or_prior_closing_balance,synb1_txn_6367e14db384d8a50ea9927e,trusted,cn_public_2022_2026_cycles_1_0,public_schedule_without_transaction_override,True,295,2025-03-11,complete
2025-03-11,19238.90,0.00,1,2282012.51,last_posted_transaction_or_prior_closing_balance,synb1_txn_6c407b29859d6434cfaeeda6,trusted,cn_public_2022_2026_cycles_1_0,public_schedule_without_transaction_override,True,296,2025-03-12,complete
2025-03-12,0.00,0.00,0,2282012.51,last_posted_transaction_or_prior_closing_balance,,trusted,cn_public_2022_2026_cycles_1_0,public_schedule_without_transaction_override,True,297,2025-03-13,complete
2025-03-13,0.00,5176.77,1,2276835.74,last_posted_transaction_or_prior_closing_balance,synb1_txn_1c91fd9f562a8bfdd34e857f,trusted,cn_public_2022_2026_cycles_1_0,public_schedule_without_transaction_override,True,298,2025-03-14,complete
2025-03-14,0.00,0.00,0,2276835.74,last_posted_transaction_or_prior_closing_balance,,trusted,cn_public_2022_2026_cycles_1_0,public_schedule_without_transaction_override,True,299,2025-03-17,complete
2025-03-15,0.00,49987.35,1,2226848.39,last_posted_transaction_or_prior_closing_balance,synb1_txn_d00c5d14729fa5d542365ee7,trusted,cn_public_2022_2026_cycles_1_0,public_schedule_without_transaction_override,False,,,complete
2025-03-16,0.00,0.00,0,2226848.39,last_posted_transaction_or_prior_closing_balance,,trusted,cn_public_2022_2026_cycles_1_0,public_schedule_without_transaction_override,False,,,complete
2025-03-17,0.00,0.00,0,2226848.39,last_posted_transaction_or_prior_closing_balance,,trusted,cn_public_2022_2026_cycles_1_0,public_schedule_without_transaction_override,True,300,2025-03-18,complete
2025-03-18,0.00,8126.37,3,2218722.02,last_posted_transaction_or_prior_closing_balance,synb1_txn_c1dc6e52f379288896887d88,trusted,cn_public_2022_2026_cycles_1_0,public_schedule_without_transaction_override,True,301,2025-03-19,complete
2025-03-19,0.00,0.00,0,2218722.02,last_posted_transaction_or_prior_closing_balance,,trusted,cn_public_2022_2026_cycles_1_0,public_schedule_without_transaction_override,True,302,2025-03-20,complete
2025-03-20,0.00,2862.14,1,2215859.88,last_posted_transaction_or_prior_closing_balance,synb1_txn_defa763fca428a5696cd1a05,trusted,cn_public_2022_2026_cycles_1_0,public_schedule_without_transaction_override,True,303,2025-03-21,complete
2025-03-21,0.00,0.00,0,2215859.88,last_posted_transaction_or_prior_closing_balance,,trusted,cn_public_2022_2026_cycles_1_0,public_schedule_without_transaction_override,True,304,2025-03-24,complete
2025-03-22,0.00,0.00,0,2215859.88,last_posted_transaction_or_prior_closing_balance,,trusted,cn_public_2022_2026_cycles_1_0,public_schedule_without_transaction_override,False,,,complete
2025-03-23,0.00,0.00,0,2215859.88,last_posted_transaction_or_prior_closing_balance,,trusted,cn_public_2022_2026_cycles_1_0,public_schedule_without_transaction_override,False,,,complete
2025-03-24,0.00,0.00,0,2215859.88,last_posted_transaction_or_prior_closing_balance,,trusted,cn_public_2022_2026_cycles_1_0,public_schedule_without_transaction_override,True,305,2025-03-25,complete
2025-03-25,0.00,2637.86,1,2213222.02,last_posted_transaction_or_prior_closing_balance,synb1_txn_87676c65df3d11d96c7e48ff,trusted,cn_public_2022_2026_cycles_1_0,public_schedule_without_transaction_override,True,306,2025-03-26,complete
2025-03-26,0.00,0.00,0,2213222.02,last_posted_transaction_or_prior_closing_balance,,trusted,cn_public_2022_2026_cycles_1_0,public_schedule_without_transaction_override,True,307,2025-03-27,complete
2025-03-27,0.00,0.00,0,2213222.02,last_posted_transaction_or_prior_closing_balance,,trusted,cn_public_2022_2026_cycles_1_0,public_schedule_without_transaction_override,True,308,2025-03-28,complete
2025-03-28,6231.33,0.00,1,2219453.35,last_posted_transaction_or_prior_closing_balance,synb1_txn_ea3e5157e4995014ccb003d6,trusted,cn_public_2022_2026_cycles_1_0,public_schedule_without_transaction_override,True,309,2025-03-31,complete
2025-03-29,0.00,0.00,0,2219453.35,last_posted_transaction_or_prior_closing_balance,,trusted,cn_public_2022_2026_cycles_1_0,public_schedule_without_transaction_override,False,,,complete
2025-03-30,0.00,0.00,0,2219453.35,last_posted_transaction_or_prior_closing_balance,,trusted,cn_public_2022_2026_cycles_1_0,public_schedule_without_transaction_override,False,,,complete
2025-03-31,0.00,0.00,0,2219453.35,last_posted_transaction_or_prior_closing_balance,,trusted,cn_public_2022_2026_cycles_1_0,public_schedule_without_transaction_override,True,310,2025-04-01,complete
2025-04-01,0.00,0.00,0,2219453.35,last_posted_transaction_or_prior_closing_balance,,trusted,cn_public_2022_2026_cycles_1_0,public_schedule_without_transaction_override,True,311,2025-04-02,complete
2025-04-02,0.00,0.00,0,2219453.35,last_posted_transaction_or_prior_closing_balance,,trusted,cn_public_2022_2026_cycles_1_0,public_schedule_without_transaction_override,True,312,2025-04-03,complete
2025-04-03,840.49,0.00,1,2220293.84,last_posted_transaction_or_prior_closing_balance,synb1_txn_44ca5d47a8f507c4ec108703,trusted,cn_public_2022_2026_cycles_1_0,public_schedule_without_transaction_override,True,313,2025-04-07,complete
2025-04-04,45269.62,0.00,2,2265563.46,last_posted_transaction_or_prior_closing_balance,synb1_txn_f467d6ae210763f1d0401a0a,trusted,cn_public_2022_2026_cycles_1_0,public_schedule_without_transaction_override,False,,,complete
2025-04-05,0.00,6500.00,1,2259063.46,last_posted_transaction_or_prior_closing_balance,synb1_txn_548788f7538eefe611ac27fe,trusted,cn_public_2022_2026_cycles_1_0,public_schedule_without_transaction_override,False,,,complete
2025-04-06,0.00,0.00,0,2259063.46,last_posted_transaction_or_prior_closing_balance,,trusted,cn_public_2022_2026_cycles_1_0,public_schedule_without_transaction_override,False,,,complete
2025-04-07,0.00,41664.56,3,2217398.90,last_posted_transaction_or_prior_closing_balance,synb1_txn_5f4571d2b50853b688c05d8f,trusted,cn_public_2022_2026_cycles_1_0,public_schedule_without_transaction_override,True,314,2025-04-08,complete
2025-04-08,21443.71,12482.41,3,2226360.20,last_posted_transaction_or_prior_closing_balance,synb1_txn_b708a2560ee13806fb92cb2d,trusted,cn_public_2022_2026_cycles_1_0,public_schedule_without_transaction_override,True,315,2025-04-09,complete
2025-04-09,0.00,0.00,0,2226360.20,last_posted_transaction_or_prior_closing_balance,,trusted,cn_public_2022_2026_cycles_1_0,public_schedule_without_transaction_override,True,316,2025-04-10,complete
2025-04-10,0.00,0.00,0,2226360.20,last_posted_transaction_or_prior_closing_balance,,trusted,cn_public_2022_2026_cycles_1_0,public_schedule_without_transaction_override,True,317,2025-04-11,complete
2025-04-11,0.00,6586.72,2,2219773.48,last_posted_transaction_or_prior_closing_balance,synb1_txn_e83b756fbc59e89b018c78eb,trusted,cn_public_2022_2026_cycles_1_0,public_schedule_without_transaction_override,True,318,2025-04-14,complete
2025-04-12,35767.12,0.00,2,2255540.60,last_posted_transaction_or_prior_closing_balance,synb1_txn_cdd17c37fc10fe73298fa680,trusted,cn_public_2022_2026_cycles_1_0,public_schedule_without_transaction_override,False,,,complete
2025-04-13,0.00,0.00,0,2255540.60,last_posted_transaction_or_prior_closing_balance,,trusted,cn_public_2022_2026_cycles_1_0,public_schedule_without_transaction_override,False,,,complete
2025-04-14,0.00,0.00,0,2255540.60,last_posted_transaction_or_prior_closing_balance,,trusted,cn_public_2022_2026_cycles_1_0,public_schedule_without_transaction_override,True,319,2025-04-15,complete
2025-04-15,0.00,0.00,0,2255540.60,last_posted_transaction_or_prior_closing_balance,,trusted,cn_public_2022_2026_cycles_1_0,public_schedule_without_transaction_override,True,320,2025-04-16,complete
2025-04-16,7986.73,0.00,1,2263527.33,last_posted_transaction_or_prior_closing_balance,synb1_txn_e838e767dc4340e99f769e33,trusted,cn_public_2022_2026_cycles_1_0,public_schedule_without_transaction_override,True,321,2025-04-17,complete
2025-04-17,0.00,0.00,0,2263527.33,last_posted_transaction_or_prior_closing_balance,,trusted,cn_public_2022_2026_cycles_1_0,public_schedule_without_transaction_override,True,322,2025-04-18,complete
2025-04-18,0.00,23498.96,4,2240028.37,last_posted_transaction_or_prior_closing_balance,synb1_txn_9076dba4913bbb0271815c5c,trusted,cn_public_2022_2026_cycles_1_0,public_schedule_without_transaction_override,True,323,2025-04-21,complete
2025-04-19,0.00,0.00,0,2240028.37,last_posted_transaction_or_prior_closing_balance,,trusted,cn_public_2022_2026_cycles_1_0,public_schedule_without_transaction_override,False,,,complete
2025-04-20,38220.38,3049.47,2,2275199.28,last_posted_transaction_or_prior_closing_balance,synb1_txn_d8c0b1f5f5e3a846b40c88e2,trusted,cn_public_2022_2026_cycles_1_0,public_schedule_without_transaction_override,False,,,complete
2025-04-21,43581.95,0.00,1,2318781.23,last_posted_transaction_or_prior_closing_balance,synb1_txn_4626838ffe55d0f830e9c71c,trusted,cn_public_2022_2026_cycles_1_0,public_schedule_without_transaction_override,True,324,2025-04-22,complete
2025-04-22,0.00,0.00,0,2318781.23,last_posted_transaction_or_prior_closing_balance,,trusted,cn_public_2022_2026_cycles_1_0,public_schedule_without_transaction_override,True,325,2025-04-23,complete
2025-04-23,0.00,4551.20,1,2314230.03,last_posted_transaction_or_prior_closing_balance,synb1_txn_a58da6ce601b4f1c51ada2b8,trusted,cn_public_2022_2026_cycles_1_0,public_schedule_without_transaction_override,True,326,2025-04-24,complete
2025-04-24,0.00,1897.72,1,2312332.31,last_posted_transaction_or_prior_closing_balance,synb1_txn_fa0a06c7d931ca6abcb671cb,trusted,cn_public_2022_2026_cycles_1_0,public_schedule_without_transaction_override,True,327,2025-04-25,complete
2025-04-25,0.00,0.00,0,2312332.31,last_posted_transaction_or_prior_closing_balance,,trusted,cn_public_2022_2026_cycles_1_0,public_schedule_without_transaction_override,True,328,2025-04-27,complete
2025-04-26,0.00,74917.47,1,2237414.84,last_posted_transaction_or_prior_closing_balance,synb1_txn_7b6889351f01f8e3db824581,trusted,cn_public_2022_2026_cycles_1_0,public_schedule_without_transaction_override,False,,,complete
2025-04-27,0.00,41488.34,2,2195926.50,last_posted_transaction_or_prior_closing_balance,synb1_txn_fd0995e25e8b451a9cd48143,trusted,cn_public_2022_2026_cycles_1_0,public_schedule_without_transaction_override,True,329,2025-04-28,complete
2025-04-28,0.00,52.47,1,2195874.03,last_posted_transaction_or_prior_closing_balance,synb1_txn_e7a7e1fb5005f64ed16325e3,trusted,cn_public_2022_2026_cycles_1_0,public_schedule_without_transaction_override,True,330,2025-04-29,complete
2025-04-29,0.00,0.00,0,2195874.03,last_posted_transaction_or_prior_closing_balance,,trusted,cn_public_2022_2026_cycles_1_0,public_schedule_without_transaction_override,True,331,2025-04-30,complete
2025-04-30,0.00,0.00,0,2195874.03,last_posted_transaction_or_prior_closing_balance,,trusted,cn_public_2022_2026_cycles_1_0,public_schedule_without_transaction_override,True,332,2025-05-06,complete
2025-05-01,0.00,0.00,0,2195874.03,last_posted_transaction_or_prior_closing_balance,,trusted,cn_public_2022_2026_cycles_1_0,public_schedule_without_transaction_override,False,,,complete
2025-05-02,0.00,36255.98,1,2159618.05,last_posted_transaction_or_prior_closing_balance,synb1_txn_d77a344b12eea688ad4cb87c,trusted,cn_public_2022_2026_cycles_1_0,public_schedule_without_transaction_override,False,,,complete
2025-05-03,0.00,4197.45,1,2155420.60,last_posted_transaction_or_prior_closing_balance,synb1_txn_94fd8ea776bb8a7bb81a48ca,trusted,cn_public_2022_2026_cycles_1_0,public_schedule_without_transaction_override,False,,,complete
2025-05-04,32939.06,4940.47,4,2183419.19,last_posted_transaction_or_prior_closing_balance,synb1_txn_dcd24b83811bc93a2923b51e,trusted,cn_public_2022_2026_cycles_1_0,public_schedule_without_transaction_override,False,,,complete
2025-05-05,69221.90,6500.00,2,2246141.09,last_posted_transaction_or_prior_closing_balance,synb1_txn_448f1dd8edc2d79824e1ad25,trusted,cn_public_2022_2026_cycles_1_0,public_schedule_without_transaction_override,False,,,complete
2025-05-06,0.00,9299.98,1,2236841.11,last_posted_transaction_or_prior_closing_balance,synb1_txn_2e8753e25131c46a627c66e1,trusted,cn_public_2022_2026_cycles_1_0,public_schedule_without_transaction_override,True,333,2025-05-07,complete
2025-05-07,0.00,109735.74,2,2127105.37,last_posted_transaction_or_prior_closing_balance,synb1_txn_fdc553576726e9318a39190e,trusted,cn_public_2022_2026_cycles_1_0,public_schedule_without_transaction_override,True,334,2025-05-08,complete
2025-05-08,4798.91,0.00,1,2131904.28,last_posted_transaction_or_prior_closing_balance,synb1_txn_1add8a15a11222b7b21c3e79,trusted,cn_public_2022_2026_cycles_1_0,public_schedule_without_transaction_override,True,335,2025-05-09,complete
2025-05-09,0.00,0.00,0,2131904.28,last_posted_transaction_or_prior_closing_balance,,trusted,cn_public_2022_2026_cycles_1_0,public_schedule_without_transaction_override,True,336,2025-05-12,complete
2025-05-10,0.00,0.00,0,2131904.28,last_posted_transaction_or_prior_closing_balance,,trusted,cn_public_2022_2026_cycles_1_0,public_schedule_without_transaction_override,False,,,complete
2025-05-11,0.00,0.00,0,2131904.28,last_posted_transaction_or_prior_closing_balance,,trusted,cn_public_2022_2026_cycles_1_0,public_schedule_without_transaction_override,False,,,complete
2025-05-12,0.00,0.00,0,2131904.28,last_posted_transaction_or_prior_closing_balance,,trusted,cn_public_2022_2026_cycles_1_0,public_schedule_without_transaction_override,True,337,2025-05-13,complete
2025-05-13,0.00,0.00,0,2131904.28,last_posted_transaction_or_prior_closing_balance,,trusted,cn_public_2022_2026_cycles_1_0,public_schedule_without_transaction_override,True,338,2025-05-14,complete
2025-05-14,0.00,0.00,0,2131904.28,last_posted_transaction_or_prior_closing_balance,,trusted,cn_public_2022_2026_cycles_1_0,public_schedule_without_transaction_override,True,339,2025-05-15,complete
2025-05-15,0.00,0.00,0,2131904.28,last_posted_transaction_or_prior_closing_balance,,trusted,cn_public_2022_2026_cycles_1_0,public_schedule_without_transaction_override,True,340,2025-05-16,complete
2025-05-16,0.00,0.00,0,2131904.28,last_posted_transaction_or_prior_closing_balance,,trusted,cn_public_2022_2026_cycles_1_0,public_schedule_without_transaction_override,True,341,2025-05-19,complete
2025-05-17,0.00,0.00,0,2131904.28,last_posted_transaction_or_prior_closing_balance,,trusted,cn_public_2022_2026_cycles_1_0,public_schedule_without_transaction_override,False,,,complete
2025-05-18,0.00,0.00,0,2131904.28,last_posted_transaction_or_prior_closing_balance,,trusted,cn_public_2022_2026_cycles_1_0,public_schedule_without_transaction_override,False,,,complete
2025-05-19,0.00,4365.52,3,2127538.76,last_posted_transaction_or_prior_closing_balance,synb1_txn_e4b54c33a8511fb25b650c1d,trusted,cn_public_2022_2026_cycles_1_0,public_schedule_without_transaction_override,True,342,2025-05-20,complete
2025-05-20,2820.11,0.00,1,2130358.87,last_posted_transaction_or_prior_closing_balance,synb1_txn_16d4898e8f00a6d570675481,trusted,cn_public_2022_2026_cycles_1_0,public_schedule_without_transaction_override,True,343,2025-05-21,complete
2025-05-21,0.00,0.00,0,2130358.87,last_posted_transaction_or_prior_closing_balance,,trusted,cn_public_2022_2026_cycles_1_0,public_schedule_without_transaction_override,True,344,2025-05-22,complete
2025-05-22,0.00,21452.54,1,2108906.33,last_posted_transaction_or_prior_closing_balance,synb1_txn_3dd7d88bba58ecca10fb5307,trusted,cn_public_2022_2026_cycles_1_0,public_schedule_without_transaction_override,True,345,2025-05-23,complete
2025-05-23,101095.33,2146.16,2,2207855.50,last_posted_transaction_or_prior_closing_balance,synb1_txn_174dd8c12d87a26ccd99d0e4,trusted,cn_public_2022_2026_cycles_1_0,public_schedule_without_transaction_override,True,346,2025-05-26,complete
2025-05-24,11934.69,0.00,1,2219790.19,last_posted_transaction_or_prior_closing_balance,synb1_txn_31c20dbb0172cb2ebf94b7ec,trusted,cn_public_2022_2026_cycles_1_0,public_schedule_without_transaction_override,False,,,complete
2025-05-25,0.00,6852.58,2,2212937.61,last_posted_transaction_or_prior_closing_balance,synb1_txn_092b60c9f77ffa2d460af395,trusted,cn_public_2022_2026_cycles_1_0,public_schedule_without_transaction_override,False,,,complete
2025-05-26,0.00,0.00,0,2212937.61,last_posted_transaction_or_prior_closing_balance,,trusted,cn_public_2022_2026_cycles_1_0,public_schedule_without_transaction_override,True,347,2025-05-27,complete
2025-05-27,0.00,1094.66,1,2211842.95,last_posted_transaction_or_prior_closing_balance,synb1_txn_8725742ae7aabf68ab0fc59a,trusted,cn_public_2022_2026_cycles_1_0,public_schedule_without_transaction_override,True,348,2025-05-28,complete
2025-05-28,0.00,0.00,0,2211842.95,last_posted_transaction_or_prior_closing_balance,,trusted,cn_public_2022_2026_cycles_1_0,public_schedule_without_transaction_override,True,349,2025-05-29,complete
2025-05-29,0.00,0.00,0,2211842.95,last_posted_transaction_or_prior_closing_balance,,trusted,cn_public_2022_2026_cycles_1_0,public_schedule_without_transaction_override,True,350,2025-05-30,complete
2025-05-30,0.00,0.00,0,2211842.95,last_posted_transaction_or_prior_closing_balance,,trusted,cn_public_2022_2026_cycles_1_0,public_schedule_without_transaction_override,True,351,2025-06-03,complete
2025-05-31,0.00,0.00,0,2211842.95,last_posted_transaction_or_prior_closing_balance,,trusted,cn_public_2022_2026_cycles_1_0,public_schedule_without_transaction_override,False,,,complete
2025-06-01,0.00,0.00,0,2211842.95,last_posted_transaction_or_prior_closing_balance,,trusted,cn_public_2022_2026_cycles_1_0,public_schedule_without_transaction_override,False,,,complete
2025-06-02,0.00,0.00,0,2211842.95,last_posted_transaction_or_prior_closing_balance,,trusted,cn_public_2022_2026_cycles_1_0,public_schedule_without_transaction_override,False,,,complete
2025-06-03,0.00,785.10,1,2211057.85,last_posted_transaction_or_prior_closing_balance,synb1_txn_a0d57c4333cb5938439af0b1,trusted,cn_public_2022_2026_cycles_1_0,public_schedule_without_transaction_override,True,352,2025-06-04,complete
2025-06-04,0.00,3027.74,1,2208030.11,last_posted_transaction_or_prior_closing_balance,synb1_txn_94bbfa9aff6b9a4f36a21b44,trusted,cn_public_2022_2026_cycles_1_0,public_schedule_without_transaction_override,True,353,2025-06-05,complete
2025-06-05,0.00,6500.00,1,2201530.11,last_posted_transaction_or_prior_closing_balance,synb1_txn_97e6fe4239e2744996ba8612,trusted,cn_public_2022_2026_cycles_1_0,public_schedule_without_transaction_override,True,354,2025-06-06,complete
2025-06-06,30535.58,0.00,1,2232065.69,last_posted_transaction_or_prior_closing_balance,synb1_txn_67c1e62bc2df6bf85921fdb1,trusted,cn_public_2022_2026_cycles_1_0,public_schedule_without_transaction_override,True,355,2025-06-09,complete
2025-06-07,0.00,34401.05,3,2197664.64,last_posted_transaction_or_prior_closing_balance,synb1_txn_d803a3b7fe7b09e6e8fa40c4,trusted,cn_public_2022_2026_cycles_1_0,public_schedule_without_transaction_override,False,,,complete
2025-06-08,24561.49,0.00,1,2222226.13,last_posted_transaction_or_prior_closing_balance,synb1_txn_beecc334607d049f54e58c52,trusted,cn_public_2022_2026_cycles_1_0,public_schedule_without_transaction_override,False,,,complete
2025-06-09,0.00,20709.64,1,2201516.49,last_posted_transaction_or_prior_closing_balance,synb1_txn_e85e51d7e5d7cca6fec0efb4,trusted,cn_public_2022_2026_cycles_1_0,public_schedule_without_transaction_override,True,356,2025-06-10,complete
2025-06-10,8473.35,76240.31,2,2133749.53,last_posted_transaction_or_prior_closing_balance,synb1_txn_d7cecf51f3d82b9afe01b1d6,trusted,cn_public_2022_2026_cycles_1_0,public_schedule_without_transaction_override,True,357,2025-06-11,complete
2025-06-11,7969.39,1450.83,2,2140268.09,last_posted_transaction_or_prior_closing_balance,synb1_txn_166288298efcc80704b80be3,trusted,cn_public_2022_2026_cycles_1_0,public_schedule_without_transaction_override,True,358,2025-06-12,complete
2025-06-12,0.00,10677.62,1,2129590.47,last_posted_transaction_or_prior_closing_balance,synb1_txn_1b141266e073cb7c7a72206f,trusted,cn_public_2022_2026_cycles_1_0,public_schedule_without_transaction_override,True,359,2025-06-13,complete
2025-06-13,10683.19,0.00,1,2140273.66,last_posted_transaction_or_prior_closing_balance,synb1_txn_779f5fd5d1d264f798ae4e1a,trusted,cn_public_2022_2026_cycles_1_0,public_schedule_without_transaction_override,True,360,2025-06-16,complete
2025-06-14,0.00,0.00,0,2140273.66,last_posted_transaction_or_prior_closing_balance,,trusted,cn_public_2022_2026_cycles_1_0,public_schedule_without_transaction_override,False,,,complete
2025-06-15,12749.31,0.00,2,2153022.97,last_posted_transaction_or_prior_closing_balance,synb1_txn_66c0b1d53c9fff5f9ece75b5,trusted,cn_public_2022_2026_cycles_1_0,public_schedule_without_transaction_override,False,,,complete
2025-06-16,4359.63,0.00,1,2157382.60,last_posted_transaction_or_prior_closing_balance,synb1_txn_f3fd099efe1d2a6c35a307cf,trusted,cn_public_2022_2026_cycles_1_0,public_schedule_without_transaction_override,True,361,2025-06-17,complete
2025-06-17,0.00,1292.35,1,2156090.25,last_posted_transaction_or_prior_closing_balance,synb1_txn_c4b45dc193b33206743a1c9d,trusted,cn_public_2022_2026_cycles_1_0,public_schedule_without_transaction_override,True,362,2025-06-18,complete
2025-06-18,64764.27,2797.77,6,2218056.75,last_posted_transaction_or_prior_closing_balance,synb1_txn_af403c101590a7768e2cb97d,trusted,cn_public_2022_2026_cycles_1_0,public_schedule_without_transaction_override,True,363,2025-06-19,complete
2025-06-19,26018.23,0.00,1,2244074.98,last_posted_transaction_or_prior_closing_balance,synb1_txn_688ad070ceb69be074a2d3d6,trusted,cn_public_2022_2026_cycles_1_0,public_schedule_without_transaction_override,True,364,2025-06-20,complete
2025-06-20,13438.96,0.00,1,2257513.94,last_posted_transaction_or_prior_closing_balance,synb1_txn_8eb45c7063a932e6a89c8974,trusted,cn_public_2022_2026_cycles_1_0,public_schedule_without_transaction_override,True,365,2025-06-23,complete
2025-06-21,19316.60,0.00,1,2276830.54,last_posted_transaction_or_prior_closing_balance,synb1_txn_ff5897410e26bb5c06e1928c,trusted,cn_public_2022_2026_cycles_1_0,public_schedule_without_transaction_override,False,,,complete
2025-06-22,0.00,3681.32,1,2273149.22,last_posted_transaction_or_prior_closing_balance,synb1_txn_cbdfae40d1026b4a13312977,trusted,cn_public_2022_2026_cycles_1_0,public_schedule_without_transaction_override,False,,,complete
2025-06-23,0.00,107.78,1,2273041.44,last_posted_transaction_or_prior_closing_balance,synb1_txn_2295e635d067ba11f2b71ee6,trusted,cn_public_2022_2026_cycles_1_0,public_schedule_without_transaction_override,True,366,2025-06-24,complete
2025-06-24,0.00,0.00,0,2273041.44,last_posted_transaction_or_prior_closing_balance,,trusted,cn_public_2022_2026_cycles_1_0,public_schedule_without_transaction_override,True,367,2025-06-25,complete
2025-06-25,0.00,0.00,0,2273041.44,last_posted_transaction_or_prior_closing_balance,,trusted,cn_public_2022_2026_cycles_1_0,public_schedule_without_transaction_override,True,368,2025-06-26,complete
2025-06-26,0.00,0.00,0,2273041.44,last_posted_transaction_or_prior_closing_balance,,trusted,cn_public_2022_2026_cycles_1_0,public_schedule_without_transaction_override,True,369,2025-06-27,complete
2025-06-27,0.00,373.20,1,2272668.24,last_posted_transaction_or_prior_closing_balance,synb1_txn_342d6a43454fca2b2ce1f31f,trusted,cn_public_2022_2026_cycles_1_0,public_schedule_without_transaction_override,True,370,2025-06-30,complete
2025-06-28,0.00,69489.09,1,2203179.15,last_posted_transaction_or_prior_closing_balance,synb1_txn_a347ca0ca37631edeb968dec,trusted,cn_public_2022_2026_cycles_1_0,public_schedule_without_transaction_override,False,,,complete
2025-06-29,0.00,0.00,0,2203179.15,last_posted_transaction_or_prior_closing_balance,,trusted,cn_public_2022_2026_cycles_1_0,public_schedule_without_transaction_override,False,,,complete
2025-06-30,0.00,0.00,0,2203179.15,last_posted_transaction_or_prior_closing_balance,,trusted,cn_public_2022_2026_cycles_1_0,public_schedule_without_transaction_override,True,371,2025-07-01,complete
2025-07-01,0.00,0.00,0,2203179.15,last_posted_transaction_or_prior_closing_balance,,trusted,cn_public_2022_2026_cycles_1_0,public_schedule_without_transaction_override,True,372,2025-07-02,complete
2025-07-02,16063.44,15813.34,3,2203429.25,last_posted_transaction_or_prior_closing_balance,synb1_txn_4435f5b12c94511f100e90fa,trusted,cn_public_2022_2026_cycles_1_0,public_schedule_without_transaction_override,True,373,2025-07-03,complete
2025-07-03,17115.45,952.98,3,2219591.72,last_posted_transaction_or_prior_closing_balance,synb1_txn_42a026d7ced9d17c349a4887,trusted,cn_public_2022_2026_cycles_1_0,public_schedule_without_transaction_override,True,374,2025-07-04,complete
2025-07-04,0.00,0.00,0,2219591.72,last_posted_transaction_or_prior_closing_balance,,trusted,cn_public_2022_2026_cycles_1_0,public_schedule_without_transaction_override,True,375,2025-07-07,complete
2025-07-05,0.00,6500.00,1,2213091.72,last_posted_transaction_or_prior_closing_balance,synb1_txn_8b7156f4132e45ba422d0472,trusted,cn_public_2022_2026_cycles_1_0,public_schedule_without_transaction_override,False,,,complete
2025-07-06,1297.31,0.00,1,2214389.03,last_posted_transaction_or_prior_closing_balance,synb1_txn_12ce484d7582d30892044ed0,trusted,cn_public_2022_2026_cycles_1_0,public_schedule_without_transaction_override,False,,,complete
2025-07-07,0.00,26500.00,1,2187889.03,last_posted_transaction_or_prior_closing_balance,synb1_txn_4f055d6ccc3ce5ed64e22172,trusted,cn_public_2022_2026_cycles_1_0,public_schedule_without_transaction_override,True,376,2025-07-08,complete
2025-07-08,0.00,0.00,0,2187889.03,last_posted_transaction_or_prior_closing_balance,,trusted,cn_public_2022_2026_cycles_1_0,public_schedule_without_transaction_override,True,377,2025-07-09,complete
2025-07-09,15239.28,4524.82,3,2198603.49,last_posted_transaction_or_prior_closing_balance,synb1_txn_3f15565a7a8c38a1f1a661f4,trusted,cn_public_2022_2026_cycles_1_0,public_schedule_without_transaction_override,True,378,2025-07-10,complete
2025-07-10,0.00,0.00,0,2198603.49,last_posted_transaction_or_prior_closing_balance,,trusted,cn_public_2022_2026_cycles_1_0,public_schedule_without_transaction_override,True,379,2025-07-11,complete
2025-07-11,0.00,0.00,0,2198603.49,last_posted_transaction_or_prior_closing_balance,,trusted,cn_public_2022_2026_cycles_1_0,public_schedule_without_transaction_override,True,380,2025-07-14,complete
2025-07-12,0.00,0.00,0,2198603.49,last_posted_transaction_or_prior_closing_balance,,trusted,cn_public_2022_2026_cycles_1_0,public_schedule_without_transaction_override,False,,,complete
2025-07-13,4351.76,0.00,1,2202955.25,last_posted_transaction_or_prior_closing_balance,synb1_txn_7b59bfb65098e8b2fc28f384,trusted,cn_public_2022_2026_cycles_1_0,public_schedule_without_transaction_override,False,,,complete
2025-07-14,0.00,0.00,0,2202955.25,last_posted_transaction_or_prior_closing_balance,,trusted,cn_public_2022_2026_cycles_1_0,public_schedule_without_transaction_override,True,381,2025-07-15,complete
2025-07-15,0.00,0.00,0,2202955.25,last_posted_transaction_or_prior_closing_balance,,trusted,cn_public_2022_2026_cycles_1_0,public_schedule_without_transaction_override,True,382,2025-07-16,complete
2025-07-16,0.00,0.00,0,2202955.25,last_posted_transaction_or_prior_closing_balance,,trusted,cn_public_2022_2026_cycles_1_0,public_schedule_without_transaction_override,True,383,2025-07-17,complete
2025-07-17,0.00,25978.45,1,2176976.80,last_posted_transaction_or_prior_closing_balance,synb1_txn_ed212722cae1d4b280d95d67,trusted,cn_public_2022_2026_cycles_1_0,public_schedule_without_transaction_override,True,384,2025-07-18,complete
2025-07-18,0.00,4895.50,3,2172081.30,last_posted_transaction_or_prior_closing_balance,synb1_txn_555cde984c9bdf3473c50ace,trusted,cn_public_2022_2026_cycles_1_0,public_schedule_without_transaction_override,True,385,2025-07-21,complete
2025-07-19,161.78,11058.92,2,2161184.16,last_posted_transaction_or_prior_closing_balance,synb1_txn_523c9124173b2282ac155e61,trusted,cn_public_2022_2026_cycles_1_0,public_schedule_without_transaction_override,False,,,complete
2025-07-20,0.00,0.00,0,2161184.16,last_posted_transaction_or_prior_closing_balance,,trusted,cn_public_2022_2026_cycles_1_0,public_schedule_without_transaction_override,False,,,complete
2025-07-21,0.00,10663.45,2,2150520.71,last_posted_transaction_or_prior_closing_balance,synb1_txn_09127588b72a5b5c02a0571b,trusted,cn_public_2022_2026_cycles_1_0,public_schedule_without_transaction_override,True,386,2025-07-22,complete
2025-07-22,0.00,26612.26,1,2123908.45,last_posted_transaction_or_prior_closing_balance,synb1_txn_73cac1189429ef32f1a712ac,trusted,cn_public_2022_2026_cycles_1_0,public_schedule_without_transaction_override,True,387,2025-07-23,complete
2025-07-23,49567.96,6355.71,4,2167120.70,last_posted_transaction_or_prior_closing_balance,synb1_txn_538da9fd69ab38bde547687e,trusted,cn_public_2022_2026_cycles_1_0,public_schedule_without_transaction_override,True,388,2025-07-24,complete
2025-07-24,0.00,0.00,0,2167120.70,last_posted_transaction_or_prior_closing_balance,,trusted,cn_public_2022_2026_cycles_1_0,public_schedule_without_transaction_override,True,389,2025-07-25,complete
2025-07-25,59985.03,9322.65,2,2217783.08,last_posted_transaction_or_prior_closing_balance,synb1_txn_f58049d39be60c6e394faa6d,trusted,cn_public_2022_2026_cycles_1_0,public_schedule_without_transaction_override,True,390,2025-07-28,complete
2025-07-26,0.00,3255.81,1,2214527.27,last_posted_transaction_or_prior_closing_balance,synb1_txn_a4fe01ed662f58ad5e5daf0d,trusted,cn_public_2022_2026_cycles_1_0,public_schedule_without_transaction_override,False,,,complete
2025-07-27,23585.86,0.00,1,2238113.13,last_posted_transaction_or_prior_closing_balance,synb1_txn_70b02295224180df56cab7cc,trusted,cn_public_2022_2026_cycles_1_0,public_schedule_without_transaction_override,False,,,complete
2025-07-28,9617.13,13549.07,3,2234181.19,last_posted_transaction_or_prior_closing_balance,synb1_txn_d2535f049683453720c8727a,trusted,cn_public_2022_2026_cycles_1_0,public_schedule_without_transaction_override,True,391,2025-07-29,complete
2025-07-29,0.00,0.00,0,2234181.19,last_posted_transaction_or_prior_closing_balance,,trusted,cn_public_2022_2026_cycles_1_0,public_schedule_without_transaction_override,True,392,2025-07-30,complete
2025-07-30,0.00,0.00,0,2234181.19,last_posted_transaction_or_prior_closing_balance,,trusted,cn_public_2022_2026_cycles_1_0,public_schedule_without_transaction_override,True,393,2025-07-31,complete
2025-07-31,0.00,0.00,0,2234181.19,last_posted_transaction_or_prior_closing_balance,,trusted,cn_public_2022_2026_cycles_1_0,public_schedule_without_transaction_override,True,394,2025-08-01,complete
2025-08-01,0.00,0.00,0,2234181.19,last_posted_transaction_or_prior_closing_balance,,trusted,cn_public_2022_2026_cycles_1_0,public_schedule_without_transaction_override,True,395,2025-08-04,complete
2025-08-02,0.00,0.00,0,2234181.19,last_posted_transaction_or_prior_closing_balance,,trusted,cn_public_2022_2026_cycles_1_0,public_schedule_without_transaction_override,False,,,complete
2025-08-03,20209.26,0.00,1,2254390.45,last_posted_transaction_or_prior_closing_balance,synb1_txn_1692275cd53aee8671025e10,trusted,cn_public_2022_2026_cycles_1_0,public_schedule_without_transaction_override,False,,,complete
2025-08-04,0.00,0.00,0,2254390.45,last_posted_transaction_or_prior_closing_balance,,trusted,cn_public_2022_2026_cycles_1_0,public_schedule_without_transaction_override,True,396,2025-08-05,complete
2025-08-05,0.00,6500.00,1,2247890.45,last_posted_transaction_or_prior_closing_balance,synb1_txn_dce6521992c94654b67ecffc,trusted,cn_public_2022_2026_cycles_1_0,public_schedule_without_transaction_override,True,397,2025-08-06,complete
2025-08-06,0.00,0.00,0,2247890.45,last_posted_transaction_or_prior_closing_balance,,trusted,cn_public_2022_2026_cycles_1_0,public_schedule_without_transaction_override,True,398,2025-08-07,complete
2025-08-07,8136.35,26500.00,2,2229526.80,last_posted_transaction_or_prior_closing_balance,synb1_txn_1c511852882135badb60231e,trusted,cn_public_2022_2026_cycles_1_0,public_schedule_without_transaction_override,True,399,2025-08-08,complete
2025-08-08,0.00,0.00,0,2229526.80,last_posted_transaction_or_prior_closing_balance,,trusted,cn_public_2022_2026_cycles_1_0,public_schedule_without_transaction_override,True,400,2025-08-11,complete
2025-08-09,0.00,86393.93,1,2143132.87,last_posted_transaction_or_prior_closing_balance,synb1_txn_0b2b1ae70cbf0bdd0da25250,trusted,cn_public_2022_2026_cycles_1_0,public_schedule_without_transaction_override,False,,,complete
2025-08-10,0.00,0.00,0,2143132.87,last_posted_transaction_or_prior_closing_balance,,trusted,cn_public_2022_2026_cycles_1_0,public_schedule_without_transaction_override,False,,,complete
2025-08-11,0.00,0.00,0,2143132.87,last_posted_transaction_or_prior_closing_balance,,trusted,cn_public_2022_2026_cycles_1_0,public_schedule_without_transaction_override,True,401,2025-08-12,complete
2025-08-12,15685.11,19328.08,3,2139489.90,last_posted_transaction_or_prior_closing_balance,synb1_txn_cc7f57dc4c534b7b7206aa0f,trusted,cn_public_2022_2026_cycles_1_0,public_schedule_without_transaction_override,True,402,2025-08-13,complete
2025-08-13,26166.68,0.00,1,2165656.58,last_posted_transaction_or_prior_closing_balance,synb1_txn_3529c6d5574919acdb286a82,trusted,cn_public_2022_2026_cycles_1_0,public_schedule_without_transaction_override,True,403,2025-08-14,complete
2025-08-14,0.00,0.00,0,2165656.58,last_posted_transaction_or_prior_closing_balance,,trusted,cn_public_2022_2026_cycles_1_0,public_schedule_without_transaction_override,True,404,2025-08-15,complete
2025-08-15,0.00,0.00,0,2165656.58,last_posted_transaction_or_prior_closing_balance,,trusted,cn_public_2022_2026_cycles_1_0,public_schedule_without_transaction_override,True,405,2025-08-18,complete
2025-08-16,0.00,0.00,0,2165656.58,last_posted_transaction_or_prior_closing_balance,,trusted,cn_public_2022_2026_cycles_1_0,public_schedule_without_transaction_override,False,,,complete
2025-08-17,36654.39,114.32,3,2202196.65,last_posted_transaction_or_prior_closing_balance,synb1_txn_d0ae07800d62baa505711595,trusted,cn_public_2022_2026_cycles_1_0,public_schedule_without_transaction_override,False,,,complete
2025-08-18,0.00,1425.76,2,2200770.89,last_posted_transaction_or_prior_closing_balance,synb1_txn_96f5259410672478b0f6352c,trusted,cn_public_2022_2026_cycles_1_0,public_schedule_without_transaction_override,True,406,2025-08-19,complete
2025-08-19,0.00,0.00,0,2200770.89,last_posted_transaction_or_prior_closing_balance,,trusted,cn_public_2022_2026_cycles_1_0,public_schedule_without_transaction_override,True,407,2025-08-20,complete
2025-08-20,28701.46,3730.05,3,2225742.30,last_posted_transaction_or_prior_closing_balance,synb1_txn_834336f4ab11faff96492e62,trusted,cn_public_2022_2026_cycles_1_0,public_schedule_without_transaction_override,True,408,2025-08-21,complete
2025-08-21,0.00,0.00,0,2225742.30,last_posted_transaction_or_prior_closing_balance,,trusted,cn_public_2022_2026_cycles_1_0,public_schedule_without_transaction_override,True,409,2025-08-22,complete
2025-08-22,0.00,0.00,0,2225742.30,last_posted_transaction_or_prior_closing_balance,,trusted,cn_public_2022_2026_cycles_1_0,public_schedule_without_transaction_override,True,410,2025-08-25,complete
2025-08-23,2535.85,55270.45,2,2173007.70,last_posted_transaction_or_prior_closing_balance,synb1_txn_0c58daad86665db9f21dd00a,trusted,cn_public_2022_2026_cycles_1_0,public_schedule_without_transaction_override,False,,,complete
2025-08-24,0.00,0.00,0,2173007.70,last_posted_transaction_or_prior_closing_balance,,trusted,cn_public_2022_2026_cycles_1_0,public_schedule_without_transaction_override,False,,,complete
2025-08-25,15683.82,0.00,2,2188691.52,last_posted_transaction_or_prior_closing_balance,synb1_txn_7e42e862c92ec6a57dbec041,trusted,cn_public_2022_2026_cycles_1_0,public_schedule_without_transaction_override,True,411,2025-08-26,complete
2025-08-26,6738.07,0.70,3,2195428.89,last_posted_transaction_or_prior_closing_balance,synb1_txn_b59c8273c3174c860800e2fc,trusted,cn_public_2022_2026_cycles_1_0,public_schedule_without_transaction_override,True,412,2025-08-27,complete
2025-08-27,12038.04,0.00,1,2207466.93,last_posted_transaction_or_prior_closing_balance,synb1_txn_dbf25a453e275cb3cff1bbc7,trusted,cn_public_2022_2026_cycles_1_0,public_schedule_without_transaction_override,True,413,2025-08-28,complete
2025-08-28,920.97,4451.59,3,2203936.31,last_posted_transaction_or_prior_closing_balance,synb1_txn_3ab2d6468728119ec18451b4,trusted,cn_public_2022_2026_cycles_1_0,public_schedule_without_transaction_override,True,414,2025-08-29,complete
2025-08-29,0.00,0.00,0,2203936.31,last_posted_transaction_or_prior_closing_balance,,trusted,cn_public_2022_2026_cycles_1_0,public_schedule_without_transaction_override,True,415,2025-09-01,complete
2025-08-30,0.00,0.00,0,2203936.31,last_posted_transaction_or_prior_closing_balance,,trusted,cn_public_2022_2026_cycles_1_0,public_schedule_without_transaction_override,False,,,complete
2025-08-31,0.00,0.00,0,2203936.31,last_posted_transaction_or_prior_closing_balance,,trusted,cn_public_2022_2026_cycles_1_0,public_schedule_without_transaction_override,False,,,complete
2025-09-01,0.00,0.00,0,2203936.31,last_posted_transaction_or_prior_closing_balance,,trusted,cn_public_2022_2026_cycles_1_0,public_schedule_without_transaction_override,True,416,2025-09-02,complete
2025-09-02,0.00,0.00,0,2203936.31,last_posted_transaction_or_prior_closing_balance,,trusted,cn_public_2022_2026_cycles_1_0,public_schedule_without_transaction_override,True,417,2025-09-03,complete
2025-09-03,0.00,0.00,0,2203936.31,last_posted_transaction_or_prior_closing_balance,,trusted,cn_public_2022_2026_cycles_1_0,public_schedule_without_transaction_override,True,418,2025-09-04,complete
2025-09-04,0.00,0.00,0,2203936.31,last_posted_transaction_or_prior_closing_balance,,trusted,cn_public_2022_2026_cycles_1_0,public_schedule_without_transaction_override,True,419,2025-09-05,complete
2025-09-05,4310.63,6500.00,2,2201746.94,last_posted_transaction_or_prior_closing_balance,synb1_txn_2a6d1de47270a7862f7b5cfa,trusted,cn_public_2022_2026_cycles_1_0,public_schedule_without_transaction_override,True,420,2025-09-08,complete
2025-09-06,8884.74,14766.61,2,2195865.07,last_posted_transaction_or_prior_closing_balance,synb1_txn_9ca2de527904e602570b8f68,trusted,cn_public_2022_2026_cycles_1_0,public_schedule_without_transaction_override,False,,,complete
2025-09-07,0.00,26500.00,1,2169365.07,last_posted_transaction_or_prior_closing_balance,synb1_txn_2d4678be52849bf0a78c73b0,trusted,cn_public_2022_2026_cycles_1_0,public_schedule_without_transaction_override,False,,,complete
2025-09-08,0.00,1625.52,1,2167739.55,last_posted_transaction_or_prior_closing_balance,synb1_txn_3be3d611dbb9c53f9658bf1c,trusted,cn_public_2022_2026_cycles_1_0,public_schedule_without_transaction_override,True,421,2025-09-09,complete
2025-09-09,0.00,0.00,0,2167739.55,last_posted_transaction_or_prior_closing_balance,,trusted,cn_public_2022_2026_cycles_1_0,public_schedule_without_transaction_override,True,422,2025-09-10,complete
2025-09-10,0.00,215.70,1,2167523.85,last_posted_transaction_or_prior_closing_balance,synb1_txn_20901a61a6bd97d693072f02,trusted,cn_public_2022_2026_cycles_1_0,public_schedule_without_transaction_override,True,423,2025-09-11,complete
2025-09-11,6074.65,25760.72,2,2147837.78,last_posted_transaction_or_prior_closing_balance,synb1_txn_e79111e2ad98d18e014ca5b9,trusted,cn_public_2022_2026_cycles_1_0,public_schedule_without_transaction_override,True,424,2025-09-12,complete
2025-09-12,28063.00,0.00,1,2175900.78,last_posted_transaction_or_prior_closing_balance,synb1_txn_3815d4a2cfdf7d6c5a7f1ef2,trusted,cn_public_2022_2026_cycles_1_0,public_schedule_without_transaction_override,True,425,2025-09-15,complete
2025-09-13,0.00,9395.71,2,2166505.07,last_posted_transaction_or_prior_closing_balance,synb1_txn_1803ce1775fb33e024b5cbfd,trusted,cn_public_2022_2026_cycles_1_0,public_schedule_without_transaction_override,False,,,complete
2025-09-14,0.00,0.00,0,2166505.07,last_posted_transaction_or_prior_closing_balance,,trusted,cn_public_2022_2026_cycles_1_0,public_schedule_without_transaction_override,False,,,complete
2025-09-15,4367.12,3988.55,2,2166883.64,last_posted_transaction_or_prior_closing_balance,synb1_txn_8ba3b45820bde07cf460cc26,trusted,cn_public_2022_2026_cycles_1_0,public_schedule_without_transaction_override,True,426,2025-09-16,complete
2025-09-16,0.00,636.90,1,2166246.74,last_posted_transaction_or_prior_closing_balance,synb1_txn_f746a4f83261c6060db68c41,trusted,cn_public_2022_2026_cycles_1_0,public_schedule_without_transaction_override,True,427,2025-09-17,complete
2025-09-17,23645.93,0.00,2,2189892.67,last_posted_transaction_or_prior_closing_balance,synb1_txn_ed41d07587ee7797117db1e0,trusted,cn_public_2022_2026_cycles_1_0,public_schedule_without_transaction_override,True,428,2025-09-18,complete
2025-09-18,0.00,4535.36,4,2185357.31,last_posted_transaction_or_prior_closing_balance,synb1_txn_bac2a0a64a37b36ea7a04a60,trusted,cn_public_2022_2026_cycles_1_0,public_schedule_without_transaction_override,True,429,2025-09-19,complete
2025-09-19,475.58,1191.29,2,2184641.60,last_posted_transaction_or_prior_closing_balance,synb1_txn_9a3c33f3345ebeb5acaf0235,trusted,cn_public_2022_2026_cycles_1_0,public_schedule_without_transaction_override,True,430,2025-09-22,complete
2025-09-20,0.00,45944.19,1,2138697.41,last_posted_transaction_or_prior_closing_balance,synb1_txn_7be355f4cebf4c1c3640d95a,trusted,cn_public_2022_2026_cycles_1_0,public_schedule_without_transaction_override,False,,,complete
2025-09-21,0.00,29518.48,2,2109178.93,last_posted_transaction_or_prior_closing_balance,synb1_txn_41482841ef712fac7204db9e,trusted,cn_public_2022_2026_cycles_1_0,public_schedule_without_transaction_override,False,,,complete
2025-09-22,0.00,0.00,0,2109178.93,last_posted_transaction_or_prior_closing_balance,,trusted,cn_public_2022_2026_cycles_1_0,public_schedule_without_transaction_override,True,431,2025-09-23,complete
2025-09-23,0.00,0.00,0,2109178.93,last_posted_transaction_or_prior_closing_balance,,trusted,cn_public_2022_2026_cycles_1_0,public_schedule_without_transaction_override,True,432,2025-09-24,complete
2025-09-24,0.00,0.00,0,2109178.93,last_posted_transaction_or_prior_closing_balance,,trusted,cn_public_2022_2026_cycles_1_0,public_schedule_without_transaction_override,True,433,2025-09-25,complete
2025-09-25,115423.35,0.00,3,2224602.28,last_posted_transaction_or_prior_closing_balance,synb1_txn_7652e89a176a9674d439d5a0,trusted,cn_public_2022_2026_cycles_1_0,public_schedule_without_transaction_override,True,434,2025-09-26,complete
2025-09-26,0.00,0.00,0,2224602.28,last_posted_transaction_or_prior_closing_balance,,trusted,cn_public_2022_2026_cycles_1_0,public_schedule_without_transaction_override,True,435,2025-09-28,complete
2025-09-27,0.00,277.76,1,2224324.52,last_posted_transaction_or_prior_closing_balance,synb1_txn_c55945756f3fb1b83ca862af,trusted,cn_public_2022_2026_cycles_1_0,public_schedule_without_transaction_override,False,,,complete
2025-09-28,0.00,0.00,0,2224324.52,last_posted_transaction_or_prior_closing_balance,,trusted,cn_public_2022_2026_cycles_1_0,public_schedule_without_transaction_override,True,436,2025-09-29,complete
2025-09-29,0.00,0.00,0,2224324.52,last_posted_transaction_or_prior_closing_balance,,trusted,cn_public_2022_2026_cycles_1_0,public_schedule_without_transaction_override,True,437,2025-09-30,complete
2025-09-30,0.00,0.00,0,2224324.52,last_posted_transaction_or_prior_closing_balance,,trusted,cn_public_2022_2026_cycles_1_0,public_schedule_without_transaction_override,True,438,2025-10-09,complete
2025-10-01,0.00,0.00,0,2224324.52,last_posted_transaction_or_prior_closing_balance,,trusted,cn_public_2022_2026_cycles_1_0,public_schedule_without_transaction_override,False,,,complete
2025-10-02,11127.09,0.00,1,2235451.61,last_posted_transaction_or_prior_closing_balance,synb1_txn_06d0a02cdf2f7b01dd8d66f2,trusted,cn_public_2022_2026_cycles_1_0,public_schedule_without_transaction_override,False,,,complete
2025-10-03,0.00,0.00,0,2235451.61,last_posted_transaction_or_prior_closing_balance,,trusted,cn_public_2022_2026_cycles_1_0,public_schedule_without_transaction_override,False,,,complete
2025-10-04,0.00,0.00,0,2235451.61,last_posted_transaction_or_prior_closing_balance,,trusted,cn_public_2022_2026_cycles_1_0,public_schedule_without_transaction_override,False,,,complete
2025-10-05,5414.49,6500.00,2,2234366.10,last_posted_transaction_or_prior_closing_balance,synb1_txn_9f81c21be34e96536f639db8,trusted,cn_public_2022_2026_cycles_1_0,public_schedule_without_transaction_override,False,,,complete
2025-10-06,0.00,0.00,0,2234366.10,last_posted_transaction_or_prior_closing_balance,,trusted,cn_public_2022_2026_cycles_1_0,public_schedule_without_transaction_override,False,,,complete
2025-10-07,0.00,26646.11,2,2207719.99,last_posted_transaction_or_prior_closing_balance,synb1_txn_b02d6d364231de6083fc1d5e,trusted,cn_public_2022_2026_cycles_1_0,public_schedule_without_transaction_override,False,,,complete
2025-10-08,571.25,0.00,1,2208291.24,last_posted_transaction_or_prior_closing_balance,synb1_txn_ee6136e9e55de700bdc063a1,trusted,cn_public_2022_2026_cycles_1_0,public_schedule_without_transaction_override,False,,,complete
2025-10-09,53666.68,4706.68,2,2257251.24,last_posted_transaction_or_prior_closing_balance,synb1_txn_dfc73f09ead80e965d0260a3,trusted,cn_public_2022_2026_cycles_1_0,public_schedule_without_transaction_override,True,439,2025-10-10,complete
2025-10-10,0.00,140593.48,2,2116657.76,last_posted_transaction_or_prior_closing_balance,synb1_txn_dfe5cb2df0910a942b603faf,trusted,cn_public_2022_2026_cycles_1_0,public_schedule_without_transaction_override,True,440,2025-10-11,complete
2025-10-11,0.00,0.00,0,2116657.76,last_posted_transaction_or_prior_closing_balance,,trusted,cn_public_2022_2026_cycles_1_0,public_schedule_without_transaction_override,True,441,2025-10-13,complete
2025-10-12,0.00,927.49,1,2115730.27,last_posted_transaction_or_prior_closing_balance,synb1_txn_6e43cdda65ef751510cf5c37,trusted,cn_public_2022_2026_cycles_1_0,public_schedule_without_transaction_override,False,,,complete
2025-10-13,8691.88,9143.12,3,2115279.03,last_posted_transaction_or_prior_closing_balance,synb1_txn_39ac188a8e83f4e9863fdb16,trusted,cn_public_2022_2026_cycles_1_0,public_schedule_without_transaction_override,True,442,2025-10-14,complete
2025-10-14,0.00,873.26,1,2114405.77,last_posted_transaction_or_prior_closing_balance,synb1_txn_9ecdf75b103ae207fb020f77,trusted,cn_public_2022_2026_cycles_1_0,public_schedule_without_transaction_override,True,443,2025-10-15,complete
2025-10-15,20696.31,0.00,2,2135102.08,last_posted_transaction_or_prior_closing_balance,synb1_txn_a23c51fd781a9d6717bbaedd,trusted,cn_public_2022_2026_cycles_1_0,public_schedule_without_transaction_override,True,444,2025-10-16,complete
2025-10-16,54046.03,9012.19,2,2180135.92,last_posted_transaction_or_prior_closing_balance,synb1_txn_bc773962df73e26da514455e,trusted,cn_public_2022_2026_cycles_1_0,public_schedule_without_transaction_override,True,445,2025-10-17,complete
2025-10-17,9517.89,173.54,2,2189480.27,last_posted_transaction_or_prior_closing_balance,synb1_txn_5b8f3426a9a2cabd07ea19b0,trusted,cn_public_2022_2026_cycles_1_0,public_schedule_without_transaction_override,True,446,2025-10-20,complete
2025-10-18,0.00,0.00,0,2189480.27,last_posted_transaction_or_prior_closing_balance,,trusted,cn_public_2022_2026_cycles_1_0,public_schedule_without_transaction_override,False,,,complete
2025-10-19,17605.53,0.00,1,2207085.80,last_posted_transaction_or_prior_closing_balance,synb1_txn_32df65975261f105f9682de8,trusted,cn_public_2022_2026_cycles_1_0,public_schedule_without_transaction_override,False,,,complete
2025-10-20,0.00,1612.80,2,2205473.00,last_posted_transaction_or_prior_closing_balance,synb1_txn_d80b961f3af3b60c2c08a858,trusted,cn_public_2022_2026_cycles_1_0,public_schedule_without_transaction_override,True,447,2025-10-21,complete
2025-10-21,0.00,0.00,0,2205473.00,last_posted_transaction_or_prior_closing_balance,,trusted,cn_public_2022_2026_cycles_1_0,public_schedule_without_transaction_override,True,448,2025-10-22,complete
2025-10-22,0.00,0.00,0,2205473.00,last_posted_transaction_or_prior_closing_balance,,trusted,cn_public_2022_2026_cycles_1_0,public_schedule_without_transaction_override,True,449,2025-10-23,complete
2025-10-23,0.00,0.00,0,2205473.00,last_posted_transaction_or_prior_closing_balance,,trusted,cn_public_2022_2026_cycles_1_0,public_schedule_without_transaction_override,True,450,2025-10-24,complete
2025-10-24,0.00,550.28,1,2204922.72,last_posted_transaction_or_prior_closing_balance,synb1_txn_30a83714f04e50f068c9e7e3,trusted,cn_public_2022_2026_cycles_1_0,public_schedule_without_transaction_override,True,451,2025-10-27,complete
2025-10-25,7212.85,0.00,2,2212135.57,last_posted_transaction_or_prior_closing_balance,synb1_txn_34a2c6311d2e768e6d161480,trusted,cn_public_2022_2026_cycles_1_0,public_schedule_without_transaction_override,False,,,complete
2025-10-26,0.00,0.00,0,2212135.57,last_posted_transaction_or_prior_closing_balance,,trusted,cn_public_2022_2026_cycles_1_0,public_schedule_without_transaction_override,False,,,complete
2025-10-27,0.00,69.50,1,2212066.07,last_posted_transaction_or_prior_closing_balance,synb1_txn_2e1faf75d5d5ffa89e54d6dd,trusted,cn_public_2022_2026_cycles_1_0,public_schedule_without_transaction_override,True,452,2025-10-28,complete
2025-10-28,0.00,14068.15,1,2197997.92,last_posted_transaction_or_prior_closing_balance,synb1_txn_cd4a3da0c486ca90c010d563,trusted,cn_public_2022_2026_cycles_1_0,public_schedule_without_transaction_override,True,453,2025-10-29,complete
2025-10-29,0.00,0.00,0,2197997.92,last_posted_transaction_or_prior_closing_balance,,trusted,cn_public_2022_2026_cycles_1_0,public_schedule_without_transaction_override,True,454,2025-10-30,complete
2025-10-30,0.00,0.00,0,2197997.92,last_posted_transaction_or_prior_closing_balance,,trusted,cn_public_2022_2026_cycles_1_0,public_schedule_without_transaction_override,True,455,2025-10-31,complete
2025-10-31,0.00,0.00,0,2197997.92,last_posted_transaction_or_prior_closing_balance,,trusted,cn_public_2022_2026_cycles_1_0,public_schedule_without_transaction_override,True,456,2025-11-03,complete
2025-11-01,0.00,0.00,0,2197997.92,last_posted_transaction_or_prior_closing_balance,,trusted,cn_public_2022_2026_cycles_1_0,public_schedule_without_transaction_override,False,,,complete
2025-11-02,0.00,0.00,0,2197997.92,last_posted_transaction_or_prior_closing_balance,,trusted,cn_public_2022_2026_cycles_1_0,public_schedule_without_transaction_override,False,,,complete
2025-11-03,0.00,10694.56,1,2187303.36,last_posted_transaction_or_prior_closing_balance,synb1_txn_30f8e30317311eb191cf7531,trusted,cn_public_2022_2026_cycles_1_0,public_schedule_without_transaction_override,True,457,2025-11-04,complete
2025-11-04,7689.72,44671.80,3,2150321.28,last_posted_transaction_or_prior_closing_balance,synb1_txn_6be6a5d98c37c03c04345ee0,trusted,cn_public_2022_2026_cycles_1_0,public_schedule_without_transaction_override,True,458,2025-11-05,complete
2025-11-05,0.00,19831.00,2,2130490.28,last_posted_transaction_or_prior_closing_balance,synb1_txn_d1a1328926d8c3ebfc2c2726,trusted,cn_public_2022_2026_cycles_1_0,public_schedule_without_transaction_override,True,459,2025-11-06,complete
2025-11-06,0.00,0.00,0,2130490.28,last_posted_transaction_or_prior_closing_balance,,trusted,cn_public_2022_2026_cycles_1_0,public_schedule_without_transaction_override,True,460,2025-11-07,complete
2025-11-07,61536.33,26500.00,2,2165526.61,last_posted_transaction_or_prior_closing_balance,synb1_txn_7c57351daa8f9007df486a67,trusted,cn_public_2022_2026_cycles_1_0,public_schedule_without_transaction_override,True,461,2025-11-10,complete
2025-11-08,0.00,0.00,0,2165526.61,last_posted_transaction_or_prior_closing_balance,,trusted,cn_public_2022_2026_cycles_1_0,public_schedule_without_transaction_override,False,,,complete
2025-11-09,0.00,0.00,0,2165526.61,last_posted_transaction_or_prior_closing_balance,,trusted,cn_public_2022_2026_cycles_1_0,public_schedule_without_transaction_override,False,,,complete
2025-11-10,0.00,0.00,0,2165526.61,last_posted_transaction_or_prior_closing_balance,,trusted,cn_public_2022_2026_cycles_1_0,public_schedule_without_transaction_override,True,462,2025-11-11,complete
2025-11-11,0.00,0.00,0,2165526.61,last_posted_transaction_or_prior_closing_balance,,trusted,cn_public_2022_2026_cycles_1_0,public_schedule_without_transaction_override,True,463,2025-11-12,complete
2025-11-12,0.00,0.00,0,2165526.61,last_posted_transaction_or_prior_closing_balance,,trusted,cn_public_2022_2026_cycles_1_0,public_schedule_without_transaction_override,True,464,2025-11-13,complete
2025-11-13,0.00,16691.32,2,2148835.29,last_posted_transaction_or_prior_closing_balance,synb1_txn_808005c7c7dea85172dad348,trusted,cn_public_2022_2026_cycles_1_0,public_schedule_without_transaction_override,True,465,2025-11-14,complete
2025-11-14,0.00,0.00,0,2148835.29,last_posted_transaction_or_prior_closing_balance,,trusted,cn_public_2022_2026_cycles_1_0,public_schedule_without_transaction_override,True,466,2025-11-17,complete
2025-11-15,22363.26,0.00,1,2171198.55,last_posted_transaction_or_prior_closing_balance,synb1_txn_ca233e896585acb3b6cfcd02,trusted,cn_public_2022_2026_cycles_1_0,public_schedule_without_transaction_override,False,,,complete
2025-11-16,0.00,5233.54,1,2165965.01,last_posted_transaction_or_prior_closing_balance,synb1_txn_7525304e505c36c73a02f825,trusted,cn_public_2022_2026_cycles_1_0,public_schedule_without_transaction_override,False,,,complete
2025-11-17,0.00,0.00,0,2165965.01,last_posted_transaction_or_prior_closing_balance,,trusted,cn_public_2022_2026_cycles_1_0,public_schedule_without_transaction_override,True,467,2025-11-18,complete
2025-11-18,29580.14,4334.94,4,2191210.21,last_posted_transaction_or_prior_closing_balance,synb1_txn_007a616d0bf5888005679e3c,trusted,cn_public_2022_2026_cycles_1_0,public_schedule_without_transaction_override,True,468,2025-11-19,complete
2025-11-19,42794.52,333.10,3,2233671.63,last_posted_transaction_or_prior_closing_balance,synb1_txn_b985d0fd4c4aaa0c4e8e5ed3,trusted,cn_public_2022_2026_cycles_1_0,public_schedule_without_transaction_override,True,469,2025-11-20,complete
2025-11-20,8817.47,0.00,1,2242489.10,last_posted_transaction_or_prior_closing_balance,synb1_txn_798ffa5ea34f9afcdd565854,trusted,cn_public_2022_2026_cycles_1_0,public_schedule_without_transaction_override,True,470,2025-11-21,complete
2025-11-21,0.00,5440.92,1,2237048.18,last_posted_transaction_or_prior_closing_balance,synb1_txn_d39585f59ac64da750b24fba,trusted,cn_public_2022_2026_cycles_1_0,public_schedule_without_transaction_override,True,471,2025-11-24,complete
2025-11-22,7485.85,0.00,1,2244534.03,last_posted_transaction_or_prior_closing_balance,synb1_txn_d5ad2bc5e6f3517cfee01bc9,trusted,cn_public_2022_2026_cycles_1_0,public_schedule_without_transaction_override,False,,,complete
2025-11-23,0.00,0.00,0,2244534.03,last_posted_transaction_or_prior_closing_balance,,trusted,cn_public_2022_2026_cycles_1_0,public_schedule_without_transaction_override,False,,,complete
2025-11-24,0.00,0.00,0,2244534.03,last_posted_transaction_or_prior_closing_balance,,trusted,cn_public_2022_2026_cycles_1_0,public_schedule_without_transaction_override,True,472,2025-11-25,complete
2025-11-25,0.00,8673.38,2,2235860.65,last_posted_transaction_or_prior_closing_balance,synb1_txn_27720c02e2d0d2ccfa5b9790,trusted,cn_public_2022_2026_cycles_1_0,public_schedule_without_transaction_override,True,473,2025-11-26,complete
2025-11-26,0.00,1.23,1,2235859.42,last_posted_transaction_or_prior_closing_balance,synb1_txn_82f2aa4951afefad1aa4ac37,trusted,cn_public_2022_2026_cycles_1_0,public_schedule_without_transaction_override,True,474,2025-11-27,complete
2025-11-27,1577.71,0.00,1,2237437.13,last_posted_transaction_or_prior_closing_balance,synb1_txn_67bfec97f2e22722d8d5836d,trusted,cn_public_2022_2026_cycles_1_0,public_schedule_without_transaction_override,True,475,2025-11-28,complete
2025-11-28,0.00,8657.57,1,2228779.56,last_posted_transaction_or_prior_closing_balance,synb1_txn_4492c30673bbaff4e34b174b,trusted,cn_public_2022_2026_cycles_1_0,public_schedule_without_transaction_override,True,476,2025-12-01,complete
2025-11-29,0.00,0.00,0,2228779.56,last_posted_transaction_or_prior_closing_balance,,trusted,cn_public_2022_2026_cycles_1_0,public_schedule_without_transaction_override,False,,,complete
2025-11-30,0.00,0.00,0,2228779.56,last_posted_transaction_or_prior_closing_balance,,trusted,cn_public_2022_2026_cycles_1_0,public_schedule_without_transaction_override,False,,,complete
2025-12-01,0.00,0.00,0,2228779.56,last_posted_transaction_or_prior_closing_balance,,trusted,cn_public_2022_2026_cycles_1_0,public_schedule_without_transaction_override,True,477,2025-12-02,complete
2025-12-02,15648.06,0.00,1,2244427.62,last_posted_transaction_or_prior_closing_balance,synb1_txn_f50bf20aa483adea1b31ef7e,trusted,cn_public_2022_2026_cycles_1_0,public_schedule_without_transaction_override,True,478,2025-12-03,complete
2025-12-03,0.00,0.00,0,2244427.62,last_posted_transaction_or_prior_closing_balance,,trusted,cn_public_2022_2026_cycles_1_0,public_schedule_without_transaction_override,True,479,2025-12-04,complete
2025-12-04,0.00,0.00,0,2244427.62,last_posted_transaction_or_prior_closing_balance,,trusted,cn_public_2022_2026_cycles_1_0,public_schedule_without_transaction_override,True,480,2025-12-05,complete
2025-12-05,0.00,6500.00,1,2237927.62,last_posted_transaction_or_prior_closing_balance,synb1_txn_3e9e3099a10351955c89ac9a,trusted,cn_public_2022_2026_cycles_1_0,public_schedule_without_transaction_override,True,481,2025-12-08,complete
2025-12-06,0.00,40033.13,1,2197894.49,last_posted_transaction_or_prior_closing_balance,synb1_txn_87787a2f449ffff8e13dc395,trusted,cn_public_2022_2026_cycles_1_0,public_schedule_without_transaction_override,False,,,complete
2025-12-07,0.00,26500.00,1,2171394.49,last_posted_transaction_or_prior_closing_balance,synb1_txn_3db61c253507187dbeff2417,trusted,cn_public_2022_2026_cycles_1_0,public_schedule_without_transaction_override,False,,,complete
2025-12-08,0.00,0.00,0,2171394.49,last_posted_transaction_or_prior_closing_balance,,trusted,cn_public_2022_2026_cycles_1_0,public_schedule_without_transaction_override,True,482,2025-12-09,complete
2025-12-09,0.00,0.00,0,2171394.49,last_posted_transaction_or_prior_closing_balance,,trusted,cn_public_2022_2026_cycles_1_0,public_schedule_without_transaction_override,True,483,2025-12-10,complete
2025-12-10,0.00,0.00,0,2171394.49,last_posted_transaction_or_prior_closing_balance,,trusted,cn_public_2022_2026_cycles_1_0,public_schedule_without_transaction_override,True,484,2025-12-11,complete
2025-12-11,21719.51,0.00,1,2193114.00,last_posted_transaction_or_prior_closing_balance,synb1_txn_0e4c7be11ee2262e0eb0df83,trusted,cn_public_2022_2026_cycles_1_0,public_schedule_without_transaction_override,True,485,2025-12-12,complete
2025-12-12,2442.01,0.00,1,2195556.01,last_posted_transaction_or_prior_closing_balance,synb1_txn_471a8ede5b6c707fafaebba8,trusted,cn_public_2022_2026_cycles_1_0,public_schedule_without_transaction_override,True,486,2025-12-15,complete
2025-12-13,0.00,0.00,0,2195556.01,last_posted_transaction_or_prior_closing_balance,,trusted,cn_public_2022_2026_cycles_1_0,public_schedule_without_transaction_override,False,,,complete
2025-12-14,256.52,13030.06,4,2182782.47,last_posted_transaction_or_prior_closing_balance,synb1_txn_b7b9ca1d887f417ffe9cd1c2,trusted,cn_public_2022_2026_cycles_1_0,public_schedule_without_transaction_override,False,,,complete
2025-12-15,2610.37,233.82,2,2185159.02,last_posted_transaction_or_prior_closing_balance,synb1_txn_5efc9b76ddccae306e553a8b,trusted,cn_public_2022_2026_cycles_1_0,public_schedule_without_transaction_override,True,487,2025-12-16,complete
2025-12-16,0.00,440.64,1,2184718.38,last_posted_transaction_or_prior_closing_balance,synb1_txn_0c83fd0dd4ddeb8dbc63ca79,trusted,cn_public_2022_2026_cycles_1_0,public_schedule_without_transaction_override,True,488,2025-12-17,complete
2025-12-17,0.00,2751.14,1,2181967.24,last_posted_transaction_or_prior_closing_balance,synb1_txn_b0b2d3481c60a0d2c17428de,trusted,cn_public_2022_2026_cycles_1_0,public_schedule_without_transaction_override,True,489,2025-12-18,complete
2025-12-18,15089.29,1199.52,4,2195857.01,last_posted_transaction_or_prior_closing_balance,synb1_txn_1c50fedbeb1100aadc6d2ac9,trusted,cn_public_2022_2026_cycles_1_0,public_schedule_without_transaction_override,True,490,2025-12-19,complete
2025-12-19,0.00,0.00,0,2195857.01,last_posted_transaction_or_prior_closing_balance,,trusted,cn_public_2022_2026_cycles_1_0,public_schedule_without_transaction_override,True,491,2025-12-22,complete
2025-12-20,0.00,0.00,0,2195857.01,last_posted_transaction_or_prior_closing_balance,,trusted,cn_public_2022_2026_cycles_1_0,public_schedule_without_transaction_override,False,,,complete
2025-12-21,0.00,81015.90,1,2114841.11,last_posted_transaction_or_prior_closing_balance,synb1_txn_8d44acfe69b44956326946a2,trusted,cn_public_2022_2026_cycles_1_0,public_schedule_without_transaction_override,False,,,complete
2025-12-22,0.00,13297.51,2,2101543.60,last_posted_transaction_or_prior_closing_balance,synb1_txn_a2faa83d9753700917a4e721,trusted,cn_public_2022_2026_cycles_1_0,public_schedule_without_transaction_override,True,492,2025-12-23,complete
2025-12-23,0.00,1183.25,1,2100360.35,last_posted_transaction_or_prior_closing_balance,synb1_txn_580249163ee7e6ba42d209ea,trusted,cn_public_2022_2026_cycles_1_0,public_schedule_without_transaction_override,True,493,2025-12-24,complete
2025-12-24,65885.85,0.00,1,2166246.20,last_posted_transaction_or_prior_closing_balance,synb1_txn_f7a429d6b67a8f238c5cbb8c,trusted,cn_public_2022_2026_cycles_1_0,public_schedule_without_transaction_override,True,494,2025-12-25,complete
2025-12-25,0.00,3071.03,1,2163175.17,last_posted_transaction_or_prior_closing_balance,synb1_txn_1167b11dfeb81e726c5ed834,trusted,cn_public_2022_2026_cycles_1_0,public_schedule_without_transaction_override,True,495,2025-12-26,complete
2025-12-26,30878.39,0.00,2,2194053.56,last_posted_transaction_or_prior_closing_balance,synb1_txn_f15580e3595dd1a907da54ce,trusted,cn_public_2022_2026_cycles_1_0,public_schedule_without_transaction_override,True,496,2025-12-29,complete
2025-12-27,0.00,0.00,0,2194053.56,last_posted_transaction_or_prior_closing_balance,,trusted,cn_public_2022_2026_cycles_1_0,public_schedule_without_transaction_override,False,,,complete
2025-12-28,0.00,0.00,0,2194053.56,last_posted_transaction_or_prior_closing_balance,,trusted,cn_public_2022_2026_cycles_1_0,public_schedule_without_transaction_override,False,,,complete
2025-12-29,0.00,0.00,0,2194053.56,last_posted_transaction_or_prior_closing_balance,,trusted,cn_public_2022_2026_cycles_1_0,public_schedule_without_transaction_override,True,497,2025-12-30,complete
2025-12-30,0.00,0.00,0,2194053.56,last_posted_transaction_or_prior_closing_balance,,trusted,cn_public_2022_2026_cycles_1_0,public_schedule_without_transaction_override,True,498,2025-12-31,complete
2025-12-31,0.00,0.00,0,2194053.56,last_posted_transaction_or_prior_closing_balance,,trusted,cn_public_2022_2026_cycles_1_0,public_schedule_without_transaction_override,True,499,2026-01-04,complete
