calendar_date,inflow_cny,outflow_cny,transaction_count,ending_balance_cny,day_cut_basis,source_last_transaction_id,reconciliation_status,calendar_source,calendar_inference_status,is_bank_workday,business_step,target_date,execution_status
2025-01-01,3600000.00,0.00,1,3600000.00,last_posted_transaction_or_prior_closing_balance,synb1_txn_9feff24d1027ce4bd757c77d,trusted,historical_transaction_override,historical_transaction_override,True,1,2025-01-02,complete
2025-01-02,0.00,0.00,0,3600000.00,last_posted_transaction_or_prior_closing_balance,,trusted,weekday_rule,base_calendar,True,2,2025-01-03,complete
2025-01-03,0.00,107968.33,2,3492031.67,last_posted_transaction_or_prior_closing_balance,synb1_txn_7d0b52b816fa89c3ff2f6cbf,trusted,weekday_rule,base_calendar,True,3,2025-01-06,complete
2025-01-04,0.00,0.00,0,3492031.67,last_posted_transaction_or_prior_closing_balance,,trusted,weekday_rule,base_calendar,False,,,complete
2025-01-05,0.00,0.00,0,3492031.67,last_posted_transaction_or_prior_closing_balance,,trusted,weekday_rule,base_calendar,False,,,complete
2025-01-06,0.00,0.00,0,3492031.67,last_posted_transaction_or_prior_closing_balance,,trusted,weekday_rule,base_calendar,True,4,2025-01-07,complete
2025-01-07,0.00,168580.60,1,3323451.07,last_posted_transaction_or_prior_closing_balance,synb1_txn_60ca2f665e744266ffc226f1,trusted,weekday_rule,base_calendar,True,5,2025-01-08,complete
2025-01-08,0.00,0.00,0,3323451.07,last_posted_transaction_or_prior_closing_balance,,trusted,weekday_rule,base_calendar,True,6,2025-01-09,complete
2025-01-09,0.00,33580.24,1,3289870.83,last_posted_transaction_or_prior_closing_balance,synb1_txn_00748fa73fe72008a173232a,trusted,weekday_rule,base_calendar,True,7,2025-01-10,complete
2025-01-10,0.00,0.00,0,3289870.83,last_posted_transaction_or_prior_closing_balance,,trusted,weekday_rule,base_calendar,True,8,2025-01-12,complete
2025-01-11,0.00,0.00,0,3289870.83,last_posted_transaction_or_prior_closing_balance,,trusted,weekday_rule,base_calendar,False,,,complete
2025-01-12,0.00,26510.73,1,3263360.10,last_posted_transaction_or_prior_closing_balance,synb1_txn_22e9ca87439aca4453409414,trusted,historical_transaction_override,historical_transaction_override,True,9,2025-01-13,complete
2025-01-13,23038.54,0.00,1,3286398.64,last_posted_transaction_or_prior_closing_balance,synb1_txn_017a4c5bb8a4fb8d8a91c5be,trusted,weekday_rule,base_calendar,True,10,2025-01-14,complete
2025-01-14,0.00,0.00,0,3286398.64,last_posted_transaction_or_prior_closing_balance,,trusted,weekday_rule,base_calendar,True,11,2025-01-15,complete
2025-01-15,0.00,0.00,0,3286398.64,last_posted_transaction_or_prior_closing_balance,,trusted,weekday_rule,base_calendar,True,12,2025-01-16,complete
2025-01-16,0.00,15474.95,1,3270923.69,last_posted_transaction_or_prior_closing_balance,synb1_txn_9e269ac29ab411f1e2b572f2,trusted,weekday_rule,base_calendar,True,13,2025-01-17,complete
2025-01-17,47996.97,0.00,1,3318920.66,last_posted_transaction_or_prior_closing_balance,synb1_txn_4c23d917e43a46f133ea67c4,trusted,weekday_rule,base_calendar,True,14,2025-01-19,complete
2025-01-18,0.00,0.00,0,3318920.66,last_posted_transaction_or_prior_closing_balance,,trusted,weekday_rule,base_calendar,False,,,complete
2025-01-19,0.00,16881.77,1,3302038.89,last_posted_transaction_or_prior_closing_balance,synb1_txn_55c520fade337e223d8aa79d,trusted,historical_transaction_override,historical_transaction_override,True,15,2025-01-20,complete
2025-01-20,0.00,29844.51,1,3272194.38,last_posted_transaction_or_prior_closing_balance,synb1_txn_4f301726dae80d89c9287f37,trusted,weekday_rule,base_calendar,True,16,2025-01-21,complete
2025-01-21,49916.87,0.00,1,3322111.25,last_posted_transaction_or_prior_closing_balance,synb1_txn_bb53507beac78e59a1ab1a39,trusted,weekday_rule,base_calendar,True,17,2025-01-22,complete
2025-01-22,0.00,0.00,0,3322111.25,last_posted_transaction_or_prior_closing_balance,,trusted,weekday_rule,base_calendar,True,18,2025-01-23,complete
2025-01-23,0.00,32557.65,1,3289553.60,last_posted_transaction_or_prior_closing_balance,synb1_txn_347ed20e34818d94c854dcf0,trusted,weekday_rule,base_calendar,True,19,2025-01-24,complete
2025-01-24,0.00,32843.24,1,3256710.36,last_posted_transaction_or_prior_closing_balance,synb1_txn_bee49acfd94c870d8f1f97d7,trusted,weekday_rule,base_calendar,True,20,2025-01-25,complete
2025-01-25,0.00,81940.21,2,3174770.15,last_posted_transaction_or_prior_closing_balance,synb1_txn_a9a128092c8172932d6b6ba1,trusted,historical_transaction_override,historical_transaction_override,True,21,2025-01-26,complete
2025-01-26,0.00,0.00,0,3174770.15,last_posted_transaction_or_prior_closing_balance,,trusted,gov_cn_2025_holiday_schedule_v1,base_calendar,True,22,2025-01-27,complete
2025-01-27,0.00,13380.58,1,3161389.57,last_posted_transaction_or_prior_closing_balance,synb1_txn_fbd99ecd672a9deeaca5b8ff,trusted,weekday_rule,base_calendar,True,23,2025-01-28,complete
2025-01-28,28038.95,12326.36,2,3177102.16,last_posted_transaction_or_prior_closing_balance,synb1_txn_1a4628befa077e5d81365e4c,trusted,historical_transaction_override,historical_transaction_override,True,24,2025-01-29,complete
2025-01-29,47876.98,0.00,1,3224979.14,last_posted_transaction_or_prior_closing_balance,synb1_txn_bd89c41af20012481361068c,trusted,historical_transaction_override,historical_transaction_override,True,25,2025-01-30,complete
2025-01-30,0.00,20376.21,1,3204602.93,last_posted_transaction_or_prior_closing_balance,synb1_txn_96f066bbbade899d3e559041,trusted,historical_transaction_override,historical_transaction_override,True,26,2025-01-31,complete
2025-01-31,22174.60,17989.80,2,3208787.73,last_posted_transaction_or_prior_closing_balance,synb1_txn_8af6a89abe0a77e75eaa2a86,trusted,historical_transaction_override,historical_transaction_override,True,27,2025-02-01,complete
2025-02-01,18142.85,0.00,1,3226930.58,last_posted_transaction_or_prior_closing_balance,synb1_txn_623f663ea20c9f0ac2dff0d6,trusted,historical_transaction_override,historical_transaction_override,True,28,2025-02-02,complete
2025-02-02,19150.79,38790.27,3,3207291.10,last_posted_transaction_or_prior_closing_balance,synb1_txn_3080cc297367db166185c145,trusted,historical_transaction_override,historical_transaction_override,True,29,2025-02-03,complete
2025-02-03,0.00,66957.58,2,3140333.52,last_posted_transaction_or_prior_closing_balance,synb1_txn_3e1d0483643f2b2554d8eb36,trusted,historical_transaction_override,historical_transaction_override,True,30,2025-02-04,complete
2025-02-04,36990.55,0.00,2,3177324.07,last_posted_transaction_or_prior_closing_balance,synb1_txn_66d0986353b499c246516cd7,trusted,historical_transaction_override,historical_transaction_override,True,31,2025-02-05,complete
2025-02-05,44532.48,10169.24,2,3211687.31,last_posted_transaction_or_prior_closing_balance,synb1_txn_625a27773af2d63d19e826c5,trusted,weekday_rule,base_calendar,True,32,2025-02-06,complete
2025-02-06,42837.30,0.00,2,3254524.61,last_posted_transaction_or_prior_closing_balance,synb1_txn_5693441c721ce0ec4a592ec9,trusted,weekday_rule,base_calendar,True,33,2025-02-07,complete
2025-02-07,0.00,168580.60,1,3085944.01,last_posted_transaction_or_prior_closing_balance,synb1_txn_10a8a3a573456b124d877962,trusted,weekday_rule,base_calendar,True,34,2025-02-08,complete
2025-02-08,46759.79,0.00,2,3132703.80,last_posted_transaction_or_prior_closing_balance,synb1_txn_0f810d4190f51b54e6986453,trusted,gov_cn_2025_holiday_schedule_v1,base_calendar,True,35,2025-02-09,complete
2025-02-09,33261.91,0.00,1,3165965.71,last_posted_transaction_or_prior_closing_balance,synb1_txn_e1f8d83df35923fec3e4b5fc,trusted,historical_transaction_override,historical_transaction_override,True,36,2025-02-10,complete
2025-02-10,36688.88,26311.53,2,3176343.06,last_posted_transaction_or_prior_closing_balance,synb1_txn_1b50cc5a498dfe33408786c6,trusted,weekday_rule,base_calendar,True,37,2025-02-11,complete
2025-02-11,0.00,0.00,0,3176343.06,last_posted_transaction_or_prior_closing_balance,,trusted,weekday_rule,base_calendar,True,38,2025-02-12,complete
2025-02-12,45265.52,0.00,1,3221608.58,last_posted_transaction_or_prior_closing_balance,synb1_txn_44550b2644f8bc6b619fca82,trusted,weekday_rule,base_calendar,True,39,2025-02-13,complete
2025-02-13,40821.44,23388.03,2,3239041.99,last_posted_transaction_or_prior_closing_balance,synb1_txn_8a167e32ad0fc9a4c04703e2,trusted,weekday_rule,base_calendar,True,40,2025-02-14,complete
2025-02-14,19755.56,13361.61,2,3245435.94,last_posted_transaction_or_prior_closing_balance,synb1_txn_d46cdc19b5b70afcca3b0ccb,trusted,weekday_rule,base_calendar,True,41,2025-02-15,complete
2025-02-15,24394.92,0.00,1,3269830.86,last_posted_transaction_or_prior_closing_balance,synb1_txn_e35ac223079f17ff9bfc6745,trusted,historical_transaction_override,historical_transaction_override,True,42,2025-02-17,complete
2025-02-16,0.00,0.00,0,3269830.86,last_posted_transaction_or_prior_closing_balance,,trusted,weekday_rule,base_calendar,False,,,complete
2025-02-17,31750.02,79449.67,4,3222131.21,last_posted_transaction_or_prior_closing_balance,synb1_txn_075be3510561ded279425cc7,trusted,weekday_rule,base_calendar,True,43,2025-02-18,complete
2025-02-18,0.00,0.00,0,3222131.21,last_posted_transaction_or_prior_closing_balance,,trusted,weekday_rule,base_calendar,True,44,2025-02-19,complete
2025-02-19,37405.55,0.00,1,3259536.76,last_posted_transaction_or_prior_closing_balance,synb1_txn_b7d6b56fd9b5264a58abfdd0,trusted,weekday_rule,base_calendar,True,45,2025-02-20,complete
2025-02-20,0.00,43208.61,2,3216328.15,last_posted_transaction_or_prior_closing_balance,synb1_txn_2ffaa2e70f26f53d8ca898b5,trusted,weekday_rule,base_calendar,True,46,2025-02-21,complete
2025-02-21,0.00,20251.09,1,3196077.06,last_posted_transaction_or_prior_closing_balance,synb1_txn_db08186783e5f6e487e15d7c,trusted,weekday_rule,base_calendar,True,47,2025-02-23,complete
2025-02-22,0.00,0.00,0,3196077.06,last_posted_transaction_or_prior_closing_balance,,trusted,weekday_rule,base_calendar,False,,,complete
2025-02-23,91000.04,15449.37,4,3271627.73,last_posted_transaction_or_prior_closing_balance,synb1_txn_74e235c45e178733a8b90f20,trusted,historical_transaction_override,historical_transaction_override,True,48,2025-02-24,complete
2025-02-24,0.00,11138.11,1,3260489.62,last_posted_transaction_or_prior_closing_balance,synb1_txn_66dc2c3565a48ea98b15c512,trusted,weekday_rule,base_calendar,True,49,2025-02-25,complete
2025-02-25,0.00,64221.09,1,3196268.53,last_posted_transaction_or_prior_closing_balance,synb1_txn_050f4dc65af93c682c48815a,trusted,weekday_rule,base_calendar,True,50,2025-02-26,complete
2025-02-26,0.00,8092.53,1,3188176.00,last_posted_transaction_or_prior_closing_balance,synb1_txn_1312caf14d2cb89c8014df39,trusted,weekday_rule,base_calendar,True,51,2025-02-27,complete
2025-02-27,150126.74,0.00,4,3338302.74,last_posted_transaction_or_prior_closing_balance,synb1_txn_35baf51a8c31a575881dc3e7,trusted,weekday_rule,base_calendar,True,52,2025-02-28,complete
2025-02-28,0.00,8858.81,3,3329443.93,last_posted_transaction_or_prior_closing_balance,synb1_txn_045d5e41f22720829020fbda,trusted,weekday_rule,base_calendar,True,53,2025-03-03,complete
2025-03-01,0.00,0.00,0,3329443.93,last_posted_transaction_or_prior_closing_balance,,trusted,weekday_rule,base_calendar,False,,,complete
2025-03-02,0.00,0.00,0,3329443.93,last_posted_transaction_or_prior_closing_balance,,trusted,weekday_rule,base_calendar,False,,,complete
2025-03-03,113124.24,67074.79,6,3375493.38,last_posted_transaction_or_prior_closing_balance,synb1_txn_41eb3f72f266a023d5b1d09c,trusted,weekday_rule,base_calendar,True,54,2025-03-04,complete
2025-03-04,0.00,0.00,0,3375493.38,last_posted_transaction_or_prior_closing_balance,,trusted,weekday_rule,base_calendar,True,55,2025-03-05,complete
2025-03-05,25347.85,0.00,1,3400841.23,last_posted_transaction_or_prior_closing_balance,synb1_txn_c7b8a51ab4df7553e8efe935,trusted,weekday_rule,base_calendar,True,56,2025-03-06,complete
2025-03-06,0.00,40308.81,2,3360532.42,last_posted_transaction_or_prior_closing_balance,synb1_txn_ce9901dd8acefda805f2396b,trusted,weekday_rule,base_calendar,True,57,2025-03-07,complete
2025-03-07,84532.46,168580.60,3,3276484.28,last_posted_transaction_or_prior_closing_balance,synb1_txn_6fefed8d5e74be6250874fb9,trusted,weekday_rule,base_calendar,True,58,2025-03-09,complete
2025-03-08,0.00,0.00,0,3276484.28,last_posted_transaction_or_prior_closing_balance,,trusted,weekday_rule,base_calendar,False,,,complete
2025-03-09,22306.11,37368.10,2,3261422.29,last_posted_transaction_or_prior_closing_balance,synb1_txn_b04efdee1a8bb60291fadb73,trusted,historical_transaction_override,historical_transaction_override,True,59,2025-03-10,complete
2025-03-10,0.00,0.00,0,3261422.29,last_posted_transaction_or_prior_closing_balance,,trusted,weekday_rule,base_calendar,True,60,2025-03-11,complete
2025-03-11,0.00,0.00,0,3261422.29,last_posted_transaction_or_prior_closing_balance,,trusted,weekday_rule,base_calendar,True,61,2025-03-12,complete
2025-03-12,0.00,0.00,0,3261422.29,last_posted_transaction_or_prior_closing_balance,,trusted,weekday_rule,base_calendar,True,62,2025-03-13,complete
2025-03-13,51367.26,0.00,2,3312789.55,last_posted_transaction_or_prior_closing_balance,synb1_txn_c4891bd64b968d8f47d57608,trusted,weekday_rule,base_calendar,True,63,2025-03-14,complete
2025-03-14,0.00,0.00,0,3312789.55,last_posted_transaction_or_prior_closing_balance,,trusted,weekday_rule,base_calendar,True,64,2025-03-17,complete
2025-03-15,0.00,0.00,0,3312789.55,last_posted_transaction_or_prior_closing_balance,,trusted,weekday_rule,base_calendar,False,,,complete
2025-03-16,0.00,0.00,0,3312789.55,last_posted_transaction_or_prior_closing_balance,,trusted,weekday_rule,base_calendar,False,,,complete
2025-03-17,22753.81,8663.84,2,3326879.52,last_posted_transaction_or_prior_closing_balance,synb1_txn_b0fba7be755aefbca32b5d4b,trusted,weekday_rule,base_calendar,True,65,2025-03-18,complete
2025-03-18,0.00,29052.02,1,3297827.50,last_posted_transaction_or_prior_closing_balance,synb1_txn_c61a736ffd8d4b936666ceb4,trusted,weekday_rule,base_calendar,True,66,2025-03-19,complete
2025-03-19,0.00,10846.09,1,3286981.41,last_posted_transaction_or_prior_closing_balance,synb1_txn_7cc5b05dc656b995a42e93a8,trusted,weekday_rule,base_calendar,True,67,2025-03-20,complete
2025-03-20,26692.47,31640.76,3,3282033.12,last_posted_transaction_or_prior_closing_balance,synb1_txn_beb3f53ee346b61a29af802d,trusted,weekday_rule,base_calendar,True,68,2025-03-21,complete
2025-03-21,58188.29,49420.99,4,3290800.42,last_posted_transaction_or_prior_closing_balance,synb1_txn_77870154baa47acbf05d1285,trusted,weekday_rule,base_calendar,True,69,2025-03-22,complete
2025-03-22,0.00,31333.15,1,3259467.27,last_posted_transaction_or_prior_closing_balance,synb1_txn_bbafdd63ddbd0d4d7da23308,trusted,historical_transaction_override,historical_transaction_override,True,70,2025-03-23,complete
2025-03-23,0.00,29291.14,1,3230176.13,last_posted_transaction_or_prior_closing_balance,synb1_txn_111eaf937658656a1da843d5,trusted,historical_transaction_override,historical_transaction_override,True,71,2025-03-24,complete
2025-03-24,35589.97,69711.54,4,3196054.56,last_posted_transaction_or_prior_closing_balance,synb1_txn_5a40f97a9f144be5271885e5,trusted,weekday_rule,base_calendar,True,72,2025-03-25,complete
2025-03-25,18632.97,64221.09,2,3150466.44,last_posted_transaction_or_prior_closing_balance,synb1_txn_efc8e69fdb7e2504304a9418,trusted,weekday_rule,base_calendar,True,73,2025-03-26,complete
2025-03-26,0.00,0.00,0,3150466.44,last_posted_transaction_or_prior_closing_balance,,trusted,weekday_rule,base_calendar,True,74,2025-03-27,complete
2025-03-27,26692.47,41622.04,3,3135536.87,last_posted_transaction_or_prior_closing_balance,synb1_txn_09795134794d948101e7b356,trusted,weekday_rule,base_calendar,True,75,2025-03-28,complete
2025-03-28,44487.47,25589.90,5,3154434.44,last_posted_transaction_or_prior_closing_balance,synb1_txn_1c7c24d92620bc7781409027,trusted,weekday_rule,base_calendar,True,76,2025-03-29,complete
2025-03-29,53828.60,0.00,1,3208263.04,last_posted_transaction_or_prior_closing_balance,synb1_txn_18f6184ca2f33c2069f9ccc9,trusted,historical_transaction_override,historical_transaction_override,True,77,2025-03-31,complete
2025-03-30,0.00,0.00,0,3208263.04,last_posted_transaction_or_prior_closing_balance,,trusted,weekday_rule,base_calendar,False,,,complete
2025-03-31,46962.69,19121.26,3,3236104.47,last_posted_transaction_or_prior_closing_balance,synb1_txn_7344ce3eb1e85262703f3d27,trusted,weekday_rule,base_calendar,True,78,2025-04-01,complete
2025-04-01,0.00,0.00,0,3236104.47,last_posted_transaction_or_prior_closing_balance,,trusted,weekday_rule,base_calendar,True,79,2025-04-02,complete
2025-04-02,46421.70,0.00,1,3282526.17,last_posted_transaction_or_prior_closing_balance,synb1_txn_b0c5b17c9925a99f267c8b5c,trusted,weekday_rule,base_calendar,True,80,2025-04-03,complete
2025-04-03,0.00,47968.33,1,3234557.84,last_posted_transaction_or_prior_closing_balance,synb1_txn_60c5bd30ca35b1c6324641d2,trusted,weekday_rule,base_calendar,True,81,2025-04-04,complete
2025-04-04,50775.92,0.00,2,3285333.76,last_posted_transaction_or_prior_closing_balance,synb1_txn_f3091857276d313218c6f883,trusted,historical_transaction_override,historical_transaction_override,True,82,2025-04-06,complete
2025-04-05,0.00,0.00,0,3285333.76,last_posted_transaction_or_prior_closing_balance,,trusted,gov_cn_2025_holiday_schedule_v1,base_calendar,False,,,complete
2025-04-06,39458.44,0.00,1,3324792.20,last_posted_transaction_or_prior_closing_balance,synb1_txn_c2a6c19756ca8f1185a37c46,trusted,historical_transaction_override,historical_transaction_override,True,83,2025-04-07,complete
2025-04-07,0.00,168580.60,1,3156211.60,last_posted_transaction_or_prior_closing_balance,synb1_txn_9f32bc7449f5b3f0d1830ee8,trusted,weekday_rule,base_calendar,True,84,2025-04-08,complete
2025-04-08,16055.63,0.00,1,3172267.23,last_posted_transaction_or_prior_closing_balance,synb1_txn_60cadb0cb0f8c7da5ce79c09,trusted,weekday_rule,base_calendar,True,85,2025-04-09,complete
2025-04-09,40815.08,0.00,1,3213082.31,last_posted_transaction_or_prior_closing_balance,synb1_txn_ac3e0c3def1ef7afed244d10,trusted,weekday_rule,base_calendar,True,86,2025-04-10,complete
2025-04-10,62510.47,0.00,3,3275592.78,last_posted_transaction_or_prior_closing_balance,synb1_txn_f9d95f9d422d7181303deeaf,trusted,weekday_rule,base_calendar,True,87,2025-04-11,complete
2025-04-11,0.00,10472.08,1,3265120.70,last_posted_transaction_or_prior_closing_balance,synb1_txn_0000b6b2a6662bf625df2137,trusted,weekday_rule,base_calendar,True,88,2025-04-12,complete
2025-04-12,0.00,17119.80,1,3248000.90,last_posted_transaction_or_prior_closing_balance,synb1_txn_292d8ba0af8778d4b286e854,trusted,historical_transaction_override,historical_transaction_override,True,89,2025-04-13,complete
2025-04-13,17745.69,0.00,1,3265746.59,last_posted_transaction_or_prior_closing_balance,synb1_txn_e0215adec26148a65bc9cf99,trusted,historical_transaction_override,historical_transaction_override,True,90,2025-04-14,complete
2025-04-14,69658.80,23271.31,4,3312134.08,last_posted_transaction_or_prior_closing_balance,synb1_txn_46e5a3e50ad586669896da67,trusted,weekday_rule,base_calendar,True,91,2025-04-15,complete
2025-04-15,0.00,31386.32,1,3280747.76,last_posted_transaction_or_prior_closing_balance,synb1_txn_44f3be8801881fb2b6a89cac,trusted,weekday_rule,base_calendar,True,92,2025-04-16,complete
2025-04-16,0.00,0.00,0,3280747.76,last_posted_transaction_or_prior_closing_balance,,trusted,weekday_rule,base_calendar,True,93,2025-04-17,complete
2025-04-17,42589.67,0.00,1,3323337.43,last_posted_transaction_or_prior_closing_balance,synb1_txn_20b501edc90d8bd33f6e6553,trusted,weekday_rule,base_calendar,True,94,2025-04-18,complete
2025-04-18,74980.08,0.00,3,3398317.51,last_posted_transaction_or_prior_closing_balance,synb1_txn_3e9260da72cada6a0c2efb95,trusted,weekday_rule,base_calendar,True,95,2025-04-19,complete
2025-04-19,0.00,24434.86,1,3373882.65,last_posted_transaction_or_prior_closing_balance,synb1_txn_c51ca676eae39cbdddd4c66c,trusted,historical_transaction_override,historical_transaction_override,True,96,2025-04-20,complete
2025-04-20,25466.14,22596.02,2,3376752.77,last_posted_transaction_or_prior_closing_balance,synb1_txn_b33ba638942edc54f46f4d6a,trusted,historical_transaction_override,historical_transaction_override,True,97,2025-04-21,complete
2025-04-21,0.00,0.00,0,3376752.77,last_posted_transaction_or_prior_closing_balance,,trusted,weekday_rule,base_calendar,True,98,2025-04-22,complete
2025-04-22,50179.60,19853.34,2,3407079.03,last_posted_transaction_or_prior_closing_balance,synb1_txn_b2df23c536d4b34bd8ccf74c,trusted,weekday_rule,base_calendar,True,99,2025-04-23,complete
2025-04-23,0.00,30128.03,1,3376951.00,last_posted_transaction_or_prior_closing_balance,synb1_txn_35317007201ec78314bbb5a6,trusted,weekday_rule,base_calendar,True,100,2025-04-24,complete
2025-04-24,11823.56,0.00,1,3388774.56,last_posted_transaction_or_prior_closing_balance,synb1_txn_eef7ba6d22907ae3bc2f5486,trusted,weekday_rule,base_calendar,True,101,2025-04-25,complete
2025-04-25,0.00,64221.09,1,3324553.47,last_posted_transaction_or_prior_closing_balance,synb1_txn_3dfa17328d1a10da8974b854,trusted,weekday_rule,base_calendar,True,102,2025-04-26,complete
2025-04-26,0.00,13858.89,1,3310694.58,last_posted_transaction_or_prior_closing_balance,synb1_txn_5701df590c742729b06d4931,trusted,historical_transaction_override,historical_transaction_override,True,103,2025-04-27,complete
2025-04-27,0.00,0.00,0,3310694.58,last_posted_transaction_or_prior_closing_balance,,trusted,gov_cn_2025_holiday_schedule_v1,base_calendar,True,104,2025-04-28,complete
2025-04-28,20918.63,33278.37,5,3298334.84,last_posted_transaction_or_prior_closing_balance,synb1_txn_05f1afe0fdc46c097b525763,trusted,weekday_rule,base_calendar,True,105,2025-04-29,complete
2025-04-29,0.00,34647.25,1,3263687.59,last_posted_transaction_or_prior_closing_balance,synb1_txn_474bdb84edc007194335a32d,trusted,weekday_rule,base_calendar,True,106,2025-04-30,complete
2025-04-30,0.00,21778.25,1,3241909.34,last_posted_transaction_or_prior_closing_balance,synb1_txn_8aba27bb0b05e2fe628d1d79,trusted,weekday_rule,base_calendar,True,107,2025-05-01,complete
2025-05-01,0.00,32522.41,2,3209386.93,last_posted_transaction_or_prior_closing_balance,synb1_txn_751beec2e6261f354e91aad9,trusted,historical_transaction_override,historical_transaction_override,True,108,2025-05-03,complete
2025-05-02,0.00,0.00,0,3209386.93,last_posted_transaction_or_prior_closing_balance,,trusted,gov_cn_2025_holiday_schedule_v1,base_calendar,False,,,complete
2025-05-03,38234.15,72587.24,3,3175033.84,last_posted_transaction_or_prior_closing_balance,synb1_txn_422356eeabcfb04f8058a3a6,trusted,historical_transaction_override,historical_transaction_override,True,109,2025-05-04,complete
2025-05-04,26654.32,6326.89,2,3195361.27,last_posted_transaction_or_prior_closing_balance,synb1_txn_682ac8fa4aee9131b8cd6ffb,trusted,historical_transaction_override,historical_transaction_override,True,110,2025-05-06,complete
2025-05-05,0.00,0.00,0,3195361.27,last_posted_transaction_or_prior_closing_balance,,trusted,gov_cn_2025_holiday_schedule_v1,base_calendar,False,,,complete
2025-05-06,0.00,0.00,0,3195361.27,last_posted_transaction_or_prior_closing_balance,,trusted,weekday_rule,base_calendar,True,111,2025-05-07,complete
2025-05-07,84883.77,168580.60,3,3111664.44,last_posted_transaction_or_prior_closing_balance,synb1_txn_0d7456611fa68a7fec61e224,trusted,weekday_rule,base_calendar,True,112,2025-05-08,complete
2025-05-08,29986.11,0.00,1,3141650.55,last_posted_transaction_or_prior_closing_balance,synb1_txn_2a960de7a361235400ba0d69,trusted,weekday_rule,base_calendar,True,113,2025-05-09,complete
2025-05-09,17178.74,0.00,1,3158829.29,last_posted_transaction_or_prior_closing_balance,synb1_txn_808a6edaeacfdf174cf32271,trusted,weekday_rule,base_calendar,True,114,2025-05-10,complete
2025-05-10,0.00,6798.11,1,3152031.18,last_posted_transaction_or_prior_closing_balance,synb1_txn_37a87bd2d003c9187471fc03,trusted,historical_transaction_override,historical_transaction_override,True,115,2025-05-11,complete
2025-05-11,56108.52,0.00,2,3208139.70,last_posted_transaction_or_prior_closing_balance,synb1_txn_0a01420343292b8d2c21f363,trusted,historical_transaction_override,historical_transaction_override,True,116,2025-05-12,complete
2025-05-12,111804.60,0.00,3,3319944.30,last_posted_transaction_or_prior_closing_balance,synb1_txn_83ab104ba4b56d2b67ac2229,trusted,weekday_rule,base_calendar,True,117,2025-05-13,complete
2025-05-13,20614.49,17304.31,2,3323254.48,last_posted_transaction_or_prior_closing_balance,synb1_txn_53f94f6d76302f614fe03d7e,trusted,weekday_rule,base_calendar,True,118,2025-05-14,complete
2025-05-14,0.00,0.00,0,3323254.48,last_posted_transaction_or_prior_closing_balance,,trusted,weekday_rule,base_calendar,True,119,2025-05-15,complete
2025-05-15,16565.22,0.00,1,3339819.70,last_posted_transaction_or_prior_closing_balance,synb1_txn_b57a6c7925a27950da570a6a,trusted,weekday_rule,base_calendar,True,120,2025-05-16,complete
2025-05-16,64118.68,15450.26,3,3388488.12,last_posted_transaction_or_prior_closing_balance,synb1_txn_b4bff07f20ae84e2016cb59b,trusted,weekday_rule,base_calendar,True,121,2025-05-17,complete
2025-05-17,39511.11,42749.22,2,3385250.01,last_posted_transaction_or_prior_closing_balance,synb1_txn_1c5c6596ec3b5afcae5cfd72,trusted,historical_transaction_override,historical_transaction_override,True,122,2025-05-19,complete
2025-05-18,0.00,0.00,0,3385250.01,last_posted_transaction_or_prior_closing_balance,,trusted,weekday_rule,base_calendar,False,,,complete
2025-05-19,0.00,8652.16,1,3376597.85,last_posted_transaction_or_prior_closing_balance,synb1_txn_b713e352d49325c344e214e5,trusted,weekday_rule,base_calendar,True,123,2025-05-20,complete
2025-05-20,67680.87,32570.85,3,3411707.87,last_posted_transaction_or_prior_closing_balance,synb1_txn_74985f308e2b9cf4b2b334ae,trusted,weekday_rule,base_calendar,True,124,2025-05-21,complete
2025-05-21,0.00,0.00,0,3411707.87,last_posted_transaction_or_prior_closing_balance,,trusted,weekday_rule,base_calendar,True,125,2025-05-22,complete
2025-05-22,0.00,0.00,0,3411707.87,last_posted_transaction_or_prior_closing_balance,,trusted,weekday_rule,base_calendar,True,126,2025-05-23,complete
2025-05-23,0.00,0.00,0,3411707.87,last_posted_transaction_or_prior_closing_balance,,trusted,weekday_rule,base_calendar,True,127,2025-05-24,complete
2025-05-24,38921.52,44187.77,2,3406441.62,last_posted_transaction_or_prior_closing_balance,synb1_txn_c0e0e13e02354867238a5ba3,trusted,historical_transaction_override,historical_transaction_override,True,128,2025-05-25,complete
2025-05-25,28612.64,95262.10,3,3339792.16,last_posted_transaction_or_prior_closing_balance,synb1_txn_d9d61c33623b4d6b0f99420e,trusted,historical_transaction_override,historical_transaction_override,True,129,2025-05-26,complete
2025-05-26,42166.01,0.00,1,3381958.17,last_posted_transaction_or_prior_closing_balance,synb1_txn_4e96d1991be31dbe45bc8638,trusted,weekday_rule,base_calendar,True,130,2025-05-27,complete
2025-05-27,20330.03,44582.30,3,3357705.90,last_posted_transaction_or_prior_closing_balance,synb1_txn_4186cc4e00e2e235211cc8c7,trusted,weekday_rule,base_calendar,True,131,2025-05-28,complete
2025-05-28,32053.02,38073.89,5,3351685.03,last_posted_transaction_or_prior_closing_balance,synb1_txn_85b8d2712c8caee4f22439e0,trusted,weekday_rule,base_calendar,True,132,2025-05-29,complete
2025-05-29,99767.78,8216.73,3,3443236.08,last_posted_transaction_or_prior_closing_balance,synb1_txn_4e30f4a6ca3beb452f872027,trusted,weekday_rule,base_calendar,True,133,2025-05-30,complete
2025-05-30,26102.77,10652.41,2,3458686.44,last_posted_transaction_or_prior_closing_balance,synb1_txn_d187fbe2c1ac65d9738e8164,trusted,weekday_rule,base_calendar,True,134,2025-05-31,complete
2025-05-31,15812.25,7712.77,2,3466785.92,last_posted_transaction_or_prior_closing_balance,synb1_txn_3650af5ddc5eb3c70dd85379,trusted,historical_transaction_override,historical_transaction_override,True,135,2025-06-01,complete
2025-06-01,22895.02,21911.29,2,3467769.65,last_posted_transaction_or_prior_closing_balance,synb1_txn_e599dbe8667ba45dcd56ebb3,trusted,historical_transaction_override,historical_transaction_override,True,136,2025-06-02,complete
2025-06-02,67641.31,0.00,2,3535410.96,last_posted_transaction_or_prior_closing_balance,synb1_txn_47f5400773ff0783e00303ae,trusted,historical_transaction_override,historical_transaction_override,True,137,2025-06-03,complete
2025-06-03,20079.07,64357.98,3,3491132.05,last_posted_transaction_or_prior_closing_balance,synb1_txn_bfb1f91f9be7e190cd725e61,trusted,weekday_rule,base_calendar,True,138,2025-06-04,complete
2025-06-04,13553.37,0.00,1,3504685.42,last_posted_transaction_or_prior_closing_balance,synb1_txn_37035b673f41def2e7ce44df,trusted,weekday_rule,base_calendar,True,139,2025-06-05,complete
2025-06-05,0.00,0.00,0,3504685.42,last_posted_transaction_or_prior_closing_balance,,trusted,weekday_rule,base_calendar,True,140,2025-06-06,complete
2025-06-06,35891.31,0.00,1,3540576.73,last_posted_transaction_or_prior_closing_balance,synb1_txn_a546e4b5c183eaaebc6b50e2,trusted,weekday_rule,base_calendar,True,141,2025-06-07,complete
2025-06-07,0.00,168580.60,1,3371996.13,last_posted_transaction_or_prior_closing_balance,synb1_txn_592351aa5a02c24392b4af3f,trusted,historical_transaction_override,historical_transaction_override,True,142,2025-06-09,complete
2025-06-08,0.00,0.00,0,3371996.13,last_posted_transaction_or_prior_closing_balance,,trusted,weekday_rule,base_calendar,False,,,complete
2025-06-09,0.00,0.00,0,3371996.13,last_posted_transaction_or_prior_closing_balance,,trusted,weekday_rule,base_calendar,True,143,2025-06-10,complete
2025-06-10,16381.47,7294.85,2,3381082.75,last_posted_transaction_or_prior_closing_balance,synb1_txn_330e7dfc03a55c20802a8e74,trusted,weekday_rule,base_calendar,True,144,2025-06-11,complete
2025-06-11,0.00,0.00,0,3381082.75,last_posted_transaction_or_prior_closing_balance,,trusted,weekday_rule,base_calendar,True,145,2025-06-12,complete
2025-06-12,0.00,0.00,0,3381082.75,last_posted_transaction_or_prior_closing_balance,,trusted,weekday_rule,base_calendar,True,146,2025-06-13,complete
2025-06-13,0.00,31398.49,2,3349684.26,last_posted_transaction_or_prior_closing_balance,synb1_txn_55aac2da1fe39cfd2abdb960,trusted,weekday_rule,base_calendar,True,147,2025-06-14,complete
2025-06-14,19942.67,21555.98,2,3348070.95,last_posted_transaction_or_prior_closing_balance,synb1_txn_22c170d1af21a7b79f00bf5b,trusted,historical_transaction_override,historical_transaction_override,True,148,2025-06-16,complete
2025-06-15,0.00,0.00,0,3348070.95,last_posted_transaction_or_prior_closing_balance,,trusted,weekday_rule,base_calendar,False,,,complete
2025-06-16,0.00,72762.09,2,3275308.86,last_posted_transaction_or_prior_closing_balance,synb1_txn_7805e2ac26fdd7f04540e034,trusted,weekday_rule,base_calendar,True,149,2025-06-17,complete
2025-06-17,0.00,44908.30,1,3230400.56,last_posted_transaction_or_prior_closing_balance,synb1_txn_198fef87dd66fe05761c2089,trusted,weekday_rule,base_calendar,True,150,2025-06-18,complete
2025-06-18,12108.06,0.00,1,3242508.62,last_posted_transaction_or_prior_closing_balance,synb1_txn_6a773c23bc8cf4fc99260240,trusted,weekday_rule,base_calendar,True,151,2025-06-19,complete
2025-06-19,0.00,21473.07,1,3221035.55,last_posted_transaction_or_prior_closing_balance,synb1_txn_51e249bdbeda877fa7883847,trusted,weekday_rule,base_calendar,True,152,2025-06-20,complete
2025-06-20,0.00,0.00,0,3221035.55,last_posted_transaction_or_prior_closing_balance,,trusted,weekday_rule,base_calendar,True,153,2025-06-22,complete
2025-06-21,0.00,0.00,0,3221035.55,last_posted_transaction_or_prior_closing_balance,,trusted,weekday_rule,base_calendar,False,,,complete
2025-06-22,0.00,29773.57,2,3191261.98,last_posted_transaction_or_prior_closing_balance,synb1_txn_6374693e2b2d018099286e0a,trusted,historical_transaction_override,historical_transaction_override,True,154,2025-06-23,complete
2025-06-23,0.00,0.00,0,3191261.98,last_posted_transaction_or_prior_closing_balance,,trusted,weekday_rule,base_calendar,True,155,2025-06-24,complete
2025-06-24,20546.99,21110.23,2,3190698.74,last_posted_transaction_or_prior_closing_balance,synb1_txn_636b224cb7321ef71c40a00c,trusted,weekday_rule,base_calendar,True,156,2025-06-25,complete
2025-06-25,7653.48,106024.41,4,3092327.81,last_posted_transaction_or_prior_closing_balance,synb1_txn_486d24287af9cc46de9ccf75,trusted,weekday_rule,base_calendar,True,157,2025-06-26,complete
2025-06-26,43683.94,0.00,1,3136011.75,last_posted_transaction_or_prior_closing_balance,synb1_txn_b88a8e73e9fce54f722caddc,trusted,weekday_rule,base_calendar,True,158,2025-06-27,complete
2025-06-27,0.00,19790.85,1,3116220.90,last_posted_transaction_or_prior_closing_balance,synb1_txn_70ec0ff45ab0e55e5c73a50f,trusted,weekday_rule,base_calendar,True,159,2025-06-28,complete
2025-06-28,51367.48,0.00,1,3167588.38,last_posted_transaction_or_prior_closing_balance,synb1_txn_ed6b05da01de1585af39fb88,trusted,historical_transaction_override,historical_transaction_override,True,160,2025-06-29,complete
2025-06-29,12436.90,0.00,1,3180025.28,last_posted_transaction_or_prior_closing_balance,synb1_txn_2458e437e1b330d5431fb515,trusted,historical_transaction_override,historical_transaction_override,True,161,2025-06-30,complete
2025-06-30,51281.15,22705.52,5,3208600.91,last_posted_transaction_or_prior_closing_balance,synb1_txn_e6e4630f0e94d1d14f2147dc,trusted,weekday_rule,base_calendar,True,162,2025-07-01,complete
2025-07-01,0.00,0.00,0,3208600.91,last_posted_transaction_or_prior_closing_balance,,trusted,weekday_rule,base_calendar,True,163,2025-07-02,complete
2025-07-02,99904.54,0.00,2,3308505.45,last_posted_transaction_or_prior_closing_balance,synb1_txn_7861ebe260d2d280c6d74c43,trusted,weekday_rule,base_calendar,True,164,2025-07-03,complete
2025-07-03,22960.46,59684.79,3,3271781.12,last_posted_transaction_or_prior_closing_balance,synb1_txn_3d6437105a4efd507062924c,trusted,weekday_rule,base_calendar,True,165,2025-07-04,complete
2025-07-04,58235.38,0.00,2,3330016.50,last_posted_transaction_or_prior_closing_balance,synb1_txn_b2cee359c09b676e987eb2d3,trusted,weekday_rule,base_calendar,True,166,2025-07-06,complete
2025-07-05,0.00,0.00,0,3330016.50,last_posted_transaction_or_prior_closing_balance,,trusted,weekday_rule,base_calendar,False,,,complete
2025-07-06,27675.55,0.00,1,3357692.05,last_posted_transaction_or_prior_closing_balance,synb1_txn_940a61f8c58632fbe2373295,trusted,historical_transaction_override,historical_transaction_override,True,167,2025-07-07,complete
2025-07-07,0.00,168580.60,1,3189111.45,last_posted_transaction_or_prior_closing_balance,synb1_txn_14f08a946c3d4493e6176e1d,trusted,weekday_rule,base_calendar,True,168,2025-07-08,complete
2025-07-08,18582.49,0.00,1,3207693.94,last_posted_transaction_or_prior_closing_balance,synb1_txn_34651fa9caef0a5f5081c578,trusted,weekday_rule,base_calendar,True,169,2025-07-09,complete
2025-07-09,26721.21,0.00,1,3234415.15,last_posted_transaction_or_prior_closing_balance,synb1_txn_b1370df6fc9d0157efad5de9,trusted,weekday_rule,base_calendar,True,170,2025-07-10,complete
2025-07-10,58810.55,0.00,1,3293225.70,last_posted_transaction_or_prior_closing_balance,synb1_txn_0921ce43aa0f3b081a41bb4d,trusted,weekday_rule,base_calendar,True,171,2025-07-11,complete
2025-07-11,43708.37,0.00,1,3336934.07,last_posted_transaction_or_prior_closing_balance,synb1_txn_ca110bea5b797374299a7d7b,trusted,weekday_rule,base_calendar,True,172,2025-07-12,complete
2025-07-12,27327.20,0.00,1,3364261.27,last_posted_transaction_or_prior_closing_balance,synb1_txn_9c98600911bd54b99d24713e,trusted,historical_transaction_override,historical_transaction_override,True,173,2025-07-13,complete
2025-07-13,29690.23,0.00,1,3393951.50,last_posted_transaction_or_prior_closing_balance,synb1_txn_601093fc89955fcf682ea9af,trusted,historical_transaction_override,historical_transaction_override,True,174,2025-07-14,complete
2025-07-14,0.00,0.00,0,3393951.50,last_posted_transaction_or_prior_closing_balance,,trusted,weekday_rule,base_calendar,True,175,2025-07-15,complete
2025-07-15,15129.82,0.00,1,3409081.32,last_posted_transaction_or_prior_closing_balance,synb1_txn_c89d748f55cdb143861c116a,trusted,weekday_rule,base_calendar,True,176,2025-07-16,complete
2025-07-16,0.00,0.00,0,3409081.32,last_posted_transaction_or_prior_closing_balance,,trusted,weekday_rule,base_calendar,True,177,2025-07-17,complete
2025-07-17,29690.25,0.00,1,3438771.57,last_posted_transaction_or_prior_closing_balance,synb1_txn_58fe1be683dea89e1d14aafd,trusted,weekday_rule,base_calendar,True,178,2025-07-18,complete
2025-07-18,0.00,20159.63,1,3418611.94,last_posted_transaction_or_prior_closing_balance,synb1_txn_0522cf99546d8bdbe16311cc,trusted,weekday_rule,base_calendar,True,179,2025-07-19,complete
2025-07-19,43708.39,0.00,1,3462320.33,last_posted_transaction_or_prior_closing_balance,synb1_txn_81cb569122337581b83e9874,trusted,historical_transaction_override,historical_transaction_override,True,180,2025-07-21,complete
2025-07-20,0.00,0.00,0,3462320.33,last_posted_transaction_or_prior_closing_balance,,trusted,weekday_rule,base_calendar,False,,,complete
2025-07-21,0.00,41999.25,1,3420321.08,last_posted_transaction_or_prior_closing_balance,synb1_txn_7356a5169a30931d4066f7c2,trusted,weekday_rule,base_calendar,True,181,2025-07-22,complete
2025-07-22,0.00,0.00,0,3420321.08,last_posted_transaction_or_prior_closing_balance,,trusted,weekday_rule,base_calendar,True,182,2025-07-23,complete
2025-07-23,0.00,58521.58,2,3361799.50,last_posted_transaction_or_prior_closing_balance,synb1_txn_aafcf04456286bcae0ac8298,trusted,weekday_rule,base_calendar,True,183,2025-07-24,complete
2025-07-24,0.00,23679.57,1,3338119.93,last_posted_transaction_or_prior_closing_balance,synb1_txn_ba1634181c0c25097ed9fa1d,trusted,weekday_rule,base_calendar,True,184,2025-07-25,complete
2025-07-25,0.00,64221.09,1,3273898.84,last_posted_transaction_or_prior_closing_balance,synb1_txn_8cf60ef4cabbb95368f181ae,trusted,weekday_rule,base_calendar,True,185,2025-07-26,complete
2025-07-26,0.00,63063.92,3,3210834.92,last_posted_transaction_or_prior_closing_balance,synb1_txn_e2854837017af741006e8140,trusted,historical_transaction_override,historical_transaction_override,True,186,2025-07-27,complete
2025-07-27,0.00,38479.31,1,3172355.61,last_posted_transaction_or_prior_closing_balance,synb1_txn_1aab6401bb0fdbdb854c6812,trusted,historical_transaction_override,historical_transaction_override,True,187,2025-07-28,complete
2025-07-28,40866.19,8858.81,5,3204362.99,last_posted_transaction_or_prior_closing_balance,synb1_txn_9a1836ee87992bb92b238f6e,trusted,weekday_rule,base_calendar,True,188,2025-07-29,complete
2025-07-29,0.00,25779.48,2,3178583.51,last_posted_transaction_or_prior_closing_balance,synb1_txn_a5f8610c891401499597f17f,trusted,weekday_rule,base_calendar,True,189,2025-07-30,complete
2025-07-30,0.00,0.00,0,3178583.51,last_posted_transaction_or_prior_closing_balance,,trusted,weekday_rule,base_calendar,True,190,2025-07-31,complete
2025-07-31,0.00,15539.72,1,3163043.79,last_posted_transaction_or_prior_closing_balance,synb1_txn_f947a04f08e171b9d6f7d843,trusted,weekday_rule,base_calendar,True,191,2025-08-01,complete
2025-08-01,66580.96,14692.10,3,3214932.65,last_posted_transaction_or_prior_closing_balance,synb1_txn_315723fd1dce849cd7a2ae6a,trusted,weekday_rule,base_calendar,True,192,2025-08-02,complete
2025-08-02,0.00,9573.57,1,3205359.08,last_posted_transaction_or_prior_closing_balance,synb1_txn_3befcf6eff23c3685950285d,trusted,historical_transaction_override,historical_transaction_override,True,193,2025-08-03,complete
2025-08-03,16383.18,63508.05,3,3158234.21,last_posted_transaction_or_prior_closing_balance,synb1_txn_ce7584bc876398304bb4e120,trusted,historical_transaction_override,historical_transaction_override,True,194,2025-08-04,complete
2025-08-04,0.00,0.00,0,3158234.21,last_posted_transaction_or_prior_closing_balance,,trusted,weekday_rule,base_calendar,True,195,2025-08-05,complete
2025-08-05,50316.82,10406.07,3,3198144.96,last_posted_transaction_or_prior_closing_balance,synb1_txn_67739b668a213cee7d1fbe4b,trusted,weekday_rule,base_calendar,True,196,2025-08-06,complete
2025-08-06,17413.57,0.00,1,3215558.53,last_posted_transaction_or_prior_closing_balance,synb1_txn_83e966340e983ae1fa537171,trusted,weekday_rule,base_calendar,True,197,2025-08-07,complete
2025-08-07,20934.06,168580.60,2,3067911.99,last_posted_transaction_or_prior_closing_balance,synb1_txn_6a756453ea31fa92209d66fa,trusted,weekday_rule,base_calendar,True,198,2025-08-08,complete
2025-08-08,0.00,0.00,0,3067911.99,last_posted_transaction_or_prior_closing_balance,,trusted,weekday_rule,base_calendar,True,199,2025-08-09,complete
2025-08-09,0.00,11997.65,1,3055914.34,last_posted_transaction_or_prior_closing_balance,synb1_txn_688391be1f25fdbbb47b6ad6,trusted,historical_transaction_override,historical_transaction_override,True,200,2025-08-10,complete
2025-08-10,87444.54,41258.38,4,3102100.50,last_posted_transaction_or_prior_closing_balance,synb1_txn_b943d09940ed8b09d3095e92,trusted,historical_transaction_override,historical_transaction_override,True,201,2025-08-11,complete
2025-08-11,79199.14,0.00,3,3181299.64,last_posted_transaction_or_prior_closing_balance,synb1_txn_220d61c21eb2330e672dc6a0,trusted,weekday_rule,base_calendar,True,202,2025-08-12,complete
2025-08-12,0.00,31193.89,1,3150105.75,last_posted_transaction_or_prior_closing_balance,synb1_txn_e795ea44405617adc70700a2,trusted,weekday_rule,base_calendar,True,203,2025-08-13,complete
2025-08-13,0.00,58622.08,2,3091483.67,last_posted_transaction_or_prior_closing_balance,synb1_txn_6e0be1c295ace8a889c0d8b5,trusted,weekday_rule,base_calendar,True,204,2025-08-14,complete
2025-08-14,73420.16,0.00,2,3164903.83,last_posted_transaction_or_prior_closing_balance,synb1_txn_e254449df8affa65a79987d5,trusted,weekday_rule,base_calendar,True,205,2025-08-15,complete
2025-08-15,85933.44,17202.50,3,3233634.77,last_posted_transaction_or_prior_closing_balance,synb1_txn_1b37b4f3b16d3c3312e55b5a,trusted,weekday_rule,base_calendar,True,206,2025-08-18,complete
2025-08-16,0.00,0.00,0,3233634.77,last_posted_transaction_or_prior_closing_balance,,trusted,weekday_rule,base_calendar,False,,,complete
2025-08-17,0.00,0.00,0,3233634.77,last_posted_transaction_or_prior_closing_balance,,trusted,weekday_rule,base_calendar,False,,,complete
2025-08-18,39268.31,17890.62,2,3255012.46,last_posted_transaction_or_prior_closing_balance,synb1_txn_bb856c31cbc3b94d35663b48,trusted,weekday_rule,base_calendar,True,207,2025-08-19,complete
2025-08-19,69693.05,0.00,2,3324705.51,last_posted_transaction_or_prior_closing_balance,synb1_txn_e4ef9bb37909772d66d7ef2f,trusted,weekday_rule,base_calendar,True,208,2025-08-20,complete
2025-08-20,0.00,0.00,0,3324705.51,last_posted_transaction_or_prior_closing_balance,,trusted,weekday_rule,base_calendar,True,209,2025-08-21,complete
2025-08-21,0.00,26665.50,1,3298040.01,last_posted_transaction_or_prior_closing_balance,synb1_txn_b955afd72a068d468addc7dd,trusted,weekday_rule,base_calendar,True,210,2025-08-22,complete
2025-08-22,0.00,0.00,0,3298040.01,last_posted_transaction_or_prior_closing_balance,,trusted,weekday_rule,base_calendar,True,211,2025-08-23,complete
2025-08-23,11000.00,0.00,1,3309040.01,last_posted_transaction_or_prior_closing_balance,synb1_txn_ccf47f7df1f9ac2720281eb3,trusted,historical_transaction_override,historical_transaction_override,True,212,2025-08-24,complete
2025-08-24,9032.25,13826.57,2,3304245.69,last_posted_transaction_or_prior_closing_balance,synb1_txn_ac3b4c1b76137dba15c47df8,trusted,historical_transaction_override,historical_transaction_override,True,213,2025-08-25,complete
2025-08-25,0.00,71583.28,2,3232662.41,last_posted_transaction_or_prior_closing_balance,synb1_txn_c6076e568ff9f0705e1dd7fb,trusted,weekday_rule,base_calendar,True,214,2025-08-26,complete
2025-08-26,0.00,13497.35,1,3219165.06,last_posted_transaction_or_prior_closing_balance,synb1_txn_dfaaa7af64f6ac9eadcbabac,trusted,weekday_rule,base_calendar,True,215,2025-08-27,complete
2025-08-27,21000.00,0.00,1,3240165.06,last_posted_transaction_or_prior_closing_balance,synb1_txn_69d9da8da143c22164105c17,trusted,weekday_rule,base_calendar,True,216,2025-08-28,complete
2025-08-28,13548.38,52960.73,6,3200752.71,last_posted_transaction_or_prior_closing_balance,synb1_txn_26dd412b0d7f81c9c330c762,trusted,weekday_rule,base_calendar,True,217,2025-08-29,complete
2025-08-29,0.00,10797.89,1,3189954.82,last_posted_transaction_or_prior_closing_balance,synb1_txn_2611f77dc011d2587707a881,trusted,weekday_rule,base_calendar,True,218,2025-08-30,complete
2025-08-30,42019.23,0.00,1,3231974.05,last_posted_transaction_or_prior_closing_balance,synb1_txn_79e5526079c26c894ffd9c39,trusted,historical_transaction_override,historical_transaction_override,True,219,2025-08-31,complete
2025-08-31,51265.30,43017.38,3,3240221.97,last_posted_transaction_or_prior_closing_balance,synb1_txn_c9c536b7c47577f99b4129b0,trusted,historical_transaction_override,historical_transaction_override,True,220,2025-09-01,complete
2025-09-01,17419.37,0.00,1,3257641.34,last_posted_transaction_or_prior_closing_balance,synb1_txn_4976b079b2deab7031fe1515,trusted,weekday_rule,base_calendar,True,221,2025-09-02,complete
2025-09-02,0.00,0.00,0,3257641.34,last_posted_transaction_or_prior_closing_balance,,trusted,weekday_rule,base_calendar,True,222,2025-09-03,complete
2025-09-03,39807.69,47968.33,2,3249480.70,last_posted_transaction_or_prior_closing_balance,synb1_txn_ff7e8f9c385ef85b83aef0c0,trusted,weekday_rule,base_calendar,True,223,2025-09-04,complete
2025-09-04,63775.51,0.00,1,3313256.21,last_posted_transaction_or_prior_closing_balance,synb1_txn_2809faffacf17518f066e9bc,trusted,weekday_rule,base_calendar,True,224,2025-09-05,complete
2025-09-05,0.00,0.00,0,3313256.21,last_posted_transaction_or_prior_closing_balance,,trusted,weekday_rule,base_calendar,True,225,2025-09-07,complete
2025-09-06,0.00,0.00,0,3313256.21,last_posted_transaction_or_prior_closing_balance,,trusted,weekday_rule,base_calendar,False,,,complete
2025-09-07,70809.44,168580.60,3,3215485.05,last_posted_transaction_or_prior_closing_balance,synb1_txn_ac0b24e93ff7d77017116041,trusted,historical_transaction_override,historical_transaction_override,True,226,2025-09-08,complete
2025-09-08,22959.19,0.00,1,3238444.24,last_posted_transaction_or_prior_closing_balance,synb1_txn_70d10f488dbe864166d5e653,trusted,weekday_rule,base_calendar,True,227,2025-09-09,complete
2025-09-09,42711.86,0.00,1,3281156.10,last_posted_transaction_or_prior_closing_balance,synb1_txn_4c0d65779ce18c130cc29f77,trusted,weekday_rule,base_calendar,True,228,2025-09-10,complete
2025-09-10,0.00,0.00,0,3281156.10,last_posted_transaction_or_prior_closing_balance,,trusted,weekday_rule,base_calendar,True,229,2025-09-11,complete
2025-09-11,46935.64,0.00,2,3328091.74,last_posted_transaction_or_prior_closing_balance,synb1_txn_dd7da1b9e716023ff7c15682,trusted,weekday_rule,base_calendar,True,230,2025-09-12,complete
2025-09-12,0.00,0.00,0,3328091.74,last_posted_transaction_or_prior_closing_balance,,trusted,weekday_rule,base_calendar,True,231,2025-09-13,complete
2025-09-13,16016.94,0.00,1,3344108.68,last_posted_transaction_or_prior_closing_balance,synb1_txn_9655a722522133824296c1ae,trusted,historical_transaction_override,historical_transaction_override,True,232,2025-09-15,complete
2025-09-14,0.00,0.00,0,3344108.68,last_posted_transaction_or_prior_closing_balance,,trusted,weekday_rule,base_calendar,False,,,complete
2025-09-15,64402.26,7230.72,3,3401280.22,last_posted_transaction_or_prior_closing_balance,synb1_txn_ab0b4d24324960c004227e26,trusted,weekday_rule,base_calendar,True,233,2025-09-16,complete
2025-09-16,0.00,10898.48,1,3390381.74,last_posted_transaction_or_prior_closing_balance,synb1_txn_39f95fec05d63553c27cc1a8,trusted,weekday_rule,base_calendar,True,234,2025-09-17,complete
2025-09-17,46271.20,24102.42,2,3412550.52,last_posted_transaction_or_prior_closing_balance,synb1_txn_c8c0d5bc44e07c68b258cad7,trusted,weekday_rule,base_calendar,True,235,2025-09-18,complete
2025-09-18,21805.14,12051.21,2,3422304.45,last_posted_transaction_or_prior_closing_balance,synb1_txn_7fb293e5f631630bd1f7bd99,trusted,weekday_rule,base_calendar,True,236,2025-09-19,complete
2025-09-19,41500.42,20434.66,2,3443370.21,last_posted_transaction_or_prior_closing_balance,synb1_txn_6e4a0d4150ffc07bd1e5ffba,trusted,weekday_rule,base_calendar,True,237,2025-09-20,complete
2025-09-20,0.00,46338.86,2,3397031.35,last_posted_transaction_or_prior_closing_balance,synb1_txn_0566607cdb3f17e45e038a4d,trusted,historical_transaction_override,historical_transaction_override,True,238,2025-09-22,complete
2025-09-21,0.00,0.00,0,3397031.35,last_posted_transaction_or_prior_closing_balance,,trusted,weekday_rule,base_calendar,False,,,complete
2025-09-22,50156.57,0.00,2,3447187.92,last_posted_transaction_or_prior_closing_balance,synb1_txn_00350df35aed0f5ff3d7d8ac,trusted,weekday_rule,base_calendar,True,239,2025-09-23,complete
2025-09-23,0.00,40429.91,1,3406758.01,last_posted_transaction_or_prior_closing_balance,synb1_txn_70bf76f156c8db1dbff923bc,trusted,weekday_rule,base_calendar,True,240,2025-09-24,complete
2025-09-24,46991.24,0.00,1,3453749.25,last_posted_transaction_or_prior_closing_balance,synb1_txn_5044d9eb68fd2d5d821ff450,trusted,weekday_rule,base_calendar,True,241,2025-09-25,complete
2025-09-25,0.00,88196.65,2,3365552.60,last_posted_transaction_or_prior_closing_balance,synb1_txn_a4e7e7ca35597ee70dd78f9e,trusted,weekday_rule,base_calendar,True,242,2025-09-26,complete
2025-09-26,65130.39,14323.72,3,3416359.27,last_posted_transaction_or_prior_closing_balance,synb1_txn_6466054ecdc272d5aa6f5e3c,trusted,weekday_rule,base_calendar,True,243,2025-09-28,complete
2025-09-27,0.00,0.00,0,3416359.27,last_posted_transaction_or_prior_closing_balance,,trusted,weekday_rule,base_calendar,False,,,complete
2025-09-28,27205.45,46210.51,6,3397354.21,last_posted_transaction_or_prior_closing_balance,synb1_txn_49944ac66ba94fee11346c95,trusted,gov_cn_2025_holiday_schedule_v1,base_calendar,True,244,2025-09-29,complete
2025-09-29,0.00,48342.57,1,3349011.64,last_posted_transaction_or_prior_closing_balance,synb1_txn_82e6ccdedb5fe53a168377f4,trusted,weekday_rule,base_calendar,True,245,2025-09-30,complete
2025-09-30,43762.32,0.00,1,3392773.96,last_posted_transaction_or_prior_closing_balance,synb1_txn_ebc1d0ef71df73f42722ce7d,trusted,weekday_rule,base_calendar,True,246,2025-10-01,complete
2025-10-01,31649.52,13390.24,3,3411033.24,last_posted_transaction_or_prior_closing_balance,synb1_txn_729166bde4ba1268a8941ef5,trusted,historical_transaction_override,historical_transaction_override,True,247,2025-10-02,complete
2025-10-02,22259.03,0.00,1,3433292.27,last_posted_transaction_or_prior_closing_balance,synb1_txn_6772b00674076fb4d8d0c117,trusted,historical_transaction_override,historical_transaction_override,True,248,2025-10-03,complete
2025-10-03,0.00,47968.33,1,3385323.94,last_posted_transaction_or_prior_closing_balance,synb1_txn_cd8907b68e85ef5a79d2834d,trusted,historical_transaction_override,historical_transaction_override,True,249,2025-10-04,complete
2025-10-04,0.00,11018.24,1,3374305.70,last_posted_transaction_or_prior_closing_balance,synb1_txn_703b827929f0e18cbb9c5f69,trusted,historical_transaction_override,historical_transaction_override,True,250,2025-10-05,complete
2025-10-05,85197.37,0.00,3,3459503.07,last_posted_transaction_or_prior_closing_balance,synb1_txn_7c624d69375978f8ad27841f,trusted,historical_transaction_override,historical_transaction_override,True,251,2025-10-07,complete
2025-10-06,0.00,0.00,0,3459503.07,last_posted_transaction_or_prior_closing_balance,,trusted,gov_cn_2025_holiday_schedule_v1,base_calendar,False,,,complete
2025-10-07,0.00,196126.23,2,3263376.84,last_posted_transaction_or_prior_closing_balance,synb1_txn_50152d2af19adaa2b37cdb39,trusted,historical_transaction_override,historical_transaction_override,True,252,2025-10-09,complete
2025-10-08,0.00,0.00,0,3263376.84,last_posted_transaction_or_prior_closing_balance,,trusted,gov_cn_2025_holiday_schedule_v1,base_calendar,False,,,complete
2025-10-09,102280.65,0.00,3,3365657.49,last_posted_transaction_or_prior_closing_balance,synb1_txn_781e93cca47ff7e44c0f4d39,trusted,weekday_rule,base_calendar,True,253,2025-10-10,complete
2025-10-10,0.00,10924.11,1,3354733.38,last_posted_transaction_or_prior_closing_balance,synb1_txn_a7bc89fc4db5cd95256fe264,trusted,weekday_rule,base_calendar,True,254,2025-10-11,complete
2025-10-11,0.00,0.00,0,3354733.38,last_posted_transaction_or_prior_closing_balance,,trusted,gov_cn_2025_holiday_schedule_v1,base_calendar,True,255,2025-10-13,complete
2025-10-12,0.00,0.00,0,3354733.38,last_posted_transaction_or_prior_closing_balance,,trusted,weekday_rule,base_calendar,False,,,complete
2025-10-13,38087.64,37235.97,3,3355585.05,last_posted_transaction_or_prior_closing_balance,synb1_txn_58f54a5b84a20b04f292e37b,trusted,weekday_rule,base_calendar,True,256,2025-10-14,complete
2025-10-14,27917.53,0.00,1,3383502.58,last_posted_transaction_or_prior_closing_balance,synb1_txn_efdf5c7aacb33c0a4fca1681,trusted,weekday_rule,base_calendar,True,257,2025-10-15,complete
2025-10-15,0.00,0.00,0,3383502.58,last_posted_transaction_or_prior_closing_balance,,trusted,weekday_rule,base_calendar,True,258,2025-10-16,complete
2025-10-16,0.00,24667.37,1,3358835.21,last_posted_transaction_or_prior_closing_balance,synb1_txn_da8a39a621220cb7d34e6835,trusted,weekday_rule,base_calendar,True,259,2025-10-17,complete
2025-10-17,0.00,0.00,0,3358835.21,last_posted_transaction_or_prior_closing_balance,,trusted,weekday_rule,base_calendar,True,260,2025-10-18,complete
2025-10-18,28991.28,0.00,1,3387826.49,last_posted_transaction_or_prior_closing_balance,synb1_txn_99cac004659aa2482b93ad01,trusted,historical_transaction_override,historical_transaction_override,True,261,2025-10-19,complete
2025-10-19,0.00,54563.04,2,3333263.45,last_posted_transaction_or_prior_closing_balance,synb1_txn_5aa33deb47aa1236c3c81c10,trusted,historical_transaction_override,historical_transaction_override,True,262,2025-10-20,complete
2025-10-20,0.00,0.00,0,3333263.45,last_posted_transaction_or_prior_closing_balance,,trusted,weekday_rule,base_calendar,True,263,2025-10-21,complete
2025-10-21,0.00,0.00,0,3333263.45,last_posted_transaction_or_prior_closing_balance,,trusted,weekday_rule,base_calendar,True,264,2025-10-22,complete
2025-10-22,9663.77,27974.75,3,3314952.47,last_posted_transaction_or_prior_closing_balance,synb1_txn_ba422cf4390e244238e498e6,trusted,weekday_rule,base_calendar,True,265,2025-10-23,complete
2025-10-23,0.00,0.00,0,3314952.47,last_posted_transaction_or_prior_closing_balance,,trusted,weekday_rule,base_calendar,True,266,2025-10-24,complete
2025-10-24,62502.06,24157.40,2,3353297.13,last_posted_transaction_or_prior_closing_balance,synb1_txn_b92e79ff7ffc0033a37459fe,trusted,weekday_rule,base_calendar,True,267,2025-10-25,complete
2025-10-25,0.00,90746.87,2,3262550.26,last_posted_transaction_or_prior_closing_balance,synb1_txn_308d0736bfbaccc9017fab40,trusted,historical_transaction_override,historical_transaction_override,True,268,2025-10-26,complete
2025-10-26,0.00,9346.19,1,3253204.07,last_posted_transaction_or_prior_closing_balance,synb1_txn_f3e9293adec712351f8fcbd3,trusted,historical_transaction_override,historical_transaction_override,True,269,2025-10-27,complete
2025-10-27,0.00,34104.57,1,3219099.50,last_posted_transaction_or_prior_closing_balance,synb1_txn_cd68d1132cd09e890daf28e0,trusted,weekday_rule,base_calendar,True,270,2025-10-28,complete
2025-10-28,44119.10,50305.36,5,3212913.24,last_posted_transaction_or_prior_closing_balance,synb1_txn_8ef2cabd99d6ac64dc1ffedd,trusted,weekday_rule,base_calendar,True,271,2025-10-29,complete
2025-10-29,0.00,25988.61,2,3186924.63,last_posted_transaction_or_prior_closing_balance,synb1_txn_860370d96b067c47b7481155,trusted,weekday_rule,base_calendar,True,272,2025-10-30,complete
2025-10-30,0.00,0.00,0,3186924.63,last_posted_transaction_or_prior_closing_balance,,trusted,weekday_rule,base_calendar,True,273,2025-10-31,complete
2025-10-31,0.00,0.00,0,3186924.63,last_posted_transaction_or_prior_closing_balance,,trusted,weekday_rule,base_calendar,True,274,2025-11-01,complete
2025-11-01,36765.93,20499.58,2,3203190.98,last_posted_transaction_or_prior_closing_balance,synb1_txn_76332779c0cca1c2f34bceca,trusted,historical_transaction_override,historical_transaction_override,True,275,2025-11-02,complete
2025-11-02,46088.70,0.00,1,3249279.68,last_posted_transaction_or_prior_closing_balance,synb1_txn_519ee144376f162a85312f9c,trusted,historical_transaction_override,historical_transaction_override,True,276,2025-11-03,complete
2025-11-03,0.00,47968.33,1,3201311.35,last_posted_transaction_or_prior_closing_balance,synb1_txn_adec2ad45f45fc1bb51fccfa,trusted,weekday_rule,base_calendar,True,277,2025-11-04,complete
2025-11-04,16293.98,0.00,1,3217605.33,last_posted_transaction_or_prior_closing_balance,synb1_txn_5909c1b658e77488fd86bc5c,trusted,weekday_rule,base_calendar,True,278,2025-11-05,complete
2025-11-05,0.00,0.00,0,3217605.33,last_posted_transaction_or_prior_closing_balance,,trusted,weekday_rule,base_calendar,True,279,2025-11-06,complete
2025-11-06,75107.51,0.00,2,3292712.84,last_posted_transaction_or_prior_closing_balance,synb1_txn_9a30a3db6016ca240e5460f9,trusted,weekday_rule,base_calendar,True,280,2025-11-07,complete
2025-11-07,35452.85,168580.60,2,3159585.09,last_posted_transaction_or_prior_closing_balance,synb1_txn_ee9b7bc529201ce7a9ca4ca1,trusted,weekday_rule,base_calendar,True,281,2025-11-08,complete
2025-11-08,24984.11,0.00,1,3184569.20,last_posted_transaction_or_prior_closing_balance,synb1_txn_4f5cbd23622b6909de05bb1a,trusted,historical_transaction_override,historical_transaction_override,True,282,2025-11-10,complete
2025-11-09,0.00,0.00,0,3184569.20,last_posted_transaction_or_prior_closing_balance,,trusted,weekday_rule,base_calendar,False,,,complete
2025-11-10,84824.25,0.00,3,3269393.45,last_posted_transaction_or_prior_closing_balance,synb1_txn_a218819979694307e224bb59,trusted,weekday_rule,base_calendar,True,283,2025-11-11,complete
2025-11-11,23635.23,0.00,1,3293028.68,last_posted_transaction_or_prior_closing_balance,synb1_txn_3dbbab7959da406230a5189a,trusted,weekday_rule,base_calendar,True,284,2025-11-12,complete
2025-11-12,30415.45,0.00,1,3323444.13,last_posted_transaction_or_prior_closing_balance,synb1_txn_aad17a0c52aaf3d5d07763ae,trusted,weekday_rule,base_calendar,True,285,2025-11-13,complete
2025-11-13,0.00,0.00,0,3323444.13,last_posted_transaction_or_prior_closing_balance,,trusted,weekday_rule,base_calendar,True,286,2025-11-14,complete
2025-11-14,29937.98,20684.04,3,3332698.07,last_posted_transaction_or_prior_closing_balance,synb1_txn_9d97b8877e23452571fde9e8,trusted,weekday_rule,base_calendar,True,287,2025-11-15,complete
2025-11-15,43331.27,0.00,1,3376029.34,last_posted_transaction_or_prior_closing_balance,synb1_txn_e4b24ac55b426b16f80a082f,trusted,historical_transaction_override,historical_transaction_override,True,288,2025-11-16,complete
2025-11-16,52432.67,0.00,1,3428462.01,last_posted_transaction_or_prior_closing_balance,synb1_txn_78f7af6479efa5921bb5e769,trusted,historical_transaction_override,historical_transaction_override,True,289,2025-11-17,complete
2025-11-17,0.00,18250.64,1,3410211.37,last_posted_transaction_or_prior_closing_balance,synb1_txn_c90581fe8798e9aca211d208,trusted,weekday_rule,base_calendar,True,290,2025-11-18,complete
2025-11-18,30100.76,0.00,2,3440312.13,last_posted_transaction_or_prior_closing_balance,synb1_txn_f79875bbc8495b6f8c5b03f0,trusted,weekday_rule,base_calendar,True,291,2025-11-19,complete
2025-11-19,0.00,21940.54,1,3418371.59,last_posted_transaction_or_prior_closing_balance,synb1_txn_f44ebf9b458f7361b7489cb5,trusted,weekday_rule,base_calendar,True,292,2025-11-20,complete
2025-11-20,25167.68,0.00,1,3443539.27,last_posted_transaction_or_prior_closing_balance,synb1_txn_11cb38e672d4017bdb00d9ee,trusted,weekday_rule,base_calendar,True,293,2025-11-21,complete
2025-11-21,0.00,13581.86,1,3429957.41,last_posted_transaction_or_prior_closing_balance,synb1_txn_160eb2de3cff9c0afc54c5ef,trusted,weekday_rule,base_calendar,True,294,2025-11-22,complete
2025-11-22,23142.69,19589.78,2,3433510.32,last_posted_transaction_or_prior_closing_balance,synb1_txn_010746c3861c852906301cc2,trusted,historical_transaction_override,historical_transaction_override,True,295,2025-11-23,complete
2025-11-23,45482.52,24816.92,3,3454175.92,last_posted_transaction_or_prior_closing_balance,synb1_txn_153a8aa61b9a946b31a5644f,trusted,historical_transaction_override,historical_transaction_override,True,296,2025-11-24,complete
2025-11-24,56627.29,9778.94,2,3501024.27,last_posted_transaction_or_prior_closing_balance,synb1_txn_0711adab4cb9c33609da3c68,trusted,weekday_rule,base_calendar,True,297,2025-11-25,complete
2025-11-25,16520.32,64221.09,2,3453323.50,last_posted_transaction_or_prior_closing_balance,synb1_txn_076a1ac3a9f6d94720fcac99,trusted,weekday_rule,base_calendar,True,298,2025-11-26,complete
2025-11-26,13351.56,11522.15,2,3455152.91,last_posted_transaction_or_prior_closing_balance,synb1_txn_316251bbd388aad1fb84ce34,trusted,weekday_rule,base_calendar,True,299,2025-11-27,complete
2025-11-27,70142.55,25752.87,3,3499542.59,last_posted_transaction_or_prior_closing_balance,synb1_txn_be6be295ee2f64fbe81d7f57,trusted,weekday_rule,base_calendar,True,300,2025-11-28,complete
2025-11-28,36905.62,8858.81,4,3527589.40,last_posted_transaction_or_prior_closing_balance,synb1_txn_db265053ee94a4e9d0a04497,trusted,weekday_rule,base_calendar,True,301,2025-11-29,complete
2025-11-29,23747.96,13524.67,2,3537812.69,last_posted_transaction_or_prior_closing_balance,synb1_txn_e2698826061fef7bc25bb5d5,trusted,historical_transaction_override,historical_transaction_override,True,302,2025-11-30,complete
2025-11-30,0.00,31351.33,1,3506461.36,last_posted_transaction_or_prior_closing_balance,synb1_txn_59313f0c6ef040e732faa170,trusted,historical_transaction_override,historical_transaction_override,True,303,2025-12-01,complete
2025-12-01,54740.81,0.00,2,3561202.17,last_posted_transaction_or_prior_closing_balance,synb1_txn_59c715219992bd3b5051732d,trusted,weekday_rule,base_calendar,True,304,2025-12-02,complete
2025-12-02,36905.62,60787.69,3,3537320.10,last_posted_transaction_or_prior_closing_balance,synb1_txn_ae0becc1253c7cc01bd35d93,trusted,weekday_rule,base_calendar,True,305,2025-12-03,complete
2025-12-03,11357.73,47968.33,2,3500709.50,last_posted_transaction_or_prior_closing_balance,synb1_txn_8fc00f7a92c72a93c10c4b32,trusted,weekday_rule,base_calendar,True,306,2025-12-04,complete
2025-12-04,35297.78,14768.32,2,3521238.96,last_posted_transaction_or_prior_closing_balance,synb1_txn_353b25aaf058ecafb26eadcf,trusted,weekday_rule,base_calendar,True,307,2025-12-05,complete
2025-12-05,0.00,26917.81,1,3494321.15,last_posted_transaction_or_prior_closing_balance,synb1_txn_61ff440d9fb8e43bb8eaa0e4,trusted,weekday_rule,base_calendar,True,308,2025-12-06,complete
2025-12-06,44928.59,0.00,1,3539249.74,last_posted_transaction_or_prior_closing_balance,synb1_txn_e20166f7a02fbc59a7b9f8c9,trusted,historical_transaction_override,historical_transaction_override,True,309,2025-12-07,complete
2025-12-07,0.00,192746.96,2,3346502.78,last_posted_transaction_or_prior_closing_balance,synb1_txn_255d688972e61cb416d44f9e,trusted,historical_transaction_override,historical_transaction_override,True,310,2025-12-08,complete
2025-12-08,30255.24,0.00,1,3376758.02,last_posted_transaction_or_prior_closing_balance,synb1_txn_4204993675c87a7909a5ca02,trusted,weekday_rule,base_calendar,True,311,2025-12-09,complete
2025-12-09,0.00,0.00,0,3376758.02,last_posted_transaction_or_prior_closing_balance,,trusted,weekday_rule,base_calendar,True,312,2025-12-10,complete
2025-12-10,0.00,0.00,0,3376758.02,last_posted_transaction_or_prior_closing_balance,,trusted,weekday_rule,base_calendar,True,313,2025-12-11,complete
2025-12-11,0.00,0.00,0,3376758.02,last_posted_transaction_or_prior_closing_balance,,trusted,weekday_rule,base_calendar,True,314,2025-12-12,complete
2025-12-12,42861.61,0.00,1,3419619.63,last_posted_transaction_or_prior_closing_balance,synb1_txn_b6c02f2927deab936f2f59a8,trusted,weekday_rule,base_calendar,True,315,2025-12-15,complete
2025-12-13,0.00,0.00,0,3419619.63,last_posted_transaction_or_prior_closing_balance,,trusted,weekday_rule,base_calendar,False,,,complete
2025-12-14,0.00,0.00,0,3419619.63,last_posted_transaction_or_prior_closing_balance,,trusted,weekday_rule,base_calendar,False,,,complete
2025-12-15,0.00,21913.44,1,3397706.19,last_posted_transaction_or_prior_closing_balance,synb1_txn_bb431623d54bf7740f7a0cd5,trusted,weekday_rule,base_calendar,True,316,2025-12-16,complete
2025-12-16,0.00,0.00,0,3397706.19,last_posted_transaction_or_prior_closing_balance,,trusted,weekday_rule,base_calendar,True,317,2025-12-17,complete
2025-12-17,50308.68,0.00,1,3448014.87,last_posted_transaction_or_prior_closing_balance,synb1_txn_1462156e9eed628dd6a6e1a1,trusted,weekday_rule,base_calendar,True,318,2025-12-18,complete
2025-12-18,20893.06,28174.43,2,3440733.50,last_posted_transaction_or_prior_closing_balance,synb1_txn_9d53de09f8a093e18c180d3b,trusted,weekday_rule,base_calendar,True,319,2025-12-19,complete
2025-12-19,53136.69,34270.63,2,3459599.56,last_posted_transaction_or_prior_closing_balance,synb1_txn_33e61cfd83e35424e178f1be,trusted,weekday_rule,base_calendar,True,320,2025-12-20,complete
2025-12-20,0.00,18582.01,1,3441017.55,last_posted_transaction_or_prior_closing_balance,synb1_txn_5ae629fd39ddbd08f067e4f2,trusted,historical_transaction_override,historical_transaction_override,True,321,2025-12-21,complete
2025-12-21,37184.68,0.00,1,3478202.23,last_posted_transaction_or_prior_closing_balance,synb1_txn_83da09b8ecfbad7da2bd58ee,trusted,historical_transaction_override,historical_transaction_override,True,322,2025-12-22,complete
2025-12-22,67902.46,55241.88,4,3490862.81,last_posted_transaction_or_prior_closing_balance,synb1_txn_87ced3dd0b859e6ea10e1d3e,trusted,weekday_rule,base_calendar,True,323,2025-12-23,complete
2025-12-23,20792.61,41495.65,3,3470159.77,last_posted_transaction_or_prior_closing_balance,synb1_txn_ec7699db456a232b35f29c30,trusted,weekday_rule,base_calendar,True,324,2025-12-24,complete
2025-12-24,0.00,0.00,0,3470159.77,last_posted_transaction_or_prior_closing_balance,,trusted,weekday_rule,base_calendar,True,325,2025-12-25,complete
2025-12-25,24060.69,131359.84,5,3362860.62,last_posted_transaction_or_prior_closing_balance,synb1_txn_2d50d99d68ed9c335b9a376c,trusted,weekday_rule,base_calendar,True,326,2025-12-26,complete
2025-12-26,53106.25,13736.00,3,3402230.87,last_posted_transaction_or_prior_closing_balance,synb1_txn_83dbe57154deb1fb64b148d4,trusted,weekday_rule,base_calendar,True,327,2025-12-27,complete
2025-12-27,46205.83,0.00,1,3448436.70,last_posted_transaction_or_prior_closing_balance,synb1_txn_b9d1f0466a79e9ac9384fb65,trusted,historical_transaction_override,historical_transaction_override,True,328,2025-12-28,complete
2025-12-28,0.00,27882.91,1,3420553.79,last_posted_transaction_or_prior_closing_balance,synb1_txn_7fa114ba2c0c36be3bc20968,trusted,historical_transaction_override,historical_transaction_override,True,329,2025-12-29,complete
2025-12-29,0.00,8858.81,3,3411694.98,last_posted_transaction_or_prior_closing_balance,synb1_txn_e6149610f53d0dd33f078be5,trusted,weekday_rule,base_calendar,True,330,2025-12-30,complete
2025-12-30,12243.73,0.00,1,3423938.71,last_posted_transaction_or_prior_closing_balance,synb1_txn_372d8590273b32ddd6530770,trusted,weekday_rule,base_calendar,True,331,2025-12-31,complete
2025-12-31,0.00,10471.57,1,3413467.14,last_posted_transaction_or_prior_closing_balance,synb1_txn_dca0fe0b393b643d14961a26,trusted,weekday_rule,base_calendar,True,332,2026-01-03,complete
2026-01-01,0.00,0.00,0,3413467.14,last_posted_transaction_or_prior_closing_balance,,trusted,gov_cn_2026_holiday_schedule_v1,base_calendar,False,,,complete
2026-01-02,0.00,0.00,0,3413467.14,last_posted_transaction_or_prior_closing_balance,,trusted,gov_cn_2026_holiday_schedule_v1,base_calendar,False,,,complete
2026-01-03,21766.65,66494.98,3,3368738.81,last_posted_transaction_or_prior_closing_balance,synb1_txn_209f512a2aa4559a88e392ec,trusted,historical_transaction_override,historical_transaction_override,True,333,2026-01-04,complete
2026-01-04,0.00,0.00,0,3368738.81,last_posted_transaction_or_prior_closing_balance,,trusted,gov_cn_2026_holiday_schedule_v1,base_calendar,True,334,2026-01-05,complete
2026-01-05,0.00,0.00,0,3368738.81,last_posted_transaction_or_prior_closing_balance,,trusted,weekday_rule,base_calendar,True,335,2026-01-06,complete
2026-01-06,14973.10,0.00,1,3383711.91,last_posted_transaction_or_prior_closing_balance,synb1_txn_400e753c5304ddb992221f68,trusted,weekday_rule,base_calendar,True,336,2026-01-07,complete
2026-01-07,0.00,168580.60,1,3215131.31,last_posted_transaction_or_prior_closing_balance,synb1_txn_6a92ff99d98ca053529c662f,trusted,weekday_rule,base_calendar,True,337,2026-01-08,complete
2026-01-08,27664.39,0.00,1,3242795.70,last_posted_transaction_or_prior_closing_balance,synb1_txn_b78079a75e5a49082de9fbbd,trusted,weekday_rule,base_calendar,True,338,2026-01-09,complete
2026-01-09,42269.76,0.00,1,3285065.46,last_posted_transaction_or_prior_closing_balance,synb1_txn_5aaff79ff6c8bbe354b62625,trusted,weekday_rule,base_calendar,True,339,2026-01-10,complete
2026-01-10,11032.81,0.00,1,3296098.27,last_posted_transaction_or_prior_closing_balance,synb1_txn_cadca49df9d175ab4399fefc,trusted,historical_transaction_override,historical_transaction_override,True,340,2026-01-12,complete
2026-01-11,0.00,0.00,0,3296098.27,last_posted_transaction_or_prior_closing_balance,,trusted,weekday_rule,base_calendar,False,,,complete
2026-01-12,24590.57,24321.08,2,3296367.76,last_posted_transaction_or_prior_closing_balance,synb1_txn_f8ca7422cb9c2d6ed99abe28,trusted,weekday_rule,base_calendar,True,341,2026-01-13,complete
2026-01-13,60067.56,0.00,1,3356435.32,last_posted_transaction_or_prior_closing_balance,synb1_txn_54c2df2bd403b9667e61cfd7,trusted,weekday_rule,base_calendar,True,342,2026-01-14,complete
2026-01-14,12608.95,17292.42,2,3351751.85,last_posted_transaction_or_prior_closing_balance,synb1_txn_d3bec310870aebf8e0b7a89d,trusted,weekday_rule,base_calendar,True,343,2026-01-15,complete
2026-01-15,0.00,31556.18,2,3320195.67,last_posted_transaction_or_prior_closing_balance,synb1_txn_c7a04c907a2096f88389bf3c,trusted,weekday_rule,base_calendar,True,344,2026-01-16,complete
2026-01-16,16393.72,0.00,1,3336589.39,last_posted_transaction_or_prior_closing_balance,synb1_txn_1c08593e5e2c2972c7ad6084,trusted,weekday_rule,base_calendar,True,345,2026-01-17,complete
2026-01-17,17797.81,16211.65,2,3338175.55,last_posted_transaction_or_prior_closing_balance,synb1_txn_68ea6054574662507a08ca87,trusted,historical_transaction_override,historical_transaction_override,True,346,2026-01-18,complete
2026-01-18,18557.07,48676.76,3,3308055.86,last_posted_transaction_or_prior_closing_balance,synb1_txn_e85771146401d8e747b568fc,trusted,historical_transaction_override,historical_transaction_override,True,347,2026-01-19,complete
2026-01-19,48127.66,0.00,1,3356183.52,last_posted_transaction_or_prior_closing_balance,synb1_txn_dab113aca6a2db7be8b66b9c,trusted,weekday_rule,base_calendar,True,348,2026-01-20,complete
2026-01-20,0.00,0.00,0,3356183.52,last_posted_transaction_or_prior_closing_balance,,trusted,weekday_rule,base_calendar,True,349,2026-01-21,complete
2026-01-21,0.00,34248.61,1,3321934.91,last_posted_transaction_or_prior_closing_balance,synb1_txn_35452c4bfd190c0fbe115357,trusted,weekday_rule,base_calendar,True,350,2026-01-22,complete
2026-01-22,54414.76,0.00,2,3376349.67,last_posted_transaction_or_prior_closing_balance,synb1_txn_e47286594f32229fdd40d8be,trusted,weekday_rule,base_calendar,True,351,2026-01-23,complete
2026-01-23,15400.85,0.00,1,3391750.52,last_posted_transaction_or_prior_closing_balance,synb1_txn_22dfc218b46017d109fbd1b1,trusted,weekday_rule,base_calendar,True,352,2026-01-24,complete
2026-01-24,21465.97,0.00,1,3413216.49,last_posted_transaction_or_prior_closing_balance,synb1_txn_24de8c057e570294be348ac4,trusted,historical_transaction_override,historical_transaction_override,True,353,2026-01-25,complete
2026-01-25,0.00,101827.70,2,3311388.79,last_posted_transaction_or_prior_closing_balance,synb1_txn_fb4bd4d7012b3a08c53fe870,trusted,historical_transaction_override,historical_transaction_override,True,354,2026-01-26,complete
2026-01-26,52984.33,0.00,2,3364373.12,last_posted_transaction_or_prior_closing_balance,synb1_txn_d88dc7a603e03c3efcf84214,trusted,weekday_rule,base_calendar,True,355,2026-01-27,complete
2026-01-27,53902.99,0.00,1,3418276.11,last_posted_transaction_or_prior_closing_balance,synb1_txn_adc6ea471cb5c5e160cf0104,trusted,weekday_rule,base_calendar,True,356,2026-01-28,complete
2026-01-28,30304.91,44745.00,6,3403836.02,last_posted_transaction_or_prior_closing_balance,synb1_txn_9a1b3ed5258dfd77918ca8c6,trusted,weekday_rule,base_calendar,True,357,2026-01-29,complete
2026-01-29,0.00,37773.38,2,3366062.64,last_posted_transaction_or_prior_closing_balance,synb1_txn_421f1b03f8eb1a6606659ac0,trusted,weekday_rule,base_calendar,True,358,2026-01-30,complete
2026-01-30,61064.38,0.00,1,3427127.02,last_posted_transaction_or_prior_closing_balance,synb1_txn_7b20b408875a0eb9a66d4afd,trusted,weekday_rule,base_calendar,True,359,2026-01-31,complete
2026-01-31,0.00,15053.68,1,3412073.34,last_posted_transaction_or_prior_closing_balance,synb1_txn_d3d13a14944bbed256ecdd55,trusted,historical_transaction_override,historical_transaction_override,True,360,2026-02-01,complete
2026-02-01,26516.81,38807.36,3,3399782.79,last_posted_transaction_or_prior_closing_balance,synb1_txn_317e982a2901b59cb41850df,trusted,historical_transaction_override,historical_transaction_override,True,361,2026-02-02,complete
2026-02-02,0.00,0.00,0,3399782.79,last_posted_transaction_or_prior_closing_balance,,trusted,weekday_rule,base_calendar,True,362,2026-02-03,complete
2026-02-03,0.00,47968.33,1,3351814.46,last_posted_transaction_or_prior_closing_balance,synb1_txn_90342e7be0717d5505182af1,trusted,weekday_rule,base_calendar,True,363,2026-02-04,complete
2026-02-04,0.00,0.00,0,3351814.46,last_posted_transaction_or_prior_closing_balance,,trusted,weekday_rule,base_calendar,True,364,2026-02-05,complete
2026-02-05,0.00,0.00,0,3351814.46,last_posted_transaction_or_prior_closing_balance,,trusted,weekday_rule,base_calendar,True,365,2026-02-06,complete
2026-02-06,0.00,0.00,0,3351814.46,last_posted_transaction_or_prior_closing_balance,,trusted,weekday_rule,base_calendar,True,366,2026-02-07,complete
2026-02-07,61802.84,168580.60,3,3245036.70,last_posted_transaction_or_prior_closing_balance,synb1_txn_1678eeee2bdc180d736ba8bd,trusted,historical_transaction_override,historical_transaction_override,True,367,2026-02-09,complete
2026-02-08,0.00,0.00,0,3245036.70,last_posted_transaction_or_prior_closing_balance,,trusted,weekday_rule,base_calendar,False,,,complete
2026-02-09,0.00,0.00,0,3245036.70,last_posted_transaction_or_prior_closing_balance,,trusted,weekday_rule,base_calendar,True,368,2026-02-10,complete
2026-02-10,11794.75,0.00,1,3256831.45,last_posted_transaction_or_prior_closing_balance,synb1_txn_6a2404a2a49994cc8d5635f3,trusted,weekday_rule,base_calendar,True,369,2026-02-11,complete
2026-02-11,56115.28,0.00,2,3312946.73,last_posted_transaction_or_prior_closing_balance,synb1_txn_96f25f0c6b2cd64bb423736a,trusted,weekday_rule,base_calendar,True,370,2026-02-12,complete
2026-02-12,0.00,0.00,0,3312946.73,last_posted_transaction_or_prior_closing_balance,,trusted,weekday_rule,base_calendar,True,371,2026-02-13,complete
2026-02-13,0.00,18746.32,1,3294200.41,last_posted_transaction_or_prior_closing_balance,synb1_txn_54590cc5f39d19465b890608,trusted,weekday_rule,base_calendar,True,372,2026-02-14,complete
2026-02-14,33025.30,0.00,1,3327225.71,last_posted_transaction_or_prior_closing_balance,synb1_txn_70263e5002bfa0fc33ab4d23,trusted,gov_cn_2026_holiday_schedule_v1,base_calendar,True,373,2026-02-15,complete
2026-02-15,64753.11,0.00,2,3391978.82,last_posted_transaction_or_prior_closing_balance,synb1_txn_2d5ef47d9759b4f3145e86a3,trusted,historical_transaction_override,historical_transaction_override,True,374,2026-02-16,complete
2026-02-16,48596.55,34594.81,3,3405980.56,last_posted_transaction_or_prior_closing_balance,synb1_txn_70e15f1431027793f61e5919,trusted,historical_transaction_override,historical_transaction_override,True,375,2026-02-18,complete
2026-02-17,0.00,0.00,0,3405980.56,last_posted_transaction_or_prior_closing_balance,,trusted,gov_cn_2026_holiday_schedule_v1,base_calendar,False,,,complete
2026-02-18,24768.99,9623.78,2,3421125.77,last_posted_transaction_or_prior_closing_balance,synb1_txn_b142240b09a860261790f54a,trusted,historical_transaction_override,historical_transaction_override,True,376,2026-02-19,complete
2026-02-19,0.00,17233.31,1,3403892.46,last_posted_transaction_or_prior_closing_balance,synb1_txn_686a5406aa795a3f5e5001e3,trusted,historical_transaction_override,historical_transaction_override,True,377,2026-02-20,complete
2026-02-20,53823.68,25786.80,3,3431929.34,last_posted_transaction_or_prior_closing_balance,synb1_txn_c0f6ce9fc975631a3a45ab51,trusted,historical_transaction_override,historical_transaction_override,True,378,2026-02-21,complete
2026-02-21,0.00,16841.62,1,3415087.72,last_posted_transaction_or_prior_closing_balance,synb1_txn_3e7b991a5837c57f93d7ddc8,trusted,historical_transaction_override,historical_transaction_override,True,379,2026-02-22,complete
2026-02-22,0.00,28670.85,1,3386416.87,last_posted_transaction_or_prior_closing_balance,synb1_txn_1267dfc5c7bcae4441f8fe77,trusted,historical_transaction_override,historical_transaction_override,True,380,2026-02-23,complete
2026-02-23,0.00,16116.75,1,3370300.12,last_posted_transaction_or_prior_closing_balance,synb1_txn_e75420058b27ef4b6a189abc,trusted,historical_transaction_override,historical_transaction_override,True,381,2026-02-24,complete
2026-02-24,58059.06,0.00,2,3428359.18,last_posted_transaction_or_prior_closing_balance,synb1_txn_407fa144e934611a3f81912f,trusted,weekday_rule,base_calendar,True,382,2026-02-25,complete
2026-02-25,0.00,92891.95,2,3335467.23,last_posted_transaction_or_prior_closing_balance,synb1_txn_f93080a7727d95ca5a2e2db0,trusted,weekday_rule,base_calendar,True,383,2026-02-26,complete
2026-02-26,0.00,24776.12,1,3310691.11,last_posted_transaction_or_prior_closing_balance,synb1_txn_8ac2238f676b0d7b205d34b0,trusted,weekday_rule,base_calendar,True,384,2026-02-27,complete
2026-02-27,0.00,0.00,0,3310691.11,last_posted_transaction_or_prior_closing_balance,,trusted,weekday_rule,base_calendar,True,385,2026-02-28,complete
2026-02-28,22135.08,38444.12,5,3294382.07,last_posted_transaction_or_prior_closing_balance,synb1_txn_fa0cba3f68f7d7d34bb27141,trusted,gov_cn_2026_holiday_schedule_v1,base_calendar,True,386,2026-03-01,complete
2026-03-01,26847.42,23743.79,2,3297485.70,last_posted_transaction_or_prior_closing_balance,synb1_txn_5b4b93698112a71c5a736c7d,trusted,historical_transaction_override,historical_transaction_override,True,387,2026-03-02,complete
2026-03-02,0.00,0.00,0,3297485.70,last_posted_transaction_or_prior_closing_balance,,trusted,weekday_rule,base_calendar,True,388,2026-03-03,complete
2026-03-03,0.00,73519.28,2,3223966.42,last_posted_transaction_or_prior_closing_balance,synb1_txn_32e4575fcb65154f5aecccd3,trusted,weekday_rule,base_calendar,True,389,2026-03-04,complete
2026-03-04,25410.16,0.00,1,3249376.58,last_posted_transaction_or_prior_closing_balance,synb1_txn_c5ab6b3311989736e3e671f8,trusted,weekday_rule,base_calendar,True,390,2026-03-05,complete
2026-03-05,19843.74,0.00,1,3269220.32,last_posted_transaction_or_prior_closing_balance,synb1_txn_8c50f489bfa2b782da8cd538,trusted,weekday_rule,base_calendar,True,391,2026-03-06,complete
2026-03-06,0.00,23745.34,1,3245474.98,last_posted_transaction_or_prior_closing_balance,synb1_txn_f532acb5476ecc1bc9d6a90c,trusted,weekday_rule,base_calendar,True,392,2026-03-07,complete
2026-03-07,0.00,168580.60,1,3076894.38,last_posted_transaction_or_prior_closing_balance,synb1_txn_e32b84e992a8dfc8e00c9c95,trusted,historical_transaction_override,historical_transaction_override,True,393,2026-03-08,complete
2026-03-08,40232.75,0.00,1,3117127.13,last_posted_transaction_or_prior_closing_balance,synb1_txn_3bbaf3c093c11a8372a1f454,trusted,historical_transaction_override,historical_transaction_override,True,394,2026-03-09,complete
2026-03-09,52545.00,13747.31,3,3155924.82,last_posted_transaction_or_prior_closing_balance,synb1_txn_eafa6b355bf2b39b98542b76,trusted,weekday_rule,base_calendar,True,395,2026-03-10,complete
2026-03-10,40305.06,0.00,2,3196229.88,last_posted_transaction_or_prior_closing_balance,synb1_txn_ffe70482adbe16842ef24ee9,trusted,weekday_rule,base_calendar,True,396,2026-03-11,complete
2026-03-11,0.00,0.00,0,3196229.88,last_posted_transaction_or_prior_closing_balance,,trusted,weekday_rule,base_calendar,True,397,2026-03-12,complete
2026-03-12,75007.05,0.00,2,3271236.93,last_posted_transaction_or_prior_closing_balance,synb1_txn_eb18bf7435d2dd4ec37eb881,trusted,weekday_rule,base_calendar,True,398,2026-03-13,complete
2026-03-13,46468.78,24888.38,3,3292817.33,last_posted_transaction_or_prior_closing_balance,synb1_txn_9b03ed50e5eb05ea3aa654a5,trusted,weekday_rule,base_calendar,True,399,2026-03-14,complete
2026-03-14,55374.96,31677.46,4,3316514.83,last_posted_transaction_or_prior_closing_balance,synb1_txn_bb9bd40193179c8b25ad6267,trusted,historical_transaction_override,historical_transaction_override,True,400,2026-03-16,complete
2026-03-15,0.00,0.00,0,3316514.83,last_posted_transaction_or_prior_closing_balance,,trusted,weekday_rule,base_calendar,False,,,complete
2026-03-16,16908.74,20906.25,2,3312517.32,last_posted_transaction_or_prior_closing_balance,synb1_txn_fea59ac3f2704cb45f844eda,trusted,weekday_rule,base_calendar,True,401,2026-03-17,complete
2026-03-17,66459.75,103373.84,5,3275603.23,last_posted_transaction_or_prior_closing_balance,synb1_txn_c6f2ee0758dd8f9e54bc2a7d,trusted,weekday_rule,base_calendar,True,402,2026-03-18,complete
2026-03-18,36112.42,0.00,2,3311715.65,last_posted_transaction_or_prior_closing_balance,synb1_txn_7a09d447641fe430f64443dd,trusted,weekday_rule,base_calendar,True,403,2026-03-19,complete
2026-03-19,0.00,0.00,0,3311715.65,last_posted_transaction_or_prior_closing_balance,,trusted,weekday_rule,base_calendar,True,404,2026-03-20,complete
2026-03-20,29206.02,41334.59,3,3299587.08,last_posted_transaction_or_prior_closing_balance,synb1_txn_1a7e949f693d2cb0a49a9e95,trusted,weekday_rule,base_calendar,True,405,2026-03-21,complete
2026-03-21,53456.22,30825.72,2,3322217.58,last_posted_transaction_or_prior_closing_balance,synb1_txn_4a9699719a4f0c93ce615b10,trusted,historical_transaction_override,historical_transaction_override,True,406,2026-03-23,complete
2026-03-22,0.00,0.00,0,3322217.58,last_posted_transaction_or_prior_closing_balance,,trusted,weekday_rule,base_calendar,False,,,complete
2026-03-23,21783.89,14023.23,2,3329978.24,last_posted_transaction_or_prior_closing_balance,synb1_txn_47c53dd67e6f63e22b6101c1,trusted,weekday_rule,base_calendar,True,407,2026-03-24,complete
2026-03-24,0.00,12558.64,1,3317419.60,last_posted_transaction_or_prior_closing_balance,synb1_txn_e35d34aa5552068ba9ca7182,trusted,weekday_rule,base_calendar,True,408,2026-03-25,complete
2026-03-25,0.00,64221.09,1,3253198.51,last_posted_transaction_or_prior_closing_balance,synb1_txn_8dc77fbadccaa389375f121a,trusted,weekday_rule,base_calendar,True,409,2026-03-26,complete
2026-03-26,0.00,0.00,0,3253198.51,last_posted_transaction_or_prior_closing_balance,,trusted,weekday_rule,base_calendar,True,410,2026-03-27,complete
2026-03-27,11981.14,0.00,1,3265179.65,last_posted_transaction_or_prior_closing_balance,synb1_txn_7ded33406e558f7dc7d1cb6b,trusted,weekday_rule,base_calendar,True,411,2026-03-30,complete
2026-03-28,0.00,0.00,0,3265179.65,last_posted_transaction_or_prior_closing_balance,,trusted,weekday_rule,base_calendar,False,,,complete
2026-03-29,0.00,0.00,0,3265179.65,last_posted_transaction_or_prior_closing_balance,,trusted,weekday_rule,base_calendar,False,,,complete
2026-03-30,18943.13,8858.81,4,3275263.97,last_posted_transaction_or_prior_closing_balance,synb1_txn_598ec9da85d9aef2d9cb399f,trusted,weekday_rule,base_calendar,True,412,2026-03-31,complete
2026-03-31,14159.53,0.00,1,3289423.50,last_posted_transaction_or_prior_closing_balance,synb1_txn_da79491801341bc4bb36ef89,trusted,weekday_rule,base_calendar,True,413,2026-04-01,complete
2026-04-01,0.00,12978.22,1,3276445.28,last_posted_transaction_or_prior_closing_balance,synb1_txn_931bc57eebef73c53bfb65f5,trusted,weekday_rule,base_calendar,True,414,2026-04-02,complete
2026-04-02,22319.68,0.00,1,3298764.96,last_posted_transaction_or_prior_closing_balance,synb1_txn_f4c2ee5ddcc17dd2c002b203,trusted,weekday_rule,base_calendar,True,415,2026-04-03,complete
2026-04-03,27362.31,66307.12,3,3259820.15,last_posted_transaction_or_prior_closing_balance,synb1_txn_8c14f95122288211f4403b58,trusted,weekday_rule,base_calendar,True,416,2026-04-04,complete
2026-04-04,0.00,11124.20,1,3248695.95,last_posted_transaction_or_prior_closing_balance,synb1_txn_3ac1b4a104213d556bae85f9,trusted,historical_transaction_override,historical_transaction_override,True,417,2026-04-06,complete
2026-04-05,0.00,0.00,0,3248695.95,last_posted_transaction_or_prior_closing_balance,,trusted,gov_cn_2026_holiday_schedule_v1,base_calendar,False,,,complete
2026-04-06,54784.68,15404.60,2,3288076.03,last_posted_transaction_or_prior_closing_balance,synb1_txn_6c498e6b0bab44f57aa84bf5,trusted,historical_transaction_override,historical_transaction_override,True,418,2026-04-07,complete
2026-04-07,31571.91,168580.60,2,3151067.34,last_posted_transaction_or_prior_closing_balance,synb1_txn_529e9afde5f8601ac2081965,trusted,weekday_rule,base_calendar,True,419,2026-04-08,complete
2026-04-08,0.00,0.00,0,3151067.34,last_posted_transaction_or_prior_closing_balance,,trusted,weekday_rule,base_calendar,True,420,2026-04-09,complete
2026-04-09,0.00,30353.87,1,3120713.47,last_posted_transaction_or_prior_closing_balance,synb1_txn_22536d7244e516a35fd6e2a4,trusted,weekday_rule,base_calendar,True,421,2026-04-10,complete
2026-04-10,48697.52,0.00,1,3169410.99,last_posted_transaction_or_prior_closing_balance,synb1_txn_8d354542775d0db595db4975,trusted,weekday_rule,base_calendar,True,422,2026-04-11,complete
2026-04-11,83415.18,0.00,2,3252826.17,last_posted_transaction_or_prior_closing_balance,synb1_txn_974a6e1c9270188bd6905352,trusted,historical_transaction_override,historical_transaction_override,True,423,2026-04-12,complete
2026-04-12,0.00,26541.13,2,3226285.04,last_posted_transaction_or_prior_closing_balance,synb1_txn_58ba6f9f03c7f59ee41f545d,trusted,historical_transaction_override,historical_transaction_override,True,424,2026-04-13,complete
2026-04-13,0.00,0.00,0,3226285.04,last_posted_transaction_or_prior_closing_balance,,trusted,weekday_rule,base_calendar,True,425,2026-04-14,complete
2026-04-14,21828.12,0.00,1,3248113.16,last_posted_transaction_or_prior_closing_balance,synb1_txn_f7220c0a62e07172cfa22bf3,trusted,weekday_rule,base_calendar,True,426,2026-04-15,complete
2026-04-15,111274.15,6679.50,3,3352707.81,last_posted_transaction_or_prior_closing_balance,synb1_txn_61bce8c1873a29713e71ce58,trusted,weekday_rule,base_calendar,True,427,2026-04-16,complete
2026-04-16,0.00,0.00,0,3352707.81,last_posted_transaction_or_prior_closing_balance,,trusted,weekday_rule,base_calendar,True,428,2026-04-17,complete
2026-04-17,0.00,0.00,0,3352707.81,last_posted_transaction_or_prior_closing_balance,,trusted,weekday_rule,base_calendar,True,429,2026-04-18,complete
2026-04-18,28376.56,10524.87,2,3370559.50,last_posted_transaction_or_prior_closing_balance,synb1_txn_72948dad92e2cb2cfebb7032,trusted,historical_transaction_override,historical_transaction_override,True,430,2026-04-19,complete
2026-04-19,56914.44,11003.28,3,3416470.66,last_posted_transaction_or_prior_closing_balance,synb1_txn_6585b374ba677d0ebd828a7f,trusted,historical_transaction_override,historical_transaction_override,True,431,2026-04-20,complete
2026-04-20,0.00,0.00,0,3416470.66,last_posted_transaction_or_prior_closing_balance,,trusted,weekday_rule,base_calendar,True,432,2026-04-21,complete
2026-04-21,0.00,16372.03,1,3400098.63,last_posted_transaction_or_prior_closing_balance,synb1_txn_2ec0974ce19cf41cb2b3def3,trusted,weekday_rule,base_calendar,True,433,2026-04-22,complete
2026-04-22,58935.94,56534.12,3,3402500.45,last_posted_transaction_or_prior_closing_balance,synb1_txn_7145d4bc2cd4a19c6e7e7be1,trusted,weekday_rule,base_calendar,True,434,2026-04-23,complete
2026-04-23,0.00,0.00,0,3402500.45,last_posted_transaction_or_prior_closing_balance,,trusted,weekday_rule,base_calendar,True,435,2026-04-24,complete
2026-04-24,0.00,36386.50,1,3366113.95,last_posted_transaction_or_prior_closing_balance,synb1_txn_aa8c902ce20119007c55fb17,trusted,weekday_rule,base_calendar,True,436,2026-04-25,complete
2026-04-25,0.00,92045.48,2,3274068.47,last_posted_transaction_or_prior_closing_balance,synb1_txn_0da207316c662531dd5597fc,trusted,historical_transaction_override,historical_transaction_override,True,437,2026-04-27,complete
2026-04-26,0.00,0.00,0,3274068.47,last_posted_transaction_or_prior_closing_balance,,trusted,weekday_rule,base_calendar,False,,,complete
2026-04-27,37264.71,24742.83,2,3286590.35,last_posted_transaction_or_prior_closing_balance,synb1_txn_8b0cf299c77aa5ee40b23e76,trusted,weekday_rule,base_calendar,True,438,2026-04-28,complete
2026-04-28,0.00,8858.81,3,3277731.54,last_posted_transaction_or_prior_closing_balance,synb1_txn_a0eaaaec7f36c7d23d2f2a74,trusted,weekday_rule,base_calendar,True,439,2026-04-29,complete
2026-04-29,0.00,21424.37,1,3256307.17,last_posted_transaction_or_prior_closing_balance,synb1_txn_d879c7fe23443775bd770aa0,trusted,weekday_rule,base_calendar,True,440,2026-04-30,complete
2026-04-30,84533.34,15459.80,3,3325380.71,last_posted_transaction_or_prior_closing_balance,synb1_txn_9d307628dad740c8952d46c3,trusted,weekday_rule,base_calendar,True,441,2026-05-01,complete
2026-05-01,36814.39,0.00,2,3362195.10,last_posted_transaction_or_prior_closing_balance,synb1_txn_31a6430cd2dcc70ee053d8ab,trusted,historical_transaction_override,historical_transaction_override,True,442,2026-05-02,complete
2026-05-02,53036.94,34814.61,2,3380417.43,last_posted_transaction_or_prior_closing_balance,synb1_txn_5989ebf7da1989e7ae8943d8,trusted,historical_transaction_override,historical_transaction_override,True,443,2026-05-03,complete
2026-05-03,0.00,66740.95,2,3313676.48,last_posted_transaction_or_prior_closing_balance,synb1_txn_b4cccfce58194b6974aa2b20,trusted,historical_transaction_override,historical_transaction_override,True,444,2026-05-04,complete
2026-05-04,95968.72,0.00,2,3409645.20,last_posted_transaction_or_prior_closing_balance,synb1_txn_8da248ea011cd072141c3fab,trusted,historical_transaction_override,historical_transaction_override,True,445,2026-05-05,complete
2026-05-05,48664.08,0.00,2,3458309.28,last_posted_transaction_or_prior_closing_balance,synb1_txn_887496dd4c3fb0074584118f,trusted,historical_transaction_override,historical_transaction_override,True,446,2026-05-06,complete
2026-05-06,30306.82,0.00,1,3488616.10,last_posted_transaction_or_prior_closing_balance,synb1_txn_dc7cc4ef0f179e68ecf8a9bd,trusted,weekday_rule,base_calendar,True,447,2026-05-07,complete
2026-05-07,0.00,168580.60,1,3320035.50,last_posted_transaction_or_prior_closing_balance,synb1_txn_f10d3b592369613af6384b7c,trusted,weekday_rule,base_calendar,True,448,2026-05-08,complete
2026-05-08,60507.19,0.00,3,3380542.69,last_posted_transaction_or_prior_closing_balance,synb1_txn_5903d406a0c38316b97dcc8d,trusted,weekday_rule,base_calendar,True,449,2026-05-09,complete
2026-05-09,46002.04,0.00,2,3426544.73,last_posted_transaction_or_prior_closing_balance,synb1_txn_21152b5cde9c98a92bf929f0,trusted,gov_cn_2026_holiday_schedule_v1,base_calendar,True,450,2026-05-10,complete
2026-05-10,20835.95,0.00,1,3447380.68,last_posted_transaction_or_prior_closing_balance,synb1_txn_e1675f2ec22e71bdb7ea64eb,trusted,historical_transaction_override,historical_transaction_override,True,451,2026-05-11,complete
2026-05-11,0.00,36851.57,1,3410529.11,last_posted_transaction_or_prior_closing_balance,synb1_txn_4b0b5ca5ea15124afa7f9d1e,trusted,weekday_rule,base_calendar,True,452,2026-05-12,complete
2026-05-12,26650.61,0.00,1,3437179.72,last_posted_transaction_or_prior_closing_balance,synb1_txn_82bbfafa1172bb47ec2caa0b,trusted,weekday_rule,base_calendar,True,453,2026-05-13,complete
2026-05-13,13170.73,20254.13,2,3430096.32,last_posted_transaction_or_prior_closing_balance,synb1_txn_f348b0c346795d8d5ecfcb0a,trusted,weekday_rule,base_calendar,True,454,2026-05-14,complete
2026-05-14,14666.66,25126.08,2,3419636.90,last_posted_transaction_or_prior_closing_balance,synb1_txn_fd00289b896e25431a04f504,trusted,weekday_rule,base_calendar,True,455,2026-05-15,complete
2026-05-15,0.00,0.00,0,3419636.90,last_posted_transaction_or_prior_closing_balance,,trusted,weekday_rule,base_calendar,True,456,2026-05-16,complete
2026-05-16,10152.63,14177.90,2,3415611.63,last_posted_transaction_or_prior_closing_balance,synb1_txn_6e5d9a0e8723e15aab79714d,trusted,historical_transaction_override,historical_transaction_override,True,457,2026-05-17,complete
2026-05-17,21951.23,13256.32,2,3424306.54,last_posted_transaction_or_prior_closing_balance,synb1_txn_f0a31284f6bd1a7a427f71f1,trusted,historical_transaction_override,historical_transaction_override,True,458,2026-05-18,complete
2026-05-18,20166.66,0.00,1,3444473.20,last_posted_transaction_or_prior_closing_balance,synb1_txn_b0147c64b0b81bf777359d87,trusted,weekday_rule,base_calendar,True,459,2026-05-19,complete
2026-05-19,0.00,0.00,0,3444473.20,last_posted_transaction_or_prior_closing_balance,,trusted,weekday_rule,base_calendar,True,460,2026-05-20,complete
2026-05-20,0.00,56771.32,3,3387701.88,last_posted_transaction_or_prior_closing_balance,synb1_txn_93611de47014d90152327042,trusted,weekday_rule,base_calendar,True,461,2026-05-21,complete
2026-05-21,0.00,0.00,0,3387701.88,last_posted_transaction_or_prior_closing_balance,,trusted,weekday_rule,base_calendar,True,462,2026-05-22,complete
2026-05-22,20166.68,0.00,1,3407868.56,last_posted_transaction_or_prior_closing_balance,synb1_txn_ae2e81cb04471d3995f2d468,trusted,weekday_rule,base_calendar,True,463,2026-05-23,complete
2026-05-23,0.00,76423.24,3,3331445.32,last_posted_transaction_or_prior_closing_balance,synb1_txn_2e9cdd9ed0beb9caa28a40bf,trusted,historical_transaction_override,historical_transaction_override,True,464,2026-05-25,complete
2026-05-24,0.00,0.00,0,3331445.32,last_posted_transaction_or_prior_closing_balance,,trusted,weekday_rule,base_calendar,False,,,complete
2026-05-25,43076.92,64221.09,2,3310301.15,last_posted_transaction_or_prior_closing_balance,synb1_txn_c28dd4398058962c47b97216,trusted,weekday_rule,base_calendar,True,465,2026-05-26,complete
2026-05-26,11250.00,39599.81,3,3281951.34,last_posted_transaction_or_prior_closing_balance,synb1_txn_559815c7863504d63e57973d,trusted,weekday_rule,base_calendar,True,466,2026-05-27,complete
2026-05-27,0.00,0.00,0,3281951.34,last_posted_transaction_or_prior_closing_balance,,trusted,weekday_rule,base_calendar,True,467,2026-05-28,complete
2026-05-28,0.00,8858.81,3,3273092.53,last_posted_transaction_or_prior_closing_balance,synb1_txn_588e884ab3447806fd93a611,trusted,weekday_rule,base_calendar,True,468,2026-05-29,complete
2026-05-29,46666.66,9064.18,2,3310695.01,last_posted_transaction_or_prior_closing_balance,synb1_txn_d3afabc7c19a8dae8971830d,trusted,weekday_rule,base_calendar,True,469,2026-05-30,complete
2026-05-30,30000.00,0.00,1,3340695.01,last_posted_transaction_or_prior_closing_balance,synb1_txn_8fe704a14462c2f3c39fc147,trusted,historical_transaction_override,historical_transaction_override,True,470,2026-05-31,complete
2026-05-31,0.00,26691.49,1,3314003.52,last_posted_transaction_or_prior_closing_balance,synb1_txn_1e6ae9fb28d2758abfd56270,trusted,historical_transaction_override,historical_transaction_override,True,471,2026-06-01,complete
2026-06-01,43272.72,0.00,1,3357276.24,last_posted_transaction_or_prior_closing_balance,synb1_txn_e17d1259c1a20f7b2ddd9904,trusted,weekday_rule,base_calendar,True,472,2026-06-02,complete
2026-06-02,50256.42,0.00,1,3407532.66,last_posted_transaction_or_prior_closing_balance,synb1_txn_b7527d92f4b2e2319c21b057,trusted,weekday_rule,base_calendar,True,473,2026-06-03,complete
2026-06-03,40000.00,67186.21,4,3380346.45,last_posted_transaction_or_prior_closing_balance,synb1_txn_a7ac34071fa3de7b10c2b736,trusted,weekday_rule,base_calendar,True,474,2026-06-04,complete
2026-06-04,0.00,0.00,0,3380346.45,last_posted_transaction_or_prior_closing_balance,,trusted,weekday_rule,base_calendar,True,475,2026-06-05,complete
2026-06-05,63136.36,0.00,2,3443482.81,last_posted_transaction_or_prior_closing_balance,synb1_txn_e260cb7275c807b34c3bb9d5,trusted,weekday_rule,base_calendar,True,476,2026-06-07,complete
2026-06-06,0.00,0.00,0,3443482.81,last_posted_transaction_or_prior_closing_balance,,trusted,weekday_rule,base_calendar,False,,,complete
2026-06-07,31022.72,168580.60,2,3305924.93,last_posted_transaction_or_prior_closing_balance,synb1_txn_e9bf4a2283149342684ff840,trusted,historical_transaction_override,historical_transaction_override,True,477,2026-06-08,complete
2026-06-08,0.00,0.00,0,3305924.93,last_posted_transaction_or_prior_closing_balance,,trusted,weekday_rule,base_calendar,True,478,2026-06-09,complete
2026-06-09,137002.53,0.00,4,3442927.46,last_posted_transaction_or_prior_closing_balance,synb1_txn_d886333413b3fc7b7c794c69,trusted,weekday_rule,base_calendar,True,479,2026-06-10,complete
2026-06-10,0.00,0.00,0,3442927.46,last_posted_transaction_or_prior_closing_balance,,trusted,weekday_rule,base_calendar,True,480,2026-06-11,complete
2026-06-11,17727.28,0.00,1,3460654.74,last_posted_transaction_or_prior_closing_balance,synb1_txn_5c6f8225093b2001dd37f079,trusted,weekday_rule,base_calendar,True,481,2026-06-12,complete
2026-06-12,0.00,8442.94,1,3452211.80,last_posted_transaction_or_prior_closing_balance,synb1_txn_3800ae617112423d86332cdb,trusted,weekday_rule,base_calendar,True,482,2026-06-13,complete
2026-06-13,118646.17,0.00,3,3570857.97,last_posted_transaction_or_prior_closing_balance,synb1_txn_bdfac3a8054b211a65800145,trusted,historical_transaction_override,historical_transaction_override,True,483,2026-06-15,complete
2026-06-14,0.00,0.00,0,3570857.97,last_posted_transaction_or_prior_closing_balance,,trusted,weekday_rule,base_calendar,False,,,complete
2026-06-15,0.00,8118.23,1,3562739.74,last_posted_transaction_or_prior_closing_balance,synb1_txn_ac154f255ccf248e120e246a,trusted,weekday_rule,base_calendar,True,484,2026-06-16,complete
2026-06-16,0.00,30948.69,1,3531791.05,last_posted_transaction_or_prior_closing_balance,synb1_txn_92b8bfad530fb68831ac70bf,trusted,weekday_rule,base_calendar,True,485,2026-06-17,complete
2026-06-17,82118.51,0.00,3,3613909.56,last_posted_transaction_or_prior_closing_balance,synb1_txn_a61ef00bbaf0307b15a069d2,trusted,weekday_rule,base_calendar,True,486,2026-06-18,complete
2026-06-18,0.00,0.00,0,3613909.56,last_posted_transaction_or_prior_closing_balance,,trusted,weekday_rule,base_calendar,True,487,2026-06-19,complete
2026-06-19,0.00,22875.12,1,3591034.44,last_posted_transaction_or_prior_closing_balance,synb1_txn_927ca7ca4760a6497d8e8936,trusted,historical_transaction_override,historical_transaction_override,True,488,2026-06-20,complete
2026-06-20,0.00,15580.57,1,3575453.87,last_posted_transaction_or_prior_closing_balance,synb1_txn_92e22d0e6744c72bc7a1d5e9,trusted,historical_transaction_override,historical_transaction_override,True,489,2026-06-21,complete
2026-06-21,36094.73,12529.84,2,3599018.76,last_posted_transaction_or_prior_closing_balance,synb1_txn_92768e46a35527bd04a2b86f,trusted,historical_transaction_override,historical_transaction_override,True,490,2026-06-22,complete
2026-06-22,0.00,35829.45,1,3563189.31,last_posted_transaction_or_prior_closing_balance,synb1_txn_fcb5872472061d367a52043a,trusted,weekday_rule,base_calendar,True,491,2026-06-23,complete
2026-06-23,0.00,70497.46,2,3492691.85,last_posted_transaction_or_prior_closing_balance,synb1_txn_295c77b6b77e32ed70082043,trusted,weekday_rule,base_calendar,True,492,2026-06-24,complete
2026-06-24,0.00,35083.57,1,3457608.28,last_posted_transaction_or_prior_closing_balance,synb1_txn_4d222afbb7097602e0d96b3f,trusted,weekday_rule,base_calendar,True,493,2026-06-25,complete
2026-06-25,24120.05,80145.30,4,3401583.03,last_posted_transaction_or_prior_closing_balance,synb1_txn_abc9bc96e7272d7541aaa2d6,trusted,weekday_rule,base_calendar,True,494,2026-06-26,complete
2026-06-26,0.00,11218.86,1,3390364.17,last_posted_transaction_or_prior_closing_balance,synb1_txn_6dcb38aced78d8d94177479d,trusted,weekday_rule,base_calendar,True,495,2026-06-29,complete
2026-06-27,0.00,0.00,0,3390364.17,last_posted_transaction_or_prior_closing_balance,,trusted,weekday_rule,base_calendar,False,,,complete
2026-06-28,0.00,0.00,0,3390364.17,last_posted_transaction_or_prior_closing_balance,,trusted,weekday_rule,base_calendar,False,,,complete
2026-06-29,34754.33,35206.12,5,3389912.38,last_posted_transaction_or_prior_closing_balance,synb1_txn_918411168374112e93400832,trusted,weekday_rule,base_calendar,True,496,2026-06-30,complete
2026-06-30,0.00,0.00,0,3389912.38,last_posted_transaction_or_prior_closing_balance,,trusted,weekday_rule,base_calendar,True,497,2026-07-01,complete
2026-07-01,0.00,0.00,0,3389912.38,last_posted_transaction_or_prior_closing_balance,,trusted,weekday_rule,base_calendar,True,498,2026-07-02,complete
2026-07-02,24888.02,15055.62,2,3399744.78,last_posted_transaction_or_prior_closing_balance,synb1_txn_732918f8ca74542efc934614,trusted,weekday_rule,base_calendar,True,499,2026-07-03,complete
2026-07-03,24176.94,61399.03,3,3362522.69,last_posted_transaction_or_prior_closing_balance,synb1_txn_2a382f11312d70d325d0ccca,trusted,weekday_rule,base_calendar,True,500,2026-07-04,complete
2026-07-04,77115.39,0.00,2,3439638.08,last_posted_transaction_or_prior_closing_balance,synb1_txn_2f0c7ead5cd7f17342178702,trusted,historical_transaction_override,historical_transaction_override,True,501,2026-07-06,complete
2026-07-05,0.00,0.00,0,3439638.08,last_posted_transaction_or_prior_closing_balance,,trusted,weekday_rule,base_calendar,False,,,complete
2026-07-06,37332.03,15551.35,2,3461418.76,last_posted_transaction_or_prior_closing_balance,synb1_txn_4a5288fa0617c002a8da3484,trusted,weekday_rule,base_calendar,True,502,2026-07-07,complete
2026-07-07,0.00,168580.60,1,3292838.16,last_posted_transaction_or_prior_closing_balance,synb1_txn_1bb572de6addedb97dda4580,trusted,weekday_rule,base_calendar,True,503,2026-07-08,complete
2026-07-08,57013.45,0.00,2,3349851.61,last_posted_transaction_or_prior_closing_balance,synb1_txn_1adb094d1f290ee50584d280,trusted,weekday_rule,base_calendar,True,504,2026-07-09,complete
2026-07-09,0.00,0.00,0,3349851.61,last_posted_transaction_or_prior_closing_balance,,trusted,weekday_rule,base_calendar,True,505,2026-07-10,complete
2026-07-10,54753.67,0.00,1,3404605.28,last_posted_transaction_or_prior_closing_balance,synb1_txn_2c135a0b67f59c5b9176ca74,trusted,weekday_rule,base_calendar,True,506,2026-07-12,complete
2026-07-11,0.00,0.00,0,3404605.28,last_posted_transaction_or_prior_closing_balance,,trusted,weekday_rule,base_calendar,False,,,complete
2026-07-12,70575.10,0.00,2,3475180.38,last_posted_transaction_or_prior_closing_balance,synb1_txn_c80f1c46685b29e20570e5f1,trusted,historical_transaction_override,historical_transaction_override,True,507,2026-07-13,complete
2026-07-13,0.00,0.00,0,3475180.38,last_posted_transaction_or_prior_closing_balance,,trusted,weekday_rule,base_calendar,True,508,2026-07-14,complete
2026-07-14,0.00,0.00,0,3475180.38,last_posted_transaction_or_prior_closing_balance,,trusted,weekday_rule,base_calendar,True,509,2026-07-15,complete
2026-07-15,0.00,0.00,0,3475180.38,last_posted_transaction_or_prior_closing_balance,,trusted,weekday_rule,base_calendar,True,510,2026-07-16,complete
2026-07-16,0.00,0.00,0,3475180.38,last_posted_transaction_or_prior_closing_balance,,trusted,weekday_rule,base_calendar,True,511,2026-07-17,complete
2026-07-17,0.00,0.00,0,3475180.38,last_posted_transaction_or_prior_closing_balance,,trusted,weekday_rule,base_calendar,True,512,2026-07-18,complete
2026-07-18,0.00,15529.09,1,3459651.29,last_posted_transaction_or_prior_closing_balance,synb1_txn_ad505cd74ad921c4e77cea9f,trusted,historical_transaction_override,historical_transaction_override,True,513,2026-07-19,complete
2026-07-19,47569.35,0.00,1,3507220.64,last_posted_transaction_or_prior_closing_balance,synb1_txn_a49d631847c19cd8aed48ec7,trusted,historical_transaction_override,historical_transaction_override,True,514,2026-07-20,complete
2026-07-20,0.00,0.00,0,3507220.64,last_posted_transaction_or_prior_closing_balance,,trusted,weekday_rule,base_calendar,True,515,2026-07-21,complete
2026-07-21,0.00,20705.47,1,3486515.17,last_posted_transaction_or_prior_closing_balance,synb1_txn_fcdaeb6ec37633d9bfd60a54,trusted,weekday_rule,base_calendar,True,516,2026-07-22,complete
2026-07-22,0.00,34587.49,1,3451927.68,last_posted_transaction_or_prior_closing_balance,synb1_txn_e5ae8ecad34c13e333d97226,trusted,weekday_rule,base_calendar,True,517,2026-07-23,complete
2026-07-23,26427.42,43114.96,4,3435240.14,last_posted_transaction_or_prior_closing_balance,synb1_txn_56472627d4c8b368cb9b0ace,trusted,weekday_rule,base_calendar,True,518,2026-07-24,complete
2026-07-24,32758.87,0.00,1,3467999.01,last_posted_transaction_or_prior_closing_balance,synb1_txn_41ae894c78a8e596cf23b488,trusted,weekday_rule,base_calendar,True,519,2026-07-25,complete
2026-07-25,34092.26,83985.37,3,3418105.90,last_posted_transaction_or_prior_closing_balance,synb1_txn_c6d6c895c54e88d028303daf,trusted,historical_transaction_override,historical_transaction_override,True,520,2026-07-26,complete
2026-07-26,0.00,47471.31,3,3370634.59,last_posted_transaction_or_prior_closing_balance,synb1_txn_f34eaa70903fe69da95b2de2,trusted,historical_transaction_override,historical_transaction_override,True,521,2026-07-27,complete
2026-07-27,38760.23,21568.16,2,3387826.66,last_posted_transaction_or_prior_closing_balance,synb1_txn_21fa11f0f018e008a67d174a,trusted,weekday_rule,base_calendar,True,522,2026-07-28,complete
2026-07-28,71115.62,40262.05,6,3418680.23,last_posted_transaction_or_prior_closing_balance,synb1_txn_8e98c09d5551d7efacc7d406,trusted,weekday_rule,base_calendar,True,523,2026-07-29,complete
2026-07-29,28410.22,13587.94,2,3433502.51,last_posted_transaction_or_prior_closing_balance,synb1_txn_2ab2926e47220e7cf176fe57,trusted,weekday_rule,base_calendar,True,524,2026-07-30,complete
2026-07-30,0.00,35048.26,1,3398454.25,last_posted_transaction_or_prior_closing_balance,synb1_txn_8b789a5ad8c2adc7f7280530,trusted,weekday_rule,base_calendar,True,525,2026-07-31,complete
2026-07-31,0.00,27477.84,1,3370976.41,last_posted_transaction_or_prior_closing_balance,synb1_txn_7119b221938751dd7359f512,trusted,weekday_rule,base_calendar,True,526,2026-08-01,complete
2026-08-01,70408.34,27175.88,3,3414208.87,last_posted_transaction_or_prior_closing_balance,synb1_txn_b5e854560fd9c09baf81f3f8,trusted,historical_transaction_override,historical_transaction_override,True,527,2026-08-02,complete
2026-08-02,26516.21,0.00,1,3440725.08,last_posted_transaction_or_prior_closing_balance,synb1_txn_52c3a261f15d94eb04d95e08,trusted,historical_transaction_override,historical_transaction_override,True,528,2026-08-03,complete
2026-08-03,0.00,47968.33,1,3392756.75,last_posted_transaction_or_prior_closing_balance,synb1_txn_45592f1bc24f9c840d155c58,trusted,weekday_rule,base_calendar,True,529,2026-08-04,complete
2026-08-04,0.00,0.00,0,3392756.75,last_posted_transaction_or_prior_closing_balance,,trusted,weekday_rule,base_calendar,True,530,2026-08-05,complete
2026-08-05,33427.44,0.00,1,3426184.19,last_posted_transaction_or_prior_closing_balance,synb1_txn_31a0b8d63f0319538beff170,trusted,weekday_rule,base_calendar,True,531,2026-08-06,complete
2026-08-06,0.00,0.00,0,3426184.19,last_posted_transaction_or_prior_closing_balance,,trusted,weekday_rule,base_calendar,True,532,2026-08-07,complete
2026-08-07,0.00,168580.60,1,3257603.59,last_posted_transaction_or_prior_closing_balance,synb1_txn_1d5414e667eddb337f42e2a4,trusted,weekday_rule,base_calendar,True,533,2026-08-08,complete
2026-08-08,21580.28,0.00,1,3279183.87,last_posted_transaction_or_prior_closing_balance,synb1_txn_02ae82be516a10b959dedcc6,trusted,historical_transaction_override,historical_transaction_override,True,534,2026-08-10,complete
2026-08-09,0.00,0.00,0,3279183.87,last_posted_transaction_or_prior_closing_balance,,trusted,weekday_rule,base_calendar,False,,,complete
2026-08-10,21441.85,30071.01,3,3270554.71,last_posted_transaction_or_prior_closing_balance,synb1_txn_91cb98485ea4645791504fa9,trusted,weekday_rule,base_calendar,True,535,2026-08-11,complete
2026-08-11,33840.32,0.00,2,3304395.03,last_posted_transaction_or_prior_closing_balance,synb1_txn_9fc5aaccda86c4ef40f6c178,trusted,weekday_rule,base_calendar,True,536,2026-08-12,complete
2026-08-12,49634.66,17634.00,2,3336395.69,last_posted_transaction_or_prior_closing_balance,synb1_txn_deff6c5f3c5cf3abe8c4b2f4,trusted,weekday_rule,base_calendar,True,537,2026-08-13,complete
2026-08-13,57529.49,38628.11,3,3355297.07,last_posted_transaction_or_prior_closing_balance,synb1_txn_b677eef96cbf639d5280764b,trusted,weekday_rule,base_calendar,True,538,2026-08-14,complete
2026-08-14,33137.41,0.00,1,3388434.48,last_posted_transaction_or_prior_closing_balance,synb1_txn_f371e0a47cf6e34e0586834c,trusted,weekday_rule,base_calendar,True,539,2026-08-15,complete
2026-08-15,48324.44,30859.52,3,3405899.40,last_posted_transaction_or_prior_closing_balance,synb1_txn_7c001c787d23f4fd477dd366,trusted,historical_transaction_override,historical_transaction_override,True,540,2026-08-16,complete
2026-08-16,47476.64,0.00,1,3453376.04,last_posted_transaction_or_prior_closing_balance,synb1_txn_bc8894dd7d4ec33f3e3c5466,trusted,historical_transaction_override,historical_transaction_override,True,541,2026-08-17,complete
2026-08-17,37224.96,0.00,1,3490601.00,last_posted_transaction_or_prior_closing_balance,synb1_txn_5e8500fa305c4d67fe0deee2,trusted,weekday_rule,base_calendar,True,542,2026-08-18,complete
2026-08-18,21441.86,0.00,1,3512042.86,last_posted_transaction_or_prior_closing_balance,synb1_txn_a14db30f2729e2f6ba5d4c0a,trusted,weekday_rule,base_calendar,True,543,2026-08-19,complete
2026-08-19,24657.70,0.00,2,3536700.56,last_posted_transaction_or_prior_closing_balance,synb1_txn_819fe2dc74bbc0cb82a44226,trusted,weekday_rule,base_calendar,True,544,2026-08-20,complete
2026-08-20,0.00,25716.24,1,3510984.32,last_posted_transaction_or_prior_closing_balance,synb1_txn_7629dd2b93b6def80485f7f9,trusted,weekday_rule,base_calendar,True,545,2026-08-21,complete
2026-08-21,30456.81,0.00,1,3541441.13,last_posted_transaction_or_prior_closing_balance,synb1_txn_81e36a1a856a9a89b35b0cc9,trusted,weekday_rule,base_calendar,True,546,2026-08-22,complete
2026-08-22,0.00,26984.28,1,3514456.85,last_posted_transaction_or_prior_closing_balance,synb1_txn_caa74570bca0632aaec39c03,trusted,historical_transaction_override,historical_transaction_override,True,547,2026-08-23,complete
2026-08-23,0.00,24797.81,1,3489659.04,last_posted_transaction_or_prior_closing_balance,synb1_txn_24f222b29257803ba577c7c5,trusted,historical_transaction_override,historical_transaction_override,True,548,2026-08-24,complete
2026-08-24,0.00,0.00,0,3489659.04,last_posted_transaction_or_prior_closing_balance,,trusted,weekday_rule,base_calendar,True,549,2026-08-25,complete
2026-08-25,0.00,97251.80,3,3392407.24,last_posted_transaction_or_prior_closing_balance,synb1_txn_b38e1db21c9178a043241ae4,trusted,weekday_rule,base_calendar,True,550,2026-08-26,complete
2026-08-26,0.00,0.00,0,3392407.24,last_posted_transaction_or_prior_closing_balance,,trusted,weekday_rule,base_calendar,True,551,2026-08-27,complete
2026-08-27,0.00,0.00,0,3392407.24,last_posted_transaction_or_prior_closing_balance,,trusted,weekday_rule,base_calendar,True,552,2026-08-28,complete
2026-08-28,35998.23,29666.31,5,3398739.16,last_posted_transaction_or_prior_closing_balance,synb1_txn_ba60134ee6147f6d4c589910,trusted,weekday_rule,base_calendar,True,553,2026-08-29,complete
2026-08-29,0.00,18556.18,1,3380182.98,last_posted_transaction_or_prior_closing_balance,synb1_txn_54e327d957ea69fcb43052b2,trusted,historical_transaction_override,historical_transaction_override,True,554,2026-08-30,complete
2026-08-30,7805.37,24516.15,2,3363472.20,last_posted_transaction_or_prior_closing_balance,synb1_txn_236e48b20691495b03c39f06,trusted,historical_transaction_override,historical_transaction_override,True,555,2026-08-31,complete
2026-08-31,0.00,0.00,0,3363472.20,last_posted_transaction_or_prior_closing_balance,,trusted,weekday_rule,base_calendar,True,556,2026-09-01,complete
2026-09-01,34712.58,17813.94,2,3380370.84,last_posted_transaction_or_prior_closing_balance,synb1_txn_7ea426a21d30eafc5a992489,trusted,weekday_rule,base_calendar,True,557,2026-09-02,complete
2026-09-02,22085.36,28018.47,2,3374437.73,last_posted_transaction_or_prior_closing_balance,synb1_txn_0a09ccf05990d9fd4a98bd02,trusted,weekday_rule,base_calendar,True,558,2026-09-03,complete
2026-09-03,43731.19,47968.33,3,3370200.59,last_posted_transaction_or_prior_closing_balance,synb1_txn_843246db247b612897958f2c,trusted,weekday_rule,base_calendar,True,559,2026-09-04,complete
2026-09-04,0.00,0.00,0,3370200.59,last_posted_transaction_or_prior_closing_balance,,trusted,weekday_rule,base_calendar,True,560,2026-09-05,complete
2026-09-05,32141.30,0.00,1,3402341.89,last_posted_transaction_or_prior_closing_balance,synb1_txn_60ff473a93d5c3087db28916,trusted,historical_transaction_override,historical_transaction_override,True,561,2026-09-06,complete
2026-09-06,26100.89,0.00,1,3428442.78,last_posted_transaction_or_prior_closing_balance,synb1_txn_5a67ed1f898afb3e5efd3038,trusted,historical_transaction_override,historical_transaction_override,True,562,2026-09-07,complete
2026-09-07,56291.26,168580.60,3,3316153.44,last_posted_transaction_or_prior_closing_balance,synb1_txn_12abc50439210eb569ffe0f5,trusted,weekday_rule,base_calendar,True,563,2026-09-08,complete
2026-09-08,0.00,0.00,0,3316153.44,last_posted_transaction_or_prior_closing_balance,,trusted,weekday_rule,base_calendar,True,564,2026-09-09,complete
2026-09-09,0.00,0.00,0,3316153.44,last_posted_transaction_or_prior_closing_balance,,trusted,weekday_rule,base_calendar,True,565,2026-09-10,complete
2026-09-10,50194.03,0.00,1,3366347.47,last_posted_transaction_or_prior_closing_balance,synb1_txn_0e08a27268c3c651987979d1,trusted,weekday_rule,base_calendar,True,566,2026-09-11,complete
2026-09-11,72647.29,0.00,2,3438994.76,last_posted_transaction_or_prior_closing_balance,synb1_txn_a68f4a48d73f718ffaf52644,trusted,weekday_rule,base_calendar,True,567,2026-09-14,complete
2026-09-12,0.00,0.00,0,3438994.76,last_posted_transaction_or_prior_closing_balance,,trusted,weekday_rule,base_calendar,False,,,complete
2026-09-13,0.00,0.00,0,3438994.76,last_posted_transaction_or_prior_closing_balance,,trusted,weekday_rule,base_calendar,False,,,complete
2026-09-14,0.00,0.00,0,3438994.76,last_posted_transaction_or_prior_closing_balance,,trusted,weekday_rule,base_calendar,True,568,2026-09-15,complete
2026-09-15,30702.11,13037.21,2,3456659.66,last_posted_transaction_or_prior_closing_balance,synb1_txn_79011c191f73177da9d3674e,trusted,weekday_rule,base_calendar,True,569,2026-09-16,complete
2026-09-16,0.00,0.00,0,3456659.66,last_posted_transaction_or_prior_closing_balance,,trusted,weekday_rule,base_calendar,True,570,2026-09-17,complete
2026-09-17,0.00,0.00,0,3456659.66,last_posted_transaction_or_prior_closing_balance,,trusted,weekday_rule,base_calendar,True,571,2026-09-18,complete
2026-09-18,0.00,17638.60,1,3439021.06,last_posted_transaction_or_prior_closing_balance,synb1_txn_e04495987a26b0a66b7a960e,trusted,weekday_rule,base_calendar,True,572,2026-09-19,complete
2026-09-19,21358.01,0.00,1,3460379.07,last_posted_transaction_or_prior_closing_balance,synb1_txn_0169f7a7454a5943db33c31e,trusted,historical_transaction_override,historical_transaction_override,True,573,2026-09-20,complete
2026-09-20,0.00,11503.44,1,3448875.63,last_posted_transaction_or_prior_closing_balance,synb1_txn_3bd3301853dfe70f480f7742,trusted,gov_cn_2026_holiday_schedule_v1,base_calendar,True,574,2026-09-21,complete
2026-09-21,108225.76,39716.35,4,3517385.04,last_posted_transaction_or_prior_closing_balance,synb1_txn_232f4b4cdb32feb010ba93e1,trusted,weekday_rule,base_calendar,True,575,2026-09-22,complete
2026-09-22,0.00,0.00,0,3517385.04,last_posted_transaction_or_prior_closing_balance,,trusted,weekday_rule,base_calendar,True,576,2026-09-23,complete
2026-09-23,0.00,37968.44,2,3479416.60,last_posted_transaction_or_prior_closing_balance,synb1_txn_c97daae18f6a61212458b06c,trusted,weekday_rule,base_calendar,True,577,2026-09-24,complete
2026-09-24,0.00,40512.69,2,3438903.91,last_posted_transaction_or_prior_closing_balance,synb1_txn_9e6c42ffc9c2850dc660e873,trusted,weekday_rule,base_calendar,True,578,2026-09-25,complete
2026-09-25,70184.67,81111.41,4,3427977.17,last_posted_transaction_or_prior_closing_balance,synb1_txn_86f6b80e09104ddfa19d77c8,trusted,historical_transaction_override,historical_transaction_override,True,579,2026-09-26,complete
2026-09-26,69917.58,59073.31,4,3438821.44,last_posted_transaction_or_prior_closing_balance,synb1_txn_09415c532fc2cf5a6ca0b1b0,trusted,historical_transaction_override,historical_transaction_override,True,580,2026-09-28,complete
2026-09-27,0.00,0.00,0,3438821.44,last_posted_transaction_or_prior_closing_balance,,trusted,gov_cn_2026_holiday_schedule_v1,base_calendar,False,,,complete
2026-09-28,0.00,29723.33,4,3409098.11,last_posted_transaction_or_prior_closing_balance,synb1_txn_cd74183db9237d87889fba59,trusted,weekday_rule,base_calendar,True,581,2026-09-29,complete
2026-09-29,42002.78,33035.49,3,3418065.40,last_posted_transaction_or_prior_closing_balance,synb1_txn_d29a142f553af41186e7bd93,trusted,weekday_rule,base_calendar,True,582,2026-09-30,complete
2026-09-30,50819.20,0.00,2,3468884.60,last_posted_transaction_or_prior_closing_balance,synb1_txn_4ea126c918f36061f060a59b,trusted,weekday_rule,base_calendar,True,583,2026-10-01,complete
2026-10-01,19394.53,21451.61,2,3466827.52,last_posted_transaction_or_prior_closing_balance,synb1_txn_75b514c344e78512a44a69c1,trusted,historical_transaction_override,historical_transaction_override,True,584,2026-10-03,complete
2026-10-02,0.00,0.00,0,3466827.52,last_posted_transaction_or_prior_closing_balance,,trusted,gov_cn_2026_holiday_schedule_v1,base_calendar,False,,,complete
2026-10-03,0.00,47968.33,1,3418859.19,last_posted_transaction_or_prior_closing_balance,synb1_txn_3efffbbf50d410fecbbb8a42,trusted,historical_transaction_override,historical_transaction_override,True,585,2026-10-04,complete
2026-10-04,89180.61,25741.94,3,3482297.86,last_posted_transaction_or_prior_closing_balance,synb1_txn_3df2bef14d361d866356d5c8,trusted,historical_transaction_override,historical_transaction_override,True,586,2026-10-05,complete
2026-10-05,36849.62,0.00,1,3519147.48,last_posted_transaction_or_prior_closing_balance,synb1_txn_1880b71b2e3013a544e70685,trusted,historical_transaction_override,historical_transaction_override,True,587,2026-10-07,complete
2026-10-06,0.00,0.00,0,3519147.48,last_posted_transaction_or_prior_closing_balance,,trusted,gov_cn_2026_holiday_schedule_v1,base_calendar,False,,,complete
2026-10-07,0.00,168580.60,1,3350566.88,last_posted_transaction_or_prior_closing_balance,synb1_txn_459c1bcc6b956c58cf20c3e5,trusted,historical_transaction_override,historical_transaction_override,True,588,2026-10-08,complete
2026-10-08,0.00,0.00,0,3350566.88,last_posted_transaction_or_prior_closing_balance,,trusted,weekday_rule,base_calendar,True,589,2026-10-09,complete
2026-10-09,42300.37,514.30,3,3392352.95,last_posted_transaction_or_prior_closing_balance,synb1_txn_f26765c4c07c4f2746d04dcd,trusted,weekday_rule,base_calendar,True,590,2026-10-10,complete
2026-10-10,0.00,0.00,0,3392352.95,last_posted_transaction_or_prior_closing_balance,,trusted,gov_cn_2026_holiday_schedule_v1,base_calendar,True,591,2026-10-12,complete
2026-10-11,0.00,0.00,0,3392352.95,last_posted_transaction_or_prior_closing_balance,,trusted,weekday_rule,base_calendar,False,,,complete
2026-10-12,29238.48,1642.96,3,3419948.47,last_posted_transaction_or_prior_closing_balance,synb1_txn_c562038acdf5482cf65965b4,trusted,weekday_rule,base_calendar,True,592,2026-10-13,complete
2026-10-13,26822.76,477.61,2,3446293.62,last_posted_transaction_or_prior_closing_balance,synb1_txn_26077504640dea6aec9b5d0f,trusted,weekday_rule,base_calendar,True,593,2026-10-14,complete
2026-10-14,2140.96,0.00,1,3448434.58,last_posted_transaction_or_prior_closing_balance,synb1_txn_1efdf567b57252ab9c6dc811,trusted,weekday_rule,base_calendar,True,594,2026-10-15,complete
2026-10-15,0.00,1213.88,2,3447220.70,last_posted_transaction_or_prior_closing_balance,synb1_txn_6ce4e33202f749bcf9cabd96,trusted,weekday_rule,base_calendar,True,595,2026-10-16,complete
2026-10-16,16868.35,1373.15,2,3462715.90,last_posted_transaction_or_prior_closing_balance,synb1_txn_f092a9142cd1ac87ceb4104a,trusted,weekday_rule,base_calendar,True,596,2026-10-17,complete
2026-10-17,16326.92,0.00,1,3479042.82,last_posted_transaction_or_prior_closing_balance,synb1_txn_5aaeb14f7a2688b9c6c92f93,trusted,historical_transaction_override,historical_transaction_override,True,597,2026-10-18,complete
2026-10-18,1637.20,1221.73,3,3479458.29,last_posted_transaction_or_prior_closing_balance,synb1_txn_7dd3c1785ca71450e30581a5,trusted,historical_transaction_override,historical_transaction_override,True,598,2026-10-19,complete
2026-10-19,0.00,1563.81,2,3477894.48,last_posted_transaction_or_prior_closing_balance,synb1_txn_e4559c68fbb0299d0e0fbec0,trusted,weekday_rule,base_calendar,True,599,2026-10-20,complete
2026-10-20,16868.37,0.00,1,3494762.85,last_posted_transaction_or_prior_closing_balance,synb1_txn_36706dee835cb7891b679e16,trusted,weekday_rule,base_calendar,True,600,2026-10-21,complete
2026-10-21,0.00,1538.51,2,3493224.34,last_posted_transaction_or_prior_closing_balance,synb1_txn_5654ed55bffc79044d1564bc,trusted,weekday_rule,base_calendar,True,601,2026-10-22,complete
2026-10-22,2644.71,1699.59,3,3494169.46,last_posted_transaction_or_prior_closing_balance,synb1_txn_8b1f805b2e0ad80b84e50318,trusted,weekday_rule,base_calendar,True,602,2026-10-23,complete
2026-10-23,2201.56,0.00,1,3496371.02,last_posted_transaction_or_prior_closing_balance,synb1_txn_bf145752c3cac8c1a84f651c,trusted,weekday_rule,base_calendar,True,603,2026-10-24,complete
2026-10-24,2493.45,2215.53,4,3496648.94,last_posted_transaction_or_prior_closing_balance,synb1_txn_ef7ed441d2b77985ed460e98,trusted,historical_transaction_override,historical_transaction_override,True,604,2026-10-25,complete
2026-10-25,1463.68,266588.96,4,3231523.66,last_posted_transaction_or_prior_closing_balance,synb1_txn_f6225acffb57e36ac42f83b3,trusted,historical_transaction_override,historical_transaction_override,True,605,2026-10-26,complete
2026-10-26,2266.90,869.97,2,3232920.59,last_posted_transaction_or_prior_closing_balance,synb1_txn_388ce42c7142fdda09950f26,trusted,weekday_rule,base_calendar,True,606,2026-10-27,complete
2026-10-27,7914.19,2552.25,6,3238282.53,last_posted_transaction_or_prior_closing_balance,synb1_txn_5b13ebe88f955550f92455a2,trusted,weekday_rule,base_calendar,True,607,2026-10-28,complete
2026-10-28,1847.00,12220.43,6,3227909.10,last_posted_transaction_or_prior_closing_balance,synb1_txn_c353edc6c27632c9d4700c7a,trusted,weekday_rule,base_calendar,True,608,2026-10-29,complete
2026-10-29,450.36,434.98,2,3227924.48,last_posted_transaction_or_prior_closing_balance,synb1_txn_9bbbb1fb8ac76540d762c36f,trusted,weekday_rule,base_calendar,True,609,2026-10-30,complete
2026-10-30,1889.08,3000.37,4,3226813.19,last_posted_transaction_or_prior_closing_balance,synb1_txn_5b5c37ab4131b47d8fd1fa93,trusted,weekday_rule,base_calendar,True,610,2026-10-31,complete
2026-10-31,12298.87,4456.16,7,3234655.90,last_posted_transaction_or_prior_closing_balance,synb1_txn_c6741fa4af1e6d162ef4fc35,trusted,historical_transaction_override,historical_transaction_override,True,611,2026-11-01,complete
2026-11-01,2585.80,395.44,2,3236846.26,last_posted_transaction_or_prior_closing_balance,synb1_txn_29ccafd57ff31c09c6ae760c,trusted,historical_transaction_override,historical_transaction_override,True,612,2026-11-02,complete
2026-11-02,562.95,3003.58,5,3234405.63,last_posted_transaction_or_prior_closing_balance,synb1_txn_3dfcde79fb63a4280fc6a30d,trusted,weekday_rule,base_calendar,True,613,2026-11-03,complete
2026-11-03,2518.77,50771.21,5,3186153.19,last_posted_transaction_or_prior_closing_balance,synb1_txn_9fd71152966259faf219c7e2,trusted,weekday_rule,base_calendar,True,614,2026-11-04,complete
2026-11-04,9365.49,949.06,5,3194569.62,last_posted_transaction_or_prior_closing_balance,synb1_txn_41de79a72422f4624209727e,trusted,weekday_rule,base_calendar,True,615,2026-11-05,complete
2026-11-05,2493.45,3580.43,5,3193482.64,last_posted_transaction_or_prior_closing_balance,synb1_txn_0e22a9e8f38fe8353ea43b6d,trusted,weekday_rule,base_calendar,True,616,2026-11-06,complete
2026-11-06,1351.09,4010.77,4,3190822.96,last_posted_transaction_or_prior_closing_balance,synb1_txn_19582c3b07c68acdc88a1f04,trusted,weekday_rule,base_calendar,True,617,2026-11-07,complete
2026-11-07,1889.08,169094.67,3,3023617.37,last_posted_transaction_or_prior_closing_balance,synb1_txn_93592657388118caca34181c,trusted,historical_transaction_override,historical_transaction_override,True,618,2026-11-08,complete
2026-11-08,7509.03,3207.20,8,3027919.20,last_posted_transaction_or_prior_closing_balance,synb1_txn_a4c01e2101f1d26f69a7b7fc,trusted,historical_transaction_override,historical_transaction_override,True,619,2026-11-09,complete
2026-11-09,1939.35,2509.24,4,3027349.31,last_posted_transaction_or_prior_closing_balance,synb1_txn_da71726066ac3409e35024a3,trusted,weekday_rule,base_calendar,True,620,2026-11-10,complete
2026-11-10,619.25,790.88,2,3027177.68,last_posted_transaction_or_prior_closing_balance,synb1_txn_edb2c3feec5495715db8d18c,trusted,weekday_rule,base_calendar,True,621,2026-11-11,complete
2026-11-11,1889.08,3855.32,5,3025211.44,last_posted_transaction_or_prior_closing_balance,synb1_txn_366f131062bac5a791863ac1,trusted,weekday_rule,base_calendar,True,622,2026-11-12,complete
2026-11-12,61766.11,4043.07,8,3082934.48,last_posted_transaction_or_prior_closing_balance,synb1_txn_9face3d8ca7d2ace4fced560,trusted,weekday_rule,base_calendar,True,623,2026-11-13,complete
2026-11-13,2401.10,751.34,2,3084584.24,last_posted_transaction_or_prior_closing_balance,synb1_txn_92311f4a04ddd61c2b94a09c,trusted,weekday_rule,base_calendar,True,624,2026-11-14,complete
2026-11-14,450.36,19528.79,5,3065505.81,last_posted_transaction_or_prior_closing_balance,synb1_txn_7dcbef0e3b369239d7dc288b,trusted,historical_transaction_override,historical_transaction_override,True,625,2026-11-15,complete
2026-11-15,2015.02,20869.63,5,3046651.20,last_posted_transaction_or_prior_closing_balance,synb1_txn_edb6159d2cc53ea3d5a6a856,trusted,historical_transaction_override,historical_transaction_override,True,626,2026-11-16,complete
2026-11-16,37992.43,1107.24,6,3083536.39,last_posted_transaction_or_prior_closing_balance,synb1_txn_e1bf4fc8baf08d8bef173a89,trusted,weekday_rule,base_calendar,True,627,2026-11-17,complete
2026-11-17,1847.00,33593.22,5,3051790.17,last_posted_transaction_or_prior_closing_balance,synb1_txn_53477fadfbfa9eba8fc0c0e1,trusted,weekday_rule,base_calendar,True,628,2026-11-18,complete
2026-11-18,1463.68,20446.75,4,3032807.10,last_posted_transaction_or_prior_closing_balance,synb1_txn_1267da1a58a209b2f451d3c8,trusted,weekday_rule,base_calendar,True,629,2026-11-19,complete
2026-11-19,1007.51,869.97,2,3032944.64,last_posted_transaction_or_prior_closing_balance,synb1_txn_0f3d51f0a469f6151cca8b0f,trusted,weekday_rule,base_calendar,True,630,2026-11-20,complete
2026-11-20,42485.38,43624.81,9,3031805.21,last_posted_transaction_or_prior_closing_balance,synb1_txn_7d1a0bee496af3c9a3d1798a,trusted,weekday_rule,base_calendar,True,631,2026-11-21,complete
2026-11-21,2401.10,21467.90,4,3012738.41,last_posted_transaction_or_prior_closing_balance,synb1_txn_315fc840e576128c17f10cee,trusted,historical_transaction_override,historical_transaction_override,True,632,2026-11-22,complete
2026-11-22,957.02,32919.48,4,2980775.95,last_posted_transaction_or_prior_closing_balance,synb1_txn_8ad4942c77e7ddcd97cdeeeb,trusted,historical_transaction_override,historical_transaction_override,True,633,2026-11-23,complete
2026-11-23,23606.73,29796.98,6,2974585.70,last_posted_transaction_or_prior_closing_balance,synb1_txn_68010f8040018a0db367b419,trusted,weekday_rule,base_calendar,True,634,2026-11-24,complete
2026-11-24,101230.38,30226.94,8,3045589.14,last_posted_transaction_or_prior_closing_balance,synb1_txn_04331090210fe84463ac89b8,trusted,weekday_rule,base_calendar,True,635,2026-11-25,complete
2026-11-25,1939.35,106995.82,5,2940532.67,last_posted_transaction_or_prior_closing_balance,synb1_txn_d91efda98cbebbf28243fd91,trusted,weekday_rule,base_calendar,True,636,2026-11-26,complete
2026-11-26,788.13,45899.71,6,2895421.09,last_posted_transaction_or_prior_closing_balance,synb1_txn_cd7bcab6f114ff3a7d94ba44,trusted,weekday_rule,base_calendar,True,637,2026-11-27,complete
2026-11-27,72445.82,28778.83,5,2939088.08,last_posted_transaction_or_prior_closing_balance,synb1_txn_a14778b2ed4c37e4f7df6528,trusted,weekday_rule,base_calendar,True,638,2026-11-28,complete
2026-11-28,64665.63,35955.66,9,2967798.05,last_posted_transaction_or_prior_closing_balance,synb1_txn_460e268e362a4f3a4ff57600,trusted,historical_transaction_override,historical_transaction_override,True,639,2026-11-29,complete
2026-11-29,59967.07,40249.39,7,2987515.73,last_posted_transaction_or_prior_closing_balance,synb1_txn_ced9b02d886b095b59c63cc6,trusted,historical_transaction_override,historical_transaction_override,True,640,2026-11-30,complete
2026-11-30,1351.09,12972.05,5,2975894.77,last_posted_transaction_or_prior_closing_balance,synb1_txn_12125a59cd083ee50821a20d,trusted,weekday_rule,base_calendar,True,641,2026-12-01,complete
2026-12-01,102673.08,23464.57,4,3055103.28,last_posted_transaction_or_prior_closing_balance,synb1_txn_f48d9fedf9300687da2c868e,trusted,weekday_rule,base_calendar,True,642,2026-12-02,complete
2026-12-02,101789.38,67999.02,11,3088893.64,last_posted_transaction_or_prior_closing_balance,synb1_txn_33240fd6fcb2f829e9ee63ce,trusted,weekday_rule,base_calendar,True,643,2026-12-03,complete
2026-12-03,72683.35,68308.35,6,3093268.64,last_posted_transaction_or_prior_closing_balance,synb1_txn_f11a51bcf36e407a45ba7d38,trusted,weekday_rule,base_calendar,True,644,2026-12-04,complete
2026-12-04,1463.68,41410.24,4,3053322.08,last_posted_transaction_or_prior_closing_balance,synb1_txn_4211916b281e02c3bd3cf83c,trusted,weekday_rule,base_calendar,True,645,2026-12-05,complete
2026-12-05,78403.48,66383.97,7,3065341.59,last_posted_transaction_or_prior_closing_balance,synb1_txn_b7a860d82a219f68ac1bdf9c,trusted,historical_transaction_override,historical_transaction_override,True,646,2026-12-06,complete
2026-12-06,66353.71,20341.68,8,3111353.62,last_posted_transaction_or_prior_closing_balance,synb1_txn_d920aca0032d6269f75e7aa0,trusted,historical_transaction_override,historical_transaction_override,True,647,2026-12-07,complete
2026-12-07,62057.90,205006.16,7,2968405.36,last_posted_transaction_or_prior_closing_balance,synb1_txn_781fd6193910fa50af2b93ac,trusted,weekday_rule,base_calendar,True,648,2026-12-08,complete
2026-12-08,1407.47,51587.07,5,2918225.76,last_posted_transaction_or_prior_closing_balance,synb1_txn_5c3f6ab91598dbcd75baa89e,trusted,weekday_rule,base_calendar,True,649,2026-12-09,complete
2026-12-09,110203.91,27521.10,3,3000908.57,last_posted_transaction_or_prior_closing_balance,synb1_txn_d679df5ab15af7d38eb43eee,trusted,weekday_rule,base_calendar,True,650,2026-12-10,complete
2026-12-10,98807.41,42419.65,9,3057296.33,last_posted_transaction_or_prior_closing_balance,synb1_txn_dd2992f89840b576d46f81cc,trusted,weekday_rule,base_calendar,True,651,2026-12-11,complete
2026-12-11,69821.84,66332.27,7,3060785.90,last_posted_transaction_or_prior_closing_balance,synb1_txn_048be0555ac71c07dbe9832e,trusted,weekday_rule,base_calendar,True,652,2026-12-12,complete
2026-12-12,12168.24,27521.10,2,3045433.04,last_posted_transaction_or_prior_closing_balance,synb1_txn_e8abee94053165f37483aceb,trusted,historical_transaction_override,historical_transaction_override,True,653,2026-12-13,complete
2026-12-13,114251.01,48330.32,5,3111353.73,last_posted_transaction_or_prior_closing_balance,synb1_txn_526197794cc2d230323a1aa2,trusted,historical_transaction_override,historical_transaction_override,True,654,2026-12-14,complete
2026-12-14,69493.80,71682.90,9,3109164.63,last_posted_transaction_or_prior_closing_balance,synb1_txn_ba4ac1103df3fc9052e8d94c,trusted,weekday_rule,base_calendar,True,655,2026-12-15,complete
2026-12-15,38235.39,27521.10,3,3119878.92,last_posted_transaction_or_prior_closing_balance,synb1_txn_f29d6ec876af254b30881205,trusted,weekday_rule,base_calendar,True,656,2026-12-16,complete
2026-12-16,35152.69,42070.13,4,3112961.48,last_posted_transaction_or_prior_closing_balance,synb1_txn_da11312eb751352fa4d12174,trusted,weekday_rule,base_calendar,True,657,2026-12-17,complete
2026-12-17,121406.27,82757.20,8,3151610.55,last_posted_transaction_or_prior_closing_balance,synb1_txn_6bf599028d9adadeaa04886c,trusted,weekday_rule,base_calendar,True,658,2026-12-18,complete
2026-12-18,124798.05,13162.37,4,3263246.23,last_posted_transaction_or_prior_closing_balance,synb1_txn_f0de2d951c5df02a78594f61,trusted,weekday_rule,base_calendar,True,659,2026-12-19,complete
2026-12-19,58582.49,58836.03,5,3262992.69,last_posted_transaction_or_prior_closing_balance,synb1_txn_9c25265fe275be50dc902bb7,trusted,historical_transaction_override,historical_transaction_override,True,660,2026-12-20,complete
2026-12-20,10816.21,57580.25,6,3216228.65,last_posted_transaction_or_prior_closing_balance,synb1_txn_46872c99a73c3e1bc59e792c,trusted,historical_transaction_override,historical_transaction_override,True,661,2026-12-21,complete
2026-12-21,101054.25,15360.58,3,3301922.32,last_posted_transaction_or_prior_closing_balance,synb1_txn_f8926d9ee583b6be3680a8fe,trusted,weekday_rule,base_calendar,True,662,2026-12-22,complete
2026-12-22,86745.25,49456.93,6,3339210.64,last_posted_transaction_or_prior_closing_balance,synb1_txn_f39a627cae54b211327d8e2a,trusted,weekday_rule,base_calendar,True,663,2026-12-23,complete
2026-12-23,50980.52,63641.63,7,3326549.53,last_posted_transaction_or_prior_closing_balance,synb1_txn_f9c7182cff5ab59d01c359be,trusted,weekday_rule,base_calendar,True,664,2026-12-24,complete
2026-12-24,91582.79,32117.58,3,3386014.74,last_posted_transaction_or_prior_closing_balance,synb1_txn_430b520cc8dd4e0beaf6cf5b,trusted,weekday_rule,base_calendar,True,665,2026-12-25,complete
2026-12-25,110204.52,98596.04,7,3397623.22,last_posted_transaction_or_prior_closing_balance,synb1_txn_69e91f1a9166fd1b5ac88ea5,trusted,weekday_rule,base_calendar,True,666,2026-12-26,complete
2026-12-26,142929.04,95241.99,10,3445310.27,last_posted_transaction_or_prior_closing_balance,synb1_txn_01652777f364f733c7ab2f49,trusted,historical_transaction_override,historical_transaction_override,True,667,2026-12-27,complete
2026-12-27,47015.93,15360.58,3,3476965.62,last_posted_transaction_or_prior_closing_balance,synb1_txn_4b61837ef7433af4c7722c5f,trusted,historical_transaction_override,historical_transaction_override,True,668,2026-12-28,complete
2026-12-28,112035.72,283130.27,7,3305871.07,last_posted_transaction_or_prior_closing_balance,synb1_txn_dcdd9effa268eaddfba5e5d5,trusted,weekday_rule,base_calendar,True,669,2026-12-29,complete
2026-12-29,98812.68,86795.17,10,3317888.58,last_posted_transaction_or_prior_closing_balance,synb1_txn_2fdbdff6d1124d3fd57d8057,trusted,weekday_rule,base_calendar,True,670,2026-12-30,complete
2026-12-30,67705.98,18153.41,4,3367441.15,last_posted_transaction_or_prior_closing_balance,synb1_txn_f9d91487b6fff13b850ffe1f,trusted,weekday_rule,base_calendar,True,671,2026-12-31,complete
2026-12-31,68592.44,61975.54,5,3374058.05,last_posted_transaction_or_prior_closing_balance,synb1_txn_e8e0699dafaeb21ed5d00090,trusted,weekday_rule,base_calendar,True,672,2027-01-01,complete
