calendar_date,inflow_cny,outflow_cny,transaction_count,ending_balance_cny,day_cut_basis,source_last_transaction_id,reconciliation_status,calendar_source,calendar_inference_status,is_bank_workday,business_step,target_date,execution_status
2025-01-01,1248606.32,14857.62,2,1233748.70,last_posted_transaction_or_prior_closing_balance,synb1_txn_7934dd4cdad7ac0abb582f4c,trusted,historical_transaction_override,historical_transaction_override,True,1,2025-01-02,complete
2025-01-02,0.00,0.00,0,1233748.70,last_posted_transaction_or_prior_closing_balance,,trusted,weekday_rule,base_calendar,True,2,2025-01-03,complete
2025-01-03,0.00,0.00,0,1233748.70,last_posted_transaction_or_prior_closing_balance,,trusted,weekday_rule,base_calendar,True,3,2025-01-06,complete
2025-01-04,0.00,0.00,0,1233748.70,last_posted_transaction_or_prior_closing_balance,,trusted,weekday_rule,base_calendar,False,,,complete
2025-01-05,0.00,0.00,0,1233748.70,last_posted_transaction_or_prior_closing_balance,,trusted,weekday_rule,base_calendar,False,,,complete
2025-01-06,0.00,0.00,0,1233748.70,last_posted_transaction_or_prior_closing_balance,,trusted,weekday_rule,base_calendar,True,4,2025-01-07,complete
2025-01-07,0.00,0.00,0,1233748.70,last_posted_transaction_or_prior_closing_balance,,trusted,weekday_rule,base_calendar,True,5,2025-01-08,complete
2025-01-08,0.00,0.00,0,1233748.70,last_posted_transaction_or_prior_closing_balance,,trusted,weekday_rule,base_calendar,True,6,2025-01-09,complete
2025-01-09,0.00,0.00,0,1233748.70,last_posted_transaction_or_prior_closing_balance,,trusted,weekday_rule,base_calendar,True,7,2025-01-10,complete
2025-01-10,0.00,28436.82,3,1205311.88,last_posted_transaction_or_prior_closing_balance,synb1_txn_eb353b012bf99648802436af,trusted,weekday_rule,base_calendar,True,8,2025-01-12,complete
2025-01-11,0.00,0.00,0,1205311.88,last_posted_transaction_or_prior_closing_balance,,trusted,weekday_rule,base_calendar,False,,,complete
2025-01-12,0.00,4794.94,1,1200516.94,last_posted_transaction_or_prior_closing_balance,synb1_txn_5dea1a504cfd6de2cad88a8b,trusted,historical_transaction_override,historical_transaction_override,True,9,2025-01-13,complete
2025-01-13,0.00,0.00,0,1200516.94,last_posted_transaction_or_prior_closing_balance,,trusted,weekday_rule,base_calendar,True,10,2025-01-14,complete
2025-01-14,0.00,0.00,0,1200516.94,last_posted_transaction_or_prior_closing_balance,,trusted,weekday_rule,base_calendar,True,11,2025-01-15,complete
2025-01-15,0.00,0.00,0,1200516.94,last_posted_transaction_or_prior_closing_balance,,trusted,weekday_rule,base_calendar,True,12,2025-01-16,complete
2025-01-16,0.00,0.00,0,1200516.94,last_posted_transaction_or_prior_closing_balance,,trusted,weekday_rule,base_calendar,True,13,2025-01-17,complete
2025-01-17,0.00,4373.15,1,1196143.79,last_posted_transaction_or_prior_closing_balance,synb1_txn_5b1b5b36b0ebe06b3852931f,trusted,weekday_rule,base_calendar,True,14,2025-01-19,complete
2025-01-18,0.00,0.00,0,1196143.79,last_posted_transaction_or_prior_closing_balance,,trusted,weekday_rule,base_calendar,False,,,complete
2025-01-19,0.00,6120.01,1,1190023.78,last_posted_transaction_or_prior_closing_balance,synb1_txn_060b0565dadc0efffa0c08b2,trusted,historical_transaction_override,historical_transaction_override,True,15,2025-01-20,complete
2025-01-20,0.00,0.00,0,1190023.78,last_posted_transaction_or_prior_closing_balance,,trusted,weekday_rule,base_calendar,True,16,2025-01-21,complete
2025-01-21,0.00,0.00,0,1190023.78,last_posted_transaction_or_prior_closing_balance,,trusted,weekday_rule,base_calendar,True,17,2025-01-22,complete
2025-01-22,0.00,0.00,0,1190023.78,last_posted_transaction_or_prior_closing_balance,,trusted,weekday_rule,base_calendar,True,18,2025-01-23,complete
2025-01-23,0.00,0.00,0,1190023.78,last_posted_transaction_or_prior_closing_balance,,trusted,weekday_rule,base_calendar,True,19,2025-01-24,complete
2025-01-24,0.00,6224.36,1,1183799.42,last_posted_transaction_or_prior_closing_balance,synb1_txn_3aa85d3fd6440875b6a84795,trusted,weekday_rule,base_calendar,True,20,2025-01-26,complete
2025-01-25,0.00,0.00,0,1183799.42,last_posted_transaction_or_prior_closing_balance,,trusted,weekday_rule,base_calendar,False,,,complete
2025-01-26,0.00,22161.75,2,1161637.67,last_posted_transaction_or_prior_closing_balance,synb1_txn_9b4bfa83b942c5c7e3400bf3,trusted,gov_cn_2025_holiday_schedule_v1,base_calendar,True,21,2025-01-27,complete
2025-01-27,0.00,0.00,0,1161637.67,last_posted_transaction_or_prior_closing_balance,,trusted,weekday_rule,base_calendar,True,22,2025-01-28,complete
2025-01-28,0.00,14960.88,1,1146676.79,last_posted_transaction_or_prior_closing_balance,synb1_txn_2616f040696f3cf1dcc347ae,trusted,historical_transaction_override,historical_transaction_override,True,23,2025-01-31,complete
2025-01-29,0.00,0.00,0,1146676.79,last_posted_transaction_or_prior_closing_balance,,trusted,gov_cn_2025_holiday_schedule_v1,base_calendar,False,,,complete
2025-01-30,0.00,0.00,0,1146676.79,last_posted_transaction_or_prior_closing_balance,,trusted,gov_cn_2025_holiday_schedule_v1,base_calendar,False,,,complete
2025-01-31,0.00,4245.81,1,1142430.98,last_posted_transaction_or_prior_closing_balance,synb1_txn_5dd512179b54c2b43474378e,trusted,historical_transaction_override,historical_transaction_override,True,24,2025-02-02,complete
2025-02-01,0.00,0.00,0,1142430.98,last_posted_transaction_or_prior_closing_balance,,trusted,gov_cn_2025_holiday_schedule_v1,base_calendar,False,,,complete
2025-02-02,0.00,6042.01,1,1136388.97,last_posted_transaction_or_prior_closing_balance,synb1_txn_4866aa37878190be83f0a0d5,trusted,historical_transaction_override,historical_transaction_override,True,25,2025-02-05,complete
2025-02-03,0.00,0.00,0,1136388.97,last_posted_transaction_or_prior_closing_balance,,trusted,gov_cn_2025_holiday_schedule_v1,base_calendar,False,,,complete
2025-02-04,0.00,0.00,0,1136388.97,last_posted_transaction_or_prior_closing_balance,,trusted,gov_cn_2025_holiday_schedule_v1,base_calendar,False,,,complete
2025-02-05,63941.18,6364.15,2,1193966.00,last_posted_transaction_or_prior_closing_balance,synb1_txn_1f4ea94524e733f3041a1adb,trusted,weekday_rule,base_calendar,True,26,2025-02-06,complete
2025-02-06,0.00,0.00,0,1193966.00,last_posted_transaction_or_prior_closing_balance,,trusted,weekday_rule,base_calendar,True,27,2025-02-07,complete
2025-02-07,0.00,0.00,0,1193966.00,last_posted_transaction_or_prior_closing_balance,,trusted,weekday_rule,base_calendar,True,28,2025-02-08,complete
2025-02-08,72487.21,0.00,1,1266453.21,last_posted_transaction_or_prior_closing_balance,synb1_txn_37668e8ab1be285655be6508,trusted,gov_cn_2025_holiday_schedule_v1,base_calendar,True,29,2025-02-10,complete
2025-02-09,0.00,0.00,0,1266453.21,last_posted_transaction_or_prior_closing_balance,,trusted,weekday_rule,base_calendar,False,,,complete
2025-02-10,0.00,0.00,0,1266453.21,last_posted_transaction_or_prior_closing_balance,,trusted,weekday_rule,base_calendar,True,30,2025-02-11,complete
2025-02-11,0.00,134753.27,2,1131699.94,last_posted_transaction_or_prior_closing_balance,synb1_txn_c4c7bf29d0b0adb8858fa19e,trusted,weekday_rule,base_calendar,True,31,2025-02-12,complete
2025-02-12,0.00,163753.27,1,967946.67,last_posted_transaction_or_prior_closing_balance,synb1_txn_a0372dee252d35c726f3fe9a,trusted,weekday_rule,base_calendar,True,32,2025-02-13,complete
2025-02-13,74966.33,4453.01,2,1038459.99,last_posted_transaction_or_prior_closing_balance,synb1_txn_ce24399812653519a60fa12a,trusted,weekday_rule,base_calendar,True,33,2025-02-14,complete
2025-02-14,0.00,113592.75,1,924867.24,last_posted_transaction_or_prior_closing_balance,synb1_txn_a1b18d8273721711350c7ec0,trusted,weekday_rule,base_calendar,True,34,2025-02-15,complete
2025-02-15,63225.16,16299.34,2,971793.06,last_posted_transaction_or_prior_closing_balance,synb1_txn_6ecccac6732080d891805161,trusted,historical_transaction_override,historical_transaction_override,True,35,2025-02-17,complete
2025-02-16,0.00,0.00,0,971793.06,last_posted_transaction_or_prior_closing_balance,,trusted,weekday_rule,base_calendar,False,,,complete
2025-02-17,0.00,125706.75,2,846086.31,last_posted_transaction_or_prior_closing_balance,synb1_txn_5e6c73d5e3c5f6c4f03ad6e1,trusted,weekday_rule,base_calendar,True,36,2025-02-18,complete
2025-02-18,0.00,0.00,0,846086.31,last_posted_transaction_or_prior_closing_balance,,trusted,weekday_rule,base_calendar,True,37,2025-02-19,complete
2025-02-19,0.00,0.00,0,846086.31,last_posted_transaction_or_prior_closing_balance,,trusted,weekday_rule,base_calendar,True,38,2025-02-20,complete
2025-02-20,0.00,0.00,0,846086.31,last_posted_transaction_or_prior_closing_balance,,trusted,weekday_rule,base_calendar,True,39,2025-02-21,complete
2025-02-21,0.00,3628.90,1,842457.41,last_posted_transaction_or_prior_closing_balance,synb1_txn_b4280794c8deca9e7ebc7389,trusted,weekday_rule,base_calendar,True,40,2025-02-22,complete
2025-02-22,0.00,7270.00,1,835187.41,last_posted_transaction_or_prior_closing_balance,synb1_txn_728161cc231262831d630443,trusted,historical_transaction_override,historical_transaction_override,True,41,2025-02-23,complete
2025-02-23,0.00,10347.12,2,824840.29,last_posted_transaction_or_prior_closing_balance,synb1_txn_2bca3985dfed05c5924a7945,trusted,historical_transaction_override,historical_transaction_override,True,42,2025-02-24,complete
2025-02-24,0.00,17644.47,1,807195.82,last_posted_transaction_or_prior_closing_balance,synb1_txn_c694a2768fee6e560117f691,trusted,weekday_rule,base_calendar,True,43,2025-02-25,complete
2025-02-25,0.00,0.00,0,807195.82,last_posted_transaction_or_prior_closing_balance,,trusted,weekday_rule,base_calendar,True,44,2025-02-26,complete
2025-02-26,0.00,0.00,0,807195.82,last_posted_transaction_or_prior_closing_balance,,trusted,weekday_rule,base_calendar,True,45,2025-02-27,complete
2025-02-27,0.00,14233.47,1,792962.35,last_posted_transaction_or_prior_closing_balance,synb1_txn_7e0daaf7621f8f04aa1eebcd,trusted,weekday_rule,base_calendar,True,46,2025-02-28,complete
2025-02-28,0.00,16915.11,3,776047.24,last_posted_transaction_or_prior_closing_balance,synb1_txn_b048fb360563ac37e9e7de78,trusted,weekday_rule,base_calendar,True,47,2025-03-01,complete
2025-03-01,0.00,179218.11,2,596829.13,last_posted_transaction_or_prior_closing_balance,synb1_txn_908f602bfd8e8f2481ab31cd,trusted,historical_transaction_override,historical_transaction_override,True,48,2025-03-03,complete
2025-03-02,0.00,0.00,0,596829.13,last_posted_transaction_or_prior_closing_balance,,trusted,weekday_rule,base_calendar,False,,,complete
2025-03-03,0.00,16205.28,1,580623.85,last_posted_transaction_or_prior_closing_balance,synb1_txn_f6c7899c9bce7d29f675e10f,trusted,weekday_rule,base_calendar,True,49,2025-03-04,complete
2025-03-04,0.00,12958.90,2,567664.95,last_posted_transaction_or_prior_closing_balance,synb1_txn_3435cf55fac97360b9c05379,trusted,weekday_rule,base_calendar,True,50,2025-03-05,complete
2025-03-05,0.00,0.00,0,567664.95,last_posted_transaction_or_prior_closing_balance,,trusted,weekday_rule,base_calendar,True,51,2025-03-06,complete
2025-03-06,0.00,0.00,0,567664.95,last_posted_transaction_or_prior_closing_balance,,trusted,weekday_rule,base_calendar,True,52,2025-03-07,complete
2025-03-07,0.00,0.00,0,567664.95,last_posted_transaction_or_prior_closing_balance,,trusted,weekday_rule,base_calendar,True,53,2025-03-10,complete
2025-03-08,0.00,0.00,0,567664.95,last_posted_transaction_or_prior_closing_balance,,trusted,weekday_rule,base_calendar,False,,,complete
2025-03-09,0.00,0.00,0,567664.95,last_posted_transaction_or_prior_closing_balance,,trusted,weekday_rule,base_calendar,False,,,complete
2025-03-10,0.00,4038.05,1,563626.90,last_posted_transaction_or_prior_closing_balance,synb1_txn_82ec6a683e2cc7b752862411,trusted,weekday_rule,base_calendar,True,54,2025-03-11,complete
2025-03-11,0.00,0.00,0,563626.90,last_posted_transaction_or_prior_closing_balance,,trusted,weekday_rule,base_calendar,True,55,2025-03-12,complete
2025-03-12,0.00,0.00,0,563626.90,last_posted_transaction_or_prior_closing_balance,,trusted,weekday_rule,base_calendar,True,56,2025-03-13,complete
2025-03-13,160748.10,9867.67,3,714507.33,last_posted_transaction_or_prior_closing_balance,synb1_txn_612c6f4c74eb69e49d8da954,trusted,weekday_rule,base_calendar,True,57,2025-03-14,complete
2025-03-14,0.00,0.00,0,714507.33,last_posted_transaction_or_prior_closing_balance,,trusted,weekday_rule,base_calendar,True,58,2025-03-16,complete
2025-03-15,0.00,0.00,0,714507.33,last_posted_transaction_or_prior_closing_balance,,trusted,weekday_rule,base_calendar,False,,,complete
2025-03-16,140104.16,178256.33,2,676355.16,last_posted_transaction_or_prior_closing_balance,synb1_txn_f10e757e32f9a95ac71ae2b7,trusted,historical_transaction_override,historical_transaction_override,True,59,2025-03-17,complete
2025-03-17,0.00,4115.44,1,672239.72,last_posted_transaction_or_prior_closing_balance,synb1_txn_54b9a6ff8020687fce6a7b5e,trusted,weekday_rule,base_calendar,True,60,2025-03-18,complete
2025-03-18,155271.14,0.00,1,827510.86,last_posted_transaction_or_prior_closing_balance,synb1_txn_0b940287386cc1fd57fc3879,trusted,weekday_rule,base_calendar,True,61,2025-03-19,complete
2025-03-19,0.00,0.00,0,827510.86,last_posted_transaction_or_prior_closing_balance,,trusted,weekday_rule,base_calendar,True,62,2025-03-20,complete
2025-03-20,0.00,0.00,0,827510.86,last_posted_transaction_or_prior_closing_balance,,trusted,weekday_rule,base_calendar,True,63,2025-03-21,complete
2025-03-21,0.00,0.00,0,827510.86,last_posted_transaction_or_prior_closing_balance,,trusted,weekday_rule,base_calendar,True,64,2025-03-22,complete
2025-03-22,0.00,214629.37,3,612881.49,last_posted_transaction_or_prior_closing_balance,synb1_txn_df0e960b80334ea0a6874fa8,trusted,historical_transaction_override,historical_transaction_override,True,65,2025-03-24,complete
2025-03-23,0.00,0.00,0,612881.49,last_posted_transaction_or_prior_closing_balance,,trusted,weekday_rule,base_calendar,False,,,complete
2025-03-24,0.00,191449.76,1,421431.73,last_posted_transaction_or_prior_closing_balance,synb1_txn_d38c785624cec2c8a1a92146,trusted,weekday_rule,base_calendar,True,66,2025-03-25,complete
2025-03-25,0.00,6714.11,1,414717.62,last_posted_transaction_or_prior_closing_balance,synb1_txn_4f3bc434b54f9a410d70a93d,trusted,weekday_rule,base_calendar,True,67,2025-03-26,complete
2025-03-26,125426.45,0.00,1,540144.07,last_posted_transaction_or_prior_closing_balance,synb1_txn_d8992de5ab942ce891113db0,trusted,weekday_rule,base_calendar,True,68,2025-03-27,complete
2025-03-27,0.00,0.00,0,540144.07,last_posted_transaction_or_prior_closing_balance,,trusted,weekday_rule,base_calendar,True,69,2025-03-28,complete
2025-03-28,0.00,21403.63,3,518740.44,last_posted_transaction_or_prior_closing_balance,synb1_txn_6f3903485bf60ca822bf1dff,trusted,weekday_rule,base_calendar,True,70,2025-03-30,complete
2025-03-29,0.00,0.00,0,518740.44,last_posted_transaction_or_prior_closing_balance,,trusted,weekday_rule,base_calendar,False,,,complete
2025-03-30,0.00,4941.17,1,513799.27,last_posted_transaction_or_prior_closing_balance,synb1_txn_99a2e3b016878b7ac96f83b2,trusted,historical_transaction_override,historical_transaction_override,True,71,2025-03-31,complete
2025-03-31,0.00,0.00,0,513799.27,last_posted_transaction_or_prior_closing_balance,,trusted,weekday_rule,base_calendar,True,72,2025-04-01,complete
2025-04-01,0.00,5620.19,1,508179.08,last_posted_transaction_or_prior_closing_balance,synb1_txn_c0cb5906410f4cfde4953903,trusted,weekday_rule,base_calendar,True,73,2025-04-02,complete
2025-04-02,0.00,0.00,0,508179.08,last_posted_transaction_or_prior_closing_balance,,trusted,weekday_rule,base_calendar,True,74,2025-04-03,complete
2025-04-03,220669.10,196285.20,2,532562.98,last_posted_transaction_or_prior_closing_balance,synb1_txn_9de2019953ddf5ed67e40489,trusted,weekday_rule,base_calendar,True,75,2025-04-04,complete
2025-04-04,0.00,4868.18,1,527694.80,last_posted_transaction_or_prior_closing_balance,synb1_txn_2db275e56f1c2336338f5583,trusted,historical_transaction_override,historical_transaction_override,True,76,2025-04-05,complete
2025-04-05,258210.75,17450.61,3,768454.94,last_posted_transaction_or_prior_closing_balance,synb1_txn_a0bad0d412e68446409f2d08,trusted,historical_transaction_override,historical_transaction_override,True,77,2025-04-06,complete
2025-04-06,0.00,162544.00,2,605910.94,last_posted_transaction_or_prior_closing_balance,synb1_txn_d85e60ebb593a78656cf0294,trusted,historical_transaction_override,historical_transaction_override,True,78,2025-04-07,complete
2025-04-07,0.00,0.00,0,605910.94,last_posted_transaction_or_prior_closing_balance,,trusted,weekday_rule,base_calendar,True,79,2025-04-08,complete
2025-04-08,0.00,0.00,0,605910.94,last_posted_transaction_or_prior_closing_balance,,trusted,weekday_rule,base_calendar,True,80,2025-04-09,complete
2025-04-09,0.00,0.00,0,605910.94,last_posted_transaction_or_prior_closing_balance,,trusted,weekday_rule,base_calendar,True,81,2025-04-10,complete
2025-04-10,0.00,177907.14,2,428003.80,last_posted_transaction_or_prior_closing_balance,synb1_txn_0b8ae519d54c455f6eb53e51,trusted,weekday_rule,base_calendar,True,82,2025-04-11,complete
2025-04-11,0.00,0.00,0,428003.80,last_posted_transaction_or_prior_closing_balance,,trusted,weekday_rule,base_calendar,True,83,2025-04-14,complete
2025-04-12,0.00,0.00,0,428003.80,last_posted_transaction_or_prior_closing_balance,,trusted,weekday_rule,base_calendar,False,,,complete
2025-04-13,0.00,0.00,0,428003.80,last_posted_transaction_or_prior_closing_balance,,trusted,weekday_rule,base_calendar,False,,,complete
2025-04-14,0.00,0.00,0,428003.80,last_posted_transaction_or_prior_closing_balance,,trusted,weekday_rule,base_calendar,True,84,2025-04-15,complete
2025-04-15,0.00,0.00,0,428003.80,last_posted_transaction_or_prior_closing_balance,,trusted,weekday_rule,base_calendar,True,85,2025-04-16,complete
2025-04-16,0.00,17540.93,1,410462.87,last_posted_transaction_or_prior_closing_balance,synb1_txn_b00d5c1bd8e9331911543ab4,trusted,weekday_rule,base_calendar,True,86,2025-04-17,complete
2025-04-17,0.00,0.00,0,410462.87,last_posted_transaction_or_prior_closing_balance,,trusted,weekday_rule,base_calendar,True,87,2025-04-18,complete
2025-04-18,270212.82,4628.81,2,676046.88,last_posted_transaction_or_prior_closing_balance,synb1_txn_9ad1fbfb56d499a159a560fa,trusted,weekday_rule,base_calendar,True,88,2025-04-19,complete
2025-04-19,0.00,22392.21,2,653654.67,last_posted_transaction_or_prior_closing_balance,synb1_txn_b7db771064f176b42f45fd1a,trusted,historical_transaction_override,historical_transaction_override,True,89,2025-04-20,complete
2025-04-20,236253.88,3655.26,2,886253.29,last_posted_transaction_or_prior_closing_balance,synb1_txn_a89977bc8cfd6430e06eed26,trusted,historical_transaction_override,historical_transaction_override,True,90,2025-04-21,complete
2025-04-21,0.00,0.00,0,886253.29,last_posted_transaction_or_prior_closing_balance,,trusted,weekday_rule,base_calendar,True,91,2025-04-22,complete
2025-04-22,0.00,0.00,0,886253.29,last_posted_transaction_or_prior_closing_balance,,trusted,weekday_rule,base_calendar,True,92,2025-04-23,complete
2025-04-23,0.00,0.00,0,886253.29,last_posted_transaction_or_prior_closing_balance,,trusted,weekday_rule,base_calendar,True,93,2025-04-24,complete
2025-04-24,0.00,0.00,0,886253.29,last_posted_transaction_or_prior_closing_balance,,trusted,weekday_rule,base_calendar,True,94,2025-04-25,complete
2025-04-25,0.00,0.00,0,886253.29,last_posted_transaction_or_prior_closing_balance,,trusted,weekday_rule,base_calendar,True,95,2025-04-26,complete
2025-04-26,0.00,5984.51,1,880268.78,last_posted_transaction_or_prior_closing_balance,synb1_txn_c511e01845ca5181d786a22c,trusted,historical_transaction_override,historical_transaction_override,True,96,2025-04-27,complete
2025-04-27,0.00,0.00,0,880268.78,last_posted_transaction_or_prior_closing_balance,,trusted,gov_cn_2025_holiday_schedule_v1,base_calendar,True,97,2025-04-28,complete
2025-04-28,0.00,165562.64,4,714706.14,last_posted_transaction_or_prior_closing_balance,synb1_txn_a4af718761ed1edc9fd5e419,trusted,weekday_rule,base_calendar,True,98,2025-04-29,complete
2025-04-29,0.00,0.00,0,714706.14,last_posted_transaction_or_prior_closing_balance,,trusted,weekday_rule,base_calendar,True,99,2025-04-30,complete
2025-04-30,0.00,0.00,0,714706.14,last_posted_transaction_or_prior_closing_balance,,trusted,weekday_rule,base_calendar,True,100,2025-05-03,complete
2025-05-01,0.00,0.00,0,714706.14,last_posted_transaction_or_prior_closing_balance,,trusted,gov_cn_2025_holiday_schedule_v1,base_calendar,False,,,complete
2025-05-02,0.00,0.00,0,714706.14,last_posted_transaction_or_prior_closing_balance,,trusted,gov_cn_2025_holiday_schedule_v1,base_calendar,False,,,complete
2025-05-03,0.00,3913.93,1,710792.21,last_posted_transaction_or_prior_closing_balance,synb1_txn_c8344dd4626ae9c63588b627,trusted,historical_transaction_override,historical_transaction_override,True,101,2025-05-04,complete
2025-05-04,0.00,178721.07,1,532071.14,last_posted_transaction_or_prior_closing_balance,synb1_txn_eff215101bdecee098b4b091,trusted,historical_transaction_override,historical_transaction_override,True,102,2025-05-06,complete
2025-05-05,0.00,0.00,0,532071.14,last_posted_transaction_or_prior_closing_balance,,trusted,gov_cn_2025_holiday_schedule_v1,base_calendar,False,,,complete
2025-05-06,0.00,0.00,0,532071.14,last_posted_transaction_or_prior_closing_balance,,trusted,weekday_rule,base_calendar,True,103,2025-05-07,complete
2025-05-07,0.00,0.00,0,532071.14,last_posted_transaction_or_prior_closing_balance,,trusted,weekday_rule,base_calendar,True,104,2025-05-08,complete
2025-05-08,0.00,0.00,0,532071.14,last_posted_transaction_or_prior_closing_balance,,trusted,weekday_rule,base_calendar,True,105,2025-05-09,complete
2025-05-09,0.00,0.00,0,532071.14,last_posted_transaction_or_prior_closing_balance,,trusted,weekday_rule,base_calendar,True,106,2025-05-11,complete
2025-05-10,0.00,0.00,0,532071.14,last_posted_transaction_or_prior_closing_balance,,trusted,weekday_rule,base_calendar,False,,,complete
2025-05-11,167154.37,15789.05,2,683436.46,last_posted_transaction_or_prior_closing_balance,synb1_txn_c9de24d315cab381cb725c60,trusted,historical_transaction_override,historical_transaction_override,True,107,2025-05-12,complete
2025-05-12,0.00,0.00,0,683436.46,last_posted_transaction_or_prior_closing_balance,,trusted,weekday_rule,base_calendar,True,108,2025-05-13,complete
2025-05-13,0.00,0.00,0,683436.46,last_posted_transaction_or_prior_closing_balance,,trusted,weekday_rule,base_calendar,True,109,2025-05-14,complete
2025-05-14,193043.67,7148.17,2,869331.96,last_posted_transaction_or_prior_closing_balance,synb1_txn_962b14e280f6c7acbd0fdd33,trusted,weekday_rule,base_calendar,True,110,2025-05-15,complete
2025-05-15,0.00,120873.79,1,748458.17,last_posted_transaction_or_prior_closing_balance,synb1_txn_eb2790558bebe353ebc55a0d,trusted,weekday_rule,base_calendar,True,111,2025-05-16,complete
2025-05-16,0.00,6103.06,1,742355.11,last_posted_transaction_or_prior_closing_balance,synb1_txn_22e3f9ac8633d08114184111,trusted,weekday_rule,base_calendar,True,112,2025-05-17,complete
2025-05-17,0.00,5009.36,1,737345.75,last_posted_transaction_or_prior_closing_balance,synb1_txn_1d98c82cab172ab8c295ebbc,trusted,historical_transaction_override,historical_transaction_override,True,113,2025-05-18,complete
2025-05-18,0.00,154918.14,3,582427.61,last_posted_transaction_or_prior_closing_balance,synb1_txn_917b3620f03aedec1eedd1b7,trusted,historical_transaction_override,historical_transaction_override,True,114,2025-05-19,complete
2025-05-19,161115.53,165916.46,2,577626.68,last_posted_transaction_or_prior_closing_balance,synb1_txn_432fa10f019ecbcc571c8a81,trusted,weekday_rule,base_calendar,True,115,2025-05-20,complete
2025-05-20,0.00,0.00,0,577626.68,last_posted_transaction_or_prior_closing_balance,,trusted,weekday_rule,base_calendar,True,116,2025-05-21,complete
2025-05-21,0.00,0.00,0,577626.68,last_posted_transaction_or_prior_closing_balance,,trusted,weekday_rule,base_calendar,True,117,2025-05-22,complete
2025-05-22,0.00,0.00,0,577626.68,last_posted_transaction_or_prior_closing_balance,,trusted,weekday_rule,base_calendar,True,118,2025-05-23,complete
2025-05-23,221723.19,33569.64,4,765780.23,last_posted_transaction_or_prior_closing_balance,synb1_txn_85295a800477e1410964d028,trusted,weekday_rule,base_calendar,True,119,2025-05-24,complete
2025-05-24,0.00,18118.56,1,747661.67,last_posted_transaction_or_prior_closing_balance,synb1_txn_c15add5d3620137ef7873e54,trusted,historical_transaction_override,historical_transaction_override,True,120,2025-05-26,complete
2025-05-25,0.00,0.00,0,747661.67,last_posted_transaction_or_prior_closing_balance,,trusted,weekday_rule,base_calendar,False,,,complete
2025-05-26,0.00,0.00,0,747661.67,last_posted_transaction_or_prior_closing_balance,,trusted,weekday_rule,base_calendar,True,121,2025-05-27,complete
2025-05-27,0.00,0.00,0,747661.67,last_posted_transaction_or_prior_closing_balance,,trusted,weekday_rule,base_calendar,True,122,2025-05-28,complete
2025-05-28,0.00,34735.05,4,712926.62,last_posted_transaction_or_prior_closing_balance,synb1_txn_ebb2bf9c2108b3091adb280e,trusted,weekday_rule,base_calendar,True,123,2025-05-29,complete
2025-05-29,0.00,0.00,0,712926.62,last_posted_transaction_or_prior_closing_balance,,trusted,weekday_rule,base_calendar,True,124,2025-05-30,complete
2025-05-30,0.00,0.00,0,712926.62,last_posted_transaction_or_prior_closing_balance,,trusted,weekday_rule,base_calendar,True,125,2025-06-03,complete
2025-05-31,0.00,0.00,0,712926.62,last_posted_transaction_or_prior_closing_balance,,trusted,gov_cn_2025_holiday_schedule_v1,base_calendar,False,,,complete
2025-06-01,0.00,0.00,0,712926.62,last_posted_transaction_or_prior_closing_balance,,trusted,gov_cn_2025_holiday_schedule_v1,base_calendar,False,,,complete
2025-06-02,0.00,0.00,0,712926.62,last_posted_transaction_or_prior_closing_balance,,trusted,gov_cn_2025_holiday_schedule_v1,base_calendar,False,,,complete
2025-06-03,0.00,0.00,0,712926.62,last_posted_transaction_or_prior_closing_balance,,trusted,weekday_rule,base_calendar,True,126,2025-06-04,complete
2025-06-04,0.00,0.00,0,712926.62,last_posted_transaction_or_prior_closing_balance,,trusted,weekday_rule,base_calendar,True,127,2025-06-05,complete
2025-06-05,0.00,21251.05,2,691675.57,last_posted_transaction_or_prior_closing_balance,synb1_txn_2865320ebd9fe5beea2d151c,trusted,weekday_rule,base_calendar,True,128,2025-06-06,complete
2025-06-06,0.00,0.00,0,691675.57,last_posted_transaction_or_prior_closing_balance,,trusted,weekday_rule,base_calendar,True,129,2025-06-08,complete
2025-06-07,0.00,0.00,0,691675.57,last_posted_transaction_or_prior_closing_balance,,trusted,weekday_rule,base_calendar,False,,,complete
2025-06-08,0.00,4012.06,1,687663.51,last_posted_transaction_or_prior_closing_balance,synb1_txn_0e9c19ae4e62858a07bc1a78,trusted,historical_transaction_override,historical_transaction_override,True,130,2025-06-09,complete
2025-06-09,0.00,0.00,0,687663.51,last_posted_transaction_or_prior_closing_balance,,trusted,weekday_rule,base_calendar,True,131,2025-06-10,complete
2025-06-10,0.00,0.00,0,687663.51,last_posted_transaction_or_prior_closing_balance,,trusted,weekday_rule,base_calendar,True,132,2025-06-11,complete
2025-06-11,208562.00,4526.81,2,891698.70,last_posted_transaction_or_prior_closing_balance,synb1_txn_cc73d863837873d77612b2fc,trusted,weekday_rule,base_calendar,True,133,2025-06-12,complete
2025-06-12,0.00,4553.06,1,887145.64,last_posted_transaction_or_prior_closing_balance,synb1_txn_e1c9d0faceeb278bccf572dc,trusted,weekday_rule,base_calendar,True,134,2025-06-13,complete
2025-06-13,0.00,169613.87,1,717531.77,last_posted_transaction_or_prior_closing_balance,synb1_txn_2b57c5f4cbd78649de9887e7,trusted,weekday_rule,base_calendar,True,135,2025-06-14,complete
2025-06-14,173008.98,14010.59,2,876530.16,last_posted_transaction_or_prior_closing_balance,synb1_txn_ca59b23b653ed98b9a26c242,trusted,historical_transaction_override,historical_transaction_override,True,136,2025-06-16,complete
2025-06-15,0.00,0.00,0,876530.16,last_posted_transaction_or_prior_closing_balance,,trusted,weekday_rule,base_calendar,False,,,complete
2025-06-16,0.00,0.00,0,876530.16,last_posted_transaction_or_prior_closing_balance,,trusted,weekday_rule,base_calendar,True,137,2025-06-17,complete
2025-06-17,200405.83,6542.34,2,1070393.65,last_posted_transaction_or_prior_closing_balance,synb1_txn_9937b490038342b8bd817f4c,trusted,weekday_rule,base_calendar,True,138,2025-06-18,complete
2025-06-18,0.00,17714.88,1,1052678.77,last_posted_transaction_or_prior_closing_balance,synb1_txn_d0d27290238bddabeadc360c,trusted,weekday_rule,base_calendar,True,139,2025-06-19,complete
2025-06-19,0.00,0.00,0,1052678.77,last_posted_transaction_or_prior_closing_balance,,trusted,weekday_rule,base_calendar,True,140,2025-06-20,complete
2025-06-20,0.00,0.00,0,1052678.77,last_posted_transaction_or_prior_closing_balance,,trusted,weekday_rule,base_calendar,True,141,2025-06-21,complete
2025-06-21,0.00,438917.63,3,613761.14,last_posted_transaction_or_prior_closing_balance,synb1_txn_d0ec7fc7c31ce224b92cb754,trusted,historical_transaction_override,historical_transaction_override,True,142,2025-06-22,complete
2025-06-22,225680.13,0.00,1,839441.27,last_posted_transaction_or_prior_closing_balance,synb1_txn_dfb4782512b85dc0597dcf2c,trusted,historical_transaction_override,historical_transaction_override,True,143,2025-06-23,complete
2025-06-23,0.00,0.00,0,839441.27,last_posted_transaction_or_prior_closing_balance,,trusted,weekday_rule,base_calendar,True,144,2025-06-24,complete
2025-06-24,0.00,0.00,0,839441.27,last_posted_transaction_or_prior_closing_balance,,trusted,weekday_rule,base_calendar,True,145,2025-06-25,complete
2025-06-25,0.00,0.00,0,839441.27,last_posted_transaction_or_prior_closing_balance,,trusted,weekday_rule,base_calendar,True,146,2025-06-26,complete
2025-06-26,0.00,0.00,0,839441.27,last_posted_transaction_or_prior_closing_balance,,trusted,weekday_rule,base_calendar,True,147,2025-06-27,complete
2025-06-27,0.00,6060.76,1,833380.51,last_posted_transaction_or_prior_closing_balance,synb1_txn_08252663e1e8305c895e7990,trusted,weekday_rule,base_calendar,True,148,2025-06-28,complete
2025-06-28,0.00,23376.38,2,810004.13,last_posted_transaction_or_prior_closing_balance,synb1_txn_734cbbd567475d8fe7682893,trusted,historical_transaction_override,historical_transaction_override,True,149,2025-06-29,complete
2025-06-29,0.00,4127.41,1,805876.72,last_posted_transaction_or_prior_closing_balance,synb1_txn_40526dd20b03e95b7876a4b6,trusted,historical_transaction_override,historical_transaction_override,True,150,2025-06-30,complete
2025-06-30,0.00,34864.77,3,771011.95,last_posted_transaction_or_prior_closing_balance,synb1_txn_0a6bbd2cac205d821da30ca6,trusted,weekday_rule,base_calendar,True,151,2025-07-01,complete
2025-07-01,0.00,0.00,0,771011.95,last_posted_transaction_or_prior_closing_balance,,trusted,weekday_rule,base_calendar,True,152,2025-07-02,complete
2025-07-02,0.00,0.00,0,771011.95,last_posted_transaction_or_prior_closing_balance,,trusted,weekday_rule,base_calendar,True,153,2025-07-03,complete
2025-07-03,0.00,0.00,0,771011.95,last_posted_transaction_or_prior_closing_balance,,trusted,weekday_rule,base_calendar,True,154,2025-07-04,complete
2025-07-04,0.00,3937.01,1,767074.94,last_posted_transaction_or_prior_closing_balance,synb1_txn_74f98d11e9b5c3d6b06a80a1,trusted,weekday_rule,base_calendar,True,155,2025-07-07,complete
2025-07-05,0.00,0.00,0,767074.94,last_posted_transaction_or_prior_closing_balance,,trusted,weekday_rule,base_calendar,False,,,complete
2025-07-06,0.00,0.00,0,767074.94,last_posted_transaction_or_prior_closing_balance,,trusted,weekday_rule,base_calendar,False,,,complete
2025-07-07,0.00,6798.01,1,760276.93,last_posted_transaction_or_prior_closing_balance,synb1_txn_83553275ea1100a9fdb609b3,trusted,weekday_rule,base_calendar,True,156,2025-07-08,complete
2025-07-08,0.00,172048.37,1,588228.56,last_posted_transaction_or_prior_closing_balance,synb1_txn_d2c809eb37df809d6855aaaf,trusted,weekday_rule,base_calendar,True,157,2025-07-09,complete
2025-07-09,0.00,0.00,0,588228.56,last_posted_transaction_or_prior_closing_balance,,trusted,weekday_rule,base_calendar,True,158,2025-07-10,complete
2025-07-10,0.00,209826.93,2,378401.63,last_posted_transaction_or_prior_closing_balance,synb1_txn_c519f100858f50522fbcf4c4,trusted,weekday_rule,base_calendar,True,159,2025-07-11,complete
2025-07-11,0.00,162217.60,1,216184.03,last_posted_transaction_or_prior_closing_balance,synb1_txn_e1efa6bca1d5cb1f20ecd12b,trusted,weekday_rule,base_calendar,True,160,2025-07-12,complete
2025-07-12,0.00,6606.22,1,209577.81,last_posted_transaction_or_prior_closing_balance,synb1_txn_46815cecccca6f3705fa0da9,trusted,historical_transaction_override,historical_transaction_override,True,161,2025-07-14,complete
2025-07-13,0.00,0.00,0,209577.81,last_posted_transaction_or_prior_closing_balance,,trusted,weekday_rule,base_calendar,False,,,complete
2025-07-14,0.00,177807.81,1,31770.00,last_posted_transaction_or_prior_closing_balance,synb1_txn_128f891ecc3267f55bb32df0,trusted,weekday_rule,base_calendar,True,162,2025-07-15,complete
2025-07-15,197888.75,0.00,1,229658.75,last_posted_transaction_or_prior_closing_balance,synb1_txn_c90cb8ddb9bf566ba6573efb,trusted,weekday_rule,base_calendar,True,163,2025-07-16,complete
2025-07-16,0.00,0.00,0,229658.75,last_posted_transaction_or_prior_closing_balance,,trusted,weekday_rule,base_calendar,True,164,2025-07-17,complete
2025-07-17,0.00,5702.44,1,223956.31,last_posted_transaction_or_prior_closing_balance,synb1_txn_e753dc3e4c688d2488046345,trusted,weekday_rule,base_calendar,True,165,2025-07-18,complete
2025-07-18,0.00,0.00,0,223956.31,last_posted_transaction_or_prior_closing_balance,,trusted,weekday_rule,base_calendar,True,166,2025-07-21,complete
2025-07-19,0.00,0.00,0,223956.31,last_posted_transaction_or_prior_closing_balance,,trusted,weekday_rule,base_calendar,False,,,complete
2025-07-20,0.00,0.00,0,223956.31,last_posted_transaction_or_prior_closing_balance,,trusted,weekday_rule,base_calendar,False,,,complete
2025-07-21,249548.22,0.00,1,473504.53,last_posted_transaction_or_prior_closing_balance,synb1_txn_4bb161c2cb713e25b4204b1b,trusted,weekday_rule,base_calendar,True,167,2025-07-22,complete
2025-07-22,218623.53,15464.34,2,676663.72,last_posted_transaction_or_prior_closing_balance,synb1_txn_4849f477d6d63d8a882945d4,trusted,weekday_rule,base_calendar,True,168,2025-07-23,complete
2025-07-23,0.00,0.00,0,676663.72,last_posted_transaction_or_prior_closing_balance,,trusted,weekday_rule,base_calendar,True,169,2025-07-24,complete
2025-07-24,0.00,0.00,0,676663.72,last_posted_transaction_or_prior_closing_balance,,trusted,weekday_rule,base_calendar,True,170,2025-07-25,complete
2025-07-25,0.00,8741.03,2,667922.69,last_posted_transaction_or_prior_closing_balance,synb1_txn_092ca576aadeabbe635770b5,trusted,weekday_rule,base_calendar,True,171,2025-07-27,complete
2025-07-26,0.00,0.00,0,667922.69,last_posted_transaction_or_prior_closing_balance,,trusted,weekday_rule,base_calendar,False,,,complete
2025-07-27,173938.30,4541.30,2,837319.69,last_posted_transaction_or_prior_closing_balance,synb1_txn_3e96fe0ca834e8eb68d311a0,trusted,historical_transaction_override,historical_transaction_override,True,172,2025-07-28,complete
2025-07-28,0.00,37111.23,3,800208.46,last_posted_transaction_or_prior_closing_balance,synb1_txn_1d5f75acbcb0d0d487a0f376,trusted,weekday_rule,base_calendar,True,173,2025-07-29,complete
2025-07-29,0.00,24419.22,2,775789.24,last_posted_transaction_or_prior_closing_balance,synb1_txn_c26a5d045c4acb3ab0046711,trusted,weekday_rule,base_calendar,True,174,2025-07-30,complete
2025-07-30,0.00,14847.63,1,760941.61,last_posted_transaction_or_prior_closing_balance,synb1_txn_b4cdd52630e5fae0cfc2561d,trusted,weekday_rule,base_calendar,True,175,2025-07-31,complete
2025-07-31,0.00,0.00,0,760941.61,last_posted_transaction_or_prior_closing_balance,,trusted,weekday_rule,base_calendar,True,176,2025-08-01,complete
2025-08-01,0.00,135605.89,1,625335.72,last_posted_transaction_or_prior_closing_balance,synb1_txn_b1dfb5b950cb19cdf89a4978,trusted,weekday_rule,base_calendar,True,177,2025-08-04,complete
2025-08-02,0.00,0.00,0,625335.72,last_posted_transaction_or_prior_closing_balance,,trusted,weekday_rule,base_calendar,False,,,complete
2025-08-03,0.00,0.00,0,625335.72,last_posted_transaction_or_prior_closing_balance,,trusted,weekday_rule,base_calendar,False,,,complete
2025-08-04,0.00,0.00,0,625335.72,last_posted_transaction_or_prior_closing_balance,,trusted,weekday_rule,base_calendar,True,178,2025-08-05,complete
2025-08-05,200112.13,0.00,1,825447.85,last_posted_transaction_or_prior_closing_balance,synb1_txn_73c47a13e7260b5499dff4ad,trusted,weekday_rule,base_calendar,True,179,2025-08-06,complete
2025-08-06,0.00,0.00,0,825447.85,last_posted_transaction_or_prior_closing_balance,,trusted,weekday_rule,base_calendar,True,180,2025-08-07,complete
2025-08-07,0.00,173508.70,2,651939.15,last_posted_transaction_or_prior_closing_balance,synb1_txn_0c1c57953d76471c47da16b4,trusted,weekday_rule,base_calendar,True,181,2025-08-08,complete
2025-08-08,193766.45,0.00,1,845705.60,last_posted_transaction_or_prior_closing_balance,synb1_txn_e3c88a6c53e43fa408e1aa67,trusted,weekday_rule,base_calendar,True,182,2025-08-11,complete
2025-08-09,0.00,0.00,0,845705.60,last_posted_transaction_or_prior_closing_balance,,trusted,weekday_rule,base_calendar,False,,,complete
2025-08-10,0.00,0.00,0,845705.60,last_posted_transaction_or_prior_closing_balance,,trusted,weekday_rule,base_calendar,False,,,complete
2025-08-11,0.00,0.00,0,845705.60,last_posted_transaction_or_prior_closing_balance,,trusted,weekday_rule,base_calendar,True,183,2025-08-12,complete
2025-08-12,0.00,158491.93,1,687213.67,last_posted_transaction_or_prior_closing_balance,synb1_txn_4b9b9ebe577b8fb497279b0b,trusted,weekday_rule,base_calendar,True,184,2025-08-13,complete
2025-08-13,0.00,6648.37,1,680565.30,last_posted_transaction_or_prior_closing_balance,synb1_txn_fbb500106c1c1021c6be4546,trusted,weekday_rule,base_calendar,True,185,2025-08-14,complete
2025-08-14,0.00,0.00,0,680565.30,last_posted_transaction_or_prior_closing_balance,,trusted,weekday_rule,base_calendar,True,186,2025-08-15,complete
2025-08-15,0.00,0.00,0,680565.30,last_posted_transaction_or_prior_closing_balance,,trusted,weekday_rule,base_calendar,True,187,2025-08-17,complete
2025-08-16,0.00,0.00,0,680565.30,last_posted_transaction_or_prior_closing_balance,,trusted,weekday_rule,base_calendar,False,,,complete
2025-08-17,0.00,5328.65,1,675236.65,last_posted_transaction_or_prior_closing_balance,synb1_txn_966572831f081adb008f8ccc,trusted,historical_transaction_override,historical_transaction_override,True,188,2025-08-18,complete
2025-08-18,0.00,0.00,0,675236.65,last_posted_transaction_or_prior_closing_balance,,trusted,weekday_rule,base_calendar,True,189,2025-08-19,complete
2025-08-19,0.00,0.00,0,675236.65,last_posted_transaction_or_prior_closing_balance,,trusted,weekday_rule,base_calendar,True,190,2025-08-20,complete
2025-08-20,0.00,22233.13,2,653003.52,last_posted_transaction_or_prior_closing_balance,synb1_txn_d270b4b735f13335b0e64dfe,trusted,weekday_rule,base_calendar,True,191,2025-08-21,complete
2025-08-21,0.00,0.00,0,653003.52,last_posted_transaction_or_prior_closing_balance,,trusted,weekday_rule,base_calendar,True,192,2025-08-22,complete
2025-08-22,0.00,0.00,0,653003.52,last_posted_transaction_or_prior_closing_balance,,trusted,weekday_rule,base_calendar,True,193,2025-08-23,complete
2025-08-23,0.00,21290.50,2,631713.02,last_posted_transaction_or_prior_closing_balance,synb1_txn_b0d9c3d95eb957a014aafe39,trusted,historical_transaction_override,historical_transaction_override,True,194,2025-08-25,complete
2025-08-24,0.00,0.00,0,631713.02,last_posted_transaction_or_prior_closing_balance,,trusted,weekday_rule,base_calendar,False,,,complete
2025-08-25,0.00,18291.97,1,613421.05,last_posted_transaction_or_prior_closing_balance,synb1_txn_d305faa7870bef915e31c790,trusted,weekday_rule,base_calendar,True,195,2025-08-26,complete
2025-08-26,0.00,0.00,0,613421.05,last_posted_transaction_or_prior_closing_balance,,trusted,weekday_rule,base_calendar,True,196,2025-08-27,complete
2025-08-27,198682.11,4809.84,2,807293.32,last_posted_transaction_or_prior_closing_balance,synb1_txn_ea965c9113f9b95665177289,trusted,weekday_rule,base_calendar,True,197,2025-08-28,complete
2025-08-28,0.00,211088.16,6,596205.16,last_posted_transaction_or_prior_closing_balance,synb1_txn_60bd412c817b274a3fb4d8b5,trusted,weekday_rule,base_calendar,True,198,2025-08-29,complete
2025-08-29,182817.93,0.00,1,779023.09,last_posted_transaction_or_prior_closing_balance,synb1_txn_036d6f8840db4764ab0e214b,trusted,weekday_rule,base_calendar,True,199,2025-08-31,complete
2025-08-30,0.00,0.00,0,779023.09,last_posted_transaction_or_prior_closing_balance,,trusted,weekday_rule,base_calendar,False,,,complete
2025-08-31,0.00,4815.63,1,774207.46,last_posted_transaction_or_prior_closing_balance,synb1_txn_e074379cc5b6bfc7d618b897,trusted,historical_transaction_override,historical_transaction_override,True,200,2025-09-01,complete
2025-09-01,0.00,0.00,0,774207.46,last_posted_transaction_or_prior_closing_balance,,trusted,weekday_rule,base_calendar,True,201,2025-09-02,complete
2025-09-02,0.00,0.00,0,774207.46,last_posted_transaction_or_prior_closing_balance,,trusted,weekday_rule,base_calendar,True,202,2025-09-03,complete
2025-09-03,0.00,11520.08,2,762687.38,last_posted_transaction_or_prior_closing_balance,synb1_txn_23183b3e976b36fafee7a2ff,trusted,weekday_rule,base_calendar,True,203,2025-09-04,complete
2025-09-04,0.00,0.00,0,762687.38,last_posted_transaction_or_prior_closing_balance,,trusted,weekday_rule,base_calendar,True,204,2025-09-05,complete
2025-09-05,0.00,0.00,0,762687.38,last_posted_transaction_or_prior_closing_balance,,trusted,weekday_rule,base_calendar,True,205,2025-09-06,complete
2025-09-06,0.00,6751.63,1,755935.75,last_posted_transaction_or_prior_closing_balance,synb1_txn_d98b31d9b38d101b9a4f4729,trusted,historical_transaction_override,historical_transaction_override,True,206,2025-09-07,complete
2025-09-07,0.00,5244.39,1,750691.36,last_posted_transaction_or_prior_closing_balance,synb1_txn_e53d01d0f0716a1442c76a3f,trusted,historical_transaction_override,historical_transaction_override,True,207,2025-09-08,complete
2025-09-08,0.00,0.00,0,750691.36,last_posted_transaction_or_prior_closing_balance,,trusted,weekday_rule,base_calendar,True,208,2025-09-09,complete
2025-09-09,155845.63,0.00,1,906536.99,last_posted_transaction_or_prior_closing_balance,synb1_txn_9df5edf2e13d571d5fa62bce,trusted,weekday_rule,base_calendar,True,209,2025-09-10,complete
2025-09-10,0.00,0.00,0,906536.99,last_posted_transaction_or_prior_closing_balance,,trusted,weekday_rule,base_calendar,True,210,2025-09-11,complete
2025-09-11,0.00,126445.38,2,780091.61,last_posted_transaction_or_prior_closing_balance,synb1_txn_3966a999305b56a8f10d84fe,trusted,weekday_rule,base_calendar,True,211,2025-09-12,complete
2025-09-12,168486.83,136638.15,3,811940.29,last_posted_transaction_or_prior_closing_balance,synb1_txn_1effe21d91bd0d3db10faaed,trusted,weekday_rule,base_calendar,True,212,2025-09-14,complete
2025-09-13,0.00,0.00,0,811940.29,last_posted_transaction_or_prior_closing_balance,,trusted,weekday_rule,base_calendar,False,,,complete
2025-09-14,0.00,13579.26,1,798361.03,last_posted_transaction_or_prior_closing_balance,synb1_txn_66bc35ed5270edcae8c0394d,trusted,historical_transaction_override,historical_transaction_override,True,213,2025-09-15,complete
2025-09-15,0.00,4656.35,1,793704.68,last_posted_transaction_or_prior_closing_balance,synb1_txn_6404694a2599ec05ad580887,trusted,weekday_rule,base_calendar,True,214,2025-09-16,complete
2025-09-16,0.00,0.00,0,793704.68,last_posted_transaction_or_prior_closing_balance,,trusted,weekday_rule,base_calendar,True,215,2025-09-17,complete
2025-09-17,0.00,18254.52,1,775450.16,last_posted_transaction_or_prior_closing_balance,synb1_txn_d5fd87877bff7eb85cdd1b38,trusted,weekday_rule,base_calendar,True,216,2025-09-18,complete
2025-09-18,0.00,6764.64,1,768685.52,last_posted_transaction_or_prior_closing_balance,synb1_txn_3ef772ec1a50d9aa564d64c1,trusted,weekday_rule,base_calendar,True,217,2025-09-19,complete
2025-09-19,354084.12,4071.39,3,1118698.25,last_posted_transaction_or_prior_closing_balance,synb1_txn_1a861bfbbc999f1368518e98,trusted,weekday_rule,base_calendar,True,218,2025-09-21,complete
2025-09-20,0.00,0.00,0,1118698.25,last_posted_transaction_or_prior_closing_balance,,trusted,weekday_rule,base_calendar,False,,,complete
2025-09-21,0.00,211836.59,2,906861.66,last_posted_transaction_or_prior_closing_balance,synb1_txn_1dc10b5d1c493e481fbd38c9,trusted,historical_transaction_override,historical_transaction_override,True,219,2025-09-22,complete
2025-09-22,0.00,0.00,0,906861.66,last_posted_transaction_or_prior_closing_balance,,trusted,weekday_rule,base_calendar,True,220,2025-09-23,complete
2025-09-23,0.00,0.00,0,906861.66,last_posted_transaction_or_prior_closing_balance,,trusted,weekday_rule,base_calendar,True,221,2025-09-24,complete
2025-09-24,0.00,0.00,0,906861.66,last_posted_transaction_or_prior_closing_balance,,trusted,weekday_rule,base_calendar,True,222,2025-09-25,complete
2025-09-25,0.00,13518.67,1,893342.99,last_posted_transaction_or_prior_closing_balance,synb1_txn_4ee8c58597436307bbc53314,trusted,weekday_rule,base_calendar,True,223,2025-09-26,complete
2025-09-26,0.00,0.00,0,893342.99,last_posted_transaction_or_prior_closing_balance,,trusted,weekday_rule,base_calendar,True,224,2025-09-28,complete
2025-09-27,0.00,0.00,0,893342.99,last_posted_transaction_or_prior_closing_balance,,trusted,weekday_rule,base_calendar,False,,,complete
2025-09-28,0.00,25887.73,3,867455.26,last_posted_transaction_or_prior_closing_balance,synb1_txn_1b197e8a93d409420368e3a9,trusted,gov_cn_2025_holiday_schedule_v1,base_calendar,True,225,2025-09-29,complete
2025-09-29,0.00,0.00,0,867455.26,last_posted_transaction_or_prior_closing_balance,,trusted,weekday_rule,base_calendar,True,226,2025-09-30,complete
2025-09-30,0.00,0.00,0,867455.26,last_posted_transaction_or_prior_closing_balance,,trusted,weekday_rule,base_calendar,True,227,2025-10-04,complete
2025-10-01,0.00,0.00,0,867455.26,last_posted_transaction_or_prior_closing_balance,,trusted,gov_cn_2025_holiday_schedule_v1,base_calendar,False,,,complete
2025-10-02,0.00,0.00,0,867455.26,last_posted_transaction_or_prior_closing_balance,,trusted,gov_cn_2025_holiday_schedule_v1,base_calendar,False,,,complete
2025-10-03,0.00,0.00,0,867455.26,last_posted_transaction_or_prior_closing_balance,,trusted,gov_cn_2025_holiday_schedule_v1,base_calendar,False,,,complete
2025-10-04,0.00,5026.88,1,862428.38,last_posted_transaction_or_prior_closing_balance,synb1_txn_204aa20599ce7e2b01f7524d,trusted,historical_transaction_override,historical_transaction_override,True,228,2025-10-05,complete
2025-10-05,0.00,14167.08,1,848261.30,last_posted_transaction_or_prior_closing_balance,synb1_txn_f3c5c4817cb51e8e4585d47c,trusted,historical_transaction_override,historical_transaction_override,True,229,2025-10-06,complete
2025-10-06,0.00,4255.61,1,844005.69,last_posted_transaction_or_prior_closing_balance,synb1_txn_0e09419736f2b95915f68365,trusted,historical_transaction_override,historical_transaction_override,True,230,2025-10-07,complete
2025-10-07,0.00,4134.64,1,839871.05,last_posted_transaction_or_prior_closing_balance,synb1_txn_ba0823cc8863969c03876d2a,trusted,historical_transaction_override,historical_transaction_override,True,231,2025-10-09,complete
2025-10-08,0.00,0.00,0,839871.05,last_posted_transaction_or_prior_closing_balance,,trusted,gov_cn_2025_holiday_schedule_v1,base_calendar,False,,,complete
2025-10-09,0.00,0.00,0,839871.05,last_posted_transaction_or_prior_closing_balance,,trusted,weekday_rule,base_calendar,True,232,2025-10-10,complete
2025-10-10,0.00,0.00,0,839871.05,last_posted_transaction_or_prior_closing_balance,,trusted,weekday_rule,base_calendar,True,233,2025-10-11,complete
2025-10-11,0.00,0.00,0,839871.05,last_posted_transaction_or_prior_closing_balance,,trusted,gov_cn_2025_holiday_schedule_v1,base_calendar,True,234,2025-10-13,complete
2025-10-12,0.00,0.00,0,839871.05,last_posted_transaction_or_prior_closing_balance,,trusted,weekday_rule,base_calendar,False,,,complete
2025-10-13,0.00,13556.19,2,826314.86,last_posted_transaction_or_prior_closing_balance,synb1_txn_72a653b22a5f6b721cf35260,trusted,weekday_rule,base_calendar,True,235,2025-10-14,complete
2025-10-14,142400.32,14813.34,2,953901.84,last_posted_transaction_or_prior_closing_balance,synb1_txn_f53429a8f71c55bccd5d2b67,trusted,weekday_rule,base_calendar,True,236,2025-10-15,complete
2025-10-15,268811.42,3802.21,3,1218911.05,last_posted_transaction_or_prior_closing_balance,synb1_txn_58b84729af1191b6b98da780,trusted,weekday_rule,base_calendar,True,237,2025-10-16,complete
2025-10-16,0.00,0.00,0,1218911.05,last_posted_transaction_or_prior_closing_balance,,trusted,weekday_rule,base_calendar,True,238,2025-10-17,complete
2025-10-17,0.00,79119.85,1,1139791.20,last_posted_transaction_or_prior_closing_balance,synb1_txn_9d32acfdc6c0807160a99fe0,trusted,weekday_rule,base_calendar,True,239,2025-10-18,complete
2025-10-18,0.00,73982.94,1,1065808.26,last_posted_transaction_or_prior_closing_balance,synb1_txn_43b05dad93445f01894be988,trusted,historical_transaction_override,historical_transaction_override,True,240,2025-10-19,complete
2025-10-19,0.00,17390.23,1,1048418.03,last_posted_transaction_or_prior_closing_balance,synb1_txn_55c78ba123e77aaa1db6f031,trusted,historical_transaction_override,historical_transaction_override,True,241,2025-10-20,complete
2025-10-20,170306.34,0.00,1,1218724.37,last_posted_transaction_or_prior_closing_balance,synb1_txn_10caf7a259657ba9a2ec2750,trusted,weekday_rule,base_calendar,True,242,2025-10-21,complete
2025-10-21,0.00,0.00,0,1218724.37,last_posted_transaction_or_prior_closing_balance,,trusted,weekday_rule,base_calendar,True,243,2025-10-22,complete
2025-10-22,0.00,0.00,0,1218724.37,last_posted_transaction_or_prior_closing_balance,,trusted,weekday_rule,base_calendar,True,244,2025-10-23,complete
2025-10-23,0.00,0.00,0,1218724.37,last_posted_transaction_or_prior_closing_balance,,trusted,weekday_rule,base_calendar,True,245,2025-10-24,complete
2025-10-24,0.00,0.00,0,1218724.37,last_posted_transaction_or_prior_closing_balance,,trusted,weekday_rule,base_calendar,True,246,2025-10-25,complete
2025-10-25,0.00,111650.53,2,1107073.84,last_posted_transaction_or_prior_closing_balance,synb1_txn_0ef56e741d757f9da14e075d,trusted,historical_transaction_override,historical_transaction_override,True,247,2025-10-27,complete
2025-10-26,0.00,0.00,0,1107073.84,last_posted_transaction_or_prior_closing_balance,,trusted,weekday_rule,base_calendar,False,,,complete
2025-10-27,0.00,0.00,0,1107073.84,last_posted_transaction_or_prior_closing_balance,,trusted,weekday_rule,base_calendar,True,248,2025-10-28,complete
2025-10-28,0.00,110106.72,4,996967.12,last_posted_transaction_or_prior_closing_balance,synb1_txn_c13cf6d91bc6c27a0ae77452,trusted,weekday_rule,base_calendar,True,249,2025-10-29,complete
2025-10-29,0.00,6006.83,1,990960.29,last_posted_transaction_or_prior_closing_balance,synb1_txn_bc9454d099c786564876a4f2,trusted,weekday_rule,base_calendar,True,250,2025-10-30,complete
2025-10-30,0.00,0.00,0,990960.29,last_posted_transaction_or_prior_closing_balance,,trusted,weekday_rule,base_calendar,True,251,2025-10-31,complete
2025-10-31,0.00,5852.98,1,985107.31,last_posted_transaction_or_prior_closing_balance,synb1_txn_a12a9b835b5adca466e2d628,trusted,weekday_rule,base_calendar,True,252,2025-11-02,complete
2025-11-01,0.00,0.00,0,985107.31,last_posted_transaction_or_prior_closing_balance,,trusted,weekday_rule,base_calendar,False,,,complete
2025-11-02,87330.57,0.00,1,1072437.88,last_posted_transaction_or_prior_closing_balance,synb1_txn_870cf4d9793e65fc730e4410,trusted,historical_transaction_override,historical_transaction_override,True,253,2025-11-03,complete
2025-11-03,105977.71,0.00,1,1178415.59,last_posted_transaction_or_prior_closing_balance,synb1_txn_7865f033a22d9248f1ec3c93,trusted,weekday_rule,base_calendar,True,254,2025-11-04,complete
2025-11-04,0.00,4115.57,1,1174300.02,last_posted_transaction_or_prior_closing_balance,synb1_txn_f6d3b91d669758f72e2053fe,trusted,weekday_rule,base_calendar,True,255,2025-11-05,complete
2025-11-05,107050.39,0.00,1,1281350.41,last_posted_transaction_or_prior_closing_balance,synb1_txn_5113249354195edd3cafa6cf,trusted,weekday_rule,base_calendar,True,256,2025-11-06,complete
2025-11-06,0.00,57024.43,2,1224325.98,last_posted_transaction_or_prior_closing_balance,synb1_txn_520560cdbe0b1aa51b145c44,trusted,weekday_rule,base_calendar,True,257,2025-11-07,complete
2025-11-07,0.00,0.00,0,1224325.98,last_posted_transaction_or_prior_closing_balance,,trusted,weekday_rule,base_calendar,True,258,2025-11-10,complete
2025-11-08,0.00,0.00,0,1224325.98,last_posted_transaction_or_prior_closing_balance,,trusted,weekday_rule,base_calendar,False,,,complete
2025-11-09,0.00,0.00,0,1224325.98,last_posted_transaction_or_prior_closing_balance,,trusted,weekday_rule,base_calendar,False,,,complete
2025-11-10,0.00,55446.98,1,1168879.00,last_posted_transaction_or_prior_closing_balance,synb1_txn_cb200a0cad666937875c0fda,trusted,weekday_rule,base_calendar,True,259,2025-11-11,complete
2025-11-11,0.00,75835.04,3,1093043.96,last_posted_transaction_or_prior_closing_balance,synb1_txn_601da9bbc388a296fb3c6eac,trusted,weekday_rule,base_calendar,True,260,2025-11-12,complete
2025-11-12,0.00,4177.54,1,1088866.42,last_posted_transaction_or_prior_closing_balance,synb1_txn_b77c99e5e82e251bc534d458,trusted,weekday_rule,base_calendar,True,261,2025-11-13,complete
2025-11-13,0.00,5852.21,1,1083014.21,last_posted_transaction_or_prior_closing_balance,synb1_txn_cedb30dc1931851445ee7731,trusted,weekday_rule,base_calendar,True,262,2025-11-14,complete
2025-11-14,119640.73,0.00,1,1202654.94,last_posted_transaction_or_prior_closing_balance,synb1_txn_40e08f34cd531431abfcb370,trusted,weekday_rule,base_calendar,True,263,2025-11-17,complete
2025-11-15,0.00,0.00,0,1202654.94,last_posted_transaction_or_prior_closing_balance,,trusted,weekday_rule,base_calendar,False,,,complete
2025-11-16,0.00,0.00,0,1202654.94,last_posted_transaction_or_prior_closing_balance,,trusted,weekday_rule,base_calendar,False,,,complete
2025-11-17,0.00,16525.34,1,1186129.60,last_posted_transaction_or_prior_closing_balance,synb1_txn_87d12f9e866063d60f3adc77,trusted,weekday_rule,base_calendar,True,264,2025-11-18,complete
2025-11-18,0.00,0.00,0,1186129.60,last_posted_transaction_or_prior_closing_balance,,trusted,weekday_rule,base_calendar,True,265,2025-11-19,complete
2025-11-19,0.00,70957.31,3,1115172.29,last_posted_transaction_or_prior_closing_balance,synb1_txn_4d384d3e2dda24f34bf763fe,trusted,weekday_rule,base_calendar,True,266,2025-11-20,complete
2025-11-20,0.00,0.00,0,1115172.29,last_posted_transaction_or_prior_closing_balance,,trusted,weekday_rule,base_calendar,True,267,2025-11-21,complete
2025-11-21,0.00,0.00,0,1115172.29,last_posted_transaction_or_prior_closing_balance,,trusted,weekday_rule,base_calendar,True,268,2025-11-23,complete
2025-11-22,0.00,0.00,0,1115172.29,last_posted_transaction_or_prior_closing_balance,,trusted,weekday_rule,base_calendar,False,,,complete
2025-11-23,0.00,5905.22,1,1109267.07,last_posted_transaction_or_prior_closing_balance,synb1_txn_a0188484bae4243d242bf139,trusted,historical_transaction_override,historical_transaction_override,True,269,2025-11-24,complete
2025-11-24,0.00,5155.62,1,1104111.45,last_posted_transaction_or_prior_closing_balance,synb1_txn_fcaf8df25a1200ae0a4e5646,trusted,weekday_rule,base_calendar,True,270,2025-11-25,complete
2025-11-25,0.00,0.00,0,1104111.45,last_posted_transaction_or_prior_closing_balance,,trusted,weekday_rule,base_calendar,True,271,2025-11-26,complete
2025-11-26,0.00,0.00,0,1104111.45,last_posted_transaction_or_prior_closing_balance,,trusted,weekday_rule,base_calendar,True,272,2025-11-27,complete
2025-11-27,0.00,15445.46,1,1088665.99,last_posted_transaction_or_prior_closing_balance,synb1_txn_6ce7a9c3c554bd0f45450344,trusted,weekday_rule,base_calendar,True,273,2025-11-28,complete
2025-11-28,0.00,7938.08,3,1080727.91,last_posted_transaction_or_prior_closing_balance,synb1_txn_3bcadd819d80cbd6b057ab33,trusted,weekday_rule,base_calendar,True,274,2025-12-01,complete
2025-11-29,0.00,0.00,0,1080727.91,last_posted_transaction_or_prior_closing_balance,,trusted,weekday_rule,base_calendar,False,,,complete
2025-11-30,0.00,0.00,0,1080727.91,last_posted_transaction_or_prior_closing_balance,,trusted,weekday_rule,base_calendar,False,,,complete
2025-12-01,0.00,0.00,0,1080727.91,last_posted_transaction_or_prior_closing_balance,,trusted,weekday_rule,base_calendar,True,275,2025-12-02,complete
2025-12-02,0.00,0.00,0,1080727.91,last_posted_transaction_or_prior_closing_balance,,trusted,weekday_rule,base_calendar,True,276,2025-12-03,complete
2025-12-03,112165.46,0.00,1,1192893.37,last_posted_transaction_or_prior_closing_balance,synb1_txn_7557e054580fe00466eab0a2,trusted,weekday_rule,base_calendar,True,277,2025-12-04,complete
2025-12-04,0.00,8398.64,1,1184494.73,last_posted_transaction_or_prior_closing_balance,synb1_txn_15d825fab61e75e5a3739f10,trusted,weekday_rule,base_calendar,True,278,2025-12-05,complete
2025-12-05,0.00,0.00,0,1184494.73,last_posted_transaction_or_prior_closing_balance,,trusted,weekday_rule,base_calendar,True,279,2025-12-06,complete
2025-12-06,0.00,16811.55,1,1167683.18,last_posted_transaction_or_prior_closing_balance,synb1_txn_5bd3ff5fb5420d6f5f3529c0,trusted,historical_transaction_override,historical_transaction_override,True,280,2025-12-07,complete
2025-12-07,0.00,22767.90,2,1144915.28,last_posted_transaction_or_prior_closing_balance,synb1_txn_480ba71dbc1144e9197aabd2,trusted,historical_transaction_override,historical_transaction_override,True,281,2025-12-08,complete
2025-12-08,0.00,0.00,0,1144915.28,last_posted_transaction_or_prior_closing_balance,,trusted,weekday_rule,base_calendar,True,282,2025-12-09,complete
2025-12-09,108801.12,4258.66,2,1249457.74,last_posted_transaction_or_prior_closing_balance,synb1_txn_ceed05886f9a89d67a04d67a,trusted,weekday_rule,base_calendar,True,283,2025-12-10,complete
2025-12-10,0.00,0.00,0,1249457.74,last_posted_transaction_or_prior_closing_balance,,trusted,weekday_rule,base_calendar,True,284,2025-12-11,complete
2025-12-11,0.00,5344.96,1,1244112.78,last_posted_transaction_or_prior_closing_balance,synb1_txn_9023acb17211210f315c8752,trusted,weekday_rule,base_calendar,True,285,2025-12-12,complete
2025-12-12,0.00,11678.86,1,1232433.92,last_posted_transaction_or_prior_closing_balance,synb1_txn_b1ea813589242debd93fbd7a,trusted,weekday_rule,base_calendar,True,286,2025-12-15,complete
2025-12-13,0.00,0.00,0,1232433.92,last_posted_transaction_or_prior_closing_balance,,trusted,weekday_rule,base_calendar,False,,,complete
2025-12-14,0.00,0.00,0,1232433.92,last_posted_transaction_or_prior_closing_balance,,trusted,weekday_rule,base_calendar,False,,,complete
2025-12-15,0.00,0.00,0,1232433.92,last_posted_transaction_or_prior_closing_balance,,trusted,weekday_rule,base_calendar,True,287,2025-12-16,complete
2025-12-16,0.00,4536.64,1,1227897.28,last_posted_transaction_or_prior_closing_balance,synb1_txn_f3b6a042b44d9fb698fb4f2e,trusted,weekday_rule,base_calendar,True,288,2025-12-17,complete
2025-12-17,122468.09,0.00,1,1350365.37,last_posted_transaction_or_prior_closing_balance,synb1_txn_f5c76a21d8080bf75a2db3e5,trusted,weekday_rule,base_calendar,True,289,2025-12-18,complete
2025-12-18,0.00,0.00,0,1350365.37,last_posted_transaction_or_prior_closing_balance,,trusted,weekday_rule,base_calendar,True,290,2025-12-19,complete
2025-12-19,0.00,6303.29,1,1344062.08,last_posted_transaction_or_prior_closing_balance,synb1_txn_eed7469d0a7d1808de3e906d,trusted,weekday_rule,base_calendar,True,291,2025-12-21,complete
2025-12-20,0.00,0.00,0,1344062.08,last_posted_transaction_or_prior_closing_balance,,trusted,weekday_rule,base_calendar,False,,,complete
2025-12-21,0.00,21137.89,2,1322924.19,last_posted_transaction_or_prior_closing_balance,synb1_txn_0c6e3c3ef910cc56e4a90720,trusted,historical_transaction_override,historical_transaction_override,True,292,2025-12-22,complete
2025-12-22,0.00,9705.91,1,1313218.28,last_posted_transaction_or_prior_closing_balance,synb1_txn_f81457c8b270a0f2dceb952a,trusted,weekday_rule,base_calendar,True,293,2025-12-23,complete
2025-12-23,0.00,4053.81,1,1309164.47,last_posted_transaction_or_prior_closing_balance,synb1_txn_4c5f0113283732581ec8eb97,trusted,weekday_rule,base_calendar,True,294,2025-12-24,complete
2025-12-24,0.00,0.00,0,1309164.47,last_posted_transaction_or_prior_closing_balance,,trusted,weekday_rule,base_calendar,True,295,2025-12-25,complete
2025-12-25,0.00,0.00,0,1309164.47,last_posted_transaction_or_prior_closing_balance,,trusted,weekday_rule,base_calendar,True,296,2025-12-26,complete
2025-12-26,0.00,0.00,0,1309164.47,last_posted_transaction_or_prior_closing_balance,,trusted,weekday_rule,base_calendar,True,297,2025-12-27,complete
2025-12-27,0.00,16590.41,1,1292574.06,last_posted_transaction_or_prior_closing_balance,synb1_txn_521eb18774b6cd36d95bdf12,trusted,historical_transaction_override,historical_transaction_override,True,298,2025-12-29,complete
2025-12-28,0.00,0.00,0,1292574.06,last_posted_transaction_or_prior_closing_balance,,trusted,weekday_rule,base_calendar,False,,,complete
2025-12-29,0.00,10180.13,3,1282393.93,last_posted_transaction_or_prior_closing_balance,synb1_txn_6944879774d4cda1a0dc2414,trusted,weekday_rule,base_calendar,True,299,2025-12-30,complete
2025-12-30,108843.05,9662.66,2,1381574.32,last_posted_transaction_or_prior_closing_balance,synb1_txn_4bc919fac684260ab7e39cdb,trusted,weekday_rule,base_calendar,True,300,2025-12-31,complete
2025-12-31,0.00,4370.23,1,1377204.09,last_posted_transaction_or_prior_closing_balance,synb1_txn_2a97adbed2ebc457c7682eb8,trusted,weekday_rule,base_calendar,True,301,2026-01-03,complete
2026-01-01,0.00,0.00,0,1377204.09,last_posted_transaction_or_prior_closing_balance,,trusted,gov_cn_2026_holiday_schedule_v1,base_calendar,False,,,complete
2026-01-02,0.00,0.00,0,1377204.09,last_posted_transaction_or_prior_closing_balance,,trusted,gov_cn_2026_holiday_schedule_v1,base_calendar,False,,,complete
2026-01-03,131156.05,152084.91,3,1356275.23,last_posted_transaction_or_prior_closing_balance,synb1_txn_b0283f308a957741cb33dfba,trusted,historical_transaction_override,historical_transaction_override,True,302,2026-01-04,complete
2026-01-04,0.00,0.00,0,1356275.23,last_posted_transaction_or_prior_closing_balance,,trusted,gov_cn_2026_holiday_schedule_v1,base_calendar,True,303,2026-01-05,complete
2026-01-05,0.00,3753.84,1,1352521.39,last_posted_transaction_or_prior_closing_balance,synb1_txn_b95e2a87dddb9e41816a29fa,trusted,weekday_rule,base_calendar,True,304,2026-01-06,complete
2026-01-06,0.00,4341.36,1,1348180.03,last_posted_transaction_or_prior_closing_balance,synb1_txn_dfc7bfc55107740dea0e2090,trusted,weekday_rule,base_calendar,True,305,2026-01-07,complete
2026-01-07,0.00,0.00,0,1348180.03,last_posted_transaction_or_prior_closing_balance,,trusted,weekday_rule,base_calendar,True,306,2026-01-08,complete
2026-01-08,0.00,0.00,0,1348180.03,last_posted_transaction_or_prior_closing_balance,,trusted,weekday_rule,base_calendar,True,307,2026-01-09,complete
2026-01-09,0.00,0.00,0,1348180.03,last_posted_transaction_or_prior_closing_balance,,trusted,weekday_rule,base_calendar,True,308,2026-01-12,complete
2026-01-10,0.00,0.00,0,1348180.03,last_posted_transaction_or_prior_closing_balance,,trusted,weekday_rule,base_calendar,False,,,complete
2026-01-11,0.00,0.00,0,1348180.03,last_posted_transaction_or_prior_closing_balance,,trusted,weekday_rule,base_calendar,False,,,complete
2026-01-12,0.00,5724.96,1,1342455.07,last_posted_transaction_or_prior_closing_balance,synb1_txn_aebc0468444ec90a2a40bfb6,trusted,weekday_rule,base_calendar,True,309,2026-01-13,complete
2026-01-13,0.00,7199.99,1,1335255.08,last_posted_transaction_or_prior_closing_balance,synb1_txn_f29b2e763e52343dfdcd64d2,trusted,weekday_rule,base_calendar,True,310,2026-01-14,complete
2026-01-14,0.00,0.00,0,1335255.08,last_posted_transaction_or_prior_closing_balance,,trusted,weekday_rule,base_calendar,True,311,2026-01-15,complete
2026-01-15,0.00,5861.31,1,1329393.77,last_posted_transaction_or_prior_closing_balance,synb1_txn_56ba5a246b0bc6b504724832,trusted,weekday_rule,base_calendar,True,312,2026-01-16,complete
2026-01-16,0.00,17268.89,1,1312124.88,last_posted_transaction_or_prior_closing_balance,synb1_txn_5f90daa46fdbbf91eb7cbdd8,trusted,weekday_rule,base_calendar,True,313,2026-01-19,complete
2026-01-17,0.00,0.00,0,1312124.88,last_posted_transaction_or_prior_closing_balance,,trusted,weekday_rule,base_calendar,False,,,complete
2026-01-18,0.00,0.00,0,1312124.88,last_posted_transaction_or_prior_closing_balance,,trusted,weekday_rule,base_calendar,False,,,complete
2026-01-19,122999.55,87185.29,3,1347939.14,last_posted_transaction_or_prior_closing_balance,synb1_txn_f5b0014abcac7dbefbd96e19,trusted,weekday_rule,base_calendar,True,314,2026-01-20,complete
2026-01-20,0.00,0.00,0,1347939.14,last_posted_transaction_or_prior_closing_balance,,trusted,weekday_rule,base_calendar,True,315,2026-01-21,complete
2026-01-21,0.00,0.00,0,1347939.14,last_posted_transaction_or_prior_closing_balance,,trusted,weekday_rule,base_calendar,True,316,2026-01-22,complete
2026-01-22,0.00,0.00,0,1347939.14,last_posted_transaction_or_prior_closing_balance,,trusted,weekday_rule,base_calendar,True,317,2026-01-23,complete
2026-01-23,0.00,72297.36,1,1275641.78,last_posted_transaction_or_prior_closing_balance,synb1_txn_0a3f504bd99806f434de1348,trusted,weekday_rule,base_calendar,True,318,2026-01-25,complete
2026-01-24,0.00,0.00,0,1275641.78,last_posted_transaction_or_prior_closing_balance,,trusted,weekday_rule,base_calendar,False,,,complete
2026-01-25,0.00,6629.74,1,1269012.04,last_posted_transaction_or_prior_closing_balance,synb1_txn_5eec44b87dd4f429a6d2b557,trusted,historical_transaction_override,historical_transaction_override,True,319,2026-01-26,complete
2026-01-26,0.00,0.00,0,1269012.04,last_posted_transaction_or_prior_closing_balance,,trusted,weekday_rule,base_calendar,True,320,2026-01-27,complete
2026-01-27,0.00,13130.01,1,1255882.03,last_posted_transaction_or_prior_closing_balance,synb1_txn_9abe9ff2a55f1382cb5d48a4,trusted,weekday_rule,base_calendar,True,321,2026-01-28,complete
2026-01-28,0.00,17693.82,4,1238188.21,last_posted_transaction_or_prior_closing_balance,synb1_txn_de826443dd1ce943294faf20,trusted,weekday_rule,base_calendar,True,322,2026-01-29,complete
2026-01-29,115312.07,33141.10,3,1320359.18,last_posted_transaction_or_prior_closing_balance,synb1_txn_90b2193af5898d048a84cbf9,trusted,weekday_rule,base_calendar,True,323,2026-01-30,complete
2026-01-30,0.00,0.00,0,1320359.18,last_posted_transaction_or_prior_closing_balance,,trusted,weekday_rule,base_calendar,True,324,2026-01-31,complete
2026-01-31,115151.91,0.00,1,1435511.09,last_posted_transaction_or_prior_closing_balance,synb1_txn_8684767adcbf704deec9f467,trusted,historical_transaction_override,historical_transaction_override,True,325,2026-02-01,complete
2026-02-01,136838.78,24585.09,4,1547764.78,last_posted_transaction_or_prior_closing_balance,synb1_txn_80754b1eb91449e0179a3621,trusted,historical_transaction_override,historical_transaction_override,True,326,2026-02-02,complete
2026-02-02,0.00,42772.19,1,1504992.59,last_posted_transaction_or_prior_closing_balance,synb1_txn_3d50bce52a79c63b5033d07d,trusted,weekday_rule,base_calendar,True,327,2026-02-03,complete
2026-02-03,0.00,6504.34,1,1498488.25,last_posted_transaction_or_prior_closing_balance,synb1_txn_10c697aeb1d1b291fe4499f7,trusted,weekday_rule,base_calendar,True,328,2026-02-04,complete
2026-02-04,0.00,0.00,0,1498488.25,last_posted_transaction_or_prior_closing_balance,,trusted,weekday_rule,base_calendar,True,329,2026-02-05,complete
2026-02-05,0.00,0.00,0,1498488.25,last_posted_transaction_or_prior_closing_balance,,trusted,weekday_rule,base_calendar,True,330,2026-02-06,complete
2026-02-06,68884.62,0.00,1,1567372.87,last_posted_transaction_or_prior_closing_balance,synb1_txn_24d7a21404501c326a63518a,trusted,weekday_rule,base_calendar,True,331,2026-02-08,complete
2026-02-07,0.00,0.00,0,1567372.87,last_posted_transaction_or_prior_closing_balance,,trusted,weekday_rule,base_calendar,False,,,complete
2026-02-08,0.00,4986.41,1,1562386.46,last_posted_transaction_or_prior_closing_balance,synb1_txn_e84a17881b5de0ae4af419ab,trusted,historical_transaction_override,historical_transaction_override,True,332,2026-02-09,complete
2026-02-09,0.00,0.00,0,1562386.46,last_posted_transaction_or_prior_closing_balance,,trusted,weekday_rule,base_calendar,True,333,2026-02-10,complete
2026-02-10,0.00,0.00,0,1562386.46,last_posted_transaction_or_prior_closing_balance,,trusted,weekday_rule,base_calendar,True,334,2026-02-11,complete
2026-02-11,0.00,0.00,0,1562386.46,last_posted_transaction_or_prior_closing_balance,,trusted,weekday_rule,base_calendar,True,335,2026-02-12,complete
2026-02-12,0.00,0.00,0,1562386.46,last_posted_transaction_or_prior_closing_balance,,trusted,weekday_rule,base_calendar,True,336,2026-02-13,complete
2026-02-13,0.00,15307.80,1,1547078.66,last_posted_transaction_or_prior_closing_balance,synb1_txn_70a5b20f51f410263cb0855e,trusted,weekday_rule,base_calendar,True,337,2026-02-14,complete
2026-02-14,0.00,121021.64,3,1426057.02,last_posted_transaction_or_prior_closing_balance,synb1_txn_b38d75058d2d6520569672a5,trusted,gov_cn_2026_holiday_schedule_v1,base_calendar,True,338,2026-02-15,complete
2026-02-15,0.00,19175.72,2,1406881.30,last_posted_transaction_or_prior_closing_balance,synb1_txn_da62b816bd36a5c06823ba37,trusted,historical_transaction_override,historical_transaction_override,True,339,2026-02-17,complete
2026-02-16,0.00,0.00,0,1406881.30,last_posted_transaction_or_prior_closing_balance,,trusted,gov_cn_2026_holiday_schedule_v1,base_calendar,False,,,complete
2026-02-17,0.00,4528.05,1,1402353.25,last_posted_transaction_or_prior_closing_balance,synb1_txn_6c007a001ea415234093d569,trusted,historical_transaction_override,historical_transaction_override,True,340,2026-02-19,complete
2026-02-18,0.00,0.00,0,1402353.25,last_posted_transaction_or_prior_closing_balance,,trusted,gov_cn_2026_holiday_schedule_v1,base_calendar,False,,,complete
2026-02-19,68896.48,0.00,1,1471249.73,last_posted_transaction_or_prior_closing_balance,synb1_txn_f178479db36b49dd07903fc8,trusted,historical_transaction_override,historical_transaction_override,True,341,2026-02-20,complete
2026-02-20,0.00,4027.07,1,1467222.66,last_posted_transaction_or_prior_closing_balance,synb1_txn_025d85e624e0ece702e2d7ca,trusted,historical_transaction_override,historical_transaction_override,True,342,2026-02-22,complete
2026-02-21,0.00,0.00,0,1467222.66,last_posted_transaction_or_prior_closing_balance,,trusted,gov_cn_2026_holiday_schedule_v1,base_calendar,False,,,complete
2026-02-22,0.00,46902.58,1,1420320.08,last_posted_transaction_or_prior_closing_balance,synb1_txn_931055ff7d40da8d1c7913dd,trusted,historical_transaction_override,historical_transaction_override,True,343,2026-02-23,complete
2026-02-23,0.00,6754.75,1,1413565.33,last_posted_transaction_or_prior_closing_balance,synb1_txn_5b57e94fce757744fdd6d531,trusted,historical_transaction_override,historical_transaction_override,True,344,2026-02-24,complete
2026-02-24,0.00,0.00,0,1413565.33,last_posted_transaction_or_prior_closing_balance,,trusted,weekday_rule,base_calendar,True,345,2026-02-25,complete
2026-02-25,0.00,0.00,0,1413565.33,last_posted_transaction_or_prior_closing_balance,,trusted,weekday_rule,base_calendar,True,346,2026-02-26,complete
2026-02-26,0.00,0.00,0,1413565.33,last_posted_transaction_or_prior_closing_balance,,trusted,weekday_rule,base_calendar,True,347,2026-02-27,complete
2026-02-27,0.00,3677.81,1,1409887.52,last_posted_transaction_or_prior_closing_balance,synb1_txn_05118ce94d7c853cbe448672,trusted,weekday_rule,base_calendar,True,348,2026-02-28,complete
2026-02-28,0.00,16915.11,3,1392972.41,last_posted_transaction_or_prior_closing_balance,synb1_txn_34a524619ec1e3ac232f9563,trusted,gov_cn_2026_holiday_schedule_v1,base_calendar,True,349,2026-03-01,complete
2026-03-01,0.00,107665.07,1,1285307.34,last_posted_transaction_or_prior_closing_balance,synb1_txn_ab0af5caf75051963ee56f38,trusted,historical_transaction_override,historical_transaction_override,True,350,2026-03-02,complete
2026-03-02,0.00,4763.38,1,1280543.96,last_posted_transaction_or_prior_closing_balance,synb1_txn_2d4f860acc3a631aaaf53d48,trusted,weekday_rule,base_calendar,True,351,2026-03-03,complete
2026-03-03,0.00,0.00,0,1280543.96,last_posted_transaction_or_prior_closing_balance,,trusted,weekday_rule,base_calendar,True,352,2026-03-04,complete
2026-03-04,0.00,0.00,0,1280543.96,last_posted_transaction_or_prior_closing_balance,,trusted,weekday_rule,base_calendar,True,353,2026-03-05,complete
2026-03-05,0.00,21813.84,2,1258730.12,last_posted_transaction_or_prior_closing_balance,synb1_txn_57681af588653aff40a5fc82,trusted,weekday_rule,base_calendar,True,354,2026-03-06,complete
2026-03-06,128797.53,0.00,1,1387527.65,last_posted_transaction_or_prior_closing_balance,synb1_txn_ff8d55f151c9f0cd71909c8a,trusted,weekday_rule,base_calendar,True,355,2026-03-07,complete
2026-03-07,0.00,14749.00,1,1372778.65,last_posted_transaction_or_prior_closing_balance,synb1_txn_ca770292280ae1815b21eee7,trusted,historical_transaction_override,historical_transaction_override,True,356,2026-03-09,complete
2026-03-08,0.00,0.00,0,1372778.65,last_posted_transaction_or_prior_closing_balance,,trusted,weekday_rule,base_calendar,False,,,complete
2026-03-09,0.00,134055.03,2,1238723.62,last_posted_transaction_or_prior_closing_balance,synb1_txn_b8d1c0ff64decad532c6e789,trusted,weekday_rule,base_calendar,True,357,2026-03-10,complete
2026-03-10,0.00,0.00,0,1238723.62,last_posted_transaction_or_prior_closing_balance,,trusted,weekday_rule,base_calendar,True,358,2026-03-11,complete
2026-03-11,0.00,6357.53,1,1232366.09,last_posted_transaction_or_prior_closing_balance,synb1_txn_397bc8ca8435da194baa47f7,trusted,weekday_rule,base_calendar,True,359,2026-03-12,complete
2026-03-12,0.00,0.00,0,1232366.09,last_posted_transaction_or_prior_closing_balance,,trusted,weekday_rule,base_calendar,True,360,2026-03-13,complete
2026-03-13,0.00,0.00,0,1232366.09,last_posted_transaction_or_prior_closing_balance,,trusted,weekday_rule,base_calendar,True,361,2026-03-14,complete
2026-03-14,0.00,6826.25,1,1225539.84,last_posted_transaction_or_prior_closing_balance,synb1_txn_4c59f27e4ca9084490f1a06a,trusted,historical_transaction_override,historical_transaction_override,True,362,2026-03-15,complete
2026-03-15,0.00,3721.81,1,1221818.03,last_posted_transaction_or_prior_closing_balance,synb1_txn_def2fb1cf3e8a697c6ad9abe,trusted,historical_transaction_override,historical_transaction_override,True,363,2026-03-16,complete
2026-03-16,162842.31,4200.96,2,1380459.38,last_posted_transaction_or_prior_closing_balance,synb1_txn_491c9433f0bfc3893b1928bf,trusted,weekday_rule,base_calendar,True,364,2026-03-17,complete
2026-03-17,289910.01,13910.84,3,1656458.55,last_posted_transaction_or_prior_closing_balance,synb1_txn_99f139d1c05762af40dfe0c2,trusted,weekday_rule,base_calendar,True,365,2026-03-18,complete
2026-03-18,0.00,0.00,0,1656458.55,last_posted_transaction_or_prior_closing_balance,,trusted,weekday_rule,base_calendar,True,366,2026-03-19,complete
2026-03-19,0.00,131444.48,1,1525014.07,last_posted_transaction_or_prior_closing_balance,synb1_txn_1fe44f14727cbedeb27a99fb,trusted,weekday_rule,base_calendar,True,367,2026-03-20,complete
2026-03-20,0.00,0.00,0,1525014.07,last_posted_transaction_or_prior_closing_balance,,trusted,weekday_rule,base_calendar,True,368,2026-03-23,complete
2026-03-21,0.00,0.00,0,1525014.07,last_posted_transaction_or_prior_closing_balance,,trusted,weekday_rule,base_calendar,False,,,complete
2026-03-22,0.00,0.00,0,1525014.07,last_posted_transaction_or_prior_closing_balance,,trusted,weekday_rule,base_calendar,False,,,complete
2026-03-23,0.00,0.00,0,1525014.07,last_posted_transaction_or_prior_closing_balance,,trusted,weekday_rule,base_calendar,True,369,2026-03-24,complete
2026-03-24,0.00,0.00,0,1525014.07,last_posted_transaction_or_prior_closing_balance,,trusted,weekday_rule,base_calendar,True,370,2026-03-25,complete
2026-03-25,0.00,0.00,0,1525014.07,last_posted_transaction_or_prior_closing_balance,,trusted,weekday_rule,base_calendar,True,371,2026-03-26,complete
2026-03-26,0.00,0.00,0,1525014.07,last_posted_transaction_or_prior_closing_balance,,trusted,weekday_rule,base_calendar,True,372,2026-03-27,complete
2026-03-27,0.00,0.00,0,1525014.07,last_posted_transaction_or_prior_closing_balance,,trusted,weekday_rule,base_calendar,True,373,2026-03-30,complete
2026-03-28,0.00,0.00,0,1525014.07,last_posted_transaction_or_prior_closing_balance,,trusted,weekday_rule,base_calendar,False,,,complete
2026-03-29,0.00,0.00,0,1525014.07,last_posted_transaction_or_prior_closing_balance,,trusted,weekday_rule,base_calendar,False,,,complete
2026-03-30,0.00,147434.78,6,1377579.29,last_posted_transaction_or_prior_closing_balance,synb1_txn_9c6283c0597084bae0f01c7c,trusted,weekday_rule,base_calendar,True,374,2026-03-31,complete
2026-03-31,0.00,0.00,0,1377579.29,last_posted_transaction_or_prior_closing_balance,,trusted,weekday_rule,base_calendar,True,375,2026-04-01,complete
2026-04-01,494581.13,0.00,2,1872160.42,last_posted_transaction_or_prior_closing_balance,synb1_txn_caf81a49c4d98658e61f53ad,trusted,weekday_rule,base_calendar,True,376,2026-04-02,complete
2026-04-02,0.00,174681.58,1,1697478.84,last_posted_transaction_or_prior_closing_balance,synb1_txn_360250fe86f5b60cee024c3a,trusted,weekday_rule,base_calendar,True,377,2026-04-03,complete
2026-04-03,0.00,0.00,0,1697478.84,last_posted_transaction_or_prior_closing_balance,,trusted,weekday_rule,base_calendar,True,378,2026-04-04,complete
2026-04-04,0.00,20972.13,2,1676506.71,last_posted_transaction_or_prior_closing_balance,synb1_txn_1dcf5fb3cd8a8d78d656c272,trusted,historical_transaction_override,historical_transaction_override,True,379,2026-04-06,complete
2026-04-05,0.00,0.00,0,1676506.71,last_posted_transaction_or_prior_closing_balance,,trusted,gov_cn_2026_holiday_schedule_v1,base_calendar,False,,,complete
2026-04-06,219506.65,186460.69,3,1709552.67,last_posted_transaction_or_prior_closing_balance,synb1_txn_4544f9afcc229cbc428628b2,trusted,historical_transaction_override,historical_transaction_override,True,380,2026-04-07,complete
2026-04-07,271258.77,0.00,1,1980811.44,last_posted_transaction_or_prior_closing_balance,synb1_txn_336359e3e6a874a6266e5b6a,trusted,weekday_rule,base_calendar,True,381,2026-04-08,complete
2026-04-08,0.00,0.00,0,1980811.44,last_posted_transaction_or_prior_closing_balance,,trusted,weekday_rule,base_calendar,True,382,2026-04-09,complete
2026-04-09,0.00,0.00,0,1980811.44,last_posted_transaction_or_prior_closing_balance,,trusted,weekday_rule,base_calendar,True,383,2026-04-10,complete
2026-04-10,0.00,3499.41,1,1977312.03,last_posted_transaction_or_prior_closing_balance,synb1_txn_e466f5ca08e37db05ce7849b,trusted,weekday_rule,base_calendar,True,384,2026-04-12,complete
2026-04-11,0.00,0.00,0,1977312.03,last_posted_transaction_or_prior_closing_balance,,trusted,weekday_rule,base_calendar,False,,,complete
2026-04-12,0.00,7141.09,1,1970170.94,last_posted_transaction_or_prior_closing_balance,synb1_txn_63e5ef35cf66168b1bd27fae,trusted,historical_transaction_override,historical_transaction_override,True,385,2026-04-13,complete
2026-04-13,0.00,16431.82,1,1953739.12,last_posted_transaction_or_prior_closing_balance,synb1_txn_f5c89fe5972503aa4c9127aa,trusted,weekday_rule,base_calendar,True,386,2026-04-14,complete
2026-04-14,0.00,206277.60,2,1747461.52,last_posted_transaction_or_prior_closing_balance,synb1_txn_80f0c40226c83ee4641984a5,trusted,weekday_rule,base_calendar,True,387,2026-04-15,complete
2026-04-15,0.00,3856.81,1,1743604.71,last_posted_transaction_or_prior_closing_balance,synb1_txn_f549317b96d9586806536870,trusted,weekday_rule,base_calendar,True,388,2026-04-16,complete
2026-04-16,0.00,4821.98,1,1738782.73,last_posted_transaction_or_prior_closing_balance,synb1_txn_d23b84361e1a319211e8c6cc,trusted,weekday_rule,base_calendar,True,389,2026-04-17,complete
2026-04-17,0.00,0.00,0,1738782.73,last_posted_transaction_or_prior_closing_balance,,trusted,weekday_rule,base_calendar,True,390,2026-04-20,complete
2026-04-18,0.00,0.00,0,1738782.73,last_posted_transaction_or_prior_closing_balance,,trusted,weekday_rule,base_calendar,False,,,complete
2026-04-19,0.00,0.00,0,1738782.73,last_posted_transaction_or_prior_closing_balance,,trusted,weekday_rule,base_calendar,False,,,complete
2026-04-20,0.00,0.00,0,1738782.73,last_posted_transaction_or_prior_closing_balance,,trusted,weekday_rule,base_calendar,True,391,2026-04-21,complete
2026-04-21,0.00,0.00,0,1738782.73,last_posted_transaction_or_prior_closing_balance,,trusted,weekday_rule,base_calendar,True,392,2026-04-22,complete
2026-04-22,0.00,0.00,0,1738782.73,last_posted_transaction_or_prior_closing_balance,,trusted,weekday_rule,base_calendar,True,393,2026-04-23,complete
2026-04-23,0.00,209032.68,1,1529750.05,last_posted_transaction_or_prior_closing_balance,synb1_txn_f0e314f0d6c7432b142f6fe1,trusted,weekday_rule,base_calendar,True,394,2026-04-24,complete
2026-04-24,0.00,5036.96,1,1524713.09,last_posted_transaction_or_prior_closing_balance,synb1_txn_03ae894e7937b0e63c1eb01a,trusted,weekday_rule,base_calendar,True,395,2026-04-27,complete
2026-04-25,0.00,0.00,0,1524713.09,last_posted_transaction_or_prior_closing_balance,,trusted,weekday_rule,base_calendar,False,,,complete
2026-04-26,0.00,0.00,0,1524713.09,last_posted_transaction_or_prior_closing_balance,,trusted,weekday_rule,base_calendar,False,,,complete
2026-04-27,0.00,0.00,0,1524713.09,last_posted_transaction_or_prior_closing_balance,,trusted,weekday_rule,base_calendar,True,396,2026-04-28,complete
2026-04-28,0.00,43330.97,4,1481382.12,last_posted_transaction_or_prior_closing_balance,synb1_txn_af195f575ff6917fb310e4aa,trusted,weekday_rule,base_calendar,True,397,2026-04-29,complete
2026-04-29,0.00,0.00,0,1481382.12,last_posted_transaction_or_prior_closing_balance,,trusted,weekday_rule,base_calendar,True,398,2026-04-30,complete
2026-04-30,0.00,5041.14,1,1476340.98,last_posted_transaction_or_prior_closing_balance,synb1_txn_ca3839014969332c16cd60e2,trusted,weekday_rule,base_calendar,True,399,2026-05-02,complete
2026-05-01,0.00,0.00,0,1476340.98,last_posted_transaction_or_prior_closing_balance,,trusted,gov_cn_2026_holiday_schedule_v1,base_calendar,False,,,complete
2026-05-02,0.00,15277.98,3,1461063.00,last_posted_transaction_or_prior_closing_balance,synb1_txn_64096f25cbd5415f2182078a,trusted,historical_transaction_override,historical_transaction_override,True,400,2026-05-06,complete
2026-05-03,0.00,0.00,0,1461063.00,last_posted_transaction_or_prior_closing_balance,,trusted,gov_cn_2026_holiday_schedule_v1,base_calendar,False,,,complete
2026-05-04,0.00,0.00,0,1461063.00,last_posted_transaction_or_prior_closing_balance,,trusted,gov_cn_2026_holiday_schedule_v1,base_calendar,False,,,complete
2026-05-05,0.00,0.00,0,1461063.00,last_posted_transaction_or_prior_closing_balance,,trusted,gov_cn_2026_holiday_schedule_v1,base_calendar,False,,,complete
2026-05-06,0.00,0.00,0,1461063.00,last_posted_transaction_or_prior_closing_balance,,trusted,weekday_rule,base_calendar,True,401,2026-05-07,complete
2026-05-07,0.00,0.00,0,1461063.00,last_posted_transaction_or_prior_closing_balance,,trusted,weekday_rule,base_calendar,True,402,2026-05-08,complete
2026-05-08,0.00,0.00,0,1461063.00,last_posted_transaction_or_prior_closing_balance,,trusted,weekday_rule,base_calendar,True,403,2026-05-09,complete
2026-05-09,0.00,3634.51,1,1457428.49,last_posted_transaction_or_prior_closing_balance,synb1_txn_286ecc3659798a967673fc77,trusted,gov_cn_2026_holiday_schedule_v1,base_calendar,True,404,2026-05-11,complete
2026-05-10,0.00,0.00,0,1457428.49,last_posted_transaction_or_prior_closing_balance,,trusted,weekday_rule,base_calendar,False,,,complete
2026-05-11,0.00,0.00,0,1457428.49,last_posted_transaction_or_prior_closing_balance,,trusted,weekday_rule,base_calendar,True,405,2026-05-12,complete
2026-05-12,0.00,0.00,0,1457428.49,last_posted_transaction_or_prior_closing_balance,,trusted,weekday_rule,base_calendar,True,406,2026-05-13,complete
2026-05-13,0.00,20964.95,2,1436463.54,last_posted_transaction_or_prior_closing_balance,synb1_txn_bf6330791fd3a8769498e823,trusted,weekday_rule,base_calendar,True,407,2026-05-14,complete
2026-05-14,0.00,0.00,0,1436463.54,last_posted_transaction_or_prior_closing_balance,,trusted,weekday_rule,base_calendar,True,408,2026-05-15,complete
2026-05-15,0.00,0.00,0,1436463.54,last_posted_transaction_or_prior_closing_balance,,trusted,weekday_rule,base_calendar,True,409,2026-05-16,complete
2026-05-16,391638.41,0.00,2,1828101.95,last_posted_transaction_or_prior_closing_balance,synb1_txn_5adceeedb549447e311b186f,trusted,historical_transaction_override,historical_transaction_override,True,410,2026-05-18,complete
2026-05-17,0.00,0.00,0,1828101.95,last_posted_transaction_or_prior_closing_balance,,trusted,weekday_rule,base_calendar,False,,,complete
2026-05-18,197832.91,0.00,1,2025934.86,last_posted_transaction_or_prior_closing_balance,synb1_txn_3686480f23affeaa4fdd594c,trusted,weekday_rule,base_calendar,True,411,2026-05-19,complete
2026-05-19,0.00,17513.35,1,2008421.51,last_posted_transaction_or_prior_closing_balance,synb1_txn_51f28493b572069670146523,trusted,weekday_rule,base_calendar,True,412,2026-05-20,complete
2026-05-20,0.00,7019.77,1,2001401.74,last_posted_transaction_or_prior_closing_balance,synb1_txn_9af611332f7c322b4e8a0068,trusted,weekday_rule,base_calendar,True,413,2026-05-21,complete
2026-05-21,0.00,0.00,0,2001401.74,last_posted_transaction_or_prior_closing_balance,,trusted,weekday_rule,base_calendar,True,414,2026-05-22,complete
2026-05-22,0.00,143153.58,1,1858248.16,last_posted_transaction_or_prior_closing_balance,synb1_txn_cfb2da49c1deb3d2682f7cf5,trusted,weekday_rule,base_calendar,True,415,2026-05-24,complete
2026-05-23,0.00,0.00,0,1858248.16,last_posted_transaction_or_prior_closing_balance,,trusted,weekday_rule,base_calendar,False,,,complete
2026-05-24,0.00,166530.82,2,1691717.34,last_posted_transaction_or_prior_closing_balance,synb1_txn_6691579a8853f2ff69257af6,trusted,historical_transaction_override,historical_transaction_override,True,416,2026-05-25,complete
2026-05-25,153565.44,0.00,1,1845282.78,last_posted_transaction_or_prior_closing_balance,synb1_txn_1008627e087af55a4d5aeb80,trusted,weekday_rule,base_calendar,True,417,2026-05-26,complete
2026-05-26,0.00,165279.81,1,1680002.97,last_posted_transaction_or_prior_closing_balance,synb1_txn_99f4caf804e746c9d0e945f3,trusted,weekday_rule,base_calendar,True,418,2026-05-27,complete
2026-05-27,0.00,0.00,0,1680002.97,last_posted_transaction_or_prior_closing_balance,,trusted,weekday_rule,base_calendar,True,419,2026-05-28,complete
2026-05-28,0.00,36431.35,4,1643571.62,last_posted_transaction_or_prior_closing_balance,synb1_txn_06a3085d423a4074c2dbbb96,trusted,weekday_rule,base_calendar,True,420,2026-05-29,complete
2026-05-29,0.00,154732.66,2,1488838.96,last_posted_transaction_or_prior_closing_balance,synb1_txn_61bb555a24ff6145d17467d3,trusted,weekday_rule,base_calendar,True,421,2026-05-30,complete
2026-05-30,0.00,17769.82,1,1471069.14,last_posted_transaction_or_prior_closing_balance,synb1_txn_dc985f32c73d8ffb4b8f35b5,trusted,historical_transaction_override,historical_transaction_override,True,422,2026-06-01,complete
2026-05-31,0.00,0.00,0,1471069.14,last_posted_transaction_or_prior_closing_balance,,trusted,weekday_rule,base_calendar,False,,,complete
2026-06-01,0.00,14216.31,1,1456852.83,last_posted_transaction_or_prior_closing_balance,synb1_txn_22efc5b625cc2c9008af02c7,trusted,weekday_rule,base_calendar,True,423,2026-06-02,complete
2026-06-02,0.00,3982.12,1,1452870.71,last_posted_transaction_or_prior_closing_balance,synb1_txn_770009c1862dfb48147d548d,trusted,weekday_rule,base_calendar,True,424,2026-06-03,complete
2026-06-03,0.00,0.00,0,1452870.71,last_posted_transaction_or_prior_closing_balance,,trusted,weekday_rule,base_calendar,True,425,2026-06-04,complete
2026-06-04,0.00,16704.71,1,1436166.00,last_posted_transaction_or_prior_closing_balance,synb1_txn_67cd3cb99df90703248e142c,trusted,weekday_rule,base_calendar,True,426,2026-06-05,complete
2026-06-05,0.00,0.00,0,1436166.00,last_posted_transaction_or_prior_closing_balance,,trusted,weekday_rule,base_calendar,True,427,2026-06-06,complete
2026-06-06,216931.63,0.00,1,1653097.63,last_posted_transaction_or_prior_closing_balance,synb1_txn_c5439d56beb714760f1cdb0d,trusted,historical_transaction_override,historical_transaction_override,True,428,2026-06-08,complete
2026-06-07,0.00,0.00,0,1653097.63,last_posted_transaction_or_prior_closing_balance,,trusted,weekday_rule,base_calendar,False,,,complete
2026-06-08,0.00,13879.65,1,1639217.98,last_posted_transaction_or_prior_closing_balance,synb1_txn_fd7aa6e32e9cf9a5ec154c2d,trusted,weekday_rule,base_calendar,True,429,2026-06-09,complete
2026-06-09,0.00,0.00,0,1639217.98,last_posted_transaction_or_prior_closing_balance,,trusted,weekday_rule,base_calendar,True,430,2026-06-10,complete
2026-06-10,0.00,0.00,0,1639217.98,last_posted_transaction_or_prior_closing_balance,,trusted,weekday_rule,base_calendar,True,431,2026-06-11,complete
2026-06-11,246145.81,0.00,1,1885363.79,last_posted_transaction_or_prior_closing_balance,synb1_txn_ec1c87d4772821b509daafcf,trusted,weekday_rule,base_calendar,True,432,2026-06-12,complete
2026-06-12,0.00,7707.53,1,1877656.26,last_posted_transaction_or_prior_closing_balance,synb1_txn_af7cd36c669fef9f1df10174,trusted,weekday_rule,base_calendar,True,433,2026-06-13,complete
2026-06-13,0.00,153658.74,1,1723997.52,last_posted_transaction_or_prior_closing_balance,synb1_txn_5d3e3b6e52ced5df187109ac,trusted,historical_transaction_override,historical_transaction_override,True,434,2026-06-14,complete
2026-06-14,174033.57,0.00,1,1898031.09,last_posted_transaction_or_prior_closing_balance,synb1_txn_196d4c02267d95e848724944,trusted,historical_transaction_override,historical_transaction_override,True,435,2026-06-15,complete
2026-06-15,0.00,8681.61,2,1889349.48,last_posted_transaction_or_prior_closing_balance,synb1_txn_78219b35e4563ea6fd4ef457,trusted,weekday_rule,base_calendar,True,436,2026-06-16,complete
2026-06-16,0.00,145565.39,1,1743784.09,last_posted_transaction_or_prior_closing_balance,synb1_txn_6f5f7d683e8040c4bd67c78d,trusted,weekday_rule,base_calendar,True,437,2026-06-17,complete
2026-06-17,0.00,0.00,0,1743784.09,last_posted_transaction_or_prior_closing_balance,,trusted,weekday_rule,base_calendar,True,438,2026-06-18,complete
2026-06-18,0.00,186506.15,4,1557277.94,last_posted_transaction_or_prior_closing_balance,synb1_txn_15367b3025366428eb55c79e,trusted,weekday_rule,base_calendar,True,439,2026-06-21,complete
2026-06-19,0.00,0.00,0,1557277.94,last_posted_transaction_or_prior_closing_balance,,trusted,gov_cn_2026_holiday_schedule_v1,base_calendar,False,,,complete
2026-06-20,0.00,0.00,0,1557277.94,last_posted_transaction_or_prior_closing_balance,,trusted,gov_cn_2026_holiday_schedule_v1,base_calendar,False,,,complete
2026-06-21,0.00,152443.91,1,1404834.03,last_posted_transaction_or_prior_closing_balance,synb1_txn_920791798616c1230cfb2152,trusted,historical_transaction_override,historical_transaction_override,True,440,2026-06-22,complete
2026-06-22,0.00,0.00,0,1404834.03,last_posted_transaction_or_prior_closing_balance,,trusted,weekday_rule,base_calendar,True,441,2026-06-23,complete
2026-06-23,0.00,0.00,0,1404834.03,last_posted_transaction_or_prior_closing_balance,,trusted,weekday_rule,base_calendar,True,442,2026-06-24,complete
2026-06-24,0.00,0.00,0,1404834.03,last_posted_transaction_or_prior_closing_balance,,trusted,weekday_rule,base_calendar,True,443,2026-06-25,complete
2026-06-25,0.00,0.00,0,1404834.03,last_posted_transaction_or_prior_closing_balance,,trusted,weekday_rule,base_calendar,True,444,2026-06-26,complete
2026-06-26,0.00,0.00,0,1404834.03,last_posted_transaction_or_prior_closing_balance,,trusted,weekday_rule,base_calendar,True,445,2026-06-27,complete
2026-06-27,170545.93,5709.59,2,1569670.37,last_posted_transaction_or_prior_closing_balance,synb1_txn_f78e4d21607758ef553d81b4,trusted,historical_transaction_override,historical_transaction_override,True,446,2026-06-29,complete
2026-06-28,0.00,0.00,0,1569670.37,last_posted_transaction_or_prior_closing_balance,,trusted,weekday_rule,base_calendar,False,,,complete
2026-06-29,0.00,41054.16,4,1528616.21,last_posted_transaction_or_prior_closing_balance,synb1_txn_159418cba11871855f00d02d,trusted,weekday_rule,base_calendar,True,447,2026-06-30,complete
2026-06-30,0.00,0.00,0,1528616.21,last_posted_transaction_or_prior_closing_balance,,trusted,weekday_rule,base_calendar,True,448,2026-07-01,complete
2026-07-01,0.00,0.00,0,1528616.21,last_posted_transaction_or_prior_closing_balance,,trusted,weekday_rule,base_calendar,True,449,2026-07-02,complete
2026-07-02,0.00,0.00,0,1528616.21,last_posted_transaction_or_prior_closing_balance,,trusted,weekday_rule,base_calendar,True,450,2026-07-03,complete
2026-07-03,0.00,0.00,0,1528616.21,last_posted_transaction_or_prior_closing_balance,,trusted,weekday_rule,base_calendar,True,451,2026-07-06,complete
2026-07-04,0.00,0.00,0,1528616.21,last_posted_transaction_or_prior_closing_balance,,trusted,weekday_rule,base_calendar,False,,,complete
2026-07-05,0.00,0.00,0,1528616.21,last_posted_transaction_or_prior_closing_balance,,trusted,weekday_rule,base_calendar,False,,,complete
2026-07-06,0.00,0.00,0,1528616.21,last_posted_transaction_or_prior_closing_balance,,trusted,weekday_rule,base_calendar,True,452,2026-07-07,complete
2026-07-07,0.00,17891.01,1,1510725.20,last_posted_transaction_or_prior_closing_balance,synb1_txn_29eee9609dce86ecd69dbf83,trusted,weekday_rule,base_calendar,True,453,2026-07-08,complete
2026-07-08,0.00,17224.03,2,1493501.17,last_posted_transaction_or_prior_closing_balance,synb1_txn_8d927622817d09d982d67626,trusted,weekday_rule,base_calendar,True,454,2026-07-09,complete
2026-07-09,0.00,16411.78,1,1477089.39,last_posted_transaction_or_prior_closing_balance,synb1_txn_6017f7d24f242c3d6c996d97,trusted,weekday_rule,base_calendar,True,455,2026-07-10,complete
2026-07-10,0.00,0.00,0,1477089.39,last_posted_transaction_or_prior_closing_balance,,trusted,weekday_rule,base_calendar,True,456,2026-07-11,complete
2026-07-11,0.00,3984.01,1,1473105.38,last_posted_transaction_or_prior_closing_balance,synb1_txn_c7835692122b2815d49f99ca,trusted,historical_transaction_override,historical_transaction_override,True,457,2026-07-13,complete
2026-07-12,0.00,0.00,0,1473105.38,last_posted_transaction_or_prior_closing_balance,,trusted,weekday_rule,base_calendar,False,,,complete
2026-07-13,0.00,0.00,0,1473105.38,last_posted_transaction_or_prior_closing_balance,,trusted,weekday_rule,base_calendar,True,458,2026-07-14,complete
2026-07-14,225155.93,0.00,1,1698261.31,last_posted_transaction_or_prior_closing_balance,synb1_txn_6d8b40a0f9179b7136a984da,trusted,weekday_rule,base_calendar,True,459,2026-07-15,complete
2026-07-15,208689.18,0.00,1,1906950.49,last_posted_transaction_or_prior_closing_balance,synb1_txn_85d984e274cf6a32e0af3b00,trusted,weekday_rule,base_calendar,True,460,2026-07-16,complete
2026-07-16,0.00,0.00,0,1906950.49,last_posted_transaction_or_prior_closing_balance,,trusted,weekday_rule,base_calendar,True,461,2026-07-17,complete
2026-07-17,0.00,5466.09,1,1901484.40,last_posted_transaction_or_prior_closing_balance,synb1_txn_293d87b121451092f30e08e4,trusted,weekday_rule,base_calendar,True,462,2026-07-18,complete
2026-07-18,0.00,201967.75,1,1699516.65,last_posted_transaction_or_prior_closing_balance,synb1_txn_7c95b0d7d6a0024c81981f9a,trusted,historical_transaction_override,historical_transaction_override,True,463,2026-07-20,complete
2026-07-19,0.00,0.00,0,1699516.65,last_posted_transaction_or_prior_closing_balance,,trusted,weekday_rule,base_calendar,False,,,complete
2026-07-20,219913.85,0.00,1,1919430.50,last_posted_transaction_or_prior_closing_balance,synb1_txn_f4e435b885db4d7fdc9979d8,trusted,weekday_rule,base_calendar,True,464,2026-07-21,complete
2026-07-21,0.00,0.00,0,1919430.50,last_posted_transaction_or_prior_closing_balance,,trusted,weekday_rule,base_calendar,True,465,2026-07-22,complete
2026-07-22,0.00,0.00,0,1919430.50,last_posted_transaction_or_prior_closing_balance,,trusted,weekday_rule,base_calendar,True,466,2026-07-23,complete
2026-07-23,0.00,151679.28,1,1767751.22,last_posted_transaction_or_prior_closing_balance,synb1_txn_4847b13dbd4858e1cc82e0bb,trusted,weekday_rule,base_calendar,True,467,2026-07-24,complete
2026-07-24,0.00,0.00,0,1767751.22,last_posted_transaction_or_prior_closing_balance,,trusted,weekday_rule,base_calendar,True,468,2026-07-25,complete
2026-07-25,0.00,6361.16,1,1761390.06,last_posted_transaction_or_prior_closing_balance,synb1_txn_53947853ea8d2698307d3832,trusted,historical_transaction_override,historical_transaction_override,True,469,2026-07-26,complete
2026-07-26,0.00,205934.78,2,1555455.28,last_posted_transaction_or_prior_closing_balance,synb1_txn_f3d55316930958cfa913ff75,trusted,historical_transaction_override,historical_transaction_override,True,470,2026-07-27,complete
2026-07-27,0.00,172527.83,3,1382927.45,last_posted_transaction_or_prior_closing_balance,synb1_txn_c8232f1a028d75f8c12a4b62,trusted,weekday_rule,base_calendar,True,471,2026-07-28,complete
2026-07-28,0.00,43876.64,4,1339050.81,last_posted_transaction_or_prior_closing_balance,synb1_txn_992208b6a0d38b7ef2885f30,trusted,weekday_rule,base_calendar,True,472,2026-07-29,complete
2026-07-29,0.00,0.00,0,1339050.81,last_posted_transaction_or_prior_closing_balance,,trusted,weekday_rule,base_calendar,True,473,2026-07-30,complete
2026-07-30,0.00,0.00,0,1339050.81,last_posted_transaction_or_prior_closing_balance,,trusted,weekday_rule,base_calendar,True,474,2026-07-31,complete
2026-07-31,186239.84,6823.34,2,1518467.31,last_posted_transaction_or_prior_closing_balance,synb1_txn_5feaad78559f8d7a85638d0b,trusted,weekday_rule,base_calendar,True,475,2026-08-03,complete
2026-08-01,0.00,0.00,0,1518467.31,last_posted_transaction_or_prior_closing_balance,,trusted,weekday_rule,base_calendar,False,,,complete
2026-08-02,0.00,0.00,0,1518467.31,last_posted_transaction_or_prior_closing_balance,,trusted,weekday_rule,base_calendar,False,,,complete
2026-08-03,195576.40,0.00,1,1714043.71,last_posted_transaction_or_prior_closing_balance,synb1_txn_d1118f00aa43e0450d330bd5,trusted,weekday_rule,base_calendar,True,476,2026-08-04,complete
2026-08-04,0.00,0.00,0,1714043.71,last_posted_transaction_or_prior_closing_balance,,trusted,weekday_rule,base_calendar,True,477,2026-08-05,complete
2026-08-05,173640.90,17758.83,2,1869925.78,last_posted_transaction_or_prior_closing_balance,synb1_txn_9067d3485f4c37224a81b21e,trusted,weekday_rule,base_calendar,True,478,2026-08-06,complete
2026-08-06,0.00,0.00,0,1869925.78,last_posted_transaction_or_prior_closing_balance,,trusted,weekday_rule,base_calendar,True,479,2026-08-07,complete
2026-08-07,0.00,0.00,0,1869925.78,last_posted_transaction_or_prior_closing_balance,,trusted,weekday_rule,base_calendar,True,480,2026-08-08,complete
2026-08-08,0.00,11451.44,2,1858474.34,last_posted_transaction_or_prior_closing_balance,synb1_txn_a6b29cc7ca847c4dd943fd36,trusted,historical_transaction_override,historical_transaction_override,True,481,2026-08-09,complete
2026-08-09,0.00,20745.59,2,1837728.75,last_posted_transaction_or_prior_closing_balance,synb1_txn_9d9e59677dcb7598e1147d70,trusted,historical_transaction_override,historical_transaction_override,True,482,2026-08-10,complete
2026-08-10,0.00,145828.78,2,1691899.97,last_posted_transaction_or_prior_closing_balance,synb1_txn_ab29877e8a7d14efcb0d7cdd,trusted,weekday_rule,base_calendar,True,483,2026-08-11,complete
2026-08-11,0.00,15414.77,1,1676485.20,last_posted_transaction_or_prior_closing_balance,synb1_txn_d9347d428bfd3d16be6a72f2,trusted,weekday_rule,base_calendar,True,484,2026-08-12,complete
2026-08-12,0.00,0.00,0,1676485.20,last_posted_transaction_or_prior_closing_balance,,trusted,weekday_rule,base_calendar,True,485,2026-08-13,complete
2026-08-13,0.00,7259.62,1,1669225.58,last_posted_transaction_or_prior_closing_balance,synb1_txn_ee1355ead39f03183fe2e64e,trusted,weekday_rule,base_calendar,True,486,2026-08-14,complete
2026-08-14,0.00,0.00,0,1669225.58,last_posted_transaction_or_prior_closing_balance,,trusted,weekday_rule,base_calendar,True,487,2026-08-17,complete
2026-08-15,0.00,0.00,0,1669225.58,last_posted_transaction_or_prior_closing_balance,,trusted,weekday_rule,base_calendar,False,,,complete
2026-08-16,0.00,0.00,0,1669225.58,last_posted_transaction_or_prior_closing_balance,,trusted,weekday_rule,base_calendar,False,,,complete
2026-08-17,0.00,166884.09,1,1502341.49,last_posted_transaction_or_prior_closing_balance,synb1_txn_009cd8ea0c6a677d15cfd940,trusted,weekday_rule,base_calendar,True,488,2026-08-18,complete
2026-08-18,0.00,0.00,0,1502341.49,last_posted_transaction_or_prior_closing_balance,,trusted,weekday_rule,base_calendar,True,489,2026-08-19,complete
2026-08-19,0.00,4788.37,1,1497553.12,last_posted_transaction_or_prior_closing_balance,synb1_txn_794dce03e37d2b68acde457c,trusted,weekday_rule,base_calendar,True,490,2026-08-20,complete
2026-08-20,0.00,0.00,0,1497553.12,last_posted_transaction_or_prior_closing_balance,,trusted,weekday_rule,base_calendar,True,491,2026-08-21,complete
2026-08-21,0.00,3416.07,1,1494137.05,last_posted_transaction_or_prior_closing_balance,synb1_txn_7c268a7d716a0c2614ee1c27,trusted,weekday_rule,base_calendar,True,492,2026-08-24,complete
2026-08-22,0.00,0.00,0,1494137.05,last_posted_transaction_or_prior_closing_balance,,trusted,weekday_rule,base_calendar,False,,,complete
2026-08-23,0.00,0.00,0,1494137.05,last_posted_transaction_or_prior_closing_balance,,trusted,weekday_rule,base_calendar,False,,,complete
2026-08-24,0.00,14983.12,1,1479153.93,last_posted_transaction_or_prior_closing_balance,synb1_txn_76e8b3ee30288239263b05bc,trusted,weekday_rule,base_calendar,True,493,2026-08-25,complete
2026-08-25,226970.72,0.00,1,1706124.65,last_posted_transaction_or_prior_closing_balance,synb1_txn_04f1dd840eba758e27a7f229,trusted,weekday_rule,base_calendar,True,494,2026-08-26,complete
2026-08-26,0.00,0.00,0,1706124.65,last_posted_transaction_or_prior_closing_balance,,trusted,weekday_rule,base_calendar,True,495,2026-08-27,complete
2026-08-27,0.00,0.00,0,1706124.65,last_posted_transaction_or_prior_closing_balance,,trusted,weekday_rule,base_calendar,True,496,2026-08-28,complete
2026-08-28,0.00,32622.72,3,1673501.93,last_posted_transaction_or_prior_closing_balance,synb1_txn_483b8dd23e2fde84b46497bc,trusted,weekday_rule,base_calendar,True,497,2026-08-29,complete
2026-08-29,179190.60,314919.99,3,1537772.54,last_posted_transaction_or_prior_closing_balance,synb1_txn_8180271c12063e9a9a2024b6,trusted,historical_transaction_override,historical_transaction_override,True,498,2026-08-30,complete
2026-08-30,0.00,6051.49,1,1531721.05,last_posted_transaction_or_prior_closing_balance,synb1_txn_adb6636128a919e4c142c68e,trusted,historical_transaction_override,historical_transaction_override,True,499,2026-08-31,complete
2026-08-31,0.00,0.00,0,1531721.05,last_posted_transaction_or_prior_closing_balance,,trusted,weekday_rule,base_calendar,True,500,2026-09-01,complete
2026-09-01,0.00,3877.37,1,1527843.68,last_posted_transaction_or_prior_closing_balance,synb1_txn_58f9eaf0119d1bf76a5392f6,trusted,weekday_rule,base_calendar,True,501,2026-09-02,complete
2026-09-02,0.00,5571.09,1,1522272.59,last_posted_transaction_or_prior_closing_balance,synb1_txn_88765da27f879f064f05b1f9,trusted,weekday_rule,base_calendar,True,502,2026-09-03,complete
2026-09-03,0.00,0.00,0,1522272.59,last_posted_transaction_or_prior_closing_balance,,trusted,weekday_rule,base_calendar,True,503,2026-09-04,complete
2026-09-04,0.00,0.00,0,1522272.59,last_posted_transaction_or_prior_closing_balance,,trusted,weekday_rule,base_calendar,True,504,2026-09-07,complete
2026-09-05,0.00,0.00,0,1522272.59,last_posted_transaction_or_prior_closing_balance,,trusted,weekday_rule,base_calendar,False,,,complete
2026-09-06,0.00,0.00,0,1522272.59,last_posted_transaction_or_prior_closing_balance,,trusted,weekday_rule,base_calendar,False,,,complete
2026-09-07,0.00,0.00,0,1522272.59,last_posted_transaction_or_prior_closing_balance,,trusted,weekday_rule,base_calendar,True,505,2026-09-08,complete
2026-09-08,0.00,0.00,0,1522272.59,last_posted_transaction_or_prior_closing_balance,,trusted,weekday_rule,base_calendar,True,506,2026-09-09,complete
2026-09-09,0.00,0.00,0,1522272.59,last_posted_transaction_or_prior_closing_balance,,trusted,weekday_rule,base_calendar,True,507,2026-09-10,complete
2026-09-10,0.00,0.00,0,1522272.59,last_posted_transaction_or_prior_closing_balance,,trusted,weekday_rule,base_calendar,True,508,2026-09-11,complete
2026-09-11,0.00,4120.80,1,1518151.79,last_posted_transaction_or_prior_closing_balance,synb1_txn_6cf415a895bbf4d69ffee8d5,trusted,weekday_rule,base_calendar,True,509,2026-09-13,complete
2026-09-12,0.00,0.00,0,1518151.79,last_posted_transaction_or_prior_closing_balance,,trusted,weekday_rule,base_calendar,False,,,complete
2026-09-13,195074.25,15262.77,2,1697963.27,last_posted_transaction_or_prior_closing_balance,synb1_txn_9071e35b051673b50f1d873d,trusted,historical_transaction_override,historical_transaction_override,True,510,2026-09-14,complete
2026-09-14,0.00,13994.56,1,1683968.71,last_posted_transaction_or_prior_closing_balance,synb1_txn_0e8c2d99eccb5736c60344cd,trusted,weekday_rule,base_calendar,True,511,2026-09-15,complete
2026-09-15,0.00,0.00,0,1683968.71,last_posted_transaction_or_prior_closing_balance,,trusted,weekday_rule,base_calendar,True,512,2026-09-16,complete
2026-09-16,0.00,18333.36,1,1665635.35,last_posted_transaction_or_prior_closing_balance,synb1_txn_b84ecfc198d53b18fd16f244,trusted,weekday_rule,base_calendar,True,513,2026-09-17,complete
2026-09-17,0.00,0.00,0,1665635.35,last_posted_transaction_or_prior_closing_balance,,trusted,weekday_rule,base_calendar,True,514,2026-09-18,complete
2026-09-18,0.00,0.00,0,1665635.35,last_posted_transaction_or_prior_closing_balance,,trusted,weekday_rule,base_calendar,True,515,2026-09-19,complete
2026-09-19,0.00,15949.31,1,1649686.04,last_posted_transaction_or_prior_closing_balance,synb1_txn_ba8b4541e85f72ee9a210978,trusted,historical_transaction_override,historical_transaction_override,True,516,2026-09-20,complete
2026-09-20,0.00,0.00,0,1649686.04,last_posted_transaction_or_prior_closing_balance,,trusted,gov_cn_2026_holiday_schedule_v1,base_calendar,True,517,2026-09-21,complete
2026-09-21,0.00,0.00,0,1649686.04,last_posted_transaction_or_prior_closing_balance,,trusted,weekday_rule,base_calendar,True,518,2026-09-22,complete
2026-09-22,0.00,0.00,0,1649686.04,last_posted_transaction_or_prior_closing_balance,,trusted,weekday_rule,base_calendar,True,519,2026-09-23,complete
2026-09-23,0.00,114684.81,1,1535001.23,last_posted_transaction_or_prior_closing_balance,synb1_txn_7894177666df48e457f9ed5b,trusted,weekday_rule,base_calendar,True,520,2026-09-24,complete
2026-09-24,0.00,0.00,0,1535001.23,last_posted_transaction_or_prior_closing_balance,,trusted,weekday_rule,base_calendar,True,521,2026-09-25,complete
2026-09-25,0.00,245514.07,3,1289487.16,last_posted_transaction_or_prior_closing_balance,synb1_txn_7f204e408c045066e870fa19,trusted,historical_transaction_override,historical_transaction_override,True,522,2026-09-26,complete
2026-09-26,0.00,99218.39,1,1190268.77,last_posted_transaction_or_prior_closing_balance,synb1_txn_a11b10dbd2dd9eb15ca90752,trusted,historical_transaction_override,historical_transaction_override,True,523,2026-09-27,complete
2026-09-27,0.00,4499.42,1,1185769.35,last_posted_transaction_or_prior_closing_balance,synb1_txn_bc89f6e733a2cebbe3e7a10f,trusted,historical_transaction_override,historical_transaction_override,True,524,2026-09-28,complete
2026-09-28,0.00,30609.48,4,1155159.87,last_posted_transaction_or_prior_closing_balance,synb1_txn_4e6c3353af2361738d268d17,trusted,weekday_rule,base_calendar,True,525,2026-09-29,complete
2026-09-29,169811.76,13535.11,3,1311436.52,last_posted_transaction_or_prior_closing_balance,synb1_txn_109daed23b7e7dbd0dab0a98,trusted,weekday_rule,base_calendar,True,526,2026-09-30,complete
2026-09-30,313530.57,0.00,2,1624967.09,last_posted_transaction_or_prior_closing_balance,synb1_txn_e401af31186eb05639fd3b28,trusted,weekday_rule,base_calendar,True,527,2026-10-05,complete
2026-10-01,0.00,0.00,0,1624967.09,last_posted_transaction_or_prior_closing_balance,,trusted,gov_cn_2026_holiday_schedule_v1,base_calendar,False,,,complete
2026-10-02,0.00,0.00,0,1624967.09,last_posted_transaction_or_prior_closing_balance,,trusted,gov_cn_2026_holiday_schedule_v1,base_calendar,False,,,complete
2026-10-03,0.00,0.00,0,1624967.09,last_posted_transaction_or_prior_closing_balance,,trusted,gov_cn_2026_holiday_schedule_v1,base_calendar,False,,,complete
2026-10-04,0.00,0.00,0,1624967.09,last_posted_transaction_or_prior_closing_balance,,trusted,gov_cn_2026_holiday_schedule_v1,base_calendar,False,,,complete
2026-10-05,0.00,13415.90,1,1611551.19,last_posted_transaction_or_prior_closing_balance,synb1_txn_d792abadbbbf3f9c8173fde4,trusted,historical_transaction_override,historical_transaction_override,True,528,2026-10-06,complete
2026-10-06,0.00,23042.51,2,1588508.68,last_posted_transaction_or_prior_closing_balance,synb1_txn_3657672fc2714ef59635903e,trusted,historical_transaction_override,historical_transaction_override,True,529,2026-10-07,complete
2026-10-07,0.00,83801.41,1,1504707.27,last_posted_transaction_or_prior_closing_balance,synb1_txn_787af26ed20301f5cd458ab6,trusted,historical_transaction_override,historical_transaction_override,True,530,2026-10-08,complete
2026-10-08,0.00,4964.25,1,1499743.02,last_posted_transaction_or_prior_closing_balance,synb1_txn_828233bedd6fa2c078807dba,trusted,weekday_rule,base_calendar,True,531,2026-10-09,complete
2026-10-09,0.00,0.00,0,1499743.02,last_posted_transaction_or_prior_closing_balance,,trusted,weekday_rule,base_calendar,True,532,2026-10-10,complete
2026-10-10,0.00,0.00,0,1499743.02,last_posted_transaction_or_prior_closing_balance,,trusted,gov_cn_2026_holiday_schedule_v1,base_calendar,True,533,2026-10-12,complete
2026-10-11,0.00,0.00,0,1499743.02,last_posted_transaction_or_prior_closing_balance,,trusted,weekday_rule,base_calendar,False,,,complete
2026-10-12,0.00,97167.53,1,1402575.49,last_posted_transaction_or_prior_closing_balance,synb1_txn_72fabec8d95c3889b7f80758,trusted,weekday_rule,base_calendar,True,534,2026-10-13,complete
2026-10-13,0.00,0.00,0,1402575.49,last_posted_transaction_or_prior_closing_balance,,trusted,weekday_rule,base_calendar,True,535,2026-10-14,complete
2026-10-14,147941.43,78845.38,3,1471671.54,last_posted_transaction_or_prior_closing_balance,synb1_txn_15f516def4ba9183e655ec02,trusted,weekday_rule,base_calendar,True,536,2026-10-15,complete
2026-10-15,157428.29,0.00,1,1629099.83,last_posted_transaction_or_prior_closing_balance,synb1_txn_02d2954d84f32db65aadf5ea,trusted,weekday_rule,base_calendar,True,537,2026-10-16,complete
2026-10-16,0.00,4375.95,1,1624723.88,last_posted_transaction_or_prior_closing_balance,synb1_txn_987d7b50f0e27448594a528b,trusted,weekday_rule,base_calendar,True,538,2026-10-18,complete
2026-10-17,0.00,0.00,0,1624723.88,last_posted_transaction_or_prior_closing_balance,,trusted,weekday_rule,base_calendar,False,,,complete
2026-10-18,138857.29,0.00,1,1763581.17,last_posted_transaction_or_prior_closing_balance,synb1_txn_186fbf41a1b310f84701a439,trusted,historical_transaction_override,historical_transaction_override,True,539,2026-10-19,complete
2026-10-19,0.00,96110.89,3,1667470.28,last_posted_transaction_or_prior_closing_balance,synb1_txn_42a942d48eb4d7b35070aabc,trusted,weekday_rule,base_calendar,True,540,2026-10-20,complete
2026-10-20,0.00,4055.58,1,1663414.70,last_posted_transaction_or_prior_closing_balance,synb1_txn_8811475cbf2d7ac84e7d603b,trusted,weekday_rule,base_calendar,True,541,2026-10-21,complete
2026-10-21,0.00,0.00,0,1663414.70,last_posted_transaction_or_prior_closing_balance,,trusted,weekday_rule,base_calendar,True,542,2026-10-22,complete
2026-10-22,0.00,0.00,0,1663414.70,last_posted_transaction_or_prior_closing_balance,,trusted,weekday_rule,base_calendar,True,543,2026-10-23,complete
2026-10-23,0.00,19474.81,1,1643939.89,last_posted_transaction_or_prior_closing_balance,synb1_txn_f0a7092c2af433f078cb6e27,trusted,weekday_rule,base_calendar,True,544,2026-10-26,complete
2026-10-24,0.00,0.00,0,1643939.89,last_posted_transaction_or_prior_closing_balance,,trusted,weekday_rule,base_calendar,False,,,complete
2026-10-25,0.00,0.00,0,1643939.89,last_posted_transaction_or_prior_closing_balance,,trusted,weekday_rule,base_calendar,False,,,complete
2026-10-26,0.00,0.00,0,1643939.89,last_posted_transaction_or_prior_closing_balance,,trusted,weekday_rule,base_calendar,True,545,2026-10-27,complete
2026-10-27,0.00,0.00,0,1643939.89,last_posted_transaction_or_prior_closing_balance,,trusted,weekday_rule,base_calendar,True,546,2026-10-28,complete
2026-10-28,137291.07,33079.90,5,1748151.06,last_posted_transaction_or_prior_closing_balance,synb1_txn_1f3f97b2b368298e07b2cd2d,trusted,weekday_rule,base_calendar,True,547,2026-10-29,complete
2026-10-29,0.00,5532.20,1,1742618.86,last_posted_transaction_or_prior_closing_balance,synb1_txn_444d7c44bd5f15fcae6e625f,trusted,weekday_rule,base_calendar,True,548,2026-10-30,complete
2026-10-30,0.00,0.00,0,1742618.86,last_posted_transaction_or_prior_closing_balance,,trusted,weekday_rule,base_calendar,True,549,2026-11-02,complete
2026-10-31,0.00,0.00,0,1742618.86,last_posted_transaction_or_prior_closing_balance,,trusted,weekday_rule,base_calendar,False,,,complete
2026-11-01,0.00,0.00,0,1742618.86,last_posted_transaction_or_prior_closing_balance,,trusted,weekday_rule,base_calendar,False,,,complete
2026-11-02,0.00,0.00,0,1742618.86,last_posted_transaction_or_prior_closing_balance,,trusted,weekday_rule,base_calendar,True,550,2026-11-03,complete
2026-11-03,0.00,0.00,0,1742618.86,last_posted_transaction_or_prior_closing_balance,,trusted,weekday_rule,base_calendar,True,551,2026-11-04,complete
2026-11-04,0.00,0.00,0,1742618.86,last_posted_transaction_or_prior_closing_balance,,trusted,weekday_rule,base_calendar,True,552,2026-11-05,complete
2026-11-05,98169.45,0.00,1,1840788.31,last_posted_transaction_or_prior_closing_balance,synb1_txn_c43d0c435311a8a3efd37a98,trusted,weekday_rule,base_calendar,True,553,2026-11-06,complete
2026-11-06,0.00,21715.11,2,1819073.20,last_posted_transaction_or_prior_closing_balance,synb1_txn_2b6572d6cc4caced39ea6715,trusted,weekday_rule,base_calendar,True,554,2026-11-08,complete
2026-11-07,0.00,0.00,0,1819073.20,last_posted_transaction_or_prior_closing_balance,,trusted,weekday_rule,base_calendar,False,,,complete
2026-11-08,0.00,49911.15,1,1769162.05,last_posted_transaction_or_prior_closing_balance,synb1_txn_ac55cb11ca6094acfc222a7c,trusted,historical_transaction_override,historical_transaction_override,True,555,2026-11-09,complete
2026-11-09,0.00,17074.21,1,1752087.84,last_posted_transaction_or_prior_closing_balance,synb1_txn_bfd79e5d35cb3df68149824e,trusted,weekday_rule,base_calendar,True,556,2026-11-10,complete
2026-11-10,0.00,0.00,0,1752087.84,last_posted_transaction_or_prior_closing_balance,,trusted,weekday_rule,base_calendar,True,557,2026-11-11,complete
2026-11-11,101955.21,51471.62,2,1802571.43,last_posted_transaction_or_prior_closing_balance,synb1_txn_656514545f4caa63a2414505,trusted,weekday_rule,base_calendar,True,558,2026-11-12,complete
2026-11-12,0.00,0.00,0,1802571.43,last_posted_transaction_or_prior_closing_balance,,trusted,weekday_rule,base_calendar,True,559,2026-11-13,complete
2026-11-13,0.00,0.00,0,1802571.43,last_posted_transaction_or_prior_closing_balance,,trusted,weekday_rule,base_calendar,True,560,2026-11-15,complete
2026-11-14,0.00,0.00,0,1802571.43,last_posted_transaction_or_prior_closing_balance,,trusted,weekday_rule,base_calendar,False,,,complete
2026-11-15,0.00,6122.16,1,1796449.27,last_posted_transaction_or_prior_closing_balance,synb1_txn_399c8381dcd51b5e6c4fa29c,trusted,historical_transaction_override,historical_transaction_override,True,561,2026-11-16,complete
2026-11-16,0.00,4503.92,1,1791945.35,last_posted_transaction_or_prior_closing_balance,synb1_txn_83f5be237c5be516314578e6,trusted,weekday_rule,base_calendar,True,562,2026-11-17,complete
2026-11-17,0.00,0.00,0,1791945.35,last_posted_transaction_or_prior_closing_balance,,trusted,weekday_rule,base_calendar,True,563,2026-11-18,complete
2026-11-18,0.00,0.00,0,1791945.35,last_posted_transaction_or_prior_closing_balance,,trusted,weekday_rule,base_calendar,True,564,2026-11-19,complete
2026-11-19,0.00,18938.38,2,1773006.97,last_posted_transaction_or_prior_closing_balance,synb1_txn_288c67a5b378f62e4b6c6983,trusted,weekday_rule,base_calendar,True,565,2026-11-20,complete
2026-11-20,0.00,0.00,0,1773006.97,last_posted_transaction_or_prior_closing_balance,,trusted,weekday_rule,base_calendar,True,566,2026-11-23,complete
2026-11-21,0.00,0.00,0,1773006.97,last_posted_transaction_or_prior_closing_balance,,trusted,weekday_rule,base_calendar,False,,,complete
2026-11-22,0.00,0.00,0,1773006.97,last_posted_transaction_or_prior_closing_balance,,trusted,weekday_rule,base_calendar,False,,,complete
2026-11-23,0.00,4158.20,1,1768848.77,last_posted_transaction_or_prior_closing_balance,synb1_txn_2f9e0ade09bb78f47e91fe50,trusted,weekday_rule,base_calendar,True,567,2026-11-24,complete
2026-11-24,0.00,3674.28,1,1765174.49,last_posted_transaction_or_prior_closing_balance,synb1_txn_f9fa1b8da84e2ee19fd83677,trusted,weekday_rule,base_calendar,True,568,2026-11-25,complete
2026-11-25,118310.12,17746.65,2,1865737.96,last_posted_transaction_or_prior_closing_balance,synb1_txn_d574df891124b3286eeb8aa1,trusted,weekday_rule,base_calendar,True,569,2026-11-26,complete
2026-11-26,0.00,0.00,0,1865737.96,last_posted_transaction_or_prior_closing_balance,,trusted,weekday_rule,base_calendar,True,570,2026-11-27,complete
2026-11-27,101564.62,53977.99,2,1913324.59,last_posted_transaction_or_prior_closing_balance,synb1_txn_e8f0964a951444350abf4cb0,trusted,weekday_rule,base_calendar,True,571,2026-11-28,complete
2026-11-28,0.00,61655.34,2,1851669.25,last_posted_transaction_or_prior_closing_balance,synb1_txn_89976bea02f0b038c1eb8455,trusted,historical_transaction_override,historical_transaction_override,True,572,2026-11-30,complete
2026-11-29,0.00,0.00,0,1851669.25,last_posted_transaction_or_prior_closing_balance,,trusted,weekday_rule,base_calendar,False,,,complete
2026-11-30,0.00,13429.84,4,1838239.41,last_posted_transaction_or_prior_closing_balance,synb1_txn_eb1ae4a62fae71a0d437bb18,trusted,weekday_rule,base_calendar,True,573,2026-12-01,complete
2026-12-01,0.00,0.00,0,1838239.41,last_posted_transaction_or_prior_closing_balance,,trusted,weekday_rule,base_calendar,True,574,2026-12-02,complete
2026-12-02,0.00,0.00,0,1838239.41,last_posted_transaction_or_prior_closing_balance,,trusted,weekday_rule,base_calendar,True,575,2026-12-03,complete
2026-12-03,0.00,0.00,0,1838239.41,last_posted_transaction_or_prior_closing_balance,,trusted,weekday_rule,base_calendar,True,576,2026-12-04,complete
2026-12-04,0.00,15243.94,1,1822995.47,last_posted_transaction_or_prior_closing_balance,synb1_txn_96a2f2471dd1d26f49ce697c,trusted,weekday_rule,base_calendar,True,577,2026-12-05,complete
2026-12-05,0.00,4164.05,1,1818831.42,last_posted_transaction_or_prior_closing_balance,synb1_txn_60be399683502f5326cdf7b8,trusted,historical_transaction_override,historical_transaction_override,True,578,2026-12-07,complete
2026-12-06,0.00,0.00,0,1818831.42,last_posted_transaction_or_prior_closing_balance,,trusted,weekday_rule,base_calendar,False,,,complete
2026-12-07,233758.66,0.00,2,2052590.08,last_posted_transaction_or_prior_closing_balance,synb1_txn_d417c9e561f6797d23217204,trusted,weekday_rule,base_calendar,True,579,2026-12-08,complete
2026-12-08,0.00,0.00,0,2052590.08,last_posted_transaction_or_prior_closing_balance,,trusted,weekday_rule,base_calendar,True,580,2026-12-09,complete
2026-12-09,0.00,0.00,0,2052590.08,last_posted_transaction_or_prior_closing_balance,,trusted,weekday_rule,base_calendar,True,581,2026-12-10,complete
2026-12-10,0.00,6611.19,1,2045978.89,last_posted_transaction_or_prior_closing_balance,synb1_txn_459c9885d72edeebac693bac,trusted,weekday_rule,base_calendar,True,582,2026-12-11,complete
2026-12-11,0.00,0.00,0,2045978.89,last_posted_transaction_or_prior_closing_balance,,trusted,weekday_rule,base_calendar,True,583,2026-12-12,complete
2026-12-12,0.00,10468.22,1,2035510.67,last_posted_transaction_or_prior_closing_balance,synb1_txn_9297b020cc66771aba22f063,trusted,historical_transaction_override,historical_transaction_override,True,584,2026-12-13,complete
2026-12-13,0.00,13802.16,1,2021708.51,last_posted_transaction_or_prior_closing_balance,synb1_txn_6af94851e222be2960dc5162,trusted,historical_transaction_override,historical_transaction_override,True,585,2026-12-14,complete
2026-12-14,0.00,14509.15,2,2007199.36,last_posted_transaction_or_prior_closing_balance,synb1_txn_f0e0572910bc3a1072393b41,trusted,weekday_rule,base_calendar,True,586,2026-12-15,complete
2026-12-15,0.00,0.00,0,2007199.36,last_posted_transaction_or_prior_closing_balance,,trusted,weekday_rule,base_calendar,True,587,2026-12-16,complete
2026-12-16,119789.68,0.00,1,2126989.04,last_posted_transaction_or_prior_closing_balance,synb1_txn_f129c82ae79fb8b91cd6dd01,trusted,weekday_rule,base_calendar,True,588,2026-12-17,complete
2026-12-17,0.00,4026.49,1,2122962.55,last_posted_transaction_or_prior_closing_balance,synb1_txn_feafca98695907d033902c69,trusted,weekday_rule,base_calendar,True,589,2026-12-18,complete
2026-12-18,0.00,0.00,0,2122962.55,last_posted_transaction_or_prior_closing_balance,,trusted,weekday_rule,base_calendar,True,590,2026-12-19,complete
2026-12-19,0.00,18308.71,1,2104653.84,last_posted_transaction_or_prior_closing_balance,synb1_txn_758571431986ad80b930d65a,trusted,historical_transaction_override,historical_transaction_override,True,591,2026-12-20,complete
2026-12-20,0.00,6151.25,1,2098502.59,last_posted_transaction_or_prior_closing_balance,synb1_txn_25f1c51032c438691dda256c,trusted,historical_transaction_override,historical_transaction_override,True,592,2026-12-21,complete
2026-12-21,0.00,0.00,0,2098502.59,last_posted_transaction_or_prior_closing_balance,,trusted,weekday_rule,base_calendar,True,593,2026-12-22,complete
2026-12-22,0.00,0.00,0,2098502.59,last_posted_transaction_or_prior_closing_balance,,trusted,weekday_rule,base_calendar,True,594,2026-12-23,complete
2026-12-23,0.00,0.00,0,2098502.59,last_posted_transaction_or_prior_closing_balance,,trusted,weekday_rule,base_calendar,True,595,2026-12-24,complete
2026-12-24,0.00,4017.54,1,2094485.05,last_posted_transaction_or_prior_closing_balance,synb1_txn_551b3227e22d2a5b42e534aa,trusted,weekday_rule,base_calendar,True,596,2026-12-25,complete
2026-12-25,0.00,0.00,0,2094485.05,last_posted_transaction_or_prior_closing_balance,,trusted,weekday_rule,base_calendar,True,597,2026-12-27,complete
2026-12-26,0.00,0.00,0,2094485.05,last_posted_transaction_or_prior_closing_balance,,trusted,weekday_rule,base_calendar,False,,,complete
2026-12-27,98729.38,8547.51,2,2184666.92,last_posted_transaction_or_prior_closing_balance,synb1_txn_d228890c798d222878a1107d,trusted,historical_transaction_override,historical_transaction_override,True,598,2026-12-28,complete
2026-12-28,0.00,37297.77,5,2147369.15,last_posted_transaction_or_prior_closing_balance,synb1_txn_41884aad3e024a99e015d90c,trusted,weekday_rule,base_calendar,True,599,2026-12-29,complete
2026-12-29,0.00,0.00,0,2147369.15,last_posted_transaction_or_prior_closing_balance,,trusted,weekday_rule,base_calendar,True,600,2026-12-30,complete
2026-12-30,0.00,6663.40,1,2140705.75,last_posted_transaction_or_prior_closing_balance,synb1_txn_2655db457159dccbd0631538,trusted,weekday_rule,base_calendar,True,601,2026-12-31,complete
2026-12-31,0.00,5990.16,1,2134715.59,last_posted_transaction_or_prior_closing_balance,synb1_txn_3c547a5d0ac4299726c8b306,trusted,weekday_rule,base_calendar,True,602,2027-01-01,complete
