calendar_date,inflow_cny,outflow_cny,transaction_count,ending_balance_cny,day_cut_basis,source_last_transaction_id,reconciliation_status,calendar_source,calendar_inference_status,is_bank_workday,business_step,target_date,execution_status
2025-01-01,3600000.00,0.00,1,3600000.00,last_posted_transaction_or_prior_closing_balance,synb1_txn_fa7f0d77092e32014ce4fb95,trusted,historical_transaction_override,historical_transaction_override,True,1,2025-01-02,complete
2025-01-02,0.00,0.00,0,3600000.00,last_posted_transaction_or_prior_closing_balance,,trusted,weekday_rule,base_calendar,True,2,2025-01-03,complete
2025-01-03,0.00,101209.50,2,3498790.50,last_posted_transaction_or_prior_closing_balance,synb1_txn_b5e1ad52fef17d306e6b06e1,trusted,weekday_rule,base_calendar,True,3,2025-01-06,complete
2025-01-04,0.00,0.00,0,3498790.50,last_posted_transaction_or_prior_closing_balance,,trusted,weekday_rule,base_calendar,False,,,complete
2025-01-05,0.00,0.00,0,3498790.50,last_posted_transaction_or_prior_closing_balance,,trusted,weekday_rule,base_calendar,False,,,complete
2025-01-06,0.00,0.00,0,3498790.50,last_posted_transaction_or_prior_closing_balance,,trusted,weekday_rule,base_calendar,True,4,2025-01-07,complete
2025-01-07,0.00,141543.58,1,3357246.92,last_posted_transaction_or_prior_closing_balance,synb1_txn_b3055b8c2673abf01e0f8deb,trusted,weekday_rule,base_calendar,True,5,2025-01-08,complete
2025-01-08,0.00,0.00,0,3357246.92,last_posted_transaction_or_prior_closing_balance,,trusted,weekday_rule,base_calendar,True,6,2025-01-09,complete
2025-01-09,0.00,0.00,0,3357246.92,last_posted_transaction_or_prior_closing_balance,,trusted,weekday_rule,base_calendar,True,7,2025-01-10,complete
2025-01-10,0.00,0.00,0,3357246.92,last_posted_transaction_or_prior_closing_balance,,trusted,weekday_rule,base_calendar,True,8,2025-01-13,complete
2025-01-11,0.00,0.00,0,3357246.92,last_posted_transaction_or_prior_closing_balance,,trusted,weekday_rule,base_calendar,False,,,complete
2025-01-12,0.00,0.00,0,3357246.92,last_posted_transaction_or_prior_closing_balance,,trusted,weekday_rule,base_calendar,False,,,complete
2025-01-13,22909.08,0.00,1,3380156.00,last_posted_transaction_or_prior_closing_balance,synb1_txn_34c22725c0c3b517d1f45314,trusted,weekday_rule,base_calendar,True,9,2025-01-14,complete
2025-01-14,0.00,0.00,0,3380156.00,last_posted_transaction_or_prior_closing_balance,,trusted,weekday_rule,base_calendar,True,10,2025-01-15,complete
2025-01-15,24475.52,0.00,1,3404631.52,last_posted_transaction_or_prior_closing_balance,synb1_txn_f815b4bfe958ba1080875d2b,trusted,weekday_rule,base_calendar,True,11,2025-01-16,complete
2025-01-16,0.00,0.00,0,3404631.52,last_posted_transaction_or_prior_closing_balance,,trusted,weekday_rule,base_calendar,True,12,2025-01-17,complete
2025-01-17,69437.90,23803.97,4,3450265.45,last_posted_transaction_or_prior_closing_balance,synb1_txn_26a810f0fcc66ed04fd31d11,trusted,weekday_rule,base_calendar,True,13,2025-01-19,complete
2025-01-18,0.00,0.00,0,3450265.45,last_posted_transaction_or_prior_closing_balance,,trusted,weekday_rule,base_calendar,False,,,complete
2025-01-19,84979.02,0.00,2,3535244.47,last_posted_transaction_or_prior_closing_balance,synb1_txn_71198699012d9b1df0a762fb,trusted,historical_transaction_override,historical_transaction_override,True,14,2025-01-20,complete
2025-01-20,0.00,23803.98,1,3511440.49,last_posted_transaction_or_prior_closing_balance,synb1_txn_6094376abbde2cc12e294914,trusted,weekday_rule,base_calendar,True,15,2025-01-21,complete
2025-01-21,117066.27,0.00,3,3628506.76,last_posted_transaction_or_prior_closing_balance,synb1_txn_a78f95d0580ce528bda39f0e,trusted,weekday_rule,base_calendar,True,16,2025-01-22,complete
2025-01-22,0.00,57823.42,1,3570683.34,last_posted_transaction_or_prior_closing_balance,synb1_txn_c24889ad0bf733f201d12438,trusted,weekday_rule,base_calendar,True,17,2025-01-23,complete
2025-01-23,39030.30,15280.00,2,3594433.64,last_posted_transaction_or_prior_closing_balance,synb1_txn_f3db291a22d110946599c7e3,trusted,weekday_rule,base_calendar,True,18,2025-01-24,complete
2025-01-24,0.00,17985.22,1,3576448.42,last_posted_transaction_or_prior_closing_balance,synb1_txn_1fa14ca71589945d72996485,trusted,weekday_rule,base_calendar,True,19,2025-01-25,complete
2025-01-25,45132.18,105459.15,3,3516121.45,last_posted_transaction_or_prior_closing_balance,synb1_txn_6ed1ab2bfb9ce18d23a46e81,trusted,historical_transaction_override,historical_transaction_override,True,20,2025-01-26,complete
2025-01-26,0.00,25003.65,1,3491117.80,last_posted_transaction_or_prior_closing_balance,synb1_txn_464ce248aa38efdeeca61cc1,trusted,gov_cn_2025_holiday_schedule_v1,base_calendar,True,21,2025-01-27,complete
2025-01-27,0.00,29622.73,1,3461495.07,last_posted_transaction_or_prior_closing_balance,synb1_txn_9730aedca8a319461ef984d5,trusted,weekday_rule,base_calendar,True,22,2025-01-29,complete
2025-01-28,0.00,0.00,0,3461495.07,last_posted_transaction_or_prior_closing_balance,,trusted,gov_cn_2025_holiday_schedule_v1,base_calendar,False,,,complete
2025-01-29,14666.66,32959.35,2,3443202.38,last_posted_transaction_or_prior_closing_balance,synb1_txn_736b722cb21b24a711ab3131,trusted,historical_transaction_override,historical_transaction_override,True,23,2025-01-30,complete
2025-01-30,15272.74,0.00,1,3458475.12,last_posted_transaction_or_prior_closing_balance,synb1_txn_4be64084c845b3c1e7f26a78,trusted,historical_transaction_override,historical_transaction_override,True,24,2025-02-01,complete
2025-01-31,0.00,0.00,0,3458475.12,last_posted_transaction_or_prior_closing_balance,,trusted,gov_cn_2025_holiday_schedule_v1,base_calendar,False,,,complete
2025-02-01,0.00,32959.35,1,3425515.77,last_posted_transaction_or_prior_closing_balance,synb1_txn_f47a4c5742b7137d0fb747a8,trusted,historical_transaction_override,historical_transaction_override,True,25,2025-02-02,complete
2025-02-02,32000.00,0.00,1,3457515.77,last_posted_transaction_or_prior_closing_balance,synb1_txn_7e37070b26785ae9b8f40bfd,trusted,historical_transaction_override,historical_transaction_override,True,26,2025-02-03,complete
2025-02-03,22909.12,41209.50,2,3439215.39,last_posted_transaction_or_prior_closing_balance,synb1_txn_38c983ef167fb6e0f094997a,trusted,historical_transaction_override,historical_transaction_override,True,27,2025-02-05,complete
2025-02-04,0.00,0.00,0,3439215.39,last_posted_transaction_or_prior_closing_balance,,trusted,gov_cn_2025_holiday_schedule_v1,base_calendar,False,,,complete
2025-02-05,0.00,0.00,0,3439215.39,last_posted_transaction_or_prior_closing_balance,,trusted,weekday_rule,base_calendar,True,28,2025-02-06,complete
2025-02-06,0.00,0.00,0,3439215.39,last_posted_transaction_or_prior_closing_balance,,trusted,weekday_rule,base_calendar,True,29,2025-02-07,complete
2025-02-07,0.00,141543.58,1,3297671.81,last_posted_transaction_or_prior_closing_balance,synb1_txn_fb871d0daa3f8ec70d7b6cf1,trusted,weekday_rule,base_calendar,True,30,2025-02-08,complete
2025-02-08,0.00,0.00,0,3297671.81,last_posted_transaction_or_prior_closing_balance,,trusted,gov_cn_2025_holiday_schedule_v1,base_calendar,True,31,2025-02-09,complete
2025-02-09,74384.03,0.00,2,3372055.84,last_posted_transaction_or_prior_closing_balance,synb1_txn_aa21ba2eef06e444857c7454,trusted,historical_transaction_override,historical_transaction_override,True,32,2025-02-10,complete
2025-02-10,0.00,26218.50,1,3345837.34,last_posted_transaction_or_prior_closing_balance,synb1_txn_62315b57479a0995d705587d,trusted,weekday_rule,base_calendar,True,33,2025-02-11,complete
2025-02-11,0.00,74512.00,2,3271325.34,last_posted_transaction_or_prior_closing_balance,synb1_txn_020fd3185091d550939bf557,trusted,weekday_rule,base_calendar,True,34,2025-02-12,complete
2025-02-12,0.00,0.00,0,3271325.34,last_posted_transaction_or_prior_closing_balance,,trusted,weekday_rule,base_calendar,True,35,2025-02-13,complete
2025-02-13,70464.45,33369.02,3,3308420.77,last_posted_transaction_or_prior_closing_balance,synb1_txn_e56fd5d4dbfeb160ca06477a,trusted,weekday_rule,base_calendar,True,36,2025-02-14,complete
2025-02-14,0.00,54594.33,2,3253826.44,last_posted_transaction_or_prior_closing_balance,synb1_txn_dc3a5c2c2abc5b47f16307ef,trusted,weekday_rule,base_calendar,True,37,2025-02-17,complete
2025-02-15,0.00,0.00,0,3253826.44,last_posted_transaction_or_prior_closing_balance,,trusted,weekday_rule,base_calendar,False,,,complete
2025-02-16,0.00,0.00,0,3253826.44,last_posted_transaction_or_prior_closing_balance,,trusted,weekday_rule,base_calendar,False,,,complete
2025-02-17,0.00,0.00,0,3253826.44,last_posted_transaction_or_prior_closing_balance,,trusted,weekday_rule,base_calendar,True,38,2025-02-18,complete
2025-02-18,55197.21,0.00,2,3309023.65,last_posted_transaction_or_prior_closing_balance,synb1_txn_7685ece2f587abb0449a9c8c,trusted,weekday_rule,base_calendar,True,39,2025-02-19,complete
2025-02-19,29560.11,0.00,1,3338583.76,last_posted_transaction_or_prior_closing_balance,synb1_txn_c9b3ae18f901cc88d878188d,trusted,weekday_rule,base_calendar,True,40,2025-02-20,complete
2025-02-20,31978.60,0.00,1,3370562.36,last_posted_transaction_or_prior_closing_balance,synb1_txn_26ce37c989aa4e096706fccf,trusted,weekday_rule,base_calendar,True,41,2025-02-21,complete
2025-02-21,0.00,0.00,0,3370562.36,last_posted_transaction_or_prior_closing_balance,,trusted,weekday_rule,base_calendar,True,42,2025-02-22,complete
2025-02-22,94090.24,0.00,3,3464652.60,last_posted_transaction_or_prior_closing_balance,synb1_txn_1dd84f79109258859de8e6b8,trusted,historical_transaction_override,historical_transaction_override,True,43,2025-02-23,complete
2025-02-23,46803.52,0.00,1,3511456.12,last_posted_transaction_or_prior_closing_balance,synb1_txn_966a1273a9f4b850e4fc82ae,trusted,historical_transaction_override,historical_transaction_override,True,44,2025-02-24,complete
2025-02-24,57185.02,0.00,2,3568641.14,last_posted_transaction_or_prior_closing_balance,synb1_txn_e5908f51360d1e77234be1fe,trusted,weekday_rule,base_calendar,True,45,2025-02-25,complete
2025-02-25,0.00,119001.58,2,3449639.56,last_posted_transaction_or_prior_closing_balance,synb1_txn_72eeb44caa9e3826b443116f,trusted,weekday_rule,base_calendar,True,46,2025-02-26,complete
2025-02-26,28894.35,0.00,1,3478533.91,last_posted_transaction_or_prior_closing_balance,synb1_txn_c590ab46021855ad9075734d,trusted,weekday_rule,base_calendar,True,47,2025-02-27,complete
2025-02-27,0.00,0.00,0,3478533.91,last_posted_transaction_or_prior_closing_balance,,trusted,weekday_rule,base_calendar,True,48,2025-02-28,complete
2025-02-28,23563.64,29582.83,5,3472514.72,last_posted_transaction_or_prior_closing_balance,synb1_txn_9c6bf7c2a13b801d6af98a96,trusted,weekday_rule,base_calendar,True,49,2025-03-03,complete
2025-03-01,0.00,0.00,0,3472514.72,last_posted_transaction_or_prior_closing_balance,,trusted,weekday_rule,base_calendar,False,,,complete
2025-03-02,0.00,0.00,0,3472514.72,last_posted_transaction_or_prior_closing_balance,,trusted,weekday_rule,base_calendar,False,,,complete
2025-03-03,0.00,41209.50,1,3431305.22,last_posted_transaction_or_prior_closing_balance,synb1_txn_d6021ca63403db67798cbcd3,trusted,weekday_rule,base_calendar,True,50,2025-03-04,complete
2025-03-04,0.00,14896.87,1,3416408.35,last_posted_transaction_or_prior_closing_balance,synb1_txn_ebe0f8aea0ac4d4c27476297,trusted,weekday_rule,base_calendar,True,51,2025-03-05,complete
2025-03-05,0.00,0.00,0,3416408.35,last_posted_transaction_or_prior_closing_balance,,trusted,weekday_rule,base_calendar,True,52,2025-03-06,complete
2025-03-06,0.00,0.00,0,3416408.35,last_posted_transaction_or_prior_closing_balance,,trusted,weekday_rule,base_calendar,True,53,2025-03-07,complete
2025-03-07,14076.24,161406.09,3,3269078.50,last_posted_transaction_or_prior_closing_balance,synb1_txn_c8867a8240e7c18697498884,trusted,weekday_rule,base_calendar,True,54,2025-03-10,complete
2025-03-08,0.00,0.00,0,3269078.50,last_posted_transaction_or_prior_closing_balance,,trusted,weekday_rule,base_calendar,False,,,complete
2025-03-09,0.00,0.00,0,3269078.50,last_posted_transaction_or_prior_closing_balance,,trusted,weekday_rule,base_calendar,False,,,complete
2025-03-10,0.00,0.00,0,3269078.50,last_posted_transaction_or_prior_closing_balance,,trusted,weekday_rule,base_calendar,True,55,2025-03-11,complete
2025-03-11,22287.39,0.00,1,3291365.89,last_posted_transaction_or_prior_closing_balance,synb1_txn_bbfbe32f0c819a4b0d986234,trusted,weekday_rule,base_calendar,True,56,2025-03-12,complete
2025-03-12,0.00,0.00,0,3291365.89,last_posted_transaction_or_prior_closing_balance,,trusted,weekday_rule,base_calendar,True,57,2025-03-13,complete
2025-03-13,0.00,0.00,0,3291365.89,last_posted_transaction_or_prior_closing_balance,,trusted,weekday_rule,base_calendar,True,58,2025-03-14,complete
2025-03-14,86342.80,0.00,2,3377708.69,last_posted_transaction_or_prior_closing_balance,synb1_txn_5ce3f880c182b425928d1308,trusted,weekday_rule,base_calendar,True,59,2025-03-15,complete
2025-03-15,51896.20,0.00,1,3429604.89,last_posted_transaction_or_prior_closing_balance,synb1_txn_f152ab13abccb8be3d2a3879,trusted,historical_transaction_override,historical_transaction_override,True,60,2025-03-16,complete
2025-03-16,13413.17,0.00,1,3443018.06,last_posted_transaction_or_prior_closing_balance,synb1_txn_779b7b5ccc2af490b1d8a9e1,trusted,historical_transaction_override,historical_transaction_override,True,61,2025-03-17,complete
2025-03-17,0.00,54391.42,1,3388626.64,last_posted_transaction_or_prior_closing_balance,synb1_txn_dd947bc9d4a15e627e80444e,trusted,weekday_rule,base_calendar,True,62,2025-03-18,complete
2025-03-18,64359.47,19323.26,3,3433662.85,last_posted_transaction_or_prior_closing_balance,synb1_txn_0a011f7a02488c33d2e7d8aa,trusted,weekday_rule,base_calendar,True,63,2025-03-19,complete
2025-03-19,31936.13,0.00,1,3465598.98,last_posted_transaction_or_prior_closing_balance,synb1_txn_244aa4ed108d4f071454918a,trusted,weekday_rule,base_calendar,True,64,2025-03-20,complete
2025-03-20,13413.17,27195.71,2,3451816.44,last_posted_transaction_or_prior_closing_balance,synb1_txn_786e81437888d4498c494c66,trusted,weekday_rule,base_calendar,True,65,2025-03-21,complete
2025-03-21,0.00,14053.29,1,3437763.15,last_posted_transaction_or_prior_closing_balance,synb1_txn_da63e9b7d3ae825c4c5743e2,trusted,weekday_rule,base_calendar,True,66,2025-03-22,complete
2025-03-22,0.00,21014.87,1,3416748.28,last_posted_transaction_or_prior_closing_balance,synb1_txn_4ae15c5f58e1cdf7f59ae37d,trusted,historical_transaction_override,historical_transaction_override,True,67,2025-03-23,complete
2025-03-23,0.00,19572.67,1,3397175.61,last_posted_transaction_or_prior_closing_balance,synb1_txn_6e61672360e9636b25b42d87,trusted,historical_transaction_override,historical_transaction_override,True,68,2025-03-24,complete
2025-03-24,0.00,46727.17,1,3350448.44,last_posted_transaction_or_prior_closing_balance,synb1_txn_8c84883c9d67121138e15816,trusted,weekday_rule,base_calendar,True,69,2025-03-25,complete
2025-03-25,0.00,113758.58,2,3236689.86,last_posted_transaction_or_prior_closing_balance,synb1_txn_cd023ea3047d8b0b2d67d256,trusted,weekday_rule,base_calendar,True,70,2025-03-26,complete
2025-03-26,42379.94,17512.39,2,3261557.41,last_posted_transaction_or_prior_closing_balance,synb1_txn_2d42e444f6c307a6aea588e5,trusted,weekday_rule,base_calendar,True,71,2025-03-27,complete
2025-03-27,26292.86,31151.46,2,3256698.81,last_posted_transaction_or_prior_closing_balance,synb1_txn_84455f6b13d90e099abe1c80,trusted,weekday_rule,base_calendar,True,72,2025-03-28,complete
2025-03-28,48203.58,7336.82,4,3297565.57,last_posted_transaction_or_prior_closing_balance,synb1_txn_e58a37eda1588086a1aed338,trusted,weekday_rule,base_calendar,True,73,2025-03-30,complete
2025-03-29,0.00,0.00,0,3297565.57,last_posted_transaction_or_prior_closing_balance,,trusted,weekday_rule,base_calendar,False,,,complete
2025-03-30,31392.56,0.00,1,3328958.13,last_posted_transaction_or_prior_closing_balance,synb1_txn_32af5fa800ec3658ceb39600,trusted,historical_transaction_override,historical_transaction_override,True,74,2025-03-31,complete
2025-03-31,52966.79,0.00,2,3381924.92,last_posted_transaction_or_prior_closing_balance,synb1_txn_3fd2f58acab2d6bcbaf0abd8,trusted,weekday_rule,base_calendar,True,75,2025-04-01,complete
2025-04-01,27018.93,0.00,2,3408943.85,last_posted_transaction_or_prior_closing_balance,synb1_txn_189b582cddd94d2611ea83bf,trusted,weekday_rule,base_calendar,True,76,2025-04-02,complete
2025-04-02,0.00,0.00,0,3408943.85,last_posted_transaction_or_prior_closing_balance,,trusted,weekday_rule,base_calendar,True,77,2025-04-03,complete
2025-04-03,43334.86,41209.50,2,3411069.21,last_posted_transaction_or_prior_closing_balance,synb1_txn_8bc995673d0274012c75b31b,trusted,weekday_rule,base_calendar,True,78,2025-04-04,complete
2025-04-04,34752.32,0.00,1,3445821.53,last_posted_transaction_or_prior_closing_balance,synb1_txn_a2b575e1df048e7dd472daa3,trusted,historical_transaction_override,historical_transaction_override,True,79,2025-04-05,complete
2025-04-05,25376.28,0.00,1,3471197.81,last_posted_transaction_or_prior_closing_balance,synb1_txn_562f86759058313a96b73512,trusted,historical_transaction_override,historical_transaction_override,True,80,2025-04-07,complete
2025-04-06,0.00,0.00,0,3471197.81,last_posted_transaction_or_prior_closing_balance,,trusted,gov_cn_2025_holiday_schedule_v1,base_calendar,False,,,complete
2025-04-07,50557.35,141543.58,2,3380211.58,last_posted_transaction_or_prior_closing_balance,synb1_txn_b417bdef0a91d2aa4c7ef58f,trusted,weekday_rule,base_calendar,True,81,2025-04-08,complete
2025-04-08,0.00,0.00,0,3380211.58,last_posted_transaction_or_prior_closing_balance,,trusted,weekday_rule,base_calendar,True,82,2025-04-09,complete
2025-04-09,0.00,0.00,0,3380211.58,last_posted_transaction_or_prior_closing_balance,,trusted,weekday_rule,base_calendar,True,83,2025-04-10,complete
2025-04-10,0.00,0.00,0,3380211.58,last_posted_transaction_or_prior_closing_balance,,trusted,weekday_rule,base_calendar,True,84,2025-04-11,complete
2025-04-11,0.00,0.00,0,3380211.58,last_posted_transaction_or_prior_closing_balance,,trusted,weekday_rule,base_calendar,True,85,2025-04-14,complete
2025-04-12,0.00,0.00,0,3380211.58,last_posted_transaction_or_prior_closing_balance,,trusted,weekday_rule,base_calendar,False,,,complete
2025-04-13,0.00,0.00,0,3380211.58,last_posted_transaction_or_prior_closing_balance,,trusted,weekday_rule,base_calendar,False,,,complete
2025-04-14,0.00,0.00,0,3380211.58,last_posted_transaction_or_prior_closing_balance,,trusted,weekday_rule,base_calendar,True,86,2025-04-15,complete
2025-04-15,0.00,0.00,0,3380211.58,last_posted_transaction_or_prior_closing_balance,,trusted,weekday_rule,base_calendar,True,87,2025-04-16,complete
2025-04-16,0.00,52371.70,2,3327839.88,last_posted_transaction_or_prior_closing_balance,synb1_txn_6527ded0e572fad874da0701,trusted,weekday_rule,base_calendar,True,88,2025-04-17,complete
2025-04-17,17192.98,0.00,1,3345032.86,last_posted_transaction_or_prior_closing_balance,synb1_txn_589a3a2c6544f70a0abe8939,trusted,weekday_rule,base_calendar,True,89,2025-04-18,complete
2025-04-18,0.00,0.00,0,3345032.86,last_posted_transaction_or_prior_closing_balance,,trusted,weekday_rule,base_calendar,True,90,2025-04-19,complete
2025-04-19,27913.57,44364.35,3,3328582.08,last_posted_transaction_or_prior_closing_balance,synb1_txn_0e1547e2f738c42216be48b5,trusted,historical_transaction_override,historical_transaction_override,True,91,2025-04-20,complete
2025-04-20,0.00,38899.14,1,3289682.94,last_posted_transaction_or_prior_closing_balance,synb1_txn_2660edef79ea94a7dc80a691,trusted,historical_transaction_override,historical_transaction_override,True,92,2025-04-21,complete
2025-04-21,48140.35,0.00,1,3337823.29,last_posted_transaction_or_prior_closing_balance,synb1_txn_9689185e2fd312080635962b,trusted,weekday_rule,base_calendar,True,93,2025-04-22,complete
2025-04-22,0.00,31659.06,1,3306164.23,last_posted_transaction_or_prior_closing_balance,synb1_txn_a16767d90e8283863fe77841,trusted,weekday_rule,base_calendar,True,94,2025-04-23,complete
2025-04-23,36827.16,16378.59,3,3326612.80,last_posted_transaction_or_prior_closing_balance,synb1_txn_b1e18090c4b7b1118fb97f9a,trusted,weekday_rule,base_calendar,True,95,2025-04-24,complete
2025-04-24,0.00,0.00,0,3326612.80,last_posted_transaction_or_prior_closing_balance,,trusted,weekday_rule,base_calendar,True,96,2025-04-25,complete
2025-04-25,0.00,117458.59,2,3209154.21,last_posted_transaction_or_prior_closing_balance,synb1_txn_a804fa4351294748ddb4aae9,trusted,weekday_rule,base_calendar,True,97,2025-04-26,complete
2025-04-26,51000.00,0.00,1,3260154.21,last_posted_transaction_or_prior_closing_balance,synb1_txn_0e2933a3405d5d4310d175e1,trusted,historical_transaction_override,historical_transaction_override,True,98,2025-04-27,complete
2025-04-27,85256.29,0.00,3,3345410.50,last_posted_transaction_or_prior_closing_balance,synb1_txn_645675802bb06ae8c2725792,trusted,gov_cn_2025_holiday_schedule_v1,base_calendar,True,99,2025-04-28,complete
2025-04-28,0.00,7336.82,3,3338073.68,last_posted_transaction_or_prior_closing_balance,synb1_txn_c73f5dc3bafdc13cbe4a3f9d,trusted,weekday_rule,base_calendar,True,100,2025-04-29,complete
2025-04-29,0.00,0.00,0,3338073.68,last_posted_transaction_or_prior_closing_balance,,trusted,weekday_rule,base_calendar,True,101,2025-04-30,complete
2025-04-30,64906.99,0.00,2,3402980.67,last_posted_transaction_or_prior_closing_balance,synb1_txn_d99f53c5c34936c0874cce2f,trusted,weekday_rule,base_calendar,True,102,2025-05-01,complete
2025-05-01,98891.85,0.00,2,3501872.52,last_posted_transaction_or_prior_closing_balance,synb1_txn_8a064b32c2b7d8feb4bea657,trusted,historical_transaction_override,historical_transaction_override,True,103,2025-05-03,complete
2025-05-02,0.00,0.00,0,3501872.52,last_posted_transaction_or_prior_closing_balance,,trusted,gov_cn_2025_holiday_schedule_v1,base_calendar,False,,,complete
2025-05-03,0.00,66637.25,2,3435235.27,last_posted_transaction_or_prior_closing_balance,synb1_txn_578b5dd8f3274ea385657a64,trusted,historical_transaction_override,historical_transaction_override,True,104,2025-05-04,complete
2025-05-04,33426.38,0.00,1,3468661.65,last_posted_transaction_or_prior_closing_balance,synb1_txn_677f224540ed08801cdb6fb0,trusted,historical_transaction_override,historical_transaction_override,True,105,2025-05-05,complete
2025-05-05,50088.88,0.00,1,3518750.53,last_posted_transaction_or_prior_closing_balance,synb1_txn_09cb255122c4e578649e9ea1,trusted,historical_transaction_override,historical_transaction_override,True,106,2025-05-06,complete
2025-05-06,6222.22,38141.64,2,3486831.11,last_posted_transaction_or_prior_closing_balance,synb1_txn_d6d8365b0873a04fbb1f9548,trusted,weekday_rule,base_calendar,True,107,2025-05-07,complete
2025-05-07,0.00,141543.58,1,3345287.53,last_posted_transaction_or_prior_closing_balance,synb1_txn_5ffd01d8852881f34a82e4a6,trusted,weekday_rule,base_calendar,True,108,2025-05-08,complete
2025-05-08,0.00,0.00,0,3345287.53,last_posted_transaction_or_prior_closing_balance,,trusted,weekday_rule,base_calendar,True,109,2025-05-09,complete
2025-05-09,21466.67,63802.79,2,3302951.41,last_posted_transaction_or_prior_closing_balance,synb1_txn_860dd29f48304291bd0804a8,trusted,weekday_rule,base_calendar,True,110,2025-05-10,complete
2025-05-10,18666.66,0.00,1,3321618.07,last_posted_transaction_or_prior_closing_balance,synb1_txn_88b1fea638c42b91a057cca7,trusted,historical_transaction_override,historical_transaction_override,True,111,2025-05-11,complete
2025-05-11,0.00,26672.65,1,3294945.42,last_posted_transaction_or_prior_closing_balance,synb1_txn_112dc051681f2dfa0da53715,trusted,historical_transaction_override,historical_transaction_override,True,112,2025-05-12,complete
2025-05-12,0.00,18229.37,1,3276716.05,last_posted_transaction_or_prior_closing_balance,synb1_txn_3288ee3c1378372c7c7f1ec9,trusted,weekday_rule,base_calendar,True,113,2025-05-13,complete
2025-05-13,0.00,0.00,0,3276716.05,last_posted_transaction_or_prior_closing_balance,,trusted,weekday_rule,base_calendar,True,114,2025-05-14,complete
2025-05-14,0.00,28992.03,1,3247724.02,last_posted_transaction_or_prior_closing_balance,synb1_txn_b0c152dd27ba2db73a4978de,trusted,weekday_rule,base_calendar,True,115,2025-05-15,complete
2025-05-15,35935.82,14103.53,2,3269556.31,last_posted_transaction_or_prior_closing_balance,synb1_txn_ecd321878349225dc7a5bbba,trusted,weekday_rule,base_calendar,True,116,2025-05-16,complete
2025-05-16,0.00,0.00,0,3269556.31,last_posted_transaction_or_prior_closing_balance,,trusted,weekday_rule,base_calendar,True,117,2025-05-17,complete
2025-05-17,33273.91,0.00,1,3302830.22,last_posted_transaction_or_prior_closing_balance,synb1_txn_d876e5f78beac19fbf75f9c2,trusted,historical_transaction_override,historical_transaction_override,True,118,2025-05-18,complete
2025-05-18,0.00,12263.95,1,3290566.27,last_posted_transaction_or_prior_closing_balance,synb1_txn_276e762f29dcdcabc5bf0a9d,trusted,historical_transaction_override,historical_transaction_override,True,119,2025-05-19,complete
2025-05-19,35935.83,0.00,1,3326502.10,last_posted_transaction_or_prior_closing_balance,synb1_txn_88f05bda74d401062afd66bb,trusted,weekday_rule,base_calendar,True,120,2025-05-20,complete
2025-05-20,0.00,0.00,0,3326502.10,last_posted_transaction_or_prior_closing_balance,,trusted,weekday_rule,base_calendar,True,121,2025-05-21,complete
2025-05-21,67945.34,0.00,2,3394447.44,last_posted_transaction_or_prior_closing_balance,synb1_txn_fcfa85074e5911d9f5249893,trusted,weekday_rule,base_calendar,True,122,2025-05-22,complete
2025-05-22,0.00,0.00,0,3394447.44,last_posted_transaction_or_prior_closing_balance,,trusted,weekday_rule,base_calendar,True,123,2025-05-23,complete
2025-05-23,0.00,0.00,0,3394447.44,last_posted_transaction_or_prior_closing_balance,,trusted,weekday_rule,base_calendar,True,124,2025-05-25,complete
2025-05-24,0.00,0.00,0,3394447.44,last_posted_transaction_or_prior_closing_balance,,trusted,weekday_rule,base_calendar,False,,,complete
2025-05-25,60418.93,71728.82,3,3383137.55,last_posted_transaction_or_prior_closing_balance,synb1_txn_12c8027f2e36168a1cb45dfd,trusted,historical_transaction_override,historical_transaction_override,True,125,2025-05-26,complete
2025-05-26,49411.78,24609.64,2,3407939.69,last_posted_transaction_or_prior_closing_balance,synb1_txn_1905a19cef3b8226be82caae,trusted,weekday_rule,base_calendar,True,126,2025-05-27,complete
2025-05-27,22195.65,0.00,1,3430135.34,last_posted_transaction_or_prior_closing_balance,synb1_txn_eaff5a47a5cc462f2f04b9ff,trusted,weekday_rule,base_calendar,True,127,2025-05-28,complete
2025-05-28,21561.49,7336.82,4,3444360.01,last_posted_transaction_or_prior_closing_balance,synb1_txn_41bdfc939e8793030be7c22a,trusted,weekday_rule,base_calendar,True,128,2025-05-29,complete
2025-05-29,41712.96,57422.52,3,3428650.45,last_posted_transaction_or_prior_closing_balance,synb1_txn_ce15a56193aa83fad03d00bd,trusted,weekday_rule,base_calendar,True,129,2025-05-30,complete
2025-05-30,31443.87,0.00,1,3460094.32,last_posted_transaction_or_prior_closing_balance,synb1_txn_f1144ac270a335dd93c2ea8f,trusted,weekday_rule,base_calendar,True,130,2025-05-31,complete
2025-05-31,31708.09,0.00,1,3491802.41,last_posted_transaction_or_prior_closing_balance,synb1_txn_2558183e766a37c492d155ec,trusted,historical_transaction_override,historical_transaction_override,True,131,2025-06-01,complete
2025-06-01,32342.25,0.00,1,3524144.66,last_posted_transaction_or_prior_closing_balance,synb1_txn_d854e35c06d2eecb21f97503,trusted,historical_transaction_override,historical_transaction_override,True,132,2025-06-02,complete
2025-06-02,18253.12,17361.30,2,3525036.48,last_posted_transaction_or_prior_closing_balance,synb1_txn_8d676e865a34638f1a5110ef,trusted,historical_transaction_override,historical_transaction_override,True,133,2025-06-03,complete
2025-06-03,0.00,41209.50,1,3483826.98,last_posted_transaction_or_prior_closing_balance,synb1_txn_74f0c6649a55fd67d9ff7d08,trusted,weekday_rule,base_calendar,True,134,2025-06-04,complete
2025-06-04,0.00,0.00,0,3483826.98,last_posted_transaction_or_prior_closing_balance,,trusted,weekday_rule,base_calendar,True,135,2025-06-05,complete
2025-06-05,0.00,29514.22,1,3454312.76,last_posted_transaction_or_prior_closing_balance,synb1_txn_08a8585552869086469b8865,trusted,weekday_rule,base_calendar,True,136,2025-06-06,complete
2025-06-06,38025.12,0.00,1,3492337.88,last_posted_transaction_or_prior_closing_balance,synb1_txn_c22b0d7024bff643a8c6a4d1,trusted,weekday_rule,base_calendar,True,137,2025-06-07,complete
2025-06-07,0.00,141543.58,1,3350794.30,last_posted_transaction_or_prior_closing_balance,synb1_txn_b23cf6564165536edaefb225,trusted,historical_transaction_override,historical_transaction_override,True,138,2025-06-09,complete
2025-06-08,0.00,0.00,0,3350794.30,last_posted_transaction_or_prior_closing_balance,,trusted,weekday_rule,base_calendar,False,,,complete
2025-06-09,0.00,0.00,0,3350794.30,last_posted_transaction_or_prior_closing_balance,,trusted,weekday_rule,base_calendar,True,139,2025-06-10,complete
2025-06-10,39835.84,0.00,1,3390630.14,last_posted_transaction_or_prior_closing_balance,synb1_txn_d0062579c154470a1c5be7c4,trusted,weekday_rule,base_calendar,True,140,2025-06-11,complete
2025-06-11,0.00,0.00,0,3390630.14,last_posted_transaction_or_prior_closing_balance,,trusted,weekday_rule,base_calendar,True,141,2025-06-12,complete
2025-06-12,0.00,0.00,0,3390630.14,last_posted_transaction_or_prior_closing_balance,,trusted,weekday_rule,base_calendar,True,142,2025-06-13,complete
2025-06-13,0.00,0.00,0,3390630.14,last_posted_transaction_or_prior_closing_balance,,trusted,weekday_rule,base_calendar,True,143,2025-06-14,complete
2025-06-14,23121.38,0.00,1,3413751.52,last_posted_transaction_or_prior_closing_balance,synb1_txn_f3983a502c8e13e50405d6f2,trusted,historical_transaction_override,historical_transaction_override,True,144,2025-06-16,complete
2025-06-15,0.00,0.00,0,3413751.52,last_posted_transaction_or_prior_closing_balance,,trusted,weekday_rule,base_calendar,False,,,complete
2025-06-16,0.00,14527.53,1,3399223.99,last_posted_transaction_or_prior_closing_balance,synb1_txn_d1c8e846e7ac5f53a5ffe3ae,trusted,weekday_rule,base_calendar,True,145,2025-06-17,complete
2025-06-17,0.00,0.00,0,3399223.99,last_posted_transaction_or_prior_closing_balance,,trusted,weekday_rule,base_calendar,True,146,2025-06-18,complete
2025-06-18,57292.36,39950.73,3,3416565.62,last_posted_transaction_or_prior_closing_balance,synb1_txn_8fe5ca2b0a22bb9a64c4a5a7,trusted,weekday_rule,base_calendar,True,147,2025-06-19,complete
2025-06-19,0.00,17433.05,1,3399132.57,last_posted_transaction_or_prior_closing_balance,synb1_txn_7201417e6f1c5f297f1a3fe4,trusted,weekday_rule,base_calendar,True,148,2025-06-20,complete
2025-06-20,25324.71,0.00,1,3424457.28,last_posted_transaction_or_prior_closing_balance,synb1_txn_10320a2b0905b21fde07a78c,trusted,weekday_rule,base_calendar,True,149,2025-06-21,complete
2025-06-21,0.00,23970.45,1,3400486.83,last_posted_transaction_or_prior_closing_balance,synb1_txn_8692bea8ef8937908908e59e,trusted,historical_transaction_override,historical_transaction_override,True,150,2025-06-22,complete
2025-06-22,23170.07,25568.46,2,3398088.44,last_posted_transaction_or_prior_closing_balance,synb1_txn_e89813f6c104e1785225a9ca,trusted,historical_transaction_override,historical_transaction_override,True,151,2025-06-23,complete
2025-06-23,0.00,0.00,0,3398088.44,last_posted_transaction_or_prior_closing_balance,,trusted,weekday_rule,base_calendar,True,152,2025-06-24,complete
2025-06-24,19993.20,38286.11,2,3379795.53,last_posted_transaction_or_prior_closing_balance,synb1_txn_f4c2ad1f9542b9a293f64e02,trusted,weekday_rule,base_calendar,True,153,2025-06-25,complete
2025-06-25,24457.30,120735.05,3,3283517.78,last_posted_transaction_or_prior_closing_balance,synb1_txn_a8d542a19dd341faac1b8591,trusted,weekday_rule,base_calendar,True,154,2025-06-26,complete
2025-06-26,17983.30,31255.56,2,3270245.52,last_posted_transaction_or_prior_closing_balance,synb1_txn_bdaa821e64368d5ef4eed83d,trusted,weekday_rule,base_calendar,True,155,2025-06-27,complete
2025-06-27,0.00,28298.43,1,3241947.09,last_posted_transaction_or_prior_closing_balance,synb1_txn_cf6f5fa6a9095fdccda6dad2,trusted,weekday_rule,base_calendar,True,156,2025-06-28,complete
2025-06-28,55028.89,0.00,1,3296975.98,last_posted_transaction_or_prior_closing_balance,synb1_txn_71543c6ef4df1be5c4ff105f,trusted,historical_transaction_override,historical_transaction_override,True,157,2025-06-29,complete
2025-06-29,30571.64,24675.45,2,3302872.17,last_posted_transaction_or_prior_closing_balance,synb1_txn_11f6eaae1d39a46a6dcd37db,trusted,historical_transaction_override,historical_transaction_override,True,158,2025-06-30,complete
2025-06-30,86679.50,7336.82,5,3382214.85,last_posted_transaction_or_prior_closing_balance,synb1_txn_f3b261714141d8fb7be372b2,trusted,weekday_rule,base_calendar,True,159,2025-07-01,complete
2025-07-01,0.00,0.00,0,3382214.85,last_posted_transaction_or_prior_closing_balance,,trusted,weekday_rule,base_calendar,True,160,2025-07-02,complete
2025-07-02,58876.65,0.00,2,3441091.50,last_posted_transaction_or_prior_closing_balance,synb1_txn_258570db7a1f27b2efcda064,trusted,weekday_rule,base_calendar,True,161,2025-07-03,complete
2025-07-03,0.00,41209.50,1,3399882.00,last_posted_transaction_or_prior_closing_balance,synb1_txn_b1a7722b28630839504a5914,trusted,weekday_rule,base_calendar,True,162,2025-07-04,complete
2025-07-04,15105.98,0.00,1,3414987.98,last_posted_transaction_or_prior_closing_balance,synb1_txn_33d9ddd8049d00332ec5275e,trusted,weekday_rule,base_calendar,True,163,2025-07-06,complete
2025-07-05,0.00,0.00,0,3414987.98,last_posted_transaction_or_prior_closing_balance,,trusted,weekday_rule,base_calendar,False,,,complete
2025-07-06,31759.19,0.00,1,3446747.17,last_posted_transaction_or_prior_closing_balance,synb1_txn_87a606e9652b8814ff67c50a,trusted,historical_transaction_override,historical_transaction_override,True,164,2025-07-07,complete
2025-07-07,0.00,141543.58,1,3305203.59,last_posted_transaction_or_prior_closing_balance,synb1_txn_c50d0c3b68fd8235479309e5,trusted,weekday_rule,base_calendar,True,165,2025-07-08,complete
2025-07-08,0.00,0.00,0,3305203.59,last_posted_transaction_or_prior_closing_balance,,trusted,weekday_rule,base_calendar,True,166,2025-07-09,complete
2025-07-09,0.00,63921.16,1,3241282.43,last_posted_transaction_or_prior_closing_balance,synb1_txn_48f4d36c564514c6baefb3ec,trusted,weekday_rule,base_calendar,True,167,2025-07-10,complete
2025-07-10,0.00,0.00,0,3241282.43,last_posted_transaction_or_prior_closing_balance,,trusted,weekday_rule,base_calendar,True,168,2025-07-11,complete
2025-07-11,0.00,0.00,0,3241282.43,last_posted_transaction_or_prior_closing_balance,,trusted,weekday_rule,base_calendar,True,169,2025-07-12,complete
2025-07-12,33988.43,42614.11,2,3232656.75,last_posted_transaction_or_prior_closing_balance,synb1_txn_9362f37410550dddda89aa35,trusted,historical_transaction_override,historical_transaction_override,True,170,2025-07-14,complete
2025-07-13,0.00,0.00,0,3232656.75,last_posted_transaction_or_prior_closing_balance,,trusted,weekday_rule,base_calendar,False,,,complete
2025-07-14,0.00,0.00,0,3232656.75,last_posted_transaction_or_prior_closing_balance,,trusted,weekday_rule,base_calendar,True,171,2025-07-15,complete
2025-07-15,0.00,25909.10,1,3206747.65,last_posted_transaction_or_prior_closing_balance,synb1_txn_6c28ca92969cd2924702dc28,trusted,weekday_rule,base_calendar,True,172,2025-07-16,complete
2025-07-16,56647.40,18211.15,2,3245183.90,last_posted_transaction_or_prior_closing_balance,synb1_txn_f8429febb4d08b77bcbcc9c7,trusted,weekday_rule,base_calendar,True,173,2025-07-17,complete
2025-07-17,74889.00,24660.93,3,3295411.97,last_posted_transaction_or_prior_closing_balance,synb1_txn_2994d1d9441ac68f5930a651,trusted,weekday_rule,base_calendar,True,174,2025-07-18,complete
2025-07-18,0.00,22919.59,1,3272492.38,last_posted_transaction_or_prior_closing_balance,synb1_txn_8e9704983a0ce0dd7c3ace86,trusted,weekday_rule,base_calendar,True,175,2025-07-19,complete
2025-07-19,0.00,17300.60,1,3255191.78,last_posted_transaction_or_prior_closing_balance,synb1_txn_51841a8ee304cc3deb2e5373,trusted,historical_transaction_override,historical_transaction_override,True,176,2025-07-20,complete
2025-07-20,0.00,19728.76,1,3235463.02,last_posted_transaction_or_prior_closing_balance,synb1_txn_8d1b201de47149f2f3672987,trusted,historical_transaction_override,historical_transaction_override,True,177,2025-07-21,complete
2025-07-21,53518.63,0.00,2,3288981.65,last_posted_transaction_or_prior_closing_balance,synb1_txn_2eba2c97a4fabfa95958bc0f,trusted,weekday_rule,base_calendar,True,178,2025-07-22,complete
2025-07-22,0.00,0.00,0,3288981.65,last_posted_transaction_or_prior_closing_balance,,trusted,weekday_rule,base_calendar,True,179,2025-07-23,complete
2025-07-23,14699.86,0.00,1,3303681.51,last_posted_transaction_or_prior_closing_balance,synb1_txn_71d36cd69661ca7b42bae9eb,trusted,weekday_rule,base_calendar,True,180,2025-07-24,complete
2025-07-24,0.00,0.00,0,3303681.51,last_posted_transaction_or_prior_closing_balance,,trusted,weekday_rule,base_calendar,True,181,2025-07-25,complete
2025-07-25,51881.86,71728.82,2,3283834.55,last_posted_transaction_or_prior_closing_balance,synb1_txn_621ca49f298e38b437741bec,trusted,weekday_rule,base_calendar,True,182,2025-07-26,complete
2025-07-26,24813.06,0.00,1,3308647.61,last_posted_transaction_or_prior_closing_balance,synb1_txn_ff7bdc47bd3fe1417a281854,trusted,historical_transaction_override,historical_transaction_override,True,183,2025-07-27,complete
2025-07-27,85268.10,0.00,3,3393915.71,last_posted_transaction_or_prior_closing_balance,synb1_txn_4133689e005c866478f3f4e7,trusted,historical_transaction_override,historical_transaction_override,True,184,2025-07-28,complete
2025-07-28,0.00,7336.82,3,3386578.89,last_posted_transaction_or_prior_closing_balance,synb1_txn_20c61bb7e15ea47ab2ce4f5e,trusted,weekday_rule,base_calendar,True,185,2025-07-29,complete
2025-07-29,19455.71,0.00,1,3406034.60,last_posted_transaction_or_prior_closing_balance,synb1_txn_6408b795ae5b69c0fa5cb2a5,trusted,weekday_rule,base_calendar,True,186,2025-07-30,complete
2025-07-30,32257.00,0.00,1,3438291.60,last_posted_transaction_or_prior_closing_balance,synb1_txn_bbe1a9f4aa5aad2fd3f1f63f,trusted,weekday_rule,base_calendar,True,187,2025-07-31,complete
2025-07-31,53407.82,0.00,2,3491699.42,last_posted_transaction_or_prior_closing_balance,synb1_txn_7076a1566a16c56e44eeb652,trusted,weekday_rule,base_calendar,True,188,2025-08-01,complete
2025-08-01,0.00,0.00,0,3491699.42,last_posted_transaction_or_prior_closing_balance,,trusted,weekday_rule,base_calendar,True,189,2025-08-03,complete
2025-08-02,0.00,0.00,0,3491699.42,last_posted_transaction_or_prior_closing_balance,,trusted,weekday_rule,base_calendar,False,,,complete
2025-08-03,24076.43,68139.24,3,3447636.61,last_posted_transaction_or_prior_closing_balance,synb1_txn_846f472d4db467d84e9cb846,trusted,historical_transaction_override,historical_transaction_override,True,190,2025-08-04,complete
2025-08-04,0.00,0.00,0,3447636.61,last_posted_transaction_or_prior_closing_balance,,trusted,weekday_rule,base_calendar,True,191,2025-08-05,complete
2025-08-05,0.00,0.00,0,3447636.61,last_posted_transaction_or_prior_closing_balance,,trusted,weekday_rule,base_calendar,True,192,2025-08-06,complete
2025-08-06,0.00,30776.86,1,3416859.75,last_posted_transaction_or_prior_closing_balance,synb1_txn_877a98d9d79beaa55211a5ed,trusted,weekday_rule,base_calendar,True,193,2025-08-07,complete
2025-08-07,40127.39,141543.58,2,3315443.56,last_posted_transaction_or_prior_closing_balance,synb1_txn_c80fbf9d0f5d4a52db57bba5,trusted,weekday_rule,base_calendar,True,194,2025-08-08,complete
2025-08-08,0.00,0.00,0,3315443.56,last_posted_transaction_or_prior_closing_balance,,trusted,weekday_rule,base_calendar,True,195,2025-08-09,complete
2025-08-09,0.00,19768.68,1,3295674.88,last_posted_transaction_or_prior_closing_balance,synb1_txn_85e4fea66c09667644583d81,trusted,historical_transaction_override,historical_transaction_override,True,196,2025-08-10,complete
2025-08-10,0.00,51398.59,1,3244276.29,last_posted_transaction_or_prior_closing_balance,synb1_txn_dd3906cf98f510652e69e0da,trusted,historical_transaction_override,historical_transaction_override,True,197,2025-08-11,complete
2025-08-11,29350.33,0.00,1,3273626.62,last_posted_transaction_or_prior_closing_balance,synb1_txn_f675e99065ae90d3f1a9a6ce,trusted,weekday_rule,base_calendar,True,198,2025-08-12,complete
2025-08-12,0.00,11070.47,1,3262556.15,last_posted_transaction_or_prior_closing_balance,synb1_txn_6f293b3494fe1e1bd03efab5,trusted,weekday_rule,base_calendar,True,199,2025-08-13,complete
2025-08-13,0.00,25699.30,1,3236856.85,last_posted_transaction_or_prior_closing_balance,synb1_txn_905f19b4979dd1983c19ee62,trusted,weekday_rule,base_calendar,True,200,2025-08-14,complete
2025-08-14,36196.57,51398.60,2,3221654.82,last_posted_transaction_or_prior_closing_balance,synb1_txn_231ab2506e82df46639de5ed,trusted,weekday_rule,base_calendar,True,201,2025-08-15,complete
2025-08-15,56254.81,0.00,1,3277909.63,last_posted_transaction_or_prior_closing_balance,synb1_txn_9a27312a12cdeee330ce20f4,trusted,weekday_rule,base_calendar,True,202,2025-08-17,complete
2025-08-16,0.00,0.00,0,3277909.63,last_posted_transaction_or_prior_closing_balance,,trusted,weekday_rule,base_calendar,False,,,complete
2025-08-17,0.00,25699.31,1,3252210.32,last_posted_transaction_or_prior_closing_balance,synb1_txn_9355c4a398f3dc7bad5d2916,trusted,historical_transaction_override,historical_transaction_override,True,203,2025-08-18,complete
2025-08-18,42777.78,0.00,1,3294988.10,last_posted_transaction_or_prior_closing_balance,synb1_txn_e9d0ab83872ef1ea871c6a16,trusted,weekday_rule,base_calendar,True,204,2025-08-19,complete
2025-08-19,24449.06,0.00,1,3319437.16,last_posted_transaction_or_prior_closing_balance,synb1_txn_10481e941d39fd05c2010d95,trusted,weekday_rule,base_calendar,True,205,2025-08-20,complete
2025-08-20,68416.28,0.00,1,3387853.44,last_posted_transaction_or_prior_closing_balance,synb1_txn_77399c817125b95cbf0d9953,trusted,weekday_rule,base_calendar,True,206,2025-08-21,complete
2025-08-21,7411.08,0.00,1,3395264.52,last_posted_transaction_or_prior_closing_balance,synb1_txn_72a5b95089460e79a9bccffe,trusted,weekday_rule,base_calendar,True,207,2025-08-22,complete
2025-08-22,0.00,0.00,0,3395264.52,last_posted_transaction_or_prior_closing_balance,,trusted,weekday_rule,base_calendar,True,208,2025-08-23,complete
2025-08-23,25807.35,0.00,1,3421071.87,last_posted_transaction_or_prior_closing_balance,synb1_txn_baee1c44e995c7bc3b480728,trusted,historical_transaction_override,historical_transaction_override,True,209,2025-08-24,complete
2025-08-24,28506.79,25341.74,2,3424236.92,last_posted_transaction_or_prior_closing_balance,synb1_txn_9986a63a8edb1b4030464dca,trusted,historical_transaction_override,historical_transaction_override,True,210,2025-08-25,complete
2025-08-25,21306.86,71728.82,2,3373814.96,last_posted_transaction_or_prior_closing_balance,synb1_txn_75caf8cc91ece66dce282c18,trusted,weekday_rule,base_calendar,True,211,2025-08-26,complete
2025-08-26,0.00,0.00,0,3373814.96,last_posted_transaction_or_prior_closing_balance,,trusted,weekday_rule,base_calendar,True,212,2025-08-27,complete
2025-08-27,0.00,39420.49,1,3334394.47,last_posted_transaction_or_prior_closing_balance,synb1_txn_8e090dcdcb054c66f9b31283,trusted,weekday_rule,base_calendar,True,213,2025-08-28,complete
2025-08-28,68589.73,7336.82,5,3395647.38,last_posted_transaction_or_prior_closing_balance,synb1_txn_4e06585584f65b932f37528d,trusted,weekday_rule,base_calendar,True,214,2025-08-29,complete
2025-08-29,28205.12,0.00,1,3423852.50,last_posted_transaction_or_prior_closing_balance,synb1_txn_6e7be8667ee8d05ab1746c76,trusted,weekday_rule,base_calendar,True,215,2025-09-01,complete
2025-08-30,0.00,0.00,0,3423852.50,last_posted_transaction_or_prior_closing_balance,,trusted,weekday_rule,base_calendar,False,,,complete
2025-08-31,0.00,0.00,0,3423852.50,last_posted_transaction_or_prior_closing_balance,,trusted,weekday_rule,base_calendar,False,,,complete
2025-09-01,75000.00,0.00,2,3498852.50,last_posted_transaction_or_prior_closing_balance,synb1_txn_15720cf57dea48a360ab3d4a,trusted,weekday_rule,base_calendar,True,216,2025-09-02,complete
2025-09-02,67999.99,0.00,2,3566852.49,last_posted_transaction_or_prior_closing_balance,synb1_txn_f3255134bca3cfb4287946b4,trusted,weekday_rule,base_calendar,True,217,2025-09-03,complete
2025-09-03,0.00,54701.63,2,3512150.86,last_posted_transaction_or_prior_closing_balance,synb1_txn_4895614c36a5ef1ececa8c14,trusted,weekday_rule,base_calendar,True,218,2025-09-04,complete
2025-09-04,22957.69,0.00,1,3535108.55,last_posted_transaction_or_prior_closing_balance,synb1_txn_05279922e172d4e8727104f4,trusted,weekday_rule,base_calendar,True,219,2025-09-05,complete
2025-09-05,0.00,0.00,0,3535108.55,last_posted_transaction_or_prior_closing_balance,,trusted,weekday_rule,base_calendar,True,220,2025-09-06,complete
2025-09-06,25846.16,29682.69,2,3531272.02,last_posted_transaction_or_prior_closing_balance,synb1_txn_dd1ee84418aa76ed428155cf,trusted,historical_transaction_override,historical_transaction_override,True,221,2025-09-07,complete
2025-09-07,0.00,141543.58,1,3389728.44,last_posted_transaction_or_prior_closing_balance,synb1_txn_6ff2d127f827eab9403a32f4,trusted,historical_transaction_override,historical_transaction_override,True,222,2025-09-08,complete
2025-09-08,16529.54,0.00,1,3406257.98,last_posted_transaction_or_prior_closing_balance,synb1_txn_dbdfdaedecbac67ad56e18bf,trusted,weekday_rule,base_calendar,True,223,2025-09-09,complete
2025-09-09,0.00,0.00,0,3406257.98,last_posted_transaction_or_prior_closing_balance,,trusted,weekday_rule,base_calendar,True,224,2025-09-10,complete
2025-09-10,0.00,0.00,0,3406257.98,last_posted_transaction_or_prior_closing_balance,,trusted,weekday_rule,base_calendar,True,225,2025-09-11,complete
2025-09-11,0.00,0.00,0,3406257.98,last_posted_transaction_or_prior_closing_balance,,trusted,weekday_rule,base_calendar,True,226,2025-09-12,complete
2025-09-12,0.00,60783.27,3,3345474.71,last_posted_transaction_or_prior_closing_balance,synb1_txn_834b256a11b73218517a452a,trusted,weekday_rule,base_calendar,True,227,2025-09-15,complete
2025-09-13,0.00,0.00,0,3345474.71,last_posted_transaction_or_prior_closing_balance,,trusted,weekday_rule,base_calendar,False,,,complete
2025-09-14,0.00,0.00,0,3345474.71,last_posted_transaction_or_prior_closing_balance,,trusted,weekday_rule,base_calendar,False,,,complete
2025-09-15,0.00,70549.02,3,3274925.69,last_posted_transaction_or_prior_closing_balance,synb1_txn_be4124882d4a9cf72a44bd97,trusted,weekday_rule,base_calendar,True,228,2025-09-16,complete
2025-09-16,0.00,0.00,0,3274925.69,last_posted_transaction_or_prior_closing_balance,,trusted,weekday_rule,base_calendar,True,229,2025-09-17,complete
2025-09-17,0.00,0.00,0,3274925.69,last_posted_transaction_or_prior_closing_balance,,trusted,weekday_rule,base_calendar,True,230,2025-09-18,complete
2025-09-18,29952.00,0.00,1,3304877.69,last_posted_transaction_or_prior_closing_balance,synb1_txn_d383a51d89d4741b761ef7a3,trusted,weekday_rule,base_calendar,True,231,2025-09-19,complete
2025-09-19,0.00,0.00,0,3304877.69,last_posted_transaction_or_prior_closing_balance,,trusted,weekday_rule,base_calendar,True,232,2025-09-20,complete
2025-09-20,22400.00,0.00,1,3327277.69,last_posted_transaction_or_prior_closing_balance,synb1_txn_229ac1aea39412bbc4af0081,trusted,historical_transaction_override,historical_transaction_override,True,233,2025-09-21,complete
2025-09-21,73947.94,0.00,2,3401225.63,last_posted_transaction_or_prior_closing_balance,synb1_txn_1b037eb2f7b1b5f95b6dc1b3,trusted,historical_transaction_override,historical_transaction_override,True,234,2025-09-22,complete
2025-09-22,53248.00,0.00,1,3454473.63,last_posted_transaction_or_prior_closing_balance,synb1_txn_217c7748e120939e620c142a,trusted,weekday_rule,base_calendar,True,235,2025-09-23,complete
2025-09-23,0.00,0.00,0,3454473.63,last_posted_transaction_or_prior_closing_balance,,trusted,weekday_rule,base_calendar,True,236,2025-09-24,complete
2025-09-24,22400.00,0.00,1,3476873.63,last_posted_transaction_or_prior_closing_balance,synb1_txn_a085f5911e438583e2aaa1c0,trusted,weekday_rule,base_calendar,True,237,2025-09-25,complete
2025-09-25,79652.06,71728.82,3,3484796.87,last_posted_transaction_or_prior_closing_balance,synb1_txn_84a62eac3e58de81f5052866,trusted,weekday_rule,base_calendar,True,238,2025-09-26,complete
2025-09-26,0.00,32764.80,1,3452032.07,last_posted_transaction_or_prior_closing_balance,synb1_txn_ab3c825a5a11eeac9f95d018,trusted,weekday_rule,base_calendar,True,239,2025-09-28,complete
2025-09-27,0.00,0.00,0,3452032.07,last_posted_transaction_or_prior_closing_balance,,trusted,weekday_rule,base_calendar,False,,,complete
2025-09-28,19200.00,7336.82,4,3463895.25,last_posted_transaction_or_prior_closing_balance,synb1_txn_4d30a00ce0f4603cd645edee,trusted,gov_cn_2025_holiday_schedule_v1,base_calendar,True,240,2025-09-29,complete
2025-09-29,19459.45,34585.08,2,3448769.62,last_posted_transaction_or_prior_closing_balance,synb1_txn_f96935a473acd76125a13550,trusted,weekday_rule,base_calendar,True,241,2025-09-30,complete
2025-09-30,40000.00,46048.52,2,3442721.10,last_posted_transaction_or_prior_closing_balance,synb1_txn_c9f845205642c0969699c796,trusted,weekday_rule,base_calendar,True,242,2025-10-02,complete
2025-10-01,0.00,0.00,0,3442721.10,last_posted_transaction_or_prior_closing_balance,,trusted,gov_cn_2025_holiday_schedule_v1,base_calendar,False,,,complete
2025-10-02,19200.00,0.00,1,3461921.10,last_posted_transaction_or_prior_closing_balance,synb1_txn_2a9f52b23fe3a6aeb66bca0e,trusted,historical_transaction_override,historical_transaction_override,True,243,2025-10-03,complete
2025-10-03,9340.55,89450.81,3,3381810.84,last_posted_transaction_or_prior_closing_balance,synb1_txn_ba836eebb157e3ff8cfb4313,trusted,historical_transaction_override,historical_transaction_override,True,244,2025-10-04,complete
2025-10-04,27200.00,0.00,1,3409010.84,last_posted_transaction_or_prior_closing_balance,synb1_txn_dae4885b29713cb8f0c4f112,trusted,historical_transaction_override,historical_transaction_override,True,245,2025-10-07,complete
2025-10-05,0.00,0.00,0,3409010.84,last_posted_transaction_or_prior_closing_balance,,trusted,gov_cn_2025_holiday_schedule_v1,base_calendar,False,,,complete
2025-10-06,0.00,0.00,0,3409010.84,last_posted_transaction_or_prior_closing_balance,,trusted,gov_cn_2025_holiday_schedule_v1,base_calendar,False,,,complete
2025-10-07,0.00,141543.58,1,3267467.26,last_posted_transaction_or_prior_closing_balance,synb1_txn_83144cd50d361c7ff4c825bf,trusted,historical_transaction_override,historical_transaction_override,True,246,2025-10-09,complete
2025-10-08,0.00,0.00,0,3267467.26,last_posted_transaction_or_prior_closing_balance,,trusted,gov_cn_2025_holiday_schedule_v1,base_calendar,False,,,complete
2025-10-09,59115.78,25302.13,2,3301280.91,last_posted_transaction_or_prior_closing_balance,synb1_txn_cee82121641271bfecceff85,trusted,weekday_rule,base_calendar,True,247,2025-10-10,complete
2025-10-10,0.00,0.00,0,3301280.91,last_posted_transaction_or_prior_closing_balance,,trusted,weekday_rule,base_calendar,True,248,2025-10-11,complete
2025-10-11,0.00,0.00,0,3301280.91,last_posted_transaction_or_prior_closing_balance,,trusted,gov_cn_2025_holiday_schedule_v1,base_calendar,True,249,2025-10-12,complete
2025-10-12,58453.56,37953.20,3,3321781.27,last_posted_transaction_or_prior_closing_balance,synb1_txn_b89cf3b4a2f89cc39c7328d6,trusted,historical_transaction_override,historical_transaction_override,True,250,2025-10-13,complete
2025-10-13,27284.22,0.00,1,3349065.49,last_posted_transaction_or_prior_closing_balance,synb1_txn_c3bdd713a189847140020a5a,trusted,weekday_rule,base_calendar,True,251,2025-10-14,complete
2025-10-14,0.00,0.00,0,3349065.49,last_posted_transaction_or_prior_closing_balance,,trusted,weekday_rule,base_calendar,True,252,2025-10-15,complete
2025-10-15,0.00,0.00,0,3349065.49,last_posted_transaction_or_prior_closing_balance,,trusted,weekday_rule,base_calendar,True,253,2025-10-16,complete
2025-10-16,80487.22,0.00,2,3429552.71,last_posted_transaction_or_prior_closing_balance,synb1_txn_aa5845e82ff2213b409455c0,trusted,weekday_rule,base_calendar,True,254,2025-10-17,complete
2025-10-17,0.00,0.00,0,3429552.71,last_posted_transaction_or_prior_closing_balance,,trusted,weekday_rule,base_calendar,True,255,2025-10-18,complete
2025-10-18,17248.97,0.00,1,3446801.68,last_posted_transaction_or_prior_closing_balance,synb1_txn_c4ccb25ad5016660ae62b6e2,trusted,historical_transaction_override,historical_transaction_override,True,256,2025-10-19,complete
2025-10-19,28440.83,0.00,1,3475242.51,last_posted_transaction_or_prior_closing_balance,synb1_txn_4f877a27cf7d55e82db102e2,trusted,historical_transaction_override,historical_transaction_override,True,257,2025-10-20,complete
2025-10-20,0.00,16021.90,1,3459220.61,last_posted_transaction_or_prior_closing_balance,synb1_txn_02506c7b8363322421f247b9,trusted,weekday_rule,base_calendar,True,258,2025-10-21,complete
2025-10-21,0.00,0.00,0,3459220.61,last_posted_transaction_or_prior_closing_balance,,trusted,weekday_rule,base_calendar,True,259,2025-10-22,complete
2025-10-22,20292.92,0.00,1,3479513.53,last_posted_transaction_or_prior_closing_balance,synb1_txn_f1d2c744eb2d26c3bd86ae59,trusted,weekday_rule,base_calendar,True,260,2025-10-23,complete
2025-10-23,87313.35,30587.28,3,3536239.60,last_posted_transaction_or_prior_closing_balance,synb1_txn_c00bba7ed85da4e3a36e11d3,trusted,weekday_rule,base_calendar,True,261,2025-10-24,complete
2025-10-24,0.00,0.00,0,3536239.60,last_posted_transaction_or_prior_closing_balance,,trusted,weekday_rule,base_calendar,True,262,2025-10-25,complete
2025-10-25,0.00,150830.94,3,3385408.66,last_posted_transaction_or_prior_closing_balance,synb1_txn_c7ba2f8340de491719944f6f,trusted,historical_transaction_override,historical_transaction_override,True,263,2025-10-26,complete
2025-10-26,0.00,16181.59,1,3369227.07,last_posted_transaction_or_prior_closing_balance,synb1_txn_e308f4b66fa3597ea40a2086,trusted,historical_transaction_override,historical_transaction_override,True,264,2025-10-27,complete
2025-10-27,62771.67,0.00,2,3431998.74,last_posted_transaction_or_prior_closing_balance,synb1_txn_e7f7cb723a35c1424bfdb944,trusted,weekday_rule,base_calendar,True,265,2025-10-28,complete
2025-10-28,0.00,74720.69,5,3357278.05,last_posted_transaction_or_prior_closing_balance,synb1_txn_4e14a9bf882b72a2207baa5f,trusted,weekday_rule,base_calendar,True,266,2025-10-29,complete
2025-10-29,0.00,20439.91,1,3336838.14,last_posted_transaction_or_prior_closing_balance,synb1_txn_a0afa1de1f73e1a5991ed977,trusted,weekday_rule,base_calendar,True,267,2025-10-30,complete
2025-10-30,0.00,0.00,0,3336838.14,last_posted_transaction_or_prior_closing_balance,,trusted,weekday_rule,base_calendar,True,268,2025-10-31,complete
2025-10-31,52982.52,0.00,1,3389820.66,last_posted_transaction_or_prior_closing_balance,synb1_txn_ef25ee0c9c3511c1526cc940,trusted,weekday_rule,base_calendar,True,269,2025-11-02,complete
2025-11-01,0.00,0.00,0,3389820.66,last_posted_transaction_or_prior_closing_balance,,trusted,weekday_rule,base_calendar,False,,,complete
2025-11-02,55400.36,0.00,2,3445221.02,last_posted_transaction_or_prior_closing_balance,synb1_txn_e4b700006004d2f2defac65a,trusted,historical_transaction_override,historical_transaction_override,True,270,2025-11-03,complete
2025-11-03,0.00,41209.50,1,3404011.52,last_posted_transaction_or_prior_closing_balance,synb1_txn_c95aa73c293bcb2205599e11,trusted,weekday_rule,base_calendar,True,271,2025-11-04,complete
2025-11-04,0.00,0.00,0,3404011.52,last_posted_transaction_or_prior_closing_balance,,trusted,weekday_rule,base_calendar,True,272,2025-11-05,complete
2025-11-05,18075.74,0.00,1,3422087.26,last_posted_transaction_or_prior_closing_balance,synb1_txn_13a45b4687cce70429bfa683,trusted,weekday_rule,base_calendar,True,273,2025-11-06,complete
2025-11-06,63482.31,0.00,2,3485569.57,last_posted_transaction_or_prior_closing_balance,synb1_txn_c6b1fade940bf1900d44fcf3,trusted,weekday_rule,base_calendar,True,274,2025-11-07,complete
2025-11-07,0.00,141543.58,1,3344025.99,last_posted_transaction_or_prior_closing_balance,synb1_txn_f9be869abe982fd8c3e2aa9b,trusted,weekday_rule,base_calendar,True,275,2025-11-09,complete
2025-11-08,0.00,0.00,0,3344025.99,last_posted_transaction_or_prior_closing_balance,,trusted,weekday_rule,base_calendar,False,,,complete
2025-11-09,31980.16,0.00,1,3376006.15,last_posted_transaction_or_prior_closing_balance,synb1_txn_67a871cd037c302fe7697aba,trusted,historical_transaction_override,historical_transaction_override,True,276,2025-11-10,complete
2025-11-10,16054.10,0.00,1,3392060.25,last_posted_transaction_or_prior_closing_balance,synb1_txn_a0f991ead2a1e4e911fa2e6c,trusted,weekday_rule,base_calendar,True,277,2025-11-11,complete
2025-11-11,17422.22,18407.62,2,3391074.85,last_posted_transaction_or_prior_closing_balance,synb1_txn_36425c60679fbc3449fc6fa4,trusted,weekday_rule,base_calendar,True,278,2025-11-12,complete
2025-11-12,0.00,0.00,0,3391074.85,last_posted_transaction_or_prior_closing_balance,,trusted,weekday_rule,base_calendar,True,279,2025-11-13,complete
2025-11-13,0.00,0.00,0,3391074.85,last_posted_transaction_or_prior_closing_balance,,trusted,weekday_rule,base_calendar,True,280,2025-11-14,complete
2025-11-14,24616.29,16469.99,2,3399221.15,last_posted_transaction_or_prior_closing_balance,synb1_txn_3f753aa7ed96a2375b50e359,trusted,weekday_rule,base_calendar,True,281,2025-11-15,complete
2025-11-15,37022.22,0.00,1,3436243.37,last_posted_transaction_or_prior_closing_balance,synb1_txn_808c119dc9a3e72f68d08568,trusted,historical_transaction_override,historical_transaction_override,True,282,2025-11-16,complete
2025-11-16,0.00,16583.31,1,3419660.06,last_posted_transaction_or_prior_closing_balance,synb1_txn_28f82fa84d9bf3a0e8638d73,trusted,historical_transaction_override,historical_transaction_override,True,283,2025-11-17,complete
2025-11-17,0.00,0.00,0,3419660.06,last_posted_transaction_or_prior_closing_balance,,trusted,weekday_rule,base_calendar,True,284,2025-11-18,complete
2025-11-18,0.00,0.00,0,3419660.06,last_posted_transaction_or_prior_closing_balance,,trusted,weekday_rule,base_calendar,True,285,2025-11-19,complete
2025-11-19,0.00,14806.54,1,3404853.52,last_posted_transaction_or_prior_closing_balance,synb1_txn_739caf50e2c295a94dab6141,trusted,weekday_rule,base_calendar,True,286,2025-11-20,complete
2025-11-20,24599.48,0.00,1,3429453.00,last_posted_transaction_or_prior_closing_balance,synb1_txn_9b2491aa093789cc99b81de2,trusted,weekday_rule,base_calendar,True,287,2025-11-21,complete
2025-11-21,0.00,47956.72,1,3381496.28,last_posted_transaction_or_prior_closing_balance,synb1_txn_11dd41dcfa108a430ff4b609,trusted,weekday_rule,base_calendar,True,288,2025-11-22,complete
2025-11-22,0.00,25682.60,1,3355813.68,last_posted_transaction_or_prior_closing_balance,synb1_txn_9aae541a0648c30eb07d77d5,trusted,historical_transaction_override,historical_transaction_override,True,289,2025-11-23,complete
2025-11-23,53529.41,0.00,1,3409343.09,last_posted_transaction_or_prior_closing_balance,synb1_txn_76410a1bf004b22aac0bcadf,trusted,historical_transaction_override,historical_transaction_override,True,290,2025-11-24,complete
2025-11-24,41511.63,28774.04,2,3422080.68,last_posted_transaction_or_prior_closing_balance,synb1_txn_80e273d2daa88fa86a81fc07,trusted,weekday_rule,base_calendar,True,291,2025-11-25,complete
2025-11-25,29914.52,172454.03,4,3279541.17,last_posted_transaction_or_prior_closing_balance,synb1_txn_4e95348884b73f99e1723b17,trusted,weekday_rule,base_calendar,True,292,2025-11-26,complete
2025-11-26,39253.47,0.00,1,3318794.64,last_posted_transaction_or_prior_closing_balance,synb1_txn_f1970d3a033f30f20667e7d7,trusted,weekday_rule,base_calendar,True,293,2025-11-27,complete
2025-11-27,16470.59,0.00,1,3335265.23,last_posted_transaction_or_prior_closing_balance,synb1_txn_ff85da82ff14ac010dac4864,trusted,weekday_rule,base_calendar,True,294,2025-11-28,complete
2025-11-28,16969.69,30902.79,5,3321332.13,last_posted_transaction_or_prior_closing_balance,synb1_txn_94828049d122da0e20b8ef52,trusted,weekday_rule,base_calendar,True,295,2025-11-29,complete
2025-11-29,67307.70,0.00,1,3388639.83,last_posted_transaction_or_prior_closing_balance,synb1_txn_4e6f20f74f979f9f8a75fc7a,trusted,historical_transaction_override,historical_transaction_override,True,296,2025-11-30,complete
2025-11-30,41608.59,0.00,2,3430248.42,last_posted_transaction_or_prior_closing_balance,synb1_txn_c93ac9179d4c917fd77d0b8b,trusted,historical_transaction_override,historical_transaction_override,True,297,2025-12-01,complete
2025-12-01,0.00,0.00,0,3430248.42,last_posted_transaction_or_prior_closing_balance,,trusted,weekday_rule,base_calendar,True,298,2025-12-02,complete
2025-12-02,29696.97,0.00,1,3459945.39,last_posted_transaction_or_prior_closing_balance,synb1_txn_bd285a2abe732a27fbf935bb,trusted,weekday_rule,base_calendar,True,299,2025-12-03,complete
2025-12-03,0.00,41209.50,1,3418735.89,last_posted_transaction_or_prior_closing_balance,synb1_txn_6bfe70278e7e6e966b40864a,trusted,weekday_rule,base_calendar,True,300,2025-12-04,complete
2025-12-04,24137.93,0.00,1,3442873.82,last_posted_transaction_or_prior_closing_balance,synb1_txn_6b0f8f2c15d0ec68e9ba016a,trusted,weekday_rule,base_calendar,True,301,2025-12-05,complete
2025-12-05,0.00,0.00,0,3442873.82,last_posted_transaction_or_prior_closing_balance,,trusted,weekday_rule,base_calendar,True,302,2025-12-07,complete
2025-12-06,0.00,0.00,0,3442873.82,last_posted_transaction_or_prior_closing_balance,,trusted,weekday_rule,base_calendar,False,,,complete
2025-12-07,26178.85,141543.58,2,3327509.09,last_posted_transaction_or_prior_closing_balance,synb1_txn_bead5a2f55e64d5af267e17e,trusted,historical_transaction_override,historical_transaction_override,True,303,2025-12-08,complete
2025-12-08,0.00,0.00,0,3327509.09,last_posted_transaction_or_prior_closing_balance,,trusted,weekday_rule,base_calendar,True,304,2025-12-09,complete
2025-12-09,0.00,0.00,0,3327509.09,last_posted_transaction_or_prior_closing_balance,,trusted,weekday_rule,base_calendar,True,305,2025-12-10,complete
2025-12-10,0.00,0.00,0,3327509.09,last_posted_transaction_or_prior_closing_balance,,trusted,weekday_rule,base_calendar,True,306,2025-12-11,complete
2025-12-11,77487.83,21413.23,3,3383583.69,last_posted_transaction_or_prior_closing_balance,synb1_txn_d32eb15e66a5a5f89f3e71e2,trusted,weekday_rule,base_calendar,True,307,2025-12-12,complete
2025-12-12,0.00,0.00,0,3383583.69,last_posted_transaction_or_prior_closing_balance,,trusted,weekday_rule,base_calendar,True,308,2025-12-13,complete
2025-12-13,0.00,30659.86,1,3352923.83,last_posted_transaction_or_prior_closing_balance,synb1_txn_bc8388c78dcec5b710558648,trusted,historical_transaction_override,historical_transaction_override,True,309,2025-12-14,complete
2025-12-14,0.00,34758.65,2,3318165.18,last_posted_transaction_or_prior_closing_balance,synb1_txn_a839bfeeebc889bd89e2ca29,trusted,historical_transaction_override,historical_transaction_override,True,310,2025-12-15,complete
2025-12-15,48964.69,0.00,2,3367129.87,last_posted_transaction_or_prior_closing_balance,synb1_txn_47b542dd3bc3619e1a489d88,trusted,weekday_rule,base_calendar,True,311,2025-12-16,complete
2025-12-16,0.00,61319.72,1,3305810.15,last_posted_transaction_or_prior_closing_balance,synb1_txn_0fa284bd2df02d2ffa624fca,trusted,weekday_rule,base_calendar,True,312,2025-12-17,complete
2025-12-17,13300.34,25587.74,2,3293522.75,last_posted_transaction_or_prior_closing_balance,synb1_txn_80c3319d7ad588a707cf3ba3,trusted,weekday_rule,base_calendar,True,313,2025-12-18,complete
2025-12-18,0.00,0.00,0,3293522.75,last_posted_transaction_or_prior_closing_balance,,trusted,weekday_rule,base_calendar,True,314,2025-12-19,complete
2025-12-19,37924.20,0.00,2,3331446.95,last_posted_transaction_or_prior_closing_balance,synb1_txn_fddd41b1cdc24e0df852a4e4,trusted,weekday_rule,base_calendar,True,315,2025-12-20,complete
2025-12-20,0.00,46719.78,1,3284727.17,last_posted_transaction_or_prior_closing_balance,synb1_txn_26f1923e268e6747862c9dd6,trusted,historical_transaction_override,historical_transaction_override,True,316,2025-12-21,complete
2025-12-21,37164.77,0.00,2,3321891.94,last_posted_transaction_or_prior_closing_balance,synb1_txn_f93bc31623fa40a28c33a775,trusted,historical_transaction_override,historical_transaction_override,True,317,2025-12-22,complete
2025-12-22,0.00,0.00,0,3321891.94,last_posted_transaction_or_prior_closing_balance,,trusted,weekday_rule,base_calendar,True,318,2025-12-23,complete
2025-12-23,17906.98,35039.84,2,3304759.08,last_posted_transaction_or_prior_closing_balance,synb1_txn_143a37fb40b348f8771cd354,trusted,weekday_rule,base_calendar,True,319,2025-12-24,complete
2025-12-24,35221.98,0.00,1,3339981.06,last_posted_transaction_or_prior_closing_balance,synb1_txn_ee5476cb29c17d24168d1723,trusted,weekday_rule,base_calendar,True,320,2025-12-25,complete
2025-12-25,60144.55,71728.82,3,3328396.79,last_posted_transaction_or_prior_closing_balance,synb1_txn_a536ca4a954524f4b33a9818,trusted,weekday_rule,base_calendar,True,321,2025-12-26,complete
2025-12-26,0.00,24501.69,1,3303895.10,last_posted_transaction_or_prior_closing_balance,synb1_txn_127ed051b386f298ad9751f7,trusted,weekday_rule,base_calendar,True,322,2025-12-28,complete
2025-12-27,0.00,0.00,0,3303895.10,last_posted_transaction_or_prior_closing_balance,,trusted,weekday_rule,base_calendar,False,,,complete
2025-12-28,55940.81,0.00,1,3359835.91,last_posted_transaction_or_prior_closing_balance,synb1_txn_b0796cbd4edee9ef8f2b9207,trusted,historical_transaction_override,historical_transaction_override,True,323,2025-12-29,complete
2025-12-29,35901.95,20308.31,5,3375429.55,last_posted_transaction_or_prior_closing_balance,synb1_txn_ca82958f18f657558dff9d7f,trusted,weekday_rule,base_calendar,True,324,2025-12-30,complete
2025-12-30,0.00,0.00,0,3375429.55,last_posted_transaction_or_prior_closing_balance,,trusted,weekday_rule,base_calendar,True,325,2025-12-31,complete
2025-12-31,0.00,0.00,0,3375429.55,last_posted_transaction_or_prior_closing_balance,,trusted,weekday_rule,base_calendar,True,326,2026-01-01,complete
2026-01-01,50656.63,0.00,1,3426086.18,last_posted_transaction_or_prior_closing_balance,synb1_txn_097331dd3ad26e4f53d087b6,trusted,historical_transaction_override,historical_transaction_override,True,327,2026-01-03,complete
2026-01-02,0.00,0.00,0,3426086.18,last_posted_transaction_or_prior_closing_balance,,trusted,gov_cn_2026_holiday_schedule_v1,base_calendar,False,,,complete
2026-01-03,0.00,41209.50,1,3384876.68,last_posted_transaction_or_prior_closing_balance,synb1_txn_07f2caed5175b401ac36347e,trusted,historical_transaction_override,historical_transaction_override,True,328,2026-01-04,complete
2026-01-04,52093.01,0.00,1,3436969.69,last_posted_transaction_or_prior_closing_balance,synb1_txn_53a6cde972c6c02b2e1db90b,trusted,gov_cn_2026_holiday_schedule_v1,base_calendar,True,329,2026-01-05,complete
2026-01-05,24227.09,0.00,1,3461196.78,last_posted_transaction_or_prior_closing_balance,synb1_txn_cc5ceddcee0afddafbcecdba,trusted,weekday_rule,base_calendar,True,330,2026-01-06,complete
2026-01-06,0.00,0.00,0,3461196.78,last_posted_transaction_or_prior_closing_balance,,trusted,weekday_rule,base_calendar,True,331,2026-01-07,complete
2026-01-07,0.00,141543.58,1,3319653.20,last_posted_transaction_or_prior_closing_balance,synb1_txn_1a2e21bb40a578040f7015a0,trusted,weekday_rule,base_calendar,True,332,2026-01-08,complete
2026-01-08,29302.33,0.00,1,3348955.53,last_posted_transaction_or_prior_closing_balance,synb1_txn_2edc2872e5e55b8b49131f07,trusted,weekday_rule,base_calendar,True,333,2026-01-09,complete
2026-01-09,0.00,30382.28,1,3318573.25,last_posted_transaction_or_prior_closing_balance,synb1_txn_613e6e324561456c014cd87b,trusted,weekday_rule,base_calendar,True,334,2026-01-10,complete
2026-01-10,66339.06,0.00,2,3384912.31,last_posted_transaction_or_prior_closing_balance,synb1_txn_077b6a74aedf59d2ce3385ec,trusted,historical_transaction_override,historical_transaction_override,True,335,2026-01-12,complete
2026-01-11,0.00,0.00,0,3384912.31,last_posted_transaction_or_prior_closing_balance,,trusted,weekday_rule,base_calendar,False,,,complete
2026-01-12,32688.17,60764.56,2,3356835.92,last_posted_transaction_or_prior_closing_balance,synb1_txn_f739e5eaf33d3401d7939b73,trusted,weekday_rule,base_calendar,True,336,2026-01-13,complete
2026-01-13,0.00,0.00,0,3356835.92,last_posted_transaction_or_prior_closing_balance,,trusted,weekday_rule,base_calendar,True,337,2026-01-14,complete
2026-01-14,88467.17,17977.82,3,3427325.27,last_posted_transaction_or_prior_closing_balance,synb1_txn_069d18de21066eca28e8081f,trusted,weekday_rule,base_calendar,True,338,2026-01-15,complete
2026-01-15,0.00,0.00,0,3427325.27,last_posted_transaction_or_prior_closing_balance,,trusted,weekday_rule,base_calendar,True,339,2026-01-16,complete
2026-01-16,30645.16,0.00,1,3457970.43,last_posted_transaction_or_prior_closing_balance,synb1_txn_696ab92e70b9fbbcc1132dad,trusted,weekday_rule,base_calendar,True,340,2026-01-17,complete
2026-01-17,0.00,11319.38,1,3446651.05,last_posted_transaction_or_prior_closing_balance,synb1_txn_021dd63e2cb47902333f41e4,trusted,historical_transaction_override,historical_transaction_override,True,341,2026-01-18,complete
2026-01-18,22252.25,0.00,1,3468903.30,last_posted_transaction_or_prior_closing_balance,synb1_txn_f992da3a0581a4e22d983db9,trusted,historical_transaction_override,historical_transaction_override,True,342,2026-01-19,complete
2026-01-19,16956.52,0.00,1,3485859.82,last_posted_transaction_or_prior_closing_balance,synb1_txn_1e2a4d79e9a6b6bbe9c9cf31,trusted,weekday_rule,base_calendar,True,343,2026-01-20,complete
2026-01-20,0.00,0.00,0,3485859.82,last_posted_transaction_or_prior_closing_balance,,trusted,weekday_rule,base_calendar,True,344,2026-01-21,complete
2026-01-21,0.00,18601.39,1,3467258.43,last_posted_transaction_or_prior_closing_balance,synb1_txn_58a59cba5a52cf47214745ff,trusted,weekday_rule,base_calendar,True,345,2026-01-22,complete
2026-01-22,21081.08,0.00,1,3488339.51,last_posted_transaction_or_prior_closing_balance,synb1_txn_c6786864c5ba539d6d05c749,trusted,weekday_rule,base_calendar,True,346,2026-01-23,complete
2026-01-23,26376.81,0.00,1,3514716.32,last_posted_transaction_or_prior_closing_balance,synb1_txn_f3a6fdd19b3de005330e4568,trusted,weekday_rule,base_calendar,True,347,2026-01-24,complete
2026-01-24,0.00,33482.52,1,3481233.80,last_posted_transaction_or_prior_closing_balance,synb1_txn_fce6ec420de9e3554112a5e5,trusted,historical_transaction_override,historical_transaction_override,True,348,2026-01-25,complete
2026-01-25,0.00,105344.20,2,3375889.60,last_posted_transaction_or_prior_closing_balance,synb1_txn_bf79872fa9e6d053dbd96407,trusted,historical_transaction_override,historical_transaction_override,True,349,2026-01-26,complete
2026-01-26,28000.02,0.00,1,3403889.62,last_posted_transaction_or_prior_closing_balance,synb1_txn_57a092a8b61cd918215b6abb,trusted,weekday_rule,base_calendar,True,350,2026-01-27,complete
2026-01-27,35185.18,0.00,1,3439074.80,last_posted_transaction_or_prior_closing_balance,synb1_txn_93369e7dd934e53ab4203afc,trusted,weekday_rule,base_calendar,True,351,2026-01-28,complete
2026-01-28,38333.33,45336.83,5,3432071.30,last_posted_transaction_or_prior_closing_balance,synb1_txn_29929cc5d8b2b80c7e24faf0,trusted,weekday_rule,base_calendar,True,352,2026-01-29,complete
2026-01-29,0.00,0.00,0,3432071.30,last_posted_transaction_or_prior_closing_balance,,trusted,weekday_rule,base_calendar,True,353,2026-01-30,complete
2026-01-30,18666.68,0.00,1,3450737.98,last_posted_transaction_or_prior_closing_balance,synb1_txn_df4972459b1f2b972ed251a5,trusted,weekday_rule,base_calendar,True,354,2026-01-31,complete
2026-01-31,28148.15,0.00,1,3478886.13,last_posted_transaction_or_prior_closing_balance,synb1_txn_123eab75dd20d85e17470acd,trusted,historical_transaction_override,historical_transaction_override,True,355,2026-02-01,complete
2026-02-01,56923.07,0.00,2,3535809.20,last_posted_transaction_or_prior_closing_balance,synb1_txn_37542cad8a1646668f435530,trusted,historical_transaction_override,historical_transaction_override,True,356,2026-02-02,complete
2026-02-02,0.00,0.00,0,3535809.20,last_posted_transaction_or_prior_closing_balance,,trusted,weekday_rule,base_calendar,True,357,2026-02-03,complete
2026-02-03,0.00,71901.80,2,3463907.40,last_posted_transaction_or_prior_closing_balance,synb1_txn_90906b188577aba199cc5814,trusted,weekday_rule,base_calendar,True,358,2026-02-04,complete
2026-02-04,0.00,0.00,0,3463907.40,last_posted_transaction_or_prior_closing_balance,,trusted,weekday_rule,base_calendar,True,359,2026-02-05,complete
2026-02-05,41410.26,0.00,1,3505317.66,last_posted_transaction_or_prior_closing_balance,synb1_txn_5381d2f2d43c3eb30a08dbe2,trusted,weekday_rule,base_calendar,True,360,2026-02-06,complete
2026-02-06,0.00,18136.36,1,3487181.30,last_posted_transaction_or_prior_closing_balance,synb1_txn_64dd0751cc84a6e3d20d5e8c,trusted,weekday_rule,base_calendar,True,361,2026-02-07,complete
2026-02-07,0.00,141543.58,1,3345637.72,last_posted_transaction_or_prior_closing_balance,synb1_txn_1d35c12aa6850d69fae7e4e9,trusted,historical_transaction_override,historical_transaction_override,True,362,2026-02-09,complete
2026-02-08,0.00,0.00,0,3345637.72,last_posted_transaction_or_prior_closing_balance,,trusted,weekday_rule,base_calendar,False,,,complete
2026-02-09,42222.21,0.00,1,3387859.93,last_posted_transaction_or_prior_closing_balance,synb1_txn_29233466fc288339b088f8f1,trusted,weekday_rule,base_calendar,True,363,2026-02-10,complete
2026-02-10,0.00,0.00,0,3387859.93,last_posted_transaction_or_prior_closing_balance,,trusted,weekday_rule,base_calendar,True,364,2026-02-11,complete
2026-02-11,0.00,0.00,0,3387859.93,last_posted_transaction_or_prior_closing_balance,,trusted,weekday_rule,base_calendar,True,365,2026-02-12,complete
2026-02-12,0.00,0.00,0,3387859.93,last_posted_transaction_or_prior_closing_balance,,trusted,weekday_rule,base_calendar,True,366,2026-02-13,complete
2026-02-13,74378.65,44232.49,3,3418006.09,last_posted_transaction_or_prior_closing_balance,synb1_txn_8e4b278de9278dcffd39e4ea,trusted,weekday_rule,base_calendar,True,367,2026-02-14,complete
2026-02-14,0.00,25862.35,1,3392143.74,last_posted_transaction_or_prior_closing_balance,synb1_txn_f081ffaa84900e92d73b9c65,trusted,gov_cn_2026_holiday_schedule_v1,base_calendar,True,368,2026-02-16,complete
2026-02-15,0.00,0.00,0,3392143.74,last_posted_transaction_or_prior_closing_balance,,trusted,gov_cn_2026_holiday_schedule_v1,base_calendar,False,,,complete
2026-02-16,0.00,46689.87,1,3345453.87,last_posted_transaction_or_prior_closing_balance,synb1_txn_c0c529a92fb25e7ed59d285c,trusted,historical_transaction_override,historical_transaction_override,True,369,2026-02-17,complete
2026-02-17,54683.78,46450.14,4,3353687.51,last_posted_transaction_or_prior_closing_balance,synb1_txn_b80fc4152bdc6bdec6e7c733,trusted,historical_transaction_override,historical_transaction_override,True,370,2026-02-18,complete
2026-02-18,47368.41,0.00,1,3401055.92,last_posted_transaction_or_prior_closing_balance,synb1_txn_ab2c225446a5b61c44b116e6,trusted,historical_transaction_override,historical_transaction_override,True,371,2026-02-20,complete
2026-02-19,0.00,0.00,0,3401055.92,last_posted_transaction_or_prior_closing_balance,,trusted,gov_cn_2026_holiday_schedule_v1,base_calendar,False,,,complete
2026-02-20,20526.31,8507.36,2,3413074.87,last_posted_transaction_or_prior_closing_balance,synb1_txn_4f60eccac5d5027115c86caf,trusted,historical_transaction_override,historical_transaction_override,True,372,2026-02-21,complete
2026-02-21,46977.39,0.00,2,3460052.26,last_posted_transaction_or_prior_closing_balance,synb1_txn_bcdc6f1aa761fc6ee5423b0a,trusted,historical_transaction_override,historical_transaction_override,True,373,2026-02-22,complete
2026-02-22,18947.37,0.00,1,3478999.63,last_posted_transaction_or_prior_closing_balance,synb1_txn_4ae51df1f64856d41212d600,trusted,historical_transaction_override,historical_transaction_override,True,374,2026-02-24,complete
2026-02-23,0.00,0.00,0,3478999.63,last_posted_transaction_or_prior_closing_balance,,trusted,gov_cn_2026_holiday_schedule_v1,base_calendar,False,,,complete
2026-02-24,62693.49,17014.70,3,3524678.42,last_posted_transaction_or_prior_closing_balance,synb1_txn_c8e4152d6eec3e8b0ace85c3,trusted,weekday_rule,base_calendar,True,375,2026-02-25,complete
2026-02-25,19457.24,104056.76,3,3440078.90,last_posted_transaction_or_prior_closing_balance,synb1_txn_e75487c3673b673f5d3ba30a,trusted,weekday_rule,base_calendar,True,376,2026-02-26,complete
2026-02-26,0.00,0.00,0,3440078.90,last_posted_transaction_or_prior_closing_balance,,trusted,weekday_rule,base_calendar,True,377,2026-02-27,complete
2026-02-27,0.00,23395.23,1,3416683.67,last_posted_transaction_or_prior_closing_balance,synb1_txn_436113f16fd27869b1458a9f,trusted,weekday_rule,base_calendar,True,378,2026-02-28,complete
2026-02-28,34674.93,55828.74,5,3395529.86,last_posted_transaction_or_prior_closing_balance,synb1_txn_234098b710dbe58fe58ee547,trusted,gov_cn_2026_holiday_schedule_v1,base_calendar,True,379,2026-03-02,complete
2026-03-01,0.00,0.00,0,3395529.86,last_posted_transaction_or_prior_closing_balance,,trusted,weekday_rule,base_calendar,False,,,complete
2026-03-02,0.00,0.00,0,3395529.86,last_posted_transaction_or_prior_closing_balance,,trusted,weekday_rule,base_calendar,True,380,2026-03-03,complete
2026-03-03,0.00,41209.50,1,3354320.36,last_posted_transaction_or_prior_closing_balance,synb1_txn_fafe006718fcbd9e8bc91bde,trusted,weekday_rule,base_calendar,True,381,2026-03-04,complete
2026-03-04,35477.60,0.00,1,3389797.96,last_posted_transaction_or_prior_closing_balance,synb1_txn_31b4518fa0df2b240f01671d,trusted,weekday_rule,base_calendar,True,382,2026-03-05,complete
2026-03-05,27938.59,0.00,1,3417736.55,last_posted_transaction_or_prior_closing_balance,synb1_txn_08f16c58bdd98fce47b3c540,trusted,weekday_rule,base_calendar,True,383,2026-03-06,complete
2026-03-06,0.00,0.00,0,3417736.55,last_posted_transaction_or_prior_closing_balance,,trusted,weekday_rule,base_calendar,True,384,2026-03-07,complete
2026-03-07,0.00,141543.58,1,3276192.97,last_posted_transaction_or_prior_closing_balance,synb1_txn_863bac323ac3ea57b2656a6a,trusted,historical_transaction_override,historical_transaction_override,True,385,2026-03-08,complete
2026-03-08,60311.92,0.00,1,3336504.89,last_posted_transaction_or_prior_closing_balance,synb1_txn_959066e9b6ce0623f8518f73,trusted,historical_transaction_override,historical_transaction_override,True,386,2026-03-09,complete
2026-03-09,23640.35,0.00,1,3360145.24,last_posted_transaction_or_prior_closing_balance,synb1_txn_daa31d96b9318fd3c98ff3f6,trusted,weekday_rule,base_calendar,True,387,2026-03-10,complete
2026-03-10,0.00,0.00,0,3360145.24,last_posted_transaction_or_prior_closing_balance,,trusted,weekday_rule,base_calendar,True,388,2026-03-11,complete
2026-03-11,0.00,0.00,0,3360145.24,last_posted_transaction_or_prior_closing_balance,,trusted,weekday_rule,base_calendar,True,389,2026-03-12,complete
2026-03-12,0.00,16983.89,1,3343161.35,last_posted_transaction_or_prior_closing_balance,synb1_txn_ab9cff779056296516a37cc4,trusted,weekday_rule,base_calendar,True,390,2026-03-13,complete
2026-03-13,27631.57,0.00,1,3370792.92,last_posted_transaction_or_prior_closing_balance,synb1_txn_7a5634d319e5659db67d7069,trusted,weekday_rule,base_calendar,True,391,2026-03-14,complete
2026-03-14,10421.05,0.00,1,3381213.97,last_posted_transaction_or_prior_closing_balance,synb1_txn_3368e3ff26bc5102a1905c97,trusted,historical_transaction_override,historical_transaction_override,True,392,2026-03-15,complete
2026-03-15,0.00,16983.90,1,3364230.07,last_posted_transaction_or_prior_closing_balance,synb1_txn_f1405649c857a8345742facf,trusted,historical_transaction_override,historical_transaction_override,True,393,2026-03-16,complete
2026-03-16,0.00,0.00,0,3364230.07,last_posted_transaction_or_prior_closing_balance,,trusted,weekday_rule,base_calendar,True,394,2026-03-17,complete
2026-03-17,49736.85,0.00,1,3413966.92,last_posted_transaction_or_prior_closing_balance,synb1_txn_a4bdc5de031197d7b40a1903,trusted,weekday_rule,base_calendar,True,395,2026-03-18,complete
2026-03-18,22736.84,0.00,1,3436703.76,last_posted_transaction_or_prior_closing_balance,synb1_txn_85846594efa818ff6aa594d8,trusted,weekday_rule,base_calendar,True,396,2026-03-19,complete
2026-03-19,30366.82,0.00,1,3467070.58,last_posted_transaction_or_prior_closing_balance,synb1_txn_8d94f0e859552d8002809866,trusted,weekday_rule,base_calendar,True,397,2026-03-20,complete
2026-03-20,0.00,24843.44,1,3442227.14,last_posted_transaction_or_prior_closing_balance,synb1_txn_dbf967337111724046e214b8,trusted,weekday_rule,base_calendar,True,398,2026-03-21,complete
2026-03-21,0.00,83221.01,2,3359006.13,last_posted_transaction_or_prior_closing_balance,synb1_txn_00246f6877a4773f3a743a4b,trusted,historical_transaction_override,historical_transaction_override,True,399,2026-03-23,complete
2026-03-22,0.00,0.00,0,3359006.13,last_posted_transaction_or_prior_closing_balance,,trusted,weekday_rule,base_calendar,False,,,complete
2026-03-23,28580.54,21862.24,2,3365724.43,last_posted_transaction_or_prior_closing_balance,synb1_txn_10cfb9943c6f0fae3402ffa5,trusted,weekday_rule,base_calendar,True,400,2026-03-24,complete
2026-03-24,0.00,48404.08,2,3317320.35,last_posted_transaction_or_prior_closing_balance,synb1_txn_8443a30cc75a739462047123,trusted,weekday_rule,base_calendar,True,401,2026-03-25,complete
2026-03-25,80213.44,71728.82,3,3325804.97,last_posted_transaction_or_prior_closing_balance,synb1_txn_b52799de6f02757d0aa58a51,trusted,weekday_rule,base_calendar,True,402,2026-03-26,complete
2026-03-26,17451.52,46705.67,2,3296550.82,last_posted_transaction_or_prior_closing_balance,synb1_txn_6cb85df6da3d41c42ccbfd8e,trusted,weekday_rule,base_calendar,True,403,2026-03-27,complete
2026-03-27,0.00,0.00,0,3296550.82,last_posted_transaction_or_prior_closing_balance,,trusted,weekday_rule,base_calendar,True,404,2026-03-29,complete
2026-03-28,0.00,0.00,0,3296550.82,last_posted_transaction_or_prior_closing_balance,,trusted,weekday_rule,base_calendar,False,,,complete
2026-03-29,106547.67,33967.77,4,3369130.72,last_posted_transaction_or_prior_closing_balance,synb1_txn_5cbd9ff346e028ebbd407558,trusted,historical_transaction_override,historical_transaction_override,True,405,2026-03-30,complete
2026-03-30,19390.58,7336.82,4,3381184.48,last_posted_transaction_or_prior_closing_balance,synb1_txn_a3e5cb039750e72582ec09c3,trusted,weekday_rule,base_calendar,True,406,2026-03-31,complete
2026-03-31,31430.92,0.00,1,3412615.40,last_posted_transaction_or_prior_closing_balance,synb1_txn_30385acf2eb2b4647acb30ad,trusted,weekday_rule,base_calendar,True,407,2026-04-01,complete
2026-04-01,0.00,0.00,0,3412615.40,last_posted_transaction_or_prior_closing_balance,,trusted,weekday_rule,base_calendar,True,408,2026-04-02,complete
2026-04-02,15870.45,0.00,1,3428485.85,last_posted_transaction_or_prior_closing_balance,synb1_txn_5d3e2d96ec63e61c522d2c25,trusted,weekday_rule,base_calendar,True,409,2026-04-03,complete
2026-04-03,51885.96,41209.50,2,3439162.31,last_posted_transaction_or_prior_closing_balance,synb1_txn_421c8a12d0b78bb3a95b743c,trusted,weekday_rule,base_calendar,True,410,2026-04-04,complete
2026-04-04,45937.50,0.00,1,3485099.81,last_posted_transaction_or_prior_closing_balance,synb1_txn_7ac9e3130acd80041a129b74,trusted,historical_transaction_override,historical_transaction_override,True,411,2026-04-07,complete
2026-04-05,0.00,0.00,0,3485099.81,last_posted_transaction_or_prior_closing_balance,,trusted,gov_cn_2026_holiday_schedule_v1,base_calendar,False,,,complete
2026-04-06,0.00,0.00,0,3485099.81,last_posted_transaction_or_prior_closing_balance,,trusted,gov_cn_2026_holiday_schedule_v1,base_calendar,False,,,complete
2026-04-07,70429.84,141543.58,3,3413986.07,last_posted_transaction_or_prior_closing_balance,synb1_txn_7e438bbc4bd16bab20374e2a,trusted,weekday_rule,base_calendar,True,412,2026-04-08,complete
2026-04-08,0.00,0.00,0,3413986.07,last_posted_transaction_or_prior_closing_balance,,trusted,weekday_rule,base_calendar,True,413,2026-04-09,complete
2026-04-09,0.00,0.00,0,3413986.07,last_posted_transaction_or_prior_closing_balance,,trusted,weekday_rule,base_calendar,True,414,2026-04-10,complete
2026-04-10,0.00,33595.80,1,3380390.27,last_posted_transaction_or_prior_closing_balance,synb1_txn_bcaf0fc01354cc6e252096f1,trusted,weekday_rule,base_calendar,True,415,2026-04-11,complete
2026-04-11,28736.87,0.00,1,3409127.14,last_posted_transaction_or_prior_closing_balance,synb1_txn_99f66804256e216e5dc7925e,trusted,historical_transaction_override,historical_transaction_override,True,416,2026-04-13,complete
2026-04-12,0.00,0.00,0,3409127.14,last_posted_transaction_or_prior_closing_balance,,trusted,weekday_rule,base_calendar,False,,,complete
2026-04-13,0.00,28796.40,1,3380330.74,last_posted_transaction_or_prior_closing_balance,synb1_txn_5152e0501fc84de71da10c37,trusted,weekday_rule,base_calendar,True,417,2026-04-14,complete
2026-04-14,0.00,48689.55,1,3331641.19,last_posted_transaction_or_prior_closing_balance,synb1_txn_74c0a21330f42c8720e4d16a,trusted,weekday_rule,base_calendar,True,418,2026-04-15,complete
2026-04-15,0.00,0.00,0,3331641.19,last_posted_transaction_or_prior_closing_balance,,trusted,weekday_rule,base_calendar,True,419,2026-04-16,complete
2026-04-16,0.00,0.00,0,3331641.19,last_posted_transaction_or_prior_closing_balance,,trusted,weekday_rule,base_calendar,True,420,2026-04-17,complete
2026-04-17,0.00,52152.25,2,3279488.94,last_posted_transaction_or_prior_closing_balance,synb1_txn_958848f41d514293c0775d42,trusted,weekday_rule,base_calendar,True,421,2026-04-18,complete
2026-04-18,20102.56,0.00,1,3299591.50,last_posted_transaction_or_prior_closing_balance,synb1_txn_e82637d3aef17c4704f98cca,trusted,historical_transaction_override,historical_transaction_override,True,422,2026-04-20,complete
2026-04-19,0.00,0.00,0,3299591.50,last_posted_transaction_or_prior_closing_balance,,trusted,weekday_rule,base_calendar,False,,,complete
2026-04-20,0.00,42931.49,1,3256660.01,last_posted_transaction_or_prior_closing_balance,synb1_txn_a555fbfe2a13fb3e60a6be1c,trusted,weekday_rule,base_calendar,True,423,2026-04-21,complete
2026-04-21,0.00,27127.03,1,3229532.98,last_posted_transaction_or_prior_closing_balance,synb1_txn_01894440b9397488d220aabf,trusted,weekday_rule,base_calendar,True,424,2026-04-22,complete
2026-04-22,17230.77,12207.16,2,3234556.59,last_posted_transaction_or_prior_closing_balance,synb1_txn_a1eeb312516f970916307bd7,trusted,weekday_rule,base_calendar,True,425,2026-04-23,complete
2026-04-23,52035.73,0.00,3,3286592.32,last_posted_transaction_or_prior_closing_balance,synb1_txn_d89ae9378f54322e2a9541b6,trusted,weekday_rule,base_calendar,True,426,2026-04-24,complete
2026-04-24,14480.80,27127.04,2,3273946.08,last_posted_transaction_or_prior_closing_balance,synb1_txn_1cbd44e2f551b96382a62868,trusted,weekday_rule,base_calendar,True,427,2026-04-25,complete
2026-04-25,0.00,92074.10,2,3181871.98,last_posted_transaction_or_prior_closing_balance,synb1_txn_296bc764373d117b2ea180c7,trusted,historical_transaction_override,historical_transaction_override,True,428,2026-04-27,complete
2026-04-26,0.00,0.00,0,3181871.98,last_posted_transaction_or_prior_closing_balance,,trusted,weekday_rule,base_calendar,False,,,complete
2026-04-27,148926.60,0.00,4,3330798.58,last_posted_transaction_or_prior_closing_balance,synb1_txn_a0c1d2aa7a87d63366d5f1e0,trusted,weekday_rule,base_calendar,True,429,2026-04-28,complete
2026-04-28,60842.75,7336.82,5,3384304.51,last_posted_transaction_or_prior_closing_balance,synb1_txn_7855d95788fc5840d3b789f9,trusted,weekday_rule,base_calendar,True,430,2026-04-29,complete
2026-04-29,0.00,0.00,0,3384304.51,last_posted_transaction_or_prior_closing_balance,,trusted,weekday_rule,base_calendar,True,431,2026-04-30,complete
2026-04-30,0.00,0.00,0,3384304.51,last_posted_transaction_or_prior_closing_balance,,trusted,weekday_rule,base_calendar,True,432,2026-05-01,complete
2026-05-01,82814.77,0.00,2,3467119.28,last_posted_transaction_or_prior_closing_balance,synb1_txn_09b34c317c8078d393074e11,trusted,historical_transaction_override,historical_transaction_override,True,433,2026-05-02,complete
2026-05-02,60434.02,0.00,1,3527553.30,last_posted_transaction_or_prior_closing_balance,synb1_txn_d45e10dd66c764f7d923cfed,trusted,historical_transaction_override,historical_transaction_override,True,434,2026-05-03,complete
2026-05-03,52543.23,41209.50,2,3538887.03,last_posted_transaction_or_prior_closing_balance,synb1_txn_f2a037f192a879544b8d3c7a,trusted,historical_transaction_override,historical_transaction_override,True,435,2026-05-05,complete
2026-05-04,0.00,0.00,0,3538887.03,last_posted_transaction_or_prior_closing_balance,,trusted,gov_cn_2026_holiday_schedule_v1,base_calendar,False,,,complete
2026-05-05,28465.30,0.00,1,3567352.33,last_posted_transaction_or_prior_closing_balance,synb1_txn_122b2c5eae13d0c9c48da267,trusted,historical_transaction_override,historical_transaction_override,True,436,2026-05-06,complete
2026-05-06,0.00,0.00,0,3567352.33,last_posted_transaction_or_prior_closing_balance,,trusted,weekday_rule,base_calendar,True,437,2026-05-07,complete
2026-05-07,22123.47,141543.58,2,3447932.22,last_posted_transaction_or_prior_closing_balance,synb1_txn_fb265398e4e3c4069c98eca9,trusted,weekday_rule,base_calendar,True,438,2026-05-08,complete
2026-05-08,0.00,0.00,0,3447932.22,last_posted_transaction_or_prior_closing_balance,,trusted,weekday_rule,base_calendar,True,439,2026-05-09,complete
2026-05-09,0.00,0.00,0,3447932.22,last_posted_transaction_or_prior_closing_balance,,trusted,gov_cn_2026_holiday_schedule_v1,base_calendar,True,440,2026-05-10,complete
2026-05-10,29714.28,0.00,1,3477646.50,last_posted_transaction_or_prior_closing_balance,synb1_txn_337e35aa1a7fa340b4dee31b,trusted,historical_transaction_override,historical_transaction_override,True,441,2026-05-11,complete
2026-05-11,0.00,0.00,0,3477646.50,last_posted_transaction_or_prior_closing_balance,,trusted,weekday_rule,base_calendar,True,442,2026-05-12,complete
2026-05-12,0.00,0.00,0,3477646.50,last_posted_transaction_or_prior_closing_balance,,trusted,weekday_rule,base_calendar,True,443,2026-05-13,complete
2026-05-13,0.00,0.00,0,3477646.50,last_posted_transaction_or_prior_closing_balance,,trusted,weekday_rule,base_calendar,True,444,2026-05-14,complete
2026-05-14,34285.72,0.00,1,3511932.22,last_posted_transaction_or_prior_closing_balance,synb1_txn_5796cebaf1dc8f7e0ba93b5f,trusted,weekday_rule,base_calendar,True,445,2026-05-15,complete
2026-05-15,0.00,0.00,0,3511932.22,last_posted_transaction_or_prior_closing_balance,,trusted,weekday_rule,base_calendar,True,446,2026-05-17,complete
2026-05-16,0.00,0.00,0,3511932.22,last_posted_transaction_or_prior_closing_balance,,trusted,weekday_rule,base_calendar,False,,,complete
2026-05-17,26666.66,0.00,1,3538598.88,last_posted_transaction_or_prior_closing_balance,synb1_txn_61fbf8cfb3fc7cfa7a05451f,trusted,historical_transaction_override,historical_transaction_override,True,447,2026-05-18,complete
2026-05-18,0.00,0.00,0,3538598.88,last_posted_transaction_or_prior_closing_balance,,trusted,weekday_rule,base_calendar,True,448,2026-05-19,complete
2026-05-19,0.00,0.00,0,3538598.88,last_posted_transaction_or_prior_closing_balance,,trusted,weekday_rule,base_calendar,True,449,2026-05-20,complete
2026-05-20,0.00,44335.56,1,3494263.32,last_posted_transaction_or_prior_closing_balance,synb1_txn_79281398f7cf23a3d64ed99a,trusted,weekday_rule,base_calendar,True,450,2026-05-21,complete
2026-05-21,37025.64,41443.96,4,3489845.00,last_posted_transaction_or_prior_closing_balance,synb1_txn_7df450e9376ff02d2bb0355c,trusted,weekday_rule,base_calendar,True,451,2026-05-22,complete
2026-05-22,0.00,0.00,0,3489845.00,last_posted_transaction_or_prior_closing_balance,,trusted,weekday_rule,base_calendar,True,452,2026-05-23,complete
2026-05-23,0.00,30693.85,1,3459151.15,last_posted_transaction_or_prior_closing_balance,synb1_txn_7f91364c8e51503505179a62,trusted,historical_transaction_override,historical_transaction_override,True,453,2026-05-24,complete
2026-05-24,0.00,62168.10,2,3396983.05,last_posted_transaction_or_prior_closing_balance,synb1_txn_4d013b1dd8c449b748cd775e,trusted,historical_transaction_override,historical_transaction_override,True,454,2026-05-25,complete
2026-05-25,12307.70,71728.82,2,3337561.93,last_posted_transaction_or_prior_closing_balance,synb1_txn_ec02d3ffcb7dc313a37edc3a,trusted,weekday_rule,base_calendar,True,455,2026-05-26,complete
2026-05-26,0.00,31849.22,1,3305712.71,last_posted_transaction_or_prior_closing_balance,synb1_txn_426f80e4553a0af1048e9809,trusted,weekday_rule,base_calendar,True,456,2026-05-27,complete
2026-05-27,62007.66,0.00,2,3367720.37,last_posted_transaction_or_prior_closing_balance,synb1_txn_3c8d5d608ad725fd49ec3d6a,trusted,weekday_rule,base_calendar,True,457,2026-05-28,complete
2026-05-28,0.00,7336.82,3,3360383.55,last_posted_transaction_or_prior_closing_balance,synb1_txn_9daacb63f90eaa1503fef59e,trusted,weekday_rule,base_calendar,True,458,2026-05-29,complete
2026-05-29,13684.21,14597.56,2,3359470.20,last_posted_transaction_or_prior_closing_balance,synb1_txn_5657adf0d5eb54a3438245fa,trusted,weekday_rule,base_calendar,True,459,2026-05-31,complete
2026-05-30,0.00,0.00,0,3359470.20,last_posted_transaction_or_prior_closing_balance,,trusted,weekday_rule,base_calendar,False,,,complete
2026-05-31,100876.06,0.00,3,3460346.26,last_posted_transaction_or_prior_closing_balance,synb1_txn_cf6f1e341378cb116c60cd6e,trusted,historical_transaction_override,historical_transaction_override,True,460,2026-06-01,complete
2026-06-01,0.00,0.00,0,3460346.26,last_posted_transaction_or_prior_closing_balance,,trusted,weekday_rule,base_calendar,True,461,2026-06-02,complete
2026-06-02,26315.79,39598.85,2,3447063.20,last_posted_transaction_or_prior_closing_balance,synb1_txn_b02140b6e25a07dc017d314d,trusted,weekday_rule,base_calendar,True,462,2026-06-03,complete
2026-06-03,67466.66,41209.50,2,3473320.36,last_posted_transaction_or_prior_closing_balance,synb1_txn_27432e492b7084225fc07b40,trusted,weekday_rule,base_calendar,True,463,2026-06-04,complete
2026-06-04,41116.28,0.00,1,3514436.64,last_posted_transaction_or_prior_closing_balance,synb1_txn_9864813233354f734117ff25,trusted,weekday_rule,base_calendar,True,464,2026-06-05,complete
2026-06-05,54000.00,28284.90,2,3540151.74,last_posted_transaction_or_prior_closing_balance,synb1_txn_87871d7625e2bb147a4f600c,trusted,weekday_rule,base_calendar,True,465,2026-06-07,complete
2026-06-06,0.00,0.00,0,3540151.74,last_posted_transaction_or_prior_closing_balance,,trusted,weekday_rule,base_calendar,False,,,complete
2026-06-07,24533.34,141543.58,2,3423141.50,last_posted_transaction_or_prior_closing_balance,synb1_txn_645e35e67bd815b5b2bfddd5,trusted,historical_transaction_override,historical_transaction_override,True,466,2026-06-08,complete
2026-06-08,0.00,0.00,0,3423141.50,last_posted_transaction_or_prior_closing_balance,,trusted,weekday_rule,base_calendar,True,467,2026-06-09,complete
2026-06-09,30000.00,0.00,1,3453141.50,last_posted_transaction_or_prior_closing_balance,synb1_txn_fb9df8b0536974d5412dc8bc,trusted,weekday_rule,base_calendar,True,468,2026-06-10,complete
2026-06-10,0.00,0.00,0,3453141.50,last_posted_transaction_or_prior_closing_balance,,trusted,weekday_rule,base_calendar,True,469,2026-06-11,complete
2026-06-11,23494.31,0.00,1,3476635.81,last_posted_transaction_or_prior_closing_balance,synb1_txn_4838533d154c30e317d7b545,trusted,weekday_rule,base_calendar,True,470,2026-06-12,complete
2026-06-12,0.00,0.00,0,3476635.81,last_posted_transaction_or_prior_closing_balance,,trusted,weekday_rule,base_calendar,True,471,2026-06-15,complete
2026-06-13,0.00,0.00,0,3476635.81,last_posted_transaction_or_prior_closing_balance,,trusted,weekday_rule,base_calendar,False,,,complete
2026-06-14,0.00,0.00,0,3476635.81,last_posted_transaction_or_prior_closing_balance,,trusted,weekday_rule,base_calendar,False,,,complete
2026-06-15,57430.54,20786.19,2,3513280.16,last_posted_transaction_or_prior_closing_balance,synb1_txn_ccffffc0b66608ef3b9a595b,trusted,weekday_rule,base_calendar,True,472,2026-06-16,complete
2026-06-16,29132.94,0.00,1,3542413.10,last_posted_transaction_or_prior_closing_balance,synb1_txn_a38ef7bf69f479d269212630,trusted,weekday_rule,base_calendar,True,473,2026-06-17,complete
2026-06-17,0.00,0.00,0,3542413.10,last_posted_transaction_or_prior_closing_balance,,trusted,weekday_rule,base_calendar,True,474,2026-06-18,complete
2026-06-18,0.00,74530.76,2,3467882.34,last_posted_transaction_or_prior_closing_balance,synb1_txn_29a0c655c63213b245a8d6d0,trusted,weekday_rule,base_calendar,True,475,2026-06-19,complete
2026-06-19,15395.45,0.00,1,3483277.79,last_posted_transaction_or_prior_closing_balance,synb1_txn_3e40cd1cd09c253b6498901c,trusted,historical_transaction_override,historical_transaction_override,True,476,2026-06-20,complete
2026-06-20,61502.89,0.00,1,3544780.68,last_posted_transaction_or_prior_closing_balance,synb1_txn_5ff8cb263d4e7d1835fcb568,trusted,historical_transaction_override,historical_transaction_override,True,477,2026-06-21,complete
2026-06-21,38017.46,25318.57,2,3557479.57,last_posted_transaction_or_prior_closing_balance,synb1_txn_49ccb42b1968b9901e9092d8,trusted,historical_transaction_override,historical_transaction_override,True,478,2026-06-22,complete
2026-06-22,21466.38,0.00,1,3578945.95,last_posted_transaction_or_prior_closing_balance,synb1_txn_baeba2952713b52e88c1d394,trusted,weekday_rule,base_calendar,True,479,2026-06-23,complete
2026-06-23,39171.03,42930.24,4,3575186.74,last_posted_transaction_or_prior_closing_balance,synb1_txn_125f98da8c2bb98c66160b44,trusted,weekday_rule,base_calendar,True,480,2026-06-24,complete
2026-06-24,0.00,0.00,0,3575186.74,last_posted_transaction_or_prior_closing_balance,,trusted,weekday_rule,base_calendar,True,481,2026-06-25,complete
2026-06-25,36433.40,71728.82,2,3539891.32,last_posted_transaction_or_prior_closing_balance,synb1_txn_8ccb23cdb058ff1601bbac81,trusted,weekday_rule,base_calendar,True,482,2026-06-26,complete
2026-06-26,36799.51,86322.13,3,3490368.70,last_posted_transaction_or_prior_closing_balance,synb1_txn_2a140d91b423003e4c4e6e2d,trusted,weekday_rule,base_calendar,True,483,2026-06-27,complete
2026-06-27,26358.41,0.00,1,3516727.11,last_posted_transaction_or_prior_closing_balance,synb1_txn_4cf12bd726b2fbc57ff00021,trusted,historical_transaction_override,historical_transaction_override,True,484,2026-06-28,complete
2026-06-28,25332.99,0.00,1,3542060.10,last_posted_transaction_or_prior_closing_balance,synb1_txn_5ecefba9bd1574c237226b02,trusted,historical_transaction_override,historical_transaction_override,True,485,2026-06-29,complete
2026-06-29,0.00,7336.82,3,3534723.28,last_posted_transaction_or_prior_closing_balance,synb1_txn_3b7f35394ecce549896fa2dc,trusted,weekday_rule,base_calendar,True,486,2026-06-30,complete
2026-06-30,0.00,0.00,0,3534723.28,last_posted_transaction_or_prior_closing_balance,,trusted,weekday_rule,base_calendar,True,487,2026-07-01,complete
2026-07-01,0.00,0.00,0,3534723.28,last_posted_transaction_or_prior_closing_balance,,trusted,weekday_rule,base_calendar,True,488,2026-07-02,complete
2026-07-02,23221.92,0.00,1,3557945.20,last_posted_transaction_or_prior_closing_balance,synb1_txn_bb2d1d085a89730f9c107b12,trusted,weekday_rule,base_calendar,True,489,2026-07-03,complete
2026-07-03,74724.60,41209.50,3,3591460.30,last_posted_transaction_or_prior_closing_balance,synb1_txn_8a623ef9a9eb1729e0009af5,trusted,weekday_rule,base_calendar,True,490,2026-07-04,complete
2026-07-04,0.00,15029.34,1,3576430.96,last_posted_transaction_or_prior_closing_balance,synb1_txn_686f8f23534f8f9653ae4ae4,trusted,historical_transaction_override,historical_transaction_override,True,491,2026-07-06,complete
2026-07-05,0.00,0.00,0,3576430.96,last_posted_transaction_or_prior_closing_balance,,trusted,weekday_rule,base_calendar,False,,,complete
2026-07-06,0.00,0.00,0,3576430.96,last_posted_transaction_or_prior_closing_balance,,trusted,weekday_rule,base_calendar,True,492,2026-07-07,complete
2026-07-07,51518.17,169598.35,4,3458350.78,last_posted_transaction_or_prior_closing_balance,synb1_txn_06e968d3247f0cfa433209b8,trusted,weekday_rule,base_calendar,True,493,2026-07-08,complete
2026-07-08,0.00,0.00,0,3458350.78,last_posted_transaction_or_prior_closing_balance,,trusted,weekday_rule,base_calendar,True,494,2026-07-09,complete
2026-07-09,56110.29,0.00,2,3514461.07,last_posted_transaction_or_prior_closing_balance,synb1_txn_d01309e3bde2bbcf5188115f,trusted,weekday_rule,base_calendar,True,495,2026-07-10,complete
2026-07-10,0.00,0.00,0,3514461.07,last_posted_transaction_or_prior_closing_balance,,trusted,weekday_rule,base_calendar,True,496,2026-07-12,complete
2026-07-11,0.00,0.00,0,3514461.07,last_posted_transaction_or_prior_closing_balance,,trusted,weekday_rule,base_calendar,False,,,complete
2026-07-12,0.00,23977.24,1,3490483.83,last_posted_transaction_or_prior_closing_balance,synb1_txn_e0d168c4a6027de3bcaabb20,trusted,historical_transaction_override,historical_transaction_override,True,497,2026-07-13,complete
2026-07-13,65628.83,0.00,2,3556112.66,last_posted_transaction_or_prior_closing_balance,synb1_txn_0c2c2c0a4395bcdb7b32a410,trusted,weekday_rule,base_calendar,True,498,2026-07-14,complete
2026-07-14,0.00,0.00,0,3556112.66,last_posted_transaction_or_prior_closing_balance,,trusted,weekday_rule,base_calendar,True,499,2026-07-15,complete
2026-07-15,0.00,31170.43,1,3524942.23,last_posted_transaction_or_prior_closing_balance,synb1_txn_b57036de45d01211dd3cfb4d,trusted,weekday_rule,base_calendar,True,500,2026-07-16,complete
2026-07-16,0.00,0.00,0,3524942.23,last_posted_transaction_or_prior_closing_balance,,trusted,weekday_rule,base_calendar,True,501,2026-07-17,complete
2026-07-17,58695.65,24816.45,2,3558821.43,last_posted_transaction_or_prior_closing_balance,synb1_txn_c11d2bd8c6be625b32fb7a4c,trusted,weekday_rule,base_calendar,True,502,2026-07-18,complete
2026-07-18,0.00,18907.77,1,3539913.66,last_posted_transaction_or_prior_closing_balance,synb1_txn_877a2ee926e0c705f98e92df,trusted,historical_transaction_override,historical_transaction_override,True,503,2026-07-19,complete
2026-07-19,26866.56,0.00,1,3566780.22,last_posted_transaction_or_prior_closing_balance,synb1_txn_95a96138e1d66a3c6ec81f29,trusted,historical_transaction_override,historical_transaction_override,True,504,2026-07-20,complete
2026-07-20,44987.75,26884.49,3,3584883.48,last_posted_transaction_or_prior_closing_balance,synb1_txn_b3046555ab6fa93bd2e2a661,trusted,weekday_rule,base_calendar,True,505,2026-07-21,complete
2026-07-21,35217.39,22452.98,2,3597647.89,last_posted_transaction_or_prior_closing_balance,synb1_txn_1d574d7b14d35417404b3bc2,trusted,weekday_rule,base_calendar,True,506,2026-07-22,complete
2026-07-22,0.00,57445.49,1,3540202.40,last_posted_transaction_or_prior_closing_balance,synb1_txn_794a8300e3d51043ca5532bb,trusted,weekday_rule,base_calendar,True,507,2026-07-23,complete
2026-07-23,28785.61,0.00,1,3568988.01,last_posted_transaction_or_prior_closing_balance,synb1_txn_e14e47cc4af9b37bcd29f4a8,trusted,weekday_rule,base_calendar,True,508,2026-07-24,complete
2026-07-24,52403.54,0.00,2,3621391.55,last_posted_transaction_or_prior_closing_balance,synb1_txn_a2966b8a9377cab000751ae6,trusted,weekday_rule,base_calendar,True,509,2026-07-25,complete
2026-07-25,0.00,110791.76,2,3510599.79,last_posted_transaction_or_prior_closing_balance,synb1_txn_ebf0eb0c7a6b6a7d29ae881a,trusted,historical_transaction_override,historical_transaction_override,True,510,2026-07-26,complete
2026-07-26,0.00,26623.01,1,3483976.78,last_posted_transaction_or_prior_closing_balance,synb1_txn_ebc17c8e9faa9e2a427d12a1,trusted,historical_transaction_override,historical_transaction_override,True,511,2026-07-27,complete
2026-07-27,0.00,0.00,0,3483976.78,last_posted_transaction_or_prior_closing_balance,,trusted,weekday_rule,base_calendar,True,512,2026-07-28,complete
2026-07-28,0.00,7336.82,3,3476639.96,last_posted_transaction_or_prior_closing_balance,synb1_txn_02777d63297bf24913f22e5e,trusted,weekday_rule,base_calendar,True,513,2026-07-29,complete
2026-07-29,39319.46,21631.20,2,3494328.22,last_posted_transaction_or_prior_closing_balance,synb1_txn_4b14d3d218be3bf5cae34f10,trusted,weekday_rule,base_calendar,True,514,2026-07-30,complete
2026-07-30,0.00,0.00,0,3494328.22,last_posted_transaction_or_prior_closing_balance,,trusted,weekday_rule,base_calendar,True,515,2026-07-31,complete
2026-07-31,0.00,0.00,0,3494328.22,last_posted_transaction_or_prior_closing_balance,,trusted,weekday_rule,base_calendar,True,516,2026-08-01,complete
2026-08-01,39106.93,0.00,1,3533435.15,last_posted_transaction_or_prior_closing_balance,synb1_txn_0428b62d443e53c6e8a955bb,trusted,historical_transaction_override,historical_transaction_override,True,517,2026-08-02,complete
2026-08-02,51115.32,0.00,1,3584550.47,last_posted_transaction_or_prior_closing_balance,synb1_txn_f90429f6e4551de71fb1f491,trusted,historical_transaction_override,historical_transaction_override,True,518,2026-08-03,complete
2026-08-03,0.00,41209.50,1,3543340.97,last_posted_transaction_or_prior_closing_balance,synb1_txn_73e7989c87889d0bf9812110,trusted,weekday_rule,base_calendar,True,519,2026-08-04,complete
2026-08-04,25321.76,0.00,1,3568662.73,last_posted_transaction_or_prior_closing_balance,synb1_txn_55d316def688c1cc4220e831,trusted,weekday_rule,base_calendar,True,520,2026-08-05,complete
2026-08-05,16545.24,0.00,1,3585207.97,last_posted_transaction_or_prior_closing_balance,synb1_txn_e69da2c9edfd1e632e7fb805,trusted,weekday_rule,base_calendar,True,521,2026-08-06,complete
2026-08-06,0.00,0.00,0,3585207.97,last_posted_transaction_or_prior_closing_balance,,trusted,weekday_rule,base_calendar,True,522,2026-08-07,complete
2026-08-07,0.00,141543.58,1,3443664.39,last_posted_transaction_or_prior_closing_balance,synb1_txn_6f43f504c374e1071ff1ac48,trusted,weekday_rule,base_calendar,True,523,2026-08-08,complete
2026-08-08,19895.67,0.00,1,3463560.06,last_posted_transaction_or_prior_closing_balance,synb1_txn_459bc148bde0397c7734db11,trusted,historical_transaction_override,historical_transaction_override,True,524,2026-08-10,complete
2026-08-09,0.00,0.00,0,3463560.06,last_posted_transaction_or_prior_closing_balance,,trusted,weekday_rule,base_calendar,False,,,complete
2026-08-10,0.00,0.00,0,3463560.06,last_posted_transaction_or_prior_closing_balance,,trusted,weekday_rule,base_calendar,True,525,2026-08-11,complete
2026-08-11,0.00,35666.15,1,3427893.91,last_posted_transaction_or_prior_closing_balance,synb1_txn_7643d8c399e8bb38b8d89aa6,trusted,weekday_rule,base_calendar,True,526,2026-08-12,complete
2026-08-12,0.00,35236.36,1,3392657.55,last_posted_transaction_or_prior_closing_balance,synb1_txn_701c8403f515e9c8f9946756,trusted,weekday_rule,base_calendar,True,527,2026-08-13,complete
2026-08-13,0.00,0.00,0,3392657.55,last_posted_transaction_or_prior_closing_balance,,trusted,weekday_rule,base_calendar,True,528,2026-08-14,complete
2026-08-14,0.00,22928.25,1,3369729.30,last_posted_transaction_or_prior_closing_balance,synb1_txn_cc46370f3a19188f9268d3df,trusted,weekday_rule,base_calendar,True,529,2026-08-15,complete
2026-08-15,0.00,79796.37,3,3289932.93,last_posted_transaction_or_prior_closing_balance,synb1_txn_f3dd8f915219b06ae7f16de5,trusted,historical_transaction_override,historical_transaction_override,True,530,2026-08-17,complete
2026-08-16,0.00,0.00,0,3289932.93,last_posted_transaction_or_prior_closing_balance,,trusted,weekday_rule,base_calendar,False,,,complete
2026-08-17,71971.61,0.00,2,3361904.54,last_posted_transaction_or_prior_closing_balance,synb1_txn_2181ea696ed1719e810d804f,trusted,weekday_rule,base_calendar,True,531,2026-08-18,complete
2026-08-18,0.00,52379.85,2,3309524.69,last_posted_transaction_or_prior_closing_balance,synb1_txn_c93cd6aee6d790729f3f77f9,trusted,weekday_rule,base_calendar,True,532,2026-08-19,complete
2026-08-19,0.00,0.00,0,3309524.69,last_posted_transaction_or_prior_closing_balance,,trusted,weekday_rule,base_calendar,True,533,2026-08-20,complete
2026-08-20,28748.65,0.00,1,3338273.34,last_posted_transaction_or_prior_closing_balance,synb1_txn_533799799e684a48d7ebe043,trusted,weekday_rule,base_calendar,True,534,2026-08-21,complete
2026-08-21,71026.35,0.00,3,3409299.69,last_posted_transaction_or_prior_closing_balance,synb1_txn_5c39b14c620ec2731f7714b7,trusted,weekday_rule,base_calendar,True,535,2026-08-22,complete
2026-08-22,25846.15,0.00,1,3435145.84,last_posted_transaction_or_prior_closing_balance,synb1_txn_a2e106c5bd053213715f4941,trusted,historical_transaction_override,historical_transaction_override,True,536,2026-08-24,complete
2026-08-23,0.00,0.00,0,3435145.84,last_posted_transaction_or_prior_closing_balance,,trusted,weekday_rule,base_calendar,False,,,complete
2026-08-24,32342.25,0.00,1,3467488.09,last_posted_transaction_or_prior_closing_balance,synb1_txn_c20852f82a80b241fb17bbf5,trusted,weekday_rule,base_calendar,True,537,2026-08-25,complete
2026-08-25,83215.45,71728.82,3,3478974.72,last_posted_transaction_or_prior_closing_balance,synb1_txn_c13cf4c24baa2f50a38d06f3,trusted,weekday_rule,base_calendar,True,538,2026-08-26,complete
2026-08-26,79365.96,0.00,2,3558340.68,last_posted_transaction_or_prior_closing_balance,synb1_txn_39ac85ad9f26d38e6e69274a,trusted,weekday_rule,base_calendar,True,539,2026-08-27,complete
2026-08-27,0.00,0.00,0,3558340.68,last_posted_transaction_or_prior_closing_balance,,trusted,weekday_rule,base_calendar,True,540,2026-08-28,complete
2026-08-28,0.00,39363.56,4,3518977.12,last_posted_transaction_or_prior_closing_balance,synb1_txn_51e7eb627e87c65cc99f1e7a,trusted,weekday_rule,base_calendar,True,541,2026-08-29,complete
2026-08-29,28332.02,0.00,1,3547309.14,last_posted_transaction_or_prior_closing_balance,synb1_txn_86c05c6ff3a52f775cc231a8,trusted,historical_transaction_override,historical_transaction_override,True,542,2026-08-30,complete
2026-08-30,13575.76,0.00,1,3560884.90,last_posted_transaction_or_prior_closing_balance,synb1_txn_606b6b5861c905606f0d8a4f,trusted,historical_transaction_override,historical_transaction_override,True,543,2026-08-31,complete
2026-08-31,0.00,34938.28,1,3525946.62,last_posted_transaction_or_prior_closing_balance,synb1_txn_479398ec4c4b509a3a3c0014,trusted,weekday_rule,base_calendar,True,544,2026-09-01,complete
2026-09-01,0.00,0.00,0,3525946.62,last_posted_transaction_or_prior_closing_balance,,trusted,weekday_rule,base_calendar,True,545,2026-09-02,complete
2026-09-02,0.00,0.00,0,3525946.62,last_posted_transaction_or_prior_closing_balance,,trusted,weekday_rule,base_calendar,True,546,2026-09-03,complete
2026-09-03,0.00,41209.50,1,3484737.12,last_posted_transaction_or_prior_closing_balance,synb1_txn_537c8981cdc0fc86dee770cd,trusted,weekday_rule,base_calendar,True,547,2026-09-04,complete
2026-09-04,67988.30,0.00,1,3552725.42,last_posted_transaction_or_prior_closing_balance,synb1_txn_3bd61aa5c2038fe2a7ac47e7,trusted,weekday_rule,base_calendar,True,548,2026-09-07,complete
2026-09-05,0.00,0.00,0,3552725.42,last_posted_transaction_or_prior_closing_balance,,trusted,weekday_rule,base_calendar,False,,,complete
2026-09-06,0.00,0.00,0,3552725.42,last_posted_transaction_or_prior_closing_balance,,trusted,weekday_rule,base_calendar,False,,,complete
2026-09-07,23496.50,141543.58,2,3434678.34,last_posted_transaction_or_prior_closing_balance,synb1_txn_8f0f24883a1eea0f44db4f3b,trusted,weekday_rule,base_calendar,True,549,2026-09-08,complete
2026-09-08,23648.11,0.00,1,3458326.45,last_posted_transaction_or_prior_closing_balance,synb1_txn_6e134fda958303feba94f1aa,trusted,weekday_rule,base_calendar,True,550,2026-09-09,complete
2026-09-09,0.00,0.00,0,3458326.45,last_posted_transaction_or_prior_closing_balance,,trusted,weekday_rule,base_calendar,True,551,2026-09-10,complete
2026-09-10,0.00,27781.82,1,3430544.63,last_posted_transaction_or_prior_closing_balance,synb1_txn_80c7330abd9e6feab2c05985,trusted,weekday_rule,base_calendar,True,552,2026-09-11,complete
2026-09-11,10442.89,0.00,1,3440987.52,last_posted_transaction_or_prior_closing_balance,synb1_txn_4ca5b68e9d5142e44bc69484,trusted,weekday_rule,base_calendar,True,553,2026-09-13,complete
2026-09-12,0.00,0.00,0,3440987.52,last_posted_transaction_or_prior_closing_balance,,trusted,weekday_rule,base_calendar,False,,,complete
2026-09-13,0.00,39357.59,1,3401629.93,last_posted_transaction_or_prior_closing_balance,synb1_txn_ee34b96289d9a2cf0522c4b6,trusted,historical_transaction_override,historical_transaction_override,True,554,2026-09-14,complete
2026-09-14,0.00,0.00,0,3401629.93,last_posted_transaction_or_prior_closing_balance,,trusted,weekday_rule,base_calendar,True,555,2026-09-15,complete
2026-09-15,0.00,29081.77,1,3372548.16,last_posted_transaction_or_prior_closing_balance,synb1_txn_fa26b2a749100505b9f97164,trusted,weekday_rule,base_calendar,True,556,2026-09-16,complete
2026-09-16,0.00,0.00,0,3372548.16,last_posted_transaction_or_prior_closing_balance,,trusted,weekday_rule,base_calendar,True,557,2026-09-17,complete
2026-09-17,0.00,0.00,0,3372548.16,last_posted_transaction_or_prior_closing_balance,,trusted,weekday_rule,base_calendar,True,558,2026-09-18,complete
2026-09-18,0.00,83529.33,2,3289018.83,last_posted_transaction_or_prior_closing_balance,synb1_txn_2db7055bdd093f5f7a967717,trusted,weekday_rule,base_calendar,True,559,2026-09-20,complete
2026-09-19,0.00,0.00,0,3289018.83,last_posted_transaction_or_prior_closing_balance,,trusted,weekday_rule,base_calendar,False,,,complete
2026-09-20,19362.27,0.00,1,3308381.10,last_posted_transaction_or_prior_closing_balance,synb1_txn_452e93087a805860446b5f48,trusted,gov_cn_2026_holiday_schedule_v1,base_calendar,True,560,2026-09-21,complete
2026-09-21,13080.28,58523.97,3,3262937.41,last_posted_transaction_or_prior_closing_balance,synb1_txn_fce9122fc82b9261a660288a,trusted,weekday_rule,base_calendar,True,561,2026-09-22,complete
2026-09-22,33883.97,0.00,1,3296821.38,last_posted_transaction_or_prior_closing_balance,synb1_txn_46258740e530de2c4981e5b6,trusted,weekday_rule,base_calendar,True,562,2026-09-23,complete
2026-09-23,21411.19,0.00,1,3318232.57,last_posted_transaction_or_prior_closing_balance,synb1_txn_d8f6816d1cce80bfde6136c9,trusted,weekday_rule,base_calendar,True,563,2026-09-24,complete
2026-09-24,17426.05,15024.21,2,3320634.41,last_posted_transaction_or_prior_closing_balance,synb1_txn_3e39d048ab06b9b00d7d8a03,trusted,weekday_rule,base_calendar,True,564,2026-09-25,complete
2026-09-25,54836.60,91565.47,4,3283905.54,last_posted_transaction_or_prior_closing_balance,synb1_txn_e54d31842dc22ff29cd38212,trusted,historical_transaction_override,historical_transaction_override,True,565,2026-09-26,complete
2026-09-26,76480.98,0.00,2,3360386.52,last_posted_transaction_or_prior_closing_balance,synb1_txn_e517faac20172b77b4318ed3,trusted,historical_transaction_override,historical_transaction_override,True,566,2026-09-27,complete
2026-09-27,69083.55,0.00,2,3429470.07,last_posted_transaction_or_prior_closing_balance,synb1_txn_467147ece424b817b7d828ef,trusted,historical_transaction_override,historical_transaction_override,True,567,2026-09-28,complete
2026-09-28,0.00,27173.48,4,3402296.59,last_posted_transaction_or_prior_closing_balance,synb1_txn_52aa788227d2484844d02d39,trusted,weekday_rule,base_calendar,True,568,2026-09-29,complete
2026-09-29,45513.75,0.00,2,3447810.34,last_posted_transaction_or_prior_closing_balance,synb1_txn_8facbc34ac99f6e555554cef,trusted,weekday_rule,base_calendar,True,569,2026-09-30,complete
2026-09-30,24525.55,0.00,1,3472335.89,last_posted_transaction_or_prior_closing_balance,synb1_txn_0953a3ed591ba1c32edf13ab,trusted,weekday_rule,base_calendar,True,570,2026-10-01,complete
2026-10-01,44395.81,0.00,1,3516731.70,last_posted_transaction_or_prior_closing_balance,synb1_txn_2d8dbc4293bcafef849fbd77,trusted,historical_transaction_override,historical_transaction_override,True,571,2026-10-03,complete
2026-10-02,0.00,0.00,0,3516731.70,last_posted_transaction_or_prior_closing_balance,,trusted,gov_cn_2026_holiday_schedule_v1,base_calendar,False,,,complete
2026-10-03,33722.63,41209.50,2,3509244.83,last_posted_transaction_or_prior_closing_balance,synb1_txn_1d1149a1ec22b4d3130a4a31,trusted,historical_transaction_override,historical_transaction_override,True,572,2026-10-07,complete
2026-10-04,0.00,0.00,0,3509244.83,last_posted_transaction_or_prior_closing_balance,,trusted,gov_cn_2026_holiday_schedule_v1,base_calendar,False,,,complete
2026-10-05,0.00,0.00,0,3509244.83,last_posted_transaction_or_prior_closing_balance,,trusted,gov_cn_2026_holiday_schedule_v1,base_calendar,False,,,complete
2026-10-06,0.00,0.00,0,3509244.83,last_posted_transaction_or_prior_closing_balance,,trusted,gov_cn_2026_holiday_schedule_v1,base_calendar,False,,,complete
2026-10-07,0.00,141543.58,1,3367701.25,last_posted_transaction_or_prior_closing_balance,synb1_txn_92fd6addc3167eba89fc1bac,trusted,historical_transaction_override,historical_transaction_override,True,573,2026-10-08,complete
2026-10-08,0.00,0.00,0,3367701.25,last_posted_transaction_or_prior_closing_balance,,trusted,weekday_rule,base_calendar,True,574,2026-10-09,complete
2026-10-09,53138.68,0.00,1,3420839.93,last_posted_transaction_or_prior_closing_balance,synb1_txn_a26262b89cdfa5af1d9c24f5,trusted,weekday_rule,base_calendar,True,575,2026-10-10,complete
2026-10-10,91737.37,0.00,1,3512577.30,last_posted_transaction_or_prior_closing_balance,synb1_txn_a2526b22cc39fa55e40dc3e4,trusted,gov_cn_2026_holiday_schedule_v1,base_calendar,True,576,2026-10-12,complete
2026-10-11,0.00,0.00,0,3512577.30,last_posted_transaction_or_prior_closing_balance,,trusted,weekday_rule,base_calendar,False,,,complete
2026-10-12,21968.68,74595.49,2,3459950.49,last_posted_transaction_or_prior_closing_balance,synb1_txn_e8bfb34580eae7f5ecf820ee,trusted,weekday_rule,base_calendar,True,577,2026-10-13,complete
2026-10-13,53138.69,0.00,1,3513089.18,last_posted_transaction_or_prior_closing_balance,synb1_txn_0e8b193b821dee5a30842f0f,trusted,weekday_rule,base_calendar,True,578,2026-10-14,complete
2026-10-14,108032.82,0.00,2,3621122.00,last_posted_transaction_or_prior_closing_balance,synb1_txn_dabe1e3b5527ed1ccb6865e2,trusted,weekday_rule,base_calendar,True,579,2026-10-15,complete
2026-10-15,0.00,105633.54,2,3515488.46,last_posted_transaction_or_prior_closing_balance,synb1_txn_c7bae171dc137027f9633116,trusted,weekday_rule,base_calendar,True,580,2026-10-16,complete
2026-10-16,27460.85,70332.89,2,3472616.42,last_posted_transaction_or_prior_closing_balance,synb1_txn_492823e1d987fc8c9a679532,trusted,weekday_rule,base_calendar,True,581,2026-10-18,complete
2026-10-17,0.00,0.00,0,3472616.42,last_posted_transaction_or_prior_closing_balance,,trusted,weekday_rule,base_calendar,False,,,complete
2026-10-18,157522.72,134292.45,5,3495846.69,last_posted_transaction_or_prior_closing_balance,synb1_txn_d8c6346bdf5633c920b4c905,trusted,historical_transaction_override,historical_transaction_override,True,582,2026-10-19,complete
2026-10-19,43217.08,78147.66,2,3460916.11,last_posted_transaction_or_prior_closing_balance,synb1_txn_36692f14b88d28822ffb5fb8,trusted,weekday_rule,base_calendar,True,583,2026-10-20,complete
2026-10-20,60413.90,0.00,1,3521330.01,last_posted_transaction_or_prior_closing_balance,synb1_txn_ea647a2f79c86b893600562c,trusted,weekday_rule,base_calendar,True,584,2026-10-21,complete
2026-10-21,0.00,99943.37,2,3421386.64,last_posted_transaction_or_prior_closing_balance,synb1_txn_ecf9c1395e4530494ca612e2,trusted,weekday_rule,base_calendar,True,585,2026-10-22,complete
2026-10-22,119258.59,70332.91,3,3470312.32,last_posted_transaction_or_prior_closing_balance,synb1_txn_562729eb7aaccb8b3898698d,trusted,weekday_rule,base_calendar,True,586,2026-10-23,complete
2026-10-23,126564.32,0.00,2,3596876.64,last_posted_transaction_or_prior_closing_balance,synb1_txn_0c66a98a064ca76eb02cc96c,trusted,weekday_rule,base_calendar,True,587,2026-10-24,complete
2026-10-24,0.00,62946.35,1,3533930.29,last_posted_transaction_or_prior_closing_balance,synb1_txn_65c62835b3f692e3ecacb97e,trusted,historical_transaction_override,historical_transaction_override,True,588,2026-10-25,complete
2026-10-25,0.00,71728.82,1,3462201.47,last_posted_transaction_or_prior_closing_balance,synb1_txn_3d4df805018a11bde75d804c,trusted,historical_transaction_override,historical_transaction_override,True,589,2026-10-26,complete
2026-10-26,47317.16,0.00,1,3509518.63,last_posted_transaction_or_prior_closing_balance,synb1_txn_c19859f45a2365249f880c22,trusted,weekday_rule,base_calendar,True,590,2026-10-27,complete
2026-10-27,88531.72,0.00,2,3598050.35,last_posted_transaction_or_prior_closing_balance,synb1_txn_8316955588606ea022144147,trusted,weekday_rule,base_calendar,True,591,2026-10-28,complete
2026-10-28,65181.81,7336.82,4,3655895.34,last_posted_transaction_or_prior_closing_balance,synb1_txn_06850f88def5621af0cac48c,trusted,weekday_rule,base_calendar,True,592,2026-10-29,complete
2026-10-29,0.00,0.00,0,3655895.34,last_posted_transaction_or_prior_closing_balance,,trusted,weekday_rule,base_calendar,True,593,2026-10-30,complete
2026-10-30,83335.21,0.00,2,3739230.55,last_posted_transaction_or_prior_closing_balance,synb1_txn_09b783f9dc70e4d4d172f820,trusted,weekday_rule,base_calendar,True,594,2026-10-31,complete
2026-10-31,79666.67,0.00,1,3818897.22,last_posted_transaction_or_prior_closing_balance,synb1_txn_edd9410b0ef7e5e0dc32ed24,trusted,historical_transaction_override,historical_transaction_override,True,595,2026-11-01,complete
2026-11-01,81477.27,0.00,1,3900374.49,last_posted_transaction_or_prior_closing_balance,synb1_txn_e27166f42c41accb01133279,trusted,historical_transaction_override,historical_transaction_override,True,596,2026-11-02,complete
2026-11-02,0.00,38560.13,1,3861814.36,last_posted_transaction_or_prior_closing_balance,synb1_txn_ee722e79513385cf7fd7e239,trusted,weekday_rule,base_calendar,True,597,2026-11-03,complete
2026-11-03,161988.27,41209.50,3,3982593.13,last_posted_transaction_or_prior_closing_balance,synb1_txn_bcc0d1ba00f60fdb5068933f,trusted,weekday_rule,base_calendar,True,598,2026-11-04,complete
2026-11-04,0.00,0.00,0,3982593.13,last_posted_transaction_or_prior_closing_balance,,trusted,weekday_rule,base_calendar,True,599,2026-11-05,complete
2026-11-05,81477.28,63348.79,2,4000721.62,last_posted_transaction_or_prior_closing_balance,synb1_txn_930966dc03fff6cf93224bfa,trusted,weekday_rule,base_calendar,True,600,2026-11-06,complete
2026-11-06,0.00,0.00,0,4000721.62,last_posted_transaction_or_prior_closing_balance,,trusted,weekday_rule,base_calendar,True,601,2026-11-07,complete
2026-11-07,186702.89,141543.58,3,4045880.93,last_posted_transaction_or_prior_closing_balance,synb1_txn_f268f54379f8a52c0b0f9b06,trusted,historical_transaction_override,historical_transaction_override,True,602,2026-11-08,complete
2026-11-08,0.00,77120.27,1,3968760.66,last_posted_transaction_or_prior_closing_balance,synb1_txn_049361aff91f04298ede3168,trusted,historical_transaction_override,historical_transaction_override,True,603,2026-11-09,complete
2026-11-09,17656.92,0.00,1,3986417.58,last_posted_transaction_or_prior_closing_balance,synb1_txn_7d5b6acdbde91395c8c7d0c8,trusted,weekday_rule,base_calendar,True,604,2026-11-10,complete
2026-11-10,0.00,0.00,0,3986417.58,last_posted_transaction_or_prior_closing_balance,,trusted,weekday_rule,base_calendar,True,605,2026-11-11,complete
2026-11-11,51164.65,0.00,2,4037582.23,last_posted_transaction_or_prior_closing_balance,synb1_txn_5f2388661fcd1e5a3490571b,trusted,weekday_rule,base_calendar,True,606,2026-11-12,complete
2026-11-12,0.00,0.00,0,4037582.23,last_posted_transaction_or_prior_closing_balance,,trusted,weekday_rule,base_calendar,True,607,2026-11-13,complete
2026-11-13,6539.61,0.00,1,4044121.84,last_posted_transaction_or_prior_closing_balance,synb1_txn_796f51637f8957222342b41c,trusted,weekday_rule,base_calendar,True,608,2026-11-14,complete
2026-11-14,5372.02,0.00,1,4049493.86,last_posted_transaction_or_prior_closing_balance,synb1_txn_48c2e0c199f9edd1e7e4cde1,trusted,historical_transaction_override,historical_transaction_override,True,609,2026-11-15,complete
2026-11-15,11021.20,0.00,1,4060515.06,last_posted_transaction_or_prior_closing_balance,synb1_txn_1da158254c51bf40d23a52ae,trusted,historical_transaction_override,historical_transaction_override,True,610,2026-11-16,complete
2026-11-16,9302.09,7649.47,2,4062167.68,last_posted_transaction_or_prior_closing_balance,synb1_txn_7a89a6c78fbddcab4e0aae29,trusted,weekday_rule,base_calendar,True,611,2026-11-17,complete
2026-11-17,0.00,13285.93,1,4048881.75,last_posted_transaction_or_prior_closing_balance,synb1_txn_c5a664498a9a0e3955be3573,trusted,weekday_rule,base_calendar,True,612,2026-11-18,complete
2026-11-18,7252.25,0.00,1,4056134.00,last_posted_transaction_or_prior_closing_balance,synb1_txn_7811326129dc357da61f15d8,trusted,weekday_rule,base_calendar,True,613,2026-11-19,complete
2026-11-19,0.00,10065.11,1,4046068.89,last_posted_transaction_or_prior_closing_balance,synb1_txn_c07a75965b4a4e74c81a6616,trusted,weekday_rule,base_calendar,True,614,2026-11-20,complete
2026-11-20,3322.18,11071.62,2,4038319.45,last_posted_transaction_or_prior_closing_balance,synb1_txn_c4184ebe67780cdd70454318,trusted,weekday_rule,base_calendar,True,615,2026-11-21,complete
2026-11-21,0.00,7655.22,1,4030664.23,last_posted_transaction_or_prior_closing_balance,synb1_txn_26f6df402ac45a19307feff4,trusted,historical_transaction_override,historical_transaction_override,True,616,2026-11-22,complete
2026-11-22,11572.25,0.00,1,4042236.48,last_posted_transaction_or_prior_closing_balance,synb1_txn_3da9361233cb052cbca9b5f5,trusted,historical_transaction_override,historical_transaction_override,True,617,2026-11-23,complete
2026-11-23,0.00,0.00,0,4042236.48,last_posted_transaction_or_prior_closing_balance,,trusted,weekday_rule,base_calendar,True,618,2026-11-24,complete
2026-11-24,0.00,24709.95,2,4017526.53,last_posted_transaction_or_prior_closing_balance,synb1_txn_45d4905bbd7de0bfad45ce0e,trusted,weekday_rule,base_calendar,True,619,2026-11-25,complete
2026-11-25,10574.17,71728.82,2,3956371.88,last_posted_transaction_or_prior_closing_balance,synb1_txn_42d2270d70c8169c302d7237,trusted,weekday_rule,base_calendar,True,620,2026-11-26,complete
2026-11-26,11572.25,0.00,1,3967944.13,last_posted_transaction_or_prior_closing_balance,synb1_txn_d173709b212cd5364e3623ca,trusted,weekday_rule,base_calendar,True,621,2026-11-27,complete
2026-11-27,9468.20,10814.15,2,3966598.18,last_posted_transaction_or_prior_closing_balance,synb1_txn_5b4a2ee01215c5af61b078d9,trusted,weekday_rule,base_calendar,True,622,2026-11-28,complete
2026-11-28,19216.97,0.00,2,3985815.15,last_posted_transaction_or_prior_closing_balance,synb1_txn_a5a8ae77a8c392d0a47ff18f,trusted,historical_transaction_override,historical_transaction_override,True,623,2026-11-29,complete
2026-11-29,18882.47,6293.33,2,3998404.29,last_posted_transaction_or_prior_closing_balance,synb1_txn_7f68f8a37ae64e8bf971a4ca,trusted,historical_transaction_override,historical_transaction_override,True,624,2026-11-30,complete
2026-11-30,0.00,123452.93,3,3874951.36,last_posted_transaction_or_prior_closing_balance,synb1_txn_f90620640a86c1ced44554e2,trusted,weekday_rule,base_calendar,True,625,2026-12-01,complete
2026-12-01,9468.21,0.00,1,3884419.57,last_posted_transaction_or_prior_closing_balance,synb1_txn_5b6fcc0ab148820851f6c896,trusted,weekday_rule,base_calendar,True,626,2026-12-02,complete
2026-12-02,20759.95,3671.12,3,3901508.40,last_posted_transaction_or_prior_closing_balance,synb1_txn_ecaf185f92fd34bf6234070f,trusted,weekday_rule,base_calendar,True,627,2026-12-03,complete
2026-12-03,0.00,41209.50,1,3860298.90,last_posted_transaction_or_prior_closing_balance,synb1_txn_d1299737dd98c52e434d0957,trusted,weekday_rule,base_calendar,True,628,2026-12-04,complete
2026-12-04,0.00,0.00,0,3860298.90,last_posted_transaction_or_prior_closing_balance,,trusted,weekday_rule,base_calendar,True,629,2026-12-07,complete
2026-12-05,0.00,0.00,0,3860298.90,last_posted_transaction_or_prior_closing_balance,,trusted,weekday_rule,base_calendar,False,,,complete
2026-12-06,0.00,0.00,0,3860298.90,last_posted_transaction_or_prior_closing_balance,,trusted,weekday_rule,base_calendar,False,,,complete
2026-12-07,0.00,141543.58,1,3718755.32,last_posted_transaction_or_prior_closing_balance,synb1_txn_e618596746d87ea27ba2bf0b,trusted,weekday_rule,base_calendar,True,630,2026-12-08,complete
2026-12-08,0.00,0.00,0,3718755.32,last_posted_transaction_or_prior_closing_balance,,trusted,weekday_rule,base_calendar,True,631,2026-12-09,complete
2026-12-09,0.00,44401.84,1,3674353.48,last_posted_transaction_or_prior_closing_balance,synb1_txn_eea5f2dd2c394fa5e67a1406,trusted,weekday_rule,base_calendar,True,632,2026-12-10,complete
2026-12-10,0.00,43309.11,1,3631044.37,last_posted_transaction_or_prior_closing_balance,synb1_txn_1368390d230071975012d3d2,trusted,weekday_rule,base_calendar,True,633,2026-12-11,complete
2026-12-11,0.00,0.00,0,3631044.37,last_posted_transaction_or_prior_closing_balance,,trusted,weekday_rule,base_calendar,True,634,2026-12-12,complete
2026-12-12,102952.63,53916.52,3,3680080.48,last_posted_transaction_or_prior_closing_balance,synb1_txn_44bc217c148adae70bd8ada4,trusted,historical_transaction_override,historical_transaction_override,True,635,2026-12-13,complete
2026-12-13,0.00,112603.70,1,3567476.78,last_posted_transaction_or_prior_closing_balance,synb1_txn_e5e879061d4199e53c09df71,trusted,historical_transaction_override,historical_transaction_override,True,636,2026-12-14,complete
2026-12-14,0.00,0.00,0,3567476.78,last_posted_transaction_or_prior_closing_balance,,trusted,weekday_rule,base_calendar,True,637,2026-12-15,complete
2026-12-15,101965.31,60259.64,2,3609182.45,last_posted_transaction_or_prior_closing_balance,synb1_txn_696c38e29029b13876fe36ac,trusted,weekday_rule,base_calendar,True,638,2026-12-16,complete
2026-12-16,77286.79,86618.25,3,3599850.99,last_posted_transaction_or_prior_closing_balance,synb1_txn_b76c0044b9f2f74acc84803d,trusted,weekday_rule,base_calendar,True,639,2026-12-17,complete
2026-12-17,40578.03,0.00,1,3640429.02,last_posted_transaction_or_prior_closing_balance,synb1_txn_af9c8745d82609c52a609162,trusted,weekday_rule,base_calendar,True,640,2026-12-18,complete
2026-12-18,0.00,0.00,0,3640429.02,last_posted_transaction_or_prior_closing_balance,,trusted,weekday_rule,base_calendar,True,641,2026-12-19,complete
2026-12-19,101965.31,0.00,1,3742394.33,last_posted_transaction_or_prior_closing_balance,synb1_txn_8d5d43bd4328e6bd7c227c46,trusted,historical_transaction_override,historical_transaction_override,True,642,2026-12-20,complete
2026-12-20,81957.10,0.00,2,3824351.43,last_posted_transaction_or_prior_closing_balance,synb1_txn_025db587efdc35912e12a522,trusted,historical_transaction_override,historical_transaction_override,True,643,2026-12-21,complete
2026-12-21,81156.06,41976.53,2,3863530.96,last_posted_transaction_or_prior_closing_balance,synb1_txn_2edba5ec7a4fee2809b5db5b,trusted,weekday_rule,base_calendar,True,644,2026-12-22,complete
2026-12-22,0.00,0.00,0,3863530.96,last_posted_transaction_or_prior_closing_balance,,trusted,weekday_rule,base_calendar,True,645,2026-12-23,complete
2026-12-23,69190.76,0.00,1,3932721.72,last_posted_transaction_or_prior_closing_balance,synb1_txn_dfa6d7f4cff09f0c54fc7677,trusted,weekday_rule,base_calendar,True,646,2026-12-24,complete
2026-12-24,0.00,14991.61,1,3917730.11,last_posted_transaction_or_prior_closing_balance,synb1_txn_054c03ae1dd1ce24c34a0144,trusted,weekday_rule,base_calendar,True,647,2026-12-25,complete
2026-12-25,95306.36,177717.87,4,3835318.60,last_posted_transaction_or_prior_closing_balance,synb1_txn_486ceb5b36f875976ab6ad2f,trusted,weekday_rule,base_calendar,True,648,2026-12-26,complete
2026-12-26,61907.51,0.00,1,3897226.11,last_posted_transaction_or_prior_closing_balance,synb1_txn_4f50e7f36894f0daeee91243,trusted,historical_transaction_override,historical_transaction_override,True,649,2026-12-27,complete
2026-12-27,200449.40,123997.34,4,3973678.17,last_posted_transaction_or_prior_closing_balance,synb1_txn_f44c41cfcd036da9fe4db9e7,trusted,historical_transaction_override,historical_transaction_override,True,650,2026-12-28,complete
2026-12-28,135527.25,100456.81,4,4008748.61,last_posted_transaction_or_prior_closing_balance,synb1_txn_4650113885785fc1e42240ce,trusted,weekday_rule,base_calendar,True,651,2026-12-29,complete
2026-12-29,99052.02,0.00,1,4107800.63,last_posted_transaction_or_prior_closing_balance,synb1_txn_9aa59a02700aab6e4ccfd3e6,trusted,weekday_rule,base_calendar,True,652,2026-12-30,complete
2026-12-30,72225.43,92161.80,2,4087864.26,last_posted_transaction_or_prior_closing_balance,synb1_txn_693ea1f90ea46eb3fe793d2a,trusted,weekday_rule,base_calendar,True,653,2026-12-31,complete
2026-12-31,126263.64,56779.86,3,4157348.04,last_posted_transaction_or_prior_closing_balance,synb1_txn_d9a213bfdc7f88a307125628,trusted,weekday_rule,base_calendar,True,654,2027-01-01,complete
