calendar_date,inflow_cny,outflow_cny,transaction_count,ending_balance_cny,day_cut_basis,source_last_transaction_id,reconciliation_status,calendar_source,calendar_inference_status,is_bank_workday,business_step,target_date,execution_status
2024-01-01,3600000.00,0.00,1,3600000.00,last_posted_transaction_or_prior_closing_balance,synb1_txn_c7faa9ea09fe910f8f246c20,trusted,weekday_rule,base_calendar,True,1,2024-01-02,complete
2024-01-02,0.00,0.00,0,3600000.00,last_posted_transaction_or_prior_closing_balance,,trusted,weekday_rule,base_calendar,True,2,2024-01-03,complete
2024-01-03,0.00,91847.34,2,3508152.66,last_posted_transaction_or_prior_closing_balance,synb1_txn_8ff1d115b065fbe7dfb5238b,trusted,weekday_rule,base_calendar,True,3,2024-01-04,complete
2024-01-04,0.00,0.00,0,3508152.66,last_posted_transaction_or_prior_closing_balance,,trusted,weekday_rule,base_calendar,True,4,2024-01-05,complete
2024-01-05,0.00,0.00,0,3508152.66,last_posted_transaction_or_prior_closing_balance,,trusted,weekday_rule,base_calendar,True,5,2024-01-07,complete
2024-01-06,0.00,0.00,0,3508152.66,last_posted_transaction_or_prior_closing_balance,,trusted,weekday_rule,base_calendar,False,,,complete
2024-01-07,31545.01,127129.39,2,3412568.28,last_posted_transaction_or_prior_closing_balance,synb1_txn_db3863785b0de99e01ff40b9,trusted,historical_transaction_override,historical_transaction_override,True,6,2024-01-08,complete
2024-01-08,32832.56,0.00,1,3445400.84,last_posted_transaction_or_prior_closing_balance,synb1_txn_568d9b97d5dcd94fb612a385,trusted,weekday_rule,base_calendar,True,7,2024-01-09,complete
2024-01-09,0.00,0.00,0,3445400.84,last_posted_transaction_or_prior_closing_balance,,trusted,weekday_rule,base_calendar,True,8,2024-01-10,complete
2024-01-10,0.00,0.00,0,3445400.84,last_posted_transaction_or_prior_closing_balance,,trusted,weekday_rule,base_calendar,True,9,2024-01-11,complete
2024-01-11,36051.45,0.00,1,3481452.29,last_posted_transaction_or_prior_closing_balance,synb1_txn_376c608f7139d119781192fd,trusted,weekday_rule,base_calendar,True,10,2024-01-12,complete
2024-01-12,19401.06,0.00,1,3500853.35,last_posted_transaction_or_prior_closing_balance,synb1_txn_cec77bc79c89a9fd2ae99655,trusted,weekday_rule,base_calendar,True,11,2024-01-15,complete
2024-01-13,0.00,0.00,0,3500853.35,last_posted_transaction_or_prior_closing_balance,,trusted,weekday_rule,base_calendar,False,,,complete
2024-01-14,0.00,0.00,0,3500853.35,last_posted_transaction_or_prior_closing_balance,,trusted,weekday_rule,base_calendar,False,,,complete
2024-01-15,0.00,0.00,0,3500853.35,last_posted_transaction_or_prior_closing_balance,,trusted,weekday_rule,base_calendar,True,12,2024-01-16,complete
2024-01-16,87107.27,0.00,2,3587960.62,last_posted_transaction_or_prior_closing_balance,synb1_txn_d8b3014fa7722363ddefd2b8,trusted,weekday_rule,base_calendar,True,13,2024-01-17,complete
2024-01-17,35753.49,0.00,1,3623714.11,last_posted_transaction_or_prior_closing_balance,synb1_txn_d330ea75db6b7161315c6426,trusted,weekday_rule,base_calendar,True,14,2024-01-18,complete
2024-01-18,56034.01,0.00,2,3679748.12,last_posted_transaction_or_prior_closing_balance,synb1_txn_50a7f7984bdbaba22180fdc2,trusted,weekday_rule,base_calendar,True,15,2024-01-19,complete
2024-01-19,0.00,0.00,0,3679748.12,last_posted_transaction_or_prior_closing_balance,,trusted,weekday_rule,base_calendar,True,16,2024-01-20,complete
2024-01-20,78811.35,74582.62,3,3683976.85,last_posted_transaction_or_prior_closing_balance,synb1_txn_53ccff679f26451d90c67490,trusted,historical_transaction_override,historical_transaction_override,True,17,2024-01-21,complete
2024-01-21,126404.82,195779.36,5,3614602.31,last_posted_transaction_or_prior_closing_balance,synb1_txn_f480f49b626c9fa677fdfc1f,trusted,historical_transaction_override,historical_transaction_override,True,18,2024-01-22,complete
2024-01-22,60723.50,0.00,2,3675325.81,last_posted_transaction_or_prior_closing_balance,synb1_txn_6865295dcf39ed40852cef47,trusted,weekday_rule,base_calendar,True,19,2024-01-23,complete
2024-01-23,0.00,0.00,0,3675325.81,last_posted_transaction_or_prior_closing_balance,,trusted,weekday_rule,base_calendar,True,20,2024-01-24,complete
2024-01-24,0.00,0.00,0,3675325.81,last_posted_transaction_or_prior_closing_balance,,trusted,weekday_rule,base_calendar,True,21,2024-01-25,complete
2024-01-25,99009.82,40257.67,4,3734077.96,last_posted_transaction_or_prior_closing_balance,synb1_txn_2d2b3555de1e1dd1e042a310,trusted,weekday_rule,base_calendar,True,22,2024-01-26,complete
2024-01-26,0.00,121196.74,1,3612881.22,last_posted_transaction_or_prior_closing_balance,synb1_txn_85a376810383aa858576ab7a,trusted,weekday_rule,base_calendar,True,23,2024-01-28,complete
2024-01-27,0.00,0.00,0,3612881.22,last_posted_transaction_or_prior_closing_balance,,trusted,weekday_rule,base_calendar,False,,,complete
2024-01-28,16849.55,0.00,1,3629730.77,last_posted_transaction_or_prior_closing_balance,synb1_txn_79ffdfc592825e1b3add11dd,trusted,historical_transaction_override,historical_transaction_override,True,24,2024-01-29,complete
2024-01-29,0.00,0.00,0,3629730.77,last_posted_transaction_or_prior_closing_balance,,trusted,weekday_rule,base_calendar,True,25,2024-01-30,complete
2024-01-30,0.00,0.00,0,3629730.77,last_posted_transaction_or_prior_closing_balance,,trusted,weekday_rule,base_calendar,True,26,2024-01-31,complete
2024-01-31,0.00,0.00,0,3629730.77,last_posted_transaction_or_prior_closing_balance,,trusted,weekday_rule,base_calendar,True,27,2024-02-01,complete
2024-02-01,13876.11,0.00,1,3643606.88,last_posted_transaction_or_prior_closing_balance,synb1_txn_bb11c1924210393ff9845f93,trusted,weekday_rule,base_calendar,True,28,2024-02-02,complete
2024-02-02,0.00,0.00,0,3643606.88,last_posted_transaction_or_prior_closing_balance,,trusted,weekday_rule,base_calendar,True,29,2024-02-03,complete
2024-02-03,0.00,31847.34,1,3611759.54,last_posted_transaction_or_prior_closing_balance,synb1_txn_760b6cec9e8a1ed027ba9aab,trusted,historical_transaction_override,historical_transaction_override,True,30,2024-02-05,complete
2024-02-04,0.00,0.00,0,3611759.54,last_posted_transaction_or_prior_closing_balance,,trusted,weekday_rule,base_calendar,False,,,complete
2024-02-05,26845.35,0.00,1,3638604.89,last_posted_transaction_or_prior_closing_balance,synb1_txn_87c3970b6d47484afbd01a98,trusted,weekday_rule,base_calendar,True,31,2024-02-06,complete
2024-02-06,79299.55,0.00,2,3717904.44,last_posted_transaction_or_prior_closing_balance,synb1_txn_b710ea4bcea6b13cb3f3a886,trusted,weekday_rule,base_calendar,True,32,2024-02-07,complete
2024-02-07,23377.83,127129.39,2,3614152.88,last_posted_transaction_or_prior_closing_balance,synb1_txn_5d994358f0c13e5bc5968dd7,trusted,weekday_rule,base_calendar,True,33,2024-02-08,complete
2024-02-08,0.00,0.00,0,3614152.88,last_posted_transaction_or_prior_closing_balance,,trusted,weekday_rule,base_calendar,True,34,2024-02-09,complete
2024-02-09,34004.13,0.00,1,3648157.01,last_posted_transaction_or_prior_closing_balance,synb1_txn_936199de2cdca6726c8e3753,trusted,weekday_rule,base_calendar,True,35,2024-02-10,complete
2024-02-10,110501.46,75299.75,5,3683358.72,last_posted_transaction_or_prior_closing_balance,synb1_txn_4971d7be2c8bf0b1c9cd7e03,trusted,historical_transaction_override,historical_transaction_override,True,36,2024-02-11,complete
2024-02-11,44630.41,0.00,1,3727989.13,last_posted_transaction_or_prior_closing_balance,synb1_txn_211bc2d1b3d4f4883fb88074,trusted,historical_transaction_override,historical_transaction_override,True,37,2024-02-12,complete
2024-02-12,0.00,0.00,0,3727989.13,last_posted_transaction_or_prior_closing_balance,,trusted,weekday_rule,base_calendar,True,38,2024-02-13,complete
2024-02-13,0.00,0.00,0,3727989.13,last_posted_transaction_or_prior_closing_balance,,trusted,weekday_rule,base_calendar,True,39,2024-02-14,complete
2024-02-14,39279.38,0.00,2,3767268.51,last_posted_transaction_or_prior_closing_balance,synb1_txn_ce25c811c9cb0ab6ffdb78d8,trusted,weekday_rule,base_calendar,True,40,2024-02-15,complete
2024-02-15,0.00,0.00,0,3767268.51,last_posted_transaction_or_prior_closing_balance,,trusted,weekday_rule,base_calendar,True,41,2024-02-16,complete
2024-02-16,0.00,0.00,0,3767268.51,last_posted_transaction_or_prior_closing_balance,,trusted,weekday_rule,base_calendar,True,42,2024-02-17,complete
2024-02-17,56598.96,0.00,1,3823867.47,last_posted_transaction_or_prior_closing_balance,synb1_txn_f19277b6ae53feb1f83677eb,trusted,historical_transaction_override,historical_transaction_override,True,43,2024-02-19,complete
2024-02-18,0.00,0.00,0,3823867.47,last_posted_transaction_or_prior_closing_balance,,trusted,weekday_rule,base_calendar,False,,,complete
2024-02-19,34214.66,0.00,2,3858082.13,last_posted_transaction_or_prior_closing_balance,synb1_txn_5161edac561b20272730d2e1,trusted,weekday_rule,base_calendar,True,44,2024-02-20,complete
2024-02-20,0.00,316258.97,2,3541823.16,last_posted_transaction_or_prior_closing_balance,synb1_txn_1945ca1f6436682259719264,trusted,weekday_rule,base_calendar,True,45,2024-02-21,complete
2024-02-21,62737.61,0.00,2,3604560.77,last_posted_transaction_or_prior_closing_balance,synb1_txn_8c6fd2630287eecdc9470bec,trusted,weekday_rule,base_calendar,True,46,2024-02-22,complete
2024-02-22,46185.59,0.00,1,3650746.36,last_posted_transaction_or_prior_closing_balance,synb1_txn_36bf5fe1b28b78badd86665e,trusted,weekday_rule,base_calendar,True,47,2024-02-23,complete
2024-02-23,76746.16,0.00,2,3727492.52,last_posted_transaction_or_prior_closing_balance,synb1_txn_fc280bd889c6206d4a18ddcd,trusted,weekday_rule,base_calendar,True,48,2024-02-25,complete
2024-02-24,0.00,0.00,0,3727492.52,last_posted_transaction_or_prior_closing_balance,,trusted,weekday_rule,base_calendar,False,,,complete
2024-02-25,34576.83,40257.67,2,3721811.68,last_posted_transaction_or_prior_closing_balance,synb1_txn_859d73c691300e5ca4430bee,trusted,historical_transaction_override,historical_transaction_override,True,49,2024-02-26,complete
2024-02-26,25402.08,0.00,1,3747213.76,last_posted_transaction_or_prior_closing_balance,synb1_txn_a3249a3ee42e86b111442fe7,trusted,weekday_rule,base_calendar,True,50,2024-02-27,complete
2024-02-27,0.00,0.00,0,3747213.76,last_posted_transaction_or_prior_closing_balance,,trusted,weekday_rule,base_calendar,True,51,2024-02-28,complete
2024-02-28,0.00,26753.20,3,3720460.56,last_posted_transaction_or_prior_closing_balance,synb1_txn_2bc73744a90c1d29b8e3f8f0,trusted,weekday_rule,base_calendar,True,52,2024-02-29,complete
2024-02-29,0.00,0.00,0,3720460.56,last_posted_transaction_or_prior_closing_balance,,trusted,weekday_rule,base_calendar,True,53,2024-03-01,complete
2024-03-01,0.00,0.00,0,3720460.56,last_posted_transaction_or_prior_closing_balance,,trusted,weekday_rule,base_calendar,True,54,2024-03-03,complete
2024-03-02,0.00,0.00,0,3720460.56,last_posted_transaction_or_prior_closing_balance,,trusted,weekday_rule,base_calendar,False,,,complete
2024-03-03,0.00,31847.34,1,3688613.22,last_posted_transaction_or_prior_closing_balance,synb1_txn_92e93147effe90c4d25260c5,trusted,historical_transaction_override,historical_transaction_override,True,55,2024-03-04,complete
2024-03-04,0.00,0.00,0,3688613.22,last_posted_transaction_or_prior_closing_balance,,trusted,weekday_rule,base_calendar,True,56,2024-03-05,complete
2024-03-05,0.00,0.00,0,3688613.22,last_posted_transaction_or_prior_closing_balance,,trusted,weekday_rule,base_calendar,True,57,2024-03-06,complete
2024-03-06,0.00,0.00,0,3688613.22,last_posted_transaction_or_prior_closing_balance,,trusted,weekday_rule,base_calendar,True,58,2024-03-07,complete
2024-03-07,0.00,127129.39,1,3561483.83,last_posted_transaction_or_prior_closing_balance,synb1_txn_5eb5529e13a18b0654b80aca,trusted,weekday_rule,base_calendar,True,59,2024-03-08,complete
2024-03-08,0.00,0.00,0,3561483.83,last_posted_transaction_or_prior_closing_balance,,trusted,weekday_rule,base_calendar,True,60,2024-03-09,complete
2024-03-09,23621.35,111873.92,2,3473231.26,last_posted_transaction_or_prior_closing_balance,synb1_txn_f763da187c0a798afea1e719,trusted,historical_transaction_override,historical_transaction_override,True,61,2024-03-11,complete
2024-03-10,0.00,0.00,0,3473231.26,last_posted_transaction_or_prior_closing_balance,,trusted,weekday_rule,base_calendar,False,,,complete
2024-03-11,0.00,0.00,0,3473231.26,last_posted_transaction_or_prior_closing_balance,,trusted,weekday_rule,base_calendar,True,62,2024-03-12,complete
2024-03-12,0.00,111873.92,1,3361357.34,last_posted_transaction_or_prior_closing_balance,synb1_txn_af614468d71d7bd7460e822e,trusted,weekday_rule,base_calendar,True,63,2024-03-13,complete
2024-03-13,56070.02,0.00,2,3417427.36,last_posted_transaction_or_prior_closing_balance,synb1_txn_b389f97c9075217f2bbe1e52,trusted,weekday_rule,base_calendar,True,64,2024-03-14,complete
2024-03-14,17297.09,0.00,1,3434724.45,last_posted_transaction_or_prior_closing_balance,synb1_txn_a26e4629cd1cb5c025c0632b,trusted,weekday_rule,base_calendar,True,65,2024-03-15,complete
2024-03-15,0.00,0.00,0,3434724.45,last_posted_transaction_or_prior_closing_balance,,trusted,weekday_rule,base_calendar,True,66,2024-03-17,complete
2024-03-16,0.00,0.00,0,3434724.45,last_posted_transaction_or_prior_closing_balance,,trusted,weekday_rule,base_calendar,False,,,complete
2024-03-17,115481.92,0.00,4,3550206.37,last_posted_transaction_or_prior_closing_balance,synb1_txn_31dee5ecc6a542824f916cc1,trusted,historical_transaction_override,historical_transaction_override,True,67,2024-03-18,complete
2024-03-18,47802.90,0.00,2,3598009.27,last_posted_transaction_or_prior_closing_balance,synb1_txn_e34d71d1b1ffc2b771c03728,trusted,weekday_rule,base_calendar,True,68,2024-03-19,complete
2024-03-19,24800.00,0.00,1,3622809.27,last_posted_transaction_or_prior_closing_balance,synb1_txn_9d6285e138ed3b964d37ab7c,trusted,weekday_rule,base_calendar,True,69,2024-03-20,complete
2024-03-20,0.00,167810.88,1,3454998.39,last_posted_transaction_or_prior_closing_balance,synb1_txn_c3e7086dc8d73ba254b0d9c8,trusted,weekday_rule,base_calendar,True,70,2024-03-21,complete
2024-03-21,130326.69,0.00,3,3585325.08,last_posted_transaction_or_prior_closing_balance,synb1_txn_31022185f7dbe1d40284d85e,trusted,weekday_rule,base_calendar,True,71,2024-03-22,complete
2024-03-22,14466.67,0.00,1,3599791.75,last_posted_transaction_or_prior_closing_balance,synb1_txn_881bb14e2f23850f91523aa1,trusted,weekday_rule,base_calendar,True,72,2024-03-23,complete
2024-03-23,18600.00,0.00,1,3618391.75,last_posted_transaction_or_prior_closing_balance,synb1_txn_c8b6204bf3b227493b878586,trusted,historical_transaction_override,historical_transaction_override,True,73,2024-03-24,complete
2024-03-24,39783.33,0.00,1,3658175.08,last_posted_transaction_or_prior_closing_balance,synb1_txn_661c5810ffcd54e1fc3c37a7,trusted,historical_transaction_override,historical_transaction_override,True,74,2024-03-25,complete
2024-03-25,45552.77,40257.67,2,3663470.18,last_posted_transaction_or_prior_closing_balance,synb1_txn_0adb18f8c833a4436d70cd50,trusted,weekday_rule,base_calendar,True,75,2024-03-26,complete
2024-03-26,0.00,0.00,0,3663470.18,last_posted_transaction_or_prior_closing_balance,,trusted,weekday_rule,base_calendar,True,76,2024-03-27,complete
2024-03-27,47016.68,0.00,1,3710486.86,last_posted_transaction_or_prior_closing_balance,synb1_txn_11a52281355fc73824740bcf,trusted,weekday_rule,base_calendar,True,77,2024-03-28,complete
2024-03-28,39783.33,26753.20,4,3723516.99,last_posted_transaction_or_prior_closing_balance,synb1_txn_752fad732684da6b012ec904,trusted,weekday_rule,base_calendar,True,78,2024-03-29,complete
2024-03-29,37630.56,0.00,1,3761147.55,last_posted_transaction_or_prior_closing_balance,synb1_txn_8d550824e624e764b526149e,trusted,weekday_rule,base_calendar,True,79,2024-03-31,complete
2024-03-30,0.00,0.00,0,3761147.55,last_posted_transaction_or_prior_closing_balance,,trusted,weekday_rule,base_calendar,False,,,complete
2024-03-31,36166.69,0.00,1,3797314.24,last_posted_transaction_or_prior_closing_balance,synb1_txn_5e20e097503a5aef2fcf90d0,trusted,historical_transaction_override,historical_transaction_override,True,80,2024-04-01,complete
2024-04-01,0.00,0.00,0,3797314.24,last_posted_transaction_or_prior_closing_balance,,trusted,weekday_rule,base_calendar,True,81,2024-04-02,complete
2024-04-02,0.00,0.00,0,3797314.24,last_posted_transaction_or_prior_closing_balance,,trusted,weekday_rule,base_calendar,True,82,2024-04-03,complete
2024-04-03,25564.46,31847.34,2,3791031.36,last_posted_transaction_or_prior_closing_balance,synb1_txn_50ab4afeb00af46acca9352f,trusted,weekday_rule,base_calendar,True,83,2024-04-04,complete
2024-04-04,0.00,0.00,0,3791031.36,last_posted_transaction_or_prior_closing_balance,,trusted,weekday_rule,base_calendar,True,84,2024-04-05,complete
2024-04-05,0.00,0.00,0,3791031.36,last_posted_transaction_or_prior_closing_balance,,trusted,weekday_rule,base_calendar,True,85,2024-04-07,complete
2024-04-06,0.00,0.00,0,3791031.36,last_posted_transaction_or_prior_closing_balance,,trusted,weekday_rule,base_calendar,False,,,complete
2024-04-07,41998.78,127129.39,2,3705900.75,last_posted_transaction_or_prior_closing_balance,synb1_txn_f65a62ed8fe2bb2a5e71703a,trusted,historical_transaction_override,historical_transaction_override,True,86,2024-04-08,complete
2024-04-08,0.00,0.00,0,3705900.75,last_posted_transaction_or_prior_closing_balance,,trusted,weekday_rule,base_calendar,True,87,2024-04-09,complete
2024-04-09,20967.90,0.00,1,3726868.65,last_posted_transaction_or_prior_closing_balance,synb1_txn_6ad3660cb4d19ad75c276ecb,trusted,weekday_rule,base_calendar,True,88,2024-04-10,complete
2024-04-10,0.00,0.00,0,3726868.65,last_posted_transaction_or_prior_closing_balance,,trusted,weekday_rule,base_calendar,True,89,2024-04-11,complete
2024-04-11,36380.20,0.00,1,3763248.85,last_posted_transaction_or_prior_closing_balance,synb1_txn_6bef214756679adb941e77cc,trusted,weekday_rule,base_calendar,True,90,2024-04-12,complete
2024-04-12,44359.72,0.00,1,3807608.57,last_posted_transaction_or_prior_closing_balance,synb1_txn_69e89a47715ab3d1e84025ff,trusted,weekday_rule,base_calendar,True,91,2024-04-13,complete
2024-04-13,90511.44,0.00,2,3898120.01,last_posted_transaction_or_prior_closing_balance,synb1_txn_3ccec6aa1ac6c2ca7445c99e,trusted,historical_transaction_override,historical_transaction_override,True,92,2024-04-14,complete
2024-04-14,0.00,134248.70,1,3763871.31,last_posted_transaction_or_prior_closing_balance,synb1_txn_5bb009438f4ffccc7414bfd0,trusted,historical_transaction_override,historical_transaction_override,True,93,2024-04-15,complete
2024-04-15,42443.58,0.00,1,3806314.89,last_posted_transaction_or_prior_closing_balance,synb1_txn_5e181aecfd529975a9f740f9,trusted,weekday_rule,base_calendar,True,94,2024-04-16,complete
2024-04-16,30710.59,0.00,1,3837025.48,last_posted_transaction_or_prior_closing_balance,synb1_txn_73c50987c4a97a51403f31dd,trusted,weekday_rule,base_calendar,True,95,2024-04-17,complete
2024-04-17,55612.54,117467.62,3,3775170.40,last_posted_transaction_or_prior_closing_balance,synb1_txn_964d88fb60cb3bcede8d3a49,trusted,weekday_rule,base_calendar,True,96,2024-04-18,complete
2024-04-18,21838.62,0.00,1,3797009.02,last_posted_transaction_or_prior_closing_balance,synb1_txn_8a49a6b183ad7bda6e3a63c3,trusted,weekday_rule,base_calendar,True,97,2024-04-19,complete
2024-04-19,0.00,0.00,0,3797009.02,last_posted_transaction_or_prior_closing_balance,,trusted,weekday_rule,base_calendar,True,98,2024-04-20,complete
2024-04-20,11796.75,0.00,1,3808805.77,last_posted_transaction_or_prior_closing_balance,synb1_txn_f3a79b85f025740e29d66e05,trusted,historical_transaction_override,historical_transaction_override,True,99,2024-04-21,complete
2024-04-21,58118.92,0.00,1,3866924.69,last_posted_transaction_or_prior_closing_balance,synb1_txn_abe15de1506b17538ad73176,trusted,historical_transaction_override,historical_transaction_override,True,100,2024-04-22,complete
2024-04-22,38217.59,0.00,1,3905142.28,last_posted_transaction_or_prior_closing_balance,synb1_txn_37ba905325d6f51caa21bacc,trusted,weekday_rule,base_calendar,True,101,2024-04-23,complete
2024-04-23,0.00,0.00,0,3905142.28,last_posted_transaction_or_prior_closing_balance,,trusted,weekday_rule,base_calendar,True,102,2024-04-24,complete
2024-04-24,25738.38,0.00,1,3930880.66,last_posted_transaction_or_prior_closing_balance,synb1_txn_913c95556ca4a2a9e1f8c195,trusted,weekday_rule,base_calendar,True,103,2024-04-25,complete
2024-04-25,66733.99,40257.67,4,3957356.98,last_posted_transaction_or_prior_closing_balance,synb1_txn_870e3132421c113ce3c038fa,trusted,weekday_rule,base_calendar,True,104,2024-04-26,complete
2024-04-26,0.00,139842.40,1,3817514.58,last_posted_transaction_or_prior_closing_balance,synb1_txn_f3dfb6a311969f1844d427ce,trusted,weekday_rule,base_calendar,True,105,2024-04-29,complete
2024-04-27,0.00,0.00,0,3817514.58,last_posted_transaction_or_prior_closing_balance,,trusted,weekday_rule,base_calendar,False,,,complete
2024-04-28,0.00,0.00,0,3817514.58,last_posted_transaction_or_prior_closing_balance,,trusted,weekday_rule,base_calendar,False,,,complete
2024-04-29,83406.54,26753.20,6,3874167.92,last_posted_transaction_or_prior_closing_balance,synb1_txn_e5379dbb4495b5d9198825b6,trusted,weekday_rule,base_calendar,True,106,2024-04-30,complete
2024-04-30,0.00,0.00,0,3874167.92,last_posted_transaction_or_prior_closing_balance,,trusted,weekday_rule,base_calendar,True,107,2024-05-01,complete
2024-05-01,0.00,0.00,0,3874167.92,last_posted_transaction_or_prior_closing_balance,,trusted,weekday_rule,base_calendar,True,108,2024-05-02,complete
2024-05-02,0.00,0.00,0,3874167.92,last_posted_transaction_or_prior_closing_balance,,trusted,weekday_rule,base_calendar,True,109,2024-05-03,complete
2024-05-03,0.00,31847.34,1,3842320.58,last_posted_transaction_or_prior_closing_balance,synb1_txn_1b7d41dd8fdaf1c7297be5db,trusted,weekday_rule,base_calendar,True,110,2024-05-06,complete
2024-05-04,0.00,0.00,0,3842320.58,last_posted_transaction_or_prior_closing_balance,,trusted,weekday_rule,base_calendar,False,,,complete
2024-05-05,0.00,0.00,0,3842320.58,last_posted_transaction_or_prior_closing_balance,,trusted,weekday_rule,base_calendar,False,,,complete
2024-05-06,0.00,0.00,0,3842320.58,last_posted_transaction_or_prior_closing_balance,,trusted,weekday_rule,base_calendar,True,111,2024-05-07,complete
2024-05-07,0.00,127129.39,1,3715191.19,last_posted_transaction_or_prior_closing_balance,synb1_txn_f9f7f7abe3523d95389e245f,trusted,weekday_rule,base_calendar,True,112,2024-05-08,complete
2024-05-08,63950.42,0.00,2,3779141.61,last_posted_transaction_or_prior_closing_balance,synb1_txn_1ed16d94f572872905a436ec,trusted,weekday_rule,base_calendar,True,113,2024-05-09,complete
2024-05-09,42919.97,0.00,1,3822061.58,last_posted_transaction_or_prior_closing_balance,synb1_txn_b014122895a85518177d0eb1,trusted,weekday_rule,base_calendar,True,114,2024-05-10,complete
2024-05-10,16304.56,0.00,1,3838366.14,last_posted_transaction_or_prior_closing_balance,synb1_txn_8f84164d298700ce9c70ddaf,trusted,weekday_rule,base_calendar,True,115,2024-05-12,complete
2024-05-11,0.00,0.00,0,3838366.14,last_posted_transaction_or_prior_closing_balance,,trusted,weekday_rule,base_calendar,False,,,complete
2024-05-12,67068.44,0.00,2,3905434.58,last_posted_transaction_or_prior_closing_balance,synb1_txn_2a4292ebe9a156484727f14a,trusted,historical_transaction_override,historical_transaction_override,True,116,2024-05-13,complete
2024-05-13,19313.99,0.00,1,3924748.57,last_posted_transaction_or_prior_closing_balance,synb1_txn_150b10a8b014c743a1f33812,trusted,weekday_rule,base_calendar,True,117,2024-05-14,complete
2024-05-14,9899.21,0.00,1,3934647.78,last_posted_transaction_or_prior_closing_balance,synb1_txn_bcfdcad5f1a8f53bcecfdef2,trusted,weekday_rule,base_calendar,True,118,2024-05-15,complete
2024-05-15,74117.97,0.00,2,4008765.75,last_posted_transaction_or_prior_closing_balance,synb1_txn_232607a5e92eaf74f4f023d0,trusted,weekday_rule,base_calendar,True,119,2024-05-16,complete
2024-05-16,0.00,0.00,0,4008765.75,last_posted_transaction_or_prior_closing_balance,,trusted,weekday_rule,base_calendar,True,120,2024-05-17,complete
2024-05-17,0.00,0.00,0,4008765.75,last_posted_transaction_or_prior_closing_balance,,trusted,weekday_rule,base_calendar,True,121,2024-05-19,complete
2024-05-18,0.00,0.00,0,4008765.75,last_posted_transaction_or_prior_closing_balance,,trusted,weekday_rule,base_calendar,False,,,complete
2024-05-19,73278.25,0.00,2,4082044.00,last_posted_transaction_or_prior_closing_balance,synb1_txn_2a4b9e11d63251cbd53597b5,trusted,historical_transaction_override,historical_transaction_override,True,122,2024-05-20,complete
2024-05-20,12823.12,0.00,1,4094867.12,last_posted_transaction_or_prior_closing_balance,synb1_txn_fa401277f88ff5c8a47e4949,trusted,weekday_rule,base_calendar,True,123,2024-05-21,complete
2024-05-21,23497.94,139106.39,2,3979258.67,last_posted_transaction_or_prior_closing_balance,synb1_txn_b37f29dcacd8f6227e080901,trusted,weekday_rule,base_calendar,True,124,2024-05-22,complete
2024-05-22,34339.62,128802.21,2,3884796.08,last_posted_transaction_or_prior_closing_balance,synb1_txn_bd6efac305978bb78ddb6740,trusted,weekday_rule,base_calendar,True,125,2024-05-23,complete
2024-05-23,0.00,123650.12,1,3761145.96,last_posted_transaction_or_prior_closing_balance,synb1_txn_65a2a35e2ba771a93b9eaee8,trusted,weekday_rule,base_calendar,True,126,2024-05-24,complete
2024-05-24,13380.65,0.00,1,3774526.61,last_posted_transaction_or_prior_closing_balance,synb1_txn_26f9e24ddd2734f81edb91ae,trusted,weekday_rule,base_calendar,True,127,2024-05-25,complete
2024-05-25,75380.37,40257.67,3,3809649.31,last_posted_transaction_or_prior_closing_balance,synb1_txn_f6fa2e0f846623bac2f24961,trusted,historical_transaction_override,historical_transaction_override,True,128,2024-05-26,complete
2024-05-26,97735.84,0.00,2,3907385.15,last_posted_transaction_or_prior_closing_balance,synb1_txn_6d20cc6c8da1af9ffa6d8f78,trusted,historical_transaction_override,historical_transaction_override,True,129,2024-05-27,complete
2024-05-27,0.00,0.00,0,3907385.15,last_posted_transaction_or_prior_closing_balance,,trusted,weekday_rule,base_calendar,True,130,2024-05-28,complete
2024-05-28,0.00,26753.20,3,3880631.95,last_posted_transaction_or_prior_closing_balance,synb1_txn_84ed4894ad66368297f56cf1,trusted,weekday_rule,base_calendar,True,131,2024-05-29,complete
2024-05-29,38691.53,0.00,1,3919323.48,last_posted_transaction_or_prior_closing_balance,synb1_txn_f1456ef197914dff68423ae3,trusted,weekday_rule,base_calendar,True,132,2024-05-30,complete
2024-05-30,31698.12,0.00,1,3951021.60,last_posted_transaction_or_prior_closing_balance,synb1_txn_0eb0a5b0a131685b8812f2b2,trusted,weekday_rule,base_calendar,True,133,2024-05-31,complete
2024-05-31,0.00,0.00,0,3951021.60,last_posted_transaction_or_prior_closing_balance,,trusted,weekday_rule,base_calendar,True,134,2024-06-02,complete
2024-06-01,0.00,0.00,0,3951021.60,last_posted_transaction_or_prior_closing_balance,,trusted,weekday_rule,base_calendar,False,,,complete
2024-06-02,9117.64,0.00,1,3960139.24,last_posted_transaction_or_prior_closing_balance,synb1_txn_e57128c79213c378acdb7026,trusted,historical_transaction_override,historical_transaction_override,True,135,2024-06-03,complete
2024-06-03,0.00,31847.34,1,3928291.90,last_posted_transaction_or_prior_closing_balance,synb1_txn_56a6313d16cd065ea2c97bb0,trusted,weekday_rule,base_calendar,True,136,2024-06-04,complete
2024-06-04,0.00,0.00,0,3928291.90,last_posted_transaction_or_prior_closing_balance,,trusted,weekday_rule,base_calendar,True,137,2024-06-05,complete
2024-06-05,0.00,0.00,0,3928291.90,last_posted_transaction_or_prior_closing_balance,,trusted,weekday_rule,base_calendar,True,138,2024-06-06,complete
2024-06-06,24647.59,0.00,2,3952939.49,last_posted_transaction_or_prior_closing_balance,synb1_txn_9811a235fed532b6273772ea,trusted,weekday_rule,base_calendar,True,139,2024-06-07,complete
2024-06-07,0.00,127129.39,1,3825810.10,last_posted_transaction_or_prior_closing_balance,synb1_txn_84a43bb9e9b6e7ae4f1eb7c5,trusted,weekday_rule,base_calendar,True,140,2024-06-10,complete
2024-06-08,0.00,0.00,0,3825810.10,last_posted_transaction_or_prior_closing_balance,,trusted,weekday_rule,base_calendar,False,,,complete
2024-06-09,0.00,0.00,0,3825810.10,last_posted_transaction_or_prior_closing_balance,,trusted,weekday_rule,base_calendar,False,,,complete
2024-06-10,32543.50,0.00,2,3858353.60,last_posted_transaction_or_prior_closing_balance,synb1_txn_6f37db9a6d6781c845c3d882,trusted,weekday_rule,base_calendar,True,141,2024-06-11,complete
2024-06-11,0.00,0.00,0,3858353.60,last_posted_transaction_or_prior_closing_balance,,trusted,weekday_rule,base_calendar,True,142,2024-06-12,complete
2024-06-12,0.00,0.00,0,3858353.60,last_posted_transaction_or_prior_closing_balance,,trusted,weekday_rule,base_calendar,True,143,2024-06-13,complete
2024-06-13,0.00,0.00,0,3858353.60,last_posted_transaction_or_prior_closing_balance,,trusted,weekday_rule,base_calendar,True,144,2024-06-14,complete
2024-06-14,6407.99,0.00,1,3864761.59,last_posted_transaction_or_prior_closing_balance,synb1_txn_7813b4bf874ab432901e2261,trusted,weekday_rule,base_calendar,True,145,2024-06-16,complete
2024-06-15,0.00,0.00,0,3864761.59,last_posted_transaction_or_prior_closing_balance,,trusted,weekday_rule,base_calendar,False,,,complete
2024-06-16,19436.24,0.00,2,3884197.83,last_posted_transaction_or_prior_closing_balance,synb1_txn_bf8c77e329d12401ba743e34,trusted,historical_transaction_override,historical_transaction_override,True,146,2024-06-17,complete
2024-06-17,0.00,0.00,0,3884197.83,last_posted_transaction_or_prior_closing_balance,,trusted,weekday_rule,base_calendar,True,147,2024-06-18,complete
2024-06-18,0.00,46888.33,1,3837309.50,last_posted_transaction_or_prior_closing_balance,synb1_txn_feb311374912259c250cd400,trusted,weekday_rule,base_calendar,True,148,2024-06-19,complete
2024-06-19,0.00,0.00,0,3837309.50,last_posted_transaction_or_prior_closing_balance,,trusted,weekday_rule,base_calendar,True,149,2024-06-20,complete
2024-06-20,30210.98,0.00,3,3867520.48,last_posted_transaction_or_prior_closing_balance,synb1_txn_263b4e8bfa496978f1edac24,trusted,weekday_rule,base_calendar,True,150,2024-06-21,complete
2024-06-21,12764.10,54291.76,2,3825992.82,last_posted_transaction_or_prior_closing_balance,synb1_txn_fc6f34f2adb3da10ad3e0c7e,trusted,weekday_rule,base_calendar,True,151,2024-06-22,complete
2024-06-22,0.00,24678.07,1,3801314.75,last_posted_transaction_or_prior_closing_balance,synb1_txn_ec7f9cfb9523f7c56b7d1dec,trusted,historical_transaction_override,historical_transaction_override,True,152,2024-06-23,complete
2024-06-23,10584.23,0.00,2,3811898.98,last_posted_transaction_or_prior_closing_balance,synb1_txn_86831fa8d055bb13f1bf4561,trusted,historical_transaction_override,historical_transaction_override,True,153,2024-06-24,complete
2024-06-24,8930.13,0.00,1,3820829.11,last_posted_transaction_or_prior_closing_balance,synb1_txn_5966f45a4c5c0583e7cc4b59,trusted,weekday_rule,base_calendar,True,154,2024-06-25,complete
2024-06-25,9454.90,40257.67,2,3790026.34,last_posted_transaction_or_prior_closing_balance,synb1_txn_d55e5eb98a1d988aac0801d3,trusted,weekday_rule,base_calendar,True,155,2024-06-26,complete
2024-06-26,14391.84,0.00,1,3804418.18,last_posted_transaction_or_prior_closing_balance,synb1_txn_3e95dfd6b1a5de77cf67ca06,trusted,weekday_rule,base_calendar,True,156,2024-06-27,complete
2024-06-27,28467.42,0.00,3,3832885.60,last_posted_transaction_or_prior_closing_balance,synb1_txn_4bf50eeb1915f11191b2bbea,trusted,weekday_rule,base_calendar,True,157,2024-06-28,complete
2024-06-28,0.00,26753.20,3,3806132.40,last_posted_transaction_or_prior_closing_balance,synb1_txn_246ac22721b34556f63524c9,trusted,weekday_rule,base_calendar,True,158,2024-06-30,complete
2024-06-29,0.00,0.00,0,3806132.40,last_posted_transaction_or_prior_closing_balance,,trusted,weekday_rule,base_calendar,False,,,complete
2024-06-30,6817.20,0.00,1,3812949.60,last_posted_transaction_or_prior_closing_balance,synb1_txn_a598dce8db844425d113f013,trusted,historical_transaction_override,historical_transaction_override,True,159,2024-07-01,complete
2024-07-01,9426.24,0.00,1,3822375.84,last_posted_transaction_or_prior_closing_balance,synb1_txn_690e2653d08d7ebd22834dd8,trusted,weekday_rule,base_calendar,True,160,2024-07-02,complete
2024-07-02,0.00,0.00,0,3822375.84,last_posted_transaction_or_prior_closing_balance,,trusted,weekday_rule,base_calendar,True,161,2024-07-03,complete
2024-07-03,0.00,31847.34,1,3790528.50,last_posted_transaction_or_prior_closing_balance,synb1_txn_cc27c70aa18d6d3442dfd9ce,trusted,weekday_rule,base_calendar,True,162,2024-07-04,complete
2024-07-04,0.00,0.00,0,3790528.50,last_posted_transaction_or_prior_closing_balance,,trusted,weekday_rule,base_calendar,True,163,2024-07-05,complete
2024-07-05,0.00,0.00,0,3790528.50,last_posted_transaction_or_prior_closing_balance,,trusted,weekday_rule,base_calendar,True,164,2024-07-07,complete
2024-07-06,0.00,0.00,0,3790528.50,last_posted_transaction_or_prior_closing_balance,,trusted,weekday_rule,base_calendar,False,,,complete
2024-07-07,14423.86,127129.39,2,3677822.97,last_posted_transaction_or_prior_closing_balance,synb1_txn_acd53bc835c2fc8b0d389f1c,trusted,historical_transaction_override,historical_transaction_override,True,165,2024-07-08,complete
2024-07-08,0.00,0.00,0,3677822.97,last_posted_transaction_or_prior_closing_balance,,trusted,weekday_rule,base_calendar,True,166,2024-07-09,complete
2024-07-09,2540.33,54809.19,2,3625554.11,last_posted_transaction_or_prior_closing_balance,synb1_txn_bd2c0fee290c3e830ed49587,trusted,weekday_rule,base_calendar,True,167,2024-07-10,complete
2024-07-10,0.00,0.00,0,3625554.11,last_posted_transaction_or_prior_closing_balance,,trusted,weekday_rule,base_calendar,True,168,2024-07-11,complete
2024-07-11,18933.88,0.00,2,3644487.99,last_posted_transaction_or_prior_closing_balance,synb1_txn_d2af8ecba233f4fc65b201ca,trusted,weekday_rule,base_calendar,True,169,2024-07-12,complete
2024-07-12,0.00,0.00,0,3644487.99,last_posted_transaction_or_prior_closing_balance,,trusted,weekday_rule,base_calendar,True,170,2024-07-13,complete
2024-07-13,7938.54,0.00,1,3652426.53,last_posted_transaction_or_prior_closing_balance,synb1_txn_b1a7b317f0c18e73ee90030b,trusted,historical_transaction_override,historical_transaction_override,True,171,2024-07-14,complete
2024-07-14,18825.40,0.00,2,3671251.93,last_posted_transaction_or_prior_closing_balance,synb1_txn_d6727e02b6a0e227d4707d22,trusted,historical_transaction_override,historical_transaction_override,True,172,2024-07-15,complete
2024-07-15,8557.75,0.00,1,3679809.68,last_posted_transaction_or_prior_closing_balance,synb1_txn_ee3fb8fa5b00432bc603f116,trusted,weekday_rule,base_calendar,True,173,2024-07-16,complete
2024-07-16,0.00,0.00,0,3679809.68,last_posted_transaction_or_prior_closing_balance,,trusted,weekday_rule,base_calendar,True,174,2024-07-17,complete
2024-07-17,0.00,0.00,0,3679809.68,last_posted_transaction_or_prior_closing_balance,,trusted,weekday_rule,base_calendar,True,175,2024-07-18,complete
2024-07-18,33624.10,0.00,3,3713433.78,last_posted_transaction_or_prior_closing_balance,synb1_txn_64e2bbbb8b91ea7027c7d00e,trusted,weekday_rule,base_calendar,True,176,2024-07-19,complete
2024-07-19,0.00,0.00,0,3713433.78,last_posted_transaction_or_prior_closing_balance,,trusted,weekday_rule,base_calendar,True,177,2024-07-20,complete
2024-07-20,0.00,16239.76,1,3697194.02,last_posted_transaction_or_prior_closing_balance,synb1_txn_f3977e3cd6138813c14b126e,trusted,historical_transaction_override,historical_transaction_override,True,178,2024-07-22,complete
2024-07-21,0.00,0.00,0,3697194.02,last_posted_transaction_or_prior_closing_balance,,trusted,weekday_rule,base_calendar,False,,,complete
2024-07-22,15284.75,0.00,2,3712478.77,last_posted_transaction_or_prior_closing_balance,synb1_txn_09ee305b7d9bfc27a50d17e2,trusted,weekday_rule,base_calendar,True,179,2024-07-23,complete
2024-07-23,0.00,0.00,0,3712478.77,last_posted_transaction_or_prior_closing_balance,,trusted,weekday_rule,base_calendar,True,180,2024-07-24,complete
2024-07-24,0.00,54809.21,1,3657669.56,last_posted_transaction_or_prior_closing_balance,synb1_txn_84dd397b211fd91610dd6cc5,trusted,weekday_rule,base_calendar,True,181,2024-07-25,complete
2024-07-25,0.00,40257.67,1,3617411.89,last_posted_transaction_or_prior_closing_balance,synb1_txn_48907d1c31daf8d73117b4f3,trusted,weekday_rule,base_calendar,True,182,2024-07-26,complete
2024-07-26,45587.28,0.00,3,3662999.17,last_posted_transaction_or_prior_closing_balance,synb1_txn_4a897ce4d9318747e00e4575,trusted,weekday_rule,base_calendar,True,183,2024-07-27,complete
2024-07-27,17980.77,0.00,2,3680979.94,last_posted_transaction_or_prior_closing_balance,synb1_txn_9c0e46cdba61e092c4e0f84b,trusted,historical_transaction_override,historical_transaction_override,True,184,2024-07-29,complete
2024-07-28,0.00,0.00,0,3680979.94,last_posted_transaction_or_prior_closing_balance,,trusted,weekday_rule,base_calendar,False,,,complete
2024-07-29,0.00,2499.84,2,3678480.10,last_posted_transaction_or_prior_closing_balance,synb1_txn_fbc369f8e746cebef4e9afde,trusted,weekday_rule,base_calendar,True,185,2024-07-30,complete
2024-07-30,15568.63,0.00,2,3694048.73,last_posted_transaction_or_prior_closing_balance,synb1_txn_f89f94968d8c4b2e82dbb464,trusted,weekday_rule,base_calendar,True,186,2024-07-31,complete
2024-07-31,23934.71,0.00,2,3717983.44,last_posted_transaction_or_prior_closing_balance,synb1_txn_d58686b10679ba804871ba2f,trusted,weekday_rule,base_calendar,True,187,2024-08-01,complete
2024-08-01,0.00,0.00,0,3717983.44,last_posted_transaction_or_prior_closing_balance,,trusted,weekday_rule,base_calendar,True,188,2024-08-02,complete
2024-08-02,20539.02,0.00,2,3738522.46,last_posted_transaction_or_prior_closing_balance,synb1_txn_7d446667fc1717b35994c452,trusted,weekday_rule,base_calendar,True,189,2024-08-03,complete
2024-08-03,0.00,31847.34,1,3706675.12,last_posted_transaction_or_prior_closing_balance,synb1_txn_5064097f4c5e80421da4abcb,trusted,historical_transaction_override,historical_transaction_override,True,190,2024-08-05,complete
2024-08-04,0.00,0.00,0,3706675.12,last_posted_transaction_or_prior_closing_balance,,trusted,weekday_rule,base_calendar,False,,,complete
2024-08-05,0.00,0.00,0,3706675.12,last_posted_transaction_or_prior_closing_balance,,trusted,weekday_rule,base_calendar,True,191,2024-08-06,complete
2024-08-06,17624.71,0.00,2,3724299.83,last_posted_transaction_or_prior_closing_balance,synb1_txn_98f6376cc996f28ea16c22a1,trusted,weekday_rule,base_calendar,True,192,2024-08-07,complete
2024-08-07,0.00,127129.39,1,3597170.44,last_posted_transaction_or_prior_closing_balance,synb1_txn_966cba7499ac1e9ec5075a34,trusted,weekday_rule,base_calendar,True,193,2024-08-08,complete
2024-08-08,0.00,0.00,0,3597170.44,last_posted_transaction_or_prior_closing_balance,,trusted,weekday_rule,base_calendar,True,194,2024-08-09,complete
2024-08-09,0.00,28318.08,1,3568852.36,last_posted_transaction_or_prior_closing_balance,synb1_txn_45efd833ac0708c5a9864d96,trusted,weekday_rule,base_calendar,True,195,2024-08-12,complete
2024-08-10,0.00,0.00,0,3568852.36,last_posted_transaction_or_prior_closing_balance,,trusted,weekday_rule,base_calendar,False,,,complete
2024-08-11,0.00,0.00,0,3568852.36,last_posted_transaction_or_prior_closing_balance,,trusted,weekday_rule,base_calendar,False,,,complete
2024-08-12,21368.53,0.00,2,3590220.89,last_posted_transaction_or_prior_closing_balance,synb1_txn_507295825f87c95930d25a0b,trusted,weekday_rule,base_calendar,True,196,2024-08-13,complete
2024-08-13,0.00,0.00,0,3590220.89,last_posted_transaction_or_prior_closing_balance,,trusted,weekday_rule,base_calendar,True,197,2024-08-14,complete
2024-08-14,20316.47,0.00,1,3610537.36,last_posted_transaction_or_prior_closing_balance,synb1_txn_5c0b6cc5e32a48270661183e,trusted,weekday_rule,base_calendar,True,198,2024-08-15,complete
2024-08-15,11702.43,69222.00,2,3553017.79,last_posted_transaction_or_prior_closing_balance,synb1_txn_901875292915247c218ff04e,trusted,weekday_rule,base_calendar,True,199,2024-08-16,complete
2024-08-16,19108.15,0.00,2,3572125.94,last_posted_transaction_or_prior_closing_balance,synb1_txn_f4a35732fddc7c5d1076f1b4,trusted,weekday_rule,base_calendar,True,200,2024-08-17,complete
2024-08-17,9991.95,0.00,1,3582117.89,last_posted_transaction_or_prior_closing_balance,synb1_txn_8fd3086ebc75ea4f6ade3d17,trusted,historical_transaction_override,historical_transaction_override,True,201,2024-08-18,complete
2024-08-18,9751.92,0.00,1,3591869.81,last_posted_transaction_or_prior_closing_balance,synb1_txn_306463a54fe60ed7440d22a4,trusted,historical_transaction_override,historical_transaction_override,True,202,2024-08-19,complete
2024-08-19,23783.15,0.00,2,3615652.96,last_posted_transaction_or_prior_closing_balance,synb1_txn_100a52c3bc19fb78446b4c63,trusted,weekday_rule,base_calendar,True,203,2024-08-20,complete
2024-08-20,0.00,0.00,0,3615652.96,last_posted_transaction_or_prior_closing_balance,,trusted,weekday_rule,base_calendar,True,204,2024-08-21,complete
2024-08-21,15450.53,0.00,2,3631103.49,last_posted_transaction_or_prior_closing_balance,synb1_txn_76fd522c318855c45632f9b0,trusted,weekday_rule,base_calendar,True,205,2024-08-22,complete
2024-08-22,0.00,0.00,0,3631103.49,last_posted_transaction_or_prior_closing_balance,,trusted,weekday_rule,base_calendar,True,206,2024-08-23,complete
2024-08-23,19297.16,28318.08,3,3622082.57,last_posted_transaction_or_prior_closing_balance,synb1_txn_1d1cbbb7c5c2d3f98615d2c8,trusted,weekday_rule,base_calendar,True,207,2024-08-25,complete
2024-08-24,0.00,0.00,0,3622082.57,last_posted_transaction_or_prior_closing_balance,,trusted,weekday_rule,base_calendar,False,,,complete
2024-08-25,18241.78,40257.67,3,3600066.68,last_posted_transaction_or_prior_closing_balance,synb1_txn_21ae610db9fbc3028f504500,trusted,historical_transaction_override,historical_transaction_override,True,208,2024-08-26,complete
2024-08-26,0.00,0.00,0,3600066.68,last_posted_transaction_or_prior_closing_balance,,trusted,weekday_rule,base_calendar,True,209,2024-08-27,complete
2024-08-27,11136.45,0.00,1,3611203.13,last_posted_transaction_or_prior_closing_balance,synb1_txn_93e0fc559a0907c95e0e29a4,trusted,weekday_rule,base_calendar,True,210,2024-08-28,complete
2024-08-28,0.00,2499.84,2,3608703.29,last_posted_transaction_or_prior_closing_balance,synb1_txn_f3cff6debcede3eef0910473,trusted,weekday_rule,base_calendar,True,211,2024-08-29,complete
2024-08-29,4887.75,0.00,1,3613591.04,last_posted_transaction_or_prior_closing_balance,synb1_txn_daea9694b240764f7ca7d7b7,trusted,weekday_rule,base_calendar,True,212,2024-08-30,complete
2024-08-30,0.00,0.00,0,3613591.04,last_posted_transaction_or_prior_closing_balance,,trusted,weekday_rule,base_calendar,True,213,2024-09-02,complete
2024-08-31,0.00,0.00,0,3613591.04,last_posted_transaction_or_prior_closing_balance,,trusted,weekday_rule,base_calendar,False,,,complete
2024-09-01,0.00,0.00,0,3613591.04,last_posted_transaction_or_prior_closing_balance,,trusted,weekday_rule,base_calendar,False,,,complete
2024-09-02,0.00,0.00,0,3613591.04,last_posted_transaction_or_prior_closing_balance,,trusted,weekday_rule,base_calendar,True,214,2024-09-03,complete
2024-09-03,0.00,31847.34,1,3581743.70,last_posted_transaction_or_prior_closing_balance,synb1_txn_7a382e33379cdaddb63f5f3c,trusted,weekday_rule,base_calendar,True,215,2024-09-04,complete
2024-09-04,0.00,0.00,0,3581743.70,last_posted_transaction_or_prior_closing_balance,,trusted,weekday_rule,base_calendar,True,216,2024-09-05,complete
2024-09-05,0.00,0.00,0,3581743.70,last_posted_transaction_or_prior_closing_balance,,trusted,weekday_rule,base_calendar,True,217,2024-09-06,complete
2024-09-06,0.00,0.00,0,3581743.70,last_posted_transaction_or_prior_closing_balance,,trusted,weekday_rule,base_calendar,True,218,2024-09-07,complete
2024-09-07,0.00,127129.39,1,3454614.31,last_posted_transaction_or_prior_closing_balance,synb1_txn_bd3916b4799650bd098958bf,trusted,historical_transaction_override,historical_transaction_override,True,219,2024-09-08,complete
2024-09-08,15102.58,0.00,2,3469716.89,last_posted_transaction_or_prior_closing_balance,synb1_txn_06ad6d8f3acdb853449aa962,trusted,historical_transaction_override,historical_transaction_override,True,220,2024-09-09,complete
2024-09-09,0.00,0.00,0,3469716.89,last_posted_transaction_or_prior_closing_balance,,trusted,weekday_rule,base_calendar,True,221,2024-09-10,complete
2024-09-10,0.00,0.00,0,3469716.89,last_posted_transaction_or_prior_closing_balance,,trusted,weekday_rule,base_calendar,True,222,2024-09-11,complete
2024-09-11,30471.22,52684.81,4,3447503.30,last_posted_transaction_or_prior_closing_balance,synb1_txn_5e549a723042085ef61d2d80,trusted,weekday_rule,base_calendar,True,223,2024-09-12,complete
2024-09-12,33314.78,0.00,3,3480818.08,last_posted_transaction_or_prior_closing_balance,synb1_txn_af95161549eae77d3ef3c38d,trusted,weekday_rule,base_calendar,True,224,2024-09-13,complete
2024-09-13,12135.35,0.00,1,3492953.43,last_posted_transaction_or_prior_closing_balance,synb1_txn_d169fc33f8c71ffd2a8327e0,trusted,weekday_rule,base_calendar,True,225,2024-09-14,complete
2024-09-14,11236.40,0.00,1,3504189.83,last_posted_transaction_or_prior_closing_balance,synb1_txn_84448f93f27e722153cf9e3b,trusted,historical_transaction_override,historical_transaction_override,True,226,2024-09-15,complete
2024-09-15,39643.95,0.00,3,3543833.78,last_posted_transaction_or_prior_closing_balance,synb1_txn_b3f01e655635f7fa041eb134,trusted,historical_transaction_override,historical_transaction_override,True,227,2024-09-16,complete
2024-09-16,4169.01,0.00,1,3548002.79,last_posted_transaction_or_prior_closing_balance,synb1_txn_b5ffb86a7d9fd058de8e1ec9,trusted,weekday_rule,base_calendar,True,228,2024-09-17,complete
2024-09-17,8899.26,0.00,1,3556902.05,last_posted_transaction_or_prior_closing_balance,synb1_txn_2fcd30678e6b7915e89260d9,trusted,weekday_rule,base_calendar,True,229,2024-09-18,complete
2024-09-18,31300.13,0.00,2,3588202.18,last_posted_transaction_or_prior_closing_balance,synb1_txn_55cfc79c3d7b3a26a61c6bed,trusted,weekday_rule,base_calendar,True,230,2024-09-19,complete
2024-09-19,0.00,38050.14,1,3550152.04,last_posted_transaction_or_prior_closing_balance,synb1_txn_34c323e220703c4abaef7f18,trusted,weekday_rule,base_calendar,True,231,2024-09-20,complete
2024-09-20,0.00,0.00,0,3550152.04,last_posted_transaction_or_prior_closing_balance,,trusted,weekday_rule,base_calendar,True,232,2024-09-21,complete
2024-09-21,0.00,35123.21,1,3515028.83,last_posted_transaction_or_prior_closing_balance,synb1_txn_bb271e45bb70de4dcd976c0f,trusted,historical_transaction_override,historical_transaction_override,True,233,2024-09-22,complete
2024-09-22,7712.67,0.00,1,3522741.50,last_posted_transaction_or_prior_closing_balance,synb1_txn_0a3f2b9f5bcf81db85c8d229,trusted,historical_transaction_override,historical_transaction_override,True,234,2024-09-23,complete
2024-09-23,6232.46,0.00,1,3528973.96,last_posted_transaction_or_prior_closing_balance,synb1_txn_732cbedccd8527702a54c463,trusted,weekday_rule,base_calendar,True,235,2024-09-24,complete
2024-09-24,0.00,0.00,0,3528973.96,last_posted_transaction_or_prior_closing_balance,,trusted,weekday_rule,base_calendar,True,236,2024-09-25,complete
2024-09-25,6669.48,40257.67,2,3495385.77,last_posted_transaction_or_prior_closing_balance,synb1_txn_f6f56ca3ab9aad68da2048eb,trusted,weekday_rule,base_calendar,True,237,2024-09-26,complete
2024-09-26,0.00,0.00,0,3495385.77,last_posted_transaction_or_prior_closing_balance,,trusted,weekday_rule,base_calendar,True,238,2024-09-27,complete
2024-09-27,12464.92,0.00,1,3507850.69,last_posted_transaction_or_prior_closing_balance,synb1_txn_7f7bcfba63ea1eb722bed460,trusted,weekday_rule,base_calendar,True,239,2024-09-29,complete
2024-09-28,0.00,0.00,0,3507850.69,last_posted_transaction_or_prior_closing_balance,,trusted,weekday_rule,base_calendar,False,,,complete
2024-09-29,3847.79,0.00,1,3511698.48,last_posted_transaction_or_prior_closing_balance,synb1_txn_4979641d8e33cc5effe94b3c,trusted,historical_transaction_override,historical_transaction_override,True,240,2024-09-30,complete
2024-09-30,0.00,2499.84,2,3509198.64,last_posted_transaction_or_prior_closing_balance,synb1_txn_59b449f1c619412a9c7adb12,trusted,weekday_rule,base_calendar,True,241,2024-10-01,complete
2024-10-01,0.00,0.00,0,3509198.64,last_posted_transaction_or_prior_closing_balance,,trusted,weekday_rule,base_calendar,True,242,2024-10-02,complete
2024-10-02,0.00,0.00,0,3509198.64,last_posted_transaction_or_prior_closing_balance,,trusted,weekday_rule,base_calendar,True,243,2024-10-03,complete
2024-10-03,0.00,31847.34,1,3477351.30,last_posted_transaction_or_prior_closing_balance,synb1_txn_61b81f612b7c237810c71ee5,trusted,weekday_rule,base_calendar,True,244,2024-10-04,complete
2024-10-04,15128.34,0.00,1,3492479.64,last_posted_transaction_or_prior_closing_balance,synb1_txn_a436b3718f1ff575ab4ae0c6,trusted,weekday_rule,base_calendar,True,245,2024-10-07,complete
2024-10-05,0.00,0.00,0,3492479.64,last_posted_transaction_or_prior_closing_balance,,trusted,weekday_rule,base_calendar,False,,,complete
2024-10-06,0.00,0.00,0,3492479.64,last_posted_transaction_or_prior_closing_balance,,trusted,weekday_rule,base_calendar,False,,,complete
2024-10-07,0.00,127129.39,1,3365350.25,last_posted_transaction_or_prior_closing_balance,synb1_txn_50689a9e7eaa5e2c4342995d,trusted,weekday_rule,base_calendar,True,246,2024-10-08,complete
2024-10-08,20463.95,0.00,2,3385814.20,last_posted_transaction_or_prior_closing_balance,synb1_txn_adda7ac54d5a3c4cdf8188b6,trusted,weekday_rule,base_calendar,True,247,2024-10-09,complete
2024-10-09,7517.95,27968.48,2,3365363.67,last_posted_transaction_or_prior_closing_balance,synb1_txn_576fdf831707dda5c646ea98,trusted,weekday_rule,base_calendar,True,248,2024-10-10,complete
2024-10-10,15798.66,0.00,2,3381162.33,last_posted_transaction_or_prior_closing_balance,synb1_txn_cacf261887ce9831e6317de4,trusted,weekday_rule,base_calendar,True,249,2024-10-11,complete
2024-10-11,0.00,0.00,0,3381162.33,last_posted_transaction_or_prior_closing_balance,,trusted,weekday_rule,base_calendar,True,250,2024-10-12,complete
2024-10-12,13859.20,0.00,2,3395021.53,last_posted_transaction_or_prior_closing_balance,synb1_txn_a1518fb20f0e8b306f81db17,trusted,historical_transaction_override,historical_transaction_override,True,251,2024-10-13,complete
2024-10-13,19212.57,0.00,2,3414234.10,last_posted_transaction_or_prior_closing_balance,synb1_txn_b4c531e19439177c1ce023c3,trusted,historical_transaction_override,historical_transaction_override,True,252,2024-10-14,complete
2024-10-14,28306.74,0.00,3,3442540.84,last_posted_transaction_or_prior_closing_balance,synb1_txn_0141e16a925c295bbbf2e221,trusted,weekday_rule,base_calendar,True,253,2024-10-15,complete
2024-10-15,15314.36,0.00,1,3457855.20,last_posted_transaction_or_prior_closing_balance,synb1_txn_b8f16914a7322df235cd9c41,trusted,weekday_rule,base_calendar,True,254,2024-10-16,complete
2024-10-16,13365.27,0.00,1,3471220.47,last_posted_transaction_or_prior_closing_balance,synb1_txn_e78fe4d646d044a8ed038e38,trusted,weekday_rule,base_calendar,True,255,2024-10-17,complete
2024-10-17,13365.27,30765.32,2,3453820.42,last_posted_transaction_or_prior_closing_balance,synb1_txn_0404bd4cc1ab814e9381071f,trusted,weekday_rule,base_calendar,True,256,2024-10-18,complete
2024-10-18,25323.69,0.00,2,3479144.11,last_posted_transaction_or_prior_closing_balance,synb1_txn_7e10ae1f814922fc4cd6c2f1,trusted,weekday_rule,base_calendar,True,257,2024-10-19,complete
2024-10-19,18098.81,67124.36,2,3430118.56,last_posted_transaction_or_prior_closing_balance,synb1_txn_a5e58b13363150bff15016ef,trusted,historical_transaction_override,historical_transaction_override,True,258,2024-10-21,complete
2024-10-20,0.00,0.00,0,3430118.56,last_posted_transaction_or_prior_closing_balance,,trusted,weekday_rule,base_calendar,False,,,complete
2024-10-21,0.00,0.00,0,3430118.56,last_posted_transaction_or_prior_closing_balance,,trusted,weekday_rule,base_calendar,True,259,2024-10-22,complete
2024-10-22,6752.98,0.00,1,3436871.54,last_posted_transaction_or_prior_closing_balance,synb1_txn_7e1878f4738a033a01c25e7d,trusted,weekday_rule,base_calendar,True,260,2024-10-23,complete
2024-10-23,0.00,0.00,0,3436871.54,last_posted_transaction_or_prior_closing_balance,,trusted,weekday_rule,base_calendar,True,261,2024-10-24,complete
2024-10-24,0.00,0.00,0,3436871.54,last_posted_transaction_or_prior_closing_balance,,trusted,weekday_rule,base_calendar,True,262,2024-10-25,complete
2024-10-25,0.00,40257.67,1,3396613.87,last_posted_transaction_or_prior_closing_balance,synb1_txn_2cfb66446e4b83c93c0c87fa,trusted,weekday_rule,base_calendar,True,263,2024-10-28,complete
2024-10-26,0.00,0.00,0,3396613.87,last_posted_transaction_or_prior_closing_balance,,trusted,weekday_rule,base_calendar,False,,,complete
2024-10-27,0.00,0.00,0,3396613.87,last_posted_transaction_or_prior_closing_balance,,trusted,weekday_rule,base_calendar,False,,,complete
2024-10-28,6415.32,2499.84,3,3400529.35,last_posted_transaction_or_prior_closing_balance,synb1_txn_c56b178f25c1118348c0d65f,trusted,weekday_rule,base_calendar,True,264,2024-10-29,complete
2024-10-29,0.00,0.00,0,3400529.35,last_posted_transaction_or_prior_closing_balance,,trusted,weekday_rule,base_calendar,True,265,2024-10-30,complete
2024-10-30,0.00,0.00,0,3400529.35,last_posted_transaction_or_prior_closing_balance,,trusted,weekday_rule,base_calendar,True,266,2024-10-31,complete
2024-10-31,0.00,0.00,0,3400529.35,last_posted_transaction_or_prior_closing_balance,,trusted,weekday_rule,base_calendar,True,267,2024-11-01,complete
2024-11-01,4276.89,0.00,1,3404806.24,last_posted_transaction_or_prior_closing_balance,synb1_txn_fb1cf52df96174cee0590500,trusted,weekday_rule,base_calendar,True,268,2024-11-03,complete
2024-11-02,0.00,0.00,0,3404806.24,last_posted_transaction_or_prior_closing_balance,,trusted,weekday_rule,base_calendar,False,,,complete
2024-11-03,5818.99,31847.34,2,3378777.89,last_posted_transaction_or_prior_closing_balance,synb1_txn_e7838fc7e325fab5f6e43734,trusted,historical_transaction_override,historical_transaction_override,True,269,2024-11-04,complete
2024-11-04,0.00,0.00,0,3378777.89,last_posted_transaction_or_prior_closing_balance,,trusted,weekday_rule,base_calendar,True,270,2024-11-05,complete
2024-11-05,0.00,0.00,0,3378777.89,last_posted_transaction_or_prior_closing_balance,,trusted,weekday_rule,base_calendar,True,271,2024-11-06,complete
2024-11-06,0.00,0.00,0,3378777.89,last_posted_transaction_or_prior_closing_balance,,trusted,weekday_rule,base_calendar,True,272,2024-11-07,complete
2024-11-07,5403.35,127129.39,2,3257051.85,last_posted_transaction_or_prior_closing_balance,synb1_txn_3611f84222bb6763068b529b,trusted,weekday_rule,base_calendar,True,273,2024-11-08,complete
2024-11-08,0.00,0.00,0,3257051.85,last_posted_transaction_or_prior_closing_balance,,trusted,weekday_rule,base_calendar,True,274,2024-11-09,complete
2024-11-09,15183.16,43478.28,2,3228756.73,last_posted_transaction_or_prior_closing_balance,synb1_txn_8ef5cb1957ef15da10a6d929,trusted,historical_transaction_override,historical_transaction_override,True,275,2024-11-10,complete
2024-11-10,0.00,50343.26,1,3178413.47,last_posted_transaction_or_prior_closing_balance,synb1_txn_42309a46ec17c489a619f62b,trusted,historical_transaction_override,historical_transaction_override,True,276,2024-11-11,complete
2024-11-11,0.00,0.00,0,3178413.47,last_posted_transaction_or_prior_closing_balance,,trusted,weekday_rule,base_calendar,True,277,2024-11-12,complete
2024-11-12,0.00,0.00,0,3178413.47,last_posted_transaction_or_prior_closing_balance,,trusted,weekday_rule,base_calendar,True,278,2024-11-13,complete
2024-11-13,31370.70,0.00,3,3209784.17,last_posted_transaction_or_prior_closing_balance,synb1_txn_46fe435a833d0988089f1fa5,trusted,weekday_rule,base_calendar,True,279,2024-11-14,complete
2024-11-14,0.00,0.00,0,3209784.17,last_posted_transaction_or_prior_closing_balance,,trusted,weekday_rule,base_calendar,True,280,2024-11-15,complete
2024-11-15,0.00,0.00,0,3209784.17,last_posted_transaction_or_prior_closing_balance,,trusted,weekday_rule,base_calendar,True,281,2024-11-17,complete
2024-11-16,0.00,0.00,0,3209784.17,last_posted_transaction_or_prior_closing_balance,,trusted,weekday_rule,base_calendar,False,,,complete
2024-11-17,12051.70,0.00,2,3221835.87,last_posted_transaction_or_prior_closing_balance,synb1_txn_8fd2d4b50bdd1031699b2d7d,trusted,historical_transaction_override,historical_transaction_override,True,282,2024-11-18,complete
2024-11-18,12876.46,0.00,1,3234712.33,last_posted_transaction_or_prior_closing_balance,synb1_txn_504f42439634da61e01c9185,trusted,weekday_rule,base_calendar,True,283,2024-11-19,complete
2024-11-19,22080.56,0.00,2,3256792.89,last_posted_transaction_or_prior_closing_balance,synb1_txn_f201dce2e9c5b7bf47a7dfa3,trusted,weekday_rule,base_calendar,True,284,2024-11-20,complete
2024-11-20,9351.95,32036.62,2,3234108.22,last_posted_transaction_or_prior_closing_balance,synb1_txn_b5c2d6693dafa70ee9a6daa5,trusted,weekday_rule,base_calendar,True,285,2024-11-21,complete
2024-11-21,19193.58,0.00,2,3253301.80,last_posted_transaction_or_prior_closing_balance,synb1_txn_bbb02bc897fc77516bdd4faf,trusted,weekday_rule,base_calendar,True,286,2024-11-22,complete
2024-11-22,15802.93,0.00,1,3269104.73,last_posted_transaction_or_prior_closing_balance,synb1_txn_ee0302191e8b66d7198f9460,trusted,weekday_rule,base_calendar,True,287,2024-11-23,complete
2024-11-23,17821.11,0.00,2,3286925.84,last_posted_transaction_or_prior_closing_balance,synb1_txn_2a19af4f0ce6e08d018fe973,trusted,historical_transaction_override,historical_transaction_override,True,288,2024-11-24,complete
2024-11-24,16833.52,0.00,1,3303759.36,last_posted_transaction_or_prior_closing_balance,synb1_txn_99eca13d02053c8e8f59e039,trusted,historical_transaction_override,historical_transaction_override,True,289,2024-11-25,complete
2024-11-25,26942.72,40257.67,3,3290444.41,last_posted_transaction_or_prior_closing_balance,synb1_txn_b42f059087f89a73e9c40af0,trusted,weekday_rule,base_calendar,True,290,2024-11-26,complete
2024-11-26,0.00,0.00,0,3290444.41,last_posted_transaction_or_prior_closing_balance,,trusted,weekday_rule,base_calendar,True,291,2024-11-27,complete
2024-11-27,0.00,0.00,0,3290444.41,last_posted_transaction_or_prior_closing_balance,,trusted,weekday_rule,base_calendar,True,292,2024-11-28,complete
2024-11-28,6112.38,2499.84,3,3294056.95,last_posted_transaction_or_prior_closing_balance,synb1_txn_41744d8b085578522e40a92e,trusted,weekday_rule,base_calendar,True,293,2024-11-29,complete
2024-11-29,0.00,0.00,0,3294056.95,last_posted_transaction_or_prior_closing_balance,,trusted,weekday_rule,base_calendar,True,294,2024-12-02,complete
2024-11-30,0.00,0.00,0,3294056.95,last_posted_transaction_or_prior_closing_balance,,trusted,weekday_rule,base_calendar,False,,,complete
2024-12-01,0.00,0.00,0,3294056.95,last_posted_transaction_or_prior_closing_balance,,trusted,weekday_rule,base_calendar,False,,,complete
2024-12-02,6356.89,0.00,1,3300413.84,last_posted_transaction_or_prior_closing_balance,synb1_txn_9d87d26c45f0eab515a343df,trusted,weekday_rule,base_calendar,True,295,2024-12-03,complete
2024-12-03,22552.90,31847.34,2,3291119.40,last_posted_transaction_or_prior_closing_balance,synb1_txn_f5d7a89a297d9c926ddf321f,trusted,weekday_rule,base_calendar,True,296,2024-12-04,complete
2024-12-04,0.00,0.00,0,3291119.40,last_posted_transaction_or_prior_closing_balance,,trusted,weekday_rule,base_calendar,True,297,2024-12-05,complete
2024-12-05,0.00,0.00,0,3291119.40,last_posted_transaction_or_prior_closing_balance,,trusted,weekday_rule,base_calendar,True,298,2024-12-06,complete
2024-12-06,0.00,0.00,0,3291119.40,last_posted_transaction_or_prior_closing_balance,,trusted,weekday_rule,base_calendar,True,299,2024-12-07,complete
2024-12-07,16914.69,127129.39,2,3180904.70,last_posted_transaction_or_prior_closing_balance,synb1_txn_678593af2ef2ca33581ddd4f,trusted,historical_transaction_override,historical_transaction_override,True,300,2024-12-09,complete
2024-12-08,0.00,0.00,0,3180904.70,last_posted_transaction_or_prior_closing_balance,,trusted,weekday_rule,base_calendar,False,,,complete
2024-12-09,0.00,0.00,0,3180904.70,last_posted_transaction_or_prior_closing_balance,,trusted,weekday_rule,base_calendar,True,301,2024-12-10,complete
2024-12-10,0.00,138732.55,1,3042172.15,last_posted_transaction_or_prior_closing_balance,synb1_txn_68175292c742a083082f65b9,trusted,weekday_rule,base_calendar,True,302,2024-12-11,complete
2024-12-11,0.00,0.00,0,3042172.15,last_posted_transaction_or_prior_closing_balance,,trusted,weekday_rule,base_calendar,True,303,2024-12-12,complete
2024-12-12,0.00,0.00,0,3042172.15,last_posted_transaction_or_prior_closing_balance,,trusted,weekday_rule,base_calendar,True,304,2024-12-13,complete
2024-12-13,0.00,0.00,0,3042172.15,last_posted_transaction_or_prior_closing_balance,,trusted,weekday_rule,base_calendar,True,305,2024-12-15,complete
2024-12-14,0.00,0.00,0,3042172.15,last_posted_transaction_or_prior_closing_balance,,trusted,weekday_rule,base_calendar,False,,,complete
2024-12-15,24287.74,0.00,1,3066459.89,last_posted_transaction_or_prior_closing_balance,synb1_txn_8813b285abea1064e97ccc6e,trusted,historical_transaction_override,historical_transaction_override,True,306,2024-12-16,complete
2024-12-16,125593.40,0.00,3,3192053.29,last_posted_transaction_or_prior_closing_balance,synb1_txn_412c42621cd9a11ac50d8a82,trusted,weekday_rule,base_calendar,True,307,2024-12-17,complete
2024-12-17,0.00,0.00,0,3192053.29,last_posted_transaction_or_prior_closing_balance,,trusted,weekday_rule,base_calendar,True,308,2024-12-18,complete
2024-12-18,34129.40,0.00,1,3226182.69,last_posted_transaction_or_prior_closing_balance,synb1_txn_accc617dd2c2e9a703319f4e,trusted,weekday_rule,base_calendar,True,309,2024-12-19,complete
2024-12-19,118226.13,0.00,3,3344408.82,last_posted_transaction_or_prior_closing_balance,synb1_txn_2ba4e339a392218b4aae982b,trusted,weekday_rule,base_calendar,True,310,2024-12-20,complete
2024-12-20,136327.95,0.00,3,3480736.77,last_posted_transaction_or_prior_closing_balance,synb1_txn_dbd51fabf3d538bc08f903a2,trusted,weekday_rule,base_calendar,True,311,2024-12-22,complete
2024-12-21,0.00,0.00,0,3480736.77,last_posted_transaction_or_prior_closing_balance,,trusted,weekday_rule,base_calendar,False,,,complete
2024-12-22,74705.46,0.00,2,3555442.23,last_posted_transaction_or_prior_closing_balance,synb1_txn_708b24742d60b0b855b982f4,trusted,historical_transaction_override,historical_transaction_override,True,312,2024-12-23,complete
2024-12-23,94924.82,0.00,3,3650367.05,last_posted_transaction_or_prior_closing_balance,synb1_txn_20ca04c82bc1f503a0cf3aba,trusted,weekday_rule,base_calendar,True,313,2024-12-24,complete
2024-12-24,0.00,104049.40,1,3546317.65,last_posted_transaction_or_prior_closing_balance,synb1_txn_1460c990bca697a683ea1c86,trusted,weekday_rule,base_calendar,True,314,2024-12-25,complete
2024-12-25,0.00,40257.67,1,3506059.98,last_posted_transaction_or_prior_closing_balance,synb1_txn_faf1cd2866712f3a65f0a975,trusted,weekday_rule,base_calendar,True,315,2024-12-26,complete
2024-12-26,16743.83,194225.55,2,3328578.26,last_posted_transaction_or_prior_closing_balance,synb1_txn_4db210db1965cd4614e11d13,trusted,weekday_rule,base_calendar,True,316,2024-12-27,complete
2024-12-27,72253.73,0.00,2,3400831.99,last_posted_transaction_or_prior_closing_balance,synb1_txn_10cf8d33924ea7f233e3ce4b,trusted,weekday_rule,base_calendar,True,317,2024-12-30,complete
2024-12-28,0.00,0.00,0,3400831.99,last_posted_transaction_or_prior_closing_balance,,trusted,weekday_rule,base_calendar,False,,,complete
2024-12-29,0.00,0.00,0,3400831.99,last_posted_transaction_or_prior_closing_balance,,trusted,weekday_rule,base_calendar,False,,,complete
2024-12-30,0.00,2499.84,2,3398332.15,last_posted_transaction_or_prior_closing_balance,synb1_txn_8b302863785d789699a7b22f,trusted,weekday_rule,base_calendar,True,318,2024-12-31,complete
2024-12-31,38339.95,0.00,1,3436672.10,last_posted_transaction_or_prior_closing_balance,synb1_txn_820ef30c4de07fa17a7c192b,trusted,weekday_rule,base_calendar,True,319,2025-01-02,complete
2025-01-01,0.00,0.00,0,3436672.10,last_posted_transaction_or_prior_closing_balance,,trusted,gov_cn_2025_holiday_schedule_v1,base_calendar,False,,,complete
2025-01-02,44285.71,0.00,1,3480957.81,last_posted_transaction_or_prior_closing_balance,synb1_txn_41ae5906546fcf39e06b8069,trusted,weekday_rule,base_calendar,True,320,2025-01-03,complete
2025-01-03,0.00,31847.34,1,3449110.47,last_posted_transaction_or_prior_closing_balance,synb1_txn_8ab8f48b25b8c1cdfdd3b4b8,trusted,weekday_rule,base_calendar,True,321,2025-01-04,complete
2025-01-04,25953.48,0.00,1,3475063.95,last_posted_transaction_or_prior_closing_balance,synb1_txn_97272ad38086cdd28de2d8fe,trusted,historical_transaction_override,historical_transaction_override,True,322,2025-01-06,complete
2025-01-05,0.00,0.00,0,3475063.95,last_posted_transaction_or_prior_closing_balance,,trusted,weekday_rule,base_calendar,False,,,complete
2025-01-06,67791.21,0.00,2,3542855.16,last_posted_transaction_or_prior_closing_balance,synb1_txn_a54913b32092c969c7bba02a,trusted,weekday_rule,base_calendar,True,323,2025-01-07,complete
2025-01-07,0.00,127129.39,1,3415725.77,last_posted_transaction_or_prior_closing_balance,synb1_txn_927fdd5cc0a659b24db32e2c,trusted,weekday_rule,base_calendar,True,324,2025-01-08,complete
2025-01-08,43796.52,0.00,1,3459522.29,last_posted_transaction_or_prior_closing_balance,synb1_txn_5714ffa02a0d05209fefd7cc,trusted,weekday_rule,base_calendar,True,325,2025-01-09,complete
2025-01-09,53590.42,0.00,1,3513112.71,last_posted_transaction_or_prior_closing_balance,synb1_txn_c7f7c1fe83a3316ad7abbdf0,trusted,weekday_rule,base_calendar,True,326,2025-01-10,complete
2025-01-10,56038.46,0.00,2,3569151.17,last_posted_transaction_or_prior_closing_balance,synb1_txn_51cf085bb29e2c52537c6b9b,trusted,weekday_rule,base_calendar,True,327,2025-01-12,complete
2025-01-11,0.00,0.00,0,3569151.17,last_posted_transaction_or_prior_closing_balance,,trusted,weekday_rule,base_calendar,False,,,complete
2025-01-12,49083.33,100147.55,2,3518086.95,last_posted_transaction_or_prior_closing_balance,synb1_txn_6217f1a3553a118f6880b9db,trusted,historical_transaction_override,historical_transaction_override,True,328,2025-01-13,complete
2025-01-13,47159.58,0.00,1,3565246.53,last_posted_transaction_or_prior_closing_balance,synb1_txn_e6c71cc5094b8759db6867ff,trusted,weekday_rule,base_calendar,True,329,2025-01-14,complete
2025-01-14,35598.90,0.00,2,3600845.43,last_posted_transaction_or_prior_closing_balance,synb1_txn_81862a220f4ed13f090da8d6,trusted,weekday_rule,base_calendar,True,330,2025-01-15,complete
2025-01-15,0.00,0.00,0,3600845.43,last_posted_transaction_or_prior_closing_balance,,trusted,weekday_rule,base_calendar,True,331,2025-01-16,complete
2025-01-16,24541.67,0.00,1,3625387.10,last_posted_transaction_or_prior_closing_balance,synb1_txn_b6d4ddaf8966829165f1f7a7,trusted,weekday_rule,base_calendar,True,332,2025-01-17,complete
2025-01-17,0.00,0.00,0,3625387.10,last_posted_transaction_or_prior_closing_balance,,trusted,weekday_rule,base_calendar,True,333,2025-01-18,complete
2025-01-18,57044.86,227608.07,3,3454823.89,last_posted_transaction_or_prior_closing_balance,synb1_txn_d8d24ccbae8d18093628542e,trusted,historical_transaction_override,historical_transaction_override,True,334,2025-01-20,complete
2025-01-19,0.00,0.00,0,3454823.89,last_posted_transaction_or_prior_closing_balance,,trusted,weekday_rule,base_calendar,False,,,complete
2025-01-20,123999.99,0.00,2,3578823.88,last_posted_transaction_or_prior_closing_balance,synb1_txn_fe2a6fb90f102636ce22c7f2,trusted,weekday_rule,base_calendar,True,335,2025-01-21,complete
2025-01-21,0.00,0.00,0,3578823.88,last_posted_transaction_or_prior_closing_balance,,trusted,weekday_rule,base_calendar,True,336,2025-01-22,complete
2025-01-22,22115.86,0.00,1,3600939.74,last_posted_transaction_or_prior_closing_balance,synb1_txn_4e0c27bd1f8d28f9011e071d,trusted,weekday_rule,base_calendar,True,337,2025-01-23,complete
2025-01-23,0.00,109251.88,1,3491687.86,last_posted_transaction_or_prior_closing_balance,synb1_txn_519799f3e34f513f4ce39de2,trusted,weekday_rule,base_calendar,True,338,2025-01-24,complete
2025-01-24,100413.05,0.00,3,3592100.91,last_posted_transaction_or_prior_closing_balance,synb1_txn_3331b1cc38f480a58a05b044,trusted,weekday_rule,base_calendar,True,339,2025-01-25,complete
2025-01-25,0.00,40257.67,1,3551843.24,last_posted_transaction_or_prior_closing_balance,synb1_txn_40d2ab7fcc3619ecec979646,trusted,historical_transaction_override,historical_transaction_override,True,340,2025-01-26,complete
2025-01-26,0.00,0.00,0,3551843.24,last_posted_transaction_or_prior_closing_balance,,trusted,gov_cn_2025_holiday_schedule_v1,base_calendar,True,341,2025-01-27,complete
2025-01-27,0.00,0.00,0,3551843.24,last_posted_transaction_or_prior_closing_balance,,trusted,weekday_rule,base_calendar,True,342,2025-01-28,complete
2025-01-28,23586.96,0.00,1,3575430.20,last_posted_transaction_or_prior_closing_balance,synb1_txn_34bf6a0eb17389e159863621,trusted,historical_transaction_override,historical_transaction_override,True,343,2025-02-03,complete
2025-01-29,0.00,0.00,0,3575430.20,last_posted_transaction_or_prior_closing_balance,,trusted,gov_cn_2025_holiday_schedule_v1,base_calendar,False,,,complete
2025-01-30,0.00,0.00,0,3575430.20,last_posted_transaction_or_prior_closing_balance,,trusted,gov_cn_2025_holiday_schedule_v1,base_calendar,False,,,complete
2025-01-31,0.00,0.00,0,3575430.20,last_posted_transaction_or_prior_closing_balance,,trusted,gov_cn_2025_holiday_schedule_v1,base_calendar,False,,,complete
2025-02-01,0.00,0.00,0,3575430.20,last_posted_transaction_or_prior_closing_balance,,trusted,gov_cn_2025_holiday_schedule_v1,base_calendar,False,,,complete
2025-02-02,0.00,0.00,0,3575430.20,last_posted_transaction_or_prior_closing_balance,,trusted,gov_cn_2025_holiday_schedule_v1,base_calendar,False,,,complete
2025-02-03,8240.29,31847.34,2,3551823.15,last_posted_transaction_or_prior_closing_balance,synb1_txn_139166610b07be2c73f8dabb,trusted,historical_transaction_override,historical_transaction_override,True,344,2025-02-05,complete
2025-02-04,0.00,0.00,0,3551823.15,last_posted_transaction_or_prior_closing_balance,,trusted,gov_cn_2025_holiday_schedule_v1,base_calendar,False,,,complete
2025-02-05,0.00,34505.62,3,3517317.53,last_posted_transaction_or_prior_closing_balance,synb1_txn_3d2164c49ea8d8f7661d9989,trusted,weekday_rule,base_calendar,True,345,2025-02-06,complete
2025-02-06,0.00,0.00,0,3517317.53,last_posted_transaction_or_prior_closing_balance,,trusted,weekday_rule,base_calendar,True,346,2025-02-07,complete
2025-02-07,82751.59,127129.39,3,3472939.73,last_posted_transaction_or_prior_closing_balance,synb1_txn_dfbf3ab1c4a1bcb3237147bd,trusted,weekday_rule,base_calendar,True,347,2025-02-08,complete
2025-02-08,0.00,0.00,0,3472939.73,last_posted_transaction_or_prior_closing_balance,,trusted,gov_cn_2025_holiday_schedule_v1,base_calendar,True,348,2025-02-09,complete
2025-02-09,78272.54,0.00,2,3551212.27,last_posted_transaction_or_prior_closing_balance,synb1_txn_e4cd44f05360c9c79a80b657,trusted,historical_transaction_override,historical_transaction_override,True,349,2025-02-10,complete
2025-02-10,0.00,0.00,0,3551212.27,last_posted_transaction_or_prior_closing_balance,,trusted,weekday_rule,base_calendar,True,350,2025-02-11,complete
2025-02-11,69751.39,0.00,2,3620963.66,last_posted_transaction_or_prior_closing_balance,synb1_txn_c781f9ba85309d5b83ccfc94,trusted,weekday_rule,base_calendar,True,351,2025-02-12,complete
2025-02-12,19138.75,0.00,1,3640102.41,last_posted_transaction_or_prior_closing_balance,synb1_txn_586eef10b90f5dd4a1f5cbf0,trusted,weekday_rule,base_calendar,True,352,2025-02-13,complete
2025-02-13,96882.29,0.00,3,3736984.70,last_posted_transaction_or_prior_closing_balance,synb1_txn_705fba8bcead162a71ccced5,trusted,weekday_rule,base_calendar,True,353,2025-02-14,complete
2025-02-14,90564.03,0.00,2,3827548.73,last_posted_transaction_or_prior_closing_balance,synb1_txn_2ccc4c96395ded41aaba6ecd,trusted,weekday_rule,base_calendar,True,354,2025-02-15,complete
2025-02-15,24663.41,155067.17,2,3697144.97,last_posted_transaction_or_prior_closing_balance,synb1_txn_919fa5086e56e5e89d9be58a,trusted,historical_transaction_override,historical_transaction_override,True,355,2025-02-16,complete
2025-02-16,10526.32,0.00,1,3707671.29,last_posted_transaction_or_prior_closing_balance,synb1_txn_adbb6647a82d3291be59b6cd,trusted,historical_transaction_override,historical_transaction_override,True,356,2025-02-17,complete
2025-02-17,43625.11,0.00,1,3751296.40,last_posted_transaction_or_prior_closing_balance,synb1_txn_88a4ae80f3fba289711510ca,trusted,weekday_rule,base_calendar,True,357,2025-02-18,complete
2025-02-18,83718.26,0.00,2,3835014.66,last_posted_transaction_or_prior_closing_balance,synb1_txn_29ea102465ee1b98c6499ca9,trusted,weekday_rule,base_calendar,True,358,2025-02-19,complete
2025-02-19,31479.68,0.00,1,3866494.34,last_posted_transaction_or_prior_closing_balance,synb1_txn_03b13d3bd7612d5ab42fe79a,trusted,weekday_rule,base_calendar,True,359,2025-02-20,complete
2025-02-20,0.00,176212.71,1,3690281.63,last_posted_transaction_or_prior_closing_balance,synb1_txn_9b95544f4b0f59d52a090c15,trusted,weekday_rule,base_calendar,True,360,2025-02-21,complete
2025-02-21,0.00,0.00,0,3690281.63,last_posted_transaction_or_prior_closing_balance,,trusted,weekday_rule,base_calendar,True,361,2025-02-23,complete
2025-02-22,0.00,0.00,0,3690281.63,last_posted_transaction_or_prior_closing_balance,,trusted,weekday_rule,base_calendar,False,,,complete
2025-02-23,46391.13,105727.62,2,3630945.14,last_posted_transaction_or_prior_closing_balance,synb1_txn_de0eab929ec59aaeb39e1763,trusted,historical_transaction_override,historical_transaction_override,True,362,2025-02-24,complete
2025-02-24,0.00,0.00,0,3630945.14,last_posted_transaction_or_prior_closing_balance,,trusted,weekday_rule,base_calendar,True,363,2025-02-25,complete
2025-02-25,59330.14,40257.67,2,3650017.61,last_posted_transaction_or_prior_closing_balance,synb1_txn_69222f8e7597ea8f768443a8,trusted,weekday_rule,base_calendar,True,364,2025-02-26,complete
2025-02-26,0.00,0.00,0,3650017.61,last_posted_transaction_or_prior_closing_balance,,trusted,weekday_rule,base_calendar,True,365,2025-02-27,complete
2025-02-27,0.00,0.00,0,3650017.61,last_posted_transaction_or_prior_closing_balance,,trusted,weekday_rule,base_calendar,True,366,2025-02-28,complete
2025-02-28,0.00,34505.62,3,3615511.99,last_posted_transaction_or_prior_closing_balance,synb1_txn_2fb1d6bd53100237fea27f3d,trusted,weekday_rule,base_calendar,True,367,2025-03-01,complete
2025-03-01,29665.07,0.00,1,3645177.06,last_posted_transaction_or_prior_closing_balance,synb1_txn_e55aee65aabbd204846a3e6e,trusted,historical_transaction_override,historical_transaction_override,True,368,2025-03-03,complete
2025-03-02,0.00,0.00,0,3645177.06,last_posted_transaction_or_prior_closing_balance,,trusted,weekday_rule,base_calendar,False,,,complete
2025-03-03,67455.75,31847.34,2,3680785.47,last_posted_transaction_or_prior_closing_balance,synb1_txn_c51f8acedc2969bb9ce15698,trusted,weekday_rule,base_calendar,True,369,2025-03-04,complete
2025-03-04,0.00,0.00,0,3680785.47,last_posted_transaction_or_prior_closing_balance,,trusted,weekday_rule,base_calendar,True,370,2025-03-05,complete
2025-03-05,0.00,0.00,0,3680785.47,last_posted_transaction_or_prior_closing_balance,,trusted,weekday_rule,base_calendar,True,371,2025-03-06,complete
2025-03-06,0.00,0.00,0,3680785.47,last_posted_transaction_or_prior_closing_balance,,trusted,weekday_rule,base_calendar,True,372,2025-03-07,complete
2025-03-07,38916.79,127129.39,2,3592572.87,last_posted_transaction_or_prior_closing_balance,synb1_txn_ba3a9e601aa8f5a7559485b5,trusted,weekday_rule,base_calendar,True,373,2025-03-09,complete
2025-03-08,0.00,0.00,0,3592572.87,last_posted_transaction_or_prior_closing_balance,,trusted,weekday_rule,base_calendar,False,,,complete
2025-03-09,56985.29,0.00,1,3649558.16,last_posted_transaction_or_prior_closing_balance,synb1_txn_8658e26334cb3ef581720f0d,trusted,historical_transaction_override,historical_transaction_override,True,374,2025-03-10,complete
2025-03-10,0.00,81303.72,1,3568254.44,last_posted_transaction_or_prior_closing_balance,synb1_txn_ff172c1d260bb2724434a9fc,trusted,weekday_rule,base_calendar,True,375,2025-03-11,complete
2025-03-11,24313.72,0.00,1,3592568.16,last_posted_transaction_or_prior_closing_balance,synb1_txn_ca1bb5ce67f9d30870efa0bd,trusted,weekday_rule,base_calendar,True,376,2025-03-12,complete
2025-03-12,79715.87,0.00,2,3672284.03,last_posted_transaction_or_prior_closing_balance,synb1_txn_1677a4ca2ce40bc692cc8c1e,trusted,weekday_rule,base_calendar,True,377,2025-03-13,complete
2025-03-13,101213.64,0.00,3,3773497.67,last_posted_transaction_or_prior_closing_balance,synb1_txn_4427ea760a1013293b8e74c6,trusted,weekday_rule,base_calendar,True,378,2025-03-14,complete
2025-03-14,0.00,0.00,0,3773497.67,last_posted_transaction_or_prior_closing_balance,,trusted,weekday_rule,base_calendar,True,379,2025-03-15,complete
2025-03-15,45068.36,0.00,2,3818566.03,last_posted_transaction_or_prior_closing_balance,synb1_txn_f1f838e31a4f701f63c6df04,trusted,historical_transaction_override,historical_transaction_override,True,380,2025-03-16,complete
2025-03-16,76043.92,0.00,2,3894609.95,last_posted_transaction_or_prior_closing_balance,synb1_txn_3903b10f0094db5b564a0607,trusted,historical_transaction_override,historical_transaction_override,True,381,2025-03-17,complete
2025-03-17,46948.12,0.00,2,3941558.07,last_posted_transaction_or_prior_closing_balance,synb1_txn_534d8dc8cd44966b6aab1864,trusted,weekday_rule,base_calendar,True,382,2025-03-18,complete
2025-03-18,0.00,0.00,0,3941558.07,last_posted_transaction_or_prior_closing_balance,,trusted,weekday_rule,base_calendar,True,383,2025-03-19,complete
2025-03-19,64777.57,91466.69,3,3914868.95,last_posted_transaction_or_prior_closing_balance,synb1_txn_68b5c1836728b9572da772d1,trusted,weekday_rule,base_calendar,True,384,2025-03-20,complete
2025-03-20,28492.67,0.00,1,3943361.62,last_posted_transaction_or_prior_closing_balance,synb1_txn_1f49462c3a39a191acb33e3c,trusted,weekday_rule,base_calendar,True,385,2025-03-21,complete
2025-03-21,0.00,0.00,0,3943361.62,last_posted_transaction_or_prior_closing_balance,,trusted,weekday_rule,base_calendar,True,386,2025-03-23,complete
2025-03-22,0.00,0.00,0,3943361.62,last_posted_transaction_or_prior_closing_balance,,trusted,weekday_rule,base_calendar,False,,,complete
2025-03-23,40595.24,0.00,1,3983956.86,last_posted_transaction_or_prior_closing_balance,synb1_txn_ce51a4fd497a371841ae85e3,trusted,historical_transaction_override,historical_transaction_override,True,387,2025-03-24,complete
2025-03-24,28492.67,264237.09,2,3748212.44,last_posted_transaction_or_prior_closing_balance,synb1_txn_48a672080424f847c62cb4bc,trusted,weekday_rule,base_calendar,True,388,2025-03-25,complete
2025-03-25,0.00,40257.67,1,3707954.77,last_posted_transaction_or_prior_closing_balance,synb1_txn_0350469cc8785cede1b69628,trusted,weekday_rule,base_calendar,True,389,2025-03-26,complete
2025-03-26,0.00,0.00,0,3707954.77,last_posted_transaction_or_prior_closing_balance,,trusted,weekday_rule,base_calendar,True,390,2025-03-27,complete
2025-03-27,0.00,0.00,0,3707954.77,last_posted_transaction_or_prior_closing_balance,,trusted,weekday_rule,base_calendar,True,391,2025-03-28,complete
2025-03-28,39016.95,34505.62,4,3712466.10,last_posted_transaction_or_prior_closing_balance,synb1_txn_df88e30c50e53c9c91b39ec7,trusted,weekday_rule,base_calendar,True,392,2025-03-31,complete
2025-03-29,0.00,0.00,0,3712466.10,last_posted_transaction_or_prior_closing_balance,,trusted,weekday_rule,base_calendar,False,,,complete
2025-03-30,0.00,0.00,0,3712466.10,last_posted_transaction_or_prior_closing_balance,,trusted,weekday_rule,base_calendar,False,,,complete
2025-03-31,0.00,0.00,0,3712466.10,last_posted_transaction_or_prior_closing_balance,,trusted,weekday_rule,base_calendar,True,393,2025-04-01,complete
2025-04-01,36963.44,0.00,1,3749429.54,last_posted_transaction_or_prior_closing_balance,synb1_txn_6bb3f929a70c8bef700208fa,trusted,weekday_rule,base_calendar,True,394,2025-04-02,complete
2025-04-02,0.00,0.00,0,3749429.54,last_posted_transaction_or_prior_closing_balance,,trusted,weekday_rule,base_calendar,True,395,2025-04-03,complete
2025-04-03,0.00,31847.34,1,3717582.20,last_posted_transaction_or_prior_closing_balance,synb1_txn_e3eb1c898221a447f309ffab,trusted,weekday_rule,base_calendar,True,396,2025-04-06,complete
2025-04-04,0.00,0.00,0,3717582.20,last_posted_transaction_or_prior_closing_balance,,trusted,gov_cn_2025_holiday_schedule_v1,base_calendar,False,,,complete
2025-04-05,0.00,0.00,0,3717582.20,last_posted_transaction_or_prior_closing_balance,,trusted,gov_cn_2025_holiday_schedule_v1,base_calendar,False,,,complete
2025-04-06,21442.68,0.00,1,3739024.88,last_posted_transaction_or_prior_closing_balance,synb1_txn_389cd1ac972d41bffed7f763,trusted,historical_transaction_override,historical_transaction_override,True,397,2025-04-07,complete
2025-04-07,0.00,127129.39,1,3611895.49,last_posted_transaction_or_prior_closing_balance,synb1_txn_b1ba73b72a1dc133229fd0c0,trusted,weekday_rule,base_calendar,True,398,2025-04-08,complete
2025-04-08,0.00,0.00,0,3611895.49,last_posted_transaction_or_prior_closing_balance,,trusted,weekday_rule,base_calendar,True,399,2025-04-09,complete
2025-04-09,28552.63,0.00,1,3640448.12,last_posted_transaction_or_prior_closing_balance,synb1_txn_3af13ea9d3eef50b962bffa5,trusted,weekday_rule,base_calendar,True,400,2025-04-10,complete
2025-04-10,55608.03,0.00,2,3696056.15,last_posted_transaction_or_prior_closing_balance,synb1_txn_645b2f6e1c1508dee71c4056,trusted,weekday_rule,base_calendar,True,401,2025-04-11,complete
2025-04-11,0.00,0.00,0,3696056.15,last_posted_transaction_or_prior_closing_balance,,trusted,weekday_rule,base_calendar,True,402,2025-04-12,complete
2025-04-12,37314.81,0.00,1,3733370.96,last_posted_transaction_or_prior_closing_balance,synb1_txn_59daa681b281518c73f686fd,trusted,historical_transaction_override,historical_transaction_override,True,403,2025-04-13,complete
2025-04-13,48947.37,0.00,1,3782318.33,last_posted_transaction_or_prior_closing_balance,synb1_txn_76289125cd3c3650cbe5619b,trusted,historical_transaction_override,historical_transaction_override,True,404,2025-04-14,complete
2025-04-14,93555.68,0.00,2,3875874.01,last_posted_transaction_or_prior_closing_balance,synb1_txn_d1b60bbc786bb4a9f35c5c16,trusted,weekday_rule,base_calendar,True,405,2025-04-15,complete
2025-04-15,30781.43,0.00,1,3906655.44,last_posted_transaction_or_prior_closing_balance,synb1_txn_1a755893dea2e10ab61d269b,trusted,weekday_rule,base_calendar,True,406,2025-04-16,complete
2025-04-16,40185.19,187288.92,2,3759551.71,last_posted_transaction_or_prior_closing_balance,synb1_txn_b9b4d04a62a86bbe92b80bec,trusted,weekday_rule,base_calendar,True,407,2025-04-17,complete
2025-04-17,0.00,0.00,0,3759551.71,last_posted_transaction_or_prior_closing_balance,,trusted,weekday_rule,base_calendar,True,408,2025-04-18,complete
2025-04-18,86655.56,0.00,3,3846207.27,last_posted_transaction_or_prior_closing_balance,synb1_txn_804baedb17657bb45a1f7d42,trusted,weekday_rule,base_calendar,True,409,2025-04-19,complete
2025-04-19,56827.26,0.00,1,3903034.53,last_posted_transaction_or_prior_closing_balance,synb1_txn_83dbcdc8f947963b9e474913,trusted,historical_transaction_override,historical_transaction_override,True,410,2025-04-20,complete
2025-04-20,20217.39,0.00,1,3923251.92,last_posted_transaction_or_prior_closing_balance,synb1_txn_796900b2e278e3da7bace544,trusted,historical_transaction_override,historical_transaction_override,True,411,2025-04-21,complete
2025-04-21,0.00,0.00,0,3923251.92,last_posted_transaction_or_prior_closing_balance,,trusted,weekday_rule,base_calendar,True,412,2025-04-22,complete
2025-04-22,130238.01,249718.58,5,3803771.35,last_posted_transaction_or_prior_closing_balance,synb1_txn_770d0f3ae8d78c79a4df17bf,trusted,weekday_rule,base_calendar,True,413,2025-04-23,complete
2025-04-23,0.00,0.00,0,3803771.35,last_posted_transaction_or_prior_closing_balance,,trusted,weekday_rule,base_calendar,True,414,2025-04-24,complete
2025-04-24,40434.78,0.00,1,3844206.13,last_posted_transaction_or_prior_closing_balance,synb1_txn_4a146a790fb907597284d373,trusted,weekday_rule,base_calendar,True,415,2025-04-25,complete
2025-04-25,0.00,40257.67,1,3803948.46,last_posted_transaction_or_prior_closing_balance,synb1_txn_7d35b2746976f6e2e8232ac3,trusted,weekday_rule,base_calendar,True,416,2025-04-26,complete
2025-04-26,37065.22,0.00,1,3841013.68,last_posted_transaction_or_prior_closing_balance,synb1_txn_27b81a330c19bad1c7301668,trusted,historical_transaction_override,historical_transaction_override,True,417,2025-04-27,complete
2025-04-27,28079.73,0.00,1,3869093.41,last_posted_transaction_or_prior_closing_balance,synb1_txn_0a7cb148596f2fdee62378b6,trusted,gov_cn_2025_holiday_schedule_v1,base_calendar,True,418,2025-04-28,complete
2025-04-28,0.00,34505.62,3,3834587.79,last_posted_transaction_or_prior_closing_balance,synb1_txn_c365b193ed1ddf16b8d255d0,trusted,weekday_rule,base_calendar,True,419,2025-04-29,complete
2025-04-29,0.00,0.00,0,3834587.79,last_posted_transaction_or_prior_closing_balance,,trusted,weekday_rule,base_calendar,True,420,2025-04-30,complete
2025-04-30,0.00,0.00,0,3834587.79,last_posted_transaction_or_prior_closing_balance,,trusted,weekday_rule,base_calendar,True,421,2025-05-01,complete
2025-05-01,19094.23,0.00,1,3853682.02,last_posted_transaction_or_prior_closing_balance,synb1_txn_05054cc50313454b6fe0d0b0,trusted,historical_transaction_override,historical_transaction_override,True,422,2025-05-02,complete
2025-05-02,55092.27,0.00,1,3908774.29,last_posted_transaction_or_prior_closing_balance,synb1_txn_2a7fd174387f29eee9abbfdc,trusted,historical_transaction_override,historical_transaction_override,True,423,2025-05-03,complete
2025-05-03,0.00,31847.34,1,3876926.95,last_posted_transaction_or_prior_closing_balance,synb1_txn_db28ccc33bd762831a67efcb,trusted,historical_transaction_override,historical_transaction_override,True,424,2025-05-06,complete
2025-05-04,0.00,0.00,0,3876926.95,last_posted_transaction_or_prior_closing_balance,,trusted,gov_cn_2025_holiday_schedule_v1,base_calendar,False,,,complete
2025-05-05,0.00,0.00,0,3876926.95,last_posted_transaction_or_prior_closing_balance,,trusted,gov_cn_2025_holiday_schedule_v1,base_calendar,False,,,complete
2025-05-06,41319.21,0.00,1,3918246.16,last_posted_transaction_or_prior_closing_balance,synb1_txn_cbb884c57fec2595655c0b27,trusted,weekday_rule,base_calendar,True,425,2025-05-07,complete
2025-05-07,0.00,127129.39,1,3791116.77,last_posted_transaction_or_prior_closing_balance,synb1_txn_15a03b130b6cb72fee446d66,trusted,weekday_rule,base_calendar,True,426,2025-05-08,complete
2025-05-08,0.00,0.00,0,3791116.77,last_posted_transaction_or_prior_closing_balance,,trusted,weekday_rule,base_calendar,True,427,2025-05-09,complete
2025-05-09,0.00,0.00,0,3791116.77,last_posted_transaction_or_prior_closing_balance,,trusted,weekday_rule,base_calendar,True,428,2025-05-12,complete
2025-05-10,0.00,0.00,0,3791116.77,last_posted_transaction_or_prior_closing_balance,,trusted,weekday_rule,base_calendar,False,,,complete
2025-05-11,0.00,0.00,0,3791116.77,last_posted_transaction_or_prior_closing_balance,,trusted,weekday_rule,base_calendar,False,,,complete
2025-05-12,0.00,0.00,0,3791116.77,last_posted_transaction_or_prior_closing_balance,,trusted,weekday_rule,base_calendar,True,429,2025-05-13,complete
2025-05-13,0.00,325613.44,2,3465503.33,last_posted_transaction_or_prior_closing_balance,synb1_txn_cdd110163b466b3835dcac9a,trusted,weekday_rule,base_calendar,True,430,2025-05-14,complete
2025-05-14,15643.68,0.00,1,3481147.01,last_posted_transaction_or_prior_closing_balance,synb1_txn_fd51e299a319393e368d94dd,trusted,weekday_rule,base_calendar,True,431,2025-05-15,complete
2025-05-15,27953.62,0.00,1,3509100.63,last_posted_transaction_or_prior_closing_balance,synb1_txn_7ac8930e15974c14db9888f0,trusted,weekday_rule,base_calendar,True,432,2025-05-16,complete
2025-05-16,0.00,0.00,0,3509100.63,last_posted_transaction_or_prior_closing_balance,,trusted,weekday_rule,base_calendar,True,433,2025-05-17,complete
2025-05-17,49441.78,0.00,1,3558542.41,last_posted_transaction_or_prior_closing_balance,synb1_txn_7f58d37267440cb2adcc459e,trusted,historical_transaction_override,historical_transaction_override,True,434,2025-05-18,complete
2025-05-18,66272.36,0.00,2,3624814.77,last_posted_transaction_or_prior_closing_balance,synb1_txn_8fbf66e05217ca0d442911a8,trusted,historical_transaction_override,historical_transaction_override,True,435,2025-05-19,complete
2025-05-19,47136.08,111394.06,3,3560556.79,last_posted_transaction_or_prior_closing_balance,synb1_txn_ca40cb55279f8378aa9e0d50,trusted,weekday_rule,base_calendar,True,436,2025-05-20,complete
2025-05-20,0.00,0.00,0,3560556.79,last_posted_transaction_or_prior_closing_balance,,trusted,weekday_rule,base_calendar,True,437,2025-05-21,complete
2025-05-21,147818.65,0.00,3,3708375.44,last_posted_transaction_or_prior_closing_balance,synb1_txn_a1fa42acd9515de6d1f64750,trusted,weekday_rule,base_calendar,True,438,2025-05-22,complete
2025-05-22,61392.41,0.00,2,3769767.85,last_posted_transaction_or_prior_closing_balance,synb1_txn_9edd23cdf95eebaeb34f7f43,trusted,weekday_rule,base_calendar,True,439,2025-05-23,complete
2025-05-23,13905.50,0.00,1,3783673.35,last_posted_transaction_or_prior_closing_balance,synb1_txn_02144d444c0db409c9e559e8,trusted,weekday_rule,base_calendar,True,440,2025-05-25,complete
2025-05-24,0.00,0.00,0,3783673.35,last_posted_transaction_or_prior_closing_balance,,trusted,weekday_rule,base_calendar,False,,,complete
2025-05-25,66017.06,40257.67,3,3809432.74,last_posted_transaction_or_prior_closing_balance,synb1_txn_1f1cd39ef0c5efd788274caa,trusted,historical_transaction_override,historical_transaction_override,True,441,2025-05-26,complete
2025-05-26,23557.56,0.00,1,3832990.30,last_posted_transaction_or_prior_closing_balance,synb1_txn_43b4acf16464a6e01a94a546,trusted,weekday_rule,base_calendar,True,442,2025-05-27,complete
2025-05-27,58134.00,0.00,1,3891124.30,last_posted_transaction_or_prior_closing_balance,synb1_txn_c8388e908fe1804f25187d00,trusted,weekday_rule,base_calendar,True,443,2025-05-28,complete
2025-05-28,35158.60,34505.62,4,3891777.28,last_posted_transaction_or_prior_closing_balance,synb1_txn_b9d7c8545c6da785d75df685,trusted,weekday_rule,base_calendar,True,444,2025-05-29,complete
2025-05-29,0.00,0.00,0,3891777.28,last_posted_transaction_or_prior_closing_balance,,trusted,weekday_rule,base_calendar,True,445,2025-05-30,complete
2025-05-30,0.00,0.00,0,3891777.28,last_posted_transaction_or_prior_closing_balance,,trusted,weekday_rule,base_calendar,True,446,2025-05-31,complete
2025-05-31,41985.68,0.00,1,3933762.96,last_posted_transaction_or_prior_closing_balance,synb1_txn_d7dff7e3d6b565096a8ed5fc,trusted,historical_transaction_override,historical_transaction_override,True,447,2025-06-01,complete
2025-06-01,24171.54,0.00,1,3957934.50,last_posted_transaction_or_prior_closing_balance,synb1_txn_4b0bc25055ca363836733b15,trusted,historical_transaction_override,historical_transaction_override,True,448,2025-06-03,complete
2025-06-02,0.00,0.00,0,3957934.50,last_posted_transaction_or_prior_closing_balance,,trusted,gov_cn_2025_holiday_schedule_v1,base_calendar,False,,,complete
2025-06-03,56687.97,31847.34,2,3982775.13,last_posted_transaction_or_prior_closing_balance,synb1_txn_e3f5c00faf48903e7170e5bd,trusted,weekday_rule,base_calendar,True,449,2025-06-04,complete
2025-06-04,0.00,0.00,0,3982775.13,last_posted_transaction_or_prior_closing_balance,,trusted,weekday_rule,base_calendar,True,450,2025-06-05,complete
2025-06-05,0.00,0.00,0,3982775.13,last_posted_transaction_or_prior_closing_balance,,trusted,weekday_rule,base_calendar,True,451,2025-06-06,complete
2025-06-06,0.00,0.00,0,3982775.13,last_posted_transaction_or_prior_closing_balance,,trusted,weekday_rule,base_calendar,True,452,2025-06-07,complete
2025-06-07,30920.72,127129.39,2,3886566.46,last_posted_transaction_or_prior_closing_balance,synb1_txn_830bc0bddff5b5ebfd8fbcd5,trusted,historical_transaction_override,historical_transaction_override,True,453,2025-06-09,complete
2025-06-08,0.00,0.00,0,3886566.46,last_posted_transaction_or_prior_closing_balance,,trusted,weekday_rule,base_calendar,False,,,complete
2025-06-09,0.00,0.00,0,3886566.46,last_posted_transaction_or_prior_closing_balance,,trusted,weekday_rule,base_calendar,True,454,2025-06-10,complete
2025-06-10,0.00,0.00,0,3886566.46,last_posted_transaction_or_prior_closing_balance,,trusted,weekday_rule,base_calendar,True,455,2025-06-11,complete
2025-06-11,0.00,0.00,0,3886566.46,last_posted_transaction_or_prior_closing_balance,,trusted,weekday_rule,base_calendar,True,456,2025-06-12,complete
2025-06-12,20756.52,0.00,1,3907322.98,last_posted_transaction_or_prior_closing_balance,synb1_txn_b223728f3f4c597050b9943c,trusted,weekday_rule,base_calendar,True,457,2025-06-13,complete
2025-06-13,46674.71,0.00,1,3953997.69,last_posted_transaction_or_prior_closing_balance,synb1_txn_527da6a87714c830645e536b,trusted,weekday_rule,base_calendar,True,458,2025-06-14,complete
2025-06-14,0.00,145669.16,1,3808328.53,last_posted_transaction_or_prior_closing_balance,synb1_txn_20f77ef425e9ad70c7554cbc,trusted,historical_transaction_override,historical_transaction_override,True,459,2025-06-16,complete
2025-06-15,0.00,0.00,0,3808328.53,last_posted_transaction_or_prior_closing_balance,,trusted,weekday_rule,base_calendar,False,,,complete
2025-06-16,63741.80,0.00,2,3872070.33,last_posted_transaction_or_prior_closing_balance,synb1_txn_1fb3874adfeb7b8ca53ae239,trusted,weekday_rule,base_calendar,True,460,2025-06-17,complete
2025-06-17,51397.36,184003.15,3,3739464.54,last_posted_transaction_or_prior_closing_balance,synb1_txn_13e4650d914f6db56de4bd85,trusted,weekday_rule,base_calendar,True,461,2025-06-18,complete
2025-06-18,39311.58,0.00,1,3778776.12,last_posted_transaction_or_prior_closing_balance,synb1_txn_45115d0c144bbd669a46dab6,trusted,weekday_rule,base_calendar,True,462,2025-06-19,complete
2025-06-19,0.00,0.00,0,3778776.12,last_posted_transaction_or_prior_closing_balance,,trusted,weekday_rule,base_calendar,True,463,2025-06-20,complete
2025-06-20,53653.85,0.00,1,3832429.97,last_posted_transaction_or_prior_closing_balance,synb1_txn_03507ad541096a939628d381,trusted,weekday_rule,base_calendar,True,464,2025-06-21,complete
2025-06-21,26601.83,0.00,1,3859031.80,last_posted_transaction_or_prior_closing_balance,synb1_txn_2f83174727d500c44cb7ca3b,trusted,historical_transaction_override,historical_transaction_override,True,465,2025-06-22,complete
2025-06-22,72920.84,0.00,2,3931952.64,last_posted_transaction_or_prior_closing_balance,synb1_txn_5489873d3057382a375ca3a0,trusted,historical_transaction_override,historical_transaction_override,True,466,2025-06-23,complete
2025-06-23,0.00,0.00,0,3931952.64,last_posted_transaction_or_prior_closing_balance,,trusted,weekday_rule,base_calendar,True,467,2025-06-24,complete
2025-06-24,124939.09,0.00,3,4056891.73,last_posted_transaction_or_prior_closing_balance,synb1_txn_d51b4065d0a12147d14c89e6,trusted,weekday_rule,base_calendar,True,468,2025-06-25,complete
2025-06-25,0.00,40257.67,1,4016634.06,last_posted_transaction_or_prior_closing_balance,synb1_txn_ed21ad2efc4363d67c52cbfb,trusted,weekday_rule,base_calendar,True,469,2025-06-26,complete
2025-06-26,25919.74,107335.19,2,3935218.61,last_posted_transaction_or_prior_closing_balance,synb1_txn_829d3d5f0280e57606c72ebd,trusted,weekday_rule,base_calendar,True,470,2025-06-27,complete
2025-06-27,0.00,0.00,0,3935218.61,last_posted_transaction_or_prior_closing_balance,,trusted,weekday_rule,base_calendar,True,471,2025-06-28,complete
2025-06-28,119743.19,0.00,4,4054961.80,last_posted_transaction_or_prior_closing_balance,synb1_txn_b2ca528e679a0c058dc6883f,trusted,historical_transaction_override,historical_transaction_override,True,472,2025-06-30,complete
2025-06-29,0.00,0.00,0,4054961.80,last_posted_transaction_or_prior_closing_balance,,trusted,weekday_rule,base_calendar,False,,,complete
2025-06-30,0.00,34505.62,3,4020456.18,last_posted_transaction_or_prior_closing_balance,synb1_txn_61265ff11fcf996504176f76,trusted,weekday_rule,base_calendar,True,473,2025-07-01,complete
2025-07-01,0.00,0.00,0,4020456.18,last_posted_transaction_or_prior_closing_balance,,trusted,weekday_rule,base_calendar,True,474,2025-07-02,complete
2025-07-02,41730.80,0.00,1,4062186.98,last_posted_transaction_or_prior_closing_balance,synb1_txn_a6ae9891c8cf52d9889e13f4,trusted,weekday_rule,base_calendar,True,475,2025-07-03,complete
2025-07-03,5298.18,31847.34,2,4035637.82,last_posted_transaction_or_prior_closing_balance,synb1_txn_2fc87423af19e8ebc3653f11,trusted,weekday_rule,base_calendar,True,476,2025-07-04,complete
2025-07-04,0.00,0.00,0,4035637.82,last_posted_transaction_or_prior_closing_balance,,trusted,weekday_rule,base_calendar,True,477,2025-07-06,complete
2025-07-05,0.00,0.00,0,4035637.82,last_posted_transaction_or_prior_closing_balance,,trusted,weekday_rule,base_calendar,False,,,complete
2025-07-06,19230.43,0.00,1,4054868.25,last_posted_transaction_or_prior_closing_balance,synb1_txn_2d8c389f4e7c2fca1a2920d6,trusted,historical_transaction_override,historical_transaction_override,True,478,2025-07-07,complete
2025-07-07,10596.36,127129.39,2,3938335.22,last_posted_transaction_or_prior_closing_balance,synb1_txn_0eaa1049ee16f2a03322814d,trusted,weekday_rule,base_calendar,True,479,2025-07-08,complete
2025-07-08,0.00,0.00,0,3938335.22,last_posted_transaction_or_prior_closing_balance,,trusted,weekday_rule,base_calendar,True,480,2025-07-09,complete
2025-07-09,6571.40,0.00,1,3944906.62,last_posted_transaction_or_prior_closing_balance,synb1_txn_819a432c05dcbd8f4ac449d1,trusted,weekday_rule,base_calendar,True,481,2025-07-10,complete
2025-07-10,39568.99,0.00,2,3984475.61,last_posted_transaction_or_prior_closing_balance,synb1_txn_7651cc2d718fa5263f55a7c4,trusted,weekday_rule,base_calendar,True,482,2025-07-11,complete
2025-07-11,9202.10,0.00,1,3993677.71,last_posted_transaction_or_prior_closing_balance,synb1_txn_04915ca13482442e8ce7806c,trusted,weekday_rule,base_calendar,True,483,2025-07-12,complete
2025-07-12,23981.36,0.00,2,4017659.07,last_posted_transaction_or_prior_closing_balance,synb1_txn_d45a1352d8fcb5a6f808de72,trusted,historical_transaction_override,historical_transaction_override,True,484,2025-07-13,complete
2025-07-13,11089.25,0.00,1,4028748.32,last_posted_transaction_or_prior_closing_balance,synb1_txn_fb66c6b0a13645c403c5095a,trusted,historical_transaction_override,historical_transaction_override,True,485,2025-07-14,complete
2025-07-14,11843.00,0.00,1,4040591.32,last_posted_transaction_or_prior_closing_balance,synb1_txn_db936ca2f18b2418844c0d78,trusted,weekday_rule,base_calendar,True,486,2025-07-15,complete
2025-07-15,6692.44,0.00,1,4047283.76,last_posted_transaction_or_prior_closing_balance,synb1_txn_292948416f5f49dcf63dc7a4,trusted,weekday_rule,base_calendar,True,487,2025-07-16,complete
2025-07-16,29000.45,118306.68,4,3957977.53,last_posted_transaction_or_prior_closing_balance,synb1_txn_3d6c3173253d4dc63fb59256,trusted,weekday_rule,base_calendar,True,488,2025-07-17,complete
2025-07-17,0.00,0.00,0,3957977.53,last_posted_transaction_or_prior_closing_balance,,trusted,weekday_rule,base_calendar,True,489,2025-07-18,complete
2025-07-18,20980.79,0.00,1,3978958.32,last_posted_transaction_or_prior_closing_balance,synb1_txn_334143f8f14b26dad2d2a1a1,trusted,weekday_rule,base_calendar,True,490,2025-07-19,complete
2025-07-19,11904.55,46008.14,2,3944854.73,last_posted_transaction_or_prior_closing_balance,synb1_txn_c4593ff186e2a0428d939c34,trusted,historical_transaction_override,historical_transaction_override,True,491,2025-07-21,complete
2025-07-20,0.00,0.00,0,3944854.73,last_posted_transaction_or_prior_closing_balance,,trusted,weekday_rule,base_calendar,False,,,complete
2025-07-21,0.00,0.00,0,3944854.73,last_posted_transaction_or_prior_closing_balance,,trusted,weekday_rule,base_calendar,True,492,2025-07-22,complete
2025-07-22,17872.54,0.00,1,3962727.27,last_posted_transaction_or_prior_closing_balance,synb1_txn_d00b1736cd822b2b916a4142,trusted,weekday_rule,base_calendar,True,493,2025-07-23,complete
2025-07-23,12820.29,0.00,1,3975547.56,last_posted_transaction_or_prior_closing_balance,synb1_txn_d35cb5d6e486cf010d46523f,trusted,weekday_rule,base_calendar,True,494,2025-07-24,complete
2025-07-24,0.00,0.00,0,3975547.56,last_posted_transaction_or_prior_closing_balance,,trusted,weekday_rule,base_calendar,True,495,2025-07-25,complete
2025-07-25,0.00,40257.67,1,3935289.89,last_posted_transaction_or_prior_closing_balance,synb1_txn_e63dfec2c2664be65ba92966,trusted,weekday_rule,base_calendar,True,496,2025-07-27,complete
2025-07-26,0.00,0.00,0,3935289.89,last_posted_transaction_or_prior_closing_balance,,trusted,weekday_rule,base_calendar,False,,,complete
2025-07-27,16591.67,0.00,1,3951881.56,last_posted_transaction_or_prior_closing_balance,synb1_txn_3bfad4d3b3f6063971adeeba,trusted,historical_transaction_override,historical_transaction_override,True,497,2025-07-28,complete
2025-07-28,12362.42,34505.62,4,3929738.36,last_posted_transaction_or_prior_closing_balance,synb1_txn_4a3297e99292def7f841c4fa,trusted,weekday_rule,base_calendar,True,498,2025-07-29,complete
2025-07-29,0.00,0.00,0,3929738.36,last_posted_transaction_or_prior_closing_balance,,trusted,weekday_rule,base_calendar,True,499,2025-07-30,complete
2025-07-30,0.00,0.00,0,3929738.36,last_posted_transaction_or_prior_closing_balance,,trusted,weekday_rule,base_calendar,True,500,2025-07-31,complete
2025-07-31,13431.36,0.00,1,3943169.72,last_posted_transaction_or_prior_closing_balance,synb1_txn_f5c64157a02f4612c0d4e4be,trusted,weekday_rule,base_calendar,True,501,2025-08-01,complete
2025-08-01,12362.42,0.00,1,3955532.14,last_posted_transaction_or_prior_closing_balance,synb1_txn_59332e95ba1cfe9e78a02b06,trusted,weekday_rule,base_calendar,True,502,2025-08-03,complete
2025-08-02,0.00,0.00,0,3955532.14,last_posted_transaction_or_prior_closing_balance,,trusted,weekday_rule,base_calendar,False,,,complete
2025-08-03,0.00,31847.34,1,3923684.80,last_posted_transaction_or_prior_closing_balance,synb1_txn_18908b984c5a10a7c8751375,trusted,historical_transaction_override,historical_transaction_override,True,503,2025-08-04,complete
2025-08-04,0.00,0.00,0,3923684.80,last_posted_transaction_or_prior_closing_balance,,trusted,weekday_rule,base_calendar,True,504,2025-08-05,complete
2025-08-05,0.00,0.00,0,3923684.80,last_posted_transaction_or_prior_closing_balance,,trusted,weekday_rule,base_calendar,True,505,2025-08-06,complete
2025-08-06,0.00,0.00,0,3923684.80,last_posted_transaction_or_prior_closing_balance,,trusted,weekday_rule,base_calendar,True,506,2025-08-07,complete
2025-08-07,0.00,127129.39,1,3796555.41,last_posted_transaction_or_prior_closing_balance,synb1_txn_987edb94edb88b16eb995ee9,trusted,weekday_rule,base_calendar,True,507,2025-08-08,complete
2025-08-08,0.00,0.00,0,3796555.41,last_posted_transaction_or_prior_closing_balance,,trusted,weekday_rule,base_calendar,True,508,2025-08-09,complete
2025-08-09,9856.17,0.00,1,3806411.58,last_posted_transaction_or_prior_closing_balance,synb1_txn_dedc6b4775d67a2547c9174b,trusted,historical_transaction_override,historical_transaction_override,True,509,2025-08-10,complete
2025-08-10,0.00,50558.40,1,3755853.18,last_posted_transaction_or_prior_closing_balance,synb1_txn_78f403f2984464d7140a9278,trusted,historical_transaction_override,historical_transaction_override,True,510,2025-08-11,complete
2025-08-11,30958.91,0.00,2,3786812.09,last_posted_transaction_or_prior_closing_balance,synb1_txn_0915df16ae8489b769988123,trusted,weekday_rule,base_calendar,True,511,2025-08-12,complete
2025-08-12,42354.65,53086.34,3,3776080.40,last_posted_transaction_or_prior_closing_balance,synb1_txn_2aa8f1fd4bd4ea8924762edc,trusted,weekday_rule,base_calendar,True,512,2025-08-13,complete
2025-08-13,4713.83,0.00,1,3780794.23,last_posted_transaction_or_prior_closing_balance,synb1_txn_cfae0d8f3f953fefe0b83516,trusted,weekday_rule,base_calendar,True,513,2025-08-14,complete
2025-08-14,0.00,0.00,0,3780794.23,last_posted_transaction_or_prior_closing_balance,,trusted,weekday_rule,base_calendar,True,514,2025-08-15,complete
2025-08-15,32784.84,0.00,2,3813579.07,last_posted_transaction_or_prior_closing_balance,synb1_txn_92115a1f75bf67099be0dfd1,trusted,weekday_rule,base_calendar,True,515,2025-08-16,complete
2025-08-16,45793.85,0.00,3,3859372.92,last_posted_transaction_or_prior_closing_balance,synb1_txn_40177de300d25b764c15d50e,trusted,historical_transaction_override,historical_transaction_override,True,516,2025-08-18,complete
2025-08-17,0.00,0.00,0,3859372.92,last_posted_transaction_or_prior_closing_balance,,trusted,weekday_rule,base_calendar,False,,,complete
2025-08-18,9106.25,0.00,1,3868479.17,last_posted_transaction_or_prior_closing_balance,synb1_txn_41db50c978003801fad58af6,trusted,weekday_rule,base_calendar,True,517,2025-08-19,complete
2025-08-19,12176.35,0.00,1,3880655.52,last_posted_transaction_or_prior_closing_balance,synb1_txn_804bec03c6a45908bd842569,trusted,weekday_rule,base_calendar,True,518,2025-08-20,complete
2025-08-20,17614.08,0.00,2,3898269.60,last_posted_transaction_or_prior_closing_balance,synb1_txn_32ac8d358bfc2583dcaf82cd,trusted,weekday_rule,base_calendar,True,519,2025-08-21,complete
2025-08-21,11768.07,0.00,1,3910037.67,last_posted_transaction_or_prior_closing_balance,synb1_txn_dcebdc800a5744c8d1c6de9d,trusted,weekday_rule,base_calendar,True,520,2025-08-22,complete
2025-08-22,30961.25,0.00,2,3940998.92,last_posted_transaction_or_prior_closing_balance,synb1_txn_2f9b782cb7d7bec0e306e63e,trusted,weekday_rule,base_calendar,True,521,2025-08-23,complete
2025-08-23,4214.90,0.00,1,3945213.82,last_posted_transaction_or_prior_closing_balance,synb1_txn_6a8fe823a35d508ef7a77ae2,trusted,historical_transaction_override,historical_transaction_override,True,522,2025-08-24,complete
2025-08-24,7154.92,0.00,1,3952368.74,last_posted_transaction_or_prior_closing_balance,synb1_txn_a033f0892fcae56661a21f61,trusted,historical_transaction_override,historical_transaction_override,True,523,2025-08-25,complete
2025-08-25,10086.93,100927.75,3,3861527.92,last_posted_transaction_or_prior_closing_balance,synb1_txn_796b7ed80dc548502252471d,trusted,weekday_rule,base_calendar,True,524,2025-08-26,complete
2025-08-26,21855.00,0.00,1,3883382.92,last_posted_transaction_or_prior_closing_balance,synb1_txn_810772833de49e40c8308452,trusted,weekday_rule,base_calendar,True,525,2025-08-27,complete
2025-08-27,0.00,0.00,0,3883382.92,last_posted_transaction_or_prior_closing_balance,,trusted,weekday_rule,base_calendar,True,526,2025-08-28,complete
2025-08-28,0.00,3263.68,2,3880119.24,last_posted_transaction_or_prior_closing_balance,synb1_txn_2ffbf83be3c03aa0f6afbd87,trusted,weekday_rule,base_calendar,True,527,2025-08-29,complete
2025-08-29,0.00,0.00,0,3880119.24,last_posted_transaction_or_prior_closing_balance,,trusted,weekday_rule,base_calendar,True,528,2025-09-01,complete
2025-08-30,0.00,0.00,0,3880119.24,last_posted_transaction_or_prior_closing_balance,,trusted,weekday_rule,base_calendar,False,,,complete
2025-08-31,0.00,0.00,0,3880119.24,last_posted_transaction_or_prior_closing_balance,,trusted,weekday_rule,base_calendar,False,,,complete
2025-09-01,0.00,0.00,0,3880119.24,last_posted_transaction_or_prior_closing_balance,,trusted,weekday_rule,base_calendar,True,529,2025-09-02,complete
2025-09-02,0.00,0.00,0,3880119.24,last_posted_transaction_or_prior_closing_balance,,trusted,weekday_rule,base_calendar,True,530,2025-09-03,complete
2025-09-03,0.00,31847.34,1,3848271.90,last_posted_transaction_or_prior_closing_balance,synb1_txn_9443dfd4bf6535343250348b,trusted,weekday_rule,base_calendar,True,531,2025-09-04,complete
2025-09-04,0.00,0.00,0,3848271.90,last_posted_transaction_or_prior_closing_balance,,trusted,weekday_rule,base_calendar,True,532,2025-09-05,complete
2025-09-05,0.00,0.00,0,3848271.90,last_posted_transaction_or_prior_closing_balance,,trusted,weekday_rule,base_calendar,True,533,2025-09-07,complete
2025-09-06,0.00,0.00,0,3848271.90,last_posted_transaction_or_prior_closing_balance,,trusted,weekday_rule,base_calendar,False,,,complete
2025-09-07,0.00,127129.39,1,3721142.51,last_posted_transaction_or_prior_closing_balance,synb1_txn_a08d196ea9cce7fae80601a3,trusted,historical_transaction_override,historical_transaction_override,True,534,2025-09-08,complete
2025-09-08,0.00,0.00,0,3721142.51,last_posted_transaction_or_prior_closing_balance,,trusted,weekday_rule,base_calendar,True,535,2025-09-09,complete
2025-09-09,0.00,0.00,0,3721142.51,last_posted_transaction_or_prior_closing_balance,,trusted,weekday_rule,base_calendar,True,536,2025-09-10,complete
2025-09-10,14773.35,0.00,1,3735915.86,last_posted_transaction_or_prior_closing_balance,synb1_txn_27b17a30840884e17bb1ac19,trusted,weekday_rule,base_calendar,True,537,2025-09-11,complete
2025-09-11,10394.76,0.00,1,3746310.62,last_posted_transaction_or_prior_closing_balance,synb1_txn_c8eb03d89dfdb0f26f362a67,trusted,weekday_rule,base_calendar,True,538,2025-09-12,complete
2025-09-12,0.00,56763.30,1,3689547.32,last_posted_transaction_or_prior_closing_balance,synb1_txn_b174be400b1336c1d849adcd,trusted,weekday_rule,base_calendar,True,539,2025-09-14,complete
2025-09-13,0.00,0.00,0,3689547.32,last_posted_transaction_or_prior_closing_balance,,trusted,weekday_rule,base_calendar,False,,,complete
2025-09-14,9091.30,0.00,1,3698638.62,last_posted_transaction_or_prior_closing_balance,synb1_txn_0ec301dba9616cac01d21531,trusted,historical_transaction_override,historical_transaction_override,True,540,2025-09-15,complete
2025-09-15,20117.68,0.00,2,3718756.30,last_posted_transaction_or_prior_closing_balance,synb1_txn_857c1a1ef7bd898a327d08a0,trusted,weekday_rule,base_calendar,True,541,2025-09-16,complete
2025-09-16,30272.14,41825.59,3,3707202.85,last_posted_transaction_or_prior_closing_balance,synb1_txn_e2b508ce85c9a66f3e5b47bc,trusted,weekday_rule,base_calendar,True,542,2025-09-17,complete
2025-09-17,0.00,0.00,0,3707202.85,last_posted_transaction_or_prior_closing_balance,,trusted,weekday_rule,base_calendar,True,543,2025-09-18,complete
2025-09-18,27188.54,0.00,2,3734391.39,last_posted_transaction_or_prior_closing_balance,synb1_txn_524c1fbdcbc7373299b3abf3,trusted,weekday_rule,base_calendar,True,544,2025-09-19,complete
2025-09-19,19728.93,0.00,1,3754120.32,last_posted_transaction_or_prior_closing_balance,synb1_txn_3c9e5ef5c5abf8bc5b294820,trusted,weekday_rule,base_calendar,True,545,2025-09-20,complete
2025-09-20,41906.05,0.00,3,3796026.37,last_posted_transaction_or_prior_closing_balance,synb1_txn_3f147bb845255580fea45146,trusted,historical_transaction_override,historical_transaction_override,True,546,2025-09-21,complete
2025-09-21,21504.82,0.00,2,3817531.19,last_posted_transaction_or_prior_closing_balance,synb1_txn_4d39facf36707fcd271f0925,trusted,historical_transaction_override,historical_transaction_override,True,547,2025-09-22,complete
2025-09-22,28076.97,0.00,2,3845608.16,last_posted_transaction_or_prior_closing_balance,synb1_txn_9abbe174856399d9d6a1b607,trusted,weekday_rule,base_calendar,True,548,2025-09-23,complete
2025-09-23,0.00,0.00,0,3845608.16,last_posted_transaction_or_prior_closing_balance,,trusted,weekday_rule,base_calendar,True,549,2025-09-24,complete
2025-09-24,6952.01,65725.93,2,3786834.24,last_posted_transaction_or_prior_closing_balance,synb1_txn_d924a2e17526a1e20162f326,trusted,weekday_rule,base_calendar,True,550,2025-09-25,complete
2025-09-25,27480.52,40257.67,3,3774057.09,last_posted_transaction_or_prior_closing_balance,synb1_txn_c206a4af6437985df2923e32,trusted,weekday_rule,base_calendar,True,551,2025-09-26,complete
2025-09-26,0.00,0.00,0,3774057.09,last_posted_transaction_or_prior_closing_balance,,trusted,weekday_rule,base_calendar,True,552,2025-09-27,complete
2025-09-27,21418.69,0.00,1,3795475.78,last_posted_transaction_or_prior_closing_balance,synb1_txn_e30f6a0de1dedc8a4d718c0b,trusted,historical_transaction_override,historical_transaction_override,True,553,2025-09-28,complete
2025-09-28,0.00,3263.68,2,3792212.10,last_posted_transaction_or_prior_closing_balance,synb1_txn_fa7de2114e002d1c66c86ef3,trusted,gov_cn_2025_holiday_schedule_v1,base_calendar,True,554,2025-09-29,complete
2025-09-29,0.00,0.00,0,3792212.10,last_posted_transaction_or_prior_closing_balance,,trusted,weekday_rule,base_calendar,True,555,2025-09-30,complete
2025-09-30,0.00,0.00,0,3792212.10,last_posted_transaction_or_prior_closing_balance,,trusted,weekday_rule,base_calendar,True,556,2025-10-01,complete
2025-10-01,12494.24,0.00,1,3804706.34,last_posted_transaction_or_prior_closing_balance,synb1_txn_6874465a0f1cfb5f5efca6d7,trusted,historical_transaction_override,historical_transaction_override,True,557,2025-10-02,complete
2025-10-02,24302.80,0.00,1,3829009.14,last_posted_transaction_or_prior_closing_balance,synb1_txn_ccfed6a2ab2a01e32b6f3f34,trusted,historical_transaction_override,historical_transaction_override,True,558,2025-10-03,complete
2025-10-03,0.00,31847.34,1,3797161.80,last_posted_transaction_or_prior_closing_balance,synb1_txn_c9a9380860de8aef2dbd7817,trusted,historical_transaction_override,historical_transaction_override,True,559,2025-10-06,complete
2025-10-04,0.00,0.00,0,3797161.80,last_posted_transaction_or_prior_closing_balance,,trusted,gov_cn_2025_holiday_schedule_v1,base_calendar,False,,,complete
2025-10-05,0.00,0.00,0,3797161.80,last_posted_transaction_or_prior_closing_balance,,trusted,gov_cn_2025_holiday_schedule_v1,base_calendar,False,,,complete
2025-10-06,10936.26,0.00,1,3808098.06,last_posted_transaction_or_prior_closing_balance,synb1_txn_25d0a0cc2321831020d80538,trusted,historical_transaction_override,historical_transaction_override,True,560,2025-10-07,complete
2025-10-07,16583.08,127129.39,2,3697551.75,last_posted_transaction_or_prior_closing_balance,synb1_txn_e58621e55342c92462b317df,trusted,historical_transaction_override,historical_transaction_override,True,561,2025-10-08,complete
2025-10-08,13824.55,0.00,1,3711376.30,last_posted_transaction_or_prior_closing_balance,synb1_txn_bcb94c850d493b5efec2908e,trusted,historical_transaction_override,historical_transaction_override,True,562,2025-10-09,complete
2025-10-09,0.00,0.00,0,3711376.30,last_posted_transaction_or_prior_closing_balance,,trusted,weekday_rule,base_calendar,True,563,2025-10-10,complete
2025-10-10,11311.00,0.00,1,3722687.30,last_posted_transaction_or_prior_closing_balance,synb1_txn_70d05521d7c956157f8cbc73,trusted,weekday_rule,base_calendar,True,564,2025-10-11,complete
2025-10-11,18655.98,0.00,1,3741343.28,last_posted_transaction_or_prior_closing_balance,synb1_txn_faab840dc68eb5a4a5b7933f,trusted,gov_cn_2025_holiday_schedule_v1,base_calendar,True,565,2025-10-12,complete
2025-10-12,24275.83,0.00,2,3765619.11,last_posted_transaction_or_prior_closing_balance,synb1_txn_66409933b6e060dbe4f7e08c,trusted,historical_transaction_override,historical_transaction_override,True,566,2025-10-13,complete
2025-10-13,0.00,0.00,0,3765619.11,last_posted_transaction_or_prior_closing_balance,,trusted,weekday_rule,base_calendar,True,567,2025-10-14,complete
2025-10-14,28426.16,0.00,3,3794045.27,last_posted_transaction_or_prior_closing_balance,synb1_txn_9d6dd7b8a3c506dba29252c4,trusted,weekday_rule,base_calendar,True,568,2025-10-15,complete
2025-10-15,0.00,0.00,0,3794045.27,last_posted_transaction_or_prior_closing_balance,,trusted,weekday_rule,base_calendar,True,569,2025-10-16,complete
2025-10-16,12047.57,0.00,1,3806092.84,last_posted_transaction_or_prior_closing_balance,synb1_txn_4fbc0b680bab7f36c79b8780,trusted,weekday_rule,base_calendar,True,570,2025-10-17,complete
2025-10-17,0.00,51215.02,1,3754877.82,last_posted_transaction_or_prior_closing_balance,synb1_txn_8b290e7b746f09b334a54ba0,trusted,weekday_rule,base_calendar,True,571,2025-10-18,complete
2025-10-18,19898.18,59750.84,3,3715025.16,last_posted_transaction_or_prior_closing_balance,synb1_txn_bdb6afab686653f616a10265,trusted,historical_transaction_override,historical_transaction_override,True,572,2025-10-19,complete
2025-10-19,0.00,53348.96,1,3661676.20,last_posted_transaction_or_prior_closing_balance,synb1_txn_ac64f809fb452161ca9496fd,trusted,historical_transaction_override,historical_transaction_override,True,573,2025-10-20,complete
2025-10-20,33052.85,0.00,3,3694729.05,last_posted_transaction_or_prior_closing_balance,synb1_txn_3c64e40ee666ff6824b58ae8,trusted,weekday_rule,base_calendar,True,574,2025-10-21,complete
2025-10-21,0.00,0.00,0,3694729.05,last_posted_transaction_or_prior_closing_balance,,trusted,weekday_rule,base_calendar,True,575,2025-10-22,complete
2025-10-22,0.00,0.00,0,3694729.05,last_posted_transaction_or_prior_closing_balance,,trusted,weekday_rule,base_calendar,True,576,2025-10-23,complete
2025-10-23,0.00,0.00,0,3694729.05,last_posted_transaction_or_prior_closing_balance,,trusted,weekday_rule,base_calendar,True,577,2025-10-24,complete
2025-10-24,44202.02,0.00,3,3738931.07,last_posted_transaction_or_prior_closing_balance,synb1_txn_6642f4beb43ed707216c5f11,trusted,weekday_rule,base_calendar,True,578,2025-10-25,complete
2025-10-25,0.00,40257.67,1,3698673.40,last_posted_transaction_or_prior_closing_balance,synb1_txn_b37419f57e307241676f0e27,trusted,historical_transaction_override,historical_transaction_override,True,579,2025-10-26,complete
2025-10-26,18000.72,0.00,1,3716674.12,last_posted_transaction_or_prior_closing_balance,synb1_txn_a9cb4f900c37a18013bcc714,trusted,historical_transaction_override,historical_transaction_override,True,580,2025-10-27,complete
2025-10-27,0.00,0.00,0,3716674.12,last_posted_transaction_or_prior_closing_balance,,trusted,weekday_rule,base_calendar,True,581,2025-10-28,complete
2025-10-28,0.00,3263.68,2,3713410.44,last_posted_transaction_or_prior_closing_balance,synb1_txn_53df6f3a70fe931fc0ffcbac,trusted,weekday_rule,base_calendar,True,582,2025-10-29,complete
2025-10-29,0.00,0.00,0,3713410.44,last_posted_transaction_or_prior_closing_balance,,trusted,weekday_rule,base_calendar,True,583,2025-10-30,complete
2025-10-30,15883.00,0.00,1,3729293.44,last_posted_transaction_or_prior_closing_balance,synb1_txn_52da55827fddef738d7eaf0c,trusted,weekday_rule,base_calendar,True,584,2025-10-31,complete
2025-10-31,0.00,0.00,0,3729293.44,last_posted_transaction_or_prior_closing_balance,,trusted,weekday_rule,base_calendar,True,585,2025-11-03,complete
2025-11-01,0.00,0.00,0,3729293.44,last_posted_transaction_or_prior_closing_balance,,trusted,weekday_rule,base_calendar,False,,,complete
2025-11-02,0.00,0.00,0,3729293.44,last_posted_transaction_or_prior_closing_balance,,trusted,weekday_rule,base_calendar,False,,,complete
2025-11-03,0.00,31847.34,1,3697446.10,last_posted_transaction_or_prior_closing_balance,synb1_txn_ce97ac7db4ea86cdf8fe99ea,trusted,weekday_rule,base_calendar,True,586,2025-11-04,complete
2025-11-04,0.00,0.00,0,3697446.10,last_posted_transaction_or_prior_closing_balance,,trusted,weekday_rule,base_calendar,True,587,2025-11-05,complete
2025-11-05,0.00,0.00,0,3697446.10,last_posted_transaction_or_prior_closing_balance,,trusted,weekday_rule,base_calendar,True,588,2025-11-06,complete
2025-11-06,0.00,0.00,0,3697446.10,last_posted_transaction_or_prior_closing_balance,,trusted,weekday_rule,base_calendar,True,589,2025-11-07,complete
2025-11-07,0.00,127129.39,1,3570316.71,last_posted_transaction_or_prior_closing_balance,synb1_txn_fb3d8deece904217e70c9b72,trusted,weekday_rule,base_calendar,True,590,2025-11-10,complete
2025-11-08,0.00,0.00,0,3570316.71,last_posted_transaction_or_prior_closing_balance,,trusted,weekday_rule,base_calendar,False,,,complete
2025-11-09,0.00,0.00,0,3570316.71,last_posted_transaction_or_prior_closing_balance,,trusted,weekday_rule,base_calendar,False,,,complete
2025-11-10,7825.31,0.00,1,3578142.02,last_posted_transaction_or_prior_closing_balance,synb1_txn_49ccfbc3858e96a46f6288df,trusted,weekday_rule,base_calendar,True,591,2025-11-11,complete
2025-11-11,19688.59,0.00,2,3597830.61,last_posted_transaction_or_prior_closing_balance,synb1_txn_dcdd33ed6443064387b5e53b,trusted,weekday_rule,base_calendar,True,592,2025-11-12,complete
2025-11-12,0.00,0.00,0,3597830.61,last_posted_transaction_or_prior_closing_balance,,trusted,weekday_rule,base_calendar,True,593,2025-11-13,complete
2025-11-13,9598.15,0.00,1,3607428.76,last_posted_transaction_or_prior_closing_balance,synb1_txn_fa4460c1860fa4c83e965de3,trusted,weekday_rule,base_calendar,True,594,2025-11-14,complete
2025-11-14,38874.57,0.00,2,3646303.33,last_posted_transaction_or_prior_closing_balance,synb1_txn_ffeb04f459ef3c287ab9feb9,trusted,weekday_rule,base_calendar,True,595,2025-11-15,complete
2025-11-15,35212.85,0.00,2,3681516.18,last_posted_transaction_or_prior_closing_balance,synb1_txn_1c73f3997cbd24e90a74c3da,trusted,historical_transaction_override,historical_transaction_override,True,596,2025-11-17,complete
2025-11-16,0.00,0.00,0,3681516.18,last_posted_transaction_or_prior_closing_balance,,trusted,weekday_rule,base_calendar,False,,,complete
2025-11-17,11517.79,0.00,1,3693033.97,last_posted_transaction_or_prior_closing_balance,synb1_txn_0d4b07f8d76e61f5e4e128fa,trusted,weekday_rule,base_calendar,True,597,2025-11-18,complete
2025-11-18,11017.01,32061.42,2,3671989.56,last_posted_transaction_or_prior_closing_balance,synb1_txn_3431fc32be42390b62ad7b05,trusted,weekday_rule,base_calendar,True,598,2025-11-19,complete
2025-11-19,10511.04,0.00,1,3682500.60,last_posted_transaction_or_prior_closing_balance,synb1_txn_4bdc1b8ac8a6c02d6a743e09,trusted,weekday_rule,base_calendar,True,599,2025-11-20,complete
2025-11-20,11261.83,36069.12,2,3657693.31,last_posted_transaction_or_prior_closing_balance,synb1_txn_1ea86927277065a7ffcb4a3a,trusted,weekday_rule,base_calendar,True,600,2025-11-21,complete
2025-11-21,11691.97,0.00,1,3669385.28,last_posted_transaction_or_prior_closing_balance,synb1_txn_11f519d8826c171ca23b888f,trusted,weekday_rule,base_calendar,True,601,2025-11-22,complete
2025-11-22,15533.56,96184.28,2,3588734.56,last_posted_transaction_or_prior_closing_balance,synb1_txn_790c2813e427cffa2abe3862,trusted,historical_transaction_override,historical_transaction_override,True,602,2025-11-23,complete
2025-11-23,9197.17,0.00,1,3597931.73,last_posted_transaction_or_prior_closing_balance,synb1_txn_352c65fa3ab9e4c71d19404f,trusted,historical_transaction_override,historical_transaction_override,True,603,2025-11-24,complete
2025-11-24,22523.67,0.00,1,3620455.40,last_posted_transaction_or_prior_closing_balance,synb1_txn_9ea45b359ca8941afa94aea2,trusted,weekday_rule,base_calendar,True,604,2025-11-25,complete
2025-11-25,6608.51,40257.67,2,3586806.24,last_posted_transaction_or_prior_closing_balance,synb1_txn_ba9c7b2eae78c188247cc3f3,trusted,weekday_rule,base_calendar,True,605,2025-11-26,complete
2025-11-26,21067.43,0.00,2,3607873.67,last_posted_transaction_or_prior_closing_balance,synb1_txn_42b69eb565e5a9ce0c4d5874,trusted,weekday_rule,base_calendar,True,606,2025-11-27,complete
2025-11-27,0.00,0.00,0,3607873.67,last_posted_transaction_or_prior_closing_balance,,trusted,weekday_rule,base_calendar,True,607,2025-11-28,complete
2025-11-28,14491.33,3263.68,3,3619101.32,last_posted_transaction_or_prior_closing_balance,synb1_txn_08a457e0853f8de7d7d335d2,trusted,weekday_rule,base_calendar,True,608,2025-11-30,complete
2025-11-29,0.00,0.00,0,3619101.32,last_posted_transaction_or_prior_closing_balance,,trusted,weekday_rule,base_calendar,False,,,complete
2025-11-30,14077.32,0.00,1,3633178.64,last_posted_transaction_or_prior_closing_balance,synb1_txn_af2bc9314ccb2fabf311b939,trusted,historical_transaction_override,historical_transaction_override,True,609,2025-12-01,complete
2025-12-01,0.00,0.00,0,3633178.64,last_posted_transaction_or_prior_closing_balance,,trusted,weekday_rule,base_calendar,True,610,2025-12-02,complete
2025-12-02,26189.65,0.00,2,3659368.29,last_posted_transaction_or_prior_closing_balance,synb1_txn_496f7722a5e46b136432cdf2,trusted,weekday_rule,base_calendar,True,611,2025-12-03,complete
2025-12-03,0.00,31847.34,1,3627520.95,last_posted_transaction_or_prior_closing_balance,synb1_txn_27981b3ce660516b48ed048f,trusted,weekday_rule,base_calendar,True,612,2025-12-04,complete
2025-12-04,0.00,0.00,0,3627520.95,last_posted_transaction_or_prior_closing_balance,,trusted,weekday_rule,base_calendar,True,613,2025-12-05,complete
2025-12-05,0.00,0.00,0,3627520.95,last_posted_transaction_or_prior_closing_balance,,trusted,weekday_rule,base_calendar,True,614,2025-12-06,complete
2025-12-06,10975.52,0.00,1,3638496.47,last_posted_transaction_or_prior_closing_balance,synb1_txn_8d78d32f9f5ffe1d3af22aa4,trusted,historical_transaction_override,historical_transaction_override,True,615,2025-12-07,complete
2025-12-07,0.00,127129.39,1,3511367.08,last_posted_transaction_or_prior_closing_balance,synb1_txn_25b204bcf57f56e3f7ab1d8b,trusted,historical_transaction_override,historical_transaction_override,True,616,2025-12-08,complete
2025-12-08,0.00,0.00,0,3511367.08,last_posted_transaction_or_prior_closing_balance,,trusted,weekday_rule,base_calendar,True,617,2025-12-09,complete
2025-12-09,0.00,0.00,0,3511367.08,last_posted_transaction_or_prior_closing_balance,,trusted,weekday_rule,base_calendar,True,618,2025-12-10,complete
2025-12-10,10371.85,0.00,1,3521738.93,last_posted_transaction_or_prior_closing_balance,synb1_txn_a4d54095093dd2d37d2920be,trusted,weekday_rule,base_calendar,True,619,2025-12-11,complete
2025-12-11,15365.72,0.00,1,3537104.65,last_posted_transaction_or_prior_closing_balance,synb1_txn_85a8f17d4be829edc006b60b,trusted,weekday_rule,base_calendar,True,620,2025-12-12,complete
2025-12-12,0.00,0.00,0,3537104.65,last_posted_transaction_or_prior_closing_balance,,trusted,weekday_rule,base_calendar,True,621,2025-12-14,complete
2025-12-13,0.00,0.00,0,3537104.65,last_posted_transaction_or_prior_closing_balance,,trusted,weekday_rule,base_calendar,False,,,complete
2025-12-14,4445.09,50558.40,2,3490991.34,last_posted_transaction_or_prior_closing_balance,synb1_txn_3ff91af1a15ce76138df797c,trusted,historical_transaction_override,historical_transaction_override,True,622,2025-12-15,complete
2025-12-15,7682.86,0.00,1,3498674.20,last_posted_transaction_or_prior_closing_balance,synb1_txn_c030dbd7eb71a2a7dc1612ac,trusted,weekday_rule,base_calendar,True,623,2025-12-16,complete
2025-12-16,0.00,0.00,0,3498674.20,last_posted_transaction_or_prior_closing_balance,,trusted,weekday_rule,base_calendar,True,624,2025-12-17,complete
2025-12-17,7704.80,0.00,1,3506379.00,last_posted_transaction_or_prior_closing_balance,synb1_txn_0c5391793d99673e909aa2eb,trusted,weekday_rule,base_calendar,True,625,2025-12-18,complete
2025-12-18,12682.81,50558.40,2,3468503.41,last_posted_transaction_or_prior_closing_balance,synb1_txn_37d583e79128e0db88a680bd,trusted,weekday_rule,base_calendar,True,626,2025-12-19,complete
2025-12-19,0.00,0.00,0,3468503.41,last_posted_transaction_or_prior_closing_balance,,trusted,weekday_rule,base_calendar,True,627,2025-12-20,complete
2025-12-20,26568.36,0.00,1,3495071.77,last_posted_transaction_or_prior_closing_balance,synb1_txn_c1a997332646ba86a558befb,trusted,historical_transaction_override,historical_transaction_override,True,628,2025-12-21,complete
2025-12-21,7112.14,0.00,1,3502183.91,last_posted_transaction_or_prior_closing_balance,synb1_txn_0b43860f1ca8416680a48ab1,trusted,historical_transaction_override,historical_transaction_override,True,629,2025-12-22,complete
2025-12-22,27955.48,0.00,2,3530139.39,last_posted_transaction_or_prior_closing_balance,synb1_txn_1f14c4da4ad9ece062b6dfb0,trusted,weekday_rule,base_calendar,True,630,2025-12-23,complete
2025-12-23,0.00,0.00,0,3530139.39,last_posted_transaction_or_prior_closing_balance,,trusted,weekday_rule,base_calendar,True,631,2025-12-24,complete
2025-12-24,73105.07,0.00,4,3603244.46,last_posted_transaction_or_prior_closing_balance,synb1_txn_a54a1376662500a041f2f857,trusted,weekday_rule,base_calendar,True,632,2025-12-25,complete
2025-12-25,0.00,103455.69,2,3499788.77,last_posted_transaction_or_prior_closing_balance,synb1_txn_19e4117979a4efd26eda870c,trusted,weekday_rule,base_calendar,True,633,2025-12-26,complete
2025-12-26,10397.86,0.00,1,3510186.63,last_posted_transaction_or_prior_closing_balance,synb1_txn_fc5b5a601ea90f8e7128fa89,trusted,weekday_rule,base_calendar,True,634,2025-12-27,complete
2025-12-27,8864.83,0.00,1,3519051.46,last_posted_transaction_or_prior_closing_balance,synb1_txn_88796b692b809be9fe7b81ac,trusted,historical_transaction_override,historical_transaction_override,True,635,2025-12-28,complete
2025-12-28,55081.42,0.00,3,3574132.88,last_posted_transaction_or_prior_closing_balance,synb1_txn_6eddc8d30494d1510481118d,trusted,historical_transaction_override,historical_transaction_override,True,636,2025-12-29,complete
2025-12-29,0.00,3263.68,2,3570869.20,last_posted_transaction_or_prior_closing_balance,synb1_txn_647d4cf906b977f4877dcba0,trusted,weekday_rule,base_calendar,True,637,2025-12-30,complete
2025-12-30,0.00,0.00,0,3570869.20,last_posted_transaction_or_prior_closing_balance,,trusted,weekday_rule,base_calendar,True,638,2025-12-31,complete
2025-12-31,7598.44,0.00,1,3578467.64,last_posted_transaction_or_prior_closing_balance,synb1_txn_ef32c7c58f984d0208f6f378,trusted,weekday_rule,base_calendar,True,639,2026-01-04,complete
