calendar_date,inflow_cny,outflow_cny,transaction_count,ending_balance_cny,day_cut_basis,source_last_transaction_id,reconciliation_status,calendar_source,calendar_inference_status,is_bank_workday,business_step,target_date,execution_status
2024-01-01,1680000.00,0.00,1,1680000.00,last_posted_transaction_or_prior_closing_balance,synb1_txn_5dd63c36e9222bed6ae3d757,trusted,cn_public_2022_2026_cycles_1_0,public_schedule_without_transaction_override,False,,,complete
2024-01-02,2605.58,0.00,1,1682605.58,last_posted_transaction_or_prior_closing_balance,synb1_txn_b1a3a7921b5df9475e834f87,trusted,cn_public_2022_2026_cycles_1_0,public_schedule_without_transaction_override,True,1,2024-01-03,complete
2024-01-03,0.00,0.00,0,1682605.58,last_posted_transaction_or_prior_closing_balance,,trusted,cn_public_2022_2026_cycles_1_0,public_schedule_without_transaction_override,True,2,2024-01-04,complete
2024-01-04,0.00,0.00,0,1682605.58,last_posted_transaction_or_prior_closing_balance,,trusted,cn_public_2022_2026_cycles_1_0,public_schedule_without_transaction_override,True,3,2024-01-05,complete
2024-01-05,73607.36,5800.00,3,1750412.94,last_posted_transaction_or_prior_closing_balance,synb1_txn_a1f9212827b0c68e6ca09e1d,trusted,cn_public_2022_2026_cycles_1_0,public_schedule_without_transaction_override,True,4,2024-01-08,complete
2024-01-06,0.00,887.76,1,1749525.18,last_posted_transaction_or_prior_closing_balance,synb1_txn_76ab119eee790b390aed8eeb,trusted,cn_public_2022_2026_cycles_1_0,public_schedule_without_transaction_override,False,,,complete
2024-01-07,0.00,25000.00,1,1724525.18,last_posted_transaction_or_prior_closing_balance,synb1_txn_299df630c8bd161e5a1f8708,trusted,cn_public_2022_2026_cycles_1_0,public_schedule_without_transaction_override,False,,,complete
2024-01-08,0.00,0.00,0,1724525.18,last_posted_transaction_or_prior_closing_balance,,trusted,cn_public_2022_2026_cycles_1_0,public_schedule_without_transaction_override,True,5,2024-01-09,complete
2024-01-09,0.00,4451.08,1,1720074.10,last_posted_transaction_or_prior_closing_balance,synb1_txn_b91735ee986f39ce55d27bba,trusted,cn_public_2022_2026_cycles_1_0,public_schedule_without_transaction_override,True,6,2024-01-10,complete
2024-01-10,210.61,39651.89,2,1680632.82,last_posted_transaction_or_prior_closing_balance,synb1_txn_847149ee5da868c8e876840d,trusted,cn_public_2022_2026_cycles_1_0,public_schedule_without_transaction_override,True,7,2024-01-11,complete
2024-01-11,0.00,0.00,0,1680632.82,last_posted_transaction_or_prior_closing_balance,,trusted,cn_public_2022_2026_cycles_1_0,public_schedule_without_transaction_override,True,8,2024-01-12,complete
2024-01-12,0.00,0.00,0,1680632.82,last_posted_transaction_or_prior_closing_balance,,trusted,cn_public_2022_2026_cycles_1_0,public_schedule_without_transaction_override,True,9,2024-01-15,complete
2024-01-13,0.00,0.00,0,1680632.82,last_posted_transaction_or_prior_closing_balance,,trusted,cn_public_2022_2026_cycles_1_0,public_schedule_without_transaction_override,False,,,complete
2024-01-14,0.00,131011.09,2,1549621.73,last_posted_transaction_or_prior_closing_balance,synb1_txn_cfe606f3b7818581ce2736f5,trusted,cn_public_2022_2026_cycles_1_0,public_schedule_without_transaction_override,False,,,complete
2024-01-15,118405.13,798.87,3,1667227.99,last_posted_transaction_or_prior_closing_balance,synb1_txn_d360f263240d4b95b6232b45,trusted,cn_public_2022_2026_cycles_1_0,public_schedule_without_transaction_override,True,10,2024-01-16,complete
2024-01-16,0.00,0.00,0,1667227.99,last_posted_transaction_or_prior_closing_balance,,trusted,cn_public_2022_2026_cycles_1_0,public_schedule_without_transaction_override,True,11,2024-01-17,complete
2024-01-17,3929.01,0.00,1,1671157.00,last_posted_transaction_or_prior_closing_balance,synb1_txn_3a28d28587627a2e986bb78f,trusted,cn_public_2022_2026_cycles_1_0,public_schedule_without_transaction_override,True,12,2024-01-18,complete
2024-01-18,0.00,0.00,0,1671157.00,last_posted_transaction_or_prior_closing_balance,,trusted,cn_public_2022_2026_cycles_1_0,public_schedule_without_transaction_override,True,13,2024-01-19,complete
2024-01-19,0.00,0.00,0,1671157.00,last_posted_transaction_or_prior_closing_balance,,trusted,cn_public_2022_2026_cycles_1_0,public_schedule_without_transaction_override,True,14,2024-01-22,complete
2024-01-20,0.00,0.00,0,1671157.00,last_posted_transaction_or_prior_closing_balance,,trusted,cn_public_2022_2026_cycles_1_0,public_schedule_without_transaction_override,False,,,complete
2024-01-21,270.93,0.00,1,1671427.93,last_posted_transaction_or_prior_closing_balance,synb1_txn_79ae2fc46c97ad86b8a19e6a,trusted,cn_public_2022_2026_cycles_1_0,public_schedule_without_transaction_override,False,,,complete
2024-01-22,0.00,60000.00,1,1611427.93,last_posted_transaction_or_prior_closing_balance,synb1_txn_e1158cb9662aa105206a7625,trusted,cn_public_2022_2026_cycles_1_0,public_schedule_without_transaction_override,True,15,2024-01-23,complete
2024-01-23,0.00,0.00,0,1611427.93,last_posted_transaction_or_prior_closing_balance,,trusted,cn_public_2022_2026_cycles_1_0,public_schedule_without_transaction_override,True,16,2024-01-24,complete
2024-01-24,0.00,0.00,0,1611427.93,last_posted_transaction_or_prior_closing_balance,,trusted,cn_public_2022_2026_cycles_1_0,public_schedule_without_transaction_override,True,17,2024-01-25,complete
2024-01-25,0.00,1472.16,1,1609955.77,last_posted_transaction_or_prior_closing_balance,synb1_txn_465e6bdff49a0dc8e4055566,trusted,cn_public_2022_2026_cycles_1_0,public_schedule_without_transaction_override,True,18,2024-01-26,complete
2024-01-26,0.00,0.00,0,1609955.77,last_posted_transaction_or_prior_closing_balance,,trusted,cn_public_2022_2026_cycles_1_0,public_schedule_without_transaction_override,True,19,2024-01-29,complete
2024-01-27,23511.38,29082.95,2,1604384.20,last_posted_transaction_or_prior_closing_balance,synb1_txn_a715f12fb8c1021dd4ad4bc9,trusted,cn_public_2022_2026_cycles_1_0,public_schedule_without_transaction_override,False,,,complete
2024-01-28,0.00,0.00,0,1604384.20,last_posted_transaction_or_prior_closing_balance,,trusted,cn_public_2022_2026_cycles_1_0,public_schedule_without_transaction_override,False,,,complete
2024-01-29,0.00,0.00,0,1604384.20,last_posted_transaction_or_prior_closing_balance,,trusted,cn_public_2022_2026_cycles_1_0,public_schedule_without_transaction_override,True,20,2024-01-30,complete
2024-01-30,0.00,0.00,0,1604384.20,last_posted_transaction_or_prior_closing_balance,,trusted,cn_public_2022_2026_cycles_1_0,public_schedule_without_transaction_override,True,21,2024-01-31,complete
2024-01-31,0.00,0.00,0,1604384.20,last_posted_transaction_or_prior_closing_balance,,trusted,cn_public_2022_2026_cycles_1_0,public_schedule_without_transaction_override,True,22,2024-02-01,complete
2024-02-01,0.00,0.00,0,1604384.20,last_posted_transaction_or_prior_closing_balance,,trusted,cn_public_2022_2026_cycles_1_0,public_schedule_without_transaction_override,True,23,2024-02-02,complete
2024-02-02,0.00,0.00,0,1604384.20,last_posted_transaction_or_prior_closing_balance,,trusted,cn_public_2022_2026_cycles_1_0,public_schedule_without_transaction_override,True,24,2024-02-04,complete
2024-02-03,6581.44,0.00,1,1610965.64,last_posted_transaction_or_prior_closing_balance,synb1_txn_05d24ae8d8e201003f072f7e,trusted,cn_public_2022_2026_cycles_1_0,public_schedule_without_transaction_override,False,,,complete
2024-02-04,0.00,49782.46,1,1561183.18,last_posted_transaction_or_prior_closing_balance,synb1_txn_db95b94790aacbd24a08c869,trusted,cn_public_2022_2026_cycles_1_0,public_schedule_without_transaction_override,True,25,2024-02-05,complete
2024-02-05,0.00,6085.63,2,1555097.55,last_posted_transaction_or_prior_closing_balance,synb1_txn_f35481906f4dd2bf62c4f29e,trusted,cn_public_2022_2026_cycles_1_0,public_schedule_without_transaction_override,True,26,2024-02-06,complete
2024-02-06,3473.01,0.00,1,1558570.56,last_posted_transaction_or_prior_closing_balance,synb1_txn_8a3b9d1afdfa21d9f7e3872e,trusted,cn_public_2022_2026_cycles_1_0,public_schedule_without_transaction_override,True,27,2024-02-07,complete
2024-02-07,41719.26,25000.00,2,1575289.82,last_posted_transaction_or_prior_closing_balance,synb1_txn_cdc1a1cadc0ad3ba9a8fc1d8,trusted,cn_public_2022_2026_cycles_1_0,public_schedule_without_transaction_override,True,28,2024-02-08,complete
2024-02-08,0.00,0.00,0,1575289.82,last_posted_transaction_or_prior_closing_balance,,trusted,cn_public_2022_2026_cycles_1_0,public_schedule_without_transaction_override,True,29,2024-02-09,complete
2024-02-09,0.00,0.00,0,1575289.82,last_posted_transaction_or_prior_closing_balance,,trusted,cn_public_2022_2026_cycles_1_0,public_schedule_without_transaction_override,True,30,2024-02-18,complete
2024-02-10,0.00,2216.35,2,1573073.47,last_posted_transaction_or_prior_closing_balance,synb1_txn_c43f72c820893276f4f30204,trusted,cn_public_2022_2026_cycles_1_0,public_schedule_without_transaction_override,False,,,complete
2024-02-11,33389.81,2955.73,2,1603507.55,last_posted_transaction_or_prior_closing_balance,synb1_txn_12267ea13354874954fa1c8f,trusted,cn_public_2022_2026_cycles_1_0,public_schedule_without_transaction_override,False,,,complete
2024-02-12,0.00,0.00,0,1603507.55,last_posted_transaction_or_prior_closing_balance,,trusted,cn_public_2022_2026_cycles_1_0,public_schedule_without_transaction_override,False,,,complete
2024-02-13,0.00,47396.25,1,1556111.30,last_posted_transaction_or_prior_closing_balance,synb1_txn_a0545f141971d88f12c876f2,trusted,cn_public_2022_2026_cycles_1_0,public_schedule_without_transaction_override,False,,,complete
2024-02-14,19227.90,41950.19,3,1533389.01,last_posted_transaction_or_prior_closing_balance,synb1_txn_ac281e4ee3327facd9552164,trusted,cn_public_2022_2026_cycles_1_0,public_schedule_without_transaction_override,False,,,complete
2024-02-15,0.00,0.00,0,1533389.01,last_posted_transaction_or_prior_closing_balance,,trusted,cn_public_2022_2026_cycles_1_0,public_schedule_without_transaction_override,False,,,complete
2024-02-16,25449.10,0.00,1,1558838.11,last_posted_transaction_or_prior_closing_balance,synb1_txn_6c5ef33f292c13c0586596dc,trusted,cn_public_2022_2026_cycles_1_0,public_schedule_without_transaction_override,False,,,complete
2024-02-17,6704.90,22638.92,2,1542904.09,last_posted_transaction_or_prior_closing_balance,synb1_txn_699dc7c89593d5bda12efec1,trusted,cn_public_2022_2026_cycles_1_0,public_schedule_without_transaction_override,False,,,complete
2024-02-18,0.00,22183.85,4,1520720.24,last_posted_transaction_or_prior_closing_balance,synb1_txn_2f9ef1c4988033e39f1b8ff8,trusted,cn_public_2022_2026_cycles_1_0,public_schedule_without_transaction_override,True,31,2024-02-19,complete
2024-02-19,14349.52,0.00,1,1535069.76,last_posted_transaction_or_prior_closing_balance,synb1_txn_04d6128059ec9094626e3b0b,trusted,cn_public_2022_2026_cycles_1_0,public_schedule_without_transaction_override,True,32,2024-02-20,complete
2024-02-20,0.00,54090.29,2,1480979.47,last_posted_transaction_or_prior_closing_balance,synb1_txn_b822a3f8d37eb09fdd4c2d5c,trusted,cn_public_2022_2026_cycles_1_0,public_schedule_without_transaction_override,True,33,2024-02-21,complete
2024-02-21,21694.57,41354.26,3,1461319.78,last_posted_transaction_or_prior_closing_balance,synb1_txn_995bf36c1cb648508c78ebff,trusted,cn_public_2022_2026_cycles_1_0,public_schedule_without_transaction_override,True,34,2024-02-22,complete
2024-02-22,52799.27,0.00,1,1514119.05,last_posted_transaction_or_prior_closing_balance,synb1_txn_de30d1e8458c33defb4a7a91,trusted,cn_public_2022_2026_cycles_1_0,public_schedule_without_transaction_override,True,35,2024-02-23,complete
2024-02-23,0.00,0.00,0,1514119.05,last_posted_transaction_or_prior_closing_balance,,trusted,cn_public_2022_2026_cycles_1_0,public_schedule_without_transaction_override,True,36,2024-02-26,complete
2024-02-24,0.00,15569.91,1,1498549.14,last_posted_transaction_or_prior_closing_balance,synb1_txn_af415618a367c57fc98e1538,trusted,cn_public_2022_2026_cycles_1_0,public_schedule_without_transaction_override,False,,,complete
2024-02-25,4673.36,1838.02,2,1501384.48,last_posted_transaction_or_prior_closing_balance,synb1_txn_39c164c6cb721f117ec2c9f8,trusted,cn_public_2022_2026_cycles_1_0,public_schedule_without_transaction_override,False,,,complete
2024-02-26,64585.87,0.00,2,1565970.35,last_posted_transaction_or_prior_closing_balance,synb1_txn_e33daa58e4400ea6749d807a,trusted,cn_public_2022_2026_cycles_1_0,public_schedule_without_transaction_override,True,37,2024-02-27,complete
2024-02-27,7101.75,0.00,1,1573072.10,last_posted_transaction_or_prior_closing_balance,synb1_txn_4c8bc37e7e0dedcc26f5f762,trusted,cn_public_2022_2026_cycles_1_0,public_schedule_without_transaction_override,True,38,2024-02-28,complete
2024-02-28,27570.24,0.00,2,1600642.34,last_posted_transaction_or_prior_closing_balance,synb1_txn_a0a3ef5702242fd767ba2dbe,trusted,cn_public_2022_2026_cycles_1_0,public_schedule_without_transaction_override,True,39,2024-02-29,complete
2024-02-29,0.00,0.00,0,1600642.34,last_posted_transaction_or_prior_closing_balance,,trusted,cn_public_2022_2026_cycles_1_0,public_schedule_without_transaction_override,True,40,2024-03-01,complete
2024-03-01,0.00,0.00,0,1600642.34,last_posted_transaction_or_prior_closing_balance,,trusted,cn_public_2022_2026_cycles_1_0,public_schedule_without_transaction_override,True,41,2024-03-04,complete
2024-03-02,0.00,1466.02,1,1599176.32,last_posted_transaction_or_prior_closing_balance,synb1_txn_fed014900113bfc7756ac924,trusted,cn_public_2022_2026_cycles_1_0,public_schedule_without_transaction_override,False,,,complete
2024-03-03,0.00,9492.88,1,1589683.44,last_posted_transaction_or_prior_closing_balance,synb1_txn_be8e20763c853bee07049526,trusted,cn_public_2022_2026_cycles_1_0,public_schedule_without_transaction_override,False,,,complete
2024-03-04,0.00,0.00,0,1589683.44,last_posted_transaction_or_prior_closing_balance,,trusted,cn_public_2022_2026_cycles_1_0,public_schedule_without_transaction_override,True,42,2024-03-05,complete
2024-03-05,0.00,74231.48,2,1515451.96,last_posted_transaction_or_prior_closing_balance,synb1_txn_d589a49a96b30c1fe1aee84a,trusted,cn_public_2022_2026_cycles_1_0,public_schedule_without_transaction_override,True,43,2024-03-06,complete
2024-03-06,0.00,0.00,0,1515451.96,last_posted_transaction_or_prior_closing_balance,,trusted,cn_public_2022_2026_cycles_1_0,public_schedule_without_transaction_override,True,44,2024-03-07,complete
2024-03-07,0.00,25000.00,1,1490451.96,last_posted_transaction_or_prior_closing_balance,synb1_txn_211118bfe489561bccf46bc5,trusted,cn_public_2022_2026_cycles_1_0,public_schedule_without_transaction_override,True,45,2024-03-08,complete
2024-03-08,0.00,0.00,0,1490451.96,last_posted_transaction_or_prior_closing_balance,,trusted,cn_public_2022_2026_cycles_1_0,public_schedule_without_transaction_override,True,46,2024-03-11,complete
2024-03-09,0.00,0.00,0,1490451.96,last_posted_transaction_or_prior_closing_balance,,trusted,cn_public_2022_2026_cycles_1_0,public_schedule_without_transaction_override,False,,,complete
2024-03-10,91162.14,8304.27,4,1573309.83,last_posted_transaction_or_prior_closing_balance,synb1_txn_e8ef03fcbf3fd414e41b6075,trusted,cn_public_2022_2026_cycles_1_0,public_schedule_without_transaction_override,False,,,complete
2024-03-11,38054.53,4209.88,4,1607154.48,last_posted_transaction_or_prior_closing_balance,synb1_txn_74b55a65906d66d26cea8160,trusted,cn_public_2022_2026_cycles_1_0,public_schedule_without_transaction_override,True,47,2024-03-12,complete
2024-03-12,0.00,0.00,0,1607154.48,last_posted_transaction_or_prior_closing_balance,,trusted,cn_public_2022_2026_cycles_1_0,public_schedule_without_transaction_override,True,48,2024-03-13,complete
2024-03-13,0.00,542.38,1,1606612.10,last_posted_transaction_or_prior_closing_balance,synb1_txn_37690697c8e5f7eee93c2ffb,trusted,cn_public_2022_2026_cycles_1_0,public_schedule_without_transaction_override,True,49,2024-03-14,complete
2024-03-14,0.00,0.00,0,1606612.10,last_posted_transaction_or_prior_closing_balance,,trusted,cn_public_2022_2026_cycles_1_0,public_schedule_without_transaction_override,True,50,2024-03-15,complete
2024-03-15,0.00,0.00,0,1606612.10,last_posted_transaction_or_prior_closing_balance,,trusted,cn_public_2022_2026_cycles_1_0,public_schedule_without_transaction_override,True,51,2024-03-18,complete
2024-03-16,0.00,0.00,0,1606612.10,last_posted_transaction_or_prior_closing_balance,,trusted,cn_public_2022_2026_cycles_1_0,public_schedule_without_transaction_override,False,,,complete
2024-03-17,0.00,0.00,0,1606612.10,last_posted_transaction_or_prior_closing_balance,,trusted,cn_public_2022_2026_cycles_1_0,public_schedule_without_transaction_override,False,,,complete
2024-03-18,0.00,17248.98,4,1589363.12,last_posted_transaction_or_prior_closing_balance,synb1_txn_06ac5b5bff89d5c624d75cee,trusted,cn_public_2022_2026_cycles_1_0,public_schedule_without_transaction_override,True,52,2024-03-19,complete
2024-03-19,29598.94,0.00,1,1618962.06,last_posted_transaction_or_prior_closing_balance,synb1_txn_02b966760445105d7b96fa7e,trusted,cn_public_2022_2026_cycles_1_0,public_schedule_without_transaction_override,True,53,2024-03-20,complete
2024-03-20,0.00,52982.12,1,1565979.94,last_posted_transaction_or_prior_closing_balance,synb1_txn_f95d288a2ee13bd2693f1aec,trusted,cn_public_2022_2026_cycles_1_0,public_schedule_without_transaction_override,True,54,2024-03-21,complete
2024-03-21,0.00,0.00,0,1565979.94,last_posted_transaction_or_prior_closing_balance,,trusted,cn_public_2022_2026_cycles_1_0,public_schedule_without_transaction_override,True,55,2024-03-22,complete
2024-03-22,87459.60,9489.69,2,1643949.85,last_posted_transaction_or_prior_closing_balance,synb1_txn_b42173eb5db485068152e8bd,trusted,cn_public_2022_2026_cycles_1_0,public_schedule_without_transaction_override,True,56,2024-03-25,complete
2024-03-23,0.00,0.00,0,1643949.85,last_posted_transaction_or_prior_closing_balance,,trusted,cn_public_2022_2026_cycles_1_0,public_schedule_without_transaction_override,False,,,complete
2024-03-24,0.00,0.00,0,1643949.85,last_posted_transaction_or_prior_closing_balance,,trusted,cn_public_2022_2026_cycles_1_0,public_schedule_without_transaction_override,False,,,complete
2024-03-25,0.00,0.00,0,1643949.85,last_posted_transaction_or_prior_closing_balance,,trusted,cn_public_2022_2026_cycles_1_0,public_schedule_without_transaction_override,True,57,2024-03-26,complete
2024-03-26,0.00,29613.83,3,1614336.02,last_posted_transaction_or_prior_closing_balance,synb1_txn_84755e5a84f26e763e3dcf67,trusted,cn_public_2022_2026_cycles_1_0,public_schedule_without_transaction_override,True,58,2024-03-27,complete
2024-03-27,27961.58,0.00,2,1642297.60,last_posted_transaction_or_prior_closing_balance,synb1_txn_21e7e4b9407a0a4357949c20,trusted,cn_public_2022_2026_cycles_1_0,public_schedule_without_transaction_override,True,59,2024-03-28,complete
2024-03-28,4083.21,0.00,1,1646380.81,last_posted_transaction_or_prior_closing_balance,synb1_txn_34a83fe0b97a6fd4c0e8eb4c,trusted,cn_public_2022_2026_cycles_1_0,public_schedule_without_transaction_override,True,60,2024-03-29,complete
2024-03-29,0.00,0.00,0,1646380.81,last_posted_transaction_or_prior_closing_balance,,trusted,cn_public_2022_2026_cycles_1_0,public_schedule_without_transaction_override,True,61,2024-04-01,complete
2024-03-30,0.00,0.00,0,1646380.81,last_posted_transaction_or_prior_closing_balance,,trusted,cn_public_2022_2026_cycles_1_0,public_schedule_without_transaction_override,False,,,complete
2024-03-31,0.00,0.00,0,1646380.81,last_posted_transaction_or_prior_closing_balance,,trusted,cn_public_2022_2026_cycles_1_0,public_schedule_without_transaction_override,False,,,complete
2024-04-01,0.00,0.00,0,1646380.81,last_posted_transaction_or_prior_closing_balance,,trusted,cn_public_2022_2026_cycles_1_0,public_schedule_without_transaction_override,True,62,2024-04-02,complete
2024-04-02,0.00,0.00,0,1646380.81,last_posted_transaction_or_prior_closing_balance,,trusted,cn_public_2022_2026_cycles_1_0,public_schedule_without_transaction_override,True,63,2024-04-03,complete
2024-04-03,0.00,1743.90,1,1644636.91,last_posted_transaction_or_prior_closing_balance,synb1_txn_1afa5b123801d86e2ad8918f,trusted,cn_public_2022_2026_cycles_1_0,public_schedule_without_transaction_override,True,64,2024-04-07,complete
2024-04-04,0.00,0.00,0,1644636.91,last_posted_transaction_or_prior_closing_balance,,trusted,cn_public_2022_2026_cycles_1_0,public_schedule_without_transaction_override,False,,,complete
2024-04-05,18653.02,5800.00,2,1657489.93,last_posted_transaction_or_prior_closing_balance,synb1_txn_23fd6ca59506d5ecf5fe6c94,trusted,cn_public_2022_2026_cycles_1_0,public_schedule_without_transaction_override,False,,,complete
2024-04-06,0.00,11986.46,2,1645503.47,last_posted_transaction_or_prior_closing_balance,synb1_txn_8ef59f21146d346aaf638e70,trusted,cn_public_2022_2026_cycles_1_0,public_schedule_without_transaction_override,False,,,complete
2024-04-07,0.00,25000.00,1,1620503.47,last_posted_transaction_or_prior_closing_balance,synb1_txn_77f3d97536d18b3f2187e0e8,trusted,cn_public_2022_2026_cycles_1_0,public_schedule_without_transaction_override,True,65,2024-04-08,complete
2024-04-08,0.00,11999.63,1,1608503.84,last_posted_transaction_or_prior_closing_balance,synb1_txn_b8818024107a4a42c073a744,trusted,cn_public_2022_2026_cycles_1_0,public_schedule_without_transaction_override,True,66,2024-04-09,complete
2024-04-09,0.00,0.00,0,1608503.84,last_posted_transaction_or_prior_closing_balance,,trusted,cn_public_2022_2026_cycles_1_0,public_schedule_without_transaction_override,True,67,2024-04-10,complete
2024-04-10,0.00,1261.64,1,1607242.20,last_posted_transaction_or_prior_closing_balance,synb1_txn_9da4b167a87b3cc2be94d0b7,trusted,cn_public_2022_2026_cycles_1_0,public_schedule_without_transaction_override,True,68,2024-04-11,complete
2024-04-11,46706.23,0.00,1,1653948.43,last_posted_transaction_or_prior_closing_balance,synb1_txn_3346da1c8739fa9776fc1c8f,trusted,cn_public_2022_2026_cycles_1_0,public_schedule_without_transaction_override,True,69,2024-04-12,complete
2024-04-12,0.00,3109.16,1,1650839.27,last_posted_transaction_or_prior_closing_balance,synb1_txn_1bdb6a71bd7ac365968122a3,trusted,cn_public_2022_2026_cycles_1_0,public_schedule_without_transaction_override,True,70,2024-04-15,complete
2024-04-13,13985.65,13297.25,2,1651527.67,last_posted_transaction_or_prior_closing_balance,synb1_txn_d76a8030f2d2e7434629f206,trusted,cn_public_2022_2026_cycles_1_0,public_schedule_without_transaction_override,False,,,complete
2024-04-14,0.00,707.85,1,1650819.82,last_posted_transaction_or_prior_closing_balance,synb1_txn_2d59c1b840e5eec82b1d64d2,trusted,cn_public_2022_2026_cycles_1_0,public_schedule_without_transaction_override,False,,,complete
2024-04-15,0.00,0.00,0,1650819.82,last_posted_transaction_or_prior_closing_balance,,trusted,cn_public_2022_2026_cycles_1_0,public_schedule_without_transaction_override,True,71,2024-04-16,complete
2024-04-16,16417.07,0.00,1,1667236.89,last_posted_transaction_or_prior_closing_balance,synb1_txn_a8dc6cfc176c64d02d9fb181,trusted,cn_public_2022_2026_cycles_1_0,public_schedule_without_transaction_override,True,72,2024-04-17,complete
2024-04-17,8316.15,2116.18,2,1673436.86,last_posted_transaction_or_prior_closing_balance,synb1_txn_759e9ca94a45ed19bc9a18a8,trusted,cn_public_2022_2026_cycles_1_0,public_schedule_without_transaction_override,True,73,2024-04-18,complete
2024-04-18,9937.49,12816.75,5,1670557.60,last_posted_transaction_or_prior_closing_balance,synb1_txn_726cecdd9baf6364c4d61046,trusted,cn_public_2022_2026_cycles_1_0,public_schedule_without_transaction_override,True,74,2024-04-19,complete
2024-04-19,49638.84,0.00,1,1720196.44,last_posted_transaction_or_prior_closing_balance,synb1_txn_5e896b85381ac9b224edeea6,trusted,cn_public_2022_2026_cycles_1_0,public_schedule_without_transaction_override,True,75,2024-04-22,complete
2024-04-20,0.00,0.00,0,1720196.44,last_posted_transaction_or_prior_closing_balance,,trusted,cn_public_2022_2026_cycles_1_0,public_schedule_without_transaction_override,False,,,complete
2024-04-21,0.00,3243.45,1,1716952.99,last_posted_transaction_or_prior_closing_balance,synb1_txn_d839ac2588f5ebcbb6e0a99d,trusted,cn_public_2022_2026_cycles_1_0,public_schedule_without_transaction_override,False,,,complete
2024-04-22,0.00,0.00,0,1716952.99,last_posted_transaction_or_prior_closing_balance,,trusted,cn_public_2022_2026_cycles_1_0,public_schedule_without_transaction_override,True,76,2024-04-23,complete
2024-04-23,0.00,0.00,0,1716952.99,last_posted_transaction_or_prior_closing_balance,,trusted,cn_public_2022_2026_cycles_1_0,public_schedule_without_transaction_override,True,77,2024-04-24,complete
2024-04-24,11359.89,0.00,2,1728312.88,last_posted_transaction_or_prior_closing_balance,synb1_txn_e82617b4004e867a73e2b418,trusted,cn_public_2022_2026_cycles_1_0,public_schedule_without_transaction_override,True,78,2024-04-25,complete
2024-04-25,2046.30,4193.02,2,1726166.16,last_posted_transaction_or_prior_closing_balance,synb1_txn_705e17fada56bcf2464bbaf7,trusted,cn_public_2022_2026_cycles_1_0,public_schedule_without_transaction_override,True,79,2024-04-26,complete
2024-04-26,0.00,52171.67,2,1673994.49,last_posted_transaction_or_prior_closing_balance,synb1_txn_3aef5d36addbb25f82d591d7,trusted,cn_public_2022_2026_cycles_1_0,public_schedule_without_transaction_override,True,80,2024-04-28,complete
2024-04-27,3959.36,8247.10,2,1669706.75,last_posted_transaction_or_prior_closing_balance,synb1_txn_cb0ba31f63cf9f3cd2e3de73,trusted,cn_public_2022_2026_cycles_1_0,public_schedule_without_transaction_override,False,,,complete
2024-04-28,0.00,900.09,1,1668806.66,last_posted_transaction_or_prior_closing_balance,synb1_txn_24e289f21ca7d1fc6610d237,trusted,cn_public_2022_2026_cycles_1_0,public_schedule_without_transaction_override,True,81,2024-04-29,complete
2024-04-29,0.00,0.00,0,1668806.66,last_posted_transaction_or_prior_closing_balance,,trusted,cn_public_2022_2026_cycles_1_0,public_schedule_without_transaction_override,True,82,2024-04-30,complete
2024-04-30,0.00,0.00,0,1668806.66,last_posted_transaction_or_prior_closing_balance,,trusted,cn_public_2022_2026_cycles_1_0,public_schedule_without_transaction_override,True,83,2024-05-06,complete
2024-05-01,0.00,0.00,0,1668806.66,last_posted_transaction_or_prior_closing_balance,,trusted,cn_public_2022_2026_cycles_1_0,public_schedule_without_transaction_override,False,,,complete
2024-05-02,2217.72,0.00,1,1671024.38,last_posted_transaction_or_prior_closing_balance,synb1_txn_1ba1fa67002f88f4fa795fe9,trusted,cn_public_2022_2026_cycles_1_0,public_schedule_without_transaction_override,False,,,complete
2024-05-03,5259.49,0.00,1,1676283.87,last_posted_transaction_or_prior_closing_balance,synb1_txn_c3a93c8869d9f332668ec6d9,trusted,cn_public_2022_2026_cycles_1_0,public_schedule_without_transaction_override,False,,,complete
2024-05-04,0.00,597.26,1,1675686.61,last_posted_transaction_or_prior_closing_balance,synb1_txn_9568a2bd88f1e78ccaa34644,trusted,cn_public_2022_2026_cycles_1_0,public_schedule_without_transaction_override,False,,,complete
2024-05-05,0.00,12295.99,2,1663390.62,last_posted_transaction_or_prior_closing_balance,synb1_txn_dd833b70d4df50e173739e4d,trusted,cn_public_2022_2026_cycles_1_0,public_schedule_without_transaction_override,False,,,complete
2024-05-06,0.00,6028.33,2,1657362.29,last_posted_transaction_or_prior_closing_balance,synb1_txn_3265c2c758dde6f89063117a,trusted,cn_public_2022_2026_cycles_1_0,public_schedule_without_transaction_override,True,84,2024-05-07,complete
2024-05-07,180.03,112243.83,5,1545298.49,last_posted_transaction_or_prior_closing_balance,synb1_txn_1186701642c6dbe320dce313,trusted,cn_public_2022_2026_cycles_1_0,public_schedule_without_transaction_override,True,85,2024-05-08,complete
2024-05-08,0.00,0.00,0,1545298.49,last_posted_transaction_or_prior_closing_balance,,trusted,cn_public_2022_2026_cycles_1_0,public_schedule_without_transaction_override,True,86,2024-05-09,complete
2024-05-09,0.00,0.00,0,1545298.49,last_posted_transaction_or_prior_closing_balance,,trusted,cn_public_2022_2026_cycles_1_0,public_schedule_without_transaction_override,True,87,2024-05-10,complete
2024-05-10,0.00,0.00,0,1545298.49,last_posted_transaction_or_prior_closing_balance,,trusted,cn_public_2022_2026_cycles_1_0,public_schedule_without_transaction_override,True,88,2024-05-11,complete
2024-05-11,0.00,0.00,0,1545298.49,last_posted_transaction_or_prior_closing_balance,,trusted,cn_public_2022_2026_cycles_1_0,public_schedule_without_transaction_override,True,89,2024-05-13,complete
2024-05-12,6271.31,0.00,1,1551569.80,last_posted_transaction_or_prior_closing_balance,synb1_txn_0c88ce6c1b2cdddb90cfbf46,trusted,cn_public_2022_2026_cycles_1_0,public_schedule_without_transaction_override,False,,,complete
2024-05-13,0.00,0.00,0,1551569.80,last_posted_transaction_or_prior_closing_balance,,trusted,cn_public_2022_2026_cycles_1_0,public_schedule_without_transaction_override,True,90,2024-05-14,complete
2024-05-14,0.00,7899.26,1,1543670.54,last_posted_transaction_or_prior_closing_balance,synb1_txn_f5d516f84a51406750b279c3,trusted,cn_public_2022_2026_cycles_1_0,public_schedule_without_transaction_override,True,91,2024-05-15,complete
2024-05-15,25785.00,0.02,2,1569455.52,last_posted_transaction_or_prior_closing_balance,synb1_txn_8285e6191c8f91d3e1258b6c,trusted,cn_public_2022_2026_cycles_1_0,public_schedule_without_transaction_override,True,92,2024-05-16,complete
2024-05-16,3853.05,0.00,1,1573308.57,last_posted_transaction_or_prior_closing_balance,synb1_txn_0a44868126a5c763efce54bc,trusted,cn_public_2022_2026_cycles_1_0,public_schedule_without_transaction_override,True,93,2024-05-17,complete
2024-05-17,0.00,0.00,0,1573308.57,last_posted_transaction_or_prior_closing_balance,,trusted,cn_public_2022_2026_cycles_1_0,public_schedule_without_transaction_override,True,94,2024-05-20,complete
2024-05-18,9754.42,54996.12,3,1528066.87,last_posted_transaction_or_prior_closing_balance,synb1_txn_6d2873e08b3076a371e607d8,trusted,cn_public_2022_2026_cycles_1_0,public_schedule_without_transaction_override,False,,,complete
2024-05-19,0.00,0.00,0,1528066.87,last_posted_transaction_or_prior_closing_balance,,trusted,cn_public_2022_2026_cycles_1_0,public_schedule_without_transaction_override,False,,,complete
2024-05-20,2185.79,4807.49,6,1525445.17,last_posted_transaction_or_prior_closing_balance,synb1_txn_f380b9101694196b0484bace,trusted,cn_public_2022_2026_cycles_1_0,public_schedule_without_transaction_override,True,95,2024-05-21,complete
2024-05-21,0.00,0.00,0,1525445.17,last_posted_transaction_or_prior_closing_balance,,trusted,cn_public_2022_2026_cycles_1_0,public_schedule_without_transaction_override,True,96,2024-05-22,complete
2024-05-22,4609.89,0.00,1,1530055.06,last_posted_transaction_or_prior_closing_balance,synb1_txn_d1220599b0180a295944a066,trusted,cn_public_2022_2026_cycles_1_0,public_schedule_without_transaction_override,True,97,2024-05-23,complete
2024-05-23,0.00,188.20,1,1529866.86,last_posted_transaction_or_prior_closing_balance,synb1_txn_9212030c0d6337868d954873,trusted,cn_public_2022_2026_cycles_1_0,public_schedule_without_transaction_override,True,98,2024-05-24,complete
2024-05-24,0.00,0.00,0,1529866.86,last_posted_transaction_or_prior_closing_balance,,trusted,cn_public_2022_2026_cycles_1_0,public_schedule_without_transaction_override,True,99,2024-05-27,complete
2024-05-25,0.00,0.00,0,1529866.86,last_posted_transaction_or_prior_closing_balance,,trusted,cn_public_2022_2026_cycles_1_0,public_schedule_without_transaction_override,False,,,complete
2024-05-26,74840.24,0.00,2,1604707.10,last_posted_transaction_or_prior_closing_balance,synb1_txn_36c1626012b8c292b043be4b,trusted,cn_public_2022_2026_cycles_1_0,public_schedule_without_transaction_override,False,,,complete
2024-05-27,1749.24,0.00,1,1606456.34,last_posted_transaction_or_prior_closing_balance,synb1_txn_6ff8f718b3b92fa8574825c8,trusted,cn_public_2022_2026_cycles_1_0,public_schedule_without_transaction_override,True,100,2024-05-28,complete
2024-05-28,91013.82,0.00,2,1697470.16,last_posted_transaction_or_prior_closing_balance,synb1_txn_dc64f3f80ebcb57479101c2e,trusted,cn_public_2022_2026_cycles_1_0,public_schedule_without_transaction_override,True,101,2024-05-29,complete
2024-05-29,0.00,0.00,0,1697470.16,last_posted_transaction_or_prior_closing_balance,,trusted,cn_public_2022_2026_cycles_1_0,public_schedule_without_transaction_override,True,102,2024-05-30,complete
2024-05-30,0.00,0.00,0,1697470.16,last_posted_transaction_or_prior_closing_balance,,trusted,cn_public_2022_2026_cycles_1_0,public_schedule_without_transaction_override,True,103,2024-05-31,complete
2024-05-31,0.00,0.00,0,1697470.16,last_posted_transaction_or_prior_closing_balance,,trusted,cn_public_2022_2026_cycles_1_0,public_schedule_without_transaction_override,True,104,2024-06-03,complete
2024-06-01,0.00,0.00,0,1697470.16,last_posted_transaction_or_prior_closing_balance,,trusted,cn_public_2022_2026_cycles_1_0,public_schedule_without_transaction_override,False,,,complete
2024-06-02,83607.42,0.00,2,1781077.58,last_posted_transaction_or_prior_closing_balance,synb1_txn_057a2afaf6ee4c9698d778a7,trusted,cn_public_2022_2026_cycles_1_0,public_schedule_without_transaction_override,False,,,complete
2024-06-03,0.00,80169.49,2,1700908.09,last_posted_transaction_or_prior_closing_balance,synb1_txn_36c84c5318e89c289088d48c,trusted,cn_public_2022_2026_cycles_1_0,public_schedule_without_transaction_override,True,105,2024-06-04,complete
2024-06-04,0.00,3789.65,2,1697118.44,last_posted_transaction_or_prior_closing_balance,synb1_txn_6403a4c994150a767a48aed2,trusted,cn_public_2022_2026_cycles_1_0,public_schedule_without_transaction_override,True,106,2024-06-05,complete
2024-06-05,4327.19,5800.00,2,1695645.63,last_posted_transaction_or_prior_closing_balance,synb1_txn_beaf0edb8e7068e58f9cb97a,trusted,cn_public_2022_2026_cycles_1_0,public_schedule_without_transaction_override,True,107,2024-06-06,complete
2024-06-06,0.00,0.00,0,1695645.63,last_posted_transaction_or_prior_closing_balance,,trusted,cn_public_2022_2026_cycles_1_0,public_schedule_without_transaction_override,True,108,2024-06-07,complete
2024-06-07,0.00,25000.00,1,1670645.63,last_posted_transaction_or_prior_closing_balance,synb1_txn_2ae3bf0ae1bb4e4034dfe6b1,trusted,cn_public_2022_2026_cycles_1_0,public_schedule_without_transaction_override,True,109,2024-06-11,complete
2024-06-08,0.00,540.76,1,1670104.87,last_posted_transaction_or_prior_closing_balance,synb1_txn_caf7b5f4abf349ff3755454c,trusted,cn_public_2022_2026_cycles_1_0,public_schedule_without_transaction_override,False,,,complete
2024-06-09,0.00,0.00,0,1670104.87,last_posted_transaction_or_prior_closing_balance,,trusted,cn_public_2022_2026_cycles_1_0,public_schedule_without_transaction_override,False,,,complete
2024-06-10,0.00,0.00,0,1670104.87,last_posted_transaction_or_prior_closing_balance,,trusted,cn_public_2022_2026_cycles_1_0,public_schedule_without_transaction_override,False,,,complete
2024-06-11,39091.64,0.00,1,1709196.51,last_posted_transaction_or_prior_closing_balance,synb1_txn_41a17175b3aa14e23489b4ba,trusted,cn_public_2022_2026_cycles_1_0,public_schedule_without_transaction_override,True,110,2024-06-12,complete
2024-06-12,0.00,0.00,0,1709196.51,last_posted_transaction_or_prior_closing_balance,,trusted,cn_public_2022_2026_cycles_1_0,public_schedule_without_transaction_override,True,111,2024-06-13,complete
2024-06-13,0.00,819.94,1,1708376.57,last_posted_transaction_or_prior_closing_balance,synb1_txn_7cb4a302ec574b0b1cf0f2d5,trusted,cn_public_2022_2026_cycles_1_0,public_schedule_without_transaction_override,True,112,2024-06-14,complete
2024-06-14,0.00,0.00,0,1708376.57,last_posted_transaction_or_prior_closing_balance,,trusted,cn_public_2022_2026_cycles_1_0,public_schedule_without_transaction_override,True,113,2024-06-17,complete
2024-06-15,0.00,0.00,0,1708376.57,last_posted_transaction_or_prior_closing_balance,,trusted,cn_public_2022_2026_cycles_1_0,public_schedule_without_transaction_override,False,,,complete
2024-06-16,0.00,0.00,0,1708376.57,last_posted_transaction_or_prior_closing_balance,,trusted,cn_public_2022_2026_cycles_1_0,public_schedule_without_transaction_override,False,,,complete
2024-06-17,0.00,0.00,0,1708376.57,last_posted_transaction_or_prior_closing_balance,,trusted,cn_public_2022_2026_cycles_1_0,public_schedule_without_transaction_override,True,114,2024-06-18,complete
2024-06-18,11105.00,17963.73,5,1701517.84,last_posted_transaction_or_prior_closing_balance,synb1_txn_2c2a908c96ff6e2f4467100d,trusted,cn_public_2022_2026_cycles_1_0,public_schedule_without_transaction_override,True,115,2024-06-19,complete
2024-06-19,11961.84,0.00,1,1713479.68,last_posted_transaction_or_prior_closing_balance,synb1_txn_3c58a125a77fe336a9c9d8a0,trusted,cn_public_2022_2026_cycles_1_0,public_schedule_without_transaction_override,True,116,2024-06-20,complete
2024-06-20,25249.84,0.00,1,1738729.52,last_posted_transaction_or_prior_closing_balance,synb1_txn_27e1ff365ed67d0e77bfd7f4,trusted,cn_public_2022_2026_cycles_1_0,public_schedule_without_transaction_override,True,117,2024-06-21,complete
2024-06-21,0.00,18783.95,1,1719945.57,last_posted_transaction_or_prior_closing_balance,synb1_txn_deea60a6dc5f12219c1ec95d,trusted,cn_public_2022_2026_cycles_1_0,public_schedule_without_transaction_override,True,118,2024-06-24,complete
2024-06-22,0.00,17522.75,2,1702422.82,last_posted_transaction_or_prior_closing_balance,synb1_txn_f69ccb9c62bab52f287221f4,trusted,cn_public_2022_2026_cycles_1_0,public_schedule_without_transaction_override,False,,,complete
2024-06-23,0.00,766.75,1,1701656.07,last_posted_transaction_or_prior_closing_balance,synb1_txn_a9f420c75772737d71ae8874,trusted,cn_public_2022_2026_cycles_1_0,public_schedule_without_transaction_override,False,,,complete
2024-06-24,15239.27,0.00,1,1716895.34,last_posted_transaction_or_prior_closing_balance,synb1_txn_1f1ed1aa50691b34429968b2,trusted,cn_public_2022_2026_cycles_1_0,public_schedule_without_transaction_override,True,119,2024-06-25,complete
2024-06-25,29267.14,18911.10,6,1727251.38,last_posted_transaction_or_prior_closing_balance,synb1_txn_c09735e711bba58132aa392b,trusted,cn_public_2022_2026_cycles_1_0,public_schedule_without_transaction_override,True,120,2024-06-26,complete
2024-06-26,23271.95,15411.13,2,1735112.20,last_posted_transaction_or_prior_closing_balance,synb1_txn_54a8902225cfa582b0c12a3d,trusted,cn_public_2022_2026_cycles_1_0,public_schedule_without_transaction_override,True,121,2024-06-27,complete
2024-06-27,178.71,0.00,1,1735290.91,last_posted_transaction_or_prior_closing_balance,synb1_txn_18f94b532a2c8ac8e8d29b4c,trusted,cn_public_2022_2026_cycles_1_0,public_schedule_without_transaction_override,True,122,2024-06-28,complete
2024-06-28,0.00,0.00,0,1735290.91,last_posted_transaction_or_prior_closing_balance,,trusted,cn_public_2022_2026_cycles_1_0,public_schedule_without_transaction_override,True,123,2024-07-01,complete
2024-06-29,0.00,0.00,0,1735290.91,last_posted_transaction_or_prior_closing_balance,,trusted,cn_public_2022_2026_cycles_1_0,public_schedule_without_transaction_override,False,,,complete
2024-06-30,0.00,0.00,0,1735290.91,last_posted_transaction_or_prior_closing_balance,,trusted,cn_public_2022_2026_cycles_1_0,public_schedule_without_transaction_override,False,,,complete
2024-07-01,0.00,0.00,0,1735290.91,last_posted_transaction_or_prior_closing_balance,,trusted,cn_public_2022_2026_cycles_1_0,public_schedule_without_transaction_override,True,124,2024-07-02,complete
2024-07-02,0.00,3356.80,1,1731934.11,last_posted_transaction_or_prior_closing_balance,synb1_txn_be2623e82d6771abe57aad94,trusted,cn_public_2022_2026_cycles_1_0,public_schedule_without_transaction_override,True,125,2024-07-03,complete
2024-07-03,0.00,0.00,0,1731934.11,last_posted_transaction_or_prior_closing_balance,,trusted,cn_public_2022_2026_cycles_1_0,public_schedule_without_transaction_override,True,126,2024-07-04,complete
2024-07-04,16467.08,16727.37,2,1731673.82,last_posted_transaction_or_prior_closing_balance,synb1_txn_ed686a9ded339a96f558e836,trusted,cn_public_2022_2026_cycles_1_0,public_schedule_without_transaction_override,True,127,2024-07-05,complete
2024-07-05,23731.25,5800.00,2,1749605.07,last_posted_transaction_or_prior_closing_balance,synb1_txn_e80ec1f06bbdb1b5d3e55f44,trusted,cn_public_2022_2026_cycles_1_0,public_schedule_without_transaction_override,True,128,2024-07-08,complete
2024-07-06,0.00,0.00,0,1749605.07,last_posted_transaction_or_prior_closing_balance,,trusted,cn_public_2022_2026_cycles_1_0,public_schedule_without_transaction_override,False,,,complete
2024-07-07,1041.04,301238.69,3,1449407.42,last_posted_transaction_or_prior_closing_balance,synb1_txn_3555b1e559ce79462760d19e,trusted,cn_public_2022_2026_cycles_1_0,public_schedule_without_transaction_override,False,,,complete
2024-07-08,0.00,168509.03,2,1280898.39,last_posted_transaction_or_prior_closing_balance,synb1_txn_db98201ed935ca2e2b579636,trusted,cn_public_2022_2026_cycles_1_0,public_schedule_without_transaction_override,True,129,2024-07-09,complete
2024-07-09,0.00,0.00,0,1280898.39,last_posted_transaction_or_prior_closing_balance,,trusted,cn_public_2022_2026_cycles_1_0,public_schedule_without_transaction_override,True,130,2024-07-10,complete
2024-07-10,0.00,1501.53,1,1279396.86,last_posted_transaction_or_prior_closing_balance,synb1_txn_d600b668a728f5479348cd69,trusted,cn_public_2022_2026_cycles_1_0,public_schedule_without_transaction_override,True,131,2024-07-11,complete
2024-07-11,0.00,78912.76,2,1200484.10,last_posted_transaction_or_prior_closing_balance,synb1_txn_036c5c7e875871ae946fc4fd,trusted,cn_public_2022_2026_cycles_1_0,public_schedule_without_transaction_override,True,132,2024-07-12,complete
2024-07-12,0.00,0.00,0,1200484.10,last_posted_transaction_or_prior_closing_balance,,trusted,cn_public_2022_2026_cycles_1_0,public_schedule_without_transaction_override,True,133,2024-07-15,complete
2024-07-13,0.00,4163.92,1,1196320.18,last_posted_transaction_or_prior_closing_balance,synb1_txn_ae7b90ffe74b0a549e670976,trusted,cn_public_2022_2026_cycles_1_0,public_schedule_without_transaction_override,False,,,complete
2024-07-14,0.00,0.00,0,1196320.18,last_posted_transaction_or_prior_closing_balance,,trusted,cn_public_2022_2026_cycles_1_0,public_schedule_without_transaction_override,False,,,complete
2024-07-15,32097.36,3361.24,3,1225056.30,last_posted_transaction_or_prior_closing_balance,synb1_txn_d3194acbfcf1db17f2acc794,trusted,cn_public_2022_2026_cycles_1_0,public_schedule_without_transaction_override,True,134,2024-07-16,complete
2024-07-16,40483.27,1156.06,2,1264383.51,last_posted_transaction_or_prior_closing_balance,synb1_txn_4872f78aa1e64aaf092195a4,trusted,cn_public_2022_2026_cycles_1_0,public_schedule_without_transaction_override,True,135,2024-07-17,complete
2024-07-17,0.00,1843.17,1,1262540.34,last_posted_transaction_or_prior_closing_balance,synb1_txn_3222ab16ff115b10c02a4a1d,trusted,cn_public_2022_2026_cycles_1_0,public_schedule_without_transaction_override,True,136,2024-07-18,complete
2024-07-18,4829.19,8653.21,4,1258716.32,last_posted_transaction_or_prior_closing_balance,synb1_txn_46af7405c5cfc5f547062070,trusted,cn_public_2022_2026_cycles_1_0,public_schedule_without_transaction_override,True,137,2024-07-19,complete
2024-07-19,20335.63,0.00,1,1279051.95,last_posted_transaction_or_prior_closing_balance,synb1_txn_e7bd84ea5392f95c80a4b0c0,trusted,cn_public_2022_2026_cycles_1_0,public_schedule_without_transaction_override,True,138,2024-07-22,complete
2024-07-20,6729.64,0.00,1,1285781.59,last_posted_transaction_or_prior_closing_balance,synb1_txn_b1a66fbb161d8bffe587d9e2,trusted,cn_public_2022_2026_cycles_1_0,public_schedule_without_transaction_override,False,,,complete
2024-07-21,0.00,1720.62,1,1284060.97,last_posted_transaction_or_prior_closing_balance,synb1_txn_e4b15cb7b4c2416af7e3d2e2,trusted,cn_public_2022_2026_cycles_1_0,public_schedule_without_transaction_override,False,,,complete
2024-07-22,0.00,0.00,0,1284060.97,last_posted_transaction_or_prior_closing_balance,,trusted,cn_public_2022_2026_cycles_1_0,public_schedule_without_transaction_override,True,139,2024-07-23,complete
2024-07-23,0.00,0.00,0,1284060.97,last_posted_transaction_or_prior_closing_balance,,trusted,cn_public_2022_2026_cycles_1_0,public_schedule_without_transaction_override,True,140,2024-07-24,complete
2024-07-24,21232.84,0.00,1,1305293.81,last_posted_transaction_or_prior_closing_balance,synb1_txn_21d4fea2893504249ea223ae,trusted,cn_public_2022_2026_cycles_1_0,public_schedule_without_transaction_override,True,141,2024-07-25,complete
2024-07-25,0.00,12130.06,2,1293163.75,last_posted_transaction_or_prior_closing_balance,synb1_txn_e8af47313d9adf1f57aae8d3,trusted,cn_public_2022_2026_cycles_1_0,public_schedule_without_transaction_override,True,142,2024-07-26,complete
2024-07-26,43352.14,3788.39,3,1332727.50,last_posted_transaction_or_prior_closing_balance,synb1_txn_e1db72085d26681f0b6f38ad,trusted,cn_public_2022_2026_cycles_1_0,public_schedule_without_transaction_override,True,143,2024-07-29,complete
2024-07-27,9746.56,0.00,1,1342474.06,last_posted_transaction_or_prior_closing_balance,synb1_txn_11d0883f03e08f0566b7b5e7,trusted,cn_public_2022_2026_cycles_1_0,public_schedule_without_transaction_override,False,,,complete
2024-07-28,0.00,0.00,0,1342474.06,last_posted_transaction_or_prior_closing_balance,,trusted,cn_public_2022_2026_cycles_1_0,public_schedule_without_transaction_override,False,,,complete
2024-07-29,0.00,0.00,0,1342474.06,last_posted_transaction_or_prior_closing_balance,,trusted,cn_public_2022_2026_cycles_1_0,public_schedule_without_transaction_override,True,144,2024-07-30,complete
2024-07-30,0.00,0.00,0,1342474.06,last_posted_transaction_or_prior_closing_balance,,trusted,cn_public_2022_2026_cycles_1_0,public_schedule_without_transaction_override,True,145,2024-07-31,complete
2024-07-31,0.00,0.00,0,1342474.06,last_posted_transaction_or_prior_closing_balance,,trusted,cn_public_2022_2026_cycles_1_0,public_schedule_without_transaction_override,True,146,2024-08-01,complete
2024-08-01,0.00,0.00,0,1342474.06,last_posted_transaction_or_prior_closing_balance,,trusted,cn_public_2022_2026_cycles_1_0,public_schedule_without_transaction_override,True,147,2024-08-02,complete
2024-08-02,0.00,0.00,0,1342474.06,last_posted_transaction_or_prior_closing_balance,,trusted,cn_public_2022_2026_cycles_1_0,public_schedule_without_transaction_override,True,148,2024-08-05,complete
2024-08-03,0.00,0.00,0,1342474.06,last_posted_transaction_or_prior_closing_balance,,trusted,cn_public_2022_2026_cycles_1_0,public_schedule_without_transaction_override,False,,,complete
2024-08-04,0.00,0.00,0,1342474.06,last_posted_transaction_or_prior_closing_balance,,trusted,cn_public_2022_2026_cycles_1_0,public_schedule_without_transaction_override,False,,,complete
2024-08-05,0.00,65773.59,4,1276700.47,last_posted_transaction_or_prior_closing_balance,synb1_txn_9a0bf5d0e2297d4b7191cc47,trusted,cn_public_2022_2026_cycles_1_0,public_schedule_without_transaction_override,True,149,2024-08-06,complete
2024-08-06,0.00,0.00,0,1276700.47,last_posted_transaction_or_prior_closing_balance,,trusted,cn_public_2022_2026_cycles_1_0,public_schedule_without_transaction_override,True,150,2024-08-07,complete
2024-08-07,0.00,128151.86,3,1148548.61,last_posted_transaction_or_prior_closing_balance,synb1_txn_b63396147e8e2f1418ecfc41,trusted,cn_public_2022_2026_cycles_1_0,public_schedule_without_transaction_override,True,151,2024-08-08,complete
2024-08-08,0.00,0.00,0,1148548.61,last_posted_transaction_or_prior_closing_balance,,trusted,cn_public_2022_2026_cycles_1_0,public_schedule_without_transaction_override,True,152,2024-08-09,complete
2024-08-09,0.00,4207.78,1,1144340.83,last_posted_transaction_or_prior_closing_balance,synb1_txn_08ed67899a4ac46fb864ca78,trusted,cn_public_2022_2026_cycles_1_0,public_schedule_without_transaction_override,True,153,2024-08-12,complete
2024-08-10,0.00,1673.73,1,1142667.10,last_posted_transaction_or_prior_closing_balance,synb1_txn_9daa9fe33f360660f93cd9ed,trusted,cn_public_2022_2026_cycles_1_0,public_schedule_without_transaction_override,False,,,complete
2024-08-11,0.00,0.00,0,1142667.10,last_posted_transaction_or_prior_closing_balance,,trusted,cn_public_2022_2026_cycles_1_0,public_schedule_without_transaction_override,False,,,complete
2024-08-12,0.00,1092.19,1,1141574.91,last_posted_transaction_or_prior_closing_balance,synb1_txn_3b52e47a5c1e28f45d35833e,trusted,cn_public_2022_2026_cycles_1_0,public_schedule_without_transaction_override,True,154,2024-08-13,complete
2024-08-13,37784.47,0.00,1,1179359.38,last_posted_transaction_or_prior_closing_balance,synb1_txn_c6a6b253f12bdf594ed9245d,trusted,cn_public_2022_2026_cycles_1_0,public_schedule_without_transaction_override,True,155,2024-08-14,complete
2024-08-14,772.20,0.00,1,1180131.58,last_posted_transaction_or_prior_closing_balance,synb1_txn_08ce50ed55466bd81129a797,trusted,cn_public_2022_2026_cycles_1_0,public_schedule_without_transaction_override,True,156,2024-08-15,complete
2024-08-15,0.00,47239.88,1,1132891.70,last_posted_transaction_or_prior_closing_balance,synb1_txn_5f23857386938e54149986b5,trusted,cn_public_2022_2026_cycles_1_0,public_schedule_without_transaction_override,True,157,2024-08-16,complete
2024-08-16,951.43,0.00,1,1133843.13,last_posted_transaction_or_prior_closing_balance,synb1_txn_a1e1e1e59f859b7d08ca9ff3,trusted,cn_public_2022_2026_cycles_1_0,public_schedule_without_transaction_override,True,158,2024-08-19,complete
2024-08-17,0.00,0.00,0,1133843.13,last_posted_transaction_or_prior_closing_balance,,trusted,cn_public_2022_2026_cycles_1_0,public_schedule_without_transaction_override,False,,,complete
2024-08-18,2607.72,2213.93,2,1134236.92,last_posted_transaction_or_prior_closing_balance,synb1_txn_3760c7fde6576c482f5b1de0,trusted,cn_public_2022_2026_cycles_1_0,public_schedule_without_transaction_override,False,,,complete
2024-08-19,0.00,91760.98,4,1042475.94,last_posted_transaction_or_prior_closing_balance,synb1_txn_bd5868a9e1202814cf8a3fcd,trusted,cn_public_2022_2026_cycles_1_0,public_schedule_without_transaction_override,True,159,2024-08-20,complete
2024-08-20,6337.06,0.00,1,1048813.00,last_posted_transaction_or_prior_closing_balance,synb1_txn_ac58e52e35a4819284318074,trusted,cn_public_2022_2026_cycles_1_0,public_schedule_without_transaction_override,True,160,2024-08-21,complete
2024-08-21,0.00,6937.04,1,1041875.96,last_posted_transaction_or_prior_closing_balance,synb1_txn_0c45d59127f4931bae28a3ed,trusted,cn_public_2022_2026_cycles_1_0,public_schedule_without_transaction_override,True,161,2024-08-22,complete
2024-08-22,0.00,0.00,0,1041875.96,last_posted_transaction_or_prior_closing_balance,,trusted,cn_public_2022_2026_cycles_1_0,public_schedule_without_transaction_override,True,162,2024-08-23,complete
2024-08-23,93.17,0.00,1,1041969.13,last_posted_transaction_or_prior_closing_balance,synb1_txn_d3a7f9b23fe3d68749b5f367,trusted,cn_public_2022_2026_cycles_1_0,public_schedule_without_transaction_override,True,163,2024-08-26,complete
2024-08-24,4039.33,0.00,1,1046008.46,last_posted_transaction_or_prior_closing_balance,synb1_txn_975073b9d4f90b3228aee368,trusted,cn_public_2022_2026_cycles_1_0,public_schedule_without_transaction_override,False,,,complete
2024-08-25,0.00,54178.20,2,991830.26,last_posted_transaction_or_prior_closing_balance,synb1_txn_c269fbcf2a0c86d03fc72538,trusted,cn_public_2022_2026_cycles_1_0,public_schedule_without_transaction_override,False,,,complete
2024-08-26,1533.81,1486.10,2,991877.97,last_posted_transaction_or_prior_closing_balance,synb1_txn_79252c24cc31c21941077033,trusted,cn_public_2022_2026_cycles_1_0,public_schedule_without_transaction_override,True,164,2024-08-27,complete
2024-08-27,24099.81,0.00,1,1015977.78,last_posted_transaction_or_prior_closing_balance,synb1_txn_53ebbe9d3bd85c9457f08d50,trusted,cn_public_2022_2026_cycles_1_0,public_schedule_without_transaction_override,True,165,2024-08-28,complete
2024-08-28,0.00,0.00,0,1015977.78,last_posted_transaction_or_prior_closing_balance,,trusted,cn_public_2022_2026_cycles_1_0,public_schedule_without_transaction_override,True,166,2024-08-29,complete
2024-08-29,0.00,0.00,0,1015977.78,last_posted_transaction_or_prior_closing_balance,,trusted,cn_public_2022_2026_cycles_1_0,public_schedule_without_transaction_override,True,167,2024-08-30,complete
2024-08-30,0.00,0.00,0,1015977.78,last_posted_transaction_or_prior_closing_balance,,trusted,cn_public_2022_2026_cycles_1_0,public_schedule_without_transaction_override,True,168,2024-09-02,complete
2024-08-31,0.00,0.00,0,1015977.78,last_posted_transaction_or_prior_closing_balance,,trusted,cn_public_2022_2026_cycles_1_0,public_schedule_without_transaction_override,False,,,complete
2024-09-01,0.00,0.00,0,1015977.78,last_posted_transaction_or_prior_closing_balance,,trusted,cn_public_2022_2026_cycles_1_0,public_schedule_without_transaction_override,False,,,complete
2024-09-02,0.00,830.01,1,1015147.77,last_posted_transaction_or_prior_closing_balance,synb1_txn_30b2d96e677d70c2c07bfca0,trusted,cn_public_2022_2026_cycles_1_0,public_schedule_without_transaction_override,True,169,2024-09-03,complete
2024-09-03,0.00,69940.11,1,945207.66,last_posted_transaction_or_prior_closing_balance,synb1_txn_aa919481b1b28d3423c71588,trusted,cn_public_2022_2026_cycles_1_0,public_schedule_without_transaction_override,True,170,2024-09-04,complete
2024-09-04,109346.33,10845.56,2,1043708.43,last_posted_transaction_or_prior_closing_balance,synb1_txn_930917fb69407f13da03e45b,trusted,cn_public_2022_2026_cycles_1_0,public_schedule_without_transaction_override,True,171,2024-09-05,complete
2024-09-05,36681.82,5800.00,4,1074590.25,last_posted_transaction_or_prior_closing_balance,synb1_txn_a7c0ec1279b1e2e5ee2ee15f,trusted,cn_public_2022_2026_cycles_1_0,public_schedule_without_transaction_override,True,172,2024-09-06,complete
2024-09-06,0.00,34781.27,1,1039808.98,last_posted_transaction_or_prior_closing_balance,synb1_txn_f7ef0224438dbc75e6856912,trusted,cn_public_2022_2026_cycles_1_0,public_schedule_without_transaction_override,True,173,2024-09-09,complete
2024-09-07,40414.83,31000.00,2,1049223.81,last_posted_transaction_or_prior_closing_balance,synb1_txn_e98ccf7951c75f57400775c9,trusted,cn_public_2022_2026_cycles_1_0,public_schedule_without_transaction_override,False,,,complete
2024-09-08,141861.77,0.00,1,1191085.58,last_posted_transaction_or_prior_closing_balance,synb1_txn_9f001436a21fab92bdce9f26,trusted,cn_public_2022_2026_cycles_1_0,public_schedule_without_transaction_override,False,,,complete
2024-09-09,0.00,8169.99,1,1182915.59,last_posted_transaction_or_prior_closing_balance,synb1_txn_c58fb4cd133581835e90814c,trusted,cn_public_2022_2026_cycles_1_0,public_schedule_without_transaction_override,True,174,2024-09-10,complete
2024-09-10,0.00,0.00,0,1182915.59,last_posted_transaction_or_prior_closing_balance,,trusted,cn_public_2022_2026_cycles_1_0,public_schedule_without_transaction_override,True,175,2024-09-11,complete
2024-09-11,0.00,0.00,0,1182915.59,last_posted_transaction_or_prior_closing_balance,,trusted,cn_public_2022_2026_cycles_1_0,public_schedule_without_transaction_override,True,176,2024-09-12,complete
2024-09-12,40752.47,9021.37,3,1214646.69,last_posted_transaction_or_prior_closing_balance,synb1_txn_9425078a6dda8d6adf0d1f12,trusted,cn_public_2022_2026_cycles_1_0,public_schedule_without_transaction_override,True,177,2024-09-13,complete
2024-09-13,0.00,0.00,0,1214646.69,last_posted_transaction_or_prior_closing_balance,,trusted,cn_public_2022_2026_cycles_1_0,public_schedule_without_transaction_override,True,178,2024-09-14,complete
2024-09-14,0.00,0.00,0,1214646.69,last_posted_transaction_or_prior_closing_balance,,trusted,cn_public_2022_2026_cycles_1_0,public_schedule_without_transaction_override,True,179,2024-09-18,complete
2024-09-15,0.00,0.00,0,1214646.69,last_posted_transaction_or_prior_closing_balance,,trusted,cn_public_2022_2026_cycles_1_0,public_schedule_without_transaction_override,False,,,complete
2024-09-16,51671.19,0.00,1,1266317.88,last_posted_transaction_or_prior_closing_balance,synb1_txn_c9e592b9684ea4f33e7e088c,trusted,cn_public_2022_2026_cycles_1_0,public_schedule_without_transaction_override,False,,,complete
2024-09-17,0.00,0.00,0,1266317.88,last_posted_transaction_or_prior_closing_balance,,trusted,cn_public_2022_2026_cycles_1_0,public_schedule_without_transaction_override,False,,,complete
2024-09-18,4007.69,3244.64,3,1267080.93,last_posted_transaction_or_prior_closing_balance,synb1_txn_f80c4862840a6b6f4eb4e8b1,trusted,cn_public_2022_2026_cycles_1_0,public_schedule_without_transaction_override,True,180,2024-09-19,complete
2024-09-19,0.00,0.00,0,1267080.93,last_posted_transaction_or_prior_closing_balance,,trusted,cn_public_2022_2026_cycles_1_0,public_schedule_without_transaction_override,True,181,2024-09-20,complete
2024-09-20,12866.04,0.00,1,1279946.97,last_posted_transaction_or_prior_closing_balance,synb1_txn_003679af009c04885564fd73,trusted,cn_public_2022_2026_cycles_1_0,public_schedule_without_transaction_override,True,182,2024-09-23,complete
2024-09-21,0.00,80606.63,1,1199340.34,last_posted_transaction_or_prior_closing_balance,synb1_txn_ad170ad68bd9778af221e054,trusted,cn_public_2022_2026_cycles_1_0,public_schedule_without_transaction_override,False,,,complete
2024-09-22,0.00,100436.42,1,1098903.92,last_posted_transaction_or_prior_closing_balance,synb1_txn_e96f35a3af848496bdf13369,trusted,cn_public_2022_2026_cycles_1_0,public_schedule_without_transaction_override,False,,,complete
2024-09-23,7744.86,0.00,1,1106648.78,last_posted_transaction_or_prior_closing_balance,synb1_txn_c1f8fb01cccfdba2bc810002,trusted,cn_public_2022_2026_cycles_1_0,public_schedule_without_transaction_override,True,183,2024-09-24,complete
2024-09-24,0.00,0.00,0,1106648.78,last_posted_transaction_or_prior_closing_balance,,trusted,cn_public_2022_2026_cycles_1_0,public_schedule_without_transaction_override,True,184,2024-09-25,complete
2024-09-25,0.00,0.00,0,1106648.78,last_posted_transaction_or_prior_closing_balance,,trusted,cn_public_2022_2026_cycles_1_0,public_schedule_without_transaction_override,True,185,2024-09-26,complete
2024-09-26,0.00,0.00,0,1106648.78,last_posted_transaction_or_prior_closing_balance,,trusted,cn_public_2022_2026_cycles_1_0,public_schedule_without_transaction_override,True,186,2024-09-27,complete
2024-09-27,0.00,0.00,0,1106648.78,last_posted_transaction_or_prior_closing_balance,,trusted,cn_public_2022_2026_cycles_1_0,public_schedule_without_transaction_override,True,187,2024-09-29,complete
2024-09-28,0.00,0.00,0,1106648.78,last_posted_transaction_or_prior_closing_balance,,trusted,cn_public_2022_2026_cycles_1_0,public_schedule_without_transaction_override,False,,,complete
2024-09-29,0.00,0.00,0,1106648.78,last_posted_transaction_or_prior_closing_balance,,trusted,cn_public_2022_2026_cycles_1_0,public_schedule_without_transaction_override,True,188,2024-09-30,complete
2024-09-30,0.00,0.00,0,1106648.78,last_posted_transaction_or_prior_closing_balance,,trusted,cn_public_2022_2026_cycles_1_0,public_schedule_without_transaction_override,True,189,2024-10-08,complete
2024-10-01,0.00,0.00,0,1106648.78,last_posted_transaction_or_prior_closing_balance,,trusted,cn_public_2022_2026_cycles_1_0,public_schedule_without_transaction_override,False,,,complete
2024-10-02,0.00,0.00,0,1106648.78,last_posted_transaction_or_prior_closing_balance,,trusted,cn_public_2022_2026_cycles_1_0,public_schedule_without_transaction_override,False,,,complete
2024-10-03,22684.70,0.00,2,1129333.48,last_posted_transaction_or_prior_closing_balance,synb1_txn_49c8476de5cf0b5df302ea44,trusted,cn_public_2022_2026_cycles_1_0,public_schedule_without_transaction_override,False,,,complete
2024-10-04,0.00,5679.19,2,1123654.29,last_posted_transaction_or_prior_closing_balance,synb1_txn_b159eb4091f9bc41b9ec72c6,trusted,cn_public_2022_2026_cycles_1_0,public_schedule_without_transaction_override,False,,,complete
2024-10-05,0.00,6829.35,2,1116824.94,last_posted_transaction_or_prior_closing_balance,synb1_txn_5743b83a51a10623cf26c603,trusted,cn_public_2022_2026_cycles_1_0,public_schedule_without_transaction_override,False,,,complete
2024-10-06,0.00,0.00,0,1116824.94,last_posted_transaction_or_prior_closing_balance,,trusted,cn_public_2022_2026_cycles_1_0,public_schedule_without_transaction_override,False,,,complete
2024-10-07,157353.62,31068.58,3,1243109.98,last_posted_transaction_or_prior_closing_balance,synb1_txn_2921baec069149e8b58bcf68,trusted,cn_public_2022_2026_cycles_1_0,public_schedule_without_transaction_override,False,,,complete
2024-10-08,9076.81,2790.19,2,1249396.60,last_posted_transaction_or_prior_closing_balance,synb1_txn_d14255f6cf3ce4a664dcb7d6,trusted,cn_public_2022_2026_cycles_1_0,public_schedule_without_transaction_override,True,190,2024-10-09,complete
2024-10-09,0.00,0.00,0,1249396.60,last_posted_transaction_or_prior_closing_balance,,trusted,cn_public_2022_2026_cycles_1_0,public_schedule_without_transaction_override,True,191,2024-10-10,complete
2024-10-10,13518.99,0.00,1,1262915.59,last_posted_transaction_or_prior_closing_balance,synb1_txn_cd273c45cef539019eb77d7d,trusted,cn_public_2022_2026_cycles_1_0,public_schedule_without_transaction_override,True,192,2024-10-11,complete
2024-10-11,0.00,0.00,0,1262915.59,last_posted_transaction_or_prior_closing_balance,,trusted,cn_public_2022_2026_cycles_1_0,public_schedule_without_transaction_override,True,193,2024-10-12,complete
2024-10-12,0.00,0.00,0,1262915.59,last_posted_transaction_or_prior_closing_balance,,trusted,cn_public_2022_2026_cycles_1_0,public_schedule_without_transaction_override,True,194,2024-10-14,complete
2024-10-13,0.00,0.00,0,1262915.59,last_posted_transaction_or_prior_closing_balance,,trusted,cn_public_2022_2026_cycles_1_0,public_schedule_without_transaction_override,False,,,complete
2024-10-14,0.00,0.00,0,1262915.59,last_posted_transaction_or_prior_closing_balance,,trusted,cn_public_2022_2026_cycles_1_0,public_schedule_without_transaction_override,True,195,2024-10-15,complete
2024-10-15,12732.76,0.00,2,1275648.35,last_posted_transaction_or_prior_closing_balance,synb1_txn_1a28ed129fec4c660e00ce83,trusted,cn_public_2022_2026_cycles_1_0,public_schedule_without_transaction_override,True,196,2024-10-16,complete
2024-10-16,5213.31,0.00,1,1280861.66,last_posted_transaction_or_prior_closing_balance,synb1_txn_c0fd3e0a81f1cfb0bf1f8efc,trusted,cn_public_2022_2026_cycles_1_0,public_schedule_without_transaction_override,True,197,2024-10-17,complete
2024-10-17,0.00,4967.25,1,1275894.41,last_posted_transaction_or_prior_closing_balance,synb1_txn_18abdc193e780bddc23f2421,trusted,cn_public_2022_2026_cycles_1_0,public_schedule_without_transaction_override,True,198,2024-10-18,complete
2024-10-18,0.00,3157.28,2,1272737.13,last_posted_transaction_or_prior_closing_balance,synb1_txn_f8cbb6c9100a9a561df0ac4c,trusted,cn_public_2022_2026_cycles_1_0,public_schedule_without_transaction_override,True,199,2024-10-21,complete
2024-10-19,31989.09,0.00,2,1304726.22,last_posted_transaction_or_prior_closing_balance,synb1_txn_6f50ab2cf8ad93d34e1fea51,trusted,cn_public_2022_2026_cycles_1_0,public_schedule_without_transaction_override,False,,,complete
2024-10-20,0.00,35637.56,1,1269088.66,last_posted_transaction_or_prior_closing_balance,synb1_txn_b4f78b4d799ba35e9b974c2f,trusted,cn_public_2022_2026_cycles_1_0,public_schedule_without_transaction_override,False,,,complete
2024-10-21,0.00,0.00,0,1269088.66,last_posted_transaction_or_prior_closing_balance,,trusted,cn_public_2022_2026_cycles_1_0,public_schedule_without_transaction_override,True,200,2024-10-22,complete
2024-10-22,0.00,1172.65,1,1267916.01,last_posted_transaction_or_prior_closing_balance,synb1_txn_cd6a5078c097b634a71e3af1,trusted,cn_public_2022_2026_cycles_1_0,public_schedule_without_transaction_override,True,201,2024-10-23,complete
2024-10-23,0.00,30171.97,1,1237744.04,last_posted_transaction_or_prior_closing_balance,synb1_txn_57408e13e74dd5a912a44d4d,trusted,cn_public_2022_2026_cycles_1_0,public_schedule_without_transaction_override,True,202,2024-10-24,complete
2024-10-24,0.00,49640.62,1,1188103.42,last_posted_transaction_or_prior_closing_balance,synb1_txn_8ed7961f606a7d8fbd5c7395,trusted,cn_public_2022_2026_cycles_1_0,public_schedule_without_transaction_override,True,203,2024-10-25,complete
2024-10-25,0.00,5180.46,1,1182922.96,last_posted_transaction_or_prior_closing_balance,synb1_txn_f9c7dce1d28de79a25f4bed9,trusted,cn_public_2022_2026_cycles_1_0,public_schedule_without_transaction_override,True,204,2024-10-28,complete
2024-10-26,0.00,0.00,0,1182922.96,last_posted_transaction_or_prior_closing_balance,,trusted,cn_public_2022_2026_cycles_1_0,public_schedule_without_transaction_override,False,,,complete
2024-10-27,0.00,24881.15,1,1158041.81,last_posted_transaction_or_prior_closing_balance,synb1_txn_9a7a837e1f2b4e8b195cfdb4,trusted,cn_public_2022_2026_cycles_1_0,public_schedule_without_transaction_override,False,,,complete
2024-10-28,12209.72,73749.43,4,1096502.10,last_posted_transaction_or_prior_closing_balance,synb1_txn_d9af1a45536d427e72dae53e,trusted,cn_public_2022_2026_cycles_1_0,public_schedule_without_transaction_override,True,205,2024-10-29,complete
2024-10-29,0.00,0.00,0,1096502.10,last_posted_transaction_or_prior_closing_balance,,trusted,cn_public_2022_2026_cycles_1_0,public_schedule_without_transaction_override,True,206,2024-10-30,complete
2024-10-30,0.00,0.00,0,1096502.10,last_posted_transaction_or_prior_closing_balance,,trusted,cn_public_2022_2026_cycles_1_0,public_schedule_without_transaction_override,True,207,2024-10-31,complete
2024-10-31,0.00,0.00,0,1096502.10,last_posted_transaction_or_prior_closing_balance,,trusted,cn_public_2022_2026_cycles_1_0,public_schedule_without_transaction_override,True,208,2024-11-01,complete
2024-11-01,0.00,0.00,0,1096502.10,last_posted_transaction_or_prior_closing_balance,,trusted,cn_public_2022_2026_cycles_1_0,public_schedule_without_transaction_override,True,209,2024-11-04,complete
2024-11-02,0.00,0.00,0,1096502.10,last_posted_transaction_or_prior_closing_balance,,trusted,cn_public_2022_2026_cycles_1_0,public_schedule_without_transaction_override,False,,,complete
2024-11-03,0.00,0.00,0,1096502.10,last_posted_transaction_or_prior_closing_balance,,trusted,cn_public_2022_2026_cycles_1_0,public_schedule_without_transaction_override,False,,,complete
2024-11-04,3297.22,46238.63,3,1053560.69,last_posted_transaction_or_prior_closing_balance,synb1_txn_27be404229ec517c58933559,trusted,cn_public_2022_2026_cycles_1_0,public_schedule_without_transaction_override,True,210,2024-11-05,complete
2024-11-05,0.00,8463.57,2,1045097.12,last_posted_transaction_or_prior_closing_balance,synb1_txn_351a8acddcf2f4bc2adbaa42,trusted,cn_public_2022_2026_cycles_1_0,public_schedule_without_transaction_override,True,211,2024-11-06,complete
2024-11-06,0.00,102235.70,2,942861.42,last_posted_transaction_or_prior_closing_balance,synb1_txn_5672d3e7eea0e96594b44080,trusted,cn_public_2022_2026_cycles_1_0,public_schedule_without_transaction_override,True,212,2024-11-07,complete
2024-11-07,4112.92,33642.71,3,913331.63,last_posted_transaction_or_prior_closing_balance,synb1_txn_8da41da8a954f4c38d5e829e,trusted,cn_public_2022_2026_cycles_1_0,public_schedule_without_transaction_override,True,213,2024-11-08,complete
2024-11-08,0.00,0.00,0,913331.63,last_posted_transaction_or_prior_closing_balance,,trusted,cn_public_2022_2026_cycles_1_0,public_schedule_without_transaction_override,True,214,2024-11-11,complete
2024-11-09,0.00,0.00,0,913331.63,last_posted_transaction_or_prior_closing_balance,,trusted,cn_public_2022_2026_cycles_1_0,public_schedule_without_transaction_override,False,,,complete
2024-11-10,25907.41,0.00,1,939239.04,last_posted_transaction_or_prior_closing_balance,synb1_txn_60fc4f81924595fd061afd69,trusted,cn_public_2022_2026_cycles_1_0,public_schedule_without_transaction_override,False,,,complete
2024-11-11,14358.71,0.00,1,953597.75,last_posted_transaction_or_prior_closing_balance,synb1_txn_1804f48f62dbcd608800ac40,trusted,cn_public_2022_2026_cycles_1_0,public_schedule_without_transaction_override,True,215,2024-11-12,complete
2024-11-12,0.00,24963.06,1,928634.69,last_posted_transaction_or_prior_closing_balance,synb1_txn_545b2139804a4b7f7d4cb0ab,trusted,cn_public_2022_2026_cycles_1_0,public_schedule_without_transaction_override,True,216,2024-11-13,complete
2024-11-13,13132.34,0.00,1,941767.03,last_posted_transaction_or_prior_closing_balance,synb1_txn_fb78b0fc688e2e6a877b41dc,trusted,cn_public_2022_2026_cycles_1_0,public_schedule_without_transaction_override,True,217,2024-11-14,complete
2024-11-14,0.00,0.00,0,941767.03,last_posted_transaction_or_prior_closing_balance,,trusted,cn_public_2022_2026_cycles_1_0,public_schedule_without_transaction_override,True,218,2024-11-15,complete
2024-11-15,0.00,32805.94,1,908961.09,last_posted_transaction_or_prior_closing_balance,synb1_txn_76bb9f20d194b7116147dbd0,trusted,cn_public_2022_2026_cycles_1_0,public_schedule_without_transaction_override,True,219,2024-11-18,complete
2024-11-16,5083.90,0.00,1,914044.99,last_posted_transaction_or_prior_closing_balance,synb1_txn_fce46507bd653f2b692aea46,trusted,cn_public_2022_2026_cycles_1_0,public_schedule_without_transaction_override,False,,,complete
2024-11-17,0.00,0.00,0,914044.99,last_posted_transaction_or_prior_closing_balance,,trusted,cn_public_2022_2026_cycles_1_0,public_schedule_without_transaction_override,False,,,complete
2024-11-18,49787.17,2210.88,3,961621.28,last_posted_transaction_or_prior_closing_balance,synb1_txn_6044998ebf71efd027f3406f,trusted,cn_public_2022_2026_cycles_1_0,public_schedule_without_transaction_override,True,220,2024-11-19,complete
2024-11-19,27261.96,18112.29,2,970770.95,last_posted_transaction_or_prior_closing_balance,synb1_txn_0c7c1a5d85475c43f03548f2,trusted,cn_public_2022_2026_cycles_1_0,public_schedule_without_transaction_override,True,221,2024-11-20,complete
2024-11-20,0.00,3592.56,1,967178.39,last_posted_transaction_or_prior_closing_balance,synb1_txn_68e75524f55ce85529d30cde,trusted,cn_public_2022_2026_cycles_1_0,public_schedule_without_transaction_override,True,222,2024-11-21,complete
2024-11-21,1453.61,0.00,1,968632.00,last_posted_transaction_or_prior_closing_balance,synb1_txn_a4028933dd835831fd389447,trusted,cn_public_2022_2026_cycles_1_0,public_schedule_without_transaction_override,True,223,2024-11-22,complete
2024-11-22,3164.35,34030.47,2,937765.88,last_posted_transaction_or_prior_closing_balance,synb1_txn_a2783193f7c30a2c7314f18b,trusted,cn_public_2022_2026_cycles_1_0,public_schedule_without_transaction_override,True,224,2024-11-25,complete
2024-11-23,0.00,3227.18,1,934538.70,last_posted_transaction_or_prior_closing_balance,synb1_txn_c347204dc4340b18d8de0c55,trusted,cn_public_2022_2026_cycles_1_0,public_schedule_without_transaction_override,False,,,complete
2024-11-24,3805.97,0.00,1,938344.67,last_posted_transaction_or_prior_closing_balance,synb1_txn_13789d816db725bb92f82f90,trusted,cn_public_2022_2026_cycles_1_0,public_schedule_without_transaction_override,False,,,complete
2024-11-25,3773.02,1561.07,2,940556.62,last_posted_transaction_or_prior_closing_balance,synb1_txn_551281423bbd68728deee745,trusted,cn_public_2022_2026_cycles_1_0,public_schedule_without_transaction_override,True,225,2024-11-26,complete
2024-11-26,115668.97,0.00,1,1056225.59,last_posted_transaction_or_prior_closing_balance,synb1_txn_2d11fa5bc86ae9b67e2e0725,trusted,cn_public_2022_2026_cycles_1_0,public_schedule_without_transaction_override,True,226,2024-11-27,complete
2024-11-27,3208.45,1481.46,2,1057952.58,last_posted_transaction_or_prior_closing_balance,synb1_txn_69bd19e06c61cf81e92bf386,trusted,cn_public_2022_2026_cycles_1_0,public_schedule_without_transaction_override,True,227,2024-11-28,complete
2024-11-28,0.00,0.00,0,1057952.58,last_posted_transaction_or_prior_closing_balance,,trusted,cn_public_2022_2026_cycles_1_0,public_schedule_without_transaction_override,True,228,2024-11-29,complete
2024-11-29,0.00,0.00,0,1057952.58,last_posted_transaction_or_prior_closing_balance,,trusted,cn_public_2022_2026_cycles_1_0,public_schedule_without_transaction_override,True,229,2024-12-02,complete
2024-11-30,0.00,0.00,0,1057952.58,last_posted_transaction_or_prior_closing_balance,,trusted,cn_public_2022_2026_cycles_1_0,public_schedule_without_transaction_override,False,,,complete
2024-12-01,0.00,0.00,0,1057952.58,last_posted_transaction_or_prior_closing_balance,,trusted,cn_public_2022_2026_cycles_1_0,public_schedule_without_transaction_override,False,,,complete
2024-12-02,0.00,0.00,0,1057952.58,last_posted_transaction_or_prior_closing_balance,,trusted,cn_public_2022_2026_cycles_1_0,public_schedule_without_transaction_override,True,230,2024-12-03,complete
2024-12-03,36518.80,0.00,2,1094471.38,last_posted_transaction_or_prior_closing_balance,synb1_txn_6dd0ba7ce88fb05c14b9f887,trusted,cn_public_2022_2026_cycles_1_0,public_schedule_without_transaction_override,True,231,2024-12-04,complete
2024-12-04,0.00,26478.71,2,1067992.67,last_posted_transaction_or_prior_closing_balance,synb1_txn_a39a8937239e9c1e1115b398,trusted,cn_public_2022_2026_cycles_1_0,public_schedule_without_transaction_override,True,232,2024-12-05,complete
2024-12-05,9536.32,5800.00,2,1071728.99,last_posted_transaction_or_prior_closing_balance,synb1_txn_82efa9c95b38f2a56d5dc5ef,trusted,cn_public_2022_2026_cycles_1_0,public_schedule_without_transaction_override,True,233,2024-12-06,complete
2024-12-06,0.00,0.00,0,1071728.99,last_posted_transaction_or_prior_closing_balance,,trusted,cn_public_2022_2026_cycles_1_0,public_schedule_without_transaction_override,True,234,2024-12-09,complete
2024-12-07,4913.41,35335.29,3,1041307.11,last_posted_transaction_or_prior_closing_balance,synb1_txn_eaafd4c959098cc43f343324,trusted,cn_public_2022_2026_cycles_1_0,public_schedule_without_transaction_override,False,,,complete
2024-12-08,78577.46,0.00,1,1119884.57,last_posted_transaction_or_prior_closing_balance,synb1_txn_b4a5f9de9173031b21fb83d4,trusted,cn_public_2022_2026_cycles_1_0,public_schedule_without_transaction_override,False,,,complete
2024-12-09,0.00,0.00,0,1119884.57,last_posted_transaction_or_prior_closing_balance,,trusted,cn_public_2022_2026_cycles_1_0,public_schedule_without_transaction_override,True,235,2024-12-10,complete
2024-12-10,0.00,15369.96,1,1104514.61,last_posted_transaction_or_prior_closing_balance,synb1_txn_505a4ae473cdae4ede208a28,trusted,cn_public_2022_2026_cycles_1_0,public_schedule_without_transaction_override,True,236,2024-12-11,complete
2024-12-11,0.00,0.00,0,1104514.61,last_posted_transaction_or_prior_closing_balance,,trusted,cn_public_2022_2026_cycles_1_0,public_schedule_without_transaction_override,True,237,2024-12-12,complete
2024-12-12,5358.88,4664.71,2,1105208.78,last_posted_transaction_or_prior_closing_balance,synb1_txn_0e73b974f5bedd0cf4262a78,trusted,cn_public_2022_2026_cycles_1_0,public_schedule_without_transaction_override,True,238,2024-12-13,complete
2024-12-13,12688.54,0.00,1,1117897.32,last_posted_transaction_or_prior_closing_balance,synb1_txn_bc182d7a5541f6d7cc53861b,trusted,cn_public_2022_2026_cycles_1_0,public_schedule_without_transaction_override,True,239,2024-12-16,complete
2024-12-14,0.00,0.00,0,1117897.32,last_posted_transaction_or_prior_closing_balance,,trusted,cn_public_2022_2026_cycles_1_0,public_schedule_without_transaction_override,False,,,complete
2024-12-15,11719.41,6016.11,2,1123600.62,last_posted_transaction_or_prior_closing_balance,synb1_txn_6b3331846d072baefab2bc85,trusted,cn_public_2022_2026_cycles_1_0,public_schedule_without_transaction_override,False,,,complete
2024-12-16,0.00,0.00,0,1123600.62,last_posted_transaction_or_prior_closing_balance,,trusted,cn_public_2022_2026_cycles_1_0,public_schedule_without_transaction_override,True,240,2024-12-17,complete
2024-12-17,0.00,40945.46,1,1082655.16,last_posted_transaction_or_prior_closing_balance,synb1_txn_84615e5e2ab7168d71e99e10,trusted,cn_public_2022_2026_cycles_1_0,public_schedule_without_transaction_override,True,241,2024-12-18,complete
2024-12-18,0.00,2830.24,2,1079824.92,last_posted_transaction_or_prior_closing_balance,synb1_txn_e6722417033ba8b7efefcc47,trusted,cn_public_2022_2026_cycles_1_0,public_schedule_without_transaction_override,True,242,2024-12-19,complete
2024-12-19,1981.97,0.00,1,1081806.89,last_posted_transaction_or_prior_closing_balance,synb1_txn_02eac2b0fd35c8bd980d701a,trusted,cn_public_2022_2026_cycles_1_0,public_schedule_without_transaction_override,True,243,2024-12-20,complete
2024-12-20,0.00,60993.55,1,1020813.34,last_posted_transaction_or_prior_closing_balance,synb1_txn_47adc4fb3bccdfaac74f048e,trusted,cn_public_2022_2026_cycles_1_0,public_schedule_without_transaction_override,True,244,2024-12-23,complete
2024-12-21,8405.42,0.00,2,1029218.76,last_posted_transaction_or_prior_closing_balance,synb1_txn_13f015eba902aa91a88fa57a,trusted,cn_public_2022_2026_cycles_1_0,public_schedule_without_transaction_override,False,,,complete
2024-12-22,1011.79,0.00,1,1030230.55,last_posted_transaction_or_prior_closing_balance,synb1_txn_8324a7f09ac7c641a3c9b62d,trusted,cn_public_2022_2026_cycles_1_0,public_schedule_without_transaction_override,False,,,complete
2024-12-23,0.00,16870.66,1,1013359.89,last_posted_transaction_or_prior_closing_balance,synb1_txn_725409a4e53fc470143b78ac,trusted,cn_public_2022_2026_cycles_1_0,public_schedule_without_transaction_override,True,245,2024-12-24,complete
2024-12-24,0.00,0.00,0,1013359.89,last_posted_transaction_or_prior_closing_balance,,trusted,cn_public_2022_2026_cycles_1_0,public_schedule_without_transaction_override,True,246,2024-12-25,complete
2024-12-25,0.00,0.00,0,1013359.89,last_posted_transaction_or_prior_closing_balance,,trusted,cn_public_2022_2026_cycles_1_0,public_schedule_without_transaction_override,True,247,2024-12-26,complete
2024-12-26,0.00,0.00,0,1013359.89,last_posted_transaction_or_prior_closing_balance,,trusted,cn_public_2022_2026_cycles_1_0,public_schedule_without_transaction_override,True,248,2024-12-27,complete
2024-12-27,0.00,0.00,0,1013359.89,last_posted_transaction_or_prior_closing_balance,,trusted,cn_public_2022_2026_cycles_1_0,public_schedule_without_transaction_override,True,249,2024-12-30,complete
2024-12-28,15834.00,17541.15,3,1011652.74,last_posted_transaction_or_prior_closing_balance,synb1_txn_9083b0fc1c604e68c9509838,trusted,cn_public_2022_2026_cycles_1_0,public_schedule_without_transaction_override,False,,,complete
2024-12-29,0.00,0.00,0,1011652.74,last_posted_transaction_or_prior_closing_balance,,trusted,cn_public_2022_2026_cycles_1_0,public_schedule_without_transaction_override,False,,,complete
2024-12-30,0.00,0.00,0,1011652.74,last_posted_transaction_or_prior_closing_balance,,trusted,cn_public_2022_2026_cycles_1_0,public_schedule_without_transaction_override,True,250,2024-12-31,complete
2024-12-31,0.00,0.00,0,1011652.74,last_posted_transaction_or_prior_closing_balance,,trusted,cn_public_2022_2026_cycles_1_0,public_schedule_without_transaction_override,True,251,2025-01-02,complete
2025-01-01,0.00,0.00,0,1011652.74,last_posted_transaction_or_prior_closing_balance,,trusted,cn_public_2022_2026_cycles_1_0,public_schedule_without_transaction_override,False,,,complete
2025-01-02,0.00,131.52,1,1011521.22,last_posted_transaction_or_prior_closing_balance,synb1_txn_a6fb85bc2905e0c9c3354072,trusted,cn_public_2022_2026_cycles_1_0,public_schedule_without_transaction_override,True,252,2025-01-03,complete
2025-01-03,0.00,19974.28,1,991546.94,last_posted_transaction_or_prior_closing_balance,synb1_txn_d9bae639b5627623a35cfa16,trusted,cn_public_2022_2026_cycles_1_0,public_schedule_without_transaction_override,True,253,2025-01-06,complete
2025-01-04,27573.49,0.00,1,1019120.43,last_posted_transaction_or_prior_closing_balance,synb1_txn_040e6d13802e6f6ee56556b5,trusted,cn_public_2022_2026_cycles_1_0,public_schedule_without_transaction_override,False,,,complete
2025-01-05,0.00,5800.00,1,1013320.43,last_posted_transaction_or_prior_closing_balance,synb1_txn_2c8ae1c51cea0bc24bfac4ae,trusted,cn_public_2022_2026_cycles_1_0,public_schedule_without_transaction_override,False,,,complete
2025-01-06,5339.36,2673.11,2,1015986.68,last_posted_transaction_or_prior_closing_balance,synb1_txn_8c85202ff0621a20eebd8868,trusted,cn_public_2022_2026_cycles_1_0,public_schedule_without_transaction_override,True,254,2025-01-07,complete
2025-01-07,14292.78,32146.83,3,998132.63,last_posted_transaction_or_prior_closing_balance,synb1_txn_80ca55cf26e4017071e4b02f,trusted,cn_public_2022_2026_cycles_1_0,public_schedule_without_transaction_override,True,255,2025-01-08,complete
2025-01-08,22333.67,0.00,1,1020466.30,last_posted_transaction_or_prior_closing_balance,synb1_txn_250ac97bdbf958ecb5623d41,trusted,cn_public_2022_2026_cycles_1_0,public_schedule_without_transaction_override,True,256,2025-01-09,complete
2025-01-09,0.00,0.00,0,1020466.30,last_posted_transaction_or_prior_closing_balance,,trusted,cn_public_2022_2026_cycles_1_0,public_schedule_without_transaction_override,True,257,2025-01-10,complete
2025-01-10,50561.17,0.00,2,1071027.47,last_posted_transaction_or_prior_closing_balance,synb1_txn_0abd1b6a8acaab0986be3c78,trusted,cn_public_2022_2026_cycles_1_0,public_schedule_without_transaction_override,True,258,2025-01-13,complete
2025-01-11,0.00,0.00,0,1071027.47,last_posted_transaction_or_prior_closing_balance,,trusted,cn_public_2022_2026_cycles_1_0,public_schedule_without_transaction_override,False,,,complete
2025-01-12,0.00,3794.36,1,1067233.11,last_posted_transaction_or_prior_closing_balance,synb1_txn_97fb8b74b7235e640d8c2811,trusted,cn_public_2022_2026_cycles_1_0,public_schedule_without_transaction_override,False,,,complete
2025-01-13,15923.39,0.00,2,1083156.50,last_posted_transaction_or_prior_closing_balance,synb1_txn_503a4cc2a11cc0d35fe3cc4f,trusted,cn_public_2022_2026_cycles_1_0,public_schedule_without_transaction_override,True,259,2025-01-14,complete
2025-01-14,0.00,0.00,0,1083156.50,last_posted_transaction_or_prior_closing_balance,,trusted,cn_public_2022_2026_cycles_1_0,public_schedule_without_transaction_override,True,260,2025-01-15,complete
2025-01-15,0.00,2876.88,1,1080279.62,last_posted_transaction_or_prior_closing_balance,synb1_txn_9ba805a1fc7663e3cdae34f6,trusted,cn_public_2022_2026_cycles_1_0,public_schedule_without_transaction_override,True,261,2025-01-16,complete
2025-01-16,0.00,0.00,0,1080279.62,last_posted_transaction_or_prior_closing_balance,,trusted,cn_public_2022_2026_cycles_1_0,public_schedule_without_transaction_override,True,262,2025-01-17,complete
2025-01-17,2888.75,0.00,1,1083168.37,last_posted_transaction_or_prior_closing_balance,synb1_txn_c777a2d27318ef6c6b3cdd33,trusted,cn_public_2022_2026_cycles_1_0,public_schedule_without_transaction_override,True,263,2025-01-20,complete
2025-01-18,0.00,4592.99,1,1078575.38,last_posted_transaction_or_prior_closing_balance,synb1_txn_68062823d7fd7b5365b67791,trusted,cn_public_2022_2026_cycles_1_0,public_schedule_without_transaction_override,False,,,complete
2025-01-19,9062.13,0.00,1,1087637.51,last_posted_transaction_or_prior_closing_balance,synb1_txn_5bc230ba936c57cbd5a9a1dc,trusted,cn_public_2022_2026_cycles_1_0,public_schedule_without_transaction_override,False,,,complete
2025-01-20,4679.79,1760.64,3,1090556.66,last_posted_transaction_or_prior_closing_balance,synb1_txn_92fe8ed6750a7ed2408da7f3,trusted,cn_public_2022_2026_cycles_1_0,public_schedule_without_transaction_override,True,264,2025-01-21,complete
2025-01-21,2892.63,0.00,1,1093449.29,last_posted_transaction_or_prior_closing_balance,synb1_txn_461a5478c535b75d5fba0be2,trusted,cn_public_2022_2026_cycles_1_0,public_schedule_without_transaction_override,True,265,2025-01-22,complete
2025-01-22,0.00,0.00,0,1093449.29,last_posted_transaction_or_prior_closing_balance,,trusted,cn_public_2022_2026_cycles_1_0,public_schedule_without_transaction_override,True,266,2025-01-23,complete
2025-01-23,0.00,21446.65,1,1072002.64,last_posted_transaction_or_prior_closing_balance,synb1_txn_f353f4b3fd8912f56c2e78a8,trusted,cn_public_2022_2026_cycles_1_0,public_schedule_without_transaction_override,True,267,2025-01-24,complete
2025-01-24,0.00,0.00,0,1072002.64,last_posted_transaction_or_prior_closing_balance,,trusted,cn_public_2022_2026_cycles_1_0,public_schedule_without_transaction_override,True,268,2025-01-26,complete
2025-01-25,0.00,173873.54,2,898129.10,last_posted_transaction_or_prior_closing_balance,synb1_txn_36bd18f985d66667eca6fe37,trusted,cn_public_2022_2026_cycles_1_0,public_schedule_without_transaction_override,False,,,complete
2025-01-26,0.00,0.00,0,898129.10,last_posted_transaction_or_prior_closing_balance,,trusted,cn_public_2022_2026_cycles_1_0,public_schedule_without_transaction_override,True,269,2025-01-27,complete
2025-01-27,0.00,0.00,0,898129.10,last_posted_transaction_or_prior_closing_balance,,trusted,cn_public_2022_2026_cycles_1_0,public_schedule_without_transaction_override,True,270,2025-02-05,complete
2025-01-28,86406.84,0.00,1,984535.94,last_posted_transaction_or_prior_closing_balance,synb1_txn_c9e82596a906eb925f0e97cd,trusted,cn_public_2022_2026_cycles_1_0,public_schedule_without_transaction_override,False,,,complete
2025-01-29,0.00,0.00,0,984535.94,last_posted_transaction_or_prior_closing_balance,,trusted,cn_public_2022_2026_cycles_1_0,public_schedule_without_transaction_override,False,,,complete
2025-01-30,0.00,0.00,0,984535.94,last_posted_transaction_or_prior_closing_balance,,trusted,cn_public_2022_2026_cycles_1_0,public_schedule_without_transaction_override,False,,,complete
2025-01-31,0.00,0.00,0,984535.94,last_posted_transaction_or_prior_closing_balance,,trusted,cn_public_2022_2026_cycles_1_0,public_schedule_without_transaction_override,False,,,complete
2025-02-01,0.00,0.00,0,984535.94,last_posted_transaction_or_prior_closing_balance,,trusted,cn_public_2022_2026_cycles_1_0,public_schedule_without_transaction_override,False,,,complete
2025-02-02,859.02,0.00,1,985394.96,last_posted_transaction_or_prior_closing_balance,synb1_txn_997ab018c441d460564cdfd4,trusted,cn_public_2022_2026_cycles_1_0,public_schedule_without_transaction_override,False,,,complete
2025-02-03,17658.98,0.00,1,1003053.94,last_posted_transaction_or_prior_closing_balance,synb1_txn_53ec1b6eb7321a8630c935eb,trusted,cn_public_2022_2026_cycles_1_0,public_schedule_without_transaction_override,False,,,complete
2025-02-04,18712.68,0.00,1,1021766.62,last_posted_transaction_or_prior_closing_balance,synb1_txn_708b43dc0b1494fe59522a68,trusted,cn_public_2022_2026_cycles_1_0,public_schedule_without_transaction_override,False,,,complete
2025-02-05,13303.17,5800.00,2,1029269.79,last_posted_transaction_or_prior_closing_balance,synb1_txn_57c057e6b4d5a7033b432355,trusted,cn_public_2022_2026_cycles_1_0,public_schedule_without_transaction_override,True,271,2025-02-06,complete
2025-02-06,14.77,0.00,1,1029284.56,last_posted_transaction_or_prior_closing_balance,synb1_txn_85df045fbbfc3d3c91491c05,trusted,cn_public_2022_2026_cycles_1_0,public_schedule_without_transaction_override,True,272,2025-02-07,complete
2025-02-07,0.00,25500.00,1,1003784.56,last_posted_transaction_or_prior_closing_balance,synb1_txn_eb760dfbd4b09f7667bcadd6,trusted,cn_public_2022_2026_cycles_1_0,public_schedule_without_transaction_override,True,273,2025-02-08,complete
2025-02-08,0.00,1196.85,1,1002587.71,last_posted_transaction_or_prior_closing_balance,synb1_txn_04c9eb7530e4ba251014ab78,trusted,cn_public_2022_2026_cycles_1_0,public_schedule_without_transaction_override,True,274,2025-02-10,complete
2025-02-09,61449.64,42482.69,4,1021554.66,last_posted_transaction_or_prior_closing_balance,synb1_txn_299f64ad3bd6db26359dcab6,trusted,cn_public_2022_2026_cycles_1_0,public_schedule_without_transaction_override,False,,,complete
2025-02-10,0.00,8998.15,1,1012556.51,last_posted_transaction_or_prior_closing_balance,synb1_txn_7314241c9ccc4c083fed5c6a,trusted,cn_public_2022_2026_cycles_1_0,public_schedule_without_transaction_override,True,275,2025-02-11,complete
2025-02-11,0.00,0.00,0,1012556.51,last_posted_transaction_or_prior_closing_balance,,trusted,cn_public_2022_2026_cycles_1_0,public_schedule_without_transaction_override,True,276,2025-02-12,complete
2025-02-12,14639.89,0.00,1,1027196.40,last_posted_transaction_or_prior_closing_balance,synb1_txn_ec6c835807abd27115eea98b,trusted,cn_public_2022_2026_cycles_1_0,public_schedule_without_transaction_override,True,277,2025-02-13,complete
2025-02-13,39424.73,4077.82,4,1062543.31,last_posted_transaction_or_prior_closing_balance,synb1_txn_e3e21fb2612228b507f0036e,trusted,cn_public_2022_2026_cycles_1_0,public_schedule_without_transaction_override,True,278,2025-02-14,complete
2025-02-14,28842.28,0.00,1,1091385.59,last_posted_transaction_or_prior_closing_balance,synb1_txn_b5dc376defd120d720d2371a,trusted,cn_public_2022_2026_cycles_1_0,public_schedule_without_transaction_override,True,279,2025-02-17,complete
2025-02-15,0.00,0.00,0,1091385.59,last_posted_transaction_or_prior_closing_balance,,trusted,cn_public_2022_2026_cycles_1_0,public_schedule_without_transaction_override,False,,,complete
2025-02-16,0.00,802.16,1,1090583.43,last_posted_transaction_or_prior_closing_balance,synb1_txn_6261cb71fdf2665080a65dc1,trusted,cn_public_2022_2026_cycles_1_0,public_schedule_without_transaction_override,False,,,complete
2025-02-17,0.00,0.00,0,1090583.43,last_posted_transaction_or_prior_closing_balance,,trusted,cn_public_2022_2026_cycles_1_0,public_schedule_without_transaction_override,True,280,2025-02-18,complete
2025-02-18,0.00,27961.01,3,1062622.42,last_posted_transaction_or_prior_closing_balance,synb1_txn_41cb7ff414c8a001fd649acd,trusted,cn_public_2022_2026_cycles_1_0,public_schedule_without_transaction_override,True,281,2025-02-19,complete
2025-02-19,43827.56,0.00,1,1106449.98,last_posted_transaction_or_prior_closing_balance,synb1_txn_cb9eee707ab58cadd6d3de98,trusted,cn_public_2022_2026_cycles_1_0,public_schedule_without_transaction_override,True,282,2025-02-20,complete
2025-02-20,29467.33,0.00,1,1135917.31,last_posted_transaction_or_prior_closing_balance,synb1_txn_6709b40e2547e4fa6310f2e9,trusted,cn_public_2022_2026_cycles_1_0,public_schedule_without_transaction_override,True,283,2025-02-21,complete
2025-02-21,27131.95,522.18,2,1162527.08,last_posted_transaction_or_prior_closing_balance,synb1_txn_1fd55bcef0ea805a57685cb0,trusted,cn_public_2022_2026_cycles_1_0,public_schedule_without_transaction_override,True,284,2025-02-24,complete
2025-02-22,0.00,616.31,1,1161910.77,last_posted_transaction_or_prior_closing_balance,synb1_txn_6c175191fd4d230ed5e7a17c,trusted,cn_public_2022_2026_cycles_1_0,public_schedule_without_transaction_override,False,,,complete
2025-02-23,0.00,4167.69,1,1157743.08,last_posted_transaction_or_prior_closing_balance,synb1_txn_c26523877b9717af7c1014be,trusted,cn_public_2022_2026_cycles_1_0,public_schedule_without_transaction_override,False,,,complete
2025-02-24,0.00,0.00,0,1157743.08,last_posted_transaction_or_prior_closing_balance,,trusted,cn_public_2022_2026_cycles_1_0,public_schedule_without_transaction_override,True,285,2025-02-25,complete
2025-02-25,0.00,3913.21,1,1153829.87,last_posted_transaction_or_prior_closing_balance,synb1_txn_ec137fb8229d51407d1e8c02,trusted,cn_public_2022_2026_cycles_1_0,public_schedule_without_transaction_override,True,286,2025-02-26,complete
2025-02-26,0.00,0.00,0,1153829.87,last_posted_transaction_or_prior_closing_balance,,trusted,cn_public_2022_2026_cycles_1_0,public_schedule_without_transaction_override,True,287,2025-02-27,complete
2025-02-27,0.00,23716.09,1,1130113.78,last_posted_transaction_or_prior_closing_balance,synb1_txn_cde42dfc5ddabc4596c11366,trusted,cn_public_2022_2026_cycles_1_0,public_schedule_without_transaction_override,True,288,2025-02-28,complete
2025-02-28,0.00,0.00,0,1130113.78,last_posted_transaction_or_prior_closing_balance,,trusted,cn_public_2022_2026_cycles_1_0,public_schedule_without_transaction_override,True,289,2025-03-03,complete
2025-03-01,0.00,0.00,0,1130113.78,last_posted_transaction_or_prior_closing_balance,,trusted,cn_public_2022_2026_cycles_1_0,public_schedule_without_transaction_override,False,,,complete
2025-03-02,12268.71,0.00,1,1142382.49,last_posted_transaction_or_prior_closing_balance,synb1_txn_9cd046110d753ee980c781f7,trusted,cn_public_2022_2026_cycles_1_0,public_schedule_without_transaction_override,False,,,complete
2025-03-03,15416.37,0.00,1,1157798.86,last_posted_transaction_or_prior_closing_balance,synb1_txn_33e103933675fc48223069a9,trusted,cn_public_2022_2026_cycles_1_0,public_schedule_without_transaction_override,True,290,2025-03-04,complete
2025-03-04,0.00,0.00,0,1157798.86,last_posted_transaction_or_prior_closing_balance,,trusted,cn_public_2022_2026_cycles_1_0,public_schedule_without_transaction_override,True,291,2025-03-05,complete
2025-03-05,0.00,24508.09,2,1133290.77,last_posted_transaction_or_prior_closing_balance,synb1_txn_54caee6e609106ef4834c004,trusted,cn_public_2022_2026_cycles_1_0,public_schedule_without_transaction_override,True,292,2025-03-06,complete
2025-03-06,71347.97,0.00,2,1204638.74,last_posted_transaction_or_prior_closing_balance,synb1_txn_be8021d7dca840f3a4f4a880,trusted,cn_public_2022_2026_cycles_1_0,public_schedule_without_transaction_override,True,293,2025-03-07,complete
2025-03-07,1581.09,25500.00,2,1180719.83,last_posted_transaction_or_prior_closing_balance,synb1_txn_65b8e95a82ee3c6bc2b4e0c5,trusted,cn_public_2022_2026_cycles_1_0,public_schedule_without_transaction_override,True,294,2025-03-10,complete
2025-03-08,0.00,655.08,1,1180064.75,last_posted_transaction_or_prior_closing_balance,synb1_txn_4b4bb46d39a8c0251a146f1a,trusted,cn_public_2022_2026_cycles_1_0,public_schedule_without_transaction_override,False,,,complete
2025-03-09,0.00,0.00,0,1180064.75,last_posted_transaction_or_prior_closing_balance,,trusted,cn_public_2022_2026_cycles_1_0,public_schedule_without_transaction_override,False,,,complete
2025-03-10,11742.81,7893.03,4,1183914.53,last_posted_transaction_or_prior_closing_balance,synb1_txn_5bfb28f4b0ae020878fb12d7,trusted,cn_public_2022_2026_cycles_1_0,public_schedule_without_transaction_override,True,295,2025-03-11,complete
2025-03-11,85460.29,13596.14,3,1255778.68,last_posted_transaction_or_prior_closing_balance,synb1_txn_07db74423603233e3d1d11b4,trusted,cn_public_2022_2026_cycles_1_0,public_schedule_without_transaction_override,True,296,2025-03-12,complete
2025-03-12,7175.94,1781.90,3,1261172.72,last_posted_transaction_or_prior_closing_balance,synb1_txn_85bdda7b945a3e8dc88fc55a,trusted,cn_public_2022_2026_cycles_1_0,public_schedule_without_transaction_override,True,297,2025-03-13,complete
2025-03-13,0.00,0.00,0,1261172.72,last_posted_transaction_or_prior_closing_balance,,trusted,cn_public_2022_2026_cycles_1_0,public_schedule_without_transaction_override,True,298,2025-03-14,complete
2025-03-14,27814.14,0.00,1,1288986.86,last_posted_transaction_or_prior_closing_balance,synb1_txn_82ed7094279de8f6b09cee9c,trusted,cn_public_2022_2026_cycles_1_0,public_schedule_without_transaction_override,True,299,2025-03-17,complete
2025-03-15,37416.73,0.00,1,1326403.59,last_posted_transaction_or_prior_closing_balance,synb1_txn_d33e04597022a129173c9dd9,trusted,cn_public_2022_2026_cycles_1_0,public_schedule_without_transaction_override,False,,,complete
2025-03-16,0.00,0.00,0,1326403.59,last_posted_transaction_or_prior_closing_balance,,trusted,cn_public_2022_2026_cycles_1_0,public_schedule_without_transaction_override,False,,,complete
2025-03-17,0.00,0.00,0,1326403.59,last_posted_transaction_or_prior_closing_balance,,trusted,cn_public_2022_2026_cycles_1_0,public_schedule_without_transaction_override,True,300,2025-03-18,complete
2025-03-18,11719.12,14075.12,4,1324047.59,last_posted_transaction_or_prior_closing_balance,synb1_txn_ced3654779feecf01e75035e,trusted,cn_public_2022_2026_cycles_1_0,public_schedule_without_transaction_override,True,301,2025-03-19,complete
2025-03-19,2068.73,0.00,1,1326116.32,last_posted_transaction_or_prior_closing_balance,synb1_txn_9c106a29eed584db3e8b22ef,trusted,cn_public_2022_2026_cycles_1_0,public_schedule_without_transaction_override,True,302,2025-03-20,complete
2025-03-20,7044.10,25907.76,2,1307252.66,last_posted_transaction_or_prior_closing_balance,synb1_txn_0d63344ac4d03af9e3641f0c,trusted,cn_public_2022_2026_cycles_1_0,public_schedule_without_transaction_override,True,303,2025-03-21,complete
2025-03-21,3144.22,12068.82,2,1298328.06,last_posted_transaction_or_prior_closing_balance,synb1_txn_537015cb8a5b1689e0a94022,trusted,cn_public_2022_2026_cycles_1_0,public_schedule_without_transaction_override,True,304,2025-03-24,complete
2025-03-22,71760.90,17111.72,4,1352977.24,last_posted_transaction_or_prior_closing_balance,synb1_txn_62efb9ec1bd72250d8d61b2e,trusted,cn_public_2022_2026_cycles_1_0,public_schedule_without_transaction_override,False,,,complete
2025-03-23,0.00,0.00,0,1352977.24,last_posted_transaction_or_prior_closing_balance,,trusted,cn_public_2022_2026_cycles_1_0,public_schedule_without_transaction_override,False,,,complete
2025-03-24,0.00,0.00,0,1352977.24,last_posted_transaction_or_prior_closing_balance,,trusted,cn_public_2022_2026_cycles_1_0,public_schedule_without_transaction_override,True,305,2025-03-25,complete
2025-03-25,0.00,0.00,0,1352977.24,last_posted_transaction_or_prior_closing_balance,,trusted,cn_public_2022_2026_cycles_1_0,public_schedule_without_transaction_override,True,306,2025-03-26,complete
2025-03-26,0.00,37679.00,1,1315298.24,last_posted_transaction_or_prior_closing_balance,synb1_txn_14c8c045072986358443e9b1,trusted,cn_public_2022_2026_cycles_1_0,public_schedule_without_transaction_override,True,307,2025-03-27,complete
2025-03-27,19400.52,11069.41,3,1323629.35,last_posted_transaction_or_prior_closing_balance,synb1_txn_1fb4574b96f259fd2b9ede99,trusted,cn_public_2022_2026_cycles_1_0,public_schedule_without_transaction_override,True,308,2025-03-28,complete
2025-03-28,44315.36,17138.55,3,1350806.16,last_posted_transaction_or_prior_closing_balance,synb1_txn_86ce66a0d8e900f2576f492e,trusted,cn_public_2022_2026_cycles_1_0,public_schedule_without_transaction_override,True,309,2025-03-31,complete
2025-03-29,0.00,0.00,0,1350806.16,last_posted_transaction_or_prior_closing_balance,,trusted,cn_public_2022_2026_cycles_1_0,public_schedule_without_transaction_override,False,,,complete
2025-03-30,0.00,0.00,0,1350806.16,last_posted_transaction_or_prior_closing_balance,,trusted,cn_public_2022_2026_cycles_1_0,public_schedule_without_transaction_override,False,,,complete
2025-03-31,0.00,0.00,0,1350806.16,last_posted_transaction_or_prior_closing_balance,,trusted,cn_public_2022_2026_cycles_1_0,public_schedule_without_transaction_override,True,310,2025-04-01,complete
2025-04-01,0.00,0.00,0,1350806.16,last_posted_transaction_or_prior_closing_balance,,trusted,cn_public_2022_2026_cycles_1_0,public_schedule_without_transaction_override,True,311,2025-04-02,complete
2025-04-02,26518.38,0.00,1,1377324.54,last_posted_transaction_or_prior_closing_balance,synb1_txn_c8ec05abb8f6c9373c7c45a7,trusted,cn_public_2022_2026_cycles_1_0,public_schedule_without_transaction_override,True,312,2025-04-03,complete
2025-04-03,0.00,43858.98,1,1333465.56,last_posted_transaction_or_prior_closing_balance,synb1_txn_fd7c20edc5c801e329c20f91,trusted,cn_public_2022_2026_cycles_1_0,public_schedule_without_transaction_override,True,313,2025-04-07,complete
2025-04-04,14501.97,0.00,1,1347967.53,last_posted_transaction_or_prior_closing_balance,synb1_txn_bc65e2f53d33af828f7b4769,trusted,cn_public_2022_2026_cycles_1_0,public_schedule_without_transaction_override,False,,,complete
2025-04-05,0.00,5800.00,1,1342167.53,last_posted_transaction_or_prior_closing_balance,synb1_txn_d327041143beedb14b31a9d2,trusted,cn_public_2022_2026_cycles_1_0,public_schedule_without_transaction_override,False,,,complete
2025-04-06,0.00,1702.85,1,1340464.68,last_posted_transaction_or_prior_closing_balance,synb1_txn_5d36ce2324abbf7655475de8,trusted,cn_public_2022_2026_cycles_1_0,public_schedule_without_transaction_override,False,,,complete
2025-04-07,8950.54,25539.28,3,1323875.94,last_posted_transaction_or_prior_closing_balance,synb1_txn_ce61a2bb9d76226930c58364,trusted,cn_public_2022_2026_cycles_1_0,public_schedule_without_transaction_override,True,314,2025-04-08,complete
2025-04-08,0.00,0.00,0,1323875.94,last_posted_transaction_or_prior_closing_balance,,trusted,cn_public_2022_2026_cycles_1_0,public_schedule_without_transaction_override,True,315,2025-04-09,complete
2025-04-09,0.00,29605.95,1,1294269.99,last_posted_transaction_or_prior_closing_balance,synb1_txn_9f97aca6721748088d8eb8e8,trusted,cn_public_2022_2026_cycles_1_0,public_schedule_without_transaction_override,True,316,2025-04-10,complete
2025-04-10,68913.05,0.00,2,1363183.04,last_posted_transaction_or_prior_closing_balance,synb1_txn_00bb7ac00ca30ad050a9ffa5,trusted,cn_public_2022_2026_cycles_1_0,public_schedule_without_transaction_override,True,317,2025-04-11,complete
2025-04-11,0.00,10223.34,1,1352959.70,last_posted_transaction_or_prior_closing_balance,synb1_txn_7fd2d930462b87f0e16c97d2,trusted,cn_public_2022_2026_cycles_1_0,public_schedule_without_transaction_override,True,318,2025-04-14,complete
2025-04-12,44594.41,0.00,2,1397554.11,last_posted_transaction_or_prior_closing_balance,synb1_txn_1f802ef7ff33247de178c983,trusted,cn_public_2022_2026_cycles_1_0,public_schedule_without_transaction_override,False,,,complete
2025-04-13,0.00,0.00,0,1397554.11,last_posted_transaction_or_prior_closing_balance,,trusted,cn_public_2022_2026_cycles_1_0,public_schedule_without_transaction_override,False,,,complete
2025-04-14,62650.90,0.00,1,1460205.01,last_posted_transaction_or_prior_closing_balance,synb1_txn_1c0345f19ca6950d31dc7eca,trusted,cn_public_2022_2026_cycles_1_0,public_schedule_without_transaction_override,True,319,2025-04-15,complete
2025-04-15,0.00,0.00,0,1460205.01,last_posted_transaction_or_prior_closing_balance,,trusted,cn_public_2022_2026_cycles_1_0,public_schedule_without_transaction_override,True,320,2025-04-16,complete
2025-04-16,9971.92,0.00,1,1470176.93,last_posted_transaction_or_prior_closing_balance,synb1_txn_668189d074f422b986811bac,trusted,cn_public_2022_2026_cycles_1_0,public_schedule_without_transaction_override,True,321,2025-04-17,complete
2025-04-17,0.00,0.00,0,1470176.93,last_posted_transaction_or_prior_closing_balance,,trusted,cn_public_2022_2026_cycles_1_0,public_schedule_without_transaction_override,True,322,2025-04-18,complete
2025-04-18,52550.24,14154.08,4,1508573.09,last_posted_transaction_or_prior_closing_balance,synb1_txn_ca289d388c100864502efdcc,trusted,cn_public_2022_2026_cycles_1_0,public_schedule_without_transaction_override,True,323,2025-04-21,complete
2025-04-19,21794.80,10113.49,2,1520254.40,last_posted_transaction_or_prior_closing_balance,synb1_txn_652d7fe0b39bc145bcd53654,trusted,cn_public_2022_2026_cycles_1_0,public_schedule_without_transaction_override,False,,,complete
2025-04-20,0.00,2015.34,1,1518239.06,last_posted_transaction_or_prior_closing_balance,synb1_txn_f8ad1ae7a4f02dbfe2ab30a0,trusted,cn_public_2022_2026_cycles_1_0,public_schedule_without_transaction_override,False,,,complete
2025-04-21,27835.38,0.00,1,1546074.44,last_posted_transaction_or_prior_closing_balance,synb1_txn_04f81a77c7495bc454591251,trusted,cn_public_2022_2026_cycles_1_0,public_schedule_without_transaction_override,True,324,2025-04-22,complete
2025-04-22,0.00,0.00,0,1546074.44,last_posted_transaction_or_prior_closing_balance,,trusted,cn_public_2022_2026_cycles_1_0,public_schedule_without_transaction_override,True,325,2025-04-23,complete
2025-04-23,0.00,0.00,0,1546074.44,last_posted_transaction_or_prior_closing_balance,,trusted,cn_public_2022_2026_cycles_1_0,public_schedule_without_transaction_override,True,326,2025-04-24,complete
2025-04-24,0.00,123685.22,2,1422389.22,last_posted_transaction_or_prior_closing_balance,synb1_txn_70a13e696a4f4ad684326e30,trusted,cn_public_2022_2026_cycles_1_0,public_schedule_without_transaction_override,True,327,2025-04-25,complete
2025-04-25,34922.41,23024.85,3,1434286.78,last_posted_transaction_or_prior_closing_balance,synb1_txn_6acf316b596d96698a6c737e,trusted,cn_public_2022_2026_cycles_1_0,public_schedule_without_transaction_override,True,328,2025-04-27,complete
2025-04-26,0.00,0.00,0,1434286.78,last_posted_transaction_or_prior_closing_balance,,trusted,cn_public_2022_2026_cycles_1_0,public_schedule_without_transaction_override,False,,,complete
2025-04-27,0.00,0.00,0,1434286.78,last_posted_transaction_or_prior_closing_balance,,trusted,cn_public_2022_2026_cycles_1_0,public_schedule_without_transaction_override,True,329,2025-04-28,complete
2025-04-28,0.00,0.00,0,1434286.78,last_posted_transaction_or_prior_closing_balance,,trusted,cn_public_2022_2026_cycles_1_0,public_schedule_without_transaction_override,True,330,2025-04-29,complete
2025-04-29,0.00,0.00,0,1434286.78,last_posted_transaction_or_prior_closing_balance,,trusted,cn_public_2022_2026_cycles_1_0,public_schedule_without_transaction_override,True,331,2025-04-30,complete
2025-04-30,0.00,0.00,0,1434286.78,last_posted_transaction_or_prior_closing_balance,,trusted,cn_public_2022_2026_cycles_1_0,public_schedule_without_transaction_override,True,332,2025-05-06,complete
2025-05-01,0.00,0.00,0,1434286.78,last_posted_transaction_or_prior_closing_balance,,trusted,cn_public_2022_2026_cycles_1_0,public_schedule_without_transaction_override,False,,,complete
2025-05-02,0.00,44823.20,2,1389463.58,last_posted_transaction_or_prior_closing_balance,synb1_txn_8659fd1a767fd2c38f88b889,trusted,cn_public_2022_2026_cycles_1_0,public_schedule_without_transaction_override,False,,,complete
2025-05-03,0.00,42367.80,1,1347095.78,last_posted_transaction_or_prior_closing_balance,synb1_txn_04b5dd5b1c0a0dc0576137d2,trusted,cn_public_2022_2026_cycles_1_0,public_schedule_without_transaction_override,False,,,complete
2025-05-04,17955.88,0.00,2,1365051.66,last_posted_transaction_or_prior_closing_balance,synb1_txn_2b51c70e2cebcc954ebaab21,trusted,cn_public_2022_2026_cycles_1_0,public_schedule_without_transaction_override,False,,,complete
2025-05-05,2611.70,12836.05,4,1354827.31,last_posted_transaction_or_prior_closing_balance,synb1_txn_3b18bf5ca310a657d68436da,trusted,cn_public_2022_2026_cycles_1_0,public_schedule_without_transaction_override,False,,,complete
2025-05-06,95584.98,0.00,1,1450412.29,last_posted_transaction_or_prior_closing_balance,synb1_txn_6ad8e315b9dbc50c4991a6ee,trusted,cn_public_2022_2026_cycles_1_0,public_schedule_without_transaction_override,True,333,2025-05-07,complete
2025-05-07,74139.59,80549.11,3,1444002.77,last_posted_transaction_or_prior_closing_balance,synb1_txn_6079466ef455c3d71a2a9a9a,trusted,cn_public_2022_2026_cycles_1_0,public_schedule_without_transaction_override,True,334,2025-05-08,complete
2025-05-08,0.00,0.00,0,1444002.77,last_posted_transaction_or_prior_closing_balance,,trusted,cn_public_2022_2026_cycles_1_0,public_schedule_without_transaction_override,True,335,2025-05-09,complete
2025-05-09,8749.96,494.17,2,1452258.56,last_posted_transaction_or_prior_closing_balance,synb1_txn_facfc3a432b21ca1710c9301,trusted,cn_public_2022_2026_cycles_1_0,public_schedule_without_transaction_override,True,336,2025-05-12,complete
2025-05-10,0.00,0.00,0,1452258.56,last_posted_transaction_or_prior_closing_balance,,trusted,cn_public_2022_2026_cycles_1_0,public_schedule_without_transaction_override,False,,,complete
2025-05-11,115348.70,1146.85,2,1566460.41,last_posted_transaction_or_prior_closing_balance,synb1_txn_18724edf734008200fbfaf0e,trusted,cn_public_2022_2026_cycles_1_0,public_schedule_without_transaction_override,False,,,complete
2025-05-12,40353.99,0.00,1,1606814.40,last_posted_transaction_or_prior_closing_balance,synb1_txn_b2e53af0876d9822cd78223c,trusted,cn_public_2022_2026_cycles_1_0,public_schedule_without_transaction_override,True,337,2025-05-13,complete
2025-05-13,0.00,0.00,0,1606814.40,last_posted_transaction_or_prior_closing_balance,,trusted,cn_public_2022_2026_cycles_1_0,public_schedule_without_transaction_override,True,338,2025-05-14,complete
2025-05-14,0.00,16125.31,2,1590689.09,last_posted_transaction_or_prior_closing_balance,synb1_txn_3def49d2e19765d355689164,trusted,cn_public_2022_2026_cycles_1_0,public_schedule_without_transaction_override,True,339,2025-05-15,complete
2025-05-15,0.00,0.00,0,1590689.09,last_posted_transaction_or_prior_closing_balance,,trusted,cn_public_2022_2026_cycles_1_0,public_schedule_without_transaction_override,True,340,2025-05-16,complete
2025-05-16,0.00,0.00,0,1590689.09,last_posted_transaction_or_prior_closing_balance,,trusted,cn_public_2022_2026_cycles_1_0,public_schedule_without_transaction_override,True,341,2025-05-19,complete
2025-05-17,0.00,0.00,0,1590689.09,last_posted_transaction_or_prior_closing_balance,,trusted,cn_public_2022_2026_cycles_1_0,public_schedule_without_transaction_override,False,,,complete
2025-05-18,4839.42,77160.02,2,1518368.49,last_posted_transaction_or_prior_closing_balance,synb1_txn_b4adc2f69de094f80102c152,trusted,cn_public_2022_2026_cycles_1_0,public_schedule_without_transaction_override,False,,,complete
2025-05-19,0.00,32865.06,4,1485503.43,last_posted_transaction_or_prior_closing_balance,synb1_txn_cfcd462c25f0be04aeb7ba02,trusted,cn_public_2022_2026_cycles_1_0,public_schedule_without_transaction_override,True,342,2025-05-20,complete
2025-05-20,0.00,0.00,0,1485503.43,last_posted_transaction_or_prior_closing_balance,,trusted,cn_public_2022_2026_cycles_1_0,public_schedule_without_transaction_override,True,343,2025-05-21,complete
2025-05-21,0.00,0.00,0,1485503.43,last_posted_transaction_or_prior_closing_balance,,trusted,cn_public_2022_2026_cycles_1_0,public_schedule_without_transaction_override,True,344,2025-05-22,complete
2025-05-22,0.00,8024.09,2,1477479.34,last_posted_transaction_or_prior_closing_balance,synb1_txn_a3221df6088aedb02906d93b,trusted,cn_public_2022_2026_cycles_1_0,public_schedule_without_transaction_override,True,345,2025-05-23,complete
2025-05-23,0.00,0.00,0,1477479.34,last_posted_transaction_or_prior_closing_balance,,trusted,cn_public_2022_2026_cycles_1_0,public_schedule_without_transaction_override,True,346,2025-05-26,complete
2025-05-24,36563.78,0.00,1,1514043.12,last_posted_transaction_or_prior_closing_balance,synb1_txn_50182dcec01a7b0740dd71d8,trusted,cn_public_2022_2026_cycles_1_0,public_schedule_without_transaction_override,False,,,complete
2025-05-25,0.00,0.00,0,1514043.12,last_posted_transaction_or_prior_closing_balance,,trusted,cn_public_2022_2026_cycles_1_0,public_schedule_without_transaction_override,False,,,complete
2025-05-26,0.00,3778.14,1,1510264.98,last_posted_transaction_or_prior_closing_balance,synb1_txn_aa5fe9121d91a4a5bce0868d,trusted,cn_public_2022_2026_cycles_1_0,public_schedule_without_transaction_override,True,347,2025-05-27,complete
2025-05-27,0.00,0.00,0,1510264.98,last_posted_transaction_or_prior_closing_balance,,trusted,cn_public_2022_2026_cycles_1_0,public_schedule_without_transaction_override,True,348,2025-05-28,complete
2025-05-28,0.00,0.00,0,1510264.98,last_posted_transaction_or_prior_closing_balance,,trusted,cn_public_2022_2026_cycles_1_0,public_schedule_without_transaction_override,True,349,2025-05-29,complete
2025-05-29,0.00,0.00,0,1510264.98,last_posted_transaction_or_prior_closing_balance,,trusted,cn_public_2022_2026_cycles_1_0,public_schedule_without_transaction_override,True,350,2025-05-30,complete
2025-05-30,0.00,0.00,0,1510264.98,last_posted_transaction_or_prior_closing_balance,,trusted,cn_public_2022_2026_cycles_1_0,public_schedule_without_transaction_override,True,351,2025-06-03,complete
2025-05-31,0.00,0.00,0,1510264.98,last_posted_transaction_or_prior_closing_balance,,trusted,cn_public_2022_2026_cycles_1_0,public_schedule_without_transaction_override,False,,,complete
2025-06-01,0.00,0.00,0,1510264.98,last_posted_transaction_or_prior_closing_balance,,trusted,cn_public_2022_2026_cycles_1_0,public_schedule_without_transaction_override,False,,,complete
2025-06-02,0.00,2938.58,1,1507326.40,last_posted_transaction_or_prior_closing_balance,synb1_txn_2f9c3c8dcf5ef2b7aecec3ac,trusted,cn_public_2022_2026_cycles_1_0,public_schedule_without_transaction_override,False,,,complete
2025-06-03,0.00,4989.02,1,1502337.38,last_posted_transaction_or_prior_closing_balance,synb1_txn_361af625eb03cb451ef40a39,trusted,cn_public_2022_2026_cycles_1_0,public_schedule_without_transaction_override,True,352,2025-06-04,complete
2025-06-04,0.00,35458.10,2,1466879.28,last_posted_transaction_or_prior_closing_balance,synb1_txn_6fdf3ad9cf53fc639c06db6a,trusted,cn_public_2022_2026_cycles_1_0,public_schedule_without_transaction_override,True,353,2025-06-05,complete
2025-06-05,189149.72,5800.00,2,1650229.00,last_posted_transaction_or_prior_closing_balance,synb1_txn_26815cb5629cbfa11476c570,trusted,cn_public_2022_2026_cycles_1_0,public_schedule_without_transaction_override,True,354,2025-06-06,complete
2025-06-06,0.00,0.00,0,1650229.00,last_posted_transaction_or_prior_closing_balance,,trusted,cn_public_2022_2026_cycles_1_0,public_schedule_without_transaction_override,True,355,2025-06-09,complete
2025-06-07,94573.44,25500.00,3,1719302.44,last_posted_transaction_or_prior_closing_balance,synb1_txn_e198886a60fe4eb00281bb7f,trusted,cn_public_2022_2026_cycles_1_0,public_schedule_without_transaction_override,False,,,complete
2025-06-08,0.00,0.00,0,1719302.44,last_posted_transaction_or_prior_closing_balance,,trusted,cn_public_2022_2026_cycles_1_0,public_schedule_without_transaction_override,False,,,complete
2025-06-09,0.00,0.00,0,1719302.44,last_posted_transaction_or_prior_closing_balance,,trusted,cn_public_2022_2026_cycles_1_0,public_schedule_without_transaction_override,True,356,2025-06-10,complete
2025-06-10,66205.65,0.00,1,1785508.09,last_posted_transaction_or_prior_closing_balance,synb1_txn_dddaf862bf23ce51fcb7ba82,trusted,cn_public_2022_2026_cycles_1_0,public_schedule_without_transaction_override,True,357,2025-06-11,complete
2025-06-11,0.00,0.00,0,1785508.09,last_posted_transaction_or_prior_closing_balance,,trusted,cn_public_2022_2026_cycles_1_0,public_schedule_without_transaction_override,True,358,2025-06-12,complete
2025-06-12,0.00,0.00,0,1785508.09,last_posted_transaction_or_prior_closing_balance,,trusted,cn_public_2022_2026_cycles_1_0,public_schedule_without_transaction_override,True,359,2025-06-13,complete
2025-06-13,0.00,271.67,1,1785236.42,last_posted_transaction_or_prior_closing_balance,synb1_txn_1afff80ce078ab55f3c5c7f5,trusted,cn_public_2022_2026_cycles_1_0,public_schedule_without_transaction_override,True,360,2025-06-16,complete
2025-06-14,0.00,96223.01,1,1689013.41,last_posted_transaction_or_prior_closing_balance,synb1_txn_26003717e90c795ddf9a5f6c,trusted,cn_public_2022_2026_cycles_1_0,public_schedule_without_transaction_override,False,,,complete
2025-06-15,5163.57,0.00,1,1694176.98,last_posted_transaction_or_prior_closing_balance,synb1_txn_64247bc5104eb5e9c8e89fe2,trusted,cn_public_2022_2026_cycles_1_0,public_schedule_without_transaction_override,False,,,complete
2025-06-16,0.00,29911.67,1,1664265.31,last_posted_transaction_or_prior_closing_balance,synb1_txn_d2d36ad9db5e908d2da78529,trusted,cn_public_2022_2026_cycles_1_0,public_schedule_without_transaction_override,True,361,2025-06-17,complete
2025-06-17,0.00,14078.12,1,1650187.19,last_posted_transaction_or_prior_closing_balance,synb1_txn_38a8c11c4ece5aa5259def44,trusted,cn_public_2022_2026_cycles_1_0,public_schedule_without_transaction_override,True,362,2025-06-18,complete
2025-06-18,0.00,23449.62,4,1626737.57,last_posted_transaction_or_prior_closing_balance,synb1_txn_4d07dcb2a7d8031a9b6a1690,trusted,cn_public_2022_2026_cycles_1_0,public_schedule_without_transaction_override,True,363,2025-06-19,complete
2025-06-19,0.00,0.00,0,1626737.57,last_posted_transaction_or_prior_closing_balance,,trusted,cn_public_2022_2026_cycles_1_0,public_schedule_without_transaction_override,True,364,2025-06-20,complete
2025-06-20,0.00,0.00,0,1626737.57,last_posted_transaction_or_prior_closing_balance,,trusted,cn_public_2022_2026_cycles_1_0,public_schedule_without_transaction_override,True,365,2025-06-23,complete
2025-06-21,0.00,0.00,0,1626737.57,last_posted_transaction_or_prior_closing_balance,,trusted,cn_public_2022_2026_cycles_1_0,public_schedule_without_transaction_override,False,,,complete
2025-06-22,0.00,0.00,0,1626737.57,last_posted_transaction_or_prior_closing_balance,,trusted,cn_public_2022_2026_cycles_1_0,public_schedule_without_transaction_override,False,,,complete
2025-06-23,703.62,27949.08,2,1599492.11,last_posted_transaction_or_prior_closing_balance,synb1_txn_3c5495724305a9b6531a4b3b,trusted,cn_public_2022_2026_cycles_1_0,public_schedule_without_transaction_override,True,366,2025-06-24,complete
2025-06-24,0.00,23073.39,1,1576418.72,last_posted_transaction_or_prior_closing_balance,synb1_txn_eddeccff2c88fc48cdea2811,trusted,cn_public_2022_2026_cycles_1_0,public_schedule_without_transaction_override,True,367,2025-06-25,complete
2025-06-25,0.00,353.31,1,1576065.41,last_posted_transaction_or_prior_closing_balance,synb1_txn_461ff115ff904315291b8516,trusted,cn_public_2022_2026_cycles_1_0,public_schedule_without_transaction_override,True,368,2025-06-26,complete
2025-06-26,0.00,0.00,0,1576065.41,last_posted_transaction_or_prior_closing_balance,,trusted,cn_public_2022_2026_cycles_1_0,public_schedule_without_transaction_override,True,369,2025-06-27,complete
2025-06-27,0.00,0.00,0,1576065.41,last_posted_transaction_or_prior_closing_balance,,trusted,cn_public_2022_2026_cycles_1_0,public_schedule_without_transaction_override,True,370,2025-06-30,complete
2025-06-28,0.00,558.72,1,1575506.69,last_posted_transaction_or_prior_closing_balance,synb1_txn_fc9a1634d191ec8736d68676,trusted,cn_public_2022_2026_cycles_1_0,public_schedule_without_transaction_override,False,,,complete
2025-06-29,0.00,0.00,0,1575506.69,last_posted_transaction_or_prior_closing_balance,,trusted,cn_public_2022_2026_cycles_1_0,public_schedule_without_transaction_override,False,,,complete
2025-06-30,0.00,0.00,0,1575506.69,last_posted_transaction_or_prior_closing_balance,,trusted,cn_public_2022_2026_cycles_1_0,public_schedule_without_transaction_override,True,371,2025-07-01,complete
2025-07-01,0.00,0.00,0,1575506.69,last_posted_transaction_or_prior_closing_balance,,trusted,cn_public_2022_2026_cycles_1_0,public_schedule_without_transaction_override,True,372,2025-07-02,complete
2025-07-02,51706.78,0.00,1,1627213.47,last_posted_transaction_or_prior_closing_balance,synb1_txn_9748af30ff7eac5bf2e8fae7,trusted,cn_public_2022_2026_cycles_1_0,public_schedule_without_transaction_override,True,373,2025-07-03,complete
2025-07-03,64626.18,0.00,1,1691839.65,last_posted_transaction_or_prior_closing_balance,synb1_txn_26bea326f4296485bc3fca7e,trusted,cn_public_2022_2026_cycles_1_0,public_schedule_without_transaction_override,True,374,2025-07-04,complete
2025-07-04,0.00,0.00,0,1691839.65,last_posted_transaction_or_prior_closing_balance,,trusted,cn_public_2022_2026_cycles_1_0,public_schedule_without_transaction_override,True,375,2025-07-07,complete
2025-07-05,0.00,145193.05,2,1546646.60,last_posted_transaction_or_prior_closing_balance,synb1_txn_7f01c06cdf9b50eb3b1b4f59,trusted,cn_public_2022_2026_cycles_1_0,public_schedule_without_transaction_override,False,,,complete
2025-07-06,33119.02,16903.92,3,1562861.70,last_posted_transaction_or_prior_closing_balance,synb1_txn_a5911b668611e1d1d27eb2b5,trusted,cn_public_2022_2026_cycles_1_0,public_schedule_without_transaction_override,False,,,complete
2025-07-07,0.00,25500.00,1,1537361.70,last_posted_transaction_or_prior_closing_balance,synb1_txn_2541cac7c5c26a2b03878569,trusted,cn_public_2022_2026_cycles_1_0,public_schedule_without_transaction_override,True,376,2025-07-08,complete
2025-07-08,0.00,6072.70,1,1531289.00,last_posted_transaction_or_prior_closing_balance,synb1_txn_bbd22adddec88c20a8909621,trusted,cn_public_2022_2026_cycles_1_0,public_schedule_without_transaction_override,True,377,2025-07-09,complete
2025-07-09,170815.56,8151.31,2,1693953.25,last_posted_transaction_or_prior_closing_balance,synb1_txn_4e14ff155f34cb001774668c,trusted,cn_public_2022_2026_cycles_1_0,public_schedule_without_transaction_override,True,378,2025-07-10,complete
2025-07-10,138379.60,41737.79,3,1790595.06,last_posted_transaction_or_prior_closing_balance,synb1_txn_da49adf5ee320790024d8a20,trusted,cn_public_2022_2026_cycles_1_0,public_schedule_without_transaction_override,True,379,2025-07-11,complete
2025-07-11,0.00,0.00,0,1790595.06,last_posted_transaction_or_prior_closing_balance,,trusted,cn_public_2022_2026_cycles_1_0,public_schedule_without_transaction_override,True,380,2025-07-14,complete
2025-07-12,21290.91,34451.48,2,1777434.49,last_posted_transaction_or_prior_closing_balance,synb1_txn_272417fb593ed8c24ec69b05,trusted,cn_public_2022_2026_cycles_1_0,public_schedule_without_transaction_override,False,,,complete
2025-07-13,10438.93,0.00,1,1787873.42,last_posted_transaction_or_prior_closing_balance,synb1_txn_5f93310adb669dddfb7dabe8,trusted,cn_public_2022_2026_cycles_1_0,public_schedule_without_transaction_override,False,,,complete
2025-07-14,0.00,0.00,0,1787873.42,last_posted_transaction_or_prior_closing_balance,,trusted,cn_public_2022_2026_cycles_1_0,public_schedule_without_transaction_override,True,381,2025-07-15,complete
2025-07-15,0.00,816.21,1,1787057.21,last_posted_transaction_or_prior_closing_balance,synb1_txn_2863392b6b8050a8b9ecd713,trusted,cn_public_2022_2026_cycles_1_0,public_schedule_without_transaction_override,True,382,2025-07-16,complete
2025-07-16,10334.31,1125.37,2,1796266.15,last_posted_transaction_or_prior_closing_balance,synb1_txn_7ac62233c35a2b0c916743f2,trusted,cn_public_2022_2026_cycles_1_0,public_schedule_without_transaction_override,True,383,2025-07-17,complete
2025-07-17,0.00,58805.75,2,1737460.40,last_posted_transaction_or_prior_closing_balance,synb1_txn_731fad3a8185473806cc023f,trusted,cn_public_2022_2026_cycles_1_0,public_schedule_without_transaction_override,True,384,2025-07-18,complete
2025-07-18,0.00,19507.57,3,1717952.83,last_posted_transaction_or_prior_closing_balance,synb1_txn_9b4c130176056e9d7a4142e2,trusted,cn_public_2022_2026_cycles_1_0,public_schedule_without_transaction_override,True,385,2025-07-21,complete
2025-07-19,14930.86,0.00,2,1732883.69,last_posted_transaction_or_prior_closing_balance,synb1_txn_9559656680c04f412469eb22,trusted,cn_public_2022_2026_cycles_1_0,public_schedule_without_transaction_override,False,,,complete
2025-07-20,0.00,2361.64,1,1730522.05,last_posted_transaction_or_prior_closing_balance,synb1_txn_0e48d51689402bd389a03317,trusted,cn_public_2022_2026_cycles_1_0,public_schedule_without_transaction_override,False,,,complete
2025-07-21,0.00,0.00,0,1730522.05,last_posted_transaction_or_prior_closing_balance,,trusted,cn_public_2022_2026_cycles_1_0,public_schedule_without_transaction_override,True,386,2025-07-22,complete
2025-07-22,0.00,0.00,0,1730522.05,last_posted_transaction_or_prior_closing_balance,,trusted,cn_public_2022_2026_cycles_1_0,public_schedule_without_transaction_override,True,387,2025-07-23,complete
2025-07-23,0.00,48667.43,1,1681854.62,last_posted_transaction_or_prior_closing_balance,synb1_txn_7ce79a56bce2704ecb4b165a,trusted,cn_public_2022_2026_cycles_1_0,public_schedule_without_transaction_override,True,388,2025-07-24,complete
2025-07-24,18165.69,0.00,1,1700020.31,last_posted_transaction_or_prior_closing_balance,synb1_txn_06982404877e34fdcb63d87f,trusted,cn_public_2022_2026_cycles_1_0,public_schedule_without_transaction_override,True,389,2025-07-25,complete
2025-07-25,0.00,0.00,0,1700020.31,last_posted_transaction_or_prior_closing_balance,,trusted,cn_public_2022_2026_cycles_1_0,public_schedule_without_transaction_override,True,390,2025-07-28,complete
2025-07-26,0.00,0.00,0,1700020.31,last_posted_transaction_or_prior_closing_balance,,trusted,cn_public_2022_2026_cycles_1_0,public_schedule_without_transaction_override,False,,,complete
2025-07-27,0.00,0.00,0,1700020.31,last_posted_transaction_or_prior_closing_balance,,trusted,cn_public_2022_2026_cycles_1_0,public_schedule_without_transaction_override,False,,,complete
2025-07-28,20254.16,0.00,2,1720274.47,last_posted_transaction_or_prior_closing_balance,synb1_txn_802dee443668d9cbe1223689,trusted,cn_public_2022_2026_cycles_1_0,public_schedule_without_transaction_override,True,391,2025-07-29,complete
2025-07-29,0.00,0.00,0,1720274.47,last_posted_transaction_or_prior_closing_balance,,trusted,cn_public_2022_2026_cycles_1_0,public_schedule_without_transaction_override,True,392,2025-07-30,complete
2025-07-30,0.00,0.00,0,1720274.47,last_posted_transaction_or_prior_closing_balance,,trusted,cn_public_2022_2026_cycles_1_0,public_schedule_without_transaction_override,True,393,2025-07-31,complete
2025-07-31,0.00,0.00,0,1720274.47,last_posted_transaction_or_prior_closing_balance,,trusted,cn_public_2022_2026_cycles_1_0,public_schedule_without_transaction_override,True,394,2025-08-01,complete
2025-08-01,0.00,0.00,0,1720274.47,last_posted_transaction_or_prior_closing_balance,,trusted,cn_public_2022_2026_cycles_1_0,public_schedule_without_transaction_override,True,395,2025-08-04,complete
2025-08-02,0.00,0.00,0,1720274.47,last_posted_transaction_or_prior_closing_balance,,trusted,cn_public_2022_2026_cycles_1_0,public_schedule_without_transaction_override,False,,,complete
2025-08-03,5554.21,0.00,1,1725828.68,last_posted_transaction_or_prior_closing_balance,synb1_txn_77698f0a12650a96084869ee,trusted,cn_public_2022_2026_cycles_1_0,public_schedule_without_transaction_override,False,,,complete
2025-08-04,0.00,0.00,0,1725828.68,last_posted_transaction_or_prior_closing_balance,,trusted,cn_public_2022_2026_cycles_1_0,public_schedule_without_transaction_override,True,396,2025-08-05,complete
2025-08-05,37281.37,5800.00,2,1757310.05,last_posted_transaction_or_prior_closing_balance,synb1_txn_5e7768e1629e18ff979eab1b,trusted,cn_public_2022_2026_cycles_1_0,public_schedule_without_transaction_override,True,397,2025-08-06,complete
2025-08-06,0.00,304347.73,3,1452962.32,last_posted_transaction_or_prior_closing_balance,synb1_txn_5ea51f2f42e2f19ca4e761d0,trusted,cn_public_2022_2026_cycles_1_0,public_schedule_without_transaction_override,True,398,2025-08-07,complete
2025-08-07,101039.34,25500.00,4,1528501.66,last_posted_transaction_or_prior_closing_balance,synb1_txn_cc28d3ceb97c91a34c4085d4,trusted,cn_public_2022_2026_cycles_1_0,public_schedule_without_transaction_override,True,399,2025-08-08,complete
2025-08-08,0.00,0.00,0,1528501.66,last_posted_transaction_or_prior_closing_balance,,trusted,cn_public_2022_2026_cycles_1_0,public_schedule_without_transaction_override,True,400,2025-08-11,complete
2025-08-09,76459.74,0.00,3,1604961.40,last_posted_transaction_or_prior_closing_balance,synb1_txn_d0a6f06c6df8eed900c84803,trusted,cn_public_2022_2026_cycles_1_0,public_schedule_without_transaction_override,False,,,complete
2025-08-10,0.00,8565.84,1,1596395.56,last_posted_transaction_or_prior_closing_balance,synb1_txn_5bfb78dd0cae0234aa01fcc0,trusted,cn_public_2022_2026_cycles_1_0,public_schedule_without_transaction_override,False,,,complete
2025-08-11,0.00,147722.98,2,1448672.58,last_posted_transaction_or_prior_closing_balance,synb1_txn_1e45682ed0edbb2a3c1d2198,trusted,cn_public_2022_2026_cycles_1_0,public_schedule_without_transaction_override,True,401,2025-08-12,complete
2025-08-12,69519.57,558.15,2,1517634.00,last_posted_transaction_or_prior_closing_balance,synb1_txn_85b03acb672a7dac1c615fcb,trusted,cn_public_2022_2026_cycles_1_0,public_schedule_without_transaction_override,True,402,2025-08-13,complete
2025-08-13,25250.41,2519.37,2,1540365.04,last_posted_transaction_or_prior_closing_balance,synb1_txn_2d87e3028572964ed6770fcc,trusted,cn_public_2022_2026_cycles_1_0,public_schedule_without_transaction_override,True,403,2025-08-14,complete
2025-08-14,0.00,0.00,0,1540365.04,last_posted_transaction_or_prior_closing_balance,,trusted,cn_public_2022_2026_cycles_1_0,public_schedule_without_transaction_override,True,404,2025-08-15,complete
2025-08-15,0.00,0.00,0,1540365.04,last_posted_transaction_or_prior_closing_balance,,trusted,cn_public_2022_2026_cycles_1_0,public_schedule_without_transaction_override,True,405,2025-08-18,complete
2025-08-16,2265.65,0.00,1,1542630.69,last_posted_transaction_or_prior_closing_balance,synb1_txn_be64b630be1595d4c4d8ce18,trusted,cn_public_2022_2026_cycles_1_0,public_schedule_without_transaction_override,False,,,complete
2025-08-17,0.00,0.00,0,1542630.69,last_posted_transaction_or_prior_closing_balance,,trusted,cn_public_2022_2026_cycles_1_0,public_schedule_without_transaction_override,False,,,complete
2025-08-18,0.00,44830.04,3,1497800.65,last_posted_transaction_or_prior_closing_balance,synb1_txn_d6fdc14b0ead8b1c0f6f96a4,trusted,cn_public_2022_2026_cycles_1_0,public_schedule_without_transaction_override,True,406,2025-08-19,complete
2025-08-19,195872.13,0.00,1,1693672.78,last_posted_transaction_or_prior_closing_balance,synb1_txn_543fd8d0ffe21462adeb10bb,trusted,cn_public_2022_2026_cycles_1_0,public_schedule_without_transaction_override,True,407,2025-08-20,complete
2025-08-20,0.00,0.00,0,1693672.78,last_posted_transaction_or_prior_closing_balance,,trusted,cn_public_2022_2026_cycles_1_0,public_schedule_without_transaction_override,True,408,2025-08-21,complete
2025-08-21,0.00,0.00,0,1693672.78,last_posted_transaction_or_prior_closing_balance,,trusted,cn_public_2022_2026_cycles_1_0,public_schedule_without_transaction_override,True,409,2025-08-22,complete
2025-08-22,54450.18,0.00,2,1748122.96,last_posted_transaction_or_prior_closing_balance,synb1_txn_f118279f3b6003b54d5a843d,trusted,cn_public_2022_2026_cycles_1_0,public_schedule_without_transaction_override,True,410,2025-08-25,complete
2025-08-23,0.00,0.00,0,1748122.96,last_posted_transaction_or_prior_closing_balance,,trusted,cn_public_2022_2026_cycles_1_0,public_schedule_without_transaction_override,False,,,complete
2025-08-24,55383.66,3186.73,2,1800319.89,last_posted_transaction_or_prior_closing_balance,synb1_txn_71cf534e3a85785a9b845e87,trusted,cn_public_2022_2026_cycles_1_0,public_schedule_without_transaction_override,False,,,complete
2025-08-25,90447.74,0.00,2,1890767.63,last_posted_transaction_or_prior_closing_balance,synb1_txn_619f89abbffc05246f960e1a,trusted,cn_public_2022_2026_cycles_1_0,public_schedule_without_transaction_override,True,411,2025-08-26,complete
2025-08-26,0.00,0.00,0,1890767.63,last_posted_transaction_or_prior_closing_balance,,trusted,cn_public_2022_2026_cycles_1_0,public_schedule_without_transaction_override,True,412,2025-08-27,complete
2025-08-27,0.00,0.00,0,1890767.63,last_posted_transaction_or_prior_closing_balance,,trusted,cn_public_2022_2026_cycles_1_0,public_schedule_without_transaction_override,True,413,2025-08-28,complete
2025-08-28,0.00,0.00,0,1890767.63,last_posted_transaction_or_prior_closing_balance,,trusted,cn_public_2022_2026_cycles_1_0,public_schedule_without_transaction_override,True,414,2025-08-29,complete
2025-08-29,0.00,0.00,0,1890767.63,last_posted_transaction_or_prior_closing_balance,,trusted,cn_public_2022_2026_cycles_1_0,public_schedule_without_transaction_override,True,415,2025-09-01,complete
2025-08-30,0.00,0.00,0,1890767.63,last_posted_transaction_or_prior_closing_balance,,trusted,cn_public_2022_2026_cycles_1_0,public_schedule_without_transaction_override,False,,,complete
2025-08-31,0.00,0.00,0,1890767.63,last_posted_transaction_or_prior_closing_balance,,trusted,cn_public_2022_2026_cycles_1_0,public_schedule_without_transaction_override,False,,,complete
2025-09-01,0.00,0.00,0,1890767.63,last_posted_transaction_or_prior_closing_balance,,trusted,cn_public_2022_2026_cycles_1_0,public_schedule_without_transaction_override,True,416,2025-09-02,complete
2025-09-02,0.00,0.00,0,1890767.63,last_posted_transaction_or_prior_closing_balance,,trusted,cn_public_2022_2026_cycles_1_0,public_schedule_without_transaction_override,True,417,2025-09-03,complete
2025-09-03,0.00,113761.31,1,1777006.32,last_posted_transaction_or_prior_closing_balance,synb1_txn_9b8412add0ffc900012f68c1,trusted,cn_public_2022_2026_cycles_1_0,public_schedule_without_transaction_override,True,418,2025-09-04,complete
2025-09-04,0.00,0.00,0,1777006.32,last_posted_transaction_or_prior_closing_balance,,trusted,cn_public_2022_2026_cycles_1_0,public_schedule_without_transaction_override,True,419,2025-09-05,complete
2025-09-05,734.80,5800.00,2,1771941.12,last_posted_transaction_or_prior_closing_balance,synb1_txn_37e363eb2725ab949a97a5e4,trusted,cn_public_2022_2026_cycles_1_0,public_schedule_without_transaction_override,True,420,2025-09-08,complete
2025-09-06,7446.95,0.00,1,1779388.07,last_posted_transaction_or_prior_closing_balance,synb1_txn_4f171ced598b3308b7cc0042,trusted,cn_public_2022_2026_cycles_1_0,public_schedule_without_transaction_override,False,,,complete
2025-09-07,0.00,25500.00,1,1753888.07,last_posted_transaction_or_prior_closing_balance,synb1_txn_d65d96b40b059619060e8e1e,trusted,cn_public_2022_2026_cycles_1_0,public_schedule_without_transaction_override,False,,,complete
2025-09-08,83014.74,0.00,1,1836902.81,last_posted_transaction_or_prior_closing_balance,synb1_txn_bf7f79dd86e2c308eaf013dd,trusted,cn_public_2022_2026_cycles_1_0,public_schedule_without_transaction_override,True,421,2025-09-09,complete
2025-09-09,0.00,106414.93,1,1730487.88,last_posted_transaction_or_prior_closing_balance,synb1_txn_7f2420c0270e35f3e1ec0b8b,trusted,cn_public_2022_2026_cycles_1_0,public_schedule_without_transaction_override,True,422,2025-09-10,complete
2025-09-10,0.00,33550.68,1,1696937.20,last_posted_transaction_or_prior_closing_balance,synb1_txn_b3d57bc0b3750e75f724d746,trusted,cn_public_2022_2026_cycles_1_0,public_schedule_without_transaction_override,True,423,2025-09-11,complete
2025-09-11,38477.51,27868.41,2,1707546.30,last_posted_transaction_or_prior_closing_balance,synb1_txn_0f8b13851bff314851f29639,trusted,cn_public_2022_2026_cycles_1_0,public_schedule_without_transaction_override,True,424,2025-09-12,complete
2025-09-12,114745.11,0.00,1,1822291.41,last_posted_transaction_or_prior_closing_balance,synb1_txn_74b5cace65ca97b902000942,trusted,cn_public_2022_2026_cycles_1_0,public_schedule_without_transaction_override,True,425,2025-09-15,complete
2025-09-13,0.00,0.00,0,1822291.41,last_posted_transaction_or_prior_closing_balance,,trusted,cn_public_2022_2026_cycles_1_0,public_schedule_without_transaction_override,False,,,complete
2025-09-14,0.00,77947.77,2,1744343.64,last_posted_transaction_or_prior_closing_balance,synb1_txn_184fcf172423b2788b88576f,trusted,cn_public_2022_2026_cycles_1_0,public_schedule_without_transaction_override,False,,,complete
2025-09-15,0.00,2248.01,2,1742095.63,last_posted_transaction_or_prior_closing_balance,synb1_txn_6ad228c007147090cc0268be,trusted,cn_public_2022_2026_cycles_1_0,public_schedule_without_transaction_override,True,426,2025-09-16,complete
2025-09-16,0.00,0.00,0,1742095.63,last_posted_transaction_or_prior_closing_balance,,trusted,cn_public_2022_2026_cycles_1_0,public_schedule_without_transaction_override,True,427,2025-09-17,complete
2025-09-17,63100.32,0.00,1,1805195.95,last_posted_transaction_or_prior_closing_balance,synb1_txn_c9351bb1f37f8a8eaf350902,trusted,cn_public_2022_2026_cycles_1_0,public_schedule_without_transaction_override,True,428,2025-09-18,complete
2025-09-18,0.00,50862.58,3,1754333.37,last_posted_transaction_or_prior_closing_balance,synb1_txn_03bbbdc77072858665d0682e,trusted,cn_public_2022_2026_cycles_1_0,public_schedule_without_transaction_override,True,429,2025-09-19,complete
2025-09-19,160968.31,0.00,1,1915301.68,last_posted_transaction_or_prior_closing_balance,synb1_txn_356778611e50dc4897f1a417,trusted,cn_public_2022_2026_cycles_1_0,public_schedule_without_transaction_override,True,430,2025-09-22,complete
2025-09-20,26455.19,257.55,2,1941499.32,last_posted_transaction_or_prior_closing_balance,synb1_txn_714481c49d51c7a8214345db,trusted,cn_public_2022_2026_cycles_1_0,public_schedule_without_transaction_override,False,,,complete
2025-09-21,0.00,0.00,0,1941499.32,last_posted_transaction_or_prior_closing_balance,,trusted,cn_public_2022_2026_cycles_1_0,public_schedule_without_transaction_override,False,,,complete
2025-09-22,0.00,0.00,0,1941499.32,last_posted_transaction_or_prior_closing_balance,,trusted,cn_public_2022_2026_cycles_1_0,public_schedule_without_transaction_override,True,431,2025-09-23,complete
2025-09-23,14741.29,10015.73,2,1946224.88,last_posted_transaction_or_prior_closing_balance,synb1_txn_8c4b71e98bb93f6e4490be69,trusted,cn_public_2022_2026_cycles_1_0,public_schedule_without_transaction_override,True,432,2025-09-24,complete
2025-09-24,0.00,1007.61,1,1945217.27,last_posted_transaction_or_prior_closing_balance,synb1_txn_9cde31472b3cf2b3831b554f,trusted,cn_public_2022_2026_cycles_1_0,public_schedule_without_transaction_override,True,433,2025-09-25,complete
2025-09-25,48975.78,0.00,1,1994193.05,last_posted_transaction_or_prior_closing_balance,synb1_txn_30cfa0f6d1e3a191929e0180,trusted,cn_public_2022_2026_cycles_1_0,public_schedule_without_transaction_override,True,434,2025-09-26,complete
2025-09-26,0.00,0.00,0,1994193.05,last_posted_transaction_or_prior_closing_balance,,trusted,cn_public_2022_2026_cycles_1_0,public_schedule_without_transaction_override,True,435,2025-09-28,complete
2025-09-27,0.00,0.00,0,1994193.05,last_posted_transaction_or_prior_closing_balance,,trusted,cn_public_2022_2026_cycles_1_0,public_schedule_without_transaction_override,False,,,complete
2025-09-28,0.00,0.00,0,1994193.05,last_posted_transaction_or_prior_closing_balance,,trusted,cn_public_2022_2026_cycles_1_0,public_schedule_without_transaction_override,True,436,2025-09-29,complete
2025-09-29,0.00,0.00,0,1994193.05,last_posted_transaction_or_prior_closing_balance,,trusted,cn_public_2022_2026_cycles_1_0,public_schedule_without_transaction_override,True,437,2025-09-30,complete
2025-09-30,0.00,0.00,0,1994193.05,last_posted_transaction_or_prior_closing_balance,,trusted,cn_public_2022_2026_cycles_1_0,public_schedule_without_transaction_override,True,438,2025-10-09,complete
2025-10-01,0.00,0.00,0,1994193.05,last_posted_transaction_or_prior_closing_balance,,trusted,cn_public_2022_2026_cycles_1_0,public_schedule_without_transaction_override,False,,,complete
2025-10-02,0.00,0.00,0,1994193.05,last_posted_transaction_or_prior_closing_balance,,trusted,cn_public_2022_2026_cycles_1_0,public_schedule_without_transaction_override,False,,,complete
2025-10-03,0.00,0.00,0,1994193.05,last_posted_transaction_or_prior_closing_balance,,trusted,cn_public_2022_2026_cycles_1_0,public_schedule_without_transaction_override,False,,,complete
2025-10-04,0.00,0.00,0,1994193.05,last_posted_transaction_or_prior_closing_balance,,trusted,cn_public_2022_2026_cycles_1_0,public_schedule_without_transaction_override,False,,,complete
2025-10-05,0.00,9463.93,2,1984729.12,last_posted_transaction_or_prior_closing_balance,synb1_txn_6e397a6bf6d2af2dd234a422,trusted,cn_public_2022_2026_cycles_1_0,public_schedule_without_transaction_override,False,,,complete
2025-10-06,0.00,0.00,0,1984729.12,last_posted_transaction_or_prior_closing_balance,,trusted,cn_public_2022_2026_cycles_1_0,public_schedule_without_transaction_override,False,,,complete
2025-10-07,0.00,25500.00,1,1959229.12,last_posted_transaction_or_prior_closing_balance,synb1_txn_da415371daae250fa4c53ced,trusted,cn_public_2022_2026_cycles_1_0,public_schedule_without_transaction_override,False,,,complete
2025-10-08,7875.71,34488.78,2,1932616.05,last_posted_transaction_or_prior_closing_balance,synb1_txn_d6235b4cd029b88053216dd2,trusted,cn_public_2022_2026_cycles_1_0,public_schedule_without_transaction_override,False,,,complete
2025-10-09,0.00,14.26,1,1932601.79,last_posted_transaction_or_prior_closing_balance,synb1_txn_35493dbd2b4fd343989a199c,trusted,cn_public_2022_2026_cycles_1_0,public_schedule_without_transaction_override,True,439,2025-10-10,complete
2025-10-10,0.00,287.96,1,1932313.83,last_posted_transaction_or_prior_closing_balance,synb1_txn_f7877eaee6121b5360107679,trusted,cn_public_2022_2026_cycles_1_0,public_schedule_without_transaction_override,True,440,2025-10-11,complete
2025-10-11,429013.88,0.00,1,2361327.71,last_posted_transaction_or_prior_closing_balance,synb1_txn_ca1838119508114220dbae52,trusted,cn_public_2022_2026_cycles_1_0,public_schedule_without_transaction_override,True,441,2025-10-13,complete
2025-10-12,20991.57,0.00,1,2382319.28,last_posted_transaction_or_prior_closing_balance,synb1_txn_64bdd656bb50e9a1017b521b,trusted,cn_public_2022_2026_cycles_1_0,public_schedule_without_transaction_override,False,,,complete
2025-10-13,0.00,0.00,0,2382319.28,last_posted_transaction_or_prior_closing_balance,,trusted,cn_public_2022_2026_cycles_1_0,public_schedule_without_transaction_override,True,442,2025-10-14,complete
2025-10-14,49618.12,633.85,3,2431303.55,last_posted_transaction_or_prior_closing_balance,synb1_txn_00858894a1b8088dc8a3cbe9,trusted,cn_public_2022_2026_cycles_1_0,public_schedule_without_transaction_override,True,443,2025-10-15,complete
2025-10-15,0.00,166336.48,2,2264967.07,last_posted_transaction_or_prior_closing_balance,synb1_txn_2beb549cfb0d560e86b5f60a,trusted,cn_public_2022_2026_cycles_1_0,public_schedule_without_transaction_override,True,444,2025-10-16,complete
2025-10-16,0.00,32301.41,1,2232665.66,last_posted_transaction_or_prior_closing_balance,synb1_txn_53c0641f57a8366114ee9bac,trusted,cn_public_2022_2026_cycles_1_0,public_schedule_without_transaction_override,True,445,2025-10-17,complete
2025-10-17,0.00,0.00,0,2232665.66,last_posted_transaction_or_prior_closing_balance,,trusted,cn_public_2022_2026_cycles_1_0,public_schedule_without_transaction_override,True,446,2025-10-20,complete
2025-10-18,0.00,0.00,0,2232665.66,last_posted_transaction_or_prior_closing_balance,,trusted,cn_public_2022_2026_cycles_1_0,public_schedule_without_transaction_override,False,,,complete
2025-10-19,0.00,112971.05,2,2119694.61,last_posted_transaction_or_prior_closing_balance,synb1_txn_ec44d398607b7fa1f2db6e1b,trusted,cn_public_2022_2026_cycles_1_0,public_schedule_without_transaction_override,False,,,complete
2025-10-20,199.30,29227.54,4,2090666.37,last_posted_transaction_or_prior_closing_balance,synb1_txn_a3bd400c0175e673ae92f202,trusted,cn_public_2022_2026_cycles_1_0,public_schedule_without_transaction_override,True,447,2025-10-21,complete
2025-10-21,101125.22,0.00,1,2191791.59,last_posted_transaction_or_prior_closing_balance,synb1_txn_8a6d5484ad1159fa6ad80ceb,trusted,cn_public_2022_2026_cycles_1_0,public_schedule_without_transaction_override,True,448,2025-10-22,complete
2025-10-22,28078.20,0.00,1,2219869.79,last_posted_transaction_or_prior_closing_balance,synb1_txn_23f5f2e37f157dca575979c0,trusted,cn_public_2022_2026_cycles_1_0,public_schedule_without_transaction_override,True,449,2025-10-23,complete
2025-10-23,0.00,0.00,0,2219869.79,last_posted_transaction_or_prior_closing_balance,,trusted,cn_public_2022_2026_cycles_1_0,public_schedule_without_transaction_override,True,450,2025-10-24,complete
2025-10-24,0.00,0.00,0,2219869.79,last_posted_transaction_or_prior_closing_balance,,trusted,cn_public_2022_2026_cycles_1_0,public_schedule_without_transaction_override,True,451,2025-10-27,complete
2025-10-25,0.00,9093.79,1,2210776.00,last_posted_transaction_or_prior_closing_balance,synb1_txn_5b86d62eaea5857009c2e3c0,trusted,cn_public_2022_2026_cycles_1_0,public_schedule_without_transaction_override,False,,,complete
2025-10-26,0.00,53730.64,2,2157045.36,last_posted_transaction_or_prior_closing_balance,synb1_txn_607c7f9c31327112e2255d70,trusted,cn_public_2022_2026_cycles_1_0,public_schedule_without_transaction_override,False,,,complete
2025-10-27,0.00,0.00,0,2157045.36,last_posted_transaction_or_prior_closing_balance,,trusted,cn_public_2022_2026_cycles_1_0,public_schedule_without_transaction_override,True,452,2025-10-28,complete
2025-10-28,0.00,0.00,0,2157045.36,last_posted_transaction_or_prior_closing_balance,,trusted,cn_public_2022_2026_cycles_1_0,public_schedule_without_transaction_override,True,453,2025-10-29,complete
2025-10-29,0.00,0.00,0,2157045.36,last_posted_transaction_or_prior_closing_balance,,trusted,cn_public_2022_2026_cycles_1_0,public_schedule_without_transaction_override,True,454,2025-10-30,complete
2025-10-30,0.00,0.00,0,2157045.36,last_posted_transaction_or_prior_closing_balance,,trusted,cn_public_2022_2026_cycles_1_0,public_schedule_without_transaction_override,True,455,2025-10-31,complete
2025-10-31,0.00,0.00,0,2157045.36,last_posted_transaction_or_prior_closing_balance,,trusted,cn_public_2022_2026_cycles_1_0,public_schedule_without_transaction_override,True,456,2025-11-03,complete
2025-11-01,0.00,0.00,0,2157045.36,last_posted_transaction_or_prior_closing_balance,,trusted,cn_public_2022_2026_cycles_1_0,public_schedule_without_transaction_override,False,,,complete
2025-11-02,0.00,0.00,0,2157045.36,last_posted_transaction_or_prior_closing_balance,,trusted,cn_public_2022_2026_cycles_1_0,public_schedule_without_transaction_override,False,,,complete
2025-11-03,10390.90,0.00,1,2167436.26,last_posted_transaction_or_prior_closing_balance,synb1_txn_268bc4b4b3cff1e53a80f18b,trusted,cn_public_2022_2026_cycles_1_0,public_schedule_without_transaction_override,True,457,2025-11-04,complete
2025-11-04,52757.49,0.00,1,2220193.75,last_posted_transaction_or_prior_closing_balance,synb1_txn_88b491818d6f830ce0350983,trusted,cn_public_2022_2026_cycles_1_0,public_schedule_without_transaction_override,True,458,2025-11-05,complete
2025-11-05,61679.77,5800.00,2,2276073.52,last_posted_transaction_or_prior_closing_balance,synb1_txn_dfe814602fe30de3fe33c028,trusted,cn_public_2022_2026_cycles_1_0,public_schedule_without_transaction_override,True,459,2025-11-06,complete
2025-11-06,0.00,0.00,0,2276073.52,last_posted_transaction_or_prior_closing_balance,,trusted,cn_public_2022_2026_cycles_1_0,public_schedule_without_transaction_override,True,460,2025-11-07,complete
2025-11-07,0.00,25500.00,1,2250573.52,last_posted_transaction_or_prior_closing_balance,synb1_txn_208c9ef9f34c3275d42f0ae5,trusted,cn_public_2022_2026_cycles_1_0,public_schedule_without_transaction_override,True,461,2025-11-10,complete
2025-11-08,0.00,46865.41,1,2203708.11,last_posted_transaction_or_prior_closing_balance,synb1_txn_f40a3cb623f4f17b3572883b,trusted,cn_public_2022_2026_cycles_1_0,public_schedule_without_transaction_override,False,,,complete
2025-11-09,0.00,68832.47,1,2134875.64,last_posted_transaction_or_prior_closing_balance,synb1_txn_4c9c86c3f8de8e5bed79de32,trusted,cn_public_2022_2026_cycles_1_0,public_schedule_without_transaction_override,False,,,complete
2025-11-10,0.00,0.00,0,2134875.64,last_posted_transaction_or_prior_closing_balance,,trusted,cn_public_2022_2026_cycles_1_0,public_schedule_without_transaction_override,True,462,2025-11-11,complete
2025-11-11,0.00,0.00,0,2134875.64,last_posted_transaction_or_prior_closing_balance,,trusted,cn_public_2022_2026_cycles_1_0,public_schedule_without_transaction_override,True,463,2025-11-12,complete
2025-11-12,49225.28,0.00,1,2184100.92,last_posted_transaction_or_prior_closing_balance,synb1_txn_07029139aa91b76785f84bbc,trusted,cn_public_2022_2026_cycles_1_0,public_schedule_without_transaction_override,True,464,2025-11-13,complete
2025-11-13,0.00,0.00,0,2184100.92,last_posted_transaction_or_prior_closing_balance,,trusted,cn_public_2022_2026_cycles_1_0,public_schedule_without_transaction_override,True,465,2025-11-14,complete
2025-11-14,0.00,167545.32,1,2016555.60,last_posted_transaction_or_prior_closing_balance,synb1_txn_1a3b70064347fc129cf418de,trusted,cn_public_2022_2026_cycles_1_0,public_schedule_without_transaction_override,True,466,2025-11-17,complete
2025-11-15,0.00,0.00,0,2016555.60,last_posted_transaction_or_prior_closing_balance,,trusted,cn_public_2022_2026_cycles_1_0,public_schedule_without_transaction_override,False,,,complete
2025-11-16,0.00,0.00,0,2016555.60,last_posted_transaction_or_prior_closing_balance,,trusted,cn_public_2022_2026_cycles_1_0,public_schedule_without_transaction_override,False,,,complete
2025-11-17,100455.68,0.00,1,2117011.28,last_posted_transaction_or_prior_closing_balance,synb1_txn_8a773fdb7b222d28074ecfa3,trusted,cn_public_2022_2026_cycles_1_0,public_schedule_without_transaction_override,True,467,2025-11-18,complete
2025-11-18,0.00,161903.28,6,1955108.00,last_posted_transaction_or_prior_closing_balance,synb1_txn_a477c527e7ae9d647b370db1,trusted,cn_public_2022_2026_cycles_1_0,public_schedule_without_transaction_override,True,468,2025-11-19,complete
2025-11-19,19246.89,0.00,1,1974354.89,last_posted_transaction_or_prior_closing_balance,synb1_txn_875d8afe4139b62ec4ad22e1,trusted,cn_public_2022_2026_cycles_1_0,public_schedule_without_transaction_override,True,469,2025-11-20,complete
2025-11-20,4454.06,0.00,1,1978808.95,last_posted_transaction_or_prior_closing_balance,synb1_txn_3df8b93f2108cac0d26dc5c0,trusted,cn_public_2022_2026_cycles_1_0,public_schedule_without_transaction_override,True,470,2025-11-21,complete
2025-11-21,179563.22,525.99,3,2157846.18,last_posted_transaction_or_prior_closing_balance,synb1_txn_2d2ea01f50411b25f121936c,trusted,cn_public_2022_2026_cycles_1_0,public_schedule_without_transaction_override,True,471,2025-11-24,complete
2025-11-22,14054.90,816.12,2,2171084.96,last_posted_transaction_or_prior_closing_balance,synb1_txn_c81d54637825f61b4863cd9b,trusted,cn_public_2022_2026_cycles_1_0,public_schedule_without_transaction_override,False,,,complete
2025-11-23,0.00,0.00,0,2171084.96,last_posted_transaction_or_prior_closing_balance,,trusted,cn_public_2022_2026_cycles_1_0,public_schedule_without_transaction_override,False,,,complete
2025-11-24,128351.20,0.00,2,2299436.16,last_posted_transaction_or_prior_closing_balance,synb1_txn_cd2d70f6b8073d864063da0e,trusted,cn_public_2022_2026_cycles_1_0,public_schedule_without_transaction_override,True,472,2025-11-25,complete
2025-11-25,28790.61,0.00,1,2328226.77,last_posted_transaction_or_prior_closing_balance,synb1_txn_eaedd6a51675aaa583ff2f39,trusted,cn_public_2022_2026_cycles_1_0,public_schedule_without_transaction_override,True,473,2025-11-26,complete
2025-11-26,0.00,0.00,0,2328226.77,last_posted_transaction_or_prior_closing_balance,,trusted,cn_public_2022_2026_cycles_1_0,public_schedule_without_transaction_override,True,474,2025-11-27,complete
2025-11-27,0.00,31927.61,2,2296299.16,last_posted_transaction_or_prior_closing_balance,synb1_txn_7f78bab6422d92a23321eb9f,trusted,cn_public_2022_2026_cycles_1_0,public_schedule_without_transaction_override,True,475,2025-11-28,complete
2025-11-28,0.00,0.00,0,2296299.16,last_posted_transaction_or_prior_closing_balance,,trusted,cn_public_2022_2026_cycles_1_0,public_schedule_without_transaction_override,True,476,2025-12-01,complete
2025-11-29,0.00,0.00,0,2296299.16,last_posted_transaction_or_prior_closing_balance,,trusted,cn_public_2022_2026_cycles_1_0,public_schedule_without_transaction_override,False,,,complete
2025-11-30,0.00,0.00,0,2296299.16,last_posted_transaction_or_prior_closing_balance,,trusted,cn_public_2022_2026_cycles_1_0,public_schedule_without_transaction_override,False,,,complete
2025-12-01,0.00,0.00,0,2296299.16,last_posted_transaction_or_prior_closing_balance,,trusted,cn_public_2022_2026_cycles_1_0,public_schedule_without_transaction_override,True,477,2025-12-02,complete
2025-12-02,0.00,25794.05,1,2270505.11,last_posted_transaction_or_prior_closing_balance,synb1_txn_6a60e1a6dafd6065cb3e2204,trusted,cn_public_2022_2026_cycles_1_0,public_schedule_without_transaction_override,True,478,2025-12-03,complete
2025-12-03,0.00,0.00,0,2270505.11,last_posted_transaction_or_prior_closing_balance,,trusted,cn_public_2022_2026_cycles_1_0,public_schedule_without_transaction_override,True,479,2025-12-04,complete
2025-12-04,60228.05,82073.53,3,2248659.63,last_posted_transaction_or_prior_closing_balance,synb1_txn_de7fb042a5b5089455c1c459,trusted,cn_public_2022_2026_cycles_1_0,public_schedule_without_transaction_override,True,480,2025-12-05,complete
2025-12-05,0.00,8871.37,2,2239788.26,last_posted_transaction_or_prior_closing_balance,synb1_txn_f6730e43a7d709dc316d3c67,trusted,cn_public_2022_2026_cycles_1_0,public_schedule_without_transaction_override,True,481,2025-12-08,complete
2025-12-06,0.00,0.00,0,2239788.26,last_posted_transaction_or_prior_closing_balance,,trusted,cn_public_2022_2026_cycles_1_0,public_schedule_without_transaction_override,False,,,complete
2025-12-07,15247.55,25500.00,2,2229535.81,last_posted_transaction_or_prior_closing_balance,synb1_txn_24dab0589c385dcc77393511,trusted,cn_public_2022_2026_cycles_1_0,public_schedule_without_transaction_override,False,,,complete
2025-12-08,0.00,34967.40,1,2194568.41,last_posted_transaction_or_prior_closing_balance,synb1_txn_0b67655b7243726f1ea52123,trusted,cn_public_2022_2026_cycles_1_0,public_schedule_without_transaction_override,True,482,2025-12-09,complete
2025-12-09,0.00,0.00,0,2194568.41,last_posted_transaction_or_prior_closing_balance,,trusted,cn_public_2022_2026_cycles_1_0,public_schedule_without_transaction_override,True,483,2025-12-10,complete
2025-12-10,0.00,18265.01,2,2176303.40,last_posted_transaction_or_prior_closing_balance,synb1_txn_5e4903830ce1059328a0c8ab,trusted,cn_public_2022_2026_cycles_1_0,public_schedule_without_transaction_override,True,484,2025-12-11,complete
2025-12-11,3806.32,0.00,1,2180109.72,last_posted_transaction_or_prior_closing_balance,synb1_txn_a28bd50f763726041a77f991,trusted,cn_public_2022_2026_cycles_1_0,public_schedule_without_transaction_override,True,485,2025-12-12,complete
2025-12-12,45304.48,0.00,3,2225414.20,last_posted_transaction_or_prior_closing_balance,synb1_txn_ee2e51333acc453d1d4c3f4c,trusted,cn_public_2022_2026_cycles_1_0,public_schedule_without_transaction_override,True,486,2025-12-15,complete
2025-12-13,0.00,0.00,0,2225414.20,last_posted_transaction_or_prior_closing_balance,,trusted,cn_public_2022_2026_cycles_1_0,public_schedule_without_transaction_override,False,,,complete
2025-12-14,0.00,0.00,0,2225414.20,last_posted_transaction_or_prior_closing_balance,,trusted,cn_public_2022_2026_cycles_1_0,public_schedule_without_transaction_override,False,,,complete
2025-12-15,0.00,0.00,0,2225414.20,last_posted_transaction_or_prior_closing_balance,,trusted,cn_public_2022_2026_cycles_1_0,public_schedule_without_transaction_override,True,487,2025-12-16,complete
2025-12-16,106445.75,0.00,1,2331859.95,last_posted_transaction_or_prior_closing_balance,synb1_txn_17978edb96a41347ea444b3b,trusted,cn_public_2022_2026_cycles_1_0,public_schedule_without_transaction_override,True,488,2025-12-17,complete
2025-12-17,0.00,0.00,0,2331859.95,last_posted_transaction_or_prior_closing_balance,,trusted,cn_public_2022_2026_cycles_1_0,public_schedule_without_transaction_override,True,489,2025-12-18,complete
2025-12-18,0.00,40613.57,3,2291246.38,last_posted_transaction_or_prior_closing_balance,synb1_txn_14f51b62a46cc3ab3ba5f5f7,trusted,cn_public_2022_2026_cycles_1_0,public_schedule_without_transaction_override,True,490,2025-12-19,complete
2025-12-19,0.00,2514.91,1,2288731.47,last_posted_transaction_or_prior_closing_balance,synb1_txn_c875c402af262f2db3e79c14,trusted,cn_public_2022_2026_cycles_1_0,public_schedule_without_transaction_override,True,491,2025-12-22,complete
2025-12-20,0.00,0.00,0,2288731.47,last_posted_transaction_or_prior_closing_balance,,trusted,cn_public_2022_2026_cycles_1_0,public_schedule_without_transaction_override,False,,,complete
2025-12-21,67377.61,0.00,2,2356109.08,last_posted_transaction_or_prior_closing_balance,synb1_txn_6ce9f063a3399324c27bd9fe,trusted,cn_public_2022_2026_cycles_1_0,public_schedule_without_transaction_override,False,,,complete
2025-12-22,66298.24,29856.66,2,2392550.66,last_posted_transaction_or_prior_closing_balance,synb1_txn_7e1686c2cf3c6bcc72e376cf,trusted,cn_public_2022_2026_cycles_1_0,public_schedule_without_transaction_override,True,492,2025-12-23,complete
2025-12-23,0.00,926.35,2,2391624.31,last_posted_transaction_or_prior_closing_balance,synb1_txn_232a51a7d875cb3a9d0b81f8,trusted,cn_public_2022_2026_cycles_1_0,public_schedule_without_transaction_override,True,493,2025-12-24,complete
2025-12-24,0.00,0.00,0,2391624.31,last_posted_transaction_or_prior_closing_balance,,trusted,cn_public_2022_2026_cycles_1_0,public_schedule_without_transaction_override,True,494,2025-12-25,complete
2025-12-25,0.00,29973.28,2,2361651.03,last_posted_transaction_or_prior_closing_balance,synb1_txn_cef55007dd582146f74c8212,trusted,cn_public_2022_2026_cycles_1_0,public_schedule_without_transaction_override,True,495,2025-12-26,complete
2025-12-26,0.00,960.90,1,2360690.13,last_posted_transaction_or_prior_closing_balance,synb1_txn_4c3ebd1dd1e1aa4823fd294c,trusted,cn_public_2022_2026_cycles_1_0,public_schedule_without_transaction_override,True,496,2025-12-29,complete
2025-12-27,0.00,1344.74,1,2359345.39,last_posted_transaction_or_prior_closing_balance,synb1_txn_17fadf03ed050690b7e17b80,trusted,cn_public_2022_2026_cycles_1_0,public_schedule_without_transaction_override,False,,,complete
2025-12-28,0.00,19150.40,1,2340194.99,last_posted_transaction_or_prior_closing_balance,synb1_txn_3621692ec97dc491131c1619,trusted,cn_public_2022_2026_cycles_1_0,public_schedule_without_transaction_override,False,,,complete
2025-12-29,0.00,0.00,0,2340194.99,last_posted_transaction_or_prior_closing_balance,,trusted,cn_public_2022_2026_cycles_1_0,public_schedule_without_transaction_override,True,497,2025-12-30,complete
2025-12-30,0.00,0.00,0,2340194.99,last_posted_transaction_or_prior_closing_balance,,trusted,cn_public_2022_2026_cycles_1_0,public_schedule_without_transaction_override,True,498,2025-12-31,complete
2025-12-31,0.00,0.00,0,2340194.99,last_posted_transaction_or_prior_closing_balance,,trusted,cn_public_2022_2026_cycles_1_0,public_schedule_without_transaction_override,True,499,2026-01-04,complete
