calendar_date,inflow_cny,outflow_cny,transaction_count,ending_balance_cny,day_cut_basis,source_last_transaction_id,reconciliation_status,calendar_source,calendar_inference_status,is_bank_workday,business_step,target_date,execution_status
2024-01-01,1754800.00,0.00,1,1754800.00,last_posted_transaction_or_prior_closing_balance,synb1_txn_b422574e67ef33cb219c707b,trusted,cn_public_2022_2026_cycles_1_0,public_schedule_without_transaction_override,False,,,complete
2024-01-02,0.00,0.00,0,1754800.00,last_posted_transaction_or_prior_closing_balance,,trusted,cn_public_2022_2026_cycles_1_0,public_schedule_without_transaction_override,True,1,2024-01-03,complete
2024-01-03,0.00,0.00,0,1754800.00,last_posted_transaction_or_prior_closing_balance,,trusted,cn_public_2022_2026_cycles_1_0,public_schedule_without_transaction_override,True,2,2024-01-04,complete
2024-01-04,0.00,0.00,0,1754800.00,last_posted_transaction_or_prior_closing_balance,,trusted,cn_public_2022_2026_cycles_1_0,public_schedule_without_transaction_override,True,3,2024-01-05,complete
2024-01-05,0.00,24259.46,2,1730540.54,last_posted_transaction_or_prior_closing_balance,synb1_txn_a67f7c7fbacb06980f963c15,trusted,cn_public_2022_2026_cycles_1_0,public_schedule_without_transaction_override,True,4,2024-01-08,complete
2024-01-06,0.00,0.00,0,1730540.54,last_posted_transaction_or_prior_closing_balance,,trusted,cn_public_2022_2026_cycles_1_0,public_schedule_without_transaction_override,False,,,complete
2024-01-07,0.00,148399.12,2,1582141.42,last_posted_transaction_or_prior_closing_balance,synb1_txn_7378e0a2f6d695d9e127f83a,trusted,cn_public_2022_2026_cycles_1_0,public_schedule_without_transaction_override,False,,,complete
2024-01-08,0.00,0.00,0,1582141.42,last_posted_transaction_or_prior_closing_balance,,trusted,cn_public_2022_2026_cycles_1_0,public_schedule_without_transaction_override,True,5,2024-01-09,complete
2024-01-09,0.00,0.00,0,1582141.42,last_posted_transaction_or_prior_closing_balance,,trusted,cn_public_2022_2026_cycles_1_0,public_schedule_without_transaction_override,True,6,2024-01-10,complete
2024-01-10,189874.72,0.00,1,1772016.14,last_posted_transaction_or_prior_closing_balance,synb1_txn_9638864c246b1bbade93a82e,trusted,cn_public_2022_2026_cycles_1_0,public_schedule_without_transaction_override,True,7,2024-01-11,complete
2024-01-11,77829.76,0.00,1,1849845.90,last_posted_transaction_or_prior_closing_balance,synb1_txn_ec34fc79237e926ee67168dc,trusted,cn_public_2022_2026_cycles_1_0,public_schedule_without_transaction_override,True,8,2024-01-12,complete
2024-01-12,0.00,0.00,0,1849845.90,last_posted_transaction_or_prior_closing_balance,,trusted,cn_public_2022_2026_cycles_1_0,public_schedule_without_transaction_override,True,9,2024-01-15,complete
2024-01-13,357238.72,0.00,1,2207084.62,last_posted_transaction_or_prior_closing_balance,synb1_txn_30d12b9ad8892c4d68411e01,trusted,cn_public_2022_2026_cycles_1_0,public_schedule_without_transaction_override,False,,,complete
2024-01-14,0.00,0.00,0,2207084.62,last_posted_transaction_or_prior_closing_balance,,trusted,cn_public_2022_2026_cycles_1_0,public_schedule_without_transaction_override,False,,,complete
2024-01-15,0.00,0.00,0,2207084.62,last_posted_transaction_or_prior_closing_balance,,trusted,cn_public_2022_2026_cycles_1_0,public_schedule_without_transaction_override,True,10,2024-01-16,complete
2024-01-16,133760.55,611947.47,2,1728897.70,last_posted_transaction_or_prior_closing_balance,synb1_txn_9d22cceb453e5cce43ac9905,trusted,cn_public_2022_2026_cycles_1_0,public_schedule_without_transaction_override,True,11,2024-01-17,complete
2024-01-17,0.00,0.00,0,1728897.70,last_posted_transaction_or_prior_closing_balance,,trusted,cn_public_2022_2026_cycles_1_0,public_schedule_without_transaction_override,True,12,2024-01-18,complete
2024-01-18,0.00,0.00,0,1728897.70,last_posted_transaction_or_prior_closing_balance,,trusted,cn_public_2022_2026_cycles_1_0,public_schedule_without_transaction_override,True,13,2024-01-19,complete
2024-01-19,0.00,0.00,0,1728897.70,last_posted_transaction_or_prior_closing_balance,,trusted,cn_public_2022_2026_cycles_1_0,public_schedule_without_transaction_override,True,14,2024-01-22,complete
2024-01-20,0.00,0.00,0,1728897.70,last_posted_transaction_or_prior_closing_balance,,trusted,cn_public_2022_2026_cycles_1_0,public_schedule_without_transaction_override,False,,,complete
2024-01-21,0.00,130053.41,1,1598844.29,last_posted_transaction_or_prior_closing_balance,synb1_txn_f9eda0896f8c190eef583473,trusted,cn_public_2022_2026_cycles_1_0,public_schedule_without_transaction_override,False,,,complete
2024-01-22,0.00,142.39,1,1598701.90,last_posted_transaction_or_prior_closing_balance,synb1_txn_cf054eb0630e1533053c501e,trusted,cn_public_2022_2026_cycles_1_0,public_schedule_without_transaction_override,True,15,2024-01-23,complete
2024-01-23,0.00,0.00,0,1598701.90,last_posted_transaction_or_prior_closing_balance,,trusted,cn_public_2022_2026_cycles_1_0,public_schedule_without_transaction_override,True,16,2024-01-24,complete
2024-01-24,0.00,0.00,0,1598701.90,last_posted_transaction_or_prior_closing_balance,,trusted,cn_public_2022_2026_cycles_1_0,public_schedule_without_transaction_override,True,17,2024-01-25,complete
2024-01-25,0.00,1598.15,1,1597103.75,last_posted_transaction_or_prior_closing_balance,synb1_txn_0209be6960581912bde6bed8,trusted,cn_public_2022_2026_cycles_1_0,public_schedule_without_transaction_override,True,18,2024-01-26,complete
2024-01-26,0.00,0.00,0,1597103.75,last_posted_transaction_or_prior_closing_balance,,trusted,cn_public_2022_2026_cycles_1_0,public_schedule_without_transaction_override,True,19,2024-01-29,complete
2024-01-27,28291.64,0.00,1,1625395.39,last_posted_transaction_or_prior_closing_balance,synb1_txn_0469a6236f0569555268fe73,trusted,cn_public_2022_2026_cycles_1_0,public_schedule_without_transaction_override,False,,,complete
2024-01-28,448004.61,0.00,1,2073400.00,last_posted_transaction_or_prior_closing_balance,synb1_txn_6b5d031aad620d1b5b9ca569,trusted,cn_public_2022_2026_cycles_1_0,public_schedule_without_transaction_override,False,,,complete
2024-01-29,0.00,0.00,0,2073400.00,last_posted_transaction_or_prior_closing_balance,,trusted,cn_public_2022_2026_cycles_1_0,public_schedule_without_transaction_override,True,20,2024-01-30,complete
2024-01-30,0.00,0.00,0,2073400.00,last_posted_transaction_or_prior_closing_balance,,trusted,cn_public_2022_2026_cycles_1_0,public_schedule_without_transaction_override,True,21,2024-01-31,complete
2024-01-31,0.00,0.00,0,2073400.00,last_posted_transaction_or_prior_closing_balance,,trusted,cn_public_2022_2026_cycles_1_0,public_schedule_without_transaction_override,True,22,2024-02-01,complete
2024-02-01,0.00,0.00,0,2073400.00,last_posted_transaction_or_prior_closing_balance,,trusted,cn_public_2022_2026_cycles_1_0,public_schedule_without_transaction_override,True,23,2024-02-02,complete
2024-02-02,0.00,0.00,0,2073400.00,last_posted_transaction_or_prior_closing_balance,,trusted,cn_public_2022_2026_cycles_1_0,public_schedule_without_transaction_override,True,24,2024-02-04,complete
2024-02-03,0.00,340350.03,1,1733049.97,last_posted_transaction_or_prior_closing_balance,synb1_txn_ac755a2fca5ddbf336768d2b,trusted,cn_public_2022_2026_cycles_1_0,public_schedule_without_transaction_override,False,,,complete
2024-02-04,675656.78,1865.07,3,2406841.68,last_posted_transaction_or_prior_closing_balance,synb1_txn_41126316c8865f216bd06f12,trusted,cn_public_2022_2026_cycles_1_0,public_schedule_without_transaction_override,True,25,2024-02-05,complete
2024-02-05,0.00,16000.00,1,2390841.68,last_posted_transaction_or_prior_closing_balance,synb1_txn_cdef6068aef55a324ebf2873,trusted,cn_public_2022_2026_cycles_1_0,public_schedule_without_transaction_override,True,26,2024-02-06,complete
2024-02-06,0.00,0.00,0,2390841.68,last_posted_transaction_or_prior_closing_balance,,trusted,cn_public_2022_2026_cycles_1_0,public_schedule_without_transaction_override,True,27,2024-02-07,complete
2024-02-07,0.00,462339.66,2,1928502.02,last_posted_transaction_or_prior_closing_balance,synb1_txn_2d5e6c0534f6f950701157e7,trusted,cn_public_2022_2026_cycles_1_0,public_schedule_without_transaction_override,True,28,2024-02-08,complete
2024-02-08,0.00,338004.48,1,1590497.54,last_posted_transaction_or_prior_closing_balance,synb1_txn_29af3fdc7d12d45004bb5970,trusted,cn_public_2022_2026_cycles_1_0,public_schedule_without_transaction_override,True,29,2024-02-09,complete
2024-02-09,0.00,0.00,0,1590497.54,last_posted_transaction_or_prior_closing_balance,,trusted,cn_public_2022_2026_cycles_1_0,public_schedule_without_transaction_override,True,30,2024-02-18,complete
2024-02-10,520343.22,0.00,1,2110840.76,last_posted_transaction_or_prior_closing_balance,synb1_txn_9758c4cee539ac4b153b93ef,trusted,cn_public_2022_2026_cycles_1_0,public_schedule_without_transaction_override,False,,,complete
2024-02-11,0.00,0.00,0,2110840.76,last_posted_transaction_or_prior_closing_balance,,trusted,cn_public_2022_2026_cycles_1_0,public_schedule_without_transaction_override,False,,,complete
2024-02-12,0.00,72500.00,1,2038340.76,last_posted_transaction_or_prior_closing_balance,synb1_txn_57216fb848bf613f97637504,trusted,cn_public_2022_2026_cycles_1_0,public_schedule_without_transaction_override,False,,,complete
2024-02-13,0.00,0.00,0,2038340.76,last_posted_transaction_or_prior_closing_balance,,trusted,cn_public_2022_2026_cycles_1_0,public_schedule_without_transaction_override,False,,,complete
2024-02-14,0.00,3940.93,1,2034399.83,last_posted_transaction_or_prior_closing_balance,synb1_txn_e9ba625f8ee78dde08a97118,trusted,cn_public_2022_2026_cycles_1_0,public_schedule_without_transaction_override,False,,,complete
2024-02-15,314719.22,0.00,1,2349119.05,last_posted_transaction_or_prior_closing_balance,synb1_txn_e6305a9207058dd6cd7c09fb,trusted,cn_public_2022_2026_cycles_1_0,public_schedule_without_transaction_override,False,,,complete
2024-02-16,107679.63,4695.56,2,2452103.12,last_posted_transaction_or_prior_closing_balance,synb1_txn_e510ec943eebb4890158ded9,trusted,cn_public_2022_2026_cycles_1_0,public_schedule_without_transaction_override,False,,,complete
2024-02-17,0.00,37810.86,2,2414292.26,last_posted_transaction_or_prior_closing_balance,synb1_txn_6aba7373475c87fe067f93fa,trusted,cn_public_2022_2026_cycles_1_0,public_schedule_without_transaction_override,False,,,complete
2024-02-18,0.00,139024.00,3,2275268.26,last_posted_transaction_or_prior_closing_balance,synb1_txn_b1b7120c3f82e27f77825a2c,trusted,cn_public_2022_2026_cycles_1_0,public_schedule_without_transaction_override,True,31,2024-02-19,complete
2024-02-19,0.00,0.00,0,2275268.26,last_posted_transaction_or_prior_closing_balance,,trusted,cn_public_2022_2026_cycles_1_0,public_schedule_without_transaction_override,True,32,2024-02-20,complete
2024-02-20,0.00,403.57,1,2274864.69,last_posted_transaction_or_prior_closing_balance,synb1_txn_7be1ec31537d2cf6762ed981,trusted,cn_public_2022_2026_cycles_1_0,public_schedule_without_transaction_override,True,33,2024-02-21,complete
2024-02-21,105536.72,0.00,1,2380401.41,last_posted_transaction_or_prior_closing_balance,synb1_txn_1886f446500cfde0508ddcb6,trusted,cn_public_2022_2026_cycles_1_0,public_schedule_without_transaction_override,True,34,2024-02-22,complete
2024-02-22,137064.43,1829.64,2,2515636.20,last_posted_transaction_or_prior_closing_balance,synb1_txn_f6040072e7751f1d352eb9e2,trusted,cn_public_2022_2026_cycles_1_0,public_schedule_without_transaction_override,True,35,2024-02-23,complete
2024-02-23,0.00,0.00,0,2515636.20,last_posted_transaction_or_prior_closing_balance,,trusted,cn_public_2022_2026_cycles_1_0,public_schedule_without_transaction_override,True,36,2024-02-26,complete
2024-02-24,0.00,0.00,0,2515636.20,last_posted_transaction_or_prior_closing_balance,,trusted,cn_public_2022_2026_cycles_1_0,public_schedule_without_transaction_override,False,,,complete
2024-02-25,0.00,0.00,0,2515636.20,last_posted_transaction_or_prior_closing_balance,,trusted,cn_public_2022_2026_cycles_1_0,public_schedule_without_transaction_override,False,,,complete
2024-02-26,0.00,0.00,0,2515636.20,last_posted_transaction_or_prior_closing_balance,,trusted,cn_public_2022_2026_cycles_1_0,public_schedule_without_transaction_override,True,37,2024-02-27,complete
2024-02-27,0.00,579.78,1,2515056.42,last_posted_transaction_or_prior_closing_balance,synb1_txn_55c7a3e22aef3649e9ac74cd,trusted,cn_public_2022_2026_cycles_1_0,public_schedule_without_transaction_override,True,38,2024-02-28,complete
2024-02-28,0.00,85220.42,1,2429836.00,last_posted_transaction_or_prior_closing_balance,synb1_txn_850b3d8d9fe15f35b1349087,trusted,cn_public_2022_2026_cycles_1_0,public_schedule_without_transaction_override,True,39,2024-02-29,complete
2024-02-29,0.00,0.00,0,2429836.00,last_posted_transaction_or_prior_closing_balance,,trusted,cn_public_2022_2026_cycles_1_0,public_schedule_without_transaction_override,True,40,2024-03-01,complete
2024-03-01,0.00,0.00,0,2429836.00,last_posted_transaction_or_prior_closing_balance,,trusted,cn_public_2022_2026_cycles_1_0,public_schedule_without_transaction_override,True,41,2024-03-04,complete
2024-03-02,0.00,121896.77,1,2307939.23,last_posted_transaction_or_prior_closing_balance,synb1_txn_6c6e85758753c4c32558f2bb,trusted,cn_public_2022_2026_cycles_1_0,public_schedule_without_transaction_override,False,,,complete
2024-03-03,1040.75,0.00,1,2308979.98,last_posted_transaction_or_prior_closing_balance,synb1_txn_365ca2b08de71c80cd499f2f,trusted,cn_public_2022_2026_cycles_1_0,public_schedule_without_transaction_override,False,,,complete
2024-03-04,0.00,0.00,0,2308979.98,last_posted_transaction_or_prior_closing_balance,,trusted,cn_public_2022_2026_cycles_1_0,public_schedule_without_transaction_override,True,42,2024-03-05,complete
2024-03-05,0.00,51221.07,3,2257758.91,last_posted_transaction_or_prior_closing_balance,synb1_txn_0b809178b4258cab8b75a90c,trusted,cn_public_2022_2026_cycles_1_0,public_schedule_without_transaction_override,True,43,2024-03-06,complete
2024-03-06,0.00,203820.73,1,2053938.18,last_posted_transaction_or_prior_closing_balance,synb1_txn_75ef80e83025cc5b7994d424,trusted,cn_public_2022_2026_cycles_1_0,public_schedule_without_transaction_override,True,44,2024-03-07,complete
2024-03-07,0.00,102298.22,2,1951639.96,last_posted_transaction_or_prior_closing_balance,synb1_txn_0380a8d3bb0d42fcfd847fd4,trusted,cn_public_2022_2026_cycles_1_0,public_schedule_without_transaction_override,True,45,2024-03-08,complete
2024-03-08,0.00,320979.30,2,1630660.66,last_posted_transaction_or_prior_closing_balance,synb1_txn_4de4af9d3514aaa77d8f23b5,trusted,cn_public_2022_2026_cycles_1_0,public_schedule_without_transaction_override,True,46,2024-03-11,complete
2024-03-09,0.00,0.00,0,1630660.66,last_posted_transaction_or_prior_closing_balance,,trusted,cn_public_2022_2026_cycles_1_0,public_schedule_without_transaction_override,False,,,complete
2024-03-10,420081.74,0.00,1,2050742.40,last_posted_transaction_or_prior_closing_balance,synb1_txn_cad2117a13c6cd034bbc1bc0,trusted,cn_public_2022_2026_cycles_1_0,public_schedule_without_transaction_override,False,,,complete
2024-03-11,139865.34,207549.09,2,1983058.65,last_posted_transaction_or_prior_closing_balance,synb1_txn_5bf4fd49d9952ea774857a32,trusted,cn_public_2022_2026_cycles_1_0,public_schedule_without_transaction_override,True,47,2024-03-12,complete
2024-03-12,50960.62,0.00,1,2034019.27,last_posted_transaction_or_prior_closing_balance,synb1_txn_e8da1d107f0b7964939d7672,trusted,cn_public_2022_2026_cycles_1_0,public_schedule_without_transaction_override,True,48,2024-03-13,complete
2024-03-13,0.00,0.00,0,2034019.27,last_posted_transaction_or_prior_closing_balance,,trusted,cn_public_2022_2026_cycles_1_0,public_schedule_without_transaction_override,True,49,2024-03-14,complete
2024-03-14,34264.92,7545.36,2,2060738.83,last_posted_transaction_or_prior_closing_balance,synb1_txn_14bf8768c0cf0cb98ccff24d,trusted,cn_public_2022_2026_cycles_1_0,public_schedule_without_transaction_override,True,50,2024-03-15,complete
2024-03-15,0.00,5344.61,2,2055394.22,last_posted_transaction_or_prior_closing_balance,synb1_txn_c4404a9150ed7dc36320e58b,trusted,cn_public_2022_2026_cycles_1_0,public_schedule_without_transaction_override,True,51,2024-03-18,complete
2024-03-16,0.00,0.00,0,2055394.22,last_posted_transaction_or_prior_closing_balance,,trusted,cn_public_2022_2026_cycles_1_0,public_schedule_without_transaction_override,False,,,complete
2024-03-17,0.00,17060.46,1,2038333.76,last_posted_transaction_or_prior_closing_balance,synb1_txn_67e41cbfad0c6f5a72dc72dd,trusted,cn_public_2022_2026_cycles_1_0,public_schedule_without_transaction_override,False,,,complete
2024-03-18,196177.53,134166.40,4,2100344.89,last_posted_transaction_or_prior_closing_balance,synb1_txn_d8a4f8d12cb0e9bdd70db914,trusted,cn_public_2022_2026_cycles_1_0,public_schedule_without_transaction_override,True,52,2024-03-19,complete
2024-03-19,0.00,0.00,0,2100344.89,last_posted_transaction_or_prior_closing_balance,,trusted,cn_public_2022_2026_cycles_1_0,public_schedule_without_transaction_override,True,53,2024-03-20,complete
2024-03-20,166601.63,0.00,1,2266946.52,last_posted_transaction_or_prior_closing_balance,synb1_txn_8f7a4fdffbd4d90531e417c6,trusted,cn_public_2022_2026_cycles_1_0,public_schedule_without_transaction_override,True,54,2024-03-21,complete
2024-03-21,0.00,0.00,0,2266946.52,last_posted_transaction_or_prior_closing_balance,,trusted,cn_public_2022_2026_cycles_1_0,public_schedule_without_transaction_override,True,55,2024-03-22,complete
2024-03-22,0.00,0.00,0,2266946.52,last_posted_transaction_or_prior_closing_balance,,trusted,cn_public_2022_2026_cycles_1_0,public_schedule_without_transaction_override,True,56,2024-03-25,complete
2024-03-23,0.00,0.00,0,2266946.52,last_posted_transaction_or_prior_closing_balance,,trusted,cn_public_2022_2026_cycles_1_0,public_schedule_without_transaction_override,False,,,complete
2024-03-24,189902.07,0.00,3,2456848.59,last_posted_transaction_or_prior_closing_balance,synb1_txn_1e6a37055e12dc7e01249e69,trusted,cn_public_2022_2026_cycles_1_0,public_schedule_without_transaction_override,False,,,complete
2024-03-25,0.00,98869.55,1,2357979.04,last_posted_transaction_or_prior_closing_balance,synb1_txn_eafa145a37d418e7277447bc,trusted,cn_public_2022_2026_cycles_1_0,public_schedule_without_transaction_override,True,57,2024-03-26,complete
2024-03-26,0.00,151714.84,1,2206264.20,last_posted_transaction_or_prior_closing_balance,synb1_txn_5b8cea71284786d5bdbda0fc,trusted,cn_public_2022_2026_cycles_1_0,public_schedule_without_transaction_override,True,58,2024-03-27,complete
2024-03-27,133311.77,0.00,1,2339575.97,last_posted_transaction_or_prior_closing_balance,synb1_txn_a7531b2133730531f9bc3b72,trusted,cn_public_2022_2026_cycles_1_0,public_schedule_without_transaction_override,True,59,2024-03-28,complete
2024-03-28,475293.63,0.00,2,2814869.60,last_posted_transaction_or_prior_closing_balance,synb1_txn_cae3cedb6abeeb1e56f1bc35,trusted,cn_public_2022_2026_cycles_1_0,public_schedule_without_transaction_override,True,60,2024-03-29,complete
2024-03-29,0.00,0.00,0,2814869.60,last_posted_transaction_or_prior_closing_balance,,trusted,cn_public_2022_2026_cycles_1_0,public_schedule_without_transaction_override,True,61,2024-04-01,complete
2024-03-30,0.00,0.00,0,2814869.60,last_posted_transaction_or_prior_closing_balance,,trusted,cn_public_2022_2026_cycles_1_0,public_schedule_without_transaction_override,False,,,complete
2024-03-31,0.00,0.00,0,2814869.60,last_posted_transaction_or_prior_closing_balance,,trusted,cn_public_2022_2026_cycles_1_0,public_schedule_without_transaction_override,False,,,complete
2024-04-01,0.00,0.00,0,2814869.60,last_posted_transaction_or_prior_closing_balance,,trusted,cn_public_2022_2026_cycles_1_0,public_schedule_without_transaction_override,True,62,2024-04-02,complete
2024-04-02,0.00,234673.65,2,2580195.95,last_posted_transaction_or_prior_closing_balance,synb1_txn_7a9eeceec5158b2c0f14e087,trusted,cn_public_2022_2026_cycles_1_0,public_schedule_without_transaction_override,True,63,2024-04-03,complete
2024-04-03,156939.41,176178.86,4,2560956.50,last_posted_transaction_or_prior_closing_balance,synb1_txn_9f515dcbdae82dc03617f03f,trusted,cn_public_2022_2026_cycles_1_0,public_schedule_without_transaction_override,True,64,2024-04-07,complete
2024-04-04,0.00,0.00,0,2560956.50,last_posted_transaction_or_prior_closing_balance,,trusted,cn_public_2022_2026_cycles_1_0,public_schedule_without_transaction_override,False,,,complete
2024-04-05,167534.58,16000.00,2,2712491.08,last_posted_transaction_or_prior_closing_balance,synb1_txn_3c08d55feb85b09fccc46cc9,trusted,cn_public_2022_2026_cycles_1_0,public_schedule_without_transaction_override,False,,,complete
2024-04-06,21521.09,5776.80,2,2728235.37,last_posted_transaction_or_prior_closing_balance,synb1_txn_2eab19b8d7cd5989c444bc88,trusted,cn_public_2022_2026_cycles_1_0,public_schedule_without_transaction_override,False,,,complete
2024-04-07,193991.87,48000.00,2,2874227.24,last_posted_transaction_or_prior_closing_balance,synb1_txn_51293060d303cb1163d1f50f,trusted,cn_public_2022_2026_cycles_1_0,public_schedule_without_transaction_override,True,65,2024-04-08,complete
2024-04-08,205546.51,93.42,2,3079680.33,last_posted_transaction_or_prior_closing_balance,synb1_txn_c98472b8af4cab0119ff3e31,trusted,cn_public_2022_2026_cycles_1_0,public_schedule_without_transaction_override,True,66,2024-04-09,complete
2024-04-09,254115.11,0.00,1,3333795.44,last_posted_transaction_or_prior_closing_balance,synb1_txn_25f744c2fe3e0c1984202588,trusted,cn_public_2022_2026_cycles_1_0,public_schedule_without_transaction_override,True,67,2024-04-10,complete
2024-04-10,62917.55,0.00,1,3396712.99,last_posted_transaction_or_prior_closing_balance,synb1_txn_c1d2eab13cc2d81c4600eb42,trusted,cn_public_2022_2026_cycles_1_0,public_schedule_without_transaction_override,True,68,2024-04-11,complete
2024-04-11,3316.44,0.00,1,3400029.43,last_posted_transaction_or_prior_closing_balance,synb1_txn_9104ed4701953ea3879b9871,trusted,cn_public_2022_2026_cycles_1_0,public_schedule_without_transaction_override,True,69,2024-04-12,complete
2024-04-12,0.00,923.34,1,3399106.09,last_posted_transaction_or_prior_closing_balance,synb1_txn_281470bb4b7d657d790cc4be,trusted,cn_public_2022_2026_cycles_1_0,public_schedule_without_transaction_override,True,70,2024-04-15,complete
2024-04-13,0.00,0.00,0,3399106.09,last_posted_transaction_or_prior_closing_balance,,trusted,cn_public_2022_2026_cycles_1_0,public_schedule_without_transaction_override,False,,,complete
2024-04-14,0.00,0.00,0,3399106.09,last_posted_transaction_or_prior_closing_balance,,trusted,cn_public_2022_2026_cycles_1_0,public_schedule_without_transaction_override,False,,,complete
2024-04-15,4650.31,25796.02,2,3377960.38,last_posted_transaction_or_prior_closing_balance,synb1_txn_e6f317a0a46053e6c165ca26,trusted,cn_public_2022_2026_cycles_1_0,public_schedule_without_transaction_override,True,71,2024-04-16,complete
2024-04-16,0.00,0.00,0,3377960.38,last_posted_transaction_or_prior_closing_balance,,trusted,cn_public_2022_2026_cycles_1_0,public_schedule_without_transaction_override,True,72,2024-04-17,complete
2024-04-17,141033.71,0.00,1,3518994.09,last_posted_transaction_or_prior_closing_balance,synb1_txn_f91f9e068441017b4b9d9cb0,trusted,cn_public_2022_2026_cycles_1_0,public_schedule_without_transaction_override,True,73,2024-04-18,complete
2024-04-18,0.00,130789.73,4,3388204.36,last_posted_transaction_or_prior_closing_balance,synb1_txn_ab5fbf188e5794311bfa722a,trusted,cn_public_2022_2026_cycles_1_0,public_schedule_without_transaction_override,True,74,2024-04-19,complete
2024-04-19,234056.71,0.00,1,3622261.07,last_posted_transaction_or_prior_closing_balance,synb1_txn_8f080af0ad9af5c830220d9a,trusted,cn_public_2022_2026_cycles_1_0,public_schedule_without_transaction_override,True,75,2024-04-22,complete
2024-04-20,47219.40,173474.92,2,3496005.55,last_posted_transaction_or_prior_closing_balance,synb1_txn_396380dcd5e18d69d39f333c,trusted,cn_public_2022_2026_cycles_1_0,public_schedule_without_transaction_override,False,,,complete
2024-04-21,0.00,199719.69,3,3296285.86,last_posted_transaction_or_prior_closing_balance,synb1_txn_784179eb1beb5064deed69ac,trusted,cn_public_2022_2026_cycles_1_0,public_schedule_without_transaction_override,False,,,complete
2024-04-22,0.00,21966.51,1,3274319.35,last_posted_transaction_or_prior_closing_balance,synb1_txn_dd926aee7c4e8851bf272a67,trusted,cn_public_2022_2026_cycles_1_0,public_schedule_without_transaction_override,True,76,2024-04-23,complete
2024-04-23,0.00,0.00,0,3274319.35,last_posted_transaction_or_prior_closing_balance,,trusted,cn_public_2022_2026_cycles_1_0,public_schedule_without_transaction_override,True,77,2024-04-24,complete
2024-04-24,0.00,0.00,0,3274319.35,last_posted_transaction_or_prior_closing_balance,,trusted,cn_public_2022_2026_cycles_1_0,public_schedule_without_transaction_override,True,78,2024-04-25,complete
2024-04-25,0.00,336713.79,1,2937605.56,last_posted_transaction_or_prior_closing_balance,synb1_txn_e36944635813be621336e748,trusted,cn_public_2022_2026_cycles_1_0,public_schedule_without_transaction_override,True,79,2024-04-26,complete
2024-04-26,0.00,0.00,0,2937605.56,last_posted_transaction_or_prior_closing_balance,,trusted,cn_public_2022_2026_cycles_1_0,public_schedule_without_transaction_override,True,80,2024-04-28,complete
2024-04-27,18477.40,0.00,1,2956082.96,last_posted_transaction_or_prior_closing_balance,synb1_txn_cddb83bcd2ba720976a41b90,trusted,cn_public_2022_2026_cycles_1_0,public_schedule_without_transaction_override,False,,,complete
2024-04-28,311179.91,0.00,1,3267262.87,last_posted_transaction_or_prior_closing_balance,synb1_txn_3f93634ed5f39f2a10a7f3ea,trusted,cn_public_2022_2026_cycles_1_0,public_schedule_without_transaction_override,True,81,2024-04-29,complete
2024-04-29,0.00,0.00,0,3267262.87,last_posted_transaction_or_prior_closing_balance,,trusted,cn_public_2022_2026_cycles_1_0,public_schedule_without_transaction_override,True,82,2024-04-30,complete
2024-04-30,0.00,0.00,0,3267262.87,last_posted_transaction_or_prior_closing_balance,,trusted,cn_public_2022_2026_cycles_1_0,public_schedule_without_transaction_override,True,83,2024-05-06,complete
2024-05-01,0.00,0.00,0,3267262.87,last_posted_transaction_or_prior_closing_balance,,trusted,cn_public_2022_2026_cycles_1_0,public_schedule_without_transaction_override,False,,,complete
2024-05-02,65874.98,0.00,1,3333137.85,last_posted_transaction_or_prior_closing_balance,synb1_txn_75788fd01004ef091e57c49a,trusted,cn_public_2022_2026_cycles_1_0,public_schedule_without_transaction_override,False,,,complete
2024-05-03,0.00,570901.47,1,2762236.38,last_posted_transaction_or_prior_closing_balance,synb1_txn_df3cb5b73fa6223075d403ac,trusted,cn_public_2022_2026_cycles_1_0,public_schedule_without_transaction_override,False,,,complete
2024-05-04,0.00,0.00,0,2762236.38,last_posted_transaction_or_prior_closing_balance,,trusted,cn_public_2022_2026_cycles_1_0,public_schedule_without_transaction_override,False,,,complete
2024-05-05,0.00,16000.00,1,2746236.38,last_posted_transaction_or_prior_closing_balance,synb1_txn_910a4858bcfce0698275dcca,trusted,cn_public_2022_2026_cycles_1_0,public_schedule_without_transaction_override,False,,,complete
2024-05-06,0.00,0.00,0,2746236.38,last_posted_transaction_or_prior_closing_balance,,trusted,cn_public_2022_2026_cycles_1_0,public_schedule_without_transaction_override,True,84,2024-05-07,complete
2024-05-07,179746.20,48000.00,2,2877982.58,last_posted_transaction_or_prior_closing_balance,synb1_txn_9aa89299d490d5151852578b,trusted,cn_public_2022_2026_cycles_1_0,public_schedule_without_transaction_override,True,85,2024-05-08,complete
2024-05-08,0.00,0.00,0,2877982.58,last_posted_transaction_or_prior_closing_balance,,trusted,cn_public_2022_2026_cycles_1_0,public_schedule_without_transaction_override,True,86,2024-05-09,complete
2024-05-09,173381.50,0.00,2,3051364.08,last_posted_transaction_or_prior_closing_balance,synb1_txn_c0c1e4b489902ecf08963da8,trusted,cn_public_2022_2026_cycles_1_0,public_schedule_without_transaction_override,True,87,2024-05-10,complete
2024-05-10,0.00,5409.40,1,3045954.68,last_posted_transaction_or_prior_closing_balance,synb1_txn_7947df65090c4667a45ac844,trusted,cn_public_2022_2026_cycles_1_0,public_schedule_without_transaction_override,True,88,2024-05-11,complete
2024-05-11,732520.76,122128.54,3,3656346.90,last_posted_transaction_or_prior_closing_balance,synb1_txn_cbd9ca680f9d869eae6ef9cf,trusted,cn_public_2022_2026_cycles_1_0,public_schedule_without_transaction_override,True,89,2024-05-13,complete
2024-05-12,0.00,0.00,0,3656346.90,last_posted_transaction_or_prior_closing_balance,,trusted,cn_public_2022_2026_cycles_1_0,public_schedule_without_transaction_override,False,,,complete
2024-05-13,181350.28,0.00,1,3837697.18,last_posted_transaction_or_prior_closing_balance,synb1_txn_c96985cfe92d8ad5a165c301,trusted,cn_public_2022_2026_cycles_1_0,public_schedule_without_transaction_override,True,90,2024-05-14,complete
2024-05-14,231733.04,23555.82,2,4045874.40,last_posted_transaction_or_prior_closing_balance,synb1_txn_7e472e0b33ac71bd4139d013,trusted,cn_public_2022_2026_cycles_1_0,public_schedule_without_transaction_override,True,91,2024-05-15,complete
2024-05-15,0.00,0.00,0,4045874.40,last_posted_transaction_or_prior_closing_balance,,trusted,cn_public_2022_2026_cycles_1_0,public_schedule_without_transaction_override,True,92,2024-05-16,complete
2024-05-16,0.00,0.00,0,4045874.40,last_posted_transaction_or_prior_closing_balance,,trusted,cn_public_2022_2026_cycles_1_0,public_schedule_without_transaction_override,True,93,2024-05-17,complete
2024-05-17,13530.48,0.00,1,4059404.88,last_posted_transaction_or_prior_closing_balance,synb1_txn_1d23a463716d9254b84d63da,trusted,cn_public_2022_2026_cycles_1_0,public_schedule_without_transaction_override,True,94,2024-05-20,complete
2024-05-18,0.00,0.00,0,4059404.88,last_posted_transaction_or_prior_closing_balance,,trusted,cn_public_2022_2026_cycles_1_0,public_schedule_without_transaction_override,False,,,complete
2024-05-19,0.00,161258.53,1,3898146.35,last_posted_transaction_or_prior_closing_balance,synb1_txn_e23467f717e76d384dc44011,trusted,cn_public_2022_2026_cycles_1_0,public_schedule_without_transaction_override,False,,,complete
2024-05-20,99586.79,351765.43,5,3645967.71,last_posted_transaction_or_prior_closing_balance,synb1_txn_413783d453e7d618a6b9b1df,trusted,cn_public_2022_2026_cycles_1_0,public_schedule_without_transaction_override,True,95,2024-05-21,complete
2024-05-21,0.00,0.00,0,3645967.71,last_posted_transaction_or_prior_closing_balance,,trusted,cn_public_2022_2026_cycles_1_0,public_schedule_without_transaction_override,True,96,2024-05-22,complete
2024-05-22,0.00,0.00,0,3645967.71,last_posted_transaction_or_prior_closing_balance,,trusted,cn_public_2022_2026_cycles_1_0,public_schedule_without_transaction_override,True,97,2024-05-23,complete
2024-05-23,0.00,53055.54,2,3592912.17,last_posted_transaction_or_prior_closing_balance,synb1_txn_89e2286c6b4ce58a0f709b8e,trusted,cn_public_2022_2026_cycles_1_0,public_schedule_without_transaction_override,True,98,2024-05-24,complete
2024-05-24,0.00,0.00,0,3592912.17,last_posted_transaction_or_prior_closing_balance,,trusted,cn_public_2022_2026_cycles_1_0,public_schedule_without_transaction_override,True,99,2024-05-27,complete
2024-05-25,59342.79,0.00,1,3652254.96,last_posted_transaction_or_prior_closing_balance,synb1_txn_fb15686caf43d6d37dfb810a,trusted,cn_public_2022_2026_cycles_1_0,public_schedule_without_transaction_override,False,,,complete
2024-05-26,0.00,0.00,0,3652254.96,last_posted_transaction_or_prior_closing_balance,,trusted,cn_public_2022_2026_cycles_1_0,public_schedule_without_transaction_override,False,,,complete
2024-05-27,0.00,0.00,0,3652254.96,last_posted_transaction_or_prior_closing_balance,,trusted,cn_public_2022_2026_cycles_1_0,public_schedule_without_transaction_override,True,100,2024-05-28,complete
2024-05-28,50933.18,0.00,1,3703188.14,last_posted_transaction_or_prior_closing_balance,synb1_txn_efce3a34cbcb0943433f2462,trusted,cn_public_2022_2026_cycles_1_0,public_schedule_without_transaction_override,True,101,2024-05-29,complete
2024-05-29,0.00,0.00,0,3703188.14,last_posted_transaction_or_prior_closing_balance,,trusted,cn_public_2022_2026_cycles_1_0,public_schedule_without_transaction_override,True,102,2024-05-30,complete
2024-05-30,0.00,0.00,0,3703188.14,last_posted_transaction_or_prior_closing_balance,,trusted,cn_public_2022_2026_cycles_1_0,public_schedule_without_transaction_override,True,103,2024-05-31,complete
2024-05-31,0.00,0.00,0,3703188.14,last_posted_transaction_or_prior_closing_balance,,trusted,cn_public_2022_2026_cycles_1_0,public_schedule_without_transaction_override,True,104,2024-06-03,complete
2024-06-01,0.00,0.00,0,3703188.14,last_posted_transaction_or_prior_closing_balance,,trusted,cn_public_2022_2026_cycles_1_0,public_schedule_without_transaction_override,False,,,complete
2024-06-02,668.62,0.00,1,3703856.76,last_posted_transaction_or_prior_closing_balance,synb1_txn_3d0f18a6c04dfadc125dd0d5,trusted,cn_public_2022_2026_cycles_1_0,public_schedule_without_transaction_override,False,,,complete
2024-06-03,44644.19,425.20,2,3748075.75,last_posted_transaction_or_prior_closing_balance,synb1_txn_c1de90dc7248490489acbd95,trusted,cn_public_2022_2026_cycles_1_0,public_schedule_without_transaction_override,True,105,2024-06-04,complete
2024-06-04,0.00,914939.50,1,2833136.25,last_posted_transaction_or_prior_closing_balance,synb1_txn_d334b971cc34a48ac757c4f8,trusted,cn_public_2022_2026_cycles_1_0,public_schedule_without_transaction_override,True,106,2024-06-05,complete
2024-06-05,367096.39,16000.00,3,3184232.64,last_posted_transaction_or_prior_closing_balance,synb1_txn_ad62a1b5c3c3cfce25ad4778,trusted,cn_public_2022_2026_cycles_1_0,public_schedule_without_transaction_override,True,107,2024-06-06,complete
2024-06-06,0.00,6267.25,1,3177965.39,last_posted_transaction_or_prior_closing_balance,synb1_txn_1032af83cde765339993166f,trusted,cn_public_2022_2026_cycles_1_0,public_schedule_without_transaction_override,True,108,2024-06-07,complete
2024-06-07,0.00,50000.00,1,3127965.39,last_posted_transaction_or_prior_closing_balance,synb1_txn_48cb3afd95da0aba2528c54a,trusted,cn_public_2022_2026_cycles_1_0,public_schedule_without_transaction_override,True,109,2024-06-11,complete
2024-06-08,66972.49,0.00,1,3194937.88,last_posted_transaction_or_prior_closing_balance,synb1_txn_b12a86e4f3231d0420983480,trusted,cn_public_2022_2026_cycles_1_0,public_schedule_without_transaction_override,False,,,complete
2024-06-09,258008.31,0.00,1,3452946.19,last_posted_transaction_or_prior_closing_balance,synb1_txn_269a864b1ad5a91a4e07c642,trusted,cn_public_2022_2026_cycles_1_0,public_schedule_without_transaction_override,False,,,complete
2024-06-10,0.00,108120.99,1,3344825.20,last_posted_transaction_or_prior_closing_balance,synb1_txn_7387a2795dde098fd6b2e268,trusted,cn_public_2022_2026_cycles_1_0,public_schedule_without_transaction_override,False,,,complete
2024-06-11,117394.31,0.00,1,3462219.51,last_posted_transaction_or_prior_closing_balance,synb1_txn_17f9734f7a5d33315e9a3b23,trusted,cn_public_2022_2026_cycles_1_0,public_schedule_without_transaction_override,True,110,2024-06-12,complete
2024-06-12,98114.31,0.00,2,3560333.82,last_posted_transaction_or_prior_closing_balance,synb1_txn_14299ad6ee3220598db2fea6,trusted,cn_public_2022_2026_cycles_1_0,public_schedule_without_transaction_override,True,111,2024-06-13,complete
2024-06-13,0.00,6804.63,1,3553529.19,last_posted_transaction_or_prior_closing_balance,synb1_txn_c7cbee893a2fd8d82258486d,trusted,cn_public_2022_2026_cycles_1_0,public_schedule_without_transaction_override,True,112,2024-06-14,complete
2024-06-14,0.00,137160.50,1,3416368.69,last_posted_transaction_or_prior_closing_balance,synb1_txn_e59d9acbac22e773b6f64512,trusted,cn_public_2022_2026_cycles_1_0,public_schedule_without_transaction_override,True,113,2024-06-17,complete
2024-06-15,0.00,0.00,0,3416368.69,last_posted_transaction_or_prior_closing_balance,,trusted,cn_public_2022_2026_cycles_1_0,public_schedule_without_transaction_override,False,,,complete
2024-06-16,0.00,0.00,0,3416368.69,last_posted_transaction_or_prior_closing_balance,,trusted,cn_public_2022_2026_cycles_1_0,public_schedule_without_transaction_override,False,,,complete
2024-06-17,284060.41,0.00,2,3700429.10,last_posted_transaction_or_prior_closing_balance,synb1_txn_849d8681eef9c8bbe06c9dea,trusted,cn_public_2022_2026_cycles_1_0,public_schedule_without_transaction_override,True,114,2024-06-18,complete
2024-06-18,118599.17,127277.93,4,3691750.34,last_posted_transaction_or_prior_closing_balance,synb1_txn_d9f97ae5189afb5ccf575936,trusted,cn_public_2022_2026_cycles_1_0,public_schedule_without_transaction_override,True,115,2024-06-19,complete
2024-06-19,0.00,79403.90,1,3612346.44,last_posted_transaction_or_prior_closing_balance,synb1_txn_92d8470d57ff4494ab8944b6,trusted,cn_public_2022_2026_cycles_1_0,public_schedule_without_transaction_override,True,116,2024-06-20,complete
2024-06-20,0.00,0.00,0,3612346.44,last_posted_transaction_or_prior_closing_balance,,trusted,cn_public_2022_2026_cycles_1_0,public_schedule_without_transaction_override,True,117,2024-06-21,complete
2024-06-21,16968.84,0.00,1,3629315.28,last_posted_transaction_or_prior_closing_balance,synb1_txn_0f3aace31ec430ae722fd774,trusted,cn_public_2022_2026_cycles_1_0,public_schedule_without_transaction_override,True,118,2024-06-24,complete
2024-06-22,0.00,71208.70,1,3558106.58,last_posted_transaction_or_prior_closing_balance,synb1_txn_7f95fa96ab79737d08f65398,trusted,cn_public_2022_2026_cycles_1_0,public_schedule_without_transaction_override,False,,,complete
2024-06-23,256514.58,0.00,1,3814621.16,last_posted_transaction_or_prior_closing_balance,synb1_txn_6757bbed84c73701318c122e,trusted,cn_public_2022_2026_cycles_1_0,public_schedule_without_transaction_override,False,,,complete
2024-06-24,44539.69,4270.17,2,3854890.68,last_posted_transaction_or_prior_closing_balance,synb1_txn_53ed3645518ce430ec313789,trusted,cn_public_2022_2026_cycles_1_0,public_schedule_without_transaction_override,True,119,2024-06-25,complete
2024-06-25,24018.69,8432.69,2,3870476.68,last_posted_transaction_or_prior_closing_balance,synb1_txn_06c566730af464ac0cf33529,trusted,cn_public_2022_2026_cycles_1_0,public_schedule_without_transaction_override,True,120,2024-06-26,complete
2024-06-26,0.00,120806.47,1,3749670.21,last_posted_transaction_or_prior_closing_balance,synb1_txn_c512dc2f559cbe972c4aeee0,trusted,cn_public_2022_2026_cycles_1_0,public_schedule_without_transaction_override,True,121,2024-06-27,complete
2024-06-27,0.00,0.00,0,3749670.21,last_posted_transaction_or_prior_closing_balance,,trusted,cn_public_2022_2026_cycles_1_0,public_schedule_without_transaction_override,True,122,2024-06-28,complete
2024-06-28,0.00,0.00,0,3749670.21,last_posted_transaction_or_prior_closing_balance,,trusted,cn_public_2022_2026_cycles_1_0,public_schedule_without_transaction_override,True,123,2024-07-01,complete
2024-06-29,0.00,0.00,0,3749670.21,last_posted_transaction_or_prior_closing_balance,,trusted,cn_public_2022_2026_cycles_1_0,public_schedule_without_transaction_override,False,,,complete
2024-06-30,0.00,0.00,0,3749670.21,last_posted_transaction_or_prior_closing_balance,,trusted,cn_public_2022_2026_cycles_1_0,public_schedule_without_transaction_override,False,,,complete
2024-07-01,0.00,0.00,0,3749670.21,last_posted_transaction_or_prior_closing_balance,,trusted,cn_public_2022_2026_cycles_1_0,public_schedule_without_transaction_override,True,124,2024-07-02,complete
2024-07-02,0.00,1552.89,1,3748117.32,last_posted_transaction_or_prior_closing_balance,synb1_txn_8fd5d4dd9fa52f3e50e85f1b,trusted,cn_public_2022_2026_cycles_1_0,public_schedule_without_transaction_override,True,125,2024-07-03,complete
2024-07-03,157431.14,0.00,1,3905548.46,last_posted_transaction_or_prior_closing_balance,synb1_txn_40cc849f272cd2d75d0ab0e5,trusted,cn_public_2022_2026_cycles_1_0,public_schedule_without_transaction_override,True,126,2024-07-04,complete
2024-07-04,0.00,0.00,0,3905548.46,last_posted_transaction_or_prior_closing_balance,,trusted,cn_public_2022_2026_cycles_1_0,public_schedule_without_transaction_override,True,127,2024-07-05,complete
2024-07-05,0.00,83090.73,2,3822457.73,last_posted_transaction_or_prior_closing_balance,synb1_txn_19daa447deb5e6e440557a42,trusted,cn_public_2022_2026_cycles_1_0,public_schedule_without_transaction_override,True,128,2024-07-08,complete
2024-07-06,0.00,0.00,0,3822457.73,last_posted_transaction_or_prior_closing_balance,,trusted,cn_public_2022_2026_cycles_1_0,public_schedule_without_transaction_override,False,,,complete
2024-07-07,0.00,517967.80,2,3304489.93,last_posted_transaction_or_prior_closing_balance,synb1_txn_257b9f3cd1c95ff0346d313d,trusted,cn_public_2022_2026_cycles_1_0,public_schedule_without_transaction_override,False,,,complete
2024-07-08,0.00,0.00,0,3304489.93,last_posted_transaction_or_prior_closing_balance,,trusted,cn_public_2022_2026_cycles_1_0,public_schedule_without_transaction_override,True,129,2024-07-09,complete
2024-07-09,44627.81,81977.77,2,3267139.97,last_posted_transaction_or_prior_closing_balance,synb1_txn_7ae1b40351f09cfa5de314bf,trusted,cn_public_2022_2026_cycles_1_0,public_schedule_without_transaction_override,True,130,2024-07-10,complete
2024-07-10,0.00,0.00,0,3267139.97,last_posted_transaction_or_prior_closing_balance,,trusted,cn_public_2022_2026_cycles_1_0,public_schedule_without_transaction_override,True,131,2024-07-11,complete
2024-07-11,78142.97,98927.88,2,3246355.06,last_posted_transaction_or_prior_closing_balance,synb1_txn_8e953a8d56a86608e27ca1ad,trusted,cn_public_2022_2026_cycles_1_0,public_schedule_without_transaction_override,True,132,2024-07-12,complete
2024-07-12,0.00,0.00,0,3246355.06,last_posted_transaction_or_prior_closing_balance,,trusted,cn_public_2022_2026_cycles_1_0,public_schedule_without_transaction_override,True,133,2024-07-15,complete
2024-07-13,0.00,0.00,0,3246355.06,last_posted_transaction_or_prior_closing_balance,,trusted,cn_public_2022_2026_cycles_1_0,public_schedule_without_transaction_override,False,,,complete
2024-07-14,654306.17,8910.26,2,3891750.97,last_posted_transaction_or_prior_closing_balance,synb1_txn_cbba014738cd9fa023e7be33,trusted,cn_public_2022_2026_cycles_1_0,public_schedule_without_transaction_override,False,,,complete
2024-07-15,0.00,0.00,0,3891750.97,last_posted_transaction_or_prior_closing_balance,,trusted,cn_public_2022_2026_cycles_1_0,public_schedule_without_transaction_override,True,134,2024-07-16,complete
2024-07-16,0.00,4824.27,1,3886926.70,last_posted_transaction_or_prior_closing_balance,synb1_txn_a60679bd7418e5f6e14955e9,trusted,cn_public_2022_2026_cycles_1_0,public_schedule_without_transaction_override,True,135,2024-07-17,complete
2024-07-17,0.00,0.00,0,3886926.70,last_posted_transaction_or_prior_closing_balance,,trusted,cn_public_2022_2026_cycles_1_0,public_schedule_without_transaction_override,True,136,2024-07-18,complete
2024-07-18,537587.20,144165.13,5,4280348.77,last_posted_transaction_or_prior_closing_balance,synb1_txn_13b03fe57dae34cf4a5def88,trusted,cn_public_2022_2026_cycles_1_0,public_schedule_without_transaction_override,True,137,2024-07-19,complete
2024-07-19,0.00,0.00,0,4280348.77,last_posted_transaction_or_prior_closing_balance,,trusted,cn_public_2022_2026_cycles_1_0,public_schedule_without_transaction_override,True,138,2024-07-22,complete
2024-07-20,0.00,125728.62,1,4154620.15,last_posted_transaction_or_prior_closing_balance,synb1_txn_75dff9381085e455ab9d360f,trusted,cn_public_2022_2026_cycles_1_0,public_schedule_without_transaction_override,False,,,complete
2024-07-21,258753.85,0.00,1,4413374.00,last_posted_transaction_or_prior_closing_balance,synb1_txn_c8020d08e0fb7c7abc905487,trusted,cn_public_2022_2026_cycles_1_0,public_schedule_without_transaction_override,False,,,complete
2024-07-22,177550.86,0.00,1,4590924.86,last_posted_transaction_or_prior_closing_balance,synb1_txn_c7f5593f5790185c6ffb2485,trusted,cn_public_2022_2026_cycles_1_0,public_schedule_without_transaction_override,True,139,2024-07-23,complete
2024-07-23,0.00,0.00,0,4590924.86,last_posted_transaction_or_prior_closing_balance,,trusted,cn_public_2022_2026_cycles_1_0,public_schedule_without_transaction_override,True,140,2024-07-24,complete
2024-07-24,0.00,311480.16,1,4279444.70,last_posted_transaction_or_prior_closing_balance,synb1_txn_3ec5b30024272064a0ab2166,trusted,cn_public_2022_2026_cycles_1_0,public_schedule_without_transaction_override,True,141,2024-07-25,complete
2024-07-25,0.00,59989.62,2,4219455.08,last_posted_transaction_or_prior_closing_balance,synb1_txn_6c279b6d38343e589bcf22c9,trusted,cn_public_2022_2026_cycles_1_0,public_schedule_without_transaction_override,True,142,2024-07-26,complete
2024-07-26,0.00,0.00,0,4219455.08,last_posted_transaction_or_prior_closing_balance,,trusted,cn_public_2022_2026_cycles_1_0,public_schedule_without_transaction_override,True,143,2024-07-29,complete
2024-07-27,0.00,0.00,0,4219455.08,last_posted_transaction_or_prior_closing_balance,,trusted,cn_public_2022_2026_cycles_1_0,public_schedule_without_transaction_override,False,,,complete
2024-07-28,0.00,0.00,0,4219455.08,last_posted_transaction_or_prior_closing_balance,,trusted,cn_public_2022_2026_cycles_1_0,public_schedule_without_transaction_override,False,,,complete
2024-07-29,0.00,0.00,0,4219455.08,last_posted_transaction_or_prior_closing_balance,,trusted,cn_public_2022_2026_cycles_1_0,public_schedule_without_transaction_override,True,144,2024-07-30,complete
2024-07-30,0.00,0.00,0,4219455.08,last_posted_transaction_or_prior_closing_balance,,trusted,cn_public_2022_2026_cycles_1_0,public_schedule_without_transaction_override,True,145,2024-07-31,complete
2024-07-31,0.00,0.00,0,4219455.08,last_posted_transaction_or_prior_closing_balance,,trusted,cn_public_2022_2026_cycles_1_0,public_schedule_without_transaction_override,True,146,2024-08-01,complete
2024-08-01,0.00,0.00,0,4219455.08,last_posted_transaction_or_prior_closing_balance,,trusted,cn_public_2022_2026_cycles_1_0,public_schedule_without_transaction_override,True,147,2024-08-02,complete
2024-08-02,0.00,172886.64,1,4046568.44,last_posted_transaction_or_prior_closing_balance,synb1_txn_2149a2863ef56f51cd890ccb,trusted,cn_public_2022_2026_cycles_1_0,public_schedule_without_transaction_override,True,148,2024-08-05,complete
2024-08-03,84746.48,91330.64,2,4039984.28,last_posted_transaction_or_prior_closing_balance,synb1_txn_60615d357b5c3247d8f6b1d9,trusted,cn_public_2022_2026_cycles_1_0,public_schedule_without_transaction_override,False,,,complete
2024-08-04,377265.05,9818.82,2,4407430.51,last_posted_transaction_or_prior_closing_balance,synb1_txn_674a1882af9d69f3babd05c5,trusted,cn_public_2022_2026_cycles_1_0,public_schedule_without_transaction_override,False,,,complete
2024-08-05,0.00,16000.00,1,4391430.51,last_posted_transaction_or_prior_closing_balance,synb1_txn_24f22553a018d36aad0459fa,trusted,cn_public_2022_2026_cycles_1_0,public_schedule_without_transaction_override,True,149,2024-08-06,complete
2024-08-06,0.00,0.00,0,4391430.51,last_posted_transaction_or_prior_closing_balance,,trusted,cn_public_2022_2026_cycles_1_0,public_schedule_without_transaction_override,True,150,2024-08-07,complete
2024-08-07,0.00,50000.00,1,4341430.51,last_posted_transaction_or_prior_closing_balance,synb1_txn_bbf07fa9cb08234be7d89685,trusted,cn_public_2022_2026_cycles_1_0,public_schedule_without_transaction_override,True,151,2024-08-08,complete
2024-08-08,0.00,0.00,0,4341430.51,last_posted_transaction_or_prior_closing_balance,,trusted,cn_public_2022_2026_cycles_1_0,public_schedule_without_transaction_override,True,152,2024-08-09,complete
2024-08-09,0.00,0.00,0,4341430.51,last_posted_transaction_or_prior_closing_balance,,trusted,cn_public_2022_2026_cycles_1_0,public_schedule_without_transaction_override,True,153,2024-08-12,complete
2024-08-10,394269.40,142551.22,2,4593148.69,last_posted_transaction_or_prior_closing_balance,synb1_txn_c621257cfe99c8bc10ed0c15,trusted,cn_public_2022_2026_cycles_1_0,public_schedule_without_transaction_override,False,,,complete
2024-08-11,285566.66,0.00,2,4878715.35,last_posted_transaction_or_prior_closing_balance,synb1_txn_4c8a87b2a9f62fe1e10a628a,trusted,cn_public_2022_2026_cycles_1_0,public_schedule_without_transaction_override,False,,,complete
2024-08-12,0.00,0.00,0,4878715.35,last_posted_transaction_or_prior_closing_balance,,trusted,cn_public_2022_2026_cycles_1_0,public_schedule_without_transaction_override,True,154,2024-08-13,complete
2024-08-13,0.00,0.00,0,4878715.35,last_posted_transaction_or_prior_closing_balance,,trusted,cn_public_2022_2026_cycles_1_0,public_schedule_without_transaction_override,True,155,2024-08-14,complete
2024-08-14,0.00,0.00,0,4878715.35,last_posted_transaction_or_prior_closing_balance,,trusted,cn_public_2022_2026_cycles_1_0,public_schedule_without_transaction_override,True,156,2024-08-15,complete
2024-08-15,174532.68,108002.50,3,4945245.53,last_posted_transaction_or_prior_closing_balance,synb1_txn_7f85d43a69db544f941fc17f,trusted,cn_public_2022_2026_cycles_1_0,public_schedule_without_transaction_override,True,157,2024-08-16,complete
2024-08-16,0.00,0.00,0,4945245.53,last_posted_transaction_or_prior_closing_balance,,trusted,cn_public_2022_2026_cycles_1_0,public_schedule_without_transaction_override,True,158,2024-08-19,complete
2024-08-17,127645.08,72338.59,4,5000552.02,last_posted_transaction_or_prior_closing_balance,synb1_txn_f6658f4c5b6fdca6804c9762,trusted,cn_public_2022_2026_cycles_1_0,public_schedule_without_transaction_override,False,,,complete
2024-08-18,0.00,0.00,0,5000552.02,last_posted_transaction_or_prior_closing_balance,,trusted,cn_public_2022_2026_cycles_1_0,public_schedule_without_transaction_override,False,,,complete
2024-08-19,0.00,455295.09,4,4545256.93,last_posted_transaction_or_prior_closing_balance,synb1_txn_577ff1408d01258cd708a5d5,trusted,cn_public_2022_2026_cycles_1_0,public_schedule_without_transaction_override,True,159,2024-08-20,complete
2024-08-20,50160.46,0.00,1,4595417.39,last_posted_transaction_or_prior_closing_balance,synb1_txn_9fd4850a9bb90a67f70dfad4,trusted,cn_public_2022_2026_cycles_1_0,public_schedule_without_transaction_override,True,160,2024-08-21,complete
2024-08-21,169827.72,58929.47,2,4706315.64,last_posted_transaction_or_prior_closing_balance,synb1_txn_a84b5566b8ef28064eee55b1,trusted,cn_public_2022_2026_cycles_1_0,public_schedule_without_transaction_override,True,161,2024-08-22,complete
2024-08-22,0.00,0.00,0,4706315.64,last_posted_transaction_or_prior_closing_balance,,trusted,cn_public_2022_2026_cycles_1_0,public_schedule_without_transaction_override,True,162,2024-08-23,complete
2024-08-23,0.00,0.00,0,4706315.64,last_posted_transaction_or_prior_closing_balance,,trusted,cn_public_2022_2026_cycles_1_0,public_schedule_without_transaction_override,True,163,2024-08-26,complete
2024-08-24,0.00,0.00,0,4706315.64,last_posted_transaction_or_prior_closing_balance,,trusted,cn_public_2022_2026_cycles_1_0,public_schedule_without_transaction_override,False,,,complete
2024-08-25,148386.47,0.00,1,4854702.11,last_posted_transaction_or_prior_closing_balance,synb1_txn_86f7a2347d570d2e0423c28b,trusted,cn_public_2022_2026_cycles_1_0,public_schedule_without_transaction_override,False,,,complete
2024-08-26,0.00,233515.36,2,4621186.75,last_posted_transaction_or_prior_closing_balance,synb1_txn_84a4485b05a3dafb9c3aa38c,trusted,cn_public_2022_2026_cycles_1_0,public_schedule_without_transaction_override,True,164,2024-08-27,complete
2024-08-27,0.00,0.00,0,4621186.75,last_posted_transaction_or_prior_closing_balance,,trusted,cn_public_2022_2026_cycles_1_0,public_schedule_without_transaction_override,True,165,2024-08-28,complete
2024-08-28,0.00,0.00,0,4621186.75,last_posted_transaction_or_prior_closing_balance,,trusted,cn_public_2022_2026_cycles_1_0,public_schedule_without_transaction_override,True,166,2024-08-29,complete
2024-08-29,0.00,0.00,0,4621186.75,last_posted_transaction_or_prior_closing_balance,,trusted,cn_public_2022_2026_cycles_1_0,public_schedule_without_transaction_override,True,167,2024-08-30,complete
2024-08-30,0.00,0.00,0,4621186.75,last_posted_transaction_or_prior_closing_balance,,trusted,cn_public_2022_2026_cycles_1_0,public_schedule_without_transaction_override,True,168,2024-09-02,complete
2024-08-31,0.00,0.00,0,4621186.75,last_posted_transaction_or_prior_closing_balance,,trusted,cn_public_2022_2026_cycles_1_0,public_schedule_without_transaction_override,False,,,complete
2024-09-01,0.00,0.00,0,4621186.75,last_posted_transaction_or_prior_closing_balance,,trusted,cn_public_2022_2026_cycles_1_0,public_schedule_without_transaction_override,False,,,complete
2024-09-02,111255.93,0.00,1,4732442.68,last_posted_transaction_or_prior_closing_balance,synb1_txn_7c8b0164cc4eba13338ac1de,trusted,cn_public_2022_2026_cycles_1_0,public_schedule_without_transaction_override,True,169,2024-09-03,complete
2024-09-03,0.00,0.00,0,4732442.68,last_posted_transaction_or_prior_closing_balance,,trusted,cn_public_2022_2026_cycles_1_0,public_schedule_without_transaction_override,True,170,2024-09-04,complete
2024-09-04,555932.86,561.16,4,5287814.38,last_posted_transaction_or_prior_closing_balance,synb1_txn_c092d79b50a15efd82e36c8c,trusted,cn_public_2022_2026_cycles_1_0,public_schedule_without_transaction_override,True,171,2024-09-05,complete
2024-09-05,0.00,16000.00,1,5271814.38,last_posted_transaction_or_prior_closing_balance,synb1_txn_47b51bce72645e27706f7653,trusted,cn_public_2022_2026_cycles_1_0,public_schedule_without_transaction_override,True,172,2024-09-06,complete
2024-09-06,0.00,76659.26,1,5195155.12,last_posted_transaction_or_prior_closing_balance,synb1_txn_da514e64084b657326e19ad7,trusted,cn_public_2022_2026_cycles_1_0,public_schedule_without_transaction_override,True,173,2024-09-09,complete
2024-09-07,0.00,50000.00,1,5145155.12,last_posted_transaction_or_prior_closing_balance,synb1_txn_38fb3f1350c8bfea66bdf797,trusted,cn_public_2022_2026_cycles_1_0,public_schedule_without_transaction_override,False,,,complete
2024-09-08,0.00,122712.27,2,5022442.85,last_posted_transaction_or_prior_closing_balance,synb1_txn_d021a439a0b186706b86f5f5,trusted,cn_public_2022_2026_cycles_1_0,public_schedule_without_transaction_override,False,,,complete
2024-09-09,0.00,8982.35,1,5013460.50,last_posted_transaction_or_prior_closing_balance,synb1_txn_d541c0c123dd775ac2b738bc,trusted,cn_public_2022_2026_cycles_1_0,public_schedule_without_transaction_override,True,174,2024-09-10,complete
2024-09-10,786344.07,349689.22,3,5450115.35,last_posted_transaction_or_prior_closing_balance,synb1_txn_d0bde9d8547b308e01d6ffbe,trusted,cn_public_2022_2026_cycles_1_0,public_schedule_without_transaction_override,True,175,2024-09-11,complete
2024-09-11,0.00,0.00,0,5450115.35,last_posted_transaction_or_prior_closing_balance,,trusted,cn_public_2022_2026_cycles_1_0,public_schedule_without_transaction_override,True,176,2024-09-12,complete
2024-09-12,0.00,17032.50,1,5433082.85,last_posted_transaction_or_prior_closing_balance,synb1_txn_06cc72c9067a4a950f667a1a,trusted,cn_public_2022_2026_cycles_1_0,public_schedule_without_transaction_override,True,177,2024-09-13,complete
2024-09-13,207050.14,0.00,1,5640132.99,last_posted_transaction_or_prior_closing_balance,synb1_txn_b39c1f17b5d3ff05e1403944,trusted,cn_public_2022_2026_cycles_1_0,public_schedule_without_transaction_override,True,178,2024-09-14,complete
2024-09-14,0.00,229411.15,2,5410721.84,last_posted_transaction_or_prior_closing_balance,synb1_txn_f26e1b51aa39668a4a5fec18,trusted,cn_public_2022_2026_cycles_1_0,public_schedule_without_transaction_override,True,179,2024-09-18,complete
2024-09-15,0.00,603.75,1,5410118.09,last_posted_transaction_or_prior_closing_balance,synb1_txn_1120aac1602c6f6f937debfa,trusted,cn_public_2022_2026_cycles_1_0,public_schedule_without_transaction_override,False,,,complete
2024-09-16,0.00,0.00,0,5410118.09,last_posted_transaction_or_prior_closing_balance,,trusted,cn_public_2022_2026_cycles_1_0,public_schedule_without_transaction_override,False,,,complete
2024-09-17,0.00,28751.09,1,5381367.00,last_posted_transaction_or_prior_closing_balance,synb1_txn_ebe5657bcdfa78a32007ef9a,trusted,cn_public_2022_2026_cycles_1_0,public_schedule_without_transaction_override,False,,,complete
2024-09-18,0.00,149005.49,5,5232361.51,last_posted_transaction_or_prior_closing_balance,synb1_txn_e04e9a6f458f2f4548676cd4,trusted,cn_public_2022_2026_cycles_1_0,public_schedule_without_transaction_override,True,180,2024-09-19,complete
2024-09-19,0.00,0.00,0,5232361.51,last_posted_transaction_or_prior_closing_balance,,trusted,cn_public_2022_2026_cycles_1_0,public_schedule_without_transaction_override,True,181,2024-09-20,complete
2024-09-20,0.00,0.00,0,5232361.51,last_posted_transaction_or_prior_closing_balance,,trusted,cn_public_2022_2026_cycles_1_0,public_schedule_without_transaction_override,True,182,2024-09-23,complete
2024-09-21,0.00,0.00,0,5232361.51,last_posted_transaction_or_prior_closing_balance,,trusted,cn_public_2022_2026_cycles_1_0,public_schedule_without_transaction_override,False,,,complete
2024-09-22,0.00,0.00,0,5232361.51,last_posted_transaction_or_prior_closing_balance,,trusted,cn_public_2022_2026_cycles_1_0,public_schedule_without_transaction_override,False,,,complete
2024-09-23,38244.47,1146.66,2,5269459.32,last_posted_transaction_or_prior_closing_balance,synb1_txn_52623dbc4f665b11ffc6aa10,trusted,cn_public_2022_2026_cycles_1_0,public_schedule_without_transaction_override,True,183,2024-09-24,complete
2024-09-24,0.00,51488.66,1,5217970.66,last_posted_transaction_or_prior_closing_balance,synb1_txn_2b6baa14f1d105ec3f27e35d,trusted,cn_public_2022_2026_cycles_1_0,public_schedule_without_transaction_override,True,184,2024-09-25,complete
2024-09-25,77572.53,0.00,1,5295543.19,last_posted_transaction_or_prior_closing_balance,synb1_txn_0f51bf54d9ee369cf225f7de,trusted,cn_public_2022_2026_cycles_1_0,public_schedule_without_transaction_override,True,185,2024-09-26,complete
2024-09-26,0.00,248559.97,1,5046983.22,last_posted_transaction_or_prior_closing_balance,synb1_txn_68d2dfac4fb0b310538092d1,trusted,cn_public_2022_2026_cycles_1_0,public_schedule_without_transaction_override,True,186,2024-09-27,complete
2024-09-27,0.00,0.00,0,5046983.22,last_posted_transaction_or_prior_closing_balance,,trusted,cn_public_2022_2026_cycles_1_0,public_schedule_without_transaction_override,True,187,2024-09-29,complete
2024-09-28,0.00,0.00,0,5046983.22,last_posted_transaction_or_prior_closing_balance,,trusted,cn_public_2022_2026_cycles_1_0,public_schedule_without_transaction_override,False,,,complete
2024-09-29,0.00,0.00,0,5046983.22,last_posted_transaction_or_prior_closing_balance,,trusted,cn_public_2022_2026_cycles_1_0,public_schedule_without_transaction_override,True,188,2024-09-30,complete
2024-09-30,0.00,0.00,0,5046983.22,last_posted_transaction_or_prior_closing_balance,,trusted,cn_public_2022_2026_cycles_1_0,public_schedule_without_transaction_override,True,189,2024-10-08,complete
2024-10-01,0.00,0.00,0,5046983.22,last_posted_transaction_or_prior_closing_balance,,trusted,cn_public_2022_2026_cycles_1_0,public_schedule_without_transaction_override,False,,,complete
2024-10-02,0.00,230511.25,1,4816471.97,last_posted_transaction_or_prior_closing_balance,synb1_txn_24d740d07bdbc3d83396ab42,trusted,cn_public_2022_2026_cycles_1_0,public_schedule_without_transaction_override,False,,,complete
2024-10-03,0.00,52858.50,1,4763613.47,last_posted_transaction_or_prior_closing_balance,synb1_txn_ddc0c6f2924a5cc17ff41cf3,trusted,cn_public_2022_2026_cycles_1_0,public_schedule_without_transaction_override,False,,,complete
2024-10-04,0.00,0.00,0,4763613.47,last_posted_transaction_or_prior_closing_balance,,trusted,cn_public_2022_2026_cycles_1_0,public_schedule_without_transaction_override,False,,,complete
2024-10-05,201356.30,72979.45,3,4891990.32,last_posted_transaction_or_prior_closing_balance,synb1_txn_9d41ebe7829c59631cea1c04,trusted,cn_public_2022_2026_cycles_1_0,public_schedule_without_transaction_override,False,,,complete
2024-10-06,0.00,0.00,0,4891990.32,last_posted_transaction_or_prior_closing_balance,,trusted,cn_public_2022_2026_cycles_1_0,public_schedule_without_transaction_override,False,,,complete
2024-10-07,0.00,50000.00,1,4841990.32,last_posted_transaction_or_prior_closing_balance,synb1_txn_d16824b7658cd5acadeed161,trusted,cn_public_2022_2026_cycles_1_0,public_schedule_without_transaction_override,False,,,complete
2024-10-08,0.00,1.08,1,4841989.24,last_posted_transaction_or_prior_closing_balance,synb1_txn_8a12ab0d3a6e1ac8332222fb,trusted,cn_public_2022_2026_cycles_1_0,public_schedule_without_transaction_override,True,190,2024-10-09,complete
2024-10-09,156013.88,0.00,1,4998003.12,last_posted_transaction_or_prior_closing_balance,synb1_txn_1ea8f070909417296c4545ae,trusted,cn_public_2022_2026_cycles_1_0,public_schedule_without_transaction_override,True,191,2024-10-10,complete
2024-10-10,646229.82,0.00,2,5644232.94,last_posted_transaction_or_prior_closing_balance,synb1_txn_321cd3dabf2ae5e3d9d6d035,trusted,cn_public_2022_2026_cycles_1_0,public_schedule_without_transaction_override,True,192,2024-10-11,complete
2024-10-11,0.00,154949.47,2,5489283.47,last_posted_transaction_or_prior_closing_balance,synb1_txn_54439040ce58d4e28cef7de8,trusted,cn_public_2022_2026_cycles_1_0,public_schedule_without_transaction_override,True,193,2024-10-12,complete
2024-10-12,0.00,119735.85,2,5369547.62,last_posted_transaction_or_prior_closing_balance,synb1_txn_746526c523596f9287efcc81,trusted,cn_public_2022_2026_cycles_1_0,public_schedule_without_transaction_override,True,194,2024-10-14,complete
2024-10-13,27139.66,0.00,1,5396687.28,last_posted_transaction_or_prior_closing_balance,synb1_txn_c2928c824e6cac2b5feeb976,trusted,cn_public_2022_2026_cycles_1_0,public_schedule_without_transaction_override,False,,,complete
2024-10-14,0.00,134.62,1,5396552.66,last_posted_transaction_or_prior_closing_balance,synb1_txn_6b1f2407e9f60fdd9ea13786,trusted,cn_public_2022_2026_cycles_1_0,public_schedule_without_transaction_override,True,195,2024-10-15,complete
2024-10-15,0.00,0.00,0,5396552.66,last_posted_transaction_or_prior_closing_balance,,trusted,cn_public_2022_2026_cycles_1_0,public_schedule_without_transaction_override,True,196,2024-10-16,complete
2024-10-16,0.00,51473.91,1,5345078.75,last_posted_transaction_or_prior_closing_balance,synb1_txn_5ed0eb462a9524d67cb46b09,trusted,cn_public_2022_2026_cycles_1_0,public_schedule_without_transaction_override,True,197,2024-10-17,complete
2024-10-17,0.00,0.00,0,5345078.75,last_posted_transaction_or_prior_closing_balance,,trusted,cn_public_2022_2026_cycles_1_0,public_schedule_without_transaction_override,True,198,2024-10-18,complete
2024-10-18,593559.63,114150.73,4,5824487.65,last_posted_transaction_or_prior_closing_balance,synb1_txn_9446f5840586a229edb8a024,trusted,cn_public_2022_2026_cycles_1_0,public_schedule_without_transaction_override,True,199,2024-10-21,complete
2024-10-19,0.00,0.00,0,5824487.65,last_posted_transaction_or_prior_closing_balance,,trusted,cn_public_2022_2026_cycles_1_0,public_schedule_without_transaction_override,False,,,complete
2024-10-20,0.00,258300.86,1,5566186.79,last_posted_transaction_or_prior_closing_balance,synb1_txn_757420d87e36e6446b8ff508,trusted,cn_public_2022_2026_cycles_1_0,public_schedule_without_transaction_override,False,,,complete
2024-10-21,0.00,0.00,0,5566186.79,last_posted_transaction_or_prior_closing_balance,,trusted,cn_public_2022_2026_cycles_1_0,public_schedule_without_transaction_override,True,200,2024-10-22,complete
2024-10-22,0.00,0.00,0,5566186.79,last_posted_transaction_or_prior_closing_balance,,trusted,cn_public_2022_2026_cycles_1_0,public_schedule_without_transaction_override,True,201,2024-10-23,complete
2024-10-23,0.00,0.00,0,5566186.79,last_posted_transaction_or_prior_closing_balance,,trusted,cn_public_2022_2026_cycles_1_0,public_schedule_without_transaction_override,True,202,2024-10-24,complete
2024-10-24,6105.56,320755.01,2,5251537.34,last_posted_transaction_or_prior_closing_balance,synb1_txn_1ad8e771ad2e9fc83576f7e2,trusted,cn_public_2022_2026_cycles_1_0,public_schedule_without_transaction_override,True,203,2024-10-25,complete
2024-10-25,184395.15,0.00,1,5435932.49,last_posted_transaction_or_prior_closing_balance,synb1_txn_367d3404ab0c744fe227fa6b,trusted,cn_public_2022_2026_cycles_1_0,public_schedule_without_transaction_override,True,204,2024-10-28,complete
2024-10-26,0.00,0.00,0,5435932.49,last_posted_transaction_or_prior_closing_balance,,trusted,cn_public_2022_2026_cycles_1_0,public_schedule_without_transaction_override,False,,,complete
2024-10-27,0.00,0.00,0,5435932.49,last_posted_transaction_or_prior_closing_balance,,trusted,cn_public_2022_2026_cycles_1_0,public_schedule_without_transaction_override,False,,,complete
2024-10-28,0.00,0.00,0,5435932.49,last_posted_transaction_or_prior_closing_balance,,trusted,cn_public_2022_2026_cycles_1_0,public_schedule_without_transaction_override,True,205,2024-10-29,complete
2024-10-29,0.00,0.00,0,5435932.49,last_posted_transaction_or_prior_closing_balance,,trusted,cn_public_2022_2026_cycles_1_0,public_schedule_without_transaction_override,True,206,2024-10-30,complete
2024-10-30,0.00,0.00,0,5435932.49,last_posted_transaction_or_prior_closing_balance,,trusted,cn_public_2022_2026_cycles_1_0,public_schedule_without_transaction_override,True,207,2024-10-31,complete
2024-10-31,0.00,0.00,0,5435932.49,last_posted_transaction_or_prior_closing_balance,,trusted,cn_public_2022_2026_cycles_1_0,public_schedule_without_transaction_override,True,208,2024-11-01,complete
2024-11-01,0.00,0.00,0,5435932.49,last_posted_transaction_or_prior_closing_balance,,trusted,cn_public_2022_2026_cycles_1_0,public_schedule_without_transaction_override,True,209,2024-11-04,complete
2024-11-02,495671.12,0.00,1,5931603.61,last_posted_transaction_or_prior_closing_balance,synb1_txn_004b885d34e3167aa5255c2d,trusted,cn_public_2022_2026_cycles_1_0,public_schedule_without_transaction_override,False,,,complete
2024-11-03,0.00,466240.68,3,5465362.93,last_posted_transaction_or_prior_closing_balance,synb1_txn_f995d48f1bcee3fb2c4c7c5a,trusted,cn_public_2022_2026_cycles_1_0,public_schedule_without_transaction_override,False,,,complete
2024-11-04,0.00,0.00,0,5465362.93,last_posted_transaction_or_prior_closing_balance,,trusted,cn_public_2022_2026_cycles_1_0,public_schedule_without_transaction_override,True,210,2024-11-05,complete
2024-11-05,125019.48,42049.56,3,5548332.85,last_posted_transaction_or_prior_closing_balance,synb1_txn_f9c72cd3786a8b4cd531bc11,trusted,cn_public_2022_2026_cycles_1_0,public_schedule_without_transaction_override,True,211,2024-11-06,complete
2024-11-06,0.00,143.00,1,5548189.85,last_posted_transaction_or_prior_closing_balance,synb1_txn_1dc6653fcd438bd8e2319cbf,trusted,cn_public_2022_2026_cycles_1_0,public_schedule_without_transaction_override,True,212,2024-11-07,complete
2024-11-07,0.00,102488.25,2,5445701.60,last_posted_transaction_or_prior_closing_balance,synb1_txn_b702fd7cdaa9b071a790b83e,trusted,cn_public_2022_2026_cycles_1_0,public_schedule_without_transaction_override,True,213,2024-11-08,complete
2024-11-08,131026.09,0.00,2,5576727.69,last_posted_transaction_or_prior_closing_balance,synb1_txn_a59a7c3a2e1e165a465ec8b4,trusted,cn_public_2022_2026_cycles_1_0,public_schedule_without_transaction_override,True,214,2024-11-11,complete
2024-11-09,0.00,0.00,0,5576727.69,last_posted_transaction_or_prior_closing_balance,,trusted,cn_public_2022_2026_cycles_1_0,public_schedule_without_transaction_override,False,,,complete
2024-11-10,0.00,0.00,0,5576727.69,last_posted_transaction_or_prior_closing_balance,,trusted,cn_public_2022_2026_cycles_1_0,public_schedule_without_transaction_override,False,,,complete
2024-11-11,50104.59,100538.90,2,5526293.38,last_posted_transaction_or_prior_closing_balance,synb1_txn_b086482f55d5ba7e9ebfa9c3,trusted,cn_public_2022_2026_cycles_1_0,public_schedule_without_transaction_override,True,215,2024-11-12,complete
2024-11-12,10482.19,10918.78,2,5525856.79,last_posted_transaction_or_prior_closing_balance,synb1_txn_51664a636793c75ae27479aa,trusted,cn_public_2022_2026_cycles_1_0,public_schedule_without_transaction_override,True,216,2024-11-13,complete
2024-11-13,0.00,398802.85,1,5127053.94,last_posted_transaction_or_prior_closing_balance,synb1_txn_bdcc4852a72baa53110602b5,trusted,cn_public_2022_2026_cycles_1_0,public_schedule_without_transaction_override,True,217,2024-11-14,complete
2024-11-14,558238.97,438.22,3,5684854.69,last_posted_transaction_or_prior_closing_balance,synb1_txn_795e7d8b919cd934b51287c2,trusted,cn_public_2022_2026_cycles_1_0,public_schedule_without_transaction_override,True,218,2024-11-15,complete
2024-11-15,92486.71,0.00,1,5777341.40,last_posted_transaction_or_prior_closing_balance,synb1_txn_dee21c4ad4b713c8e1ded99e,trusted,cn_public_2022_2026_cycles_1_0,public_schedule_without_transaction_override,True,219,2024-11-18,complete
2024-11-16,0.00,0.00,0,5777341.40,last_posted_transaction_or_prior_closing_balance,,trusted,cn_public_2022_2026_cycles_1_0,public_schedule_without_transaction_override,False,,,complete
2024-11-17,0.00,100979.76,3,5676361.64,last_posted_transaction_or_prior_closing_balance,synb1_txn_b9f45b5db9f0d04c0e030325,trusted,cn_public_2022_2026_cycles_1_0,public_schedule_without_transaction_override,False,,,complete
2024-11-18,41033.98,132621.13,4,5584774.49,last_posted_transaction_or_prior_closing_balance,synb1_txn_c8633729d3aeda63e81edea8,trusted,cn_public_2022_2026_cycles_1_0,public_schedule_without_transaction_override,True,220,2024-11-19,complete
2024-11-19,0.00,0.00,0,5584774.49,last_posted_transaction_or_prior_closing_balance,,trusted,cn_public_2022_2026_cycles_1_0,public_schedule_without_transaction_override,True,221,2024-11-20,complete
2024-11-20,0.00,0.00,0,5584774.49,last_posted_transaction_or_prior_closing_balance,,trusted,cn_public_2022_2026_cycles_1_0,public_schedule_without_transaction_override,True,222,2024-11-21,complete
2024-11-21,0.00,0.00,0,5584774.49,last_posted_transaction_or_prior_closing_balance,,trusted,cn_public_2022_2026_cycles_1_0,public_schedule_without_transaction_override,True,223,2024-11-22,complete
2024-11-22,67382.14,0.00,1,5652156.63,last_posted_transaction_or_prior_closing_balance,synb1_txn_c6013618e30d191e959f8b37,trusted,cn_public_2022_2026_cycles_1_0,public_schedule_without_transaction_override,True,224,2024-11-25,complete
2024-11-23,0.00,0.00,0,5652156.63,last_posted_transaction_or_prior_closing_balance,,trusted,cn_public_2022_2026_cycles_1_0,public_schedule_without_transaction_override,False,,,complete
2024-11-24,0.00,0.00,0,5652156.63,last_posted_transaction_or_prior_closing_balance,,trusted,cn_public_2022_2026_cycles_1_0,public_schedule_without_transaction_override,False,,,complete
2024-11-25,0.00,0.00,0,5652156.63,last_posted_transaction_or_prior_closing_balance,,trusted,cn_public_2022_2026_cycles_1_0,public_schedule_without_transaction_override,True,225,2024-11-26,complete
2024-11-26,223354.73,0.00,1,5875511.36,last_posted_transaction_or_prior_closing_balance,synb1_txn_c2fb94c3791105dbe03e3686,trusted,cn_public_2022_2026_cycles_1_0,public_schedule_without_transaction_override,True,226,2024-11-27,complete
2024-11-27,0.00,0.00,0,5875511.36,last_posted_transaction_or_prior_closing_balance,,trusted,cn_public_2022_2026_cycles_1_0,public_schedule_without_transaction_override,True,227,2024-11-28,complete
2024-11-28,0.00,0.00,0,5875511.36,last_posted_transaction_or_prior_closing_balance,,trusted,cn_public_2022_2026_cycles_1_0,public_schedule_without_transaction_override,True,228,2024-11-29,complete
2024-11-29,0.00,0.00,0,5875511.36,last_posted_transaction_or_prior_closing_balance,,trusted,cn_public_2022_2026_cycles_1_0,public_schedule_without_transaction_override,True,229,2024-12-02,complete
2024-11-30,0.00,0.00,0,5875511.36,last_posted_transaction_or_prior_closing_balance,,trusted,cn_public_2022_2026_cycles_1_0,public_schedule_without_transaction_override,False,,,complete
2024-12-01,0.00,0.00,0,5875511.36,last_posted_transaction_or_prior_closing_balance,,trusted,cn_public_2022_2026_cycles_1_0,public_schedule_without_transaction_override,False,,,complete
2024-12-02,138984.49,63904.90,3,5950590.95,last_posted_transaction_or_prior_closing_balance,synb1_txn_5905ce21bd74d06caa32f6cf,trusted,cn_public_2022_2026_cycles_1_0,public_schedule_without_transaction_override,True,230,2024-12-03,complete
2024-12-03,0.00,0.00,0,5950590.95,last_posted_transaction_or_prior_closing_balance,,trusted,cn_public_2022_2026_cycles_1_0,public_schedule_without_transaction_override,True,231,2024-12-04,complete
2024-12-04,0.00,0.00,0,5950590.95,last_posted_transaction_or_prior_closing_balance,,trusted,cn_public_2022_2026_cycles_1_0,public_schedule_without_transaction_override,True,232,2024-12-05,complete
2024-12-05,0.00,16000.00,1,5934590.95,last_posted_transaction_or_prior_closing_balance,synb1_txn_0c0b6e7804ab421e884f1c73,trusted,cn_public_2022_2026_cycles_1_0,public_schedule_without_transaction_override,True,233,2024-12-06,complete
2024-12-06,0.00,963.54,1,5933627.41,last_posted_transaction_or_prior_closing_balance,synb1_txn_3f31c5803138d4e0ab8ead13,trusted,cn_public_2022_2026_cycles_1_0,public_schedule_without_transaction_override,True,234,2024-12-09,complete
2024-12-07,0.00,183351.07,3,5750276.34,last_posted_transaction_or_prior_closing_balance,synb1_txn_508643ac577a85efe6db7970,trusted,cn_public_2022_2026_cycles_1_0,public_schedule_without_transaction_override,False,,,complete
2024-12-08,0.00,0.00,0,5750276.34,last_posted_transaction_or_prior_closing_balance,,trusted,cn_public_2022_2026_cycles_1_0,public_schedule_without_transaction_override,False,,,complete
2024-12-09,0.00,7217.60,1,5743058.74,last_posted_transaction_or_prior_closing_balance,synb1_txn_71c969ac850ffcc94dcd7a7e,trusted,cn_public_2022_2026_cycles_1_0,public_schedule_without_transaction_override,True,235,2024-12-10,complete
2024-12-10,28159.51,214153.27,3,5557064.98,last_posted_transaction_or_prior_closing_balance,synb1_txn_482de569dffd0877fade5e71,trusted,cn_public_2022_2026_cycles_1_0,public_schedule_without_transaction_override,True,236,2024-12-11,complete
2024-12-11,317694.18,1601.63,2,5873157.53,last_posted_transaction_or_prior_closing_balance,synb1_txn_3308dc9532210ac09e331c8e,trusted,cn_public_2022_2026_cycles_1_0,public_schedule_without_transaction_override,True,237,2024-12-12,complete
2024-12-12,0.00,0.00,0,5873157.53,last_posted_transaction_or_prior_closing_balance,,trusted,cn_public_2022_2026_cycles_1_0,public_schedule_without_transaction_override,True,238,2024-12-13,complete
2024-12-13,455593.61,0.00,1,6328751.14,last_posted_transaction_or_prior_closing_balance,synb1_txn_4de8641d0bd757c06ab9a787,trusted,cn_public_2022_2026_cycles_1_0,public_schedule_without_transaction_override,True,239,2024-12-16,complete
2024-12-14,0.00,0.00,0,6328751.14,last_posted_transaction_or_prior_closing_balance,,trusted,cn_public_2022_2026_cycles_1_0,public_schedule_without_transaction_override,False,,,complete
2024-12-15,0.00,0.00,0,6328751.14,last_posted_transaction_or_prior_closing_balance,,trusted,cn_public_2022_2026_cycles_1_0,public_schedule_without_transaction_override,False,,,complete
2024-12-16,20664.25,110395.57,2,6239019.82,last_posted_transaction_or_prior_closing_balance,synb1_txn_21b0040955b562545d05dff7,trusted,cn_public_2022_2026_cycles_1_0,public_schedule_without_transaction_override,True,240,2024-12-17,complete
2024-12-17,442995.63,0.00,2,6682015.45,last_posted_transaction_or_prior_closing_balance,synb1_txn_8fb8d8620f57d478574cf1ad,trusted,cn_public_2022_2026_cycles_1_0,public_schedule_without_transaction_override,True,241,2024-12-18,complete
2024-12-18,0.00,112611.53,3,6569403.92,last_posted_transaction_or_prior_closing_balance,synb1_txn_a9d84923864f1562310e00f8,trusted,cn_public_2022_2026_cycles_1_0,public_schedule_without_transaction_override,True,242,2024-12-19,complete
2024-12-19,34729.39,5122.17,2,6599011.14,last_posted_transaction_or_prior_closing_balance,synb1_txn_4d5366fac06fbb09eff603ef,trusted,cn_public_2022_2026_cycles_1_0,public_schedule_without_transaction_override,True,243,2024-12-20,complete
2024-12-20,0.00,36996.21,1,6562014.93,last_posted_transaction_or_prior_closing_balance,synb1_txn_620a21ba99935a1d9863bce5,trusted,cn_public_2022_2026_cycles_1_0,public_schedule_without_transaction_override,True,244,2024-12-23,complete
2024-12-21,0.00,42934.54,1,6519080.39,last_posted_transaction_or_prior_closing_balance,synb1_txn_d9218809c794f766e6e53c88,trusted,cn_public_2022_2026_cycles_1_0,public_schedule_without_transaction_override,False,,,complete
2024-12-22,0.00,0.00,0,6519080.39,last_posted_transaction_or_prior_closing_balance,,trusted,cn_public_2022_2026_cycles_1_0,public_schedule_without_transaction_override,False,,,complete
2024-12-23,0.00,0.00,0,6519080.39,last_posted_transaction_or_prior_closing_balance,,trusted,cn_public_2022_2026_cycles_1_0,public_schedule_without_transaction_override,True,245,2024-12-24,complete
2024-12-24,0.00,0.00,0,6519080.39,last_posted_transaction_or_prior_closing_balance,,trusted,cn_public_2022_2026_cycles_1_0,public_schedule_without_transaction_override,True,246,2024-12-25,complete
2024-12-25,152845.03,0.00,1,6671925.42,last_posted_transaction_or_prior_closing_balance,synb1_txn_bb63257916104fabd51e9ac4,trusted,cn_public_2022_2026_cycles_1_0,public_schedule_without_transaction_override,True,247,2024-12-26,complete
2024-12-26,0.00,373132.68,1,6298792.74,last_posted_transaction_or_prior_closing_balance,synb1_txn_b485b74bb88077e3b3fafb3a,trusted,cn_public_2022_2026_cycles_1_0,public_schedule_without_transaction_override,True,248,2024-12-27,complete
2024-12-27,0.00,257576.82,2,6041215.92,last_posted_transaction_or_prior_closing_balance,synb1_txn_944935f3f39fe51b687a313c,trusted,cn_public_2022_2026_cycles_1_0,public_schedule_without_transaction_override,True,249,2024-12-30,complete
2024-12-28,218733.91,0.00,2,6259949.83,last_posted_transaction_or_prior_closing_balance,synb1_txn_12cac6804c55345f5a723e49,trusted,cn_public_2022_2026_cycles_1_0,public_schedule_without_transaction_override,False,,,complete
2024-12-29,0.00,0.00,0,6259949.83,last_posted_transaction_or_prior_closing_balance,,trusted,cn_public_2022_2026_cycles_1_0,public_schedule_without_transaction_override,False,,,complete
2024-12-30,0.00,0.00,0,6259949.83,last_posted_transaction_or_prior_closing_balance,,trusted,cn_public_2022_2026_cycles_1_0,public_schedule_without_transaction_override,True,250,2024-12-31,complete
2024-12-31,0.00,0.00,0,6259949.83,last_posted_transaction_or_prior_closing_balance,,trusted,cn_public_2022_2026_cycles_1_0,public_schedule_without_transaction_override,True,251,2025-01-02,complete
2025-01-01,0.00,0.00,0,6259949.83,last_posted_transaction_or_prior_closing_balance,,trusted,cn_public_2022_2026_cycles_1_0,public_schedule_without_transaction_override,False,,,complete
2025-01-02,0.00,0.00,0,6259949.83,last_posted_transaction_or_prior_closing_balance,,trusted,cn_public_2022_2026_cycles_1_0,public_schedule_without_transaction_override,True,252,2025-01-03,complete
2025-01-03,0.00,7486.25,1,6252463.58,last_posted_transaction_or_prior_closing_balance,synb1_txn_545bb2cb62791ebe77ea0c15,trusted,cn_public_2022_2026_cycles_1_0,public_schedule_without_transaction_override,True,253,2025-01-06,complete
2025-01-04,460371.89,1953.18,2,6710882.29,last_posted_transaction_or_prior_closing_balance,synb1_txn_299dfc5b8e2afaa726c1308a,trusted,cn_public_2022_2026_cycles_1_0,public_schedule_without_transaction_override,False,,,complete
2025-01-05,426343.36,470715.39,3,6666510.26,last_posted_transaction_or_prior_closing_balance,synb1_txn_d5677c65307309dc0d0d60a0,trusted,cn_public_2022_2026_cycles_1_0,public_schedule_without_transaction_override,False,,,complete
2025-01-06,0.00,36299.15,1,6630211.11,last_posted_transaction_or_prior_closing_balance,synb1_txn_3cef456d9564058a38981e4f,trusted,cn_public_2022_2026_cycles_1_0,public_schedule_without_transaction_override,True,254,2025-01-07,complete
2025-01-07,465908.76,50000.00,2,7046119.87,last_posted_transaction_or_prior_closing_balance,synb1_txn_9cb604cb1c215b8c571154af,trusted,cn_public_2022_2026_cycles_1_0,public_schedule_without_transaction_override,True,255,2025-01-08,complete
2025-01-08,0.00,2918.61,1,7043201.26,last_posted_transaction_or_prior_closing_balance,synb1_txn_1637e14355d53373335e9942,trusted,cn_public_2022_2026_cycles_1_0,public_schedule_without_transaction_override,True,256,2025-01-09,complete
2025-01-09,0.00,0.00,0,7043201.26,last_posted_transaction_or_prior_closing_balance,,trusted,cn_public_2022_2026_cycles_1_0,public_schedule_without_transaction_override,True,257,2025-01-10,complete
2025-01-10,0.00,60509.45,2,6982691.81,last_posted_transaction_or_prior_closing_balance,synb1_txn_d7bf76e7a0a620d661932b60,trusted,cn_public_2022_2026_cycles_1_0,public_schedule_without_transaction_override,True,258,2025-01-13,complete
2025-01-11,0.00,85304.35,1,6897387.46,last_posted_transaction_or_prior_closing_balance,synb1_txn_d032be1cbc3ddd8bcea1639b,trusted,cn_public_2022_2026_cycles_1_0,public_schedule_without_transaction_override,False,,,complete
2025-01-12,0.00,5428.33,1,6891959.13,last_posted_transaction_or_prior_closing_balance,synb1_txn_27d3567e4172cb626210985e,trusted,cn_public_2022_2026_cycles_1_0,public_schedule_without_transaction_override,False,,,complete
2025-01-13,0.00,0.00,0,6891959.13,last_posted_transaction_or_prior_closing_balance,,trusted,cn_public_2022_2026_cycles_1_0,public_schedule_without_transaction_override,True,259,2025-01-14,complete
2025-01-14,0.00,0.00,0,6891959.13,last_posted_transaction_or_prior_closing_balance,,trusted,cn_public_2022_2026_cycles_1_0,public_schedule_without_transaction_override,True,260,2025-01-15,complete
2025-01-15,0.00,0.00,0,6891959.13,last_posted_transaction_or_prior_closing_balance,,trusted,cn_public_2022_2026_cycles_1_0,public_schedule_without_transaction_override,True,261,2025-01-16,complete
2025-01-16,0.00,66956.20,1,6825002.93,last_posted_transaction_or_prior_closing_balance,synb1_txn_6f10bf84bd65cea139ec377f,trusted,cn_public_2022_2026_cycles_1_0,public_schedule_without_transaction_override,True,262,2025-01-17,complete
2025-01-17,0.00,0.00,0,6825002.93,last_posted_transaction_or_prior_closing_balance,,trusted,cn_public_2022_2026_cycles_1_0,public_schedule_without_transaction_override,True,263,2025-01-20,complete
2025-01-18,0.00,0.00,0,6825002.93,last_posted_transaction_or_prior_closing_balance,,trusted,cn_public_2022_2026_cycles_1_0,public_schedule_without_transaction_override,False,,,complete
2025-01-19,180059.20,277512.29,2,6727549.84,last_posted_transaction_or_prior_closing_balance,synb1_txn_d0d76eade9baa86ea70edf0c,trusted,cn_public_2022_2026_cycles_1_0,public_schedule_without_transaction_override,False,,,complete
2025-01-20,0.00,239589.61,4,6487960.23,last_posted_transaction_or_prior_closing_balance,synb1_txn_2a0b44de10912866c7823b50,trusted,cn_public_2022_2026_cycles_1_0,public_schedule_without_transaction_override,True,264,2025-01-21,complete
2025-01-21,0.00,83674.96,1,6404285.27,last_posted_transaction_or_prior_closing_balance,synb1_txn_b45d48ed266a5126601c3daa,trusted,cn_public_2022_2026_cycles_1_0,public_schedule_without_transaction_override,True,265,2025-01-22,complete
2025-01-22,0.00,0.00,0,6404285.27,last_posted_transaction_or_prior_closing_balance,,trusted,cn_public_2022_2026_cycles_1_0,public_schedule_without_transaction_override,True,266,2025-01-23,complete
2025-01-23,0.00,0.00,0,6404285.27,last_posted_transaction_or_prior_closing_balance,,trusted,cn_public_2022_2026_cycles_1_0,public_schedule_without_transaction_override,True,267,2025-01-24,complete
2025-01-24,0.00,0.00,0,6404285.27,last_posted_transaction_or_prior_closing_balance,,trusted,cn_public_2022_2026_cycles_1_0,public_schedule_without_transaction_override,True,268,2025-01-26,complete
2025-01-25,47261.27,18281.74,2,6433264.80,last_posted_transaction_or_prior_closing_balance,synb1_txn_8f003b8156f8e649a7a9dbf3,trusted,cn_public_2022_2026_cycles_1_0,public_schedule_without_transaction_override,False,,,complete
2025-01-26,0.00,31202.50,1,6402062.30,last_posted_transaction_or_prior_closing_balance,synb1_txn_a38fbbcd51c336b8fd5f1383,trusted,cn_public_2022_2026_cycles_1_0,public_schedule_without_transaction_override,True,269,2025-01-27,complete
2025-01-27,0.00,3958.72,1,6398103.58,last_posted_transaction_or_prior_closing_balance,synb1_txn_8d5b347450e9ad07e6aa758b,trusted,cn_public_2022_2026_cycles_1_0,public_schedule_without_transaction_override,True,270,2025-02-05,complete
2025-01-28,308055.52,0.00,2,6706159.10,last_posted_transaction_or_prior_closing_balance,synb1_txn_33a898d008791fb91235ae5b,trusted,cn_public_2022_2026_cycles_1_0,public_schedule_without_transaction_override,False,,,complete
2025-01-29,0.00,0.00,0,6706159.10,last_posted_transaction_or_prior_closing_balance,,trusted,cn_public_2022_2026_cycles_1_0,public_schedule_without_transaction_override,False,,,complete
2025-01-30,0.00,0.00,0,6706159.10,last_posted_transaction_or_prior_closing_balance,,trusted,cn_public_2022_2026_cycles_1_0,public_schedule_without_transaction_override,False,,,complete
2025-01-31,0.00,0.00,0,6706159.10,last_posted_transaction_or_prior_closing_balance,,trusted,cn_public_2022_2026_cycles_1_0,public_schedule_without_transaction_override,False,,,complete
2025-02-01,0.00,0.00,0,6706159.10,last_posted_transaction_or_prior_closing_balance,,trusted,cn_public_2022_2026_cycles_1_0,public_schedule_without_transaction_override,False,,,complete
2025-02-02,0.00,4906.51,1,6701252.59,last_posted_transaction_or_prior_closing_balance,synb1_txn_e2693b93b9f857b40750f3a5,trusted,cn_public_2022_2026_cycles_1_0,public_schedule_without_transaction_override,False,,,complete
2025-02-03,0.00,0.00,0,6701252.59,last_posted_transaction_or_prior_closing_balance,,trusted,cn_public_2022_2026_cycles_1_0,public_schedule_without_transaction_override,False,,,complete
2025-02-04,307158.10,22851.08,2,6985559.61,last_posted_transaction_or_prior_closing_balance,synb1_txn_fb7e4cb1bfb15d0af038f530,trusted,cn_public_2022_2026_cycles_1_0,public_schedule_without_transaction_override,False,,,complete
2025-02-05,14536.48,157733.45,3,6842362.64,last_posted_transaction_or_prior_closing_balance,synb1_txn_7483378daef99bd2494aae36,trusted,cn_public_2022_2026_cycles_1_0,public_schedule_without_transaction_override,True,271,2025-02-06,complete
2025-02-06,0.00,0.00,0,6842362.64,last_posted_transaction_or_prior_closing_balance,,trusted,cn_public_2022_2026_cycles_1_0,public_schedule_without_transaction_override,True,272,2025-02-07,complete
2025-02-07,342677.67,99306.87,3,7085733.44,last_posted_transaction_or_prior_closing_balance,synb1_txn_8840a8427d9ff8232a3c0d44,trusted,cn_public_2022_2026_cycles_1_0,public_schedule_without_transaction_override,True,273,2025-02-08,complete
2025-02-08,0.00,57722.59,1,7028010.85,last_posted_transaction_or_prior_closing_balance,synb1_txn_7ccd8db657fd4a0cfc3a91e7,trusted,cn_public_2022_2026_cycles_1_0,public_schedule_without_transaction_override,True,274,2025-02-10,complete
2025-02-09,0.00,0.00,0,7028010.85,last_posted_transaction_or_prior_closing_balance,,trusted,cn_public_2022_2026_cycles_1_0,public_schedule_without_transaction_override,False,,,complete
2025-02-10,0.00,0.00,0,7028010.85,last_posted_transaction_or_prior_closing_balance,,trusted,cn_public_2022_2026_cycles_1_0,public_schedule_without_transaction_override,True,275,2025-02-11,complete
2025-02-11,0.00,21970.52,1,7006040.33,last_posted_transaction_or_prior_closing_balance,synb1_txn_1214a168a0a0775f283ad504,trusted,cn_public_2022_2026_cycles_1_0,public_schedule_without_transaction_override,True,276,2025-02-12,complete
2025-02-12,0.00,0.00,0,7006040.33,last_posted_transaction_or_prior_closing_balance,,trusted,cn_public_2022_2026_cycles_1_0,public_schedule_without_transaction_override,True,277,2025-02-13,complete
2025-02-13,0.00,0.00,0,7006040.33,last_posted_transaction_or_prior_closing_balance,,trusted,cn_public_2022_2026_cycles_1_0,public_schedule_without_transaction_override,True,278,2025-02-14,complete
2025-02-14,576041.90,230136.26,3,7351945.97,last_posted_transaction_or_prior_closing_balance,synb1_txn_a4c71bbf4bb0af5e6642ef93,trusted,cn_public_2022_2026_cycles_1_0,public_schedule_without_transaction_override,True,279,2025-02-17,complete
2025-02-15,279301.80,0.00,2,7631247.77,last_posted_transaction_or_prior_closing_balance,synb1_txn_bc55269cd493952f8f21f78b,trusted,cn_public_2022_2026_cycles_1_0,public_schedule_without_transaction_override,False,,,complete
2025-02-16,0.00,6391.62,1,7624856.15,last_posted_transaction_or_prior_closing_balance,synb1_txn_39a9d431b96dc58c97cdad06,trusted,cn_public_2022_2026_cycles_1_0,public_schedule_without_transaction_override,False,,,complete
2025-02-17,0.00,17393.04,2,7607463.11,last_posted_transaction_or_prior_closing_balance,synb1_txn_52b4496b3707283c12dacafd,trusted,cn_public_2022_2026_cycles_1_0,public_schedule_without_transaction_override,True,280,2025-02-18,complete
2025-02-18,0.00,125694.73,3,7481768.38,last_posted_transaction_or_prior_closing_balance,synb1_txn_e01cc0cacb781449bc826202,trusted,cn_public_2022_2026_cycles_1_0,public_schedule_without_transaction_override,True,281,2025-02-19,complete
2025-02-19,91522.77,0.00,2,7573291.15,last_posted_transaction_or_prior_closing_balance,synb1_txn_660a02df53d0f1e9afdacfcc,trusted,cn_public_2022_2026_cycles_1_0,public_schedule_without_transaction_override,True,282,2025-02-20,complete
2025-02-20,0.00,201.87,1,7573089.28,last_posted_transaction_or_prior_closing_balance,synb1_txn_48f9f1717ec28b8e69392b97,trusted,cn_public_2022_2026_cycles_1_0,public_schedule_without_transaction_override,True,283,2025-02-21,complete
2025-02-21,36994.96,337726.94,3,7272357.30,last_posted_transaction_or_prior_closing_balance,synb1_txn_703cfa27656e4d4358ca0cc2,trusted,cn_public_2022_2026_cycles_1_0,public_schedule_without_transaction_override,True,284,2025-02-24,complete
2025-02-22,0.00,0.00,0,7272357.30,last_posted_transaction_or_prior_closing_balance,,trusted,cn_public_2022_2026_cycles_1_0,public_schedule_without_transaction_override,False,,,complete
2025-02-23,0.00,0.00,0,7272357.30,last_posted_transaction_or_prior_closing_balance,,trusted,cn_public_2022_2026_cycles_1_0,public_schedule_without_transaction_override,False,,,complete
2025-02-24,0.00,54775.41,1,7217581.89,last_posted_transaction_or_prior_closing_balance,synb1_txn_3623ca5e5bdd674d4cb49814,trusted,cn_public_2022_2026_cycles_1_0,public_schedule_without_transaction_override,True,285,2025-02-25,complete
2025-02-25,0.00,0.00,0,7217581.89,last_posted_transaction_or_prior_closing_balance,,trusted,cn_public_2022_2026_cycles_1_0,public_schedule_without_transaction_override,True,286,2025-02-26,complete
2025-02-26,136668.88,165949.71,2,7188301.06,last_posted_transaction_or_prior_closing_balance,synb1_txn_34b4ea8db5f94abe573ac620,trusted,cn_public_2022_2026_cycles_1_0,public_schedule_without_transaction_override,True,287,2025-02-27,complete
2025-02-27,0.00,119784.13,1,7068516.93,last_posted_transaction_or_prior_closing_balance,synb1_txn_0f7940af50f90ae7e3f055f0,trusted,cn_public_2022_2026_cycles_1_0,public_schedule_without_transaction_override,True,288,2025-02-28,complete
2025-02-28,60297.44,0.00,1,7128814.37,last_posted_transaction_or_prior_closing_balance,synb1_txn_9448f72c10ae523d2bd36dda,trusted,cn_public_2022_2026_cycles_1_0,public_schedule_without_transaction_override,True,289,2025-03-03,complete
2025-03-01,0.00,0.00,0,7128814.37,last_posted_transaction_or_prior_closing_balance,,trusted,cn_public_2022_2026_cycles_1_0,public_schedule_without_transaction_override,False,,,complete
2025-03-02,230488.67,0.00,1,7359303.04,last_posted_transaction_or_prior_closing_balance,synb1_txn_0b2685685661f02b3413c905,trusted,cn_public_2022_2026_cycles_1_0,public_schedule_without_transaction_override,False,,,complete
2025-03-03,0.00,0.00,0,7359303.04,last_posted_transaction_or_prior_closing_balance,,trusted,cn_public_2022_2026_cycles_1_0,public_schedule_without_transaction_override,True,290,2025-03-04,complete
2025-03-04,0.00,0.00,0,7359303.04,last_posted_transaction_or_prior_closing_balance,,trusted,cn_public_2022_2026_cycles_1_0,public_schedule_without_transaction_override,True,291,2025-03-05,complete
2025-03-05,278215.59,16000.00,2,7621518.63,last_posted_transaction_or_prior_closing_balance,synb1_txn_3f35165744547b626d5697f4,trusted,cn_public_2022_2026_cycles_1_0,public_schedule_without_transaction_override,True,292,2025-03-06,complete
2025-03-06,0.00,0.00,0,7621518.63,last_posted_transaction_or_prior_closing_balance,,trusted,cn_public_2022_2026_cycles_1_0,public_schedule_without_transaction_override,True,293,2025-03-07,complete
2025-03-07,0.00,53343.49,2,7568175.14,last_posted_transaction_or_prior_closing_balance,synb1_txn_7300b85f0f40cfa0a2e003d1,trusted,cn_public_2022_2026_cycles_1_0,public_schedule_without_transaction_override,True,294,2025-03-10,complete
2025-03-08,0.00,2318.95,1,7565856.19,last_posted_transaction_or_prior_closing_balance,synb1_txn_c5fedc3a522a6431f4faf751,trusted,cn_public_2022_2026_cycles_1_0,public_schedule_without_transaction_override,False,,,complete
2025-03-09,180820.58,0.00,1,7746676.77,last_posted_transaction_or_prior_closing_balance,synb1_txn_a7c68778e35d5c57af556565,trusted,cn_public_2022_2026_cycles_1_0,public_schedule_without_transaction_override,False,,,complete
2025-03-10,388884.69,0.00,1,8135561.46,last_posted_transaction_or_prior_closing_balance,synb1_txn_6389864aec18d72355a9ce09,trusted,cn_public_2022_2026_cycles_1_0,public_schedule_without_transaction_override,True,295,2025-03-11,complete
2025-03-11,0.00,4195.48,2,8131365.98,last_posted_transaction_or_prior_closing_balance,synb1_txn_a4e8921acb2dd7fd34927e57,trusted,cn_public_2022_2026_cycles_1_0,public_schedule_without_transaction_override,True,296,2025-03-12,complete
2025-03-12,126211.44,0.00,2,8257577.42,last_posted_transaction_or_prior_closing_balance,synb1_txn_4f1596f19f608b8cc35655c5,trusted,cn_public_2022_2026_cycles_1_0,public_schedule_without_transaction_override,True,297,2025-03-13,complete
2025-03-13,2984.96,27830.94,2,8232731.44,last_posted_transaction_or_prior_closing_balance,synb1_txn_c78e7665780f73812e9b569c,trusted,cn_public_2022_2026_cycles_1_0,public_schedule_without_transaction_override,True,298,2025-03-14,complete
2025-03-14,0.00,0.00,0,8232731.44,last_posted_transaction_or_prior_closing_balance,,trusted,cn_public_2022_2026_cycles_1_0,public_schedule_without_transaction_override,True,299,2025-03-17,complete
2025-03-15,0.00,0.00,0,8232731.44,last_posted_transaction_or_prior_closing_balance,,trusted,cn_public_2022_2026_cycles_1_0,public_schedule_without_transaction_override,False,,,complete
2025-03-16,218191.92,111763.69,2,8339159.67,last_posted_transaction_or_prior_closing_balance,synb1_txn_8634e63942c137244cb99d56,trusted,cn_public_2022_2026_cycles_1_0,public_schedule_without_transaction_override,False,,,complete
2025-03-17,19311.83,0.00,1,8358471.50,last_posted_transaction_or_prior_closing_balance,synb1_txn_2432ddef5f0fb5c2da3e7cc8,trusted,cn_public_2022_2026_cycles_1_0,public_schedule_without_transaction_override,True,300,2025-03-18,complete
2025-03-18,0.00,328177.25,4,8030294.25,last_posted_transaction_or_prior_closing_balance,synb1_txn_1f3d06e7083798c6f2885e8c,trusted,cn_public_2022_2026_cycles_1_0,public_schedule_without_transaction_override,True,301,2025-03-19,complete
2025-03-19,0.00,0.00,0,8030294.25,last_posted_transaction_or_prior_closing_balance,,trusted,cn_public_2022_2026_cycles_1_0,public_schedule_without_transaction_override,True,302,2025-03-20,complete
2025-03-20,0.00,0.00,0,8030294.25,last_posted_transaction_or_prior_closing_balance,,trusted,cn_public_2022_2026_cycles_1_0,public_schedule_without_transaction_override,True,303,2025-03-21,complete
2025-03-21,513719.67,6373.17,2,8537640.75,last_posted_transaction_or_prior_closing_balance,synb1_txn_a6de15535754349258661278,trusted,cn_public_2022_2026_cycles_1_0,public_schedule_without_transaction_override,True,304,2025-03-24,complete
2025-03-22,0.00,0.00,0,8537640.75,last_posted_transaction_or_prior_closing_balance,,trusted,cn_public_2022_2026_cycles_1_0,public_schedule_without_transaction_override,False,,,complete
2025-03-23,0.00,0.00,0,8537640.75,last_posted_transaction_or_prior_closing_balance,,trusted,cn_public_2022_2026_cycles_1_0,public_schedule_without_transaction_override,False,,,complete
2025-03-24,0.00,1642.08,1,8535998.67,last_posted_transaction_or_prior_closing_balance,synb1_txn_53869be8a36ee06f5dc8461a,trusted,cn_public_2022_2026_cycles_1_0,public_schedule_without_transaction_override,True,305,2025-03-25,complete
2025-03-25,0.00,0.00,0,8535998.67,last_posted_transaction_or_prior_closing_balance,,trusted,cn_public_2022_2026_cycles_1_0,public_schedule_without_transaction_override,True,306,2025-03-26,complete
2025-03-26,78190.59,0.00,1,8614189.26,last_posted_transaction_or_prior_closing_balance,synb1_txn_e75e9d3d854a41da305ce212,trusted,cn_public_2022_2026_cycles_1_0,public_schedule_without_transaction_override,True,307,2025-03-27,complete
2025-03-27,166980.06,372421.73,2,8408747.59,last_posted_transaction_or_prior_closing_balance,synb1_txn_9ba9214164e5a74bf0a353ab,trusted,cn_public_2022_2026_cycles_1_0,public_schedule_without_transaction_override,True,308,2025-03-28,complete
2025-03-28,0.00,300875.55,2,8107872.04,last_posted_transaction_or_prior_closing_balance,synb1_txn_23e94034f12c6e1dadca7e62,trusted,cn_public_2022_2026_cycles_1_0,public_schedule_without_transaction_override,True,309,2025-03-31,complete
2025-03-29,0.00,0.00,0,8107872.04,last_posted_transaction_or_prior_closing_balance,,trusted,cn_public_2022_2026_cycles_1_0,public_schedule_without_transaction_override,False,,,complete
2025-03-30,0.00,0.00,0,8107872.04,last_posted_transaction_or_prior_closing_balance,,trusted,cn_public_2022_2026_cycles_1_0,public_schedule_without_transaction_override,False,,,complete
2025-03-31,0.00,0.00,0,8107872.04,last_posted_transaction_or_prior_closing_balance,,trusted,cn_public_2022_2026_cycles_1_0,public_schedule_without_transaction_override,True,310,2025-04-01,complete
2025-04-01,0.00,0.00,0,8107872.04,last_posted_transaction_or_prior_closing_balance,,trusted,cn_public_2022_2026_cycles_1_0,public_schedule_without_transaction_override,True,311,2025-04-02,complete
2025-04-02,0.00,0.00,0,8107872.04,last_posted_transaction_or_prior_closing_balance,,trusted,cn_public_2022_2026_cycles_1_0,public_schedule_without_transaction_override,True,312,2025-04-03,complete
2025-04-03,0.00,0.00,0,8107872.04,last_posted_transaction_or_prior_closing_balance,,trusted,cn_public_2022_2026_cycles_1_0,public_schedule_without_transaction_override,True,313,2025-04-07,complete
2025-04-04,2541.65,33457.78,2,8076955.91,last_posted_transaction_or_prior_closing_balance,synb1_txn_e6253530c1f3c56ed7151b2e,trusted,cn_public_2022_2026_cycles_1_0,public_schedule_without_transaction_override,False,,,complete
2025-04-05,0.00,24436.03,2,8052519.88,last_posted_transaction_or_prior_closing_balance,synb1_txn_3c2e16cf5039aa633716de4a,trusted,cn_public_2022_2026_cycles_1_0,public_schedule_without_transaction_override,False,,,complete
2025-04-06,6018.94,0.00,1,8058538.82,last_posted_transaction_or_prior_closing_balance,synb1_txn_febd36be2490fbb9ed4cfd88,trusted,cn_public_2022_2026_cycles_1_0,public_schedule_without_transaction_override,False,,,complete
2025-04-07,0.00,51000.00,1,8007538.82,last_posted_transaction_or_prior_closing_balance,synb1_txn_fae6c47cf6647a5b893e4ce4,trusted,cn_public_2022_2026_cycles_1_0,public_schedule_without_transaction_override,True,314,2025-04-08,complete
2025-04-08,0.00,0.00,0,8007538.82,last_posted_transaction_or_prior_closing_balance,,trusted,cn_public_2022_2026_cycles_1_0,public_schedule_without_transaction_override,True,315,2025-04-09,complete
2025-04-09,0.00,230647.31,3,7776891.51,last_posted_transaction_or_prior_closing_balance,synb1_txn_74c09e65e185f2db2ec68283,trusted,cn_public_2022_2026_cycles_1_0,public_schedule_without_transaction_override,True,316,2025-04-10,complete
2025-04-10,116704.59,0.00,2,7893596.10,last_posted_transaction_or_prior_closing_balance,synb1_txn_1c03233d4d1fc91a0657ed59,trusted,cn_public_2022_2026_cycles_1_0,public_schedule_without_transaction_override,True,317,2025-04-11,complete
2025-04-11,4663.78,0.00,1,7898259.88,last_posted_transaction_or_prior_closing_balance,synb1_txn_9157e299c31d55a8acb57672,trusted,cn_public_2022_2026_cycles_1_0,public_schedule_without_transaction_override,True,318,2025-04-14,complete
2025-04-12,0.00,54110.12,1,7844149.76,last_posted_transaction_or_prior_closing_balance,synb1_txn_7ac2bc3223b98f2709b63507,trusted,cn_public_2022_2026_cycles_1_0,public_schedule_without_transaction_override,False,,,complete
2025-04-13,84070.35,0.00,1,7928220.11,last_posted_transaction_or_prior_closing_balance,synb1_txn_43173f857503f570c4f2a8d7,trusted,cn_public_2022_2026_cycles_1_0,public_schedule_without_transaction_override,False,,,complete
2025-04-14,0.00,5723.31,1,7922496.80,last_posted_transaction_or_prior_closing_balance,synb1_txn_94bb1fd59208ec92b55a0fbd,trusted,cn_public_2022_2026_cycles_1_0,public_schedule_without_transaction_override,True,319,2025-04-15,complete
2025-04-15,0.00,0.00,0,7922496.80,last_posted_transaction_or_prior_closing_balance,,trusted,cn_public_2022_2026_cycles_1_0,public_schedule_without_transaction_override,True,320,2025-04-16,complete
2025-04-16,0.00,47872.76,3,7874624.04,last_posted_transaction_or_prior_closing_balance,synb1_txn_72b6d972ff608970b0095bc6,trusted,cn_public_2022_2026_cycles_1_0,public_schedule_without_transaction_override,True,321,2025-04-17,complete
2025-04-17,0.00,0.00,0,7874624.04,last_posted_transaction_or_prior_closing_balance,,trusted,cn_public_2022_2026_cycles_1_0,public_schedule_without_transaction_override,True,322,2025-04-18,complete
2025-04-18,0.00,140053.13,3,7734570.91,last_posted_transaction_or_prior_closing_balance,synb1_txn_6606e0bd9480f6ce320b2b65,trusted,cn_public_2022_2026_cycles_1_0,public_schedule_without_transaction_override,True,323,2025-04-21,complete
2025-04-19,0.00,56965.82,1,7677605.09,last_posted_transaction_or_prior_closing_balance,synb1_txn_0c78d1ff34ca59f7557181e8,trusted,cn_public_2022_2026_cycles_1_0,public_schedule_without_transaction_override,False,,,complete
2025-04-20,170594.96,0.00,2,7848200.05,last_posted_transaction_or_prior_closing_balance,synb1_txn_7093b188f63ad8529d340e19,trusted,cn_public_2022_2026_cycles_1_0,public_schedule_without_transaction_override,False,,,complete
2025-04-21,475891.34,2667.57,2,8321423.82,last_posted_transaction_or_prior_closing_balance,synb1_txn_0764ab16d010ba71d6adf815,trusted,cn_public_2022_2026_cycles_1_0,public_schedule_without_transaction_override,True,324,2025-04-22,complete
2025-04-22,0.00,0.00,0,8321423.82,last_posted_transaction_or_prior_closing_balance,,trusted,cn_public_2022_2026_cycles_1_0,public_schedule_without_transaction_override,True,325,2025-04-23,complete
2025-04-23,0.00,0.00,0,8321423.82,last_posted_transaction_or_prior_closing_balance,,trusted,cn_public_2022_2026_cycles_1_0,public_schedule_without_transaction_override,True,326,2025-04-24,complete
2025-04-24,0.00,0.00,0,8321423.82,last_posted_transaction_or_prior_closing_balance,,trusted,cn_public_2022_2026_cycles_1_0,public_schedule_without_transaction_override,True,327,2025-04-25,complete
2025-04-25,0.00,0.00,0,8321423.82,last_posted_transaction_or_prior_closing_balance,,trusted,cn_public_2022_2026_cycles_1_0,public_schedule_without_transaction_override,True,328,2025-04-27,complete
2025-04-26,526217.05,712346.92,3,8135293.95,last_posted_transaction_or_prior_closing_balance,synb1_txn_a180391936f865bb33306a3a,trusted,cn_public_2022_2026_cycles_1_0,public_schedule_without_transaction_override,False,,,complete
2025-04-27,0.00,0.00,0,8135293.95,last_posted_transaction_or_prior_closing_balance,,trusted,cn_public_2022_2026_cycles_1_0,public_schedule_without_transaction_override,True,329,2025-04-28,complete
2025-04-28,437297.34,24.38,2,8572566.91,last_posted_transaction_or_prior_closing_balance,synb1_txn_966f7cf026f289351036dac0,trusted,cn_public_2022_2026_cycles_1_0,public_schedule_without_transaction_override,True,330,2025-04-29,complete
2025-04-29,0.00,0.00,0,8572566.91,last_posted_transaction_or_prior_closing_balance,,trusted,cn_public_2022_2026_cycles_1_0,public_schedule_without_transaction_override,True,331,2025-04-30,complete
2025-04-30,0.00,0.00,0,8572566.91,last_posted_transaction_or_prior_closing_balance,,trusted,cn_public_2022_2026_cycles_1_0,public_schedule_without_transaction_override,True,332,2025-05-06,complete
2025-05-01,0.00,0.00,0,8572566.91,last_posted_transaction_or_prior_closing_balance,,trusted,cn_public_2022_2026_cycles_1_0,public_schedule_without_transaction_override,False,,,complete
2025-05-02,293697.15,0.00,3,8866264.06,last_posted_transaction_or_prior_closing_balance,synb1_txn_f510e3588a2eddd1df8762c9,trusted,cn_public_2022_2026_cycles_1_0,public_schedule_without_transaction_override,False,,,complete
2025-05-03,473457.80,219071.85,2,9120650.01,last_posted_transaction_or_prior_closing_balance,synb1_txn_2bf56fe4374453d31c46c2bd,trusted,cn_public_2022_2026_cycles_1_0,public_schedule_without_transaction_override,False,,,complete
2025-05-04,0.00,0.00,0,9120650.01,last_posted_transaction_or_prior_closing_balance,,trusted,cn_public_2022_2026_cycles_1_0,public_schedule_without_transaction_override,False,,,complete
2025-05-05,0.00,35999.96,3,9084650.05,last_posted_transaction_or_prior_closing_balance,synb1_txn_b87799103b46a589a42b6402,trusted,cn_public_2022_2026_cycles_1_0,public_schedule_without_transaction_override,False,,,complete
2025-05-06,0.00,62.63,1,9084587.42,last_posted_transaction_or_prior_closing_balance,synb1_txn_f5b71da5f2beaa38b17b780f,trusted,cn_public_2022_2026_cycles_1_0,public_schedule_without_transaction_override,True,333,2025-05-07,complete
2025-05-07,0.00,51000.00,1,9033587.42,last_posted_transaction_or_prior_closing_balance,synb1_txn_b5d199da777c6be85d1d2752,trusted,cn_public_2022_2026_cycles_1_0,public_schedule_without_transaction_override,True,334,2025-05-08,complete
2025-05-08,514011.23,0.00,1,9547598.65,last_posted_transaction_or_prior_closing_balance,synb1_txn_fb75823a248b8f3a03d2cfa4,trusted,cn_public_2022_2026_cycles_1_0,public_schedule_without_transaction_override,True,335,2025-05-09,complete
2025-05-09,220176.16,0.00,2,9767774.81,last_posted_transaction_or_prior_closing_balance,synb1_txn_89bea378ef6488ec2b57fd74,trusted,cn_public_2022_2026_cycles_1_0,public_schedule_without_transaction_override,True,336,2025-05-12,complete
2025-05-10,0.00,30881.75,1,9736893.06,last_posted_transaction_or_prior_closing_balance,synb1_txn_179680032c31b6acd657a0ea,trusted,cn_public_2022_2026_cycles_1_0,public_schedule_without_transaction_override,False,,,complete
2025-05-11,0.00,0.00,0,9736893.06,last_posted_transaction_or_prior_closing_balance,,trusted,cn_public_2022_2026_cycles_1_0,public_schedule_without_transaction_override,False,,,complete
2025-05-12,0.00,0.00,0,9736893.06,last_posted_transaction_or_prior_closing_balance,,trusted,cn_public_2022_2026_cycles_1_0,public_schedule_without_transaction_override,True,337,2025-05-13,complete
2025-05-13,37904.45,0.00,1,9774797.51,last_posted_transaction_or_prior_closing_balance,synb1_txn_a04293c75417ec5faddc8d72,trusted,cn_public_2022_2026_cycles_1_0,public_schedule_without_transaction_override,True,338,2025-05-14,complete
2025-05-14,130071.45,322910.31,3,9581958.65,last_posted_transaction_or_prior_closing_balance,synb1_txn_bf0f78a5c1102f02f7436d7b,trusted,cn_public_2022_2026_cycles_1_0,public_schedule_without_transaction_override,True,339,2025-05-15,complete
2025-05-15,0.00,0.00,0,9581958.65,last_posted_transaction_or_prior_closing_balance,,trusted,cn_public_2022_2026_cycles_1_0,public_schedule_without_transaction_override,True,340,2025-05-16,complete
2025-05-16,0.00,206310.98,2,9375647.67,last_posted_transaction_or_prior_closing_balance,synb1_txn_de1042d3ea0c0ad8c8da9cc3,trusted,cn_public_2022_2026_cycles_1_0,public_schedule_without_transaction_override,True,341,2025-05-19,complete
2025-05-17,0.00,226.81,1,9375420.86,last_posted_transaction_or_prior_closing_balance,synb1_txn_783250934d3c3bbcd5ba88e0,trusted,cn_public_2022_2026_cycles_1_0,public_schedule_without_transaction_override,False,,,complete
2025-05-18,0.00,263010.25,2,9112410.61,last_posted_transaction_or_prior_closing_balance,synb1_txn_3302fc3d016b32ceeeb6bfdc,trusted,cn_public_2022_2026_cycles_1_0,public_schedule_without_transaction_override,False,,,complete
2025-05-19,0.00,133416.33,3,8978994.28,last_posted_transaction_or_prior_closing_balance,synb1_txn_0c18fe9f4f677cd4039cea9f,trusted,cn_public_2022_2026_cycles_1_0,public_schedule_without_transaction_override,True,342,2025-05-20,complete
2025-05-20,0.00,0.00,0,8978994.28,last_posted_transaction_or_prior_closing_balance,,trusted,cn_public_2022_2026_cycles_1_0,public_schedule_without_transaction_override,True,343,2025-05-21,complete
2025-05-21,0.00,0.00,0,8978994.28,last_posted_transaction_or_prior_closing_balance,,trusted,cn_public_2022_2026_cycles_1_0,public_schedule_without_transaction_override,True,344,2025-05-22,complete
2025-05-22,0.00,0.00,0,8978994.28,last_posted_transaction_or_prior_closing_balance,,trusted,cn_public_2022_2026_cycles_1_0,public_schedule_without_transaction_override,True,345,2025-05-23,complete
2025-05-23,54217.25,0.00,1,9033211.53,last_posted_transaction_or_prior_closing_balance,synb1_txn_3be00757c0ef39032b6020e8,trusted,cn_public_2022_2026_cycles_1_0,public_schedule_without_transaction_override,True,346,2025-05-26,complete
2025-05-24,0.00,0.00,0,9033211.53,last_posted_transaction_or_prior_closing_balance,,trusted,cn_public_2022_2026_cycles_1_0,public_schedule_without_transaction_override,False,,,complete
2025-05-25,0.00,77127.94,1,8956083.59,last_posted_transaction_or_prior_closing_balance,synb1_txn_38aa9e107ccbb39d8ce0d302,trusted,cn_public_2022_2026_cycles_1_0,public_schedule_without_transaction_override,False,,,complete
2025-05-26,0.00,90829.52,1,8865254.07,last_posted_transaction_or_prior_closing_balance,synb1_txn_1585855a0cbdf587fc256f3f,trusted,cn_public_2022_2026_cycles_1_0,public_schedule_without_transaction_override,True,347,2025-05-27,complete
2025-05-27,0.00,0.00,0,8865254.07,last_posted_transaction_or_prior_closing_balance,,trusted,cn_public_2022_2026_cycles_1_0,public_schedule_without_transaction_override,True,348,2025-05-28,complete
2025-05-28,230464.51,0.00,2,9095718.58,last_posted_transaction_or_prior_closing_balance,synb1_txn_0a783808959bd943ddbc3be7,trusted,cn_public_2022_2026_cycles_1_0,public_schedule_without_transaction_override,True,349,2025-05-29,complete
2025-05-29,0.00,0.00,0,9095718.58,last_posted_transaction_or_prior_closing_balance,,trusted,cn_public_2022_2026_cycles_1_0,public_schedule_without_transaction_override,True,350,2025-05-30,complete
2025-05-30,0.00,0.00,0,9095718.58,last_posted_transaction_or_prior_closing_balance,,trusted,cn_public_2022_2026_cycles_1_0,public_schedule_without_transaction_override,True,351,2025-06-03,complete
2025-05-31,0.00,0.00,0,9095718.58,last_posted_transaction_or_prior_closing_balance,,trusted,cn_public_2022_2026_cycles_1_0,public_schedule_without_transaction_override,False,,,complete
2025-06-01,0.00,0.00,0,9095718.58,last_posted_transaction_or_prior_closing_balance,,trusted,cn_public_2022_2026_cycles_1_0,public_schedule_without_transaction_override,False,,,complete
2025-06-02,0.00,57062.84,1,9038655.74,last_posted_transaction_or_prior_closing_balance,synb1_txn_a63fca50f4b0814fcac87f9a,trusted,cn_public_2022_2026_cycles_1_0,public_schedule_without_transaction_override,False,,,complete
2025-06-03,244583.70,0.00,1,9283239.44,last_posted_transaction_or_prior_closing_balance,synb1_txn_cf6166f44f724a5820a604ee,trusted,cn_public_2022_2026_cycles_1_0,public_schedule_without_transaction_override,True,352,2025-06-04,complete
2025-06-04,0.00,210926.29,1,9072313.15,last_posted_transaction_or_prior_closing_balance,synb1_txn_02cd35ca11d65364c80f20ae,trusted,cn_public_2022_2026_cycles_1_0,public_schedule_without_transaction_override,True,353,2025-06-05,complete
2025-06-05,0.00,20777.43,2,9051535.72,last_posted_transaction_or_prior_closing_balance,synb1_txn_077eff0d8af958425e971f08,trusted,cn_public_2022_2026_cycles_1_0,public_schedule_without_transaction_override,True,354,2025-06-06,complete
2025-06-06,159155.53,0.00,2,9210691.25,last_posted_transaction_or_prior_closing_balance,synb1_txn_2016c4c919fbb14423d3a08f,trusted,cn_public_2022_2026_cycles_1_0,public_schedule_without_transaction_override,True,355,2025-06-09,complete
2025-06-07,519450.11,51000.00,4,9679141.36,last_posted_transaction_or_prior_closing_balance,synb1_txn_617076ebfc0c30901976a869,trusted,cn_public_2022_2026_cycles_1_0,public_schedule_without_transaction_override,False,,,complete
2025-06-08,0.00,167612.42,1,9511528.94,last_posted_transaction_or_prior_closing_balance,synb1_txn_1cb69bc324bf3e8fb0d43481,trusted,cn_public_2022_2026_cycles_1_0,public_schedule_without_transaction_override,False,,,complete
2025-06-09,0.00,711.10,1,9510817.84,last_posted_transaction_or_prior_closing_balance,synb1_txn_f6e9b19d5373858d5facff56,trusted,cn_public_2022_2026_cycles_1_0,public_schedule_without_transaction_override,True,356,2025-06-10,complete
2025-06-10,311531.99,59192.14,2,9763157.69,last_posted_transaction_or_prior_closing_balance,synb1_txn_afc3b7bf74d6134145534802,trusted,cn_public_2022_2026_cycles_1_0,public_schedule_without_transaction_override,True,357,2025-06-11,complete
2025-06-11,0.00,85117.51,1,9678040.18,last_posted_transaction_or_prior_closing_balance,synb1_txn_da925f46569c048f4f7f9522,trusted,cn_public_2022_2026_cycles_1_0,public_schedule_without_transaction_override,True,358,2025-06-12,complete
2025-06-12,0.00,75545.03,1,9602495.15,last_posted_transaction_or_prior_closing_balance,synb1_txn_76249718f035c0bba1333d1c,trusted,cn_public_2022_2026_cycles_1_0,public_schedule_without_transaction_override,True,359,2025-06-13,complete
2025-06-13,0.00,0.00,0,9602495.15,last_posted_transaction_or_prior_closing_balance,,trusted,cn_public_2022_2026_cycles_1_0,public_schedule_without_transaction_override,True,360,2025-06-16,complete
2025-06-14,0.00,112985.51,2,9489509.64,last_posted_transaction_or_prior_closing_balance,synb1_txn_a2d5626877294982aad38740,trusted,cn_public_2022_2026_cycles_1_0,public_schedule_without_transaction_override,False,,,complete
2025-06-15,0.00,0.00,0,9489509.64,last_posted_transaction_or_prior_closing_balance,,trusted,cn_public_2022_2026_cycles_1_0,public_schedule_without_transaction_override,False,,,complete
2025-06-16,79449.85,0.00,1,9568959.49,last_posted_transaction_or_prior_closing_balance,synb1_txn_d66710064641ff4367332b00,trusted,cn_public_2022_2026_cycles_1_0,public_schedule_without_transaction_override,True,361,2025-06-17,complete
2025-06-17,0.00,0.00,0,9568959.49,last_posted_transaction_or_prior_closing_balance,,trusted,cn_public_2022_2026_cycles_1_0,public_schedule_without_transaction_override,True,362,2025-06-18,complete
2025-06-18,0.00,155692.66,4,9413266.83,last_posted_transaction_or_prior_closing_balance,synb1_txn_14209e57795bf1eda9930854,trusted,cn_public_2022_2026_cycles_1_0,public_schedule_without_transaction_override,True,363,2025-06-19,complete
2025-06-19,125782.44,53841.41,2,9485207.86,last_posted_transaction_or_prior_closing_balance,synb1_txn_cfe4c1fbd262b269f6e3c4ac,trusted,cn_public_2022_2026_cycles_1_0,public_schedule_without_transaction_override,True,364,2025-06-20,complete
2025-06-20,0.00,0.00,0,9485207.86,last_posted_transaction_or_prior_closing_balance,,trusted,cn_public_2022_2026_cycles_1_0,public_schedule_without_transaction_override,True,365,2025-06-23,complete
2025-06-21,0.00,0.00,0,9485207.86,last_posted_transaction_or_prior_closing_balance,,trusted,cn_public_2022_2026_cycles_1_0,public_schedule_without_transaction_override,False,,,complete
2025-06-22,164421.09,311720.12,3,9337908.83,last_posted_transaction_or_prior_closing_balance,synb1_txn_f5088d9f84a66083c8acb48e,trusted,cn_public_2022_2026_cycles_1_0,public_schedule_without_transaction_override,False,,,complete
2025-06-23,429625.29,147395.07,3,9620139.05,last_posted_transaction_or_prior_closing_balance,synb1_txn_973d80a2f5eaa0e0f1a291dc,trusted,cn_public_2022_2026_cycles_1_0,public_schedule_without_transaction_override,True,366,2025-06-24,complete
2025-06-24,0.00,0.00,0,9620139.05,last_posted_transaction_or_prior_closing_balance,,trusted,cn_public_2022_2026_cycles_1_0,public_schedule_without_transaction_override,True,367,2025-06-25,complete
2025-06-25,0.00,0.00,0,9620139.05,last_posted_transaction_or_prior_closing_balance,,trusted,cn_public_2022_2026_cycles_1_0,public_schedule_without_transaction_override,True,368,2025-06-26,complete
2025-06-26,0.00,0.00,0,9620139.05,last_posted_transaction_or_prior_closing_balance,,trusted,cn_public_2022_2026_cycles_1_0,public_schedule_without_transaction_override,True,369,2025-06-27,complete
2025-06-27,0.00,0.00,0,9620139.05,last_posted_transaction_or_prior_closing_balance,,trusted,cn_public_2022_2026_cycles_1_0,public_schedule_without_transaction_override,True,370,2025-06-30,complete
2025-06-28,0.00,0.00,0,9620139.05,last_posted_transaction_or_prior_closing_balance,,trusted,cn_public_2022_2026_cycles_1_0,public_schedule_without_transaction_override,False,,,complete
2025-06-29,0.00,0.00,0,9620139.05,last_posted_transaction_or_prior_closing_balance,,trusted,cn_public_2022_2026_cycles_1_0,public_schedule_without_transaction_override,False,,,complete
2025-06-30,0.00,0.00,0,9620139.05,last_posted_transaction_or_prior_closing_balance,,trusted,cn_public_2022_2026_cycles_1_0,public_schedule_without_transaction_override,True,371,2025-07-01,complete
2025-07-01,0.00,0.00,0,9620139.05,last_posted_transaction_or_prior_closing_balance,,trusted,cn_public_2022_2026_cycles_1_0,public_schedule_without_transaction_override,True,372,2025-07-02,complete
2025-07-02,33803.36,0.00,1,9653942.41,last_posted_transaction_or_prior_closing_balance,synb1_txn_f6d55ab70ef5320e68f970c5,trusted,cn_public_2022_2026_cycles_1_0,public_schedule_without_transaction_override,True,373,2025-07-03,complete
2025-07-03,0.00,6528.92,1,9647413.49,last_posted_transaction_or_prior_closing_balance,synb1_txn_38e76b5b21b2c8b06612370c,trusted,cn_public_2022_2026_cycles_1_0,public_schedule_without_transaction_override,True,374,2025-07-04,complete
2025-07-04,300645.47,212236.14,2,9735822.82,last_posted_transaction_or_prior_closing_balance,synb1_txn_4d0dea263018b212608ee577,trusted,cn_public_2022_2026_cycles_1_0,public_schedule_without_transaction_override,True,375,2025-07-07,complete
2025-07-05,36569.05,16000.00,2,9756391.87,last_posted_transaction_or_prior_closing_balance,synb1_txn_f91e11ad68d33dd019d1d550,trusted,cn_public_2022_2026_cycles_1_0,public_schedule_without_transaction_override,False,,,complete
2025-07-06,20010.23,0.00,1,9776402.10,last_posted_transaction_or_prior_closing_balance,synb1_txn_a164af78dc0a59a0a963668b,trusted,cn_public_2022_2026_cycles_1_0,public_schedule_without_transaction_override,False,,,complete
2025-07-07,241146.31,51000.00,2,9966548.41,last_posted_transaction_or_prior_closing_balance,synb1_txn_0b7bf79b54279c09e610ac9f,trusted,cn_public_2022_2026_cycles_1_0,public_schedule_without_transaction_override,True,376,2025-07-08,complete
2025-07-08,0.00,3635.43,1,9962912.98,last_posted_transaction_or_prior_closing_balance,synb1_txn_82e59407849491e3fd696a38,trusted,cn_public_2022_2026_cycles_1_0,public_schedule_without_transaction_override,True,377,2025-07-09,complete
2025-07-09,0.00,0.00,0,9962912.98,last_posted_transaction_or_prior_closing_balance,,trusted,cn_public_2022_2026_cycles_1_0,public_schedule_without_transaction_override,True,378,2025-07-10,complete
2025-07-10,0.00,0.00,0,9962912.98,last_posted_transaction_or_prior_closing_balance,,trusted,cn_public_2022_2026_cycles_1_0,public_schedule_without_transaction_override,True,379,2025-07-11,complete
2025-07-11,155759.71,0.00,2,10118672.69,last_posted_transaction_or_prior_closing_balance,synb1_txn_e8efe4a5fd413fecc7368688,trusted,cn_public_2022_2026_cycles_1_0,public_schedule_without_transaction_override,True,380,2025-07-14,complete
2025-07-12,0.00,0.00,0,10118672.69,last_posted_transaction_or_prior_closing_balance,,trusted,cn_public_2022_2026_cycles_1_0,public_schedule_without_transaction_override,False,,,complete
2025-07-13,0.00,29010.48,1,10089662.21,last_posted_transaction_or_prior_closing_balance,synb1_txn_7b2f199dcb9848d4cf0ef83f,trusted,cn_public_2022_2026_cycles_1_0,public_schedule_without_transaction_override,False,,,complete
2025-07-14,0.00,278030.48,2,9811631.73,last_posted_transaction_or_prior_closing_balance,synb1_txn_6de5c08f27b2104033363005,trusted,cn_public_2022_2026_cycles_1_0,public_schedule_without_transaction_override,True,381,2025-07-15,complete
2025-07-15,0.00,356895.10,2,9454736.63,last_posted_transaction_or_prior_closing_balance,synb1_txn_773515d254e40981ed024338,trusted,cn_public_2022_2026_cycles_1_0,public_schedule_without_transaction_override,True,382,2025-07-16,complete
2025-07-16,82708.85,0.00,1,9537445.48,last_posted_transaction_or_prior_closing_balance,synb1_txn_2a5d320b7c25e15a7de834e5,trusted,cn_public_2022_2026_cycles_1_0,public_schedule_without_transaction_override,True,383,2025-07-17,complete
2025-07-17,585101.87,0.00,2,10122547.35,last_posted_transaction_or_prior_closing_balance,synb1_txn_afaba8e9435d3f8bae56601b,trusted,cn_public_2022_2026_cycles_1_0,public_schedule_without_transaction_override,True,384,2025-07-18,complete
2025-07-18,146245.84,153662.38,6,10115130.81,last_posted_transaction_or_prior_closing_balance,synb1_txn_1679b8ff5568d9d525a77572,trusted,cn_public_2022_2026_cycles_1_0,public_schedule_without_transaction_override,True,385,2025-07-21,complete
2025-07-19,107796.73,0.00,1,10222927.54,last_posted_transaction_or_prior_closing_balance,synb1_txn_cb4456640b69ac5d4845078b,trusted,cn_public_2022_2026_cycles_1_0,public_schedule_without_transaction_override,False,,,complete
2025-07-20,0.00,4311.73,1,10218615.81,last_posted_transaction_or_prior_closing_balance,synb1_txn_e44e0aa0dfb0bdb5d7d8d2af,trusted,cn_public_2022_2026_cycles_1_0,public_schedule_without_transaction_override,False,,,complete
2025-07-21,28458.21,0.00,1,10247074.02,last_posted_transaction_or_prior_closing_balance,synb1_txn_7de8c7d85a6ba5be8a10f059,trusted,cn_public_2022_2026_cycles_1_0,public_schedule_without_transaction_override,True,386,2025-07-22,complete
2025-07-22,0.00,41829.02,1,10205245.00,last_posted_transaction_or_prior_closing_balance,synb1_txn_8777040e1df03a4db59a0e9e,trusted,cn_public_2022_2026_cycles_1_0,public_schedule_without_transaction_override,True,387,2025-07-23,complete
2025-07-23,42754.37,0.00,1,10247999.37,last_posted_transaction_or_prior_closing_balance,synb1_txn_6f5e33201a63663fb5af2346,trusted,cn_public_2022_2026_cycles_1_0,public_schedule_without_transaction_override,True,388,2025-07-24,complete
2025-07-24,0.00,43863.82,1,10204135.55,last_posted_transaction_or_prior_closing_balance,synb1_txn_da808e9ff7088d6188dcb92a,trusted,cn_public_2022_2026_cycles_1_0,public_schedule_without_transaction_override,True,389,2025-07-25,complete
2025-07-25,0.00,173849.90,1,10030285.65,last_posted_transaction_or_prior_closing_balance,synb1_txn_3a1139c10397ae46613ac547,trusted,cn_public_2022_2026_cycles_1_0,public_schedule_without_transaction_override,True,390,2025-07-28,complete
2025-07-26,0.00,651.33,1,10029634.32,last_posted_transaction_or_prior_closing_balance,synb1_txn_9210c2eae20385dbcdf9b2a7,trusted,cn_public_2022_2026_cycles_1_0,public_schedule_without_transaction_override,False,,,complete
2025-07-27,0.00,0.00,0,10029634.32,last_posted_transaction_or_prior_closing_balance,,trusted,cn_public_2022_2026_cycles_1_0,public_schedule_without_transaction_override,False,,,complete
2025-07-28,0.00,0.00,0,10029634.32,last_posted_transaction_or_prior_closing_balance,,trusted,cn_public_2022_2026_cycles_1_0,public_schedule_without_transaction_override,True,391,2025-07-29,complete
2025-07-29,0.00,0.00,0,10029634.32,last_posted_transaction_or_prior_closing_balance,,trusted,cn_public_2022_2026_cycles_1_0,public_schedule_without_transaction_override,True,392,2025-07-30,complete
2025-07-30,0.00,0.00,0,10029634.32,last_posted_transaction_or_prior_closing_balance,,trusted,cn_public_2022_2026_cycles_1_0,public_schedule_without_transaction_override,True,393,2025-07-31,complete
2025-07-31,0.00,0.00,0,10029634.32,last_posted_transaction_or_prior_closing_balance,,trusted,cn_public_2022_2026_cycles_1_0,public_schedule_without_transaction_override,True,394,2025-08-01,complete
2025-08-01,0.00,0.00,0,10029634.32,last_posted_transaction_or_prior_closing_balance,,trusted,cn_public_2022_2026_cycles_1_0,public_schedule_without_transaction_override,True,395,2025-08-04,complete
2025-08-02,0.00,19450.22,1,10010184.10,last_posted_transaction_or_prior_closing_balance,synb1_txn_7b20e0e896db8551ec4d949d,trusted,cn_public_2022_2026_cycles_1_0,public_schedule_without_transaction_override,False,,,complete
2025-08-03,3785.78,0.00,1,10013969.88,last_posted_transaction_or_prior_closing_balance,synb1_txn_dc8b5c1391d60bbc7cb4c01d,trusted,cn_public_2022_2026_cycles_1_0,public_schedule_without_transaction_override,False,,,complete
2025-08-04,162071.72,1586.91,2,10174454.69,last_posted_transaction_or_prior_closing_balance,synb1_txn_991c6c6ad7432608dba9bc27,trusted,cn_public_2022_2026_cycles_1_0,public_schedule_without_transaction_override,True,396,2025-08-05,complete
2025-08-05,82661.45,16000.00,3,10241116.14,last_posted_transaction_or_prior_closing_balance,synb1_txn_cbb8a26b81accdc2ad42e39b,trusted,cn_public_2022_2026_cycles_1_0,public_schedule_without_transaction_override,True,397,2025-08-06,complete
2025-08-06,0.00,0.00,0,10241116.14,last_posted_transaction_or_prior_closing_balance,,trusted,cn_public_2022_2026_cycles_1_0,public_schedule_without_transaction_override,True,398,2025-08-07,complete
2025-08-07,91291.56,51000.00,2,10281407.70,last_posted_transaction_or_prior_closing_balance,synb1_txn_04b5ac604ec5bbf75fc606f0,trusted,cn_public_2022_2026_cycles_1_0,public_schedule_without_transaction_override,True,399,2025-08-08,complete
2025-08-08,0.00,0.00,0,10281407.70,last_posted_transaction_or_prior_closing_balance,,trusted,cn_public_2022_2026_cycles_1_0,public_schedule_without_transaction_override,True,400,2025-08-11,complete
2025-08-09,132493.90,0.00,2,10413901.60,last_posted_transaction_or_prior_closing_balance,synb1_txn_e35d71f352ae18f1e5396b31,trusted,cn_public_2022_2026_cycles_1_0,public_schedule_without_transaction_override,False,,,complete
2025-08-10,0.00,2288.14,1,10411613.46,last_posted_transaction_or_prior_closing_balance,synb1_txn_233c1d42e99d5fbf346db6b8,trusted,cn_public_2022_2026_cycles_1_0,public_schedule_without_transaction_override,False,,,complete
2025-08-11,0.00,0.00,0,10411613.46,last_posted_transaction_or_prior_closing_balance,,trusted,cn_public_2022_2026_cycles_1_0,public_schedule_without_transaction_override,True,401,2025-08-12,complete
2025-08-12,0.00,472984.51,2,9938628.95,last_posted_transaction_or_prior_closing_balance,synb1_txn_ce0520795c6c6e6a2abfcee1,trusted,cn_public_2022_2026_cycles_1_0,public_schedule_without_transaction_override,True,402,2025-08-13,complete
2025-08-13,0.00,28366.72,1,9910262.23,last_posted_transaction_or_prior_closing_balance,synb1_txn_b12e152bc43ad54fea5e0d14,trusted,cn_public_2022_2026_cycles_1_0,public_schedule_without_transaction_override,True,403,2025-08-14,complete
2025-08-14,0.00,0.00,0,9910262.23,last_posted_transaction_or_prior_closing_balance,,trusted,cn_public_2022_2026_cycles_1_0,public_schedule_without_transaction_override,True,404,2025-08-15,complete
2025-08-15,0.00,0.00,0,9910262.23,last_posted_transaction_or_prior_closing_balance,,trusted,cn_public_2022_2026_cycles_1_0,public_schedule_without_transaction_override,True,405,2025-08-18,complete
2025-08-16,196039.06,0.00,1,10106301.29,last_posted_transaction_or_prior_closing_balance,synb1_txn_6f85130c45908d812c74fb43,trusted,cn_public_2022_2026_cycles_1_0,public_schedule_without_transaction_override,False,,,complete
2025-08-17,0.00,0.00,0,10106301.29,last_posted_transaction_or_prior_closing_balance,,trusted,cn_public_2022_2026_cycles_1_0,public_schedule_without_transaction_override,False,,,complete
2025-08-18,80099.38,163506.27,6,10022894.40,last_posted_transaction_or_prior_closing_balance,synb1_txn_fc6c6f61564eee5e30a2220e,trusted,cn_public_2022_2026_cycles_1_0,public_schedule_without_transaction_override,True,406,2025-08-19,complete
2025-08-19,0.00,0.00,0,10022894.40,last_posted_transaction_or_prior_closing_balance,,trusted,cn_public_2022_2026_cycles_1_0,public_schedule_without_transaction_override,True,407,2025-08-20,complete
2025-08-20,84451.19,0.00,1,10107345.59,last_posted_transaction_or_prior_closing_balance,synb1_txn_2d9eae0f6f476edcdba6c087,trusted,cn_public_2022_2026_cycles_1_0,public_schedule_without_transaction_override,True,408,2025-08-21,complete
2025-08-21,0.00,0.00,0,10107345.59,last_posted_transaction_or_prior_closing_balance,,trusted,cn_public_2022_2026_cycles_1_0,public_schedule_without_transaction_override,True,409,2025-08-22,complete
2025-08-22,292272.28,0.00,2,10399617.87,last_posted_transaction_or_prior_closing_balance,synb1_txn_a7f4e249597c83cb3dd8a392,trusted,cn_public_2022_2026_cycles_1_0,public_schedule_without_transaction_override,True,410,2025-08-25,complete
2025-08-23,0.00,181962.64,1,10217655.23,last_posted_transaction_or_prior_closing_balance,synb1_txn_4c33564d93d0699321feddb6,trusted,cn_public_2022_2026_cycles_1_0,public_schedule_without_transaction_override,False,,,complete
2025-08-24,651977.06,0.00,1,10869632.29,last_posted_transaction_or_prior_closing_balance,synb1_txn_f2307734f3018e12ebff4618,trusted,cn_public_2022_2026_cycles_1_0,public_schedule_without_transaction_override,False,,,complete
2025-08-25,32856.62,0.00,1,10902488.91,last_posted_transaction_or_prior_closing_balance,synb1_txn_b0f368c2a4ce9e50d3a8ff19,trusted,cn_public_2022_2026_cycles_1_0,public_schedule_without_transaction_override,True,411,2025-08-26,complete
2025-08-26,0.00,321366.86,2,10581122.05,last_posted_transaction_or_prior_closing_balance,synb1_txn_1fa5b4d5b02926421b24950c,trusted,cn_public_2022_2026_cycles_1_0,public_schedule_without_transaction_override,True,412,2025-08-27,complete
2025-08-27,0.00,70056.46,1,10511065.59,last_posted_transaction_or_prior_closing_balance,synb1_txn_b8391446f493e91a9c2dfedd,trusted,cn_public_2022_2026_cycles_1_0,public_schedule_without_transaction_override,True,413,2025-08-28,complete
2025-08-28,0.00,1782.80,1,10509282.79,last_posted_transaction_or_prior_closing_balance,synb1_txn_3054eaf11d12b15ba01d7e2f,trusted,cn_public_2022_2026_cycles_1_0,public_schedule_without_transaction_override,True,414,2025-08-29,complete
2025-08-29,0.00,0.00,0,10509282.79,last_posted_transaction_or_prior_closing_balance,,trusted,cn_public_2022_2026_cycles_1_0,public_schedule_without_transaction_override,True,415,2025-09-01,complete
2025-08-30,0.00,0.00,0,10509282.79,last_posted_transaction_or_prior_closing_balance,,trusted,cn_public_2022_2026_cycles_1_0,public_schedule_without_transaction_override,False,,,complete
2025-08-31,0.00,0.00,0,10509282.79,last_posted_transaction_or_prior_closing_balance,,trusted,cn_public_2022_2026_cycles_1_0,public_schedule_without_transaction_override,False,,,complete
2025-09-01,0.00,0.00,0,10509282.79,last_posted_transaction_or_prior_closing_balance,,trusted,cn_public_2022_2026_cycles_1_0,public_schedule_without_transaction_override,True,416,2025-09-02,complete
2025-09-02,0.00,71032.63,1,10438250.16,last_posted_transaction_or_prior_closing_balance,synb1_txn_fb0d0996024e379dcfc193c0,trusted,cn_public_2022_2026_cycles_1_0,public_schedule_without_transaction_override,True,417,2025-09-03,complete
2025-09-03,0.00,30649.37,1,10407600.79,last_posted_transaction_or_prior_closing_balance,synb1_txn_a45c2bd4a7414a22123ad728,trusted,cn_public_2022_2026_cycles_1_0,public_schedule_without_transaction_override,True,418,2025-09-04,complete
2025-09-04,125206.60,17396.25,3,10515411.14,last_posted_transaction_or_prior_closing_balance,synb1_txn_bcc621b1a9b0ea176af886d7,trusted,cn_public_2022_2026_cycles_1_0,public_schedule_without_transaction_override,True,419,2025-09-05,complete
2025-09-05,0.00,16000.00,1,10499411.14,last_posted_transaction_or_prior_closing_balance,synb1_txn_dcd609cb3ecb55a6c6160722,trusted,cn_public_2022_2026_cycles_1_0,public_schedule_without_transaction_override,True,420,2025-09-08,complete
2025-09-06,151773.57,143760.26,2,10507424.45,last_posted_transaction_or_prior_closing_balance,synb1_txn_ffe1487b0e52bdcbf5cff295,trusted,cn_public_2022_2026_cycles_1_0,public_schedule_without_transaction_override,False,,,complete
2025-09-07,777.97,51000.00,2,10457202.42,last_posted_transaction_or_prior_closing_balance,synb1_txn_23673130702852bce3059094,trusted,cn_public_2022_2026_cycles_1_0,public_schedule_without_transaction_override,False,,,complete
2025-09-08,91080.00,0.00,1,10548282.42,last_posted_transaction_or_prior_closing_balance,synb1_txn_678d28a436c757420c71c1a8,trusted,cn_public_2022_2026_cycles_1_0,public_schedule_without_transaction_override,True,421,2025-09-09,complete
2025-09-09,0.00,0.00,0,10548282.42,last_posted_transaction_or_prior_closing_balance,,trusted,cn_public_2022_2026_cycles_1_0,public_schedule_without_transaction_override,True,422,2025-09-10,complete
2025-09-10,5219.61,0.00,1,10553502.03,last_posted_transaction_or_prior_closing_balance,synb1_txn_979185e1ec9e3f7cb7bb636b,trusted,cn_public_2022_2026_cycles_1_0,public_schedule_without_transaction_override,True,423,2025-09-11,complete
2025-09-11,0.00,108029.43,1,10445472.60,last_posted_transaction_or_prior_closing_balance,synb1_txn_37022c6caa604bd0460971c0,trusted,cn_public_2022_2026_cycles_1_0,public_schedule_without_transaction_override,True,424,2025-09-12,complete
2025-09-12,0.00,0.00,0,10445472.60,last_posted_transaction_or_prior_closing_balance,,trusted,cn_public_2022_2026_cycles_1_0,public_schedule_without_transaction_override,True,425,2025-09-15,complete
2025-09-13,0.00,282418.69,1,10163053.91,last_posted_transaction_or_prior_closing_balance,synb1_txn_c06a36fc9d64bae82304a906,trusted,cn_public_2022_2026_cycles_1_0,public_schedule_without_transaction_override,False,,,complete
2025-09-14,21072.12,0.00,1,10184126.03,last_posted_transaction_or_prior_closing_balance,synb1_txn_6ecab4600a9d860457672cca,trusted,cn_public_2022_2026_cycles_1_0,public_schedule_without_transaction_override,False,,,complete
2025-09-15,0.00,0.00,0,10184126.03,last_posted_transaction_or_prior_closing_balance,,trusted,cn_public_2022_2026_cycles_1_0,public_schedule_without_transaction_override,True,426,2025-09-16,complete
2025-09-16,0.00,174687.97,1,10009438.06,last_posted_transaction_or_prior_closing_balance,synb1_txn_3e67bd3b7344378bc01955e1,trusted,cn_public_2022_2026_cycles_1_0,public_schedule_without_transaction_override,True,427,2025-09-17,complete
2025-09-17,0.00,2279.64,1,10007158.42,last_posted_transaction_or_prior_closing_balance,synb1_txn_2a7d3b1ec0bf71fc09390c44,trusted,cn_public_2022_2026_cycles_1_0,public_schedule_without_transaction_override,True,428,2025-09-18,complete
2025-09-18,0.00,139249.05,4,9867909.37,last_posted_transaction_or_prior_closing_balance,synb1_txn_84dac61f7e8b467bdbed0a3a,trusted,cn_public_2022_2026_cycles_1_0,public_schedule_without_transaction_override,True,429,2025-09-19,complete
2025-09-19,0.00,0.00,0,9867909.37,last_posted_transaction_or_prior_closing_balance,,trusted,cn_public_2022_2026_cycles_1_0,public_schedule_without_transaction_override,True,430,2025-09-22,complete
2025-09-20,0.00,28274.67,1,9839634.70,last_posted_transaction_or_prior_closing_balance,synb1_txn_4a3a85c515a7f3f7ce73d096,trusted,cn_public_2022_2026_cycles_1_0,public_schedule_without_transaction_override,False,,,complete
2025-09-21,328054.86,0.00,3,10167689.56,last_posted_transaction_or_prior_closing_balance,synb1_txn_0fff457497be65a0523f67d4,trusted,cn_public_2022_2026_cycles_1_0,public_schedule_without_transaction_override,False,,,complete
2025-09-22,1129163.06,0.00,1,11296852.62,last_posted_transaction_or_prior_closing_balance,synb1_txn_74576134136308b1f4d8fbbf,trusted,cn_public_2022_2026_cycles_1_0,public_schedule_without_transaction_override,True,431,2025-09-23,complete
2025-09-23,0.00,153397.72,1,11143454.90,last_posted_transaction_or_prior_closing_balance,synb1_txn_12570b34381122db58cd0636,trusted,cn_public_2022_2026_cycles_1_0,public_schedule_without_transaction_override,True,432,2025-09-24,complete
2025-09-24,3652.21,0.00,1,11147107.11,last_posted_transaction_or_prior_closing_balance,synb1_txn_0a3613a89d2158089fd1149d,trusted,cn_public_2022_2026_cycles_1_0,public_schedule_without_transaction_override,True,433,2025-09-25,complete
2025-09-25,0.00,7242.66,1,11139864.45,last_posted_transaction_or_prior_closing_balance,synb1_txn_de43be5c8bde3d3193101852,trusted,cn_public_2022_2026_cycles_1_0,public_schedule_without_transaction_override,True,434,2025-09-26,complete
2025-09-26,0.00,153398.35,2,10986466.10,last_posted_transaction_or_prior_closing_balance,synb1_txn_41cc919d65d78ffb24f40489,trusted,cn_public_2022_2026_cycles_1_0,public_schedule_without_transaction_override,True,435,2025-09-28,complete
2025-09-27,0.00,8194.84,1,10978271.26,last_posted_transaction_or_prior_closing_balance,synb1_txn_07ebc7dd6128f3cca8065b7d,trusted,cn_public_2022_2026_cycles_1_0,public_schedule_without_transaction_override,False,,,complete
2025-09-28,0.00,0.00,0,10978271.26,last_posted_transaction_or_prior_closing_balance,,trusted,cn_public_2022_2026_cycles_1_0,public_schedule_without_transaction_override,True,436,2025-09-29,complete
2025-09-29,0.00,0.00,0,10978271.26,last_posted_transaction_or_prior_closing_balance,,trusted,cn_public_2022_2026_cycles_1_0,public_schedule_without_transaction_override,True,437,2025-09-30,complete
2025-09-30,0.00,0.00,0,10978271.26,last_posted_transaction_or_prior_closing_balance,,trusted,cn_public_2022_2026_cycles_1_0,public_schedule_without_transaction_override,True,438,2025-10-09,complete
2025-10-01,0.00,0.00,0,10978271.26,last_posted_transaction_or_prior_closing_balance,,trusted,cn_public_2022_2026_cycles_1_0,public_schedule_without_transaction_override,False,,,complete
2025-10-02,0.00,55916.55,1,10922354.71,last_posted_transaction_or_prior_closing_balance,synb1_txn_2d6cf9a0ddde1a0b00faf138,trusted,cn_public_2022_2026_cycles_1_0,public_schedule_without_transaction_override,False,,,complete
2025-10-03,0.00,0.00,0,10922354.71,last_posted_transaction_or_prior_closing_balance,,trusted,cn_public_2022_2026_cycles_1_0,public_schedule_without_transaction_override,False,,,complete
2025-10-04,0.00,183875.65,2,10738479.06,last_posted_transaction_or_prior_closing_balance,synb1_txn_3d3aab1f2934c24210d847bb,trusted,cn_public_2022_2026_cycles_1_0,public_schedule_without_transaction_override,False,,,complete
2025-10-05,0.00,73733.61,3,10664745.45,last_posted_transaction_or_prior_closing_balance,synb1_txn_4b7c6457d3a15a713e338f14,trusted,cn_public_2022_2026_cycles_1_0,public_schedule_without_transaction_override,False,,,complete
2025-10-06,331715.93,0.00,3,10996461.38,last_posted_transaction_or_prior_closing_balance,synb1_txn_b09720d66742c2a7a80295e1,trusted,cn_public_2022_2026_cycles_1_0,public_schedule_without_transaction_override,False,,,complete
2025-10-07,0.00,51000.00,1,10945461.38,last_posted_transaction_or_prior_closing_balance,synb1_txn_4b6825e6eb05248aa2451d0b,trusted,cn_public_2022_2026_cycles_1_0,public_schedule_without_transaction_override,False,,,complete
2025-10-08,119438.69,35620.81,2,11029279.26,last_posted_transaction_or_prior_closing_balance,synb1_txn_f15d893a2e24cf20dd4e34cb,trusted,cn_public_2022_2026_cycles_1_0,public_schedule_without_transaction_override,False,,,complete
2025-10-09,0.00,108391.00,2,10920888.26,last_posted_transaction_or_prior_closing_balance,synb1_txn_1b9a193fa94ffdcdab13fb5c,trusted,cn_public_2022_2026_cycles_1_0,public_schedule_without_transaction_override,True,439,2025-10-10,complete
2025-10-10,0.00,0.00,0,10920888.26,last_posted_transaction_or_prior_closing_balance,,trusted,cn_public_2022_2026_cycles_1_0,public_schedule_without_transaction_override,True,440,2025-10-11,complete
2025-10-11,0.00,68569.64,2,10852318.62,last_posted_transaction_or_prior_closing_balance,synb1_txn_c37a1d9a5193bb19c7205ef7,trusted,cn_public_2022_2026_cycles_1_0,public_schedule_without_transaction_override,True,441,2025-10-13,complete
2025-10-12,264830.25,57906.23,3,11059242.64,last_posted_transaction_or_prior_closing_balance,synb1_txn_cf3d1219ff0e519276548372,trusted,cn_public_2022_2026_cycles_1_0,public_schedule_without_transaction_override,False,,,complete
2025-10-13,0.00,5030.94,1,11054211.70,last_posted_transaction_or_prior_closing_balance,synb1_txn_c4ddabbd5f3d8d77d07e3cc1,trusted,cn_public_2022_2026_cycles_1_0,public_schedule_without_transaction_override,True,442,2025-10-14,complete
2025-10-14,0.00,42753.22,2,11011458.48,last_posted_transaction_or_prior_closing_balance,synb1_txn_32e9009f6554b2417a7c9e3a,trusted,cn_public_2022_2026_cycles_1_0,public_schedule_without_transaction_override,True,443,2025-10-15,complete
2025-10-15,0.00,0.00,0,11011458.48,last_posted_transaction_or_prior_closing_balance,,trusted,cn_public_2022_2026_cycles_1_0,public_schedule_without_transaction_override,True,444,2025-10-16,complete
2025-10-16,0.00,0.00,0,11011458.48,last_posted_transaction_or_prior_closing_balance,,trusted,cn_public_2022_2026_cycles_1_0,public_schedule_without_transaction_override,True,445,2025-10-17,complete
2025-10-17,0.00,0.00,0,11011458.48,last_posted_transaction_or_prior_closing_balance,,trusted,cn_public_2022_2026_cycles_1_0,public_schedule_without_transaction_override,True,446,2025-10-20,complete
2025-10-18,42411.46,0.00,1,11053869.94,last_posted_transaction_or_prior_closing_balance,synb1_txn_8f87f6c7790afde0084f2d97,trusted,cn_public_2022_2026_cycles_1_0,public_schedule_without_transaction_override,False,,,complete
2025-10-19,0.00,280811.47,2,10773058.47,last_posted_transaction_or_prior_closing_balance,synb1_txn_c160ecb24eff96728de4a2b4,trusted,cn_public_2022_2026_cycles_1_0,public_schedule_without_transaction_override,False,,,complete
2025-10-20,0.00,137564.33,3,10635494.14,last_posted_transaction_or_prior_closing_balance,synb1_txn_d799f930e69a6b250a8c75d9,trusted,cn_public_2022_2026_cycles_1_0,public_schedule_without_transaction_override,True,447,2025-10-21,complete
2025-10-21,0.00,0.00,0,10635494.14,last_posted_transaction_or_prior_closing_balance,,trusted,cn_public_2022_2026_cycles_1_0,public_schedule_without_transaction_override,True,448,2025-10-22,complete
2025-10-22,372275.90,0.00,2,11007770.04,last_posted_transaction_or_prior_closing_balance,synb1_txn_f0393aa8525ae5c76d31beba,trusted,cn_public_2022_2026_cycles_1_0,public_schedule_without_transaction_override,True,449,2025-10-23,complete
2025-10-23,0.00,0.00,0,11007770.04,last_posted_transaction_or_prior_closing_balance,,trusted,cn_public_2022_2026_cycles_1_0,public_schedule_without_transaction_override,True,450,2025-10-24,complete
2025-10-24,0.00,0.00,0,11007770.04,last_posted_transaction_or_prior_closing_balance,,trusted,cn_public_2022_2026_cycles_1_0,public_schedule_without_transaction_override,True,451,2025-10-27,complete
2025-10-25,0.00,263981.25,1,10743788.79,last_posted_transaction_or_prior_closing_balance,synb1_txn_395a07b5a1126a8b5d21bab0,trusted,cn_public_2022_2026_cycles_1_0,public_schedule_without_transaction_override,False,,,complete
2025-10-26,28566.77,0.00,1,10772355.56,last_posted_transaction_or_prior_closing_balance,synb1_txn_0b6e5a3ee8941b0c6a0373a0,trusted,cn_public_2022_2026_cycles_1_0,public_schedule_without_transaction_override,False,,,complete
2025-10-27,9375.27,3691.63,2,10778039.20,last_posted_transaction_or_prior_closing_balance,synb1_txn_25531bda5b657d27b0f17ccd,trusted,cn_public_2022_2026_cycles_1_0,public_schedule_without_transaction_override,True,452,2025-10-28,complete
2025-10-28,660385.73,0.00,1,11438424.93,last_posted_transaction_or_prior_closing_balance,synb1_txn_a099273f441073ae1a16d78d,trusted,cn_public_2022_2026_cycles_1_0,public_schedule_without_transaction_override,True,453,2025-10-29,complete
2025-10-29,0.00,0.00,0,11438424.93,last_posted_transaction_or_prior_closing_balance,,trusted,cn_public_2022_2026_cycles_1_0,public_schedule_without_transaction_override,True,454,2025-10-30,complete
2025-10-30,0.00,0.00,0,11438424.93,last_posted_transaction_or_prior_closing_balance,,trusted,cn_public_2022_2026_cycles_1_0,public_schedule_without_transaction_override,True,455,2025-10-31,complete
2025-10-31,0.00,0.00,0,11438424.93,last_posted_transaction_or_prior_closing_balance,,trusted,cn_public_2022_2026_cycles_1_0,public_schedule_without_transaction_override,True,456,2025-11-03,complete
2025-11-01,0.00,0.00,0,11438424.93,last_posted_transaction_or_prior_closing_balance,,trusted,cn_public_2022_2026_cycles_1_0,public_schedule_without_transaction_override,False,,,complete
2025-11-02,670153.18,15591.24,2,12092986.87,last_posted_transaction_or_prior_closing_balance,synb1_txn_ef9f0a4714c44a802d2aba8f,trusted,cn_public_2022_2026_cycles_1_0,public_schedule_without_transaction_override,False,,,complete
2025-11-03,0.00,39895.33,1,12053091.54,last_posted_transaction_or_prior_closing_balance,synb1_txn_751399da54ab1209d39ba7cc,trusted,cn_public_2022_2026_cycles_1_0,public_schedule_without_transaction_override,True,457,2025-11-04,complete
2025-11-04,0.00,0.00,0,12053091.54,last_posted_transaction_or_prior_closing_balance,,trusted,cn_public_2022_2026_cycles_1_0,public_schedule_without_transaction_override,True,458,2025-11-05,complete
2025-11-05,0.00,18064.28,2,12035027.26,last_posted_transaction_or_prior_closing_balance,synb1_txn_fd68b603aa42edcb311ff5c7,trusted,cn_public_2022_2026_cycles_1_0,public_schedule_without_transaction_override,True,459,2025-11-06,complete
2025-11-06,14596.15,0.00,1,12049623.41,last_posted_transaction_or_prior_closing_balance,synb1_txn_1caf7f1eccee96284d57a61c,trusted,cn_public_2022_2026_cycles_1_0,public_schedule_without_transaction_override,True,460,2025-11-07,complete
2025-11-07,0.00,51000.00,1,11998623.41,last_posted_transaction_or_prior_closing_balance,synb1_txn_1f49e28d22ae7e47d7580d16,trusted,cn_public_2022_2026_cycles_1_0,public_schedule_without_transaction_override,True,461,2025-11-10,complete
2025-11-08,0.00,420116.76,1,11578506.65,last_posted_transaction_or_prior_closing_balance,synb1_txn_c392a37a11c65c58a44b6f67,trusted,cn_public_2022_2026_cycles_1_0,public_schedule_without_transaction_override,False,,,complete
2025-11-09,0.00,0.00,0,11578506.65,last_posted_transaction_or_prior_closing_balance,,trusted,cn_public_2022_2026_cycles_1_0,public_schedule_without_transaction_override,False,,,complete
2025-11-10,0.00,0.00,0,11578506.65,last_posted_transaction_or_prior_closing_balance,,trusted,cn_public_2022_2026_cycles_1_0,public_schedule_without_transaction_override,True,462,2025-11-11,complete
2025-11-11,43755.48,0.00,1,11622262.13,last_posted_transaction_or_prior_closing_balance,synb1_txn_449d41a6ad53d12a58e60b3d,trusted,cn_public_2022_2026_cycles_1_0,public_schedule_without_transaction_override,True,463,2025-11-12,complete
2025-11-12,0.00,0.00,0,11622262.13,last_posted_transaction_or_prior_closing_balance,,trusted,cn_public_2022_2026_cycles_1_0,public_schedule_without_transaction_override,True,464,2025-11-13,complete
2025-11-13,80485.26,0.00,1,11702747.39,last_posted_transaction_or_prior_closing_balance,synb1_txn_af7d1431e234b3715181c4f0,trusted,cn_public_2022_2026_cycles_1_0,public_schedule_without_transaction_override,True,465,2025-11-14,complete
2025-11-14,0.00,0.00,0,11702747.39,last_posted_transaction_or_prior_closing_balance,,trusted,cn_public_2022_2026_cycles_1_0,public_schedule_without_transaction_override,True,466,2025-11-17,complete
2025-11-15,0.00,3650.75,1,11699096.64,last_posted_transaction_or_prior_closing_balance,synb1_txn_25eff56b1de0e2a4eae4c5f0,trusted,cn_public_2022_2026_cycles_1_0,public_schedule_without_transaction_override,False,,,complete
2025-11-16,38350.49,0.00,1,11737447.13,last_posted_transaction_or_prior_closing_balance,synb1_txn_ccfd5cf99f73a8edd61dd82a,trusted,cn_public_2022_2026_cycles_1_0,public_schedule_without_transaction_override,False,,,complete
2025-11-17,0.00,0.00,0,11737447.13,last_posted_transaction_or_prior_closing_balance,,trusted,cn_public_2022_2026_cycles_1_0,public_schedule_without_transaction_override,True,467,2025-11-18,complete
2025-11-18,443721.91,809978.20,5,11371190.84,last_posted_transaction_or_prior_closing_balance,synb1_txn_7c3412ecda8ad0adb2d779a7,trusted,cn_public_2022_2026_cycles_1_0,public_schedule_without_transaction_override,True,468,2025-11-19,complete
2025-11-19,104060.53,0.00,1,11475251.37,last_posted_transaction_or_prior_closing_balance,synb1_txn_2b01bdeccb16d2858fba55c8,trusted,cn_public_2022_2026_cycles_1_0,public_schedule_without_transaction_override,True,469,2025-11-20,complete
2025-11-20,167124.91,1254.84,2,11641121.44,last_posted_transaction_or_prior_closing_balance,synb1_txn_ad3f1bd51d466e7885c011e7,trusted,cn_public_2022_2026_cycles_1_0,public_schedule_without_transaction_override,True,470,2025-11-21,complete
2025-11-21,0.00,0.00,0,11641121.44,last_posted_transaction_or_prior_closing_balance,,trusted,cn_public_2022_2026_cycles_1_0,public_schedule_without_transaction_override,True,471,2025-11-24,complete
2025-11-22,0.00,0.00,0,11641121.44,last_posted_transaction_or_prior_closing_balance,,trusted,cn_public_2022_2026_cycles_1_0,public_schedule_without_transaction_override,False,,,complete
2025-11-23,0.00,0.00,0,11641121.44,last_posted_transaction_or_prior_closing_balance,,trusted,cn_public_2022_2026_cycles_1_0,public_schedule_without_transaction_override,False,,,complete
2025-11-24,0.00,3530.13,1,11637591.31,last_posted_transaction_or_prior_closing_balance,synb1_txn_6b74d6b08566b3a4bae6d0b6,trusted,cn_public_2022_2026_cycles_1_0,public_schedule_without_transaction_override,True,472,2025-11-25,complete
2025-11-25,0.00,0.00,0,11637591.31,last_posted_transaction_or_prior_closing_balance,,trusted,cn_public_2022_2026_cycles_1_0,public_schedule_without_transaction_override,True,473,2025-11-26,complete
2025-11-26,0.00,0.00,0,11637591.31,last_posted_transaction_or_prior_closing_balance,,trusted,cn_public_2022_2026_cycles_1_0,public_schedule_without_transaction_override,True,474,2025-11-27,complete
2025-11-27,60959.09,0.00,1,11698550.40,last_posted_transaction_or_prior_closing_balance,synb1_txn_7b1acff68bfb65bd7a1999cd,trusted,cn_public_2022_2026_cycles_1_0,public_schedule_without_transaction_override,True,475,2025-11-28,complete
2025-11-28,203793.00,0.00,1,11902343.40,last_posted_transaction_or_prior_closing_balance,synb1_txn_60a1ea7c06d138a68bcb3bcb,trusted,cn_public_2022_2026_cycles_1_0,public_schedule_without_transaction_override,True,476,2025-12-01,complete
2025-11-29,0.00,0.00,0,11902343.40,last_posted_transaction_or_prior_closing_balance,,trusted,cn_public_2022_2026_cycles_1_0,public_schedule_without_transaction_override,False,,,complete
2025-11-30,0.00,0.00,0,11902343.40,last_posted_transaction_or_prior_closing_balance,,trusted,cn_public_2022_2026_cycles_1_0,public_schedule_without_transaction_override,False,,,complete
2025-12-01,0.00,0.00,0,11902343.40,last_posted_transaction_or_prior_closing_balance,,trusted,cn_public_2022_2026_cycles_1_0,public_schedule_without_transaction_override,True,477,2025-12-02,complete
2025-12-02,0.00,0.00,0,11902343.40,last_posted_transaction_or_prior_closing_balance,,trusted,cn_public_2022_2026_cycles_1_0,public_schedule_without_transaction_override,True,478,2025-12-03,complete
2025-12-03,0.00,51324.99,2,11851018.41,last_posted_transaction_or_prior_closing_balance,synb1_txn_07faf86483d07dc27fe1b726,trusted,cn_public_2022_2026_cycles_1_0,public_schedule_without_transaction_override,True,479,2025-12-04,complete
2025-12-04,51739.73,0.00,1,11902758.14,last_posted_transaction_or_prior_closing_balance,synb1_txn_ee7b17794e0ce1b2c60c2cc9,trusted,cn_public_2022_2026_cycles_1_0,public_schedule_without_transaction_override,True,480,2025-12-05,complete
2025-12-05,0.00,16000.00,1,11886758.14,last_posted_transaction_or_prior_closing_balance,synb1_txn_4113934b0ff6fc94b5ed88a8,trusted,cn_public_2022_2026_cycles_1_0,public_schedule_without_transaction_override,True,481,2025-12-08,complete
2025-12-06,0.00,44993.32,1,11841764.82,last_posted_transaction_or_prior_closing_balance,synb1_txn_960a2156d8c3a90133878156,trusted,cn_public_2022_2026_cycles_1_0,public_schedule_without_transaction_override,False,,,complete
2025-12-07,0.00,51000.00,1,11790764.82,last_posted_transaction_or_prior_closing_balance,synb1_txn_61746a35560e4a0820f53932,trusted,cn_public_2022_2026_cycles_1_0,public_schedule_without_transaction_override,False,,,complete
2025-12-08,33818.17,0.00,1,11824582.99,last_posted_transaction_or_prior_closing_balance,synb1_txn_0801e0202729ded97342978a,trusted,cn_public_2022_2026_cycles_1_0,public_schedule_without_transaction_override,True,482,2025-12-09,complete
2025-12-09,0.00,271678.03,3,11552904.96,last_posted_transaction_or_prior_closing_balance,synb1_txn_62ecbabd29fed1bf78b60e42,trusted,cn_public_2022_2026_cycles_1_0,public_schedule_without_transaction_override,True,483,2025-12-10,complete
2025-12-10,5677.57,474108.80,3,11084473.73,last_posted_transaction_or_prior_closing_balance,synb1_txn_599ccb07a53edf8b343fe353,trusted,cn_public_2022_2026_cycles_1_0,public_schedule_without_transaction_override,True,484,2025-12-11,complete
2025-12-11,0.00,127830.62,1,10956643.11,last_posted_transaction_or_prior_closing_balance,synb1_txn_e7a901d4489223de5394fe4e,trusted,cn_public_2022_2026_cycles_1_0,public_schedule_without_transaction_override,True,485,2025-12-12,complete
2025-12-12,0.00,0.00,0,10956643.11,last_posted_transaction_or_prior_closing_balance,,trusted,cn_public_2022_2026_cycles_1_0,public_schedule_without_transaction_override,True,486,2025-12-15,complete
2025-12-13,0.00,137297.67,2,10819345.44,last_posted_transaction_or_prior_closing_balance,synb1_txn_b5f9b79f96871395ab1a796a,trusted,cn_public_2022_2026_cycles_1_0,public_schedule_without_transaction_override,False,,,complete
2025-12-14,0.00,41896.11,1,10777449.33,last_posted_transaction_or_prior_closing_balance,synb1_txn_93d7cf345680bdaa116cd925,trusted,cn_public_2022_2026_cycles_1_0,public_schedule_without_transaction_override,False,,,complete
2025-12-15,0.00,0.00,0,10777449.33,last_posted_transaction_or_prior_closing_balance,,trusted,cn_public_2022_2026_cycles_1_0,public_schedule_without_transaction_override,True,487,2025-12-16,complete
2025-12-16,39537.95,0.00,1,10816987.28,last_posted_transaction_or_prior_closing_balance,synb1_txn_ce767d8a6012d50c6ff9c633,trusted,cn_public_2022_2026_cycles_1_0,public_schedule_without_transaction_override,True,488,2025-12-17,complete
2025-12-17,12386.35,0.00,1,10829373.63,last_posted_transaction_or_prior_closing_balance,synb1_txn_3b4a561432ef50b104e48d67,trusted,cn_public_2022_2026_cycles_1_0,public_schedule_without_transaction_override,True,489,2025-12-18,complete
2025-12-18,1308862.44,135905.13,5,12002330.94,last_posted_transaction_or_prior_closing_balance,synb1_txn_c54fe11abe5ff0d7a6165210,trusted,cn_public_2022_2026_cycles_1_0,public_schedule_without_transaction_override,True,490,2025-12-19,complete
2025-12-19,105413.87,0.00,2,12107744.81,last_posted_transaction_or_prior_closing_balance,synb1_txn_69d4ee3b272e5ac9968ec588,trusted,cn_public_2022_2026_cycles_1_0,public_schedule_without_transaction_override,True,491,2025-12-22,complete
2025-12-20,0.00,0.00,0,12107744.81,last_posted_transaction_or_prior_closing_balance,,trusted,cn_public_2022_2026_cycles_1_0,public_schedule_without_transaction_override,False,,,complete
2025-12-21,0.00,0.00,0,12107744.81,last_posted_transaction_or_prior_closing_balance,,trusted,cn_public_2022_2026_cycles_1_0,public_schedule_without_transaction_override,False,,,complete
2025-12-22,0.00,0.00,0,12107744.81,last_posted_transaction_or_prior_closing_balance,,trusted,cn_public_2022_2026_cycles_1_0,public_schedule_without_transaction_override,True,492,2025-12-23,complete
2025-12-23,0.00,61142.46,2,12046602.35,last_posted_transaction_or_prior_closing_balance,synb1_txn_60cccab9ed4268fb0275c7d2,trusted,cn_public_2022_2026_cycles_1_0,public_schedule_without_transaction_override,True,493,2025-12-24,complete
2025-12-24,284255.62,0.00,1,12330857.97,last_posted_transaction_or_prior_closing_balance,synb1_txn_50b5287da27a63d30a337772,trusted,cn_public_2022_2026_cycles_1_0,public_schedule_without_transaction_override,True,494,2025-12-25,complete
2025-12-25,0.00,0.00,0,12330857.97,last_posted_transaction_or_prior_closing_balance,,trusted,cn_public_2022_2026_cycles_1_0,public_schedule_without_transaction_override,True,495,2025-12-26,complete
2025-12-26,72308.30,0.00,1,12403166.27,last_posted_transaction_or_prior_closing_balance,synb1_txn_77934f2866da5635e520562d,trusted,cn_public_2022_2026_cycles_1_0,public_schedule_without_transaction_override,True,496,2025-12-29,complete
2025-12-27,0.00,0.00,0,12403166.27,last_posted_transaction_or_prior_closing_balance,,trusted,cn_public_2022_2026_cycles_1_0,public_schedule_without_transaction_override,False,,,complete
2025-12-28,0.00,0.00,0,12403166.27,last_posted_transaction_or_prior_closing_balance,,trusted,cn_public_2022_2026_cycles_1_0,public_schedule_without_transaction_override,False,,,complete
2025-12-29,0.00,0.00,0,12403166.27,last_posted_transaction_or_prior_closing_balance,,trusted,cn_public_2022_2026_cycles_1_0,public_schedule_without_transaction_override,True,497,2025-12-30,complete
2025-12-30,0.00,0.00,0,12403166.27,last_posted_transaction_or_prior_closing_balance,,trusted,cn_public_2022_2026_cycles_1_0,public_schedule_without_transaction_override,True,498,2025-12-31,complete
2025-12-31,0.00,0.00,0,12403166.27,last_posted_transaction_or_prior_closing_balance,,trusted,cn_public_2022_2026_cycles_1_0,public_schedule_without_transaction_override,True,499,2026-01-04,complete
