calendar_date,inflow_cny,outflow_cny,transaction_count,ending_balance_cny,day_cut_basis,source_last_transaction_id,reconciliation_status,calendar_source,calendar_inference_status,is_bank_workday,business_step,target_date,execution_status
2025-01-01,851485.08,5457.33,3,846027.75,last_posted_transaction_or_prior_closing_balance,synb1_txn_2ce6535de85f352163b97e2b,trusted,historical_transaction_override,historical_transaction_override,True,1,2025-01-02,complete
2025-01-02,0.00,0.00,0,846027.75,last_posted_transaction_or_prior_closing_balance,,trusted,weekday_rule,base_calendar,True,2,2025-01-03,complete
2025-01-03,0.00,0.00,0,846027.75,last_posted_transaction_or_prior_closing_balance,,trusted,weekday_rule,base_calendar,True,3,2025-01-04,complete
2025-01-04,0.00,1335.48,1,844692.27,last_posted_transaction_or_prior_closing_balance,synb1_txn_2f772216921159011ca5bb39,trusted,historical_transaction_override,historical_transaction_override,True,4,2025-01-06,complete
2025-01-05,0.00,0.00,0,844692.27,last_posted_transaction_or_prior_closing_balance,,trusted,weekday_rule,base_calendar,False,,,complete
2025-01-06,0.00,0.00,0,844692.27,last_posted_transaction_or_prior_closing_balance,,trusted,weekday_rule,base_calendar,True,5,2025-01-07,complete
2025-01-07,0.00,0.00,0,844692.27,last_posted_transaction_or_prior_closing_balance,,trusted,weekday_rule,base_calendar,True,6,2025-01-08,complete
2025-01-08,0.00,0.00,0,844692.27,last_posted_transaction_or_prior_closing_balance,,trusted,weekday_rule,base_calendar,True,7,2025-01-09,complete
2025-01-09,0.00,0.00,0,844692.27,last_posted_transaction_or_prior_closing_balance,,trusted,weekday_rule,base_calendar,True,8,2025-01-10,complete
2025-01-10,0.00,1473.89,1,843218.38,last_posted_transaction_or_prior_closing_balance,synb1_txn_64afd9cce45a002cf2abec17,trusted,weekday_rule,base_calendar,True,9,2025-01-13,complete
2025-01-11,0.00,0.00,0,843218.38,last_posted_transaction_or_prior_closing_balance,,trusted,weekday_rule,base_calendar,False,,,complete
2025-01-12,0.00,0.00,0,843218.38,last_posted_transaction_or_prior_closing_balance,,trusted,weekday_rule,base_calendar,False,,,complete
2025-01-13,0.00,0.00,0,843218.38,last_posted_transaction_or_prior_closing_balance,,trusted,weekday_rule,base_calendar,True,10,2025-01-14,complete
2025-01-14,0.00,4939.06,1,838279.32,last_posted_transaction_or_prior_closing_balance,synb1_txn_0deb796bfe8461765e259757,trusted,weekday_rule,base_calendar,True,11,2025-01-15,complete
2025-01-15,0.00,4293.52,1,833985.80,last_posted_transaction_or_prior_closing_balance,synb1_txn_48efbb9cb485e03fd576e8ff,trusted,weekday_rule,base_calendar,True,12,2025-01-16,complete
2025-01-16,0.00,0.00,0,833985.80,last_posted_transaction_or_prior_closing_balance,,trusted,weekday_rule,base_calendar,True,13,2025-01-17,complete
2025-01-17,0.00,0.00,0,833985.80,last_posted_transaction_or_prior_closing_balance,,trusted,weekday_rule,base_calendar,True,14,2025-01-20,complete
2025-01-18,0.00,0.00,0,833985.80,last_posted_transaction_or_prior_closing_balance,,trusted,weekday_rule,base_calendar,False,,,complete
2025-01-19,0.00,0.00,0,833985.80,last_posted_transaction_or_prior_closing_balance,,trusted,weekday_rule,base_calendar,False,,,complete
2025-01-20,0.00,0.00,0,833985.80,last_posted_transaction_or_prior_closing_balance,,trusted,weekday_rule,base_calendar,True,15,2025-01-21,complete
2025-01-21,0.00,0.00,0,833985.80,last_posted_transaction_or_prior_closing_balance,,trusted,weekday_rule,base_calendar,True,16,2025-01-22,complete
2025-01-22,0.00,0.00,0,833985.80,last_posted_transaction_or_prior_closing_balance,,trusted,weekday_rule,base_calendar,True,17,2025-01-23,complete
2025-01-23,0.00,0.00,0,833985.80,last_posted_transaction_or_prior_closing_balance,,trusted,weekday_rule,base_calendar,True,18,2025-01-24,complete
2025-01-24,0.00,0.00,0,833985.80,last_posted_transaction_or_prior_closing_balance,,trusted,weekday_rule,base_calendar,True,19,2025-01-25,complete
2025-01-25,0.00,1347.53,1,832638.27,last_posted_transaction_or_prior_closing_balance,synb1_txn_36a1bceca594974024ea73be,trusted,historical_transaction_override,historical_transaction_override,True,20,2025-01-26,complete
2025-01-26,0.00,0.00,0,832638.27,last_posted_transaction_or_prior_closing_balance,,trusted,gov_cn_2025_holiday_schedule_v1,base_calendar,True,21,2025-01-27,complete
2025-01-27,0.00,4094.01,1,828544.26,last_posted_transaction_or_prior_closing_balance,synb1_txn_4171223f26c33c917b0f23c8,trusted,weekday_rule,base_calendar,True,22,2025-02-02,complete
2025-01-28,0.00,0.00,0,828544.26,last_posted_transaction_or_prior_closing_balance,,trusted,gov_cn_2025_holiday_schedule_v1,base_calendar,False,,,complete
2025-01-29,0.00,0.00,0,828544.26,last_posted_transaction_or_prior_closing_balance,,trusted,gov_cn_2025_holiday_schedule_v1,base_calendar,False,,,complete
2025-01-30,0.00,0.00,0,828544.26,last_posted_transaction_or_prior_closing_balance,,trusted,gov_cn_2025_holiday_schedule_v1,base_calendar,False,,,complete
2025-01-31,0.00,0.00,0,828544.26,last_posted_transaction_or_prior_closing_balance,,trusted,gov_cn_2025_holiday_schedule_v1,base_calendar,False,,,complete
2025-02-01,0.00,0.00,0,828544.26,last_posted_transaction_or_prior_closing_balance,,trusted,gov_cn_2025_holiday_schedule_v1,base_calendar,False,,,complete
2025-02-02,0.00,1202.67,1,827341.59,last_posted_transaction_or_prior_closing_balance,synb1_txn_0492073a83c43a233173a18b,trusted,historical_transaction_override,historical_transaction_override,True,23,2025-02-03,complete
2025-02-03,0.00,4079.36,1,823262.23,last_posted_transaction_or_prior_closing_balance,synb1_txn_447f8f358d886b7fb185402c,trusted,historical_transaction_override,historical_transaction_override,True,24,2025-02-04,complete
2025-02-04,0.00,1621.37,1,821640.86,last_posted_transaction_or_prior_closing_balance,synb1_txn_292a53b55dde983c89bb4d4e,trusted,historical_transaction_override,historical_transaction_override,True,25,2025-02-05,complete
2025-02-05,0.00,0.00,0,821640.86,last_posted_transaction_or_prior_closing_balance,,trusted,weekday_rule,base_calendar,True,26,2025-02-06,complete
2025-02-06,0.00,0.00,0,821640.86,last_posted_transaction_or_prior_closing_balance,,trusted,weekday_rule,base_calendar,True,27,2025-02-07,complete
2025-02-07,0.00,0.00,0,821640.86,last_posted_transaction_or_prior_closing_balance,,trusted,weekday_rule,base_calendar,True,28,2025-02-08,complete
2025-02-08,0.00,0.00,0,821640.86,last_posted_transaction_or_prior_closing_balance,,trusted,gov_cn_2025_holiday_schedule_v1,base_calendar,True,29,2025-02-10,complete
2025-02-09,0.00,0.00,0,821640.86,last_posted_transaction_or_prior_closing_balance,,trusted,weekday_rule,base_calendar,False,,,complete
2025-02-10,0.00,0.00,0,821640.86,last_posted_transaction_or_prior_closing_balance,,trusted,weekday_rule,base_calendar,True,30,2025-02-11,complete
2025-02-11,0.00,0.00,0,821640.86,last_posted_transaction_or_prior_closing_balance,,trusted,weekday_rule,base_calendar,True,31,2025-02-12,complete
2025-02-12,0.00,0.00,0,821640.86,last_posted_transaction_or_prior_closing_balance,,trusted,weekday_rule,base_calendar,True,32,2025-02-13,complete
2025-02-13,0.00,0.00,0,821640.86,last_posted_transaction_or_prior_closing_balance,,trusted,weekday_rule,base_calendar,True,33,2025-02-14,complete
2025-02-14,0.00,4083.74,1,817557.12,last_posted_transaction_or_prior_closing_balance,synb1_txn_684dfdc8e054e9beed3d23ce,trusted,weekday_rule,base_calendar,True,34,2025-02-15,complete
2025-02-15,0.00,5196.93,1,812360.19,last_posted_transaction_or_prior_closing_balance,synb1_txn_15aa0d987722620fdeef0905,trusted,historical_transaction_override,historical_transaction_override,True,35,2025-02-17,complete
2025-02-16,0.00,0.00,0,812360.19,last_posted_transaction_or_prior_closing_balance,,trusted,weekday_rule,base_calendar,False,,,complete
2025-02-17,0.00,0.00,0,812360.19,last_posted_transaction_or_prior_closing_balance,,trusted,weekday_rule,base_calendar,True,36,2025-02-18,complete
2025-02-18,0.00,0.00,0,812360.19,last_posted_transaction_or_prior_closing_balance,,trusted,weekday_rule,base_calendar,True,37,2025-02-19,complete
2025-02-19,0.00,0.00,0,812360.19,last_posted_transaction_or_prior_closing_balance,,trusted,weekday_rule,base_calendar,True,38,2025-02-20,complete
2025-02-20,0.00,1519.39,1,810840.80,last_posted_transaction_or_prior_closing_balance,synb1_txn_2a774f7160b7cc90c7cb8172,trusted,weekday_rule,base_calendar,True,39,2025-02-21,complete
2025-02-21,0.00,0.00,0,810840.80,last_posted_transaction_or_prior_closing_balance,,trusted,weekday_rule,base_calendar,True,40,2025-02-23,complete
2025-02-22,0.00,0.00,0,810840.80,last_posted_transaction_or_prior_closing_balance,,trusted,weekday_rule,base_calendar,False,,,complete
2025-02-23,0.00,4072.79,1,806768.01,last_posted_transaction_or_prior_closing_balance,synb1_txn_623f5cbc76ae0cf1389b3245,trusted,historical_transaction_override,historical_transaction_override,True,41,2025-02-24,complete
2025-02-24,0.00,1164.57,1,805603.44,last_posted_transaction_or_prior_closing_balance,synb1_txn_b5d66b7aaa7928bde9f32e2d,trusted,weekday_rule,base_calendar,True,42,2025-02-25,complete
2025-02-25,0.00,0.00,0,805603.44,last_posted_transaction_or_prior_closing_balance,,trusted,weekday_rule,base_calendar,True,43,2025-02-26,complete
2025-02-26,0.00,0.00,0,805603.44,last_posted_transaction_or_prior_closing_balance,,trusted,weekday_rule,base_calendar,True,44,2025-02-27,complete
2025-02-27,0.00,0.00,0,805603.44,last_posted_transaction_or_prior_closing_balance,,trusted,weekday_rule,base_calendar,True,45,2025-02-28,complete
2025-02-28,0.00,11236.32,3,794367.12,last_posted_transaction_or_prior_closing_balance,synb1_txn_f71920a78f81d966cc0ad915,trusted,weekday_rule,base_calendar,True,46,2025-03-03,complete
2025-03-01,0.00,0.00,0,794367.12,last_posted_transaction_or_prior_closing_balance,,trusted,weekday_rule,base_calendar,False,,,complete
2025-03-02,0.00,0.00,0,794367.12,last_posted_transaction_or_prior_closing_balance,,trusted,weekday_rule,base_calendar,False,,,complete
2025-03-03,0.00,0.00,0,794367.12,last_posted_transaction_or_prior_closing_balance,,trusted,weekday_rule,base_calendar,True,47,2025-03-04,complete
2025-03-04,30894.61,0.00,1,825261.73,last_posted_transaction_or_prior_closing_balance,synb1_txn_bd3d60ba06a475783d4cb435,trusted,weekday_rule,base_calendar,True,48,2025-03-05,complete
2025-03-05,0.00,3984.94,1,821276.79,last_posted_transaction_or_prior_closing_balance,synb1_txn_ff1d0ddcc2e94293fb417ff0,trusted,weekday_rule,base_calendar,True,49,2025-03-06,complete
2025-03-06,0.00,3733.24,1,817543.55,last_posted_transaction_or_prior_closing_balance,synb1_txn_802a119b05e2abd3b3033481,trusted,weekday_rule,base_calendar,True,50,2025-03-07,complete
2025-03-07,0.00,0.00,0,817543.55,last_posted_transaction_or_prior_closing_balance,,trusted,weekday_rule,base_calendar,True,51,2025-03-08,complete
2025-03-08,0.00,1300.49,1,816243.06,last_posted_transaction_or_prior_closing_balance,synb1_txn_06b5c8cefb6d1a2de13248cc,trusted,historical_transaction_override,historical_transaction_override,True,52,2025-03-09,complete
2025-03-09,44351.39,5144.29,2,855450.16,last_posted_transaction_or_prior_closing_balance,synb1_txn_77542217461e2b086cef42b2,trusted,historical_transaction_override,historical_transaction_override,True,53,2025-03-10,complete
2025-03-10,0.00,0.00,0,855450.16,last_posted_transaction_or_prior_closing_balance,,trusted,weekday_rule,base_calendar,True,54,2025-03-11,complete
2025-03-11,0.00,143669.23,2,711780.93,last_posted_transaction_or_prior_closing_balance,synb1_txn_58317f2fd81e4b37e84f60d7,trusted,weekday_rule,base_calendar,True,55,2025-03-12,complete
2025-03-12,0.00,0.00,0,711780.93,last_posted_transaction_or_prior_closing_balance,,trusted,weekday_rule,base_calendar,True,56,2025-03-13,complete
2025-03-13,0.00,0.00,0,711780.93,last_posted_transaction_or_prior_closing_balance,,trusted,weekday_rule,base_calendar,True,57,2025-03-14,complete
2025-03-14,0.00,0.00,0,711780.93,last_posted_transaction_or_prior_closing_balance,,trusted,weekday_rule,base_calendar,True,58,2025-03-15,complete
2025-03-15,32066.41,0.00,1,743847.34,last_posted_transaction_or_prior_closing_balance,synb1_txn_a184f19d5ba266e070d0bc13,trusted,historical_transaction_override,historical_transaction_override,True,59,2025-03-16,complete
2025-03-16,30387.59,176281.65,3,597953.28,last_posted_transaction_or_prior_closing_balance,synb1_txn_7dc6a406f3185f1933a953e5,trusted,historical_transaction_override,historical_transaction_override,True,60,2025-03-17,complete
2025-03-17,0.00,0.00,0,597953.28,last_posted_transaction_or_prior_closing_balance,,trusted,weekday_rule,base_calendar,True,61,2025-03-18,complete
2025-03-18,0.00,0.00,0,597953.28,last_posted_transaction_or_prior_closing_balance,,trusted,weekday_rule,base_calendar,True,62,2025-03-19,complete
2025-03-19,0.00,0.00,0,597953.28,last_posted_transaction_or_prior_closing_balance,,trusted,weekday_rule,base_calendar,True,63,2025-03-20,complete
2025-03-20,0.00,150282.49,1,447670.79,last_posted_transaction_or_prior_closing_balance,synb1_txn_49afa3747097f556c991d6d9,trusted,weekday_rule,base_calendar,True,64,2025-03-21,complete
2025-03-21,0.00,1389.24,1,446281.55,last_posted_transaction_or_prior_closing_balance,synb1_txn_9ebe7f1d40eee84e013f0e76,trusted,weekday_rule,base_calendar,True,65,2025-03-24,complete
2025-03-22,0.00,0.00,0,446281.55,last_posted_transaction_or_prior_closing_balance,,trusted,weekday_rule,base_calendar,False,,,complete
2025-03-23,0.00,0.00,0,446281.55,last_posted_transaction_or_prior_closing_balance,,trusted,weekday_rule,base_calendar,False,,,complete
2025-03-24,0.00,0.00,0,446281.55,last_posted_transaction_or_prior_closing_balance,,trusted,weekday_rule,base_calendar,True,66,2025-03-25,complete
2025-03-25,0.00,0.00,0,446281.55,last_posted_transaction_or_prior_closing_balance,,trusted,weekday_rule,base_calendar,True,67,2025-03-26,complete
2025-03-26,0.00,0.00,0,446281.55,last_posted_transaction_or_prior_closing_balance,,trusted,weekday_rule,base_calendar,True,68,2025-03-27,complete
2025-03-27,0.00,0.00,0,446281.55,last_posted_transaction_or_prior_closing_balance,,trusted,weekday_rule,base_calendar,True,69,2025-03-28,complete
2025-03-28,0.00,15411.05,4,430870.50,last_posted_transaction_or_prior_closing_balance,synb1_txn_9220fe7aaf538301af388794,trusted,weekday_rule,base_calendar,True,70,2025-03-30,complete
2025-03-29,0.00,0.00,0,430870.50,last_posted_transaction_or_prior_closing_balance,,trusted,weekday_rule,base_calendar,False,,,complete
2025-03-30,0.00,152469.01,1,278401.49,last_posted_transaction_or_prior_closing_balance,synb1_txn_ea717018eda775a465630c1e,trusted,historical_transaction_override,historical_transaction_override,True,71,2025-03-31,complete
2025-03-31,0.00,0.00,0,278401.49,last_posted_transaction_or_prior_closing_balance,,trusted,weekday_rule,base_calendar,True,72,2025-04-01,complete
2025-04-01,0.00,0.00,0,278401.49,last_posted_transaction_or_prior_closing_balance,,trusted,weekday_rule,base_calendar,True,73,2025-04-02,complete
2025-04-02,0.00,3895.25,1,274506.24,last_posted_transaction_or_prior_closing_balance,synb1_txn_bd8788a4b6e6783b88df8e69,trusted,weekday_rule,base_calendar,True,74,2025-04-03,complete
2025-04-03,0.00,3952.32,1,270553.92,last_posted_transaction_or_prior_closing_balance,synb1_txn_8769aa4eb3235abec4acdf3c,trusted,weekday_rule,base_calendar,True,75,2025-04-05,complete
2025-04-04,0.00,0.00,0,270553.92,last_posted_transaction_or_prior_closing_balance,,trusted,gov_cn_2025_holiday_schedule_v1,base_calendar,False,,,complete
2025-04-05,66978.74,0.00,1,337532.66,last_posted_transaction_or_prior_closing_balance,synb1_txn_dc9ffe3daf6fe32defc9c7e6,trusted,historical_transaction_override,historical_transaction_override,True,76,2025-04-07,complete
2025-04-06,0.00,0.00,0,337532.66,last_posted_transaction_or_prior_closing_balance,,trusted,gov_cn_2025_holiday_schedule_v1,base_calendar,False,,,complete
2025-04-07,0.00,2931.75,2,334600.91,last_posted_transaction_or_prior_closing_balance,synb1_txn_88a8510c61e1230b3d871683,trusted,weekday_rule,base_calendar,True,77,2025-04-08,complete
2025-04-08,0.00,0.00,0,334600.91,last_posted_transaction_or_prior_closing_balance,,trusted,weekday_rule,base_calendar,True,78,2025-04-09,complete
2025-04-09,58673.77,0.00,1,393274.68,last_posted_transaction_or_prior_closing_balance,synb1_txn_8049b41375ad7711ede5fe85,trusted,weekday_rule,base_calendar,True,79,2025-04-10,complete
2025-04-10,0.00,0.00,0,393274.68,last_posted_transaction_or_prior_closing_balance,,trusted,weekday_rule,base_calendar,True,80,2025-04-11,complete
2025-04-11,0.00,0.00,0,393274.68,last_posted_transaction_or_prior_closing_balance,,trusted,weekday_rule,base_calendar,True,81,2025-04-12,complete
2025-04-12,0.00,70665.06,1,322609.62,last_posted_transaction_or_prior_closing_balance,synb1_txn_322d598841fdbfa60ab8a0ab,trusted,historical_transaction_override,historical_transaction_override,True,82,2025-04-14,complete
2025-04-13,0.00,0.00,0,322609.62,last_posted_transaction_or_prior_closing_balance,,trusted,weekday_rule,base_calendar,False,,,complete
2025-04-14,0.00,0.00,0,322609.62,last_posted_transaction_or_prior_closing_balance,,trusted,weekday_rule,base_calendar,True,83,2025-04-15,complete
2025-04-15,0.00,0.00,0,322609.62,last_posted_transaction_or_prior_closing_balance,,trusted,weekday_rule,base_calendar,True,84,2025-04-16,complete
2025-04-16,0.00,4549.49,1,318060.13,last_posted_transaction_or_prior_closing_balance,synb1_txn_db1eb115e59a14808d21f85c,trusted,weekday_rule,base_calendar,True,85,2025-04-17,complete
2025-04-17,0.00,0.00,0,318060.13,last_posted_transaction_or_prior_closing_balance,,trusted,weekday_rule,base_calendar,True,86,2025-04-18,complete
2025-04-18,0.00,0.00,0,318060.13,last_posted_transaction_or_prior_closing_balance,,trusted,weekday_rule,base_calendar,True,87,2025-04-21,complete
2025-04-19,0.00,0.00,0,318060.13,last_posted_transaction_or_prior_closing_balance,,trusted,weekday_rule,base_calendar,False,,,complete
2025-04-20,0.00,0.00,0,318060.13,last_posted_transaction_or_prior_closing_balance,,trusted,weekday_rule,base_calendar,False,,,complete
2025-04-21,0.00,1317.67,1,316742.46,last_posted_transaction_or_prior_closing_balance,synb1_txn_111712e118010fc799f0a3cf,trusted,weekday_rule,base_calendar,True,88,2025-04-22,complete
2025-04-22,82510.66,5035.76,2,394217.36,last_posted_transaction_or_prior_closing_balance,synb1_txn_0e984e1271933c45184e462f,trusted,weekday_rule,base_calendar,True,89,2025-04-23,complete
2025-04-23,0.00,0.00,0,394217.36,last_posted_transaction_or_prior_closing_balance,,trusted,weekday_rule,base_calendar,True,90,2025-04-24,complete
2025-04-24,0.00,49607.41,2,344609.95,last_posted_transaction_or_prior_closing_balance,synb1_txn_935dd6d653bedc1db50d3da6,trusted,weekday_rule,base_calendar,True,91,2025-04-25,complete
2025-04-25,0.00,50082.36,1,294527.59,last_posted_transaction_or_prior_closing_balance,synb1_txn_701ab5cd2a500be103011bd6,trusted,weekday_rule,base_calendar,True,92,2025-04-26,complete
2025-04-26,0.00,53246.66,1,241280.93,last_posted_transaction_or_prior_closing_balance,synb1_txn_6a6e08bb8af5410c622d96ca,trusted,historical_transaction_override,historical_transaction_override,True,93,2025-04-27,complete
2025-04-27,0.00,0.00,0,241280.93,last_posted_transaction_or_prior_closing_balance,,trusted,gov_cn_2025_holiday_schedule_v1,base_calendar,True,94,2025-04-28,complete
2025-04-28,0.00,10445.09,3,230835.84,last_posted_transaction_or_prior_closing_balance,synb1_txn_10c3443f3ef8400ba8b5f784,trusted,weekday_rule,base_calendar,True,95,2025-04-29,complete
2025-04-29,0.00,0.00,0,230835.84,last_posted_transaction_or_prior_closing_balance,,trusted,weekday_rule,base_calendar,True,96,2025-04-30,complete
2025-04-30,63794.33,0.00,1,294630.17,last_posted_transaction_or_prior_closing_balance,synb1_txn_c356f7ce8d1462d172c79bce,trusted,weekday_rule,base_calendar,True,97,2025-05-01,complete
2025-05-01,0.00,73864.03,2,220766.14,last_posted_transaction_or_prior_closing_balance,synb1_txn_cae1593547af579e84d8f876,trusted,historical_transaction_override,historical_transaction_override,True,98,2025-05-05,complete
2025-05-02,0.00,0.00,0,220766.14,last_posted_transaction_or_prior_closing_balance,,trusted,gov_cn_2025_holiday_schedule_v1,base_calendar,False,,,complete
2025-05-03,0.00,0.00,0,220766.14,last_posted_transaction_or_prior_closing_balance,,trusted,gov_cn_2025_holiday_schedule_v1,base_calendar,False,,,complete
2025-05-04,0.00,0.00,0,220766.14,last_posted_transaction_or_prior_closing_balance,,trusted,gov_cn_2025_holiday_schedule_v1,base_calendar,False,,,complete
2025-05-05,0.00,97975.81,3,122790.33,last_posted_transaction_or_prior_closing_balance,synb1_txn_3b9009ae98169877f76e1e06,trusted,historical_transaction_override,historical_transaction_override,True,99,2025-05-06,complete
2025-05-06,0.00,0.00,0,122790.33,last_posted_transaction_or_prior_closing_balance,,trusted,weekday_rule,base_calendar,True,100,2025-05-07,complete
2025-05-07,0.00,0.00,0,122790.33,last_posted_transaction_or_prior_closing_balance,,trusted,weekday_rule,base_calendar,True,101,2025-05-08,complete
2025-05-08,0.00,0.00,0,122790.33,last_posted_transaction_or_prior_closing_balance,,trusted,weekday_rule,base_calendar,True,102,2025-05-09,complete
2025-05-09,0.00,1510.14,1,121280.19,last_posted_transaction_or_prior_closing_balance,synb1_txn_9553d003d2df7af5d2e7a584,trusted,weekday_rule,base_calendar,True,103,2025-05-12,complete
2025-05-10,0.00,0.00,0,121280.19,last_posted_transaction_or_prior_closing_balance,,trusted,weekday_rule,base_calendar,False,,,complete
2025-05-11,0.00,0.00,0,121280.19,last_posted_transaction_or_prior_closing_balance,,trusted,weekday_rule,base_calendar,False,,,complete
2025-05-12,0.00,0.00,0,121280.19,last_posted_transaction_or_prior_closing_balance,,trusted,weekday_rule,base_calendar,True,104,2025-05-13,complete
2025-05-13,0.00,0.00,0,121280.19,last_posted_transaction_or_prior_closing_balance,,trusted,weekday_rule,base_calendar,True,105,2025-05-14,complete
2025-05-14,0.00,0.00,0,121280.19,last_posted_transaction_or_prior_closing_balance,,trusted,weekday_rule,base_calendar,True,106,2025-05-15,complete
2025-05-15,0.00,4639.39,1,116640.80,last_posted_transaction_or_prior_closing_balance,synb1_txn_31d2efdda07cb00989b06384,trusted,weekday_rule,base_calendar,True,107,2025-05-16,complete
2025-05-16,0.00,98344.45,1,18296.35,last_posted_transaction_or_prior_closing_balance,synb1_txn_96b22bc3f0cd5da42511e324,trusted,weekday_rule,base_calendar,True,108,2025-05-17,complete
2025-05-17,0.00,4526.35,1,13770.00,last_posted_transaction_or_prior_closing_balance,synb1_txn_b08e1c431e1e40b22c3dd7ef,trusted,historical_transaction_override,historical_transaction_override,True,109,2025-05-18,complete
2025-05-18,68728.04,0.00,1,82498.04,last_posted_transaction_or_prior_closing_balance,synb1_txn_ce9e60a1976a92b275decaa0,trusted,historical_transaction_override,historical_transaction_override,True,110,2025-05-19,complete
2025-05-19,0.00,0.00,0,82498.04,last_posted_transaction_or_prior_closing_balance,,trusted,weekday_rule,base_calendar,True,111,2025-05-20,complete
2025-05-20,62317.64,0.00,1,144815.68,last_posted_transaction_or_prior_closing_balance,synb1_txn_2a66066fee3f5fc869e257eb,trusted,weekday_rule,base_calendar,True,112,2025-05-21,complete
2025-05-21,0.00,0.00,0,144815.68,last_posted_transaction_or_prior_closing_balance,,trusted,weekday_rule,base_calendar,True,113,2025-05-22,complete
2025-05-22,0.00,0.00,0,144815.68,last_posted_transaction_or_prior_closing_balance,,trusted,weekday_rule,base_calendar,True,114,2025-05-23,complete
2025-05-23,0.00,0.00,0,144815.68,last_posted_transaction_or_prior_closing_balance,,trusted,weekday_rule,base_calendar,True,115,2025-05-24,complete
2025-05-24,67614.00,0.00,1,212429.68,last_posted_transaction_or_prior_closing_balance,synb1_txn_1673f822e49f985634194762,trusted,historical_transaction_override,historical_transaction_override,True,116,2025-05-25,complete
2025-05-25,0.00,67929.91,1,144499.77,last_posted_transaction_or_prior_closing_balance,synb1_txn_51ebca52bcac7f504f353849,trusted,historical_transaction_override,historical_transaction_override,True,117,2025-05-26,complete
2025-05-26,66412.82,0.00,1,210912.59,last_posted_transaction_or_prior_closing_balance,synb1_txn_c35261307e4a1e04acb817ff,trusted,weekday_rule,base_calendar,True,118,2025-05-27,complete
2025-05-27,0.00,4549.40,1,206363.19,last_posted_transaction_or_prior_closing_balance,synb1_txn_a1655319779591a4398679e1,trusted,weekday_rule,base_calendar,True,119,2025-05-28,complete
2025-05-28,0.00,10049.48,3,196313.71,last_posted_transaction_or_prior_closing_balance,synb1_txn_d061dbb59d2cb3fc300fca16,trusted,weekday_rule,base_calendar,True,120,2025-05-29,complete
2025-05-29,0.00,0.00,0,196313.71,last_posted_transaction_or_prior_closing_balance,,trusted,weekday_rule,base_calendar,True,121,2025-05-30,complete
2025-05-30,0.00,1559.01,1,194754.70,last_posted_transaction_or_prior_closing_balance,synb1_txn_592871e770fcc7339708fdf4,trusted,weekday_rule,base_calendar,True,122,2025-06-01,complete
2025-05-31,0.00,0.00,0,194754.70,last_posted_transaction_or_prior_closing_balance,,trusted,gov_cn_2025_holiday_schedule_v1,base_calendar,False,,,complete
2025-06-01,0.00,3891.30,1,190863.40,last_posted_transaction_or_prior_closing_balance,synb1_txn_e1cc5bd29b6108f690f1d651,trusted,historical_transaction_override,historical_transaction_override,True,123,2025-06-03,complete
2025-06-02,0.00,0.00,0,190863.40,last_posted_transaction_or_prior_closing_balance,,trusted,gov_cn_2025_holiday_schedule_v1,base_calendar,False,,,complete
2025-06-03,0.00,0.00,0,190863.40,last_posted_transaction_or_prior_closing_balance,,trusted,weekday_rule,base_calendar,True,124,2025-06-04,complete
2025-06-04,0.00,0.00,0,190863.40,last_posted_transaction_or_prior_closing_balance,,trusted,weekday_rule,base_calendar,True,125,2025-06-05,complete
2025-06-05,0.00,4628.91,1,186234.49,last_posted_transaction_or_prior_closing_balance,synb1_txn_517dbc3539ea81deec4dacc9,trusted,weekday_rule,base_calendar,True,126,2025-06-06,complete
2025-06-06,0.00,0.00,0,186234.49,last_posted_transaction_or_prior_closing_balance,,trusted,weekday_rule,base_calendar,True,127,2025-06-07,complete
2025-06-07,0.00,5024.94,1,181209.55,last_posted_transaction_or_prior_closing_balance,synb1_txn_9d28f99b65aaac14a408eb6c,trusted,historical_transaction_override,historical_transaction_override,True,128,2025-06-09,complete
2025-06-08,0.00,0.00,0,181209.55,last_posted_transaction_or_prior_closing_balance,,trusted,weekday_rule,base_calendar,False,,,complete
2025-06-09,53661.60,0.00,1,234871.15,last_posted_transaction_or_prior_closing_balance,synb1_txn_658841b29c154a3620b8bd2e,trusted,weekday_rule,base_calendar,True,129,2025-06-10,complete
2025-06-10,0.00,0.00,0,234871.15,last_posted_transaction_or_prior_closing_balance,,trusted,weekday_rule,base_calendar,True,130,2025-06-11,complete
2025-06-11,0.00,55084.41,1,179786.74,last_posted_transaction_or_prior_closing_balance,synb1_txn_c96c203130fc12e4900c5592,trusted,weekday_rule,base_calendar,True,131,2025-06-12,complete
2025-06-12,0.00,0.00,0,179786.74,last_posted_transaction_or_prior_closing_balance,,trusted,weekday_rule,base_calendar,True,132,2025-06-13,complete
2025-06-13,0.00,0.00,0,179786.74,last_posted_transaction_or_prior_closing_balance,,trusted,weekday_rule,base_calendar,True,133,2025-06-14,complete
2025-06-14,0.00,2843.58,2,176943.16,last_posted_transaction_or_prior_closing_balance,synb1_txn_0f80a2de89ee66554579146e,trusted,historical_transaction_override,historical_transaction_override,True,134,2025-06-16,complete
2025-06-15,0.00,0.00,0,176943.16,last_posted_transaction_or_prior_closing_balance,,trusted,weekday_rule,base_calendar,False,,,complete
2025-06-16,0.00,55038.62,1,121904.54,last_posted_transaction_or_prior_closing_balance,synb1_txn_80aa2539480d1fa37e070e4c,trusted,weekday_rule,base_calendar,True,135,2025-06-17,complete
2025-06-17,0.00,1210.73,1,120693.81,last_posted_transaction_or_prior_closing_balance,synb1_txn_6fdce2d8e03d496f6a2686b3,trusted,weekday_rule,base_calendar,True,136,2025-06-18,complete
2025-06-18,0.00,0.00,0,120693.81,last_posted_transaction_or_prior_closing_balance,,trusted,weekday_rule,base_calendar,True,137,2025-06-19,complete
2025-06-19,0.00,0.00,0,120693.81,last_posted_transaction_or_prior_closing_balance,,trusted,weekday_rule,base_calendar,True,138,2025-06-20,complete
2025-06-20,67309.83,0.00,1,188003.64,last_posted_transaction_or_prior_closing_balance,synb1_txn_c10c77884e1ca76da8f8ce2a,trusted,weekday_rule,base_calendar,True,139,2025-06-23,complete
2025-06-21,0.00,0.00,0,188003.64,last_posted_transaction_or_prior_closing_balance,,trusted,weekday_rule,base_calendar,False,,,complete
2025-06-22,0.00,0.00,0,188003.64,last_posted_transaction_or_prior_closing_balance,,trusted,weekday_rule,base_calendar,False,,,complete
2025-06-23,0.00,3887.67,1,184115.97,last_posted_transaction_or_prior_closing_balance,synb1_txn_60d98e72fab396aa93ebf930,trusted,weekday_rule,base_calendar,True,140,2025-06-24,complete
2025-06-24,0.00,0.00,0,184115.97,last_posted_transaction_or_prior_closing_balance,,trusted,weekday_rule,base_calendar,True,141,2025-06-25,complete
2025-06-25,0.00,0.00,0,184115.97,last_posted_transaction_or_prior_closing_balance,,trusted,weekday_rule,base_calendar,True,142,2025-06-26,complete
2025-06-26,0.00,0.00,0,184115.97,last_posted_transaction_or_prior_closing_balance,,trusted,weekday_rule,base_calendar,True,143,2025-06-27,complete
2025-06-27,0.00,1453.69,1,182662.28,last_posted_transaction_or_prior_closing_balance,synb1_txn_505462e3af00ae81a2f528c0,trusted,weekday_rule,base_calendar,True,144,2025-06-29,complete
2025-06-28,0.00,0.00,0,182662.28,last_posted_transaction_or_prior_closing_balance,,trusted,weekday_rule,base_calendar,False,,,complete
2025-06-29,137216.07,41581.68,3,278296.67,last_posted_transaction_or_prior_closing_balance,synb1_txn_f4da702c65fa38f113a7877e,trusted,historical_transaction_override,historical_transaction_override,True,145,2025-06-30,complete
2025-06-30,0.00,56480.96,4,221815.71,last_posted_transaction_or_prior_closing_balance,synb1_txn_7a3669e1094b1f20da88f550,trusted,weekday_rule,base_calendar,True,146,2025-07-01,complete
2025-07-01,0.00,0.00,0,221815.71,last_posted_transaction_or_prior_closing_balance,,trusted,weekday_rule,base_calendar,True,147,2025-07-02,complete
2025-07-02,0.00,0.00,0,221815.71,last_posted_transaction_or_prior_closing_balance,,trusted,weekday_rule,base_calendar,True,148,2025-07-03,complete
2025-07-03,65580.25,0.00,1,287395.96,last_posted_transaction_or_prior_closing_balance,synb1_txn_13ecfc638c8ef09740e0749f,trusted,weekday_rule,base_calendar,True,149,2025-07-04,complete
2025-07-04,0.00,45501.85,1,241894.11,last_posted_transaction_or_prior_closing_balance,synb1_txn_69c7136b1b351701f2625f0f,trusted,weekday_rule,base_calendar,True,150,2025-07-06,complete
2025-07-05,0.00,0.00,0,241894.11,last_posted_transaction_or_prior_closing_balance,,trusted,weekday_rule,base_calendar,False,,,complete
2025-07-06,0.00,48577.92,1,193316.19,last_posted_transaction_or_prior_closing_balance,synb1_txn_4c4fff6ea861fec6bf136de6,trusted,historical_transaction_override,historical_transaction_override,True,151,2025-07-07,complete
2025-07-07,0.00,0.00,0,193316.19,last_posted_transaction_or_prior_closing_balance,,trusted,weekday_rule,base_calendar,True,152,2025-07-08,complete
2025-07-08,0.00,0.00,0,193316.19,last_posted_transaction_or_prior_closing_balance,,trusted,weekday_rule,base_calendar,True,153,2025-07-09,complete
2025-07-09,0.00,52367.69,2,140948.50,last_posted_transaction_or_prior_closing_balance,synb1_txn_5ca0c2ba5423b8f86866d037,trusted,weekday_rule,base_calendar,True,154,2025-07-10,complete
2025-07-10,0.00,1219.31,1,139729.19,last_posted_transaction_or_prior_closing_balance,synb1_txn_ce51fd91c3fc4671716a06a1,trusted,weekday_rule,base_calendar,True,155,2025-07-11,complete
2025-07-11,58767.49,0.00,1,198496.68,last_posted_transaction_or_prior_closing_balance,synb1_txn_2bf937e24cbfe60d13bae605,trusted,weekday_rule,base_calendar,True,156,2025-07-14,complete
2025-07-12,0.00,0.00,0,198496.68,last_posted_transaction_or_prior_closing_balance,,trusted,weekday_rule,base_calendar,False,,,complete
2025-07-13,0.00,0.00,0,198496.68,last_posted_transaction_or_prior_closing_balance,,trusted,weekday_rule,base_calendar,False,,,complete
2025-07-14,0.00,0.00,0,198496.68,last_posted_transaction_or_prior_closing_balance,,trusted,weekday_rule,base_calendar,True,157,2025-07-15,complete
2025-07-15,0.00,0.00,0,198496.68,last_posted_transaction_or_prior_closing_balance,,trusted,weekday_rule,base_calendar,True,158,2025-07-16,complete
2025-07-16,0.00,0.00,0,198496.68,last_posted_transaction_or_prior_closing_balance,,trusted,weekday_rule,base_calendar,True,159,2025-07-17,complete
2025-07-17,0.00,3834.78,1,194661.90,last_posted_transaction_or_prior_closing_balance,synb1_txn_244830aa71b26c01dd2f273e,trusted,weekday_rule,base_calendar,True,160,2025-07-18,complete
2025-07-18,0.00,0.00,0,194661.90,last_posted_transaction_or_prior_closing_balance,,trusted,weekday_rule,base_calendar,True,161,2025-07-21,complete
2025-07-19,0.00,0.00,0,194661.90,last_posted_transaction_or_prior_closing_balance,,trusted,weekday_rule,base_calendar,False,,,complete
2025-07-20,0.00,0.00,0,194661.90,last_posted_transaction_or_prior_closing_balance,,trusted,weekday_rule,base_calendar,False,,,complete
2025-07-21,0.00,47840.86,1,146821.04,last_posted_transaction_or_prior_closing_balance,synb1_txn_dfb02ea4de9e557c7f3a7628,trusted,weekday_rule,base_calendar,True,162,2025-07-22,complete
2025-07-22,0.00,0.00,0,146821.04,last_posted_transaction_or_prior_closing_balance,,trusted,weekday_rule,base_calendar,True,163,2025-07-23,complete
2025-07-23,0.00,0.00,0,146821.04,last_posted_transaction_or_prior_closing_balance,,trusted,weekday_rule,base_calendar,True,164,2025-07-24,complete
2025-07-24,0.00,0.00,0,146821.04,last_posted_transaction_or_prior_closing_balance,,trusted,weekday_rule,base_calendar,True,165,2025-07-25,complete
2025-07-25,0.00,0.00,0,146821.04,last_posted_transaction_or_prior_closing_balance,,trusted,weekday_rule,base_calendar,True,166,2025-07-26,complete
2025-07-26,0.00,1524.01,1,145297.03,last_posted_transaction_or_prior_closing_balance,synb1_txn_a0a077f71f6cd425e4ce2294,trusted,historical_transaction_override,historical_transaction_override,True,167,2025-07-27,complete
2025-07-27,0.00,1344.02,1,143953.01,last_posted_transaction_or_prior_closing_balance,synb1_txn_0304241e7aba3cdacf400642,trusted,historical_transaction_override,historical_transaction_override,True,168,2025-07-28,complete
2025-07-28,61951.64,11501.78,5,194402.87,last_posted_transaction_or_prior_closing_balance,synb1_txn_f616b34c73c5aa008d8a07e2,trusted,weekday_rule,base_calendar,True,169,2025-07-29,complete
2025-07-29,65003.12,3814.54,2,255591.45,last_posted_transaction_or_prior_closing_balance,synb1_txn_d072ef1b792c32c7960a8962,trusted,weekday_rule,base_calendar,True,170,2025-07-30,complete
2025-07-30,0.00,0.00,0,255591.45,last_posted_transaction_or_prior_closing_balance,,trusted,weekday_rule,base_calendar,True,171,2025-07-31,complete
2025-07-31,0.00,4200.06,1,251391.39,last_posted_transaction_or_prior_closing_balance,synb1_txn_69a94bfc0f4f809c00541eaf,trusted,weekday_rule,base_calendar,True,172,2025-08-01,complete
2025-08-01,0.00,1118.71,1,250272.68,last_posted_transaction_or_prior_closing_balance,synb1_txn_ed19375f97c09de122e0202b,trusted,weekday_rule,base_calendar,True,173,2025-08-04,complete
2025-08-02,0.00,0.00,0,250272.68,last_posted_transaction_or_prior_closing_balance,,trusted,weekday_rule,base_calendar,False,,,complete
2025-08-03,0.00,0.00,0,250272.68,last_posted_transaction_or_prior_closing_balance,,trusted,weekday_rule,base_calendar,False,,,complete
2025-08-04,0.00,19936.07,1,230336.61,last_posted_transaction_or_prior_closing_balance,synb1_txn_00c9b2175711c1d14e29bac7,trusted,weekday_rule,base_calendar,True,174,2025-08-05,complete
2025-08-05,0.00,0.00,0,230336.61,last_posted_transaction_or_prior_closing_balance,,trusted,weekday_rule,base_calendar,True,175,2025-08-06,complete
2025-08-06,70646.71,4348.23,2,296635.09,last_posted_transaction_or_prior_closing_balance,synb1_txn_027cce6cef57f6f945ccd186,trusted,weekday_rule,base_calendar,True,176,2025-08-07,complete
2025-08-07,0.00,0.00,0,296635.09,last_posted_transaction_or_prior_closing_balance,,trusted,weekday_rule,base_calendar,True,177,2025-08-08,complete
2025-08-08,59417.89,0.00,1,356052.98,last_posted_transaction_or_prior_closing_balance,synb1_txn_2c810c45f155efd8d65b5fbf,trusted,weekday_rule,base_calendar,True,178,2025-08-09,complete
2025-08-09,0.00,47367.34,1,308685.64,last_posted_transaction_or_prior_closing_balance,synb1_txn_394fecacc0308078e4b88c6b,trusted,historical_transaction_override,historical_transaction_override,True,179,2025-08-11,complete
2025-08-10,0.00,0.00,0,308685.64,last_posted_transaction_or_prior_closing_balance,,trusted,weekday_rule,base_calendar,False,,,complete
2025-08-11,0.00,0.00,0,308685.64,last_posted_transaction_or_prior_closing_balance,,trusted,weekday_rule,base_calendar,True,180,2025-08-12,complete
2025-08-12,0.00,4160.50,1,304525.14,last_posted_transaction_or_prior_closing_balance,synb1_txn_dc763a84a57384848296a9f6,trusted,weekday_rule,base_calendar,True,181,2025-08-13,complete
2025-08-13,0.00,15637.54,1,288887.60,last_posted_transaction_or_prior_closing_balance,synb1_txn_76cea791b646674f9fa65951,trusted,weekday_rule,base_calendar,True,182,2025-08-14,complete
2025-08-14,0.00,42636.67,1,246250.93,last_posted_transaction_or_prior_closing_balance,synb1_txn_c3b2354f4f21a153d4284dfd,trusted,weekday_rule,base_calendar,True,183,2025-08-15,complete
2025-08-15,60366.05,0.00,1,306616.98,last_posted_transaction_or_prior_closing_balance,synb1_txn_29a54d6aad43419302c291d1,trusted,weekday_rule,base_calendar,True,184,2025-08-17,complete
2025-08-16,0.00,0.00,0,306616.98,last_posted_transaction_or_prior_closing_balance,,trusted,weekday_rule,base_calendar,False,,,complete
2025-08-17,0.00,17640.52,1,288976.46,last_posted_transaction_or_prior_closing_balance,synb1_txn_d56cac7fdea898ccec51a516,trusted,historical_transaction_override,historical_transaction_override,True,185,2025-08-18,complete
2025-08-18,0.00,46629.49,1,242346.97,last_posted_transaction_or_prior_closing_balance,synb1_txn_f1e1831f27937b251bc3d9bf,trusted,weekday_rule,base_calendar,True,186,2025-08-19,complete
2025-08-19,0.00,0.00,0,242346.97,last_posted_transaction_or_prior_closing_balance,,trusted,weekday_rule,base_calendar,True,187,2025-08-20,complete
2025-08-20,0.00,1504.22,1,240842.75,last_posted_transaction_or_prior_closing_balance,synb1_txn_e80294a89f569152486b26dd,trusted,weekday_rule,base_calendar,True,188,2025-08-21,complete
2025-08-21,0.00,1522.14,1,239320.61,last_posted_transaction_or_prior_closing_balance,synb1_txn_a8fe0ce634c80c4b07dbf896,trusted,weekday_rule,base_calendar,True,189,2025-08-22,complete
2025-08-22,61147.25,20163.68,3,280304.18,last_posted_transaction_or_prior_closing_balance,synb1_txn_3160ccc31df8a6d9a342215b,trusted,weekday_rule,base_calendar,True,190,2025-08-23,complete
2025-08-23,0.00,52831.19,1,227472.99,last_posted_transaction_or_prior_closing_balance,synb1_txn_b25f3cdb0d4e5f7677adfe81,trusted,historical_transaction_override,historical_transaction_override,True,191,2025-08-25,complete
2025-08-24,0.00,0.00,0,227472.99,last_posted_transaction_or_prior_closing_balance,,trusted,weekday_rule,base_calendar,False,,,complete
2025-08-25,0.00,4396.28,1,223076.71,last_posted_transaction_or_prior_closing_balance,synb1_txn_450069bd6713120354a34b96,trusted,weekday_rule,base_calendar,True,192,2025-08-26,complete
2025-08-26,0.00,0.00,0,223076.71,last_posted_transaction_or_prior_closing_balance,,trusted,weekday_rule,base_calendar,True,193,2025-08-27,complete
2025-08-27,0.00,1362.93,1,221713.78,last_posted_transaction_or_prior_closing_balance,synb1_txn_fa1c9c99a8b17628a2422e9c,trusted,weekday_rule,base_calendar,True,194,2025-08-28,complete
2025-08-28,0.00,10508.38,3,211205.40,last_posted_transaction_or_prior_closing_balance,synb1_txn_09aeddd706df21c1ed82d4d0,trusted,weekday_rule,base_calendar,True,195,2025-08-29,complete
2025-08-29,0.00,0.00,0,211205.40,last_posted_transaction_or_prior_closing_balance,,trusted,weekday_rule,base_calendar,True,196,2025-09-01,complete
2025-08-30,0.00,0.00,0,211205.40,last_posted_transaction_or_prior_closing_balance,,trusted,weekday_rule,base_calendar,False,,,complete
2025-08-31,0.00,0.00,0,211205.40,last_posted_transaction_or_prior_closing_balance,,trusted,weekday_rule,base_calendar,False,,,complete
2025-09-01,0.00,0.00,0,211205.40,last_posted_transaction_or_prior_closing_balance,,trusted,weekday_rule,base_calendar,True,197,2025-09-02,complete
2025-09-02,0.00,0.00,0,211205.40,last_posted_transaction_or_prior_closing_balance,,trusted,weekday_rule,base_calendar,True,198,2025-09-03,complete
2025-09-03,0.00,0.00,0,211205.40,last_posted_transaction_or_prior_closing_balance,,trusted,weekday_rule,base_calendar,True,199,2025-09-04,complete
2025-09-04,0.00,0.00,0,211205.40,last_posted_transaction_or_prior_closing_balance,,trusted,weekday_rule,base_calendar,True,200,2025-09-05,complete
2025-09-05,0.00,0.00,0,211205.40,last_posted_transaction_or_prior_closing_balance,,trusted,weekday_rule,base_calendar,True,201,2025-09-08,complete
2025-09-06,0.00,0.00,0,211205.40,last_posted_transaction_or_prior_closing_balance,,trusted,weekday_rule,base_calendar,False,,,complete
2025-09-07,0.00,0.00,0,211205.40,last_posted_transaction_or_prior_closing_balance,,trusted,weekday_rule,base_calendar,False,,,complete
2025-09-08,0.00,0.00,0,211205.40,last_posted_transaction_or_prior_closing_balance,,trusted,weekday_rule,base_calendar,True,202,2025-09-09,complete
2025-09-09,0.00,5039.42,1,206165.98,last_posted_transaction_or_prior_closing_balance,synb1_txn_38d96375964e59ea31ef8660,trusted,weekday_rule,base_calendar,True,203,2025-09-10,complete
2025-09-10,0.00,0.00,0,206165.98,last_posted_transaction_or_prior_closing_balance,,trusted,weekday_rule,base_calendar,True,204,2025-09-11,complete
2025-09-11,0.00,0.00,0,206165.98,last_posted_transaction_or_prior_closing_balance,,trusted,weekday_rule,base_calendar,True,205,2025-09-12,complete
2025-09-12,0.00,0.00,0,206165.98,last_posted_transaction_or_prior_closing_balance,,trusted,weekday_rule,base_calendar,True,206,2025-09-13,complete
2025-09-13,0.00,4511.94,1,201654.04,last_posted_transaction_or_prior_closing_balance,synb1_txn_eccd52b20f86d97f422e0635,trusted,historical_transaction_override,historical_transaction_override,True,207,2025-09-14,complete
2025-09-14,62291.81,0.00,1,263945.85,last_posted_transaction_or_prior_closing_balance,synb1_txn_4ff35979f74fab700867f517,trusted,historical_transaction_override,historical_transaction_override,True,208,2025-09-15,complete
2025-09-15,0.00,52763.52,1,211182.33,last_posted_transaction_or_prior_closing_balance,synb1_txn_7796645a3f0763fbba2a953d,trusted,weekday_rule,base_calendar,True,209,2025-09-16,complete
2025-09-16,0.00,0.00,0,211182.33,last_posted_transaction_or_prior_closing_balance,,trusted,weekday_rule,base_calendar,True,210,2025-09-17,complete
2025-09-17,0.00,0.00,0,211182.33,last_posted_transaction_or_prior_closing_balance,,trusted,weekday_rule,base_calendar,True,211,2025-09-18,complete
2025-09-18,56566.84,1166.35,2,266582.82,last_posted_transaction_or_prior_closing_balance,synb1_txn_115bc6ad572a0504967b1705,trusted,weekday_rule,base_calendar,True,212,2025-09-19,complete
2025-09-19,0.00,45501.60,2,221081.22,last_posted_transaction_or_prior_closing_balance,synb1_txn_cf886f9ba7ddf849e6cb6cd3,trusted,weekday_rule,base_calendar,True,213,2025-09-21,complete
2025-09-20,0.00,0.00,0,221081.22,last_posted_transaction_or_prior_closing_balance,,trusted,weekday_rule,base_calendar,False,,,complete
2025-09-21,0.00,3560.63,1,217520.59,last_posted_transaction_or_prior_closing_balance,synb1_txn_2dd1fc803c28d3955f38ba3f,trusted,historical_transaction_override,historical_transaction_override,True,214,2025-09-22,complete
2025-09-22,0.00,47747.40,1,169773.19,last_posted_transaction_or_prior_closing_balance,synb1_txn_6173a4627c4e4ee6160f8637,trusted,weekday_rule,base_calendar,True,215,2025-09-23,complete
2025-09-23,0.00,0.00,0,169773.19,last_posted_transaction_or_prior_closing_balance,,trusted,weekday_rule,base_calendar,True,216,2025-09-24,complete
2025-09-24,73034.51,47244.89,2,195562.81,last_posted_transaction_or_prior_closing_balance,synb1_txn_1ccd7c2a2cfd08563c492b3f,trusted,weekday_rule,base_calendar,True,217,2025-09-25,complete
2025-09-25,0.00,0.00,0,195562.81,last_posted_transaction_or_prior_closing_balance,,trusted,weekday_rule,base_calendar,True,218,2025-09-26,complete
2025-09-26,0.00,0.00,0,195562.81,last_posted_transaction_or_prior_closing_balance,,trusted,weekday_rule,base_calendar,True,219,2025-09-27,complete
2025-09-27,0.00,1371.03,1,194191.78,last_posted_transaction_or_prior_closing_balance,synb1_txn_50d520941b108e2fedb1c434,trusted,historical_transaction_override,historical_transaction_override,True,220,2025-09-28,complete
2025-09-28,0.00,16825.21,5,177366.57,last_posted_transaction_or_prior_closing_balance,synb1_txn_46d5207dc858e0a7530810a4,trusted,gov_cn_2025_holiday_schedule_v1,base_calendar,True,221,2025-09-29,complete
2025-09-29,67120.54,0.00,1,244487.11,last_posted_transaction_or_prior_closing_balance,synb1_txn_cd4baa20e1ccd2d6ed830163,trusted,weekday_rule,base_calendar,True,222,2025-09-30,complete
2025-09-30,0.00,0.00,0,244487.11,last_posted_transaction_or_prior_closing_balance,,trusted,weekday_rule,base_calendar,True,223,2025-10-01,complete
2025-10-01,63386.06,0.00,1,307873.17,last_posted_transaction_or_prior_closing_balance,synb1_txn_1786e119f8ca5b8e4cb8dabe,trusted,historical_transaction_override,historical_transaction_override,True,224,2025-10-02,complete
2025-10-02,0.00,2682.36,2,305190.81,last_posted_transaction_or_prior_closing_balance,synb1_txn_9f443fc288a83e92aac5899b,trusted,historical_transaction_override,historical_transaction_override,True,225,2025-10-05,complete
2025-10-03,0.00,0.00,0,305190.81,last_posted_transaction_or_prior_closing_balance,,trusted,gov_cn_2025_holiday_schedule_v1,base_calendar,False,,,complete
2025-10-04,0.00,0.00,0,305190.81,last_posted_transaction_or_prior_closing_balance,,trusted,gov_cn_2025_holiday_schedule_v1,base_calendar,False,,,complete
2025-10-05,0.00,54139.88,1,251050.93,last_posted_transaction_or_prior_closing_balance,synb1_txn_b9c43a31fe9234369d976ffe,trusted,historical_transaction_override,historical_transaction_override,True,226,2025-10-06,complete
2025-10-06,0.00,4692.50,1,246358.43,last_posted_transaction_or_prior_closing_balance,synb1_txn_22a9acd81d35d9de3fcd8f19,trusted,historical_transaction_override,historical_transaction_override,True,227,2025-10-09,complete
2025-10-07,0.00,0.00,0,246358.43,last_posted_transaction_or_prior_closing_balance,,trusted,gov_cn_2025_holiday_schedule_v1,base_calendar,False,,,complete
2025-10-08,0.00,0.00,0,246358.43,last_posted_transaction_or_prior_closing_balance,,trusted,gov_cn_2025_holiday_schedule_v1,base_calendar,False,,,complete
2025-10-09,0.00,0.00,0,246358.43,last_posted_transaction_or_prior_closing_balance,,trusted,weekday_rule,base_calendar,True,228,2025-10-10,complete
2025-10-10,0.00,54047.13,1,192311.30,last_posted_transaction_or_prior_closing_balance,synb1_txn_9210ce9323c171cf941fc672,trusted,weekday_rule,base_calendar,True,229,2025-10-11,complete
2025-10-11,0.00,0.00,0,192311.30,last_posted_transaction_or_prior_closing_balance,,trusted,gov_cn_2025_holiday_schedule_v1,base_calendar,True,230,2025-10-13,complete
2025-10-12,0.00,0.00,0,192311.30,last_posted_transaction_or_prior_closing_balance,,trusted,weekday_rule,base_calendar,False,,,complete
2025-10-13,0.00,0.00,0,192311.30,last_posted_transaction_or_prior_closing_balance,,trusted,weekday_rule,base_calendar,True,231,2025-10-14,complete
2025-10-14,0.00,51743.11,2,140568.19,last_posted_transaction_or_prior_closing_balance,synb1_txn_246a68d3a7c50b3175ff0db0,trusted,weekday_rule,base_calendar,True,232,2025-10-15,complete
2025-10-15,0.00,0.00,0,140568.19,last_posted_transaction_or_prior_closing_balance,,trusted,weekday_rule,base_calendar,True,233,2025-10-16,complete
2025-10-16,68277.37,0.00,1,208845.56,last_posted_transaction_or_prior_closing_balance,synb1_txn_53b093ece7aa0b50c2aaf910,trusted,weekday_rule,base_calendar,True,234,2025-10-17,complete
2025-10-17,0.00,1303.89,1,207541.67,last_posted_transaction_or_prior_closing_balance,synb1_txn_879d6d8b35aa9b8a7c68538d,trusted,weekday_rule,base_calendar,True,235,2025-10-20,complete
2025-10-18,0.00,0.00,0,207541.67,last_posted_transaction_or_prior_closing_balance,,trusted,weekday_rule,base_calendar,False,,,complete
2025-10-19,0.00,0.00,0,207541.67,last_posted_transaction_or_prior_closing_balance,,trusted,weekday_rule,base_calendar,False,,,complete
2025-10-20,0.00,0.00,0,207541.67,last_posted_transaction_or_prior_closing_balance,,trusted,weekday_rule,base_calendar,True,236,2025-10-21,complete
2025-10-21,0.00,4290.99,1,203250.68,last_posted_transaction_or_prior_closing_balance,synb1_txn_d352ac842d9f5364f4b25568,trusted,weekday_rule,base_calendar,True,237,2025-10-22,complete
2025-10-22,0.00,3987.79,1,199262.89,last_posted_transaction_or_prior_closing_balance,synb1_txn_037c03aadf97fcf54d122479,trusted,weekday_rule,base_calendar,True,238,2025-10-23,complete
2025-10-23,0.00,61137.31,1,138125.58,last_posted_transaction_or_prior_closing_balance,synb1_txn_6018959da0bffaa8f738cbc7,trusted,weekday_rule,base_calendar,True,239,2025-10-24,complete
2025-10-24,67292.62,0.00,1,205418.20,last_posted_transaction_or_prior_closing_balance,synb1_txn_0187fe2566af2cf5461ef01e,trusted,weekday_rule,base_calendar,True,240,2025-10-27,complete
2025-10-25,0.00,0.00,0,205418.20,last_posted_transaction_or_prior_closing_balance,,trusted,weekday_rule,base_calendar,False,,,complete
2025-10-26,0.00,0.00,0,205418.20,last_posted_transaction_or_prior_closing_balance,,trusted,weekday_rule,base_calendar,False,,,complete
2025-10-27,0.00,1521.75,1,203896.45,last_posted_transaction_or_prior_closing_balance,synb1_txn_b1444d3ec552c1a99227c895,trusted,weekday_rule,base_calendar,True,241,2025-10-28,complete
2025-10-28,0.00,11144.88,3,192751.57,last_posted_transaction_or_prior_closing_balance,synb1_txn_0d53bf0c944999ba95723819,trusted,weekday_rule,base_calendar,True,242,2025-10-29,complete
2025-10-29,0.00,0.00,0,192751.57,last_posted_transaction_or_prior_closing_balance,,trusted,weekday_rule,base_calendar,True,243,2025-10-30,complete
2025-10-30,0.00,0.00,0,192751.57,last_posted_transaction_or_prior_closing_balance,,trusted,weekday_rule,base_calendar,True,244,2025-10-31,complete
2025-10-31,67493.45,0.00,1,260245.02,last_posted_transaction_or_prior_closing_balance,synb1_txn_db21544b2240d7a3d941f3e5,trusted,weekday_rule,base_calendar,True,245,2025-11-01,complete
2025-11-01,0.00,1661.33,1,258583.69,last_posted_transaction_or_prior_closing_balance,synb1_txn_f99e2ee8af4902d79d85d866,trusted,historical_transaction_override,historical_transaction_override,True,246,2025-11-03,complete
2025-11-02,0.00,0.00,0,258583.69,last_posted_transaction_or_prior_closing_balance,,trusted,weekday_rule,base_calendar,False,,,complete
2025-11-03,0.00,60334.34,1,198249.35,last_posted_transaction_or_prior_closing_balance,synb1_txn_0287303917b5bf2263928502,trusted,weekday_rule,base_calendar,True,247,2025-11-04,complete
2025-11-04,76150.50,156729.21,4,117670.64,last_posted_transaction_or_prior_closing_balance,synb1_txn_cccb2192d5f02edc465b2578,trusted,weekday_rule,base_calendar,True,248,2025-11-05,complete
2025-11-05,0.00,0.00,0,117670.64,last_posted_transaction_or_prior_closing_balance,,trusted,weekday_rule,base_calendar,True,249,2025-11-06,complete
2025-11-06,66237.55,0.00,1,183908.19,last_posted_transaction_or_prior_closing_balance,synb1_txn_e42c45aa091f444f2e3c14f7,trusted,weekday_rule,base_calendar,True,250,2025-11-07,complete
2025-11-07,0.00,0.00,0,183908.19,last_posted_transaction_or_prior_closing_balance,,trusted,weekday_rule,base_calendar,True,251,2025-11-10,complete
2025-11-08,0.00,0.00,0,183908.19,last_posted_transaction_or_prior_closing_balance,,trusted,weekday_rule,base_calendar,False,,,complete
2025-11-09,0.00,0.00,0,183908.19,last_posted_transaction_or_prior_closing_balance,,trusted,weekday_rule,base_calendar,False,,,complete
2025-11-10,61433.40,0.00,1,245341.59,last_posted_transaction_or_prior_closing_balance,synb1_txn_384c1897deeb1c2a60312661,trusted,weekday_rule,base_calendar,True,252,2025-11-11,complete
2025-11-11,0.00,0.00,0,245341.59,last_posted_transaction_or_prior_closing_balance,,trusted,weekday_rule,base_calendar,True,253,2025-11-12,complete
2025-11-12,0.00,5528.96,2,239812.63,last_posted_transaction_or_prior_closing_balance,synb1_txn_6c5f6915ef2310e563ee578c,trusted,weekday_rule,base_calendar,True,254,2025-11-13,complete
2025-11-13,0.00,0.00,0,239812.63,last_posted_transaction_or_prior_closing_balance,,trusted,weekday_rule,base_calendar,True,255,2025-11-14,complete
2025-11-14,0.00,0.00,0,239812.63,last_posted_transaction_or_prior_closing_balance,,trusted,weekday_rule,base_calendar,True,256,2025-11-15,complete
2025-11-15,0.00,4610.74,1,235201.89,last_posted_transaction_or_prior_closing_balance,synb1_txn_90b973f07b92187c16ce5674,trusted,historical_transaction_override,historical_transaction_override,True,257,2025-11-17,complete
2025-11-16,0.00,0.00,0,235201.89,last_posted_transaction_or_prior_closing_balance,,trusted,weekday_rule,base_calendar,False,,,complete
2025-11-17,0.00,0.00,0,235201.89,last_posted_transaction_or_prior_closing_balance,,trusted,weekday_rule,base_calendar,True,258,2025-11-18,complete
2025-11-18,0.00,0.00,0,235201.89,last_posted_transaction_or_prior_closing_balance,,trusted,weekday_rule,base_calendar,True,259,2025-11-19,complete
2025-11-19,0.00,0.00,0,235201.89,last_posted_transaction_or_prior_closing_balance,,trusted,weekday_rule,base_calendar,True,260,2025-11-20,complete
2025-11-20,0.00,2363.66,2,232838.23,last_posted_transaction_or_prior_closing_balance,synb1_txn_4257ab55d8095cef279b2340,trusted,weekday_rule,base_calendar,True,261,2025-11-21,complete
2025-11-21,0.00,4355.47,1,228482.76,last_posted_transaction_or_prior_closing_balance,synb1_txn_f30bfe4d64ca02e507527175,trusted,weekday_rule,base_calendar,True,262,2025-11-24,complete
2025-11-22,0.00,0.00,0,228482.76,last_posted_transaction_or_prior_closing_balance,,trusted,weekday_rule,base_calendar,False,,,complete
2025-11-23,0.00,0.00,0,228482.76,last_posted_transaction_or_prior_closing_balance,,trusted,weekday_rule,base_calendar,False,,,complete
2025-11-24,0.00,0.00,0,228482.76,last_posted_transaction_or_prior_closing_balance,,trusted,weekday_rule,base_calendar,True,263,2025-11-25,complete
2025-11-25,0.00,0.00,0,228482.76,last_posted_transaction_or_prior_closing_balance,,trusted,weekday_rule,base_calendar,True,264,2025-11-26,complete
2025-11-26,0.00,0.00,0,228482.76,last_posted_transaction_or_prior_closing_balance,,trusted,weekday_rule,base_calendar,True,265,2025-11-27,complete
2025-11-27,70063.85,4420.66,2,294125.95,last_posted_transaction_or_prior_closing_balance,synb1_txn_da54ebba16f6020fc5a94e27,trusted,weekday_rule,base_calendar,True,266,2025-11-28,complete
2025-11-28,0.00,11572.14,3,282553.81,last_posted_transaction_or_prior_closing_balance,synb1_txn_2614a611a8ef8841a652585d,trusted,weekday_rule,base_calendar,True,267,2025-12-01,complete
2025-11-29,0.00,0.00,0,282553.81,last_posted_transaction_or_prior_closing_balance,,trusted,weekday_rule,base_calendar,False,,,complete
2025-11-30,0.00,0.00,0,282553.81,last_posted_transaction_or_prior_closing_balance,,trusted,weekday_rule,base_calendar,False,,,complete
2025-12-01,0.00,0.00,0,282553.81,last_posted_transaction_or_prior_closing_balance,,trusted,weekday_rule,base_calendar,True,268,2025-12-02,complete
2025-12-02,0.00,0.00,0,282553.81,last_posted_transaction_or_prior_closing_balance,,trusted,weekday_rule,base_calendar,True,269,2025-12-03,complete
2025-12-03,0.00,8895.29,2,273658.52,last_posted_transaction_or_prior_closing_balance,synb1_txn_98065d030bbfc8fffaf50065,trusted,weekday_rule,base_calendar,True,270,2025-12-04,complete
2025-12-04,0.00,0.00,0,273658.52,last_posted_transaction_or_prior_closing_balance,,trusted,weekday_rule,base_calendar,True,271,2025-12-05,complete
2025-12-05,0.00,1538.94,1,272119.58,last_posted_transaction_or_prior_closing_balance,synb1_txn_c48e07b589d43988592114c6,trusted,weekday_rule,base_calendar,True,272,2025-12-07,complete
2025-12-06,0.00,0.00,0,272119.58,last_posted_transaction_or_prior_closing_balance,,trusted,weekday_rule,base_calendar,False,,,complete
2025-12-07,0.00,52524.38,1,219595.20,last_posted_transaction_or_prior_closing_balance,synb1_txn_fe8f2d8ebbbf29b6e75d60fc,trusted,historical_transaction_override,historical_transaction_override,True,273,2025-12-08,complete
2025-12-08,0.00,0.00,0,219595.20,last_posted_transaction_or_prior_closing_balance,,trusted,weekday_rule,base_calendar,True,274,2025-12-09,complete
2025-12-09,65895.42,0.00,1,285490.62,last_posted_transaction_or_prior_closing_balance,synb1_txn_ca2dc608c0bf097bd7981c13,trusted,weekday_rule,base_calendar,True,275,2025-12-10,complete
2025-12-10,0.00,1177.87,1,284312.75,last_posted_transaction_or_prior_closing_balance,synb1_txn_1fbf72e63a13c27830ee7dc5,trusted,weekday_rule,base_calendar,True,276,2025-12-11,complete
2025-12-11,0.00,1603.24,1,282709.51,last_posted_transaction_or_prior_closing_balance,synb1_txn_74bbe0dfa0991defdb705b24,trusted,weekday_rule,base_calendar,True,277,2025-12-12,complete
2025-12-12,0.00,0.00,0,282709.51,last_posted_transaction_or_prior_closing_balance,,trusted,weekday_rule,base_calendar,True,278,2025-12-15,complete
2025-12-13,0.00,0.00,0,282709.51,last_posted_transaction_or_prior_closing_balance,,trusted,weekday_rule,base_calendar,False,,,complete
2025-12-14,0.00,0.00,0,282709.51,last_posted_transaction_or_prior_closing_balance,,trusted,weekday_rule,base_calendar,False,,,complete
2025-12-15,0.00,0.00,0,282709.51,last_posted_transaction_or_prior_closing_balance,,trusted,weekday_rule,base_calendar,True,279,2025-12-16,complete
2025-12-16,0.00,47098.60,1,235610.91,last_posted_transaction_or_prior_closing_balance,synb1_txn_0e24719832a24768b86933da,trusted,weekday_rule,base_calendar,True,280,2025-12-17,complete
2025-12-17,0.00,0.00,0,235610.91,last_posted_transaction_or_prior_closing_balance,,trusted,weekday_rule,base_calendar,True,281,2025-12-18,complete
2025-12-18,0.00,0.00,0,235610.91,last_posted_transaction_or_prior_closing_balance,,trusted,weekday_rule,base_calendar,True,282,2025-12-19,complete
2025-12-19,0.00,0.00,0,235610.91,last_posted_transaction_or_prior_closing_balance,,trusted,weekday_rule,base_calendar,True,283,2025-12-20,complete
2025-12-20,73721.42,4476.97,2,304855.36,last_posted_transaction_or_prior_closing_balance,synb1_txn_6763bfd3d3deab5f4b1c6d91,trusted,historical_transaction_override,historical_transaction_override,True,284,2025-12-21,complete
2025-12-21,0.00,1187.95,1,303667.41,last_posted_transaction_or_prior_closing_balance,synb1_txn_256f98cfa296c273248de84f,trusted,historical_transaction_override,historical_transaction_override,True,285,2025-12-22,complete
2025-12-22,0.00,0.00,0,303667.41,last_posted_transaction_or_prior_closing_balance,,trusted,weekday_rule,base_calendar,True,286,2025-12-23,complete
2025-12-23,76972.55,66345.69,2,314294.27,last_posted_transaction_or_prior_closing_balance,synb1_txn_3a7f1cace3c0cf7be3383666,trusted,weekday_rule,base_calendar,True,287,2025-12-24,complete
2025-12-24,0.00,4060.56,1,310233.71,last_posted_transaction_or_prior_closing_balance,synb1_txn_77ffbda171414520e9e9989b,trusted,weekday_rule,base_calendar,True,288,2025-12-25,complete
2025-12-25,0.00,0.00,0,310233.71,last_posted_transaction_or_prior_closing_balance,,trusted,weekday_rule,base_calendar,True,289,2025-12-26,complete
2025-12-26,0.00,0.00,0,310233.71,last_posted_transaction_or_prior_closing_balance,,trusted,weekday_rule,base_calendar,True,290,2025-12-28,complete
2025-12-27,0.00,0.00,0,310233.71,last_posted_transaction_or_prior_closing_balance,,trusted,weekday_rule,base_calendar,False,,,complete
2025-12-28,64731.71,0.00,1,374965.42,last_posted_transaction_or_prior_closing_balance,synb1_txn_365c1168cd0252085a3d295b,trusted,historical_transaction_override,historical_transaction_override,True,291,2025-12-29,complete
2025-12-29,0.00,11999.39,3,362966.03,last_posted_transaction_or_prior_closing_balance,synb1_txn_8877c446f6403940b141df77,trusted,weekday_rule,base_calendar,True,292,2025-12-30,complete
2025-12-30,0.00,0.00,0,362966.03,last_posted_transaction_or_prior_closing_balance,,trusted,weekday_rule,base_calendar,True,293,2025-12-31,complete
2025-12-31,0.00,59130.15,1,303835.88,last_posted_transaction_or_prior_closing_balance,synb1_txn_78638b40b936c540a9e887e8,trusted,weekday_rule,base_calendar,True,294,2026-01-04,complete
2026-01-01,0.00,0.00,0,303835.88,last_posted_transaction_or_prior_closing_balance,,trusted,gov_cn_2026_holiday_schedule_v1,base_calendar,False,,,complete
2026-01-02,0.00,0.00,0,303835.88,last_posted_transaction_or_prior_closing_balance,,trusted,gov_cn_2026_holiday_schedule_v1,base_calendar,False,,,complete
2026-01-03,0.00,0.00,0,303835.88,last_posted_transaction_or_prior_closing_balance,,trusted,gov_cn_2026_holiday_schedule_v1,base_calendar,False,,,complete
2026-01-04,0.00,59594.37,1,244241.51,last_posted_transaction_or_prior_closing_balance,synb1_txn_5b953bea2b84c31695e42964,trusted,gov_cn_2026_holiday_schedule_v1,base_calendar,True,295,2026-01-05,complete
2026-01-05,79702.57,0.00,1,323944.08,last_posted_transaction_or_prior_closing_balance,synb1_txn_32b8d2f3ba46022cc3d15735,trusted,weekday_rule,base_calendar,True,296,2026-01-06,complete
2026-01-06,0.00,68032.06,1,255912.02,last_posted_transaction_or_prior_closing_balance,synb1_txn_fb8fe16c55c75a569ad7289b,trusted,weekday_rule,base_calendar,True,297,2026-01-07,complete
2026-01-07,0.00,0.00,0,255912.02,last_posted_transaction_or_prior_closing_balance,,trusted,weekday_rule,base_calendar,True,298,2026-01-08,complete
2026-01-08,0.00,3711.82,1,252200.20,last_posted_transaction_or_prior_closing_balance,synb1_txn_d85eff6728e4ef1bbc6a1537,trusted,weekday_rule,base_calendar,True,299,2026-01-09,complete
2026-01-09,0.00,0.00,0,252200.20,last_posted_transaction_or_prior_closing_balance,,trusted,weekday_rule,base_calendar,True,300,2026-01-11,complete
2026-01-10,0.00,0.00,0,252200.20,last_posted_transaction_or_prior_closing_balance,,trusted,weekday_rule,base_calendar,False,,,complete
2026-01-11,67197.50,0.00,1,319397.70,last_posted_transaction_or_prior_closing_balance,synb1_txn_bd0fac61835fb91bca51f636,trusted,historical_transaction_override,historical_transaction_override,True,301,2026-01-12,complete
2026-01-12,0.00,0.00,0,319397.70,last_posted_transaction_or_prior_closing_balance,,trusted,weekday_rule,base_calendar,True,302,2026-01-13,complete
2026-01-13,0.00,1596.67,1,317801.03,last_posted_transaction_or_prior_closing_balance,synb1_txn_755cb2a3a2fd2f442b842dfb,trusted,weekday_rule,base_calendar,True,303,2026-01-14,complete
2026-01-14,0.00,4964.00,1,312837.03,last_posted_transaction_or_prior_closing_balance,synb1_txn_4574a550f7093be1de8a40bb,trusted,weekday_rule,base_calendar,True,304,2026-01-15,complete
2026-01-15,0.00,0.00,0,312837.03,last_posted_transaction_or_prior_closing_balance,,trusted,weekday_rule,base_calendar,True,305,2026-01-16,complete
2026-01-16,0.00,1144.17,1,311692.86,last_posted_transaction_or_prior_closing_balance,synb1_txn_fd7e6394b688500701029ec7,trusted,weekday_rule,base_calendar,True,306,2026-01-17,complete
2026-01-17,0.00,4735.04,1,306957.82,last_posted_transaction_or_prior_closing_balance,synb1_txn_6ae573a5d804abdbbbb1ca4b,trusted,historical_transaction_override,historical_transaction_override,True,307,2026-01-19,complete
2026-01-18,0.00,0.00,0,306957.82,last_posted_transaction_or_prior_closing_balance,,trusted,weekday_rule,base_calendar,False,,,complete
2026-01-19,0.00,0.00,0,306957.82,last_posted_transaction_or_prior_closing_balance,,trusted,weekday_rule,base_calendar,True,308,2026-01-20,complete
2026-01-20,70378.74,0.00,1,377336.56,last_posted_transaction_or_prior_closing_balance,synb1_txn_962a6a959a0b5e3ec0a8c9ee,trusted,weekday_rule,base_calendar,True,309,2026-01-21,complete
2026-01-21,0.00,0.00,0,377336.56,last_posted_transaction_or_prior_closing_balance,,trusted,weekday_rule,base_calendar,True,310,2026-01-22,complete
2026-01-22,0.00,1355.17,1,375981.39,last_posted_transaction_or_prior_closing_balance,synb1_txn_76606be8ea5a1cb97d93efc0,trusted,weekday_rule,base_calendar,True,311,2026-01-23,complete
2026-01-23,0.00,0.00,0,375981.39,last_posted_transaction_or_prior_closing_balance,,trusted,weekday_rule,base_calendar,True,312,2026-01-24,complete
2026-01-24,71478.09,0.00,1,447459.48,last_posted_transaction_or_prior_closing_balance,synb1_txn_5a7e0b6a10c0f44eb4e1a269,trusted,historical_transaction_override,historical_transaction_override,True,313,2026-01-25,complete
2026-01-25,0.00,55717.83,2,391741.65,last_posted_transaction_or_prior_closing_balance,synb1_txn_bf522d1171375915943df812,trusted,historical_transaction_override,historical_transaction_override,True,314,2026-01-26,complete
2026-01-26,0.00,4021.96,1,387719.69,last_posted_transaction_or_prior_closing_balance,synb1_txn_e77140e44e2f0633a99f3c28,trusted,weekday_rule,base_calendar,True,315,2026-01-27,complete
2026-01-27,0.00,50181.13,1,337538.56,last_posted_transaction_or_prior_closing_balance,synb1_txn_eb8904eba08d9bf5be2e9feb,trusted,weekday_rule,base_calendar,True,316,2026-01-28,complete
2026-01-28,0.00,12426.66,3,325111.90,last_posted_transaction_or_prior_closing_balance,synb1_txn_9dd76328c0675f6337590695,trusted,weekday_rule,base_calendar,True,317,2026-01-29,complete
2026-01-29,0.00,0.00,0,325111.90,last_posted_transaction_or_prior_closing_balance,,trusted,weekday_rule,base_calendar,True,318,2026-01-30,complete
2026-01-30,0.00,0.00,0,325111.90,last_posted_transaction_or_prior_closing_balance,,trusted,weekday_rule,base_calendar,True,319,2026-02-01,complete
2026-01-31,0.00,0.00,0,325111.90,last_posted_transaction_or_prior_closing_balance,,trusted,weekday_rule,base_calendar,False,,,complete
2026-02-01,0.00,33973.23,2,291138.67,last_posted_transaction_or_prior_closing_balance,synb1_txn_a692a6fec7ca6ea73193662f,trusted,historical_transaction_override,historical_transaction_override,True,320,2026-02-02,complete
2026-02-02,0.00,0.00,0,291138.67,last_posted_transaction_or_prior_closing_balance,,trusted,weekday_rule,base_calendar,True,321,2026-02-03,complete
2026-02-03,71518.52,0.00,1,362657.19,last_posted_transaction_or_prior_closing_balance,synb1_txn_f8cde3fbc6bd9091310e184e,trusted,weekday_rule,base_calendar,True,322,2026-02-04,complete
2026-02-04,0.00,0.00,0,362657.19,last_posted_transaction_or_prior_closing_balance,,trusted,weekday_rule,base_calendar,True,323,2026-02-05,complete
2026-02-05,79305.38,8122.66,3,433839.91,last_posted_transaction_or_prior_closing_balance,synb1_txn_00b3bc5b5505f2b16139a2a0,trusted,weekday_rule,base_calendar,True,324,2026-02-06,complete
2026-02-06,0.00,0.00,0,433839.91,last_posted_transaction_or_prior_closing_balance,,trusted,weekday_rule,base_calendar,True,325,2026-02-07,complete
2026-02-07,0.00,1159.00,1,432680.91,last_posted_transaction_or_prior_closing_balance,synb1_txn_1576e7273dcc7305ac834292,trusted,historical_transaction_override,historical_transaction_override,True,326,2026-02-09,complete
2026-02-08,0.00,0.00,0,432680.91,last_posted_transaction_or_prior_closing_balance,,trusted,weekday_rule,base_calendar,False,,,complete
2026-02-09,0.00,0.00,0,432680.91,last_posted_transaction_or_prior_closing_balance,,trusted,weekday_rule,base_calendar,True,327,2026-02-10,complete
2026-02-10,0.00,0.00,0,432680.91,last_posted_transaction_or_prior_closing_balance,,trusted,weekday_rule,base_calendar,True,328,2026-02-11,complete
2026-02-11,0.00,0.00,0,432680.91,last_posted_transaction_or_prior_closing_balance,,trusted,weekday_rule,base_calendar,True,329,2026-02-12,complete
2026-02-12,0.00,0.00,0,432680.91,last_posted_transaction_or_prior_closing_balance,,trusted,weekday_rule,base_calendar,True,330,2026-02-13,complete
2026-02-13,0.00,0.00,0,432680.91,last_posted_transaction_or_prior_closing_balance,,trusted,weekday_rule,base_calendar,True,331,2026-02-14,complete
2026-02-14,0.00,0.00,0,432680.91,last_posted_transaction_or_prior_closing_balance,,trusted,gov_cn_2026_holiday_schedule_v1,base_calendar,True,332,2026-02-15,complete
2026-02-15,0.00,29067.64,1,403613.27,last_posted_transaction_or_prior_closing_balance,synb1_txn_b9f321300cc95bc533e27cd0,trusted,historical_transaction_override,historical_transaction_override,True,333,2026-02-18,complete
2026-02-16,0.00,0.00,0,403613.27,last_posted_transaction_or_prior_closing_balance,,trusted,gov_cn_2026_holiday_schedule_v1,base_calendar,False,,,complete
2026-02-17,0.00,0.00,0,403613.27,last_posted_transaction_or_prior_closing_balance,,trusted,gov_cn_2026_holiday_schedule_v1,base_calendar,False,,,complete
2026-02-18,0.00,1508.09,1,402105.18,last_posted_transaction_or_prior_closing_balance,synb1_txn_8a5b21f391df658443315395,trusted,historical_transaction_override,historical_transaction_override,True,334,2026-02-19,complete
2026-02-19,71277.60,0.00,1,473382.78,last_posted_transaction_or_prior_closing_balance,synb1_txn_c6a11b0f9b51a7bfb003531c,trusted,historical_transaction_override,historical_transaction_override,True,335,2026-02-21,complete
2026-02-20,0.00,0.00,0,473382.78,last_posted_transaction_or_prior_closing_balance,,trusted,gov_cn_2026_holiday_schedule_v1,base_calendar,False,,,complete
2026-02-21,74091.20,1322.03,2,546151.95,last_posted_transaction_or_prior_closing_balance,synb1_txn_c064fe5379a231cfd0bbc437,trusted,historical_transaction_override,historical_transaction_override,True,336,2026-02-24,complete
2026-02-22,0.00,0.00,0,546151.95,last_posted_transaction_or_prior_closing_balance,,trusted,gov_cn_2026_holiday_schedule_v1,base_calendar,False,,,complete
2026-02-23,0.00,0.00,0,546151.95,last_posted_transaction_or_prior_closing_balance,,trusted,gov_cn_2026_holiday_schedule_v1,base_calendar,False,,,complete
2026-02-24,0.00,25068.52,1,521083.43,last_posted_transaction_or_prior_closing_balance,synb1_txn_f777a92f15c8b282d982ce95,trusted,weekday_rule,base_calendar,True,337,2026-02-25,complete
2026-02-25,0.00,0.00,0,521083.43,last_posted_transaction_or_prior_closing_balance,,trusted,weekday_rule,base_calendar,True,338,2026-02-26,complete
2026-02-26,0.00,0.00,0,521083.43,last_posted_transaction_or_prior_closing_balance,,trusted,weekday_rule,base_calendar,True,339,2026-02-27,complete
2026-02-27,0.00,4773.31,1,516310.12,last_posted_transaction_or_prior_closing_balance,synb1_txn_0e9a1dd23dd88e2eb1781213,trusted,weekday_rule,base_calendar,True,340,2026-02-28,complete
2026-02-28,0.00,40451.19,5,475858.93,last_posted_transaction_or_prior_closing_balance,synb1_txn_26ee26d91c846bd777010c32,trusted,gov_cn_2026_holiday_schedule_v1,base_calendar,True,341,2026-03-01,complete
2026-03-01,0.00,4407.59,1,471451.34,last_posted_transaction_or_prior_closing_balance,synb1_txn_23dbeb229b5d0954422dec2f,trusted,historical_transaction_override,historical_transaction_override,True,342,2026-03-02,complete
2026-03-02,0.00,4267.55,1,467183.79,last_posted_transaction_or_prior_closing_balance,synb1_txn_0424e468e5d8820c9d762d71,trusted,weekday_rule,base_calendar,True,343,2026-03-03,complete
2026-03-03,0.00,0.00,0,467183.79,last_posted_transaction_or_prior_closing_balance,,trusted,weekday_rule,base_calendar,True,344,2026-03-04,complete
2026-03-04,0.00,0.00,0,467183.79,last_posted_transaction_or_prior_closing_balance,,trusted,weekday_rule,base_calendar,True,345,2026-03-05,complete
2026-03-05,0.00,0.00,0,467183.79,last_posted_transaction_or_prior_closing_balance,,trusted,weekday_rule,base_calendar,True,346,2026-03-06,complete
2026-03-06,0.00,0.00,0,467183.79,last_posted_transaction_or_prior_closing_balance,,trusted,weekday_rule,base_calendar,True,347,2026-03-08,complete
2026-03-07,0.00,0.00,0,467183.79,last_posted_transaction_or_prior_closing_balance,,trusted,weekday_rule,base_calendar,False,,,complete
2026-03-08,0.00,1406.47,1,465777.32,last_posted_transaction_or_prior_closing_balance,synb1_txn_aacd34d9d98b490feefe682d,trusted,historical_transaction_override,historical_transaction_override,True,348,2026-03-09,complete
2026-03-09,0.00,0.00,0,465777.32,last_posted_transaction_or_prior_closing_balance,,trusted,weekday_rule,base_calendar,True,349,2026-03-10,complete
2026-03-10,0.00,0.00,0,465777.32,last_posted_transaction_or_prior_closing_balance,,trusted,weekday_rule,base_calendar,True,350,2026-03-11,complete
2026-03-11,0.00,0.00,0,465777.32,last_posted_transaction_or_prior_closing_balance,,trusted,weekday_rule,base_calendar,True,351,2026-03-12,complete
2026-03-12,0.00,0.00,0,465777.32,last_posted_transaction_or_prior_closing_balance,,trusted,weekday_rule,base_calendar,True,352,2026-03-13,complete
2026-03-13,0.00,0.00,0,465777.32,last_posted_transaction_or_prior_closing_balance,,trusted,weekday_rule,base_calendar,True,353,2026-03-15,complete
2026-03-14,0.00,0.00,0,465777.32,last_posted_transaction_or_prior_closing_balance,,trusted,weekday_rule,base_calendar,False,,,complete
2026-03-15,0.00,1351.87,1,464425.45,last_posted_transaction_or_prior_closing_balance,synb1_txn_b23e797e28c28cb68455eb36,trusted,historical_transaction_override,historical_transaction_override,True,354,2026-03-16,complete
2026-03-16,0.00,0.00,0,464425.45,last_posted_transaction_or_prior_closing_balance,,trusted,weekday_rule,base_calendar,True,355,2026-03-17,complete
2026-03-17,0.00,0.00,0,464425.45,last_posted_transaction_or_prior_closing_balance,,trusted,weekday_rule,base_calendar,True,356,2026-03-18,complete
2026-03-18,0.00,54323.74,2,410101.71,last_posted_transaction_or_prior_closing_balance,synb1_txn_88b057086a594c059f58a8ee,trusted,weekday_rule,base_calendar,True,357,2026-03-19,complete
2026-03-19,0.00,0.00,0,410101.71,last_posted_transaction_or_prior_closing_balance,,trusted,weekday_rule,base_calendar,True,358,2026-03-20,complete
2026-03-20,0.00,0.00,0,410101.71,last_posted_transaction_or_prior_closing_balance,,trusted,weekday_rule,base_calendar,True,359,2026-03-21,complete
2026-03-21,0.00,73576.07,3,336525.64,last_posted_transaction_or_prior_closing_balance,synb1_txn_94a54a9a8725ca6f815b8019,trusted,historical_transaction_override,historical_transaction_override,True,360,2026-03-23,complete
2026-03-22,0.00,0.00,0,336525.64,last_posted_transaction_or_prior_closing_balance,,trusted,weekday_rule,base_calendar,False,,,complete
2026-03-23,0.00,70896.12,1,265629.52,last_posted_transaction_or_prior_closing_balance,synb1_txn_a68d098b22bc13f800b5e43c,trusted,weekday_rule,base_calendar,True,361,2026-03-24,complete
2026-03-24,92397.34,0.00,1,358026.86,last_posted_transaction_or_prior_closing_balance,synb1_txn_e667d7e8cab769714a7fb78f,trusted,weekday_rule,base_calendar,True,362,2026-03-25,complete
2026-03-25,0.00,53982.19,1,304044.67,last_posted_transaction_or_prior_closing_balance,synb1_txn_7543e324e78c160d439f08cc,trusted,weekday_rule,base_calendar,True,363,2026-03-26,complete
2026-03-26,82168.71,0.00,1,386213.38,last_posted_transaction_or_prior_closing_balance,synb1_txn_5ac3ff1e18b89310d34cd16a,trusted,weekday_rule,base_calendar,True,364,2026-03-27,complete
2026-03-27,0.00,0.00,0,386213.38,last_posted_transaction_or_prior_closing_balance,,trusted,weekday_rule,base_calendar,True,365,2026-03-29,complete
2026-03-28,0.00,0.00,0,386213.38,last_posted_transaction_or_prior_closing_balance,,trusted,weekday_rule,base_calendar,False,,,complete
2026-03-29,65107.82,1151.97,2,450169.23,last_posted_transaction_or_prior_closing_balance,synb1_txn_c83523bb848fd9ae1581a0b3,trusted,historical_transaction_override,historical_transaction_override,True,366,2026-03-30,complete
2026-03-30,63954.63,13281.18,4,500842.68,last_posted_transaction_or_prior_closing_balance,synb1_txn_42c629b85b3df35af41327a5,trusted,weekday_rule,base_calendar,True,367,2026-03-31,complete
2026-03-31,0.00,0.00,0,500842.68,last_posted_transaction_or_prior_closing_balance,,trusted,weekday_rule,base_calendar,True,368,2026-04-01,complete
2026-04-01,79355.70,0.00,1,580198.38,last_posted_transaction_or_prior_closing_balance,synb1_txn_1e967389830f6efbd5561166,trusted,weekday_rule,base_calendar,True,369,2026-04-02,complete
2026-04-02,0.00,5144.57,1,575053.81,last_posted_transaction_or_prior_closing_balance,synb1_txn_573a021b07f17bb5cf94dc82,trusted,weekday_rule,base_calendar,True,370,2026-04-03,complete
2026-04-03,0.00,0.00,0,575053.81,last_posted_transaction_or_prior_closing_balance,,trusted,weekday_rule,base_calendar,True,371,2026-04-07,complete
2026-04-04,0.00,0.00,0,575053.81,last_posted_transaction_or_prior_closing_balance,,trusted,gov_cn_2026_holiday_schedule_v1,base_calendar,False,,,complete
2026-04-05,0.00,0.00,0,575053.81,last_posted_transaction_or_prior_closing_balance,,trusted,gov_cn_2026_holiday_schedule_v1,base_calendar,False,,,complete
2026-04-06,0.00,0.00,0,575053.81,last_posted_transaction_or_prior_closing_balance,,trusted,gov_cn_2026_holiday_schedule_v1,base_calendar,False,,,complete
2026-04-07,0.00,0.00,0,575053.81,last_posted_transaction_or_prior_closing_balance,,trusted,weekday_rule,base_calendar,True,372,2026-04-08,complete
2026-04-08,0.00,4006.03,1,571047.78,last_posted_transaction_or_prior_closing_balance,synb1_txn_818369c0024c8d061ffaecb2,trusted,weekday_rule,base_calendar,True,373,2026-04-09,complete
2026-04-09,0.00,0.00,0,571047.78,last_posted_transaction_or_prior_closing_balance,,trusted,weekday_rule,base_calendar,True,374,2026-04-10,complete
2026-04-10,0.00,0.00,0,571047.78,last_posted_transaction_or_prior_closing_balance,,trusted,weekday_rule,base_calendar,True,375,2026-04-11,complete
2026-04-11,0.00,4088.29,1,566959.49,last_posted_transaction_or_prior_closing_balance,synb1_txn_02952f39cb9ae097beefb613,trusted,historical_transaction_override,historical_transaction_override,True,376,2026-04-13,complete
2026-04-12,0.00,0.00,0,566959.49,last_posted_transaction_or_prior_closing_balance,,trusted,weekday_rule,base_calendar,False,,,complete
2026-04-13,0.00,0.00,0,566959.49,last_posted_transaction_or_prior_closing_balance,,trusted,weekday_rule,base_calendar,True,377,2026-04-14,complete
2026-04-14,81247.55,1089.63,2,647117.41,last_posted_transaction_or_prior_closing_balance,synb1_txn_abcf1401bde130b93517a865,trusted,weekday_rule,base_calendar,True,378,2026-04-15,complete
2026-04-15,0.00,0.00,0,647117.41,last_posted_transaction_or_prior_closing_balance,,trusted,weekday_rule,base_calendar,True,379,2026-04-16,complete
2026-04-16,0.00,0.00,0,647117.41,last_posted_transaction_or_prior_closing_balance,,trusted,weekday_rule,base_calendar,True,380,2026-04-17,complete
2026-04-17,0.00,0.00,0,647117.41,last_posted_transaction_or_prior_closing_balance,,trusted,weekday_rule,base_calendar,True,381,2026-04-20,complete
2026-04-18,0.00,0.00,0,647117.41,last_posted_transaction_or_prior_closing_balance,,trusted,weekday_rule,base_calendar,False,,,complete
2026-04-19,0.00,0.00,0,647117.41,last_posted_transaction_or_prior_closing_balance,,trusted,weekday_rule,base_calendar,False,,,complete
2026-04-20,0.00,0.00,0,647117.41,last_posted_transaction_or_prior_closing_balance,,trusted,weekday_rule,base_calendar,True,382,2026-04-21,complete
2026-04-21,81914.81,0.00,1,729032.22,last_posted_transaction_or_prior_closing_balance,synb1_txn_be7c492aef832479fac6082e,trusted,weekday_rule,base_calendar,True,383,2026-04-22,complete
2026-04-22,0.00,140474.61,3,588557.61,last_posted_transaction_or_prior_closing_balance,synb1_txn_d418e0fe3928152220947734,trusted,weekday_rule,base_calendar,True,384,2026-04-23,complete
2026-04-23,0.00,58314.83,1,530242.78,last_posted_transaction_or_prior_closing_balance,synb1_txn_848aa0f17b3f46d40c73fb5e,trusted,weekday_rule,base_calendar,True,385,2026-04-24,complete
2026-04-24,0.00,0.00,0,530242.78,last_posted_transaction_or_prior_closing_balance,,trusted,weekday_rule,base_calendar,True,386,2026-04-25,complete
2026-04-25,68546.24,54918.66,2,543870.36,last_posted_transaction_or_prior_closing_balance,synb1_txn_a3e8d35e2a3d3af97a926f9f,trusted,historical_transaction_override,historical_transaction_override,True,387,2026-04-27,complete
2026-04-26,0.00,0.00,0,543870.36,last_posted_transaction_or_prior_closing_balance,,trusted,weekday_rule,base_calendar,False,,,complete
2026-04-27,0.00,5600.07,2,538270.29,last_posted_transaction_or_prior_closing_balance,synb1_txn_40fcbaa494a8bcb3990c415a,trusted,weekday_rule,base_calendar,True,388,2026-04-28,complete
2026-04-28,0.00,15113.38,4,523156.91,last_posted_transaction_or_prior_closing_balance,synb1_txn_2fadd98097f851b2237b4db1,trusted,weekday_rule,base_calendar,True,389,2026-04-29,complete
2026-04-29,0.00,0.00,0,523156.91,last_posted_transaction_or_prior_closing_balance,,trusted,weekday_rule,base_calendar,True,390,2026-04-30,complete
2026-04-30,0.00,0.00,0,523156.91,last_posted_transaction_or_prior_closing_balance,,trusted,weekday_rule,base_calendar,True,391,2026-05-06,complete
2026-05-01,0.00,0.00,0,523156.91,last_posted_transaction_or_prior_closing_balance,,trusted,gov_cn_2026_holiday_schedule_v1,base_calendar,False,,,complete
2026-05-02,0.00,0.00,0,523156.91,last_posted_transaction_or_prior_closing_balance,,trusted,gov_cn_2026_holiday_schedule_v1,base_calendar,False,,,complete
2026-05-03,0.00,0.00,0,523156.91,last_posted_transaction_or_prior_closing_balance,,trusted,gov_cn_2026_holiday_schedule_v1,base_calendar,False,,,complete
2026-05-04,0.00,0.00,0,523156.91,last_posted_transaction_or_prior_closing_balance,,trusted,gov_cn_2026_holiday_schedule_v1,base_calendar,False,,,complete
2026-05-05,0.00,0.00,0,523156.91,last_posted_transaction_or_prior_closing_balance,,trusted,gov_cn_2026_holiday_schedule_v1,base_calendar,False,,,complete
2026-05-06,0.00,1321.70,1,521835.21,last_posted_transaction_or_prior_closing_balance,synb1_txn_b3c087e8f3c0f8912ca9e385,trusted,weekday_rule,base_calendar,True,392,2026-05-07,complete
2026-05-07,0.00,94226.03,1,427609.18,last_posted_transaction_or_prior_closing_balance,synb1_txn_6f0acfaff30917eec83d3dab,trusted,weekday_rule,base_calendar,True,393,2026-05-08,complete
2026-05-08,0.00,0.00,0,427609.18,last_posted_transaction_or_prior_closing_balance,,trusted,weekday_rule,base_calendar,True,394,2026-05-09,complete
2026-05-09,0.00,85445.91,1,342163.27,last_posted_transaction_or_prior_closing_balance,synb1_txn_ce63584427e20d0673c61637,trusted,gov_cn_2026_holiday_schedule_v1,base_calendar,True,395,2026-05-11,complete
2026-05-10,0.00,0.00,0,342163.27,last_posted_transaction_or_prior_closing_balance,,trusted,weekday_rule,base_calendar,False,,,complete
2026-05-11,0.00,0.00,0,342163.27,last_posted_transaction_or_prior_closing_balance,,trusted,weekday_rule,base_calendar,True,396,2026-05-12,complete
2026-05-12,66640.78,4686.52,2,404117.53,last_posted_transaction_or_prior_closing_balance,synb1_txn_def598d826fe4abeee29122b,trusted,weekday_rule,base_calendar,True,397,2026-05-13,complete
2026-05-13,0.00,0.00,0,404117.53,last_posted_transaction_or_prior_closing_balance,,trusted,weekday_rule,base_calendar,True,398,2026-05-14,complete
2026-05-14,0.00,0.00,0,404117.53,last_posted_transaction_or_prior_closing_balance,,trusted,weekday_rule,base_calendar,True,399,2026-05-15,complete
2026-05-15,0.00,0.00,0,404117.53,last_posted_transaction_or_prior_closing_balance,,trusted,weekday_rule,base_calendar,True,400,2026-05-18,complete
2026-05-16,0.00,0.00,0,404117.53,last_posted_transaction_or_prior_closing_balance,,trusted,weekday_rule,base_calendar,False,,,complete
2026-05-17,0.00,0.00,0,404117.53,last_posted_transaction_or_prior_closing_balance,,trusted,weekday_rule,base_calendar,False,,,complete
2026-05-18,0.00,0.00,0,404117.53,last_posted_transaction_or_prior_closing_balance,,trusted,weekday_rule,base_calendar,True,401,2026-05-19,complete
2026-05-19,0.00,0.00,0,404117.53,last_posted_transaction_or_prior_closing_balance,,trusted,weekday_rule,base_calendar,True,402,2026-05-20,complete
2026-05-20,0.00,5838.22,2,398279.31,last_posted_transaction_or_prior_closing_balance,synb1_txn_a0062762b55c97aee519e9eb,trusted,weekday_rule,base_calendar,True,403,2026-05-21,complete
2026-05-21,0.00,0.00,0,398279.31,last_posted_transaction_or_prior_closing_balance,,trusted,weekday_rule,base_calendar,True,404,2026-05-22,complete
2026-05-22,66919.41,126093.95,3,339104.77,last_posted_transaction_or_prior_closing_balance,synb1_txn_d1b8f23a04b72b8c40bbed92,trusted,weekday_rule,base_calendar,True,405,2026-05-24,complete
2026-05-23,0.00,0.00,0,339104.77,last_posted_transaction_or_prior_closing_balance,,trusted,weekday_rule,base_calendar,False,,,complete
2026-05-24,91478.82,0.00,1,430583.59,last_posted_transaction_or_prior_closing_balance,synb1_txn_2c6aa34cf66360737d8cbb00,trusted,historical_transaction_override,historical_transaction_override,True,406,2026-05-25,complete
2026-05-25,0.00,91044.52,1,339539.07,last_posted_transaction_or_prior_closing_balance,synb1_txn_09fe849f49957a4092aca6f0,trusted,weekday_rule,base_calendar,True,407,2026-05-26,complete
2026-05-26,0.00,4803.53,2,334735.54,last_posted_transaction_or_prior_closing_balance,synb1_txn_bbdff17321621b23fe0dfe79,trusted,weekday_rule,base_calendar,True,408,2026-05-27,complete
2026-05-27,0.00,0.00,0,334735.54,last_posted_transaction_or_prior_closing_balance,,trusted,weekday_rule,base_calendar,True,409,2026-05-28,complete
2026-05-28,93461.09,14135.70,4,414060.93,last_posted_transaction_or_prior_closing_balance,synb1_txn_51a7f9f461c187098eee445d,trusted,weekday_rule,base_calendar,True,410,2026-05-29,complete
2026-05-29,0.00,0.00,0,414060.93,last_posted_transaction_or_prior_closing_balance,,trusted,weekday_rule,base_calendar,True,411,2026-05-31,complete
2026-05-30,0.00,0.00,0,414060.93,last_posted_transaction_or_prior_closing_balance,,trusted,weekday_rule,base_calendar,False,,,complete
2026-05-31,0.00,1414.00,1,412646.93,last_posted_transaction_or_prior_closing_balance,synb1_txn_39852a97fb17dc82df636802,trusted,historical_transaction_override,historical_transaction_override,True,412,2026-06-01,complete
2026-06-01,0.00,0.00,0,412646.93,last_posted_transaction_or_prior_closing_balance,,trusted,weekday_rule,base_calendar,True,413,2026-06-02,complete
2026-06-02,0.00,0.00,0,412646.93,last_posted_transaction_or_prior_closing_balance,,trusted,weekday_rule,base_calendar,True,414,2026-06-03,complete
2026-06-03,0.00,0.00,0,412646.93,last_posted_transaction_or_prior_closing_balance,,trusted,weekday_rule,base_calendar,True,415,2026-06-04,complete
2026-06-04,0.00,0.00,0,412646.93,last_posted_transaction_or_prior_closing_balance,,trusted,weekday_rule,base_calendar,True,416,2026-06-05,complete
2026-06-05,0.00,68324.89,1,344322.04,last_posted_transaction_or_prior_closing_balance,synb1_txn_37cbe654096e15d0dd673d1e,trusted,weekday_rule,base_calendar,True,417,2026-06-08,complete
2026-06-06,0.00,0.00,0,344322.04,last_posted_transaction_or_prior_closing_balance,,trusted,weekday_rule,base_calendar,False,,,complete
2026-06-07,0.00,0.00,0,344322.04,last_posted_transaction_or_prior_closing_balance,,trusted,weekday_rule,base_calendar,False,,,complete
2026-06-08,0.00,1320.25,1,343001.79,last_posted_transaction_or_prior_closing_balance,synb1_txn_46916179622585b402dd0308,trusted,weekday_rule,base_calendar,True,418,2026-06-09,complete
2026-06-09,0.00,65655.54,1,277346.25,last_posted_transaction_or_prior_closing_balance,synb1_txn_be11c0f0e883661f09e64bad,trusted,weekday_rule,base_calendar,True,419,2026-06-10,complete
2026-06-10,0.00,0.00,0,277346.25,last_posted_transaction_or_prior_closing_balance,,trusted,weekday_rule,base_calendar,True,420,2026-06-11,complete
2026-06-11,0.00,0.00,0,277346.25,last_posted_transaction_or_prior_closing_balance,,trusted,weekday_rule,base_calendar,True,421,2026-06-12,complete
2026-06-12,82058.78,1442.88,2,357962.15,last_posted_transaction_or_prior_closing_balance,synb1_txn_c185df33a6170d10367e11a4,trusted,weekday_rule,base_calendar,True,422,2026-06-13,complete
2026-06-13,82058.78,0.00,1,440020.93,last_posted_transaction_or_prior_closing_balance,synb1_txn_df4a0d5336a4fa36e95a4280,trusted,historical_transaction_override,historical_transaction_override,True,423,2026-06-14,complete
2026-06-14,0.00,3563.25,1,436457.68,last_posted_transaction_or_prior_closing_balance,synb1_txn_6dbd386e9f85c9b76c8d5ae0,trusted,historical_transaction_override,historical_transaction_override,True,424,2026-06-15,complete
2026-06-15,76174.16,0.00,1,512631.84,last_posted_transaction_or_prior_closing_balance,synb1_txn_5e8052b2b86472481f02882e,trusted,weekday_rule,base_calendar,True,425,2026-06-16,complete
2026-06-16,0.00,0.00,0,512631.84,last_posted_transaction_or_prior_closing_balance,,trusted,weekday_rule,base_calendar,True,426,2026-06-17,complete
2026-06-17,0.00,0.00,0,512631.84,last_posted_transaction_or_prior_closing_balance,,trusted,weekday_rule,base_calendar,True,427,2026-06-18,complete
2026-06-18,0.00,0.00,0,512631.84,last_posted_transaction_or_prior_closing_balance,,trusted,weekday_rule,base_calendar,True,428,2026-06-19,complete
2026-06-19,0.00,1244.87,1,511386.97,last_posted_transaction_or_prior_closing_balance,synb1_txn_6a23efa2cd389482566e6774,trusted,historical_transaction_override,historical_transaction_override,True,429,2026-06-21,complete
2026-06-20,0.00,0.00,0,511386.97,last_posted_transaction_or_prior_closing_balance,,trusted,gov_cn_2026_holiday_schedule_v1,base_calendar,False,,,complete
2026-06-21,0.00,9170.07,2,502216.90,last_posted_transaction_or_prior_closing_balance,synb1_txn_31a2469470a52a201d13b35b,trusted,historical_transaction_override,historical_transaction_override,True,430,2026-06-22,complete
2026-06-22,0.00,1500.00,1,500716.90,last_posted_transaction_or_prior_closing_balance,synb1_txn_a11f2ce3c4c3e679c373dde1,trusted,weekday_rule,base_calendar,True,431,2026-06-23,complete
2026-06-23,0.00,63365.40,1,437351.50,last_posted_transaction_or_prior_closing_balance,synb1_txn_20917456cc54b0b50e6a030e,trusted,weekday_rule,base_calendar,True,432,2026-06-24,complete
2026-06-24,85644.18,67112.91,2,455882.77,last_posted_transaction_or_prior_closing_balance,synb1_txn_366a2a1e63515d7669db3dff,trusted,weekday_rule,base_calendar,True,433,2026-06-25,complete
2026-06-25,0.00,0.00,0,455882.77,last_posted_transaction_or_prior_closing_balance,,trusted,weekday_rule,base_calendar,True,434,2026-06-26,complete
2026-06-26,0.00,0.00,0,455882.77,last_posted_transaction_or_prior_closing_balance,,trusted,weekday_rule,base_calendar,True,435,2026-06-29,complete
2026-06-27,0.00,0.00,0,455882.77,last_posted_transaction_or_prior_closing_balance,,trusted,weekday_rule,base_calendar,False,,,complete
2026-06-28,0.00,0.00,0,455882.77,last_posted_transaction_or_prior_closing_balance,,trusted,weekday_rule,base_calendar,False,,,complete
2026-06-29,0.00,19262.46,4,436620.31,last_posted_transaction_or_prior_closing_balance,synb1_txn_cb226089ac57b4fbd847856c,trusted,weekday_rule,base_calendar,True,436,2026-06-30,complete
2026-06-30,0.00,0.00,0,436620.31,last_posted_transaction_or_prior_closing_balance,,trusted,weekday_rule,base_calendar,True,437,2026-07-01,complete
2026-07-01,0.00,0.00,0,436620.31,last_posted_transaction_or_prior_closing_balance,,trusted,weekday_rule,base_calendar,True,438,2026-07-02,complete
2026-07-02,0.00,0.00,0,436620.31,last_posted_transaction_or_prior_closing_balance,,trusted,weekday_rule,base_calendar,True,439,2026-07-03,complete
2026-07-03,0.00,58277.12,1,378343.19,last_posted_transaction_or_prior_closing_balance,synb1_txn_dc388c706f49e15b40e3c277,trusted,weekday_rule,base_calendar,True,440,2026-07-06,complete
2026-07-04,0.00,0.00,0,378343.19,last_posted_transaction_or_prior_closing_balance,,trusted,weekday_rule,base_calendar,False,,,complete
2026-07-05,0.00,0.00,0,378343.19,last_posted_transaction_or_prior_closing_balance,,trusted,weekday_rule,base_calendar,False,,,complete
2026-07-06,0.00,0.00,0,378343.19,last_posted_transaction_or_prior_closing_balance,,trusted,weekday_rule,base_calendar,True,441,2026-07-07,complete
2026-07-07,0.00,4270.96,1,374072.23,last_posted_transaction_or_prior_closing_balance,synb1_txn_5bf5b2b0f410f636cdf50393,trusted,weekday_rule,base_calendar,True,442,2026-07-08,complete
2026-07-08,0.00,0.00,0,374072.23,last_posted_transaction_or_prior_closing_balance,,trusted,weekday_rule,base_calendar,True,443,2026-07-09,complete
2026-07-09,0.00,0.00,0,374072.23,last_posted_transaction_or_prior_closing_balance,,trusted,weekday_rule,base_calendar,True,444,2026-07-10,complete
2026-07-10,0.00,0.00,0,374072.23,last_posted_transaction_or_prior_closing_balance,,trusted,weekday_rule,base_calendar,True,445,2026-07-13,complete
2026-07-11,0.00,0.00,0,374072.23,last_posted_transaction_or_prior_closing_balance,,trusted,weekday_rule,base_calendar,False,,,complete
2026-07-12,0.00,0.00,0,374072.23,last_posted_transaction_or_prior_closing_balance,,trusted,weekday_rule,base_calendar,False,,,complete
2026-07-13,100089.17,3051.26,3,471110.14,last_posted_transaction_or_prior_closing_balance,synb1_txn_e1f3648e4504da5a63401156,trusted,weekday_rule,base_calendar,True,446,2026-07-14,complete
2026-07-14,0.00,5093.10,1,466017.04,last_posted_transaction_or_prior_closing_balance,synb1_txn_738b9dabc1f29418ceddacb2,trusted,weekday_rule,base_calendar,True,447,2026-07-15,complete
2026-07-15,0.00,136272.99,2,329744.05,last_posted_transaction_or_prior_closing_balance,synb1_txn_d1df7b21ce1b8f0456678e3e,trusted,weekday_rule,base_calendar,True,448,2026-07-16,complete
2026-07-16,0.00,3962.90,1,325781.15,last_posted_transaction_or_prior_closing_balance,synb1_txn_ab8e5ad79b5ce56c9186b6fb,trusted,weekday_rule,base_calendar,True,449,2026-07-17,complete
2026-07-17,75180.82,0.00,1,400961.97,last_posted_transaction_or_prior_closing_balance,synb1_txn_e0ef4a55944590c532693017,trusted,weekday_rule,base_calendar,True,450,2026-07-19,complete
2026-07-18,0.00,0.00,0,400961.97,last_posted_transaction_or_prior_closing_balance,,trusted,weekday_rule,base_calendar,False,,,complete
2026-07-19,0.00,4105.86,1,396856.11,last_posted_transaction_or_prior_closing_balance,synb1_txn_67ebc52a756b9090bdebe38b,trusted,historical_transaction_override,historical_transaction_override,True,451,2026-07-20,complete
2026-07-20,0.00,1220.00,1,395636.11,last_posted_transaction_or_prior_closing_balance,synb1_txn_4f2756c73865142f153ff780,trusted,weekday_rule,base_calendar,True,452,2026-07-21,complete
2026-07-21,87959.96,0.00,1,483596.07,last_posted_transaction_or_prior_closing_balance,synb1_txn_6581e4648006ca50363c5592,trusted,weekday_rule,base_calendar,True,453,2026-07-22,complete
2026-07-22,0.00,0.00,0,483596.07,last_posted_transaction_or_prior_closing_balance,,trusted,weekday_rule,base_calendar,True,454,2026-07-23,complete
2026-07-23,0.00,0.00,0,483596.07,last_posted_transaction_or_prior_closing_balance,,trusted,weekday_rule,base_calendar,True,455,2026-07-24,complete
2026-07-24,0.00,76337.75,1,407258.32,last_posted_transaction_or_prior_closing_balance,synb1_txn_35c146ebf9d35563bfe3bf5f,trusted,weekday_rule,base_calendar,True,456,2026-07-26,complete
2026-07-25,0.00,0.00,0,407258.32,last_posted_transaction_or_prior_closing_balance,,trusted,weekday_rule,base_calendar,False,,,complete
2026-07-26,70141.75,0.00,1,477400.07,last_posted_transaction_or_prior_closing_balance,synb1_txn_1f924365a9cf70fd6009ab4a,trusted,historical_transaction_override,historical_transaction_override,True,457,2026-07-27,complete
2026-07-27,0.00,0.00,0,477400.07,last_posted_transaction_or_prior_closing_balance,,trusted,weekday_rule,base_calendar,True,458,2026-07-28,complete
2026-07-28,0.00,16226.97,4,461173.10,last_posted_transaction_or_prior_closing_balance,synb1_txn_5695127cc90e38eadd5eb41f,trusted,weekday_rule,base_calendar,True,459,2026-07-29,complete
2026-07-29,0.00,0.00,0,461173.10,last_posted_transaction_or_prior_closing_balance,,trusted,weekday_rule,base_calendar,True,460,2026-07-30,complete
2026-07-30,0.00,0.00,0,461173.10,last_posted_transaction_or_prior_closing_balance,,trusted,weekday_rule,base_calendar,True,461,2026-07-31,complete
2026-07-31,0.00,0.00,0,461173.10,last_posted_transaction_or_prior_closing_balance,,trusted,weekday_rule,base_calendar,True,462,2026-08-01,complete
2026-08-01,0.00,4752.83,1,456420.27,last_posted_transaction_or_prior_closing_balance,synb1_txn_b79c97ceeb4c0c3c95fe2baf,trusted,historical_transaction_override,historical_transaction_override,True,463,2026-08-03,complete
2026-08-02,0.00,0.00,0,456420.27,last_posted_transaction_or_prior_closing_balance,,trusted,weekday_rule,base_calendar,False,,,complete
2026-08-03,0.00,0.00,0,456420.27,last_posted_transaction_or_prior_closing_balance,,trusted,weekday_rule,base_calendar,True,464,2026-08-04,complete
2026-08-04,0.00,0.00,0,456420.27,last_posted_transaction_or_prior_closing_balance,,trusted,weekday_rule,base_calendar,True,465,2026-08-05,complete
2026-08-05,0.00,0.00,0,456420.27,last_posted_transaction_or_prior_closing_balance,,trusted,weekday_rule,base_calendar,True,466,2026-08-06,complete
2026-08-06,77112.83,1422.56,2,532110.54,last_posted_transaction_or_prior_closing_balance,synb1_txn_220016ea137e99b9d9a601cc,trusted,weekday_rule,base_calendar,True,467,2026-08-07,complete
2026-08-07,0.00,0.00,0,532110.54,last_posted_transaction_or_prior_closing_balance,,trusted,weekday_rule,base_calendar,True,468,2026-08-08,complete
2026-08-08,75623.33,0.00,1,607733.87,last_posted_transaction_or_prior_closing_balance,synb1_txn_b81f93fc1ec94865db339a25,trusted,historical_transaction_override,historical_transaction_override,True,469,2026-08-10,complete
2026-08-09,0.00,0.00,0,607733.87,last_posted_transaction_or_prior_closing_balance,,trusted,weekday_rule,base_calendar,False,,,complete
2026-08-10,80791.72,1276.45,2,687249.14,last_posted_transaction_or_prior_closing_balance,synb1_txn_0e0b675287f11e255f2eff72,trusted,weekday_rule,base_calendar,True,470,2026-08-11,complete
2026-08-11,0.00,0.00,0,687249.14,last_posted_transaction_or_prior_closing_balance,,trusted,weekday_rule,base_calendar,True,471,2026-08-12,complete
2026-08-12,0.00,0.00,0,687249.14,last_posted_transaction_or_prior_closing_balance,,trusted,weekday_rule,base_calendar,True,472,2026-08-13,complete
2026-08-13,0.00,0.00,0,687249.14,last_posted_transaction_or_prior_closing_balance,,trusted,weekday_rule,base_calendar,True,473,2026-08-14,complete
2026-08-14,107279.62,4577.25,2,789951.51,last_posted_transaction_or_prior_closing_balance,synb1_txn_b4d22a4e35a34cc6077e5caf,trusted,weekday_rule,base_calendar,True,474,2026-08-15,complete
2026-08-15,0.00,4717.81,2,785233.70,last_posted_transaction_or_prior_closing_balance,synb1_txn_30b9098de369f5c31f52203d,trusted,historical_transaction_override,historical_transaction_override,True,475,2026-08-16,complete
2026-08-16,0.00,4777.67,1,780456.03,last_posted_transaction_or_prior_closing_balance,synb1_txn_8e49c28f6514b70b164906c0,trusted,historical_transaction_override,historical_transaction_override,True,476,2026-08-17,complete
2026-08-17,0.00,0.00,0,780456.03,last_posted_transaction_or_prior_closing_balance,,trusted,weekday_rule,base_calendar,True,477,2026-08-18,complete
2026-08-18,0.00,0.00,0,780456.03,last_posted_transaction_or_prior_closing_balance,,trusted,weekday_rule,base_calendar,True,478,2026-08-19,complete
2026-08-19,0.00,68093.46,1,712362.57,last_posted_transaction_or_prior_closing_balance,synb1_txn_551157eba6c6c1841a7091ad,trusted,weekday_rule,base_calendar,True,479,2026-08-20,complete
2026-08-20,0.00,1416.25,1,710946.32,last_posted_transaction_or_prior_closing_balance,synb1_txn_ad163f057b826d04fb8c0c64,trusted,weekday_rule,base_calendar,True,480,2026-08-21,complete
2026-08-21,0.00,0.00,0,710946.32,last_posted_transaction_or_prior_closing_balance,,trusted,weekday_rule,base_calendar,True,481,2026-08-24,complete
2026-08-22,0.00,0.00,0,710946.32,last_posted_transaction_or_prior_closing_balance,,trusted,weekday_rule,base_calendar,False,,,complete
2026-08-23,0.00,0.00,0,710946.32,last_posted_transaction_or_prior_closing_balance,,trusted,weekday_rule,base_calendar,False,,,complete
2026-08-24,0.00,0.00,0,710946.32,last_posted_transaction_or_prior_closing_balance,,trusted,weekday_rule,base_calendar,True,482,2026-08-25,complete
2026-08-25,0.00,0.00,0,710946.32,last_posted_transaction_or_prior_closing_balance,,trusted,weekday_rule,base_calendar,True,483,2026-08-26,complete
2026-08-26,0.00,66609.83,1,644336.49,last_posted_transaction_or_prior_closing_balance,synb1_txn_8370ac4713b56b48aadef263,trusted,weekday_rule,base_calendar,True,484,2026-08-27,complete
2026-08-27,0.00,0.00,0,644336.49,last_posted_transaction_or_prior_closing_balance,,trusted,weekday_rule,base_calendar,True,485,2026-08-28,complete
2026-08-28,0.00,157102.97,5,487233.52,last_posted_transaction_or_prior_closing_balance,synb1_txn_dc59a736a6937fe90df43dc1,trusted,weekday_rule,base_calendar,True,486,2026-08-31,complete
2026-08-29,0.00,0.00,0,487233.52,last_posted_transaction_or_prior_closing_balance,,trusted,weekday_rule,base_calendar,False,,,complete
2026-08-30,0.00,0.00,0,487233.52,last_posted_transaction_or_prior_closing_balance,,trusted,weekday_rule,base_calendar,False,,,complete
2026-08-31,0.00,0.00,0,487233.52,last_posted_transaction_or_prior_closing_balance,,trusted,weekday_rule,base_calendar,True,487,2026-09-01,complete
2026-09-01,0.00,0.00,0,487233.52,last_posted_transaction_or_prior_closing_balance,,trusted,weekday_rule,base_calendar,True,488,2026-09-02,complete
2026-09-02,0.00,0.00,0,487233.52,last_posted_transaction_or_prior_closing_balance,,trusted,weekday_rule,base_calendar,True,489,2026-09-03,complete
2026-09-03,95341.00,4526.71,2,578047.81,last_posted_transaction_or_prior_closing_balance,synb1_txn_b237ed0c40346ea467278112,trusted,weekday_rule,base_calendar,True,490,2026-09-04,complete
2026-09-04,0.00,0.00,0,578047.81,last_posted_transaction_or_prior_closing_balance,,trusted,weekday_rule,base_calendar,True,491,2026-09-06,complete
2026-09-05,0.00,0.00,0,578047.81,last_posted_transaction_or_prior_closing_balance,,trusted,weekday_rule,base_calendar,False,,,complete
2026-09-06,0.00,1648.68,1,576399.13,last_posted_transaction_or_prior_closing_balance,synb1_txn_3593fee605fd539f1e55502c,trusted,historical_transaction_override,historical_transaction_override,True,492,2026-09-07,complete
2026-09-07,0.00,3737.35,1,572661.78,last_posted_transaction_or_prior_closing_balance,synb1_txn_83280de8b4e262e2e3a07b48,trusted,weekday_rule,base_calendar,True,493,2026-09-08,complete
2026-09-08,0.00,80909.16,1,491752.62,last_posted_transaction_or_prior_closing_balance,synb1_txn_3901a7aad3ae0e45b9dacb35,trusted,weekday_rule,base_calendar,True,494,2026-09-09,complete
2026-09-09,91832.76,0.00,1,583585.38,last_posted_transaction_or_prior_closing_balance,synb1_txn_4ae3608d15124b0e60b12b06,trusted,weekday_rule,base_calendar,True,495,2026-09-10,complete
2026-09-10,0.00,0.00,0,583585.38,last_posted_transaction_or_prior_closing_balance,,trusted,weekday_rule,base_calendar,True,496,2026-09-11,complete
2026-09-11,0.00,0.00,0,583585.38,last_posted_transaction_or_prior_closing_balance,,trusted,weekday_rule,base_calendar,True,497,2026-09-14,complete
2026-09-12,0.00,0.00,0,583585.38,last_posted_transaction_or_prior_closing_balance,,trusted,weekday_rule,base_calendar,False,,,complete
2026-09-13,0.00,0.00,0,583585.38,last_posted_transaction_or_prior_closing_balance,,trusted,weekday_rule,base_calendar,False,,,complete
2026-09-14,0.00,0.00,0,583585.38,last_posted_transaction_or_prior_closing_balance,,trusted,weekday_rule,base_calendar,True,498,2026-09-15,complete
2026-09-15,0.00,0.00,0,583585.38,last_posted_transaction_or_prior_closing_balance,,trusted,weekday_rule,base_calendar,True,499,2026-09-16,complete
2026-09-16,0.00,0.00,0,583585.38,last_posted_transaction_or_prior_closing_balance,,trusted,weekday_rule,base_calendar,True,500,2026-09-17,complete
2026-09-17,0.00,0.00,0,583585.38,last_posted_transaction_or_prior_closing_balance,,trusted,weekday_rule,base_calendar,True,501,2026-09-18,complete
2026-09-18,0.00,65387.90,1,518197.48,last_posted_transaction_or_prior_closing_balance,synb1_txn_6cf10bcfff37d3e97a92ff37,trusted,weekday_rule,base_calendar,True,502,2026-09-19,complete
2026-09-19,0.00,1325.45,1,516872.03,last_posted_transaction_or_prior_closing_balance,synb1_txn_37df8ad1f284aa60bee46a1c,trusted,historical_transaction_override,historical_transaction_override,True,503,2026-09-20,complete
2026-09-20,0.00,63318.90,1,453553.13,last_posted_transaction_or_prior_closing_balance,synb1_txn_e028e439bc534466012a6c9a,trusted,gov_cn_2026_holiday_schedule_v1,base_calendar,True,504,2026-09-21,complete
2026-09-21,0.00,0.00,0,453553.13,last_posted_transaction_or_prior_closing_balance,,trusted,weekday_rule,base_calendar,True,505,2026-09-22,complete
2026-09-22,0.00,5421.72,1,448131.41,last_posted_transaction_or_prior_closing_balance,synb1_txn_7c647af258b1c49c162b451d,trusted,weekday_rule,base_calendar,True,506,2026-09-23,complete
2026-09-23,0.00,0.00,0,448131.41,last_posted_transaction_or_prior_closing_balance,,trusted,weekday_rule,base_calendar,True,507,2026-09-24,complete
2026-09-24,84213.94,0.00,1,532345.35,last_posted_transaction_or_prior_closing_balance,synb1_txn_55c8b6856843eec908499ec2,trusted,weekday_rule,base_calendar,True,508,2026-09-25,complete
2026-09-25,0.00,4904.01,2,527441.34,last_posted_transaction_or_prior_closing_balance,synb1_txn_97e4cd44b096841895612e0b,trusted,historical_transaction_override,historical_transaction_override,True,509,2026-09-26,complete
2026-09-26,76855.60,0.00,1,604296.94,last_posted_transaction_or_prior_closing_balance,synb1_txn_a8f81327a4f4b79cb65a2da7,trusted,historical_transaction_override,historical_transaction_override,True,510,2026-09-28,complete
2026-09-27,0.00,0.00,0,604296.94,last_posted_transaction_or_prior_closing_balance,,trusted,gov_cn_2026_holiday_schedule_v1,base_calendar,False,,,complete
2026-09-28,0.00,17221.65,4,587075.29,last_posted_transaction_or_prior_closing_balance,synb1_txn_7e575a88ce38b137204b2601,trusted,weekday_rule,base_calendar,True,511,2026-09-29,complete
2026-09-29,0.00,63093.19,1,523982.10,last_posted_transaction_or_prior_closing_balance,synb1_txn_fdff4ee55a8a8ce1171f652b,trusted,weekday_rule,base_calendar,True,512,2026-09-30,complete
2026-09-30,0.00,0.00,0,523982.10,last_posted_transaction_or_prior_closing_balance,,trusted,weekday_rule,base_calendar,True,513,2026-10-01,complete
2026-10-01,0.00,1268.72,1,522713.38,last_posted_transaction_or_prior_closing_balance,synb1_txn_61319407445b1b9277194f30,trusted,historical_transaction_override,historical_transaction_override,True,514,2026-10-07,complete
2026-10-02,0.00,0.00,0,522713.38,last_posted_transaction_or_prior_closing_balance,,trusted,gov_cn_2026_holiday_schedule_v1,base_calendar,False,,,complete
2026-10-03,0.00,0.00,0,522713.38,last_posted_transaction_or_prior_closing_balance,,trusted,gov_cn_2026_holiday_schedule_v1,base_calendar,False,,,complete
2026-10-04,0.00,0.00,0,522713.38,last_posted_transaction_or_prior_closing_balance,,trusted,gov_cn_2026_holiday_schedule_v1,base_calendar,False,,,complete
2026-10-05,0.00,0.00,0,522713.38,last_posted_transaction_or_prior_closing_balance,,trusted,gov_cn_2026_holiday_schedule_v1,base_calendar,False,,,complete
2026-10-06,0.00,0.00,0,522713.38,last_posted_transaction_or_prior_closing_balance,,trusted,gov_cn_2026_holiday_schedule_v1,base_calendar,False,,,complete
2026-10-07,0.00,1528.43,1,521184.95,last_posted_transaction_or_prior_closing_balance,synb1_txn_244a5212554158a657057492,trusted,historical_transaction_override,historical_transaction_override,True,515,2026-10-08,complete
2026-10-08,0.00,76077.67,1,445107.28,last_posted_transaction_or_prior_closing_balance,synb1_txn_a393e8edf6a6096205f5dd30,trusted,weekday_rule,base_calendar,True,516,2026-10-09,complete
2026-10-09,0.00,0.00,0,445107.28,last_posted_transaction_or_prior_closing_balance,,trusted,weekday_rule,base_calendar,True,517,2026-10-10,complete
2026-10-10,0.00,4441.05,1,440666.23,last_posted_transaction_or_prior_closing_balance,synb1_txn_7e95574956a7442494f8a2fb,trusted,gov_cn_2026_holiday_schedule_v1,base_calendar,True,518,2026-10-11,complete
2026-10-11,0.00,8391.88,2,432274.35,last_posted_transaction_or_prior_closing_balance,synb1_txn_fa5867d05f2f03bade1ae6b2,trusted,historical_transaction_override,historical_transaction_override,True,519,2026-10-12,complete
2026-10-12,0.00,0.00,0,432274.35,last_posted_transaction_or_prior_closing_balance,,trusted,weekday_rule,base_calendar,True,520,2026-10-13,complete
2026-10-13,0.00,0.00,0,432274.35,last_posted_transaction_or_prior_closing_balance,,trusted,weekday_rule,base_calendar,True,521,2026-10-14,complete
2026-10-14,0.00,0.00,0,432274.35,last_posted_transaction_or_prior_closing_balance,,trusted,weekday_rule,base_calendar,True,522,2026-10-15,complete
2026-10-15,0.00,0.00,0,432274.35,last_posted_transaction_or_prior_closing_balance,,trusted,weekday_rule,base_calendar,True,523,2026-10-16,complete
2026-10-16,0.00,0.00,0,432274.35,last_posted_transaction_or_prior_closing_balance,,trusted,weekday_rule,base_calendar,True,524,2026-10-19,complete
2026-10-17,0.00,0.00,0,432274.35,last_posted_transaction_or_prior_closing_balance,,trusted,weekday_rule,base_calendar,False,,,complete
2026-10-18,0.00,0.00,0,432274.35,last_posted_transaction_or_prior_closing_balance,,trusted,weekday_rule,base_calendar,False,,,complete
2026-10-19,98452.17,0.00,1,530726.52,last_posted_transaction_or_prior_closing_balance,synb1_txn_b4d077ce218aef23824185c6,trusted,weekday_rule,base_calendar,True,525,2026-10-20,complete
2026-10-20,0.00,1580.91,1,529145.61,last_posted_transaction_or_prior_closing_balance,synb1_txn_54b4865c67a2e8d6f84f1a99,trusted,weekday_rule,base_calendar,True,526,2026-10-21,complete
2026-10-21,0.00,0.00,0,529145.61,last_posted_transaction_or_prior_closing_balance,,trusted,weekday_rule,base_calendar,True,527,2026-10-22,complete
2026-10-22,0.00,0.00,0,529145.61,last_posted_transaction_or_prior_closing_balance,,trusted,weekday_rule,base_calendar,True,528,2026-10-23,complete
2026-10-23,0.00,4599.89,1,524545.72,last_posted_transaction_or_prior_closing_balance,synb1_txn_d391d934a765392a920f1461,trusted,weekday_rule,base_calendar,True,529,2026-10-26,complete
2026-10-24,0.00,0.00,0,524545.72,last_posted_transaction_or_prior_closing_balance,,trusted,weekday_rule,base_calendar,False,,,complete
2026-10-25,0.00,0.00,0,524545.72,last_posted_transaction_or_prior_closing_balance,,trusted,weekday_rule,base_calendar,False,,,complete
2026-10-26,0.00,0.00,0,524545.72,last_posted_transaction_or_prior_closing_balance,,trusted,weekday_rule,base_calendar,True,530,2026-10-27,complete
2026-10-27,90423.92,0.00,1,614969.64,last_posted_transaction_or_prior_closing_balance,synb1_txn_d3b7d447d911615f499a48f4,trusted,weekday_rule,base_calendar,True,531,2026-10-28,complete
2026-10-28,88126.18,81848.68,5,621247.14,last_posted_transaction_or_prior_closing_balance,synb1_txn_a1f191ef4e582095e91839bb,trusted,weekday_rule,base_calendar,True,532,2026-10-29,complete
2026-10-29,0.00,0.00,0,621247.14,last_posted_transaction_or_prior_closing_balance,,trusted,weekday_rule,base_calendar,True,533,2026-10-30,complete
2026-10-30,78676.83,80327.63,3,619596.34,last_posted_transaction_or_prior_closing_balance,synb1_txn_4d5872ebcd8c117365b9a928,trusted,weekday_rule,base_calendar,True,534,2026-10-31,complete
2026-10-31,0.00,77401.74,1,542194.60,last_posted_transaction_or_prior_closing_balance,synb1_txn_ba74a4542a69e172aa667349,trusted,historical_transaction_override,historical_transaction_override,True,535,2026-11-01,complete
2026-11-01,0.00,77958.09,1,464236.51,last_posted_transaction_or_prior_closing_balance,synb1_txn_042779afc39fe217f1e3e62c,trusted,historical_transaction_override,historical_transaction_override,True,536,2026-11-02,complete
2026-11-02,0.00,0.00,0,464236.51,last_posted_transaction_or_prior_closing_balance,,trusted,weekday_rule,base_calendar,True,537,2026-11-03,complete
2026-11-03,0.00,1444.35,1,462792.16,last_posted_transaction_or_prior_closing_balance,synb1_txn_0d32ae7aa64c28b57d129524,trusted,weekday_rule,base_calendar,True,538,2026-11-04,complete
2026-11-04,0.00,4830.63,1,457961.53,last_posted_transaction_or_prior_closing_balance,synb1_txn_de99b8eeacefbe4bc566915c,trusted,weekday_rule,base_calendar,True,539,2026-11-05,complete
2026-11-05,80165.73,4543.83,2,533583.43,last_posted_transaction_or_prior_closing_balance,synb1_txn_d5756d21502114b0530d5930,trusted,weekday_rule,base_calendar,True,540,2026-11-06,complete
2026-11-06,106672.99,0.00,1,640256.42,last_posted_transaction_or_prior_closing_balance,synb1_txn_f87c1c1aa93ad48422deb8d0,trusted,weekday_rule,base_calendar,True,541,2026-11-09,complete
2026-11-07,0.00,0.00,0,640256.42,last_posted_transaction_or_prior_closing_balance,,trusted,weekday_rule,base_calendar,False,,,complete
2026-11-08,0.00,0.00,0,640256.42,last_posted_transaction_or_prior_closing_balance,,trusted,weekday_rule,base_calendar,False,,,complete
2026-11-09,0.00,0.00,0,640256.42,last_posted_transaction_or_prior_closing_balance,,trusted,weekday_rule,base_calendar,True,542,2026-11-10,complete
2026-11-10,97196.50,1325.18,2,736127.74,last_posted_transaction_or_prior_closing_balance,synb1_txn_9e5a8b595e646f496968d133,trusted,weekday_rule,base_calendar,True,543,2026-11-11,complete
2026-11-11,0.00,68962.72,2,667165.02,last_posted_transaction_or_prior_closing_balance,synb1_txn_2e004d1f6bc85fcd3b81994c,trusted,weekday_rule,base_calendar,True,544,2026-11-12,complete
2026-11-12,0.00,0.00,0,667165.02,last_posted_transaction_or_prior_closing_balance,,trusted,weekday_rule,base_calendar,True,545,2026-11-13,complete
2026-11-13,0.00,0.00,0,667165.02,last_posted_transaction_or_prior_closing_balance,,trusted,weekday_rule,base_calendar,True,546,2026-11-16,complete
2026-11-14,0.00,0.00,0,667165.02,last_posted_transaction_or_prior_closing_balance,,trusted,weekday_rule,base_calendar,False,,,complete
2026-11-15,0.00,0.00,0,667165.02,last_posted_transaction_or_prior_closing_balance,,trusted,weekday_rule,base_calendar,False,,,complete
2026-11-16,0.00,0.00,0,667165.02,last_posted_transaction_or_prior_closing_balance,,trusted,weekday_rule,base_calendar,True,547,2026-11-17,complete
2026-11-17,0.00,0.00,0,667165.02,last_posted_transaction_or_prior_closing_balance,,trusted,weekday_rule,base_calendar,True,548,2026-11-18,complete
2026-11-18,0.00,1463.71,1,665701.31,last_posted_transaction_or_prior_closing_balance,synb1_txn_f148967a518b181e2acc1490,trusted,weekday_rule,base_calendar,True,549,2026-11-19,complete
2026-11-19,0.00,0.00,0,665701.31,last_posted_transaction_or_prior_closing_balance,,trusted,weekday_rule,base_calendar,True,550,2026-11-20,complete
2026-11-20,0.00,0.00,0,665701.31,last_posted_transaction_or_prior_closing_balance,,trusted,weekday_rule,base_calendar,True,551,2026-11-22,complete
2026-11-21,0.00,0.00,0,665701.31,last_posted_transaction_or_prior_closing_balance,,trusted,weekday_rule,base_calendar,False,,,complete
2026-11-22,0.00,81347.88,1,584353.43,last_posted_transaction_or_prior_closing_balance,synb1_txn_686e4fcd682b819b450900b3,trusted,historical_transaction_override,historical_transaction_override,True,552,2026-11-23,complete
2026-11-23,0.00,0.00,0,584353.43,last_posted_transaction_or_prior_closing_balance,,trusted,weekday_rule,base_calendar,True,553,2026-11-24,complete
2026-11-24,0.00,69710.99,1,514642.44,last_posted_transaction_or_prior_closing_balance,synb1_txn_2deee822db224f40daf7c8cf,trusted,weekday_rule,base_calendar,True,554,2026-11-25,complete
2026-11-25,0.00,3907.99,1,510734.45,last_posted_transaction_or_prior_closing_balance,synb1_txn_7c9fc43e36ec344a4c58ebd1,trusted,weekday_rule,base_calendar,True,555,2026-11-26,complete
2026-11-26,79079.68,0.00,1,589814.13,last_posted_transaction_or_prior_closing_balance,synb1_txn_61952cf78384bc6e1b26b96c,trusted,weekday_rule,base_calendar,True,556,2026-11-27,complete
2026-11-27,0.00,0.00,0,589814.13,last_posted_transaction_or_prior_closing_balance,,trusted,weekday_rule,base_calendar,True,557,2026-11-29,complete
2026-11-28,0.00,0.00,0,589814.13,last_posted_transaction_or_prior_closing_balance,,trusted,weekday_rule,base_calendar,False,,,complete
2026-11-29,0.00,1274.76,1,588539.37,last_posted_transaction_or_prior_closing_balance,synb1_txn_3f8d0e7acfee15ffd1899820,trusted,historical_transaction_override,historical_transaction_override,True,558,2026-11-30,complete
2026-11-30,0.00,16699.27,3,571840.10,last_posted_transaction_or_prior_closing_balance,synb1_txn_e3da4b4c11fa27140ad09cb8,trusted,weekday_rule,base_calendar,True,559,2026-12-01,complete
2026-12-01,0.00,0.00,0,571840.10,last_posted_transaction_or_prior_closing_balance,,trusted,weekday_rule,base_calendar,True,560,2026-12-02,complete
2026-12-02,0.00,88947.86,1,482892.24,last_posted_transaction_or_prior_closing_balance,synb1_txn_d72df2c45ff4696840cfa6a7,trusted,weekday_rule,base_calendar,True,561,2026-12-03,complete
2026-12-03,0.00,0.00,0,482892.24,last_posted_transaction_or_prior_closing_balance,,trusted,weekday_rule,base_calendar,True,562,2026-12-04,complete
2026-12-04,0.00,0.00,0,482892.24,last_posted_transaction_or_prior_closing_balance,,trusted,weekday_rule,base_calendar,True,563,2026-12-06,complete
2026-12-05,0.00,0.00,0,482892.24,last_posted_transaction_or_prior_closing_balance,,trusted,weekday_rule,base_calendar,False,,,complete
2026-12-06,107172.66,0.00,1,590064.90,last_posted_transaction_or_prior_closing_balance,synb1_txn_a279fc2dd8192f4bf793a93c,trusted,historical_transaction_override,historical_transaction_override,True,564,2026-12-07,complete
2026-12-07,0.00,0.00,0,590064.90,last_posted_transaction_or_prior_closing_balance,,trusted,weekday_rule,base_calendar,True,565,2026-12-08,complete
2026-12-08,0.00,1410.19,1,588654.71,last_posted_transaction_or_prior_closing_balance,synb1_txn_5f93ef0d792c06dde4c9e966,trusted,weekday_rule,base_calendar,True,566,2026-12-09,complete
2026-12-09,0.00,68992.65,1,519662.06,last_posted_transaction_or_prior_closing_balance,synb1_txn_a3a07f2ce5d28cabdc9f217f,trusted,weekday_rule,base_calendar,True,567,2026-12-10,complete
2026-12-10,0.00,0.00,0,519662.06,last_posted_transaction_or_prior_closing_balance,,trusted,weekday_rule,base_calendar,True,568,2026-12-11,complete
2026-12-11,0.00,1218.13,1,518443.93,last_posted_transaction_or_prior_closing_balance,synb1_txn_5df1a6bff44384b3f0ddc1ac,trusted,weekday_rule,base_calendar,True,569,2026-12-12,complete
2026-12-12,0.00,146791.41,3,371652.52,last_posted_transaction_or_prior_closing_balance,synb1_txn_9c0d6d43298ba37faf7aba2c,trusted,historical_transaction_override,historical_transaction_override,True,570,2026-12-13,complete
2026-12-13,0.00,5381.94,2,366270.58,last_posted_transaction_or_prior_closing_balance,synb1_txn_158505c8762170f8e802ef0b,trusted,historical_transaction_override,historical_transaction_override,True,571,2026-12-14,complete
2026-12-14,0.00,0.00,0,366270.58,last_posted_transaction_or_prior_closing_balance,,trusted,weekday_rule,base_calendar,True,572,2026-12-15,complete
2026-12-15,0.00,0.00,0,366270.58,last_posted_transaction_or_prior_closing_balance,,trusted,weekday_rule,base_calendar,True,573,2026-12-16,complete
2026-12-16,177983.84,0.00,2,544254.42,last_posted_transaction_or_prior_closing_balance,synb1_txn_4c575c1cae78e9f5bfcff4b6,trusted,weekday_rule,base_calendar,True,574,2026-12-17,complete
2026-12-17,0.00,0.00,0,544254.42,last_posted_transaction_or_prior_closing_balance,,trusted,weekday_rule,base_calendar,True,575,2026-12-18,complete
2026-12-18,85394.20,0.00,1,629648.62,last_posted_transaction_or_prior_closing_balance,synb1_txn_df95d59b5cda88e0632c329c,trusted,weekday_rule,base_calendar,True,576,2026-12-21,complete
2026-12-19,0.00,0.00,0,629648.62,last_posted_transaction_or_prior_closing_balance,,trusted,weekday_rule,base_calendar,False,,,complete
2026-12-20,0.00,0.00,0,629648.62,last_posted_transaction_or_prior_closing_balance,,trusted,weekday_rule,base_calendar,False,,,complete
2026-12-21,0.00,0.00,0,629648.62,last_posted_transaction_or_prior_closing_balance,,trusted,weekday_rule,base_calendar,True,577,2026-12-22,complete
2026-12-22,0.00,0.00,0,629648.62,last_posted_transaction_or_prior_closing_balance,,trusted,weekday_rule,base_calendar,True,578,2026-12-23,complete
2026-12-23,0.00,0.00,0,629648.62,last_posted_transaction_or_prior_closing_balance,,trusted,weekday_rule,base_calendar,True,579,2026-12-24,complete
2026-12-24,0.00,5650.84,2,623997.78,last_posted_transaction_or_prior_closing_balance,synb1_txn_89ab4182c7a5ba9063ac3009,trusted,weekday_rule,base_calendar,True,580,2026-12-25,complete
2026-12-25,0.00,0.00,0,623997.78,last_posted_transaction_or_prior_closing_balance,,trusted,weekday_rule,base_calendar,True,581,2026-12-28,complete
2026-12-26,0.00,0.00,0,623997.78,last_posted_transaction_or_prior_closing_balance,,trusted,weekday_rule,base_calendar,False,,,complete
2026-12-27,0.00,0.00,0,623997.78,last_posted_transaction_or_prior_closing_balance,,trusted,weekday_rule,base_calendar,False,,,complete
2026-12-28,0.00,21689.32,4,602308.46,last_posted_transaction_or_prior_closing_balance,synb1_txn_39a72fb43851e507d605476a,trusted,weekday_rule,base_calendar,True,582,2026-12-29,complete
2026-12-29,0.00,0.00,0,602308.46,last_posted_transaction_or_prior_closing_balance,,trusted,weekday_rule,base_calendar,True,583,2026-12-30,complete
2026-12-30,0.00,0.00,0,602308.46,last_posted_transaction_or_prior_closing_balance,,trusted,weekday_rule,base_calendar,True,584,2026-12-31,complete
2026-12-31,0.00,0.00,0,602308.46,last_posted_transaction_or_prior_closing_balance,,trusted,weekday_rule,base_calendar,True,585,2027-01-01,complete
