calendar_date,inflow_cny,outflow_cny,transaction_count,ending_balance_cny,day_cut_basis,source_last_transaction_id,reconciliation_status,calendar_source,calendar_inference_status,is_bank_workday,business_step,target_date,execution_status
2024-01-01,10800000.00,0.00,1,10800000.00,last_posted_transaction_or_prior_closing_balance,synb1_txn_b151a2d69e52561d21906c89,trusted,cn_public_2022_2026_cycles_1_0,public_schedule_without_transaction_override,False,,,complete
2024-01-02,7263.58,0.00,1,10807263.58,last_posted_transaction_or_prior_closing_balance,synb1_txn_81992d263a7a0a764e2350af,trusted,cn_public_2022_2026_cycles_1_0,public_schedule_without_transaction_override,True,1,2024-01-03,complete
2024-01-03,0.00,448521.44,1,10358742.14,last_posted_transaction_or_prior_closing_balance,synb1_txn_6488b661170654fbe8ceb51f,trusted,cn_public_2022_2026_cycles_1_0,public_schedule_without_transaction_override,True,2,2024-01-04,complete
2024-01-04,54600.15,32393.61,2,10380948.68,last_posted_transaction_or_prior_closing_balance,synb1_txn_1df7ddb428223654b8dbeb8c,trusted,cn_public_2022_2026_cycles_1_0,public_schedule_without_transaction_override,True,3,2024-01-05,complete
2024-01-05,0.00,74000.00,1,10306948.68,last_posted_transaction_or_prior_closing_balance,synb1_txn_1de6c06a2918211b66e64a53,trusted,cn_public_2022_2026_cycles_1_0,public_schedule_without_transaction_override,True,4,2024-01-08,complete
2024-01-06,0.00,56158.18,1,10250790.50,last_posted_transaction_or_prior_closing_balance,synb1_txn_84cab1868235620ec0c81dc6,trusted,cn_public_2022_2026_cycles_1_0,public_schedule_without_transaction_override,False,,,complete
2024-01-07,0.00,310000.00,1,9940790.50,last_posted_transaction_or_prior_closing_balance,synb1_txn_ecd97d78d3fe26f7626938a8,trusted,cn_public_2022_2026_cycles_1_0,public_schedule_without_transaction_override,False,,,complete
2024-01-08,78727.32,0.00,1,10019517.82,last_posted_transaction_or_prior_closing_balance,synb1_txn_23eeae9d6bd5d5ce3ce736e8,trusted,cn_public_2022_2026_cycles_1_0,public_schedule_without_transaction_override,True,5,2024-01-09,complete
2024-01-09,0.00,0.00,0,10019517.82,last_posted_transaction_or_prior_closing_balance,,trusted,cn_public_2022_2026_cycles_1_0,public_schedule_without_transaction_override,True,6,2024-01-10,complete
2024-01-10,0.00,0.00,0,10019517.82,last_posted_transaction_or_prior_closing_balance,,trusted,cn_public_2022_2026_cycles_1_0,public_schedule_without_transaction_override,True,7,2024-01-11,complete
2024-01-11,0.00,0.00,0,10019517.82,last_posted_transaction_or_prior_closing_balance,,trusted,cn_public_2022_2026_cycles_1_0,public_schedule_without_transaction_override,True,8,2024-01-12,complete
2024-01-12,0.00,0.00,0,10019517.82,last_posted_transaction_or_prior_closing_balance,,trusted,cn_public_2022_2026_cycles_1_0,public_schedule_without_transaction_override,True,9,2024-01-15,complete
2024-01-13,0.00,0.00,0,10019517.82,last_posted_transaction_or_prior_closing_balance,,trusted,cn_public_2022_2026_cycles_1_0,public_schedule_without_transaction_override,False,,,complete
2024-01-14,95862.42,0.00,1,10115380.24,last_posted_transaction_or_prior_closing_balance,synb1_txn_d00b93bf2379ab422a88ce24,trusted,cn_public_2022_2026_cycles_1_0,public_schedule_without_transaction_override,False,,,complete
2024-01-15,0.00,0.00,0,10115380.24,last_posted_transaction_or_prior_closing_balance,,trusted,cn_public_2022_2026_cycles_1_0,public_schedule_without_transaction_override,True,10,2024-01-16,complete
2024-01-16,127943.16,0.00,1,10243323.40,last_posted_transaction_or_prior_closing_balance,synb1_txn_3bf71a941a5ba8fff944995c,trusted,cn_public_2022_2026_cycles_1_0,public_schedule_without_transaction_override,True,11,2024-01-17,complete
2024-01-17,0.00,45496.48,3,10197826.92,last_posted_transaction_or_prior_closing_balance,synb1_txn_5444dfc653d9461b3003d199,trusted,cn_public_2022_2026_cycles_1_0,public_schedule_without_transaction_override,True,12,2024-01-18,complete
2024-01-18,0.00,0.00,0,10197826.92,last_posted_transaction_or_prior_closing_balance,,trusted,cn_public_2022_2026_cycles_1_0,public_schedule_without_transaction_override,True,13,2024-01-19,complete
2024-01-19,111243.16,4503.52,2,10304566.56,last_posted_transaction_or_prior_closing_balance,synb1_txn_4bc5d6abf668f5ee74ae3c0c,trusted,cn_public_2022_2026_cycles_1_0,public_schedule_without_transaction_override,True,14,2024-01-22,complete
2024-01-20,0.00,0.00,0,10304566.56,last_posted_transaction_or_prior_closing_balance,,trusted,cn_public_2022_2026_cycles_1_0,public_schedule_without_transaction_override,False,,,complete
2024-01-21,0.00,238452.23,1,10066114.33,last_posted_transaction_or_prior_closing_balance,synb1_txn_d3bc45954e1ec920131686ce,trusted,cn_public_2022_2026_cycles_1_0,public_schedule_without_transaction_override,False,,,complete
2024-01-22,784959.30,0.00,1,10851073.63,last_posted_transaction_or_prior_closing_balance,synb1_txn_09d256bd4df143cdf6bd5dd3,trusted,cn_public_2022_2026_cycles_1_0,public_schedule_without_transaction_override,True,15,2024-01-23,complete
2024-01-23,0.00,0.00,0,10851073.63,last_posted_transaction_or_prior_closing_balance,,trusted,cn_public_2022_2026_cycles_1_0,public_schedule_without_transaction_override,True,16,2024-01-24,complete
2024-01-24,63550.61,0.00,1,10914624.24,last_posted_transaction_or_prior_closing_balance,synb1_txn_afc05f7f0c911aa5ae42dc89,trusted,cn_public_2022_2026_cycles_1_0,public_schedule_without_transaction_override,True,17,2024-01-25,complete
2024-01-25,0.00,988714.54,2,9925909.70,last_posted_transaction_or_prior_closing_balance,synb1_txn_25910d276797a0041caf0965,trusted,cn_public_2022_2026_cycles_1_0,public_schedule_without_transaction_override,True,18,2024-01-26,complete
2024-01-26,0.00,0.00,0,9925909.70,last_posted_transaction_or_prior_closing_balance,,trusted,cn_public_2022_2026_cycles_1_0,public_schedule_without_transaction_override,True,19,2024-01-29,complete
2024-01-27,0.00,0.00,0,9925909.70,last_posted_transaction_or_prior_closing_balance,,trusted,cn_public_2022_2026_cycles_1_0,public_schedule_without_transaction_override,False,,,complete
2024-01-28,180350.30,0.00,1,10106260.00,last_posted_transaction_or_prior_closing_balance,synb1_txn_0ef52ac2f0a18ae96416f19b,trusted,cn_public_2022_2026_cycles_1_0,public_schedule_without_transaction_override,False,,,complete
2024-01-29,0.00,0.00,0,10106260.00,last_posted_transaction_or_prior_closing_balance,,trusted,cn_public_2022_2026_cycles_1_0,public_schedule_without_transaction_override,True,20,2024-01-30,complete
2024-01-30,0.00,0.00,0,10106260.00,last_posted_transaction_or_prior_closing_balance,,trusted,cn_public_2022_2026_cycles_1_0,public_schedule_without_transaction_override,True,21,2024-01-31,complete
2024-01-31,0.00,0.00,0,10106260.00,last_posted_transaction_or_prior_closing_balance,,trusted,cn_public_2022_2026_cycles_1_0,public_schedule_without_transaction_override,True,22,2024-02-01,complete
2024-02-01,0.00,0.00,0,10106260.00,last_posted_transaction_or_prior_closing_balance,,trusted,cn_public_2022_2026_cycles_1_0,public_schedule_without_transaction_override,True,23,2024-02-02,complete
2024-02-02,0.00,0.00,0,10106260.00,last_posted_transaction_or_prior_closing_balance,,trusted,cn_public_2022_2026_cycles_1_0,public_schedule_without_transaction_override,True,24,2024-02-04,complete
2024-02-03,0.00,0.00,0,10106260.00,last_posted_transaction_or_prior_closing_balance,,trusted,cn_public_2022_2026_cycles_1_0,public_schedule_without_transaction_override,False,,,complete
2024-02-04,0.00,0.00,0,10106260.00,last_posted_transaction_or_prior_closing_balance,,trusted,cn_public_2022_2026_cycles_1_0,public_schedule_without_transaction_override,True,25,2024-02-05,complete
2024-02-05,0.00,74000.00,1,10032260.00,last_posted_transaction_or_prior_closing_balance,synb1_txn_212b41d9aa26bd9c418840ba,trusted,cn_public_2022_2026_cycles_1_0,public_schedule_without_transaction_override,True,26,2024-02-06,complete
2024-02-06,0.00,0.00,0,10032260.00,last_posted_transaction_or_prior_closing_balance,,trusted,cn_public_2022_2026_cycles_1_0,public_schedule_without_transaction_override,True,27,2024-02-07,complete
2024-02-07,0.00,310000.00,1,9722260.00,last_posted_transaction_or_prior_closing_balance,synb1_txn_794a5e96cd3df9253ff1c67b,trusted,cn_public_2022_2026_cycles_1_0,public_schedule_without_transaction_override,True,28,2024-02-08,complete
2024-02-08,268231.50,0.00,1,9990491.50,last_posted_transaction_or_prior_closing_balance,synb1_txn_6b4ce20e9cb64ea207c1ced6,trusted,cn_public_2022_2026_cycles_1_0,public_schedule_without_transaction_override,True,29,2024-02-09,complete
2024-02-09,0.00,0.00,0,9990491.50,last_posted_transaction_or_prior_closing_balance,,trusted,cn_public_2022_2026_cycles_1_0,public_schedule_without_transaction_override,True,30,2024-02-18,complete
2024-02-10,714002.30,425796.16,3,10278697.64,last_posted_transaction_or_prior_closing_balance,synb1_txn_623564653d3bde6edaa45042,trusted,cn_public_2022_2026_cycles_1_0,public_schedule_without_transaction_override,False,,,complete
2024-02-11,523962.95,0.00,1,10802660.59,last_posted_transaction_or_prior_closing_balance,synb1_txn_c7ec03940857a8fcfbd259a3,trusted,cn_public_2022_2026_cycles_1_0,public_schedule_without_transaction_override,False,,,complete
2024-02-12,23796.15,0.00,1,10826456.74,last_posted_transaction_or_prior_closing_balance,synb1_txn_48a93c3c5dccc662a461c9b4,trusted,cn_public_2022_2026_cycles_1_0,public_schedule_without_transaction_override,False,,,complete
2024-02-13,9106.87,11960.13,2,10823603.48,last_posted_transaction_or_prior_closing_balance,synb1_txn_795329135e0a2e1fbfb8ea37,trusted,cn_public_2022_2026_cycles_1_0,public_schedule_without_transaction_override,False,,,complete
2024-02-14,0.00,0.00,0,10823603.48,last_posted_transaction_or_prior_closing_balance,,trusted,cn_public_2022_2026_cycles_1_0,public_schedule_without_transaction_override,False,,,complete
2024-02-15,65025.87,13592.29,2,10875037.06,last_posted_transaction_or_prior_closing_balance,synb1_txn_57b121908d43e1234be3133a,trusted,cn_public_2022_2026_cycles_1_0,public_schedule_without_transaction_override,False,,,complete
2024-02-16,0.00,1022258.54,1,9852778.52,last_posted_transaction_or_prior_closing_balance,synb1_txn_642a29b819e88c7d71c88f13,trusted,cn_public_2022_2026_cycles_1_0,public_schedule_without_transaction_override,False,,,complete
2024-02-17,0.00,27263.74,2,9825514.78,last_posted_transaction_or_prior_closing_balance,synb1_txn_4f2d5a7844f81d703df74f70,trusted,cn_public_2022_2026_cycles_1_0,public_schedule_without_transaction_override,False,,,complete
2024-02-18,0.00,68648.00,3,9756866.78,last_posted_transaction_or_prior_closing_balance,synb1_txn_efd595a88e97573763230026,trusted,cn_public_2022_2026_cycles_1_0,public_schedule_without_transaction_override,True,31,2024-02-19,complete
2024-02-19,561790.94,297432.22,2,10021225.50,last_posted_transaction_or_prior_closing_balance,synb1_txn_08a30fcb745c4bede0a9cdbd,trusted,cn_public_2022_2026_cycles_1_0,public_schedule_without_transaction_override,True,32,2024-02-20,complete
2024-02-20,0.00,0.00,0,10021225.50,last_posted_transaction_or_prior_closing_balance,,trusted,cn_public_2022_2026_cycles_1_0,public_schedule_without_transaction_override,True,33,2024-02-21,complete
2024-02-21,63046.86,52169.79,2,10032102.57,last_posted_transaction_or_prior_closing_balance,synb1_txn_0acd11762ae6b32eb0f9c62a,trusted,cn_public_2022_2026_cycles_1_0,public_schedule_without_transaction_override,True,34,2024-02-22,complete
2024-02-22,0.00,840000.00,1,9192102.57,last_posted_transaction_or_prior_closing_balance,synb1_txn_cd86d4762f85601ad962722c,trusted,cn_public_2022_2026_cycles_1_0,public_schedule_without_transaction_override,True,35,2024-02-23,complete
2024-02-23,0.00,0.00,0,9192102.57,last_posted_transaction_or_prior_closing_balance,,trusted,cn_public_2022_2026_cycles_1_0,public_schedule_without_transaction_override,True,36,2024-02-26,complete
2024-02-24,0.00,17194.93,1,9174907.64,last_posted_transaction_or_prior_closing_balance,synb1_txn_a5365ee7f743da1e3639133a,trusted,cn_public_2022_2026_cycles_1_0,public_schedule_without_transaction_override,False,,,complete
2024-02-25,279736.56,281.45,2,9454362.75,last_posted_transaction_or_prior_closing_balance,synb1_txn_bcb1b8a4793a9923e6e0c497,trusted,cn_public_2022_2026_cycles_1_0,public_schedule_without_transaction_override,False,,,complete
2024-02-26,0.00,0.00,0,9454362.75,last_posted_transaction_or_prior_closing_balance,,trusted,cn_public_2022_2026_cycles_1_0,public_schedule_without_transaction_override,True,37,2024-02-27,complete
2024-02-27,0.00,6120.24,1,9448242.51,last_posted_transaction_or_prior_closing_balance,synb1_txn_90a0e95bc7e504433902a585,trusted,cn_public_2022_2026_cycles_1_0,public_schedule_without_transaction_override,True,38,2024-02-28,complete
2024-02-28,0.00,535954.51,2,8912288.00,last_posted_transaction_or_prior_closing_balance,synb1_txn_1bd895b8d0c54af012e7c014,trusted,cn_public_2022_2026_cycles_1_0,public_schedule_without_transaction_override,True,39,2024-02-29,complete
2024-02-29,0.00,0.00,0,8912288.00,last_posted_transaction_or_prior_closing_balance,,trusted,cn_public_2022_2026_cycles_1_0,public_schedule_without_transaction_override,True,40,2024-03-01,complete
2024-03-01,0.00,0.00,0,8912288.00,last_posted_transaction_or_prior_closing_balance,,trusted,cn_public_2022_2026_cycles_1_0,public_schedule_without_transaction_override,True,41,2024-03-04,complete
2024-03-02,0.00,59154.84,1,8853133.16,last_posted_transaction_or_prior_closing_balance,synb1_txn_9141a882d801f4778c8f1998,trusted,cn_public_2022_2026_cycles_1_0,public_schedule_without_transaction_override,False,,,complete
2024-03-03,0.00,0.00,0,8853133.16,last_posted_transaction_or_prior_closing_balance,,trusted,cn_public_2022_2026_cycles_1_0,public_schedule_without_transaction_override,False,,,complete
2024-03-04,21833.73,245310.07,2,8629656.82,last_posted_transaction_or_prior_closing_balance,synb1_txn_c9a4a06bb997d70eaaeac211,trusted,cn_public_2022_2026_cycles_1_0,public_schedule_without_transaction_override,True,42,2024-03-05,complete
2024-03-05,0.00,74000.00,1,8555656.82,last_posted_transaction_or_prior_closing_balance,synb1_txn_92c2e0bfb21a112da807f977,trusted,cn_public_2022_2026_cycles_1_0,public_schedule_without_transaction_override,True,43,2024-03-06,complete
2024-03-06,0.00,130.26,1,8555526.56,last_posted_transaction_or_prior_closing_balance,synb1_txn_d8d76e7e648ff86328698927,trusted,cn_public_2022_2026_cycles_1_0,public_schedule_without_transaction_override,True,44,2024-03-07,complete
2024-03-07,0.00,310000.00,1,8245526.56,last_posted_transaction_or_prior_closing_balance,synb1_txn_e9e2918034102ea3daf08a45,trusted,cn_public_2022_2026_cycles_1_0,public_schedule_without_transaction_override,True,45,2024-03-08,complete
2024-03-08,0.00,110351.21,1,8135175.35,last_posted_transaction_or_prior_closing_balance,synb1_txn_27960c4af2b1a3422ebaee7e,trusted,cn_public_2022_2026_cycles_1_0,public_schedule_without_transaction_override,True,46,2024-03-11,complete
2024-03-09,0.00,0.00,0,8135175.35,last_posted_transaction_or_prior_closing_balance,,trusted,cn_public_2022_2026_cycles_1_0,public_schedule_without_transaction_override,False,,,complete
2024-03-10,0.00,0.00,0,8135175.35,last_posted_transaction_or_prior_closing_balance,,trusted,cn_public_2022_2026_cycles_1_0,public_schedule_without_transaction_override,False,,,complete
2024-03-11,0.00,0.00,0,8135175.35,last_posted_transaction_or_prior_closing_balance,,trusted,cn_public_2022_2026_cycles_1_0,public_schedule_without_transaction_override,True,47,2024-03-12,complete
2024-03-12,298564.04,0.00,1,8433739.39,last_posted_transaction_or_prior_closing_balance,synb1_txn_e059780ce30813aec095e168,trusted,cn_public_2022_2026_cycles_1_0,public_schedule_without_transaction_override,True,48,2024-03-13,complete
2024-03-13,654219.27,0.00,3,9087958.66,last_posted_transaction_or_prior_closing_balance,synb1_txn_bbb885c66930448dd5401c61,trusted,cn_public_2022_2026_cycles_1_0,public_schedule_without_transaction_override,True,49,2024-03-14,complete
2024-03-14,166932.47,0.00,1,9254891.13,last_posted_transaction_or_prior_closing_balance,synb1_txn_b4f7ed552e89e5fea8fe31b9,trusted,cn_public_2022_2026_cycles_1_0,public_schedule_without_transaction_override,True,50,2024-03-15,complete
2024-03-15,390045.01,821138.15,2,8823797.99,last_posted_transaction_or_prior_closing_balance,synb1_txn_ca9984185190ca075545d485,trusted,cn_public_2022_2026_cycles_1_0,public_schedule_without_transaction_override,True,51,2024-03-18,complete
2024-03-16,443005.12,493604.76,4,8773198.35,last_posted_transaction_or_prior_closing_balance,synb1_txn_2aafa97d27f0b0541d07d898,trusted,cn_public_2022_2026_cycles_1_0,public_schedule_without_transaction_override,False,,,complete
2024-03-17,0.00,6839.56,1,8766358.79,last_posted_transaction_or_prior_closing_balance,synb1_txn_442f1a3dcde1399918cc6491,trusted,cn_public_2022_2026_cycles_1_0,public_schedule_without_transaction_override,False,,,complete
2024-03-18,0.00,64380.80,3,8701977.99,last_posted_transaction_or_prior_closing_balance,synb1_txn_5db46c2051eb648b19ea85c0,trusted,cn_public_2022_2026_cycles_1_0,public_schedule_without_transaction_override,True,52,2024-03-19,complete
2024-03-19,0.00,63769.79,1,8638208.20,last_posted_transaction_or_prior_closing_balance,synb1_txn_eaf8f93cf7b53acbba40afa5,trusted,cn_public_2022_2026_cycles_1_0,public_schedule_without_transaction_override,True,53,2024-03-20,complete
2024-03-20,508.29,76718.54,3,8561997.95,last_posted_transaction_or_prior_closing_balance,synb1_txn_3c6ccfb50abced59a4007ebd,trusted,cn_public_2022_2026_cycles_1_0,public_schedule_without_transaction_override,True,54,2024-03-21,complete
2024-03-21,144520.64,720000.00,2,7986518.59,last_posted_transaction_or_prior_closing_balance,synb1_txn_d99c9ce6eb278e43a0a27640,trusted,cn_public_2022_2026_cycles_1_0,public_schedule_without_transaction_override,True,55,2024-03-22,complete
2024-03-22,0.00,949.32,1,7985569.27,last_posted_transaction_or_prior_closing_balance,synb1_txn_865c25551f0d124cfe216e53,trusted,cn_public_2022_2026_cycles_1_0,public_schedule_without_transaction_override,True,56,2024-03-25,complete
2024-03-23,407011.98,42753.50,3,8349827.75,last_posted_transaction_or_prior_closing_balance,synb1_txn_4db44a88e1570c261884e7fe,trusted,cn_public_2022_2026_cycles_1_0,public_schedule_without_transaction_override,False,,,complete
2024-03-24,0.00,0.00,0,8349827.75,last_posted_transaction_or_prior_closing_balance,,trusted,cn_public_2022_2026_cycles_1_0,public_schedule_without_transaction_override,False,,,complete
2024-03-25,0.00,0.00,0,8349827.75,last_posted_transaction_or_prior_closing_balance,,trusted,cn_public_2022_2026_cycles_1_0,public_schedule_without_transaction_override,True,57,2024-03-26,complete
2024-03-26,0.00,0.00,0,8349827.75,last_posted_transaction_or_prior_closing_balance,,trusted,cn_public_2022_2026_cycles_1_0,public_schedule_without_transaction_override,True,58,2024-03-27,complete
2024-03-27,41859.45,0.00,1,8391687.20,last_posted_transaction_or_prior_closing_balance,synb1_txn_2f7ce7671920a6736a3a6aa9,trusted,cn_public_2022_2026_cycles_1_0,public_schedule_without_transaction_override,True,59,2024-03-28,complete
2024-03-28,0.00,0.00,0,8391687.20,last_posted_transaction_or_prior_closing_balance,,trusted,cn_public_2022_2026_cycles_1_0,public_schedule_without_transaction_override,True,60,2024-03-29,complete
2024-03-29,0.00,0.00,0,8391687.20,last_posted_transaction_or_prior_closing_balance,,trusted,cn_public_2022_2026_cycles_1_0,public_schedule_without_transaction_override,True,61,2024-04-01,complete
2024-03-30,0.00,0.00,0,8391687.20,last_posted_transaction_or_prior_closing_balance,,trusted,cn_public_2022_2026_cycles_1_0,public_schedule_without_transaction_override,False,,,complete
2024-03-31,0.00,0.00,0,8391687.20,last_posted_transaction_or_prior_closing_balance,,trusted,cn_public_2022_2026_cycles_1_0,public_schedule_without_transaction_override,False,,,complete
2024-04-01,0.00,0.00,0,8391687.20,last_posted_transaction_or_prior_closing_balance,,trusted,cn_public_2022_2026_cycles_1_0,public_schedule_without_transaction_override,True,62,2024-04-02,complete
2024-04-02,0.00,0.00,0,8391687.20,last_posted_transaction_or_prior_closing_balance,,trusted,cn_public_2022_2026_cycles_1_0,public_schedule_without_transaction_override,True,63,2024-04-03,complete
2024-04-03,1014970.86,161314.22,2,9245343.84,last_posted_transaction_or_prior_closing_balance,synb1_txn_c56ec10bbd681ae23f181b02,trusted,cn_public_2022_2026_cycles_1_0,public_schedule_without_transaction_override,True,64,2024-04-07,complete
2024-04-04,0.00,11778.08,1,9233565.76,last_posted_transaction_or_prior_closing_balance,synb1_txn_b0f7d5c004ffec0e8b47f011,trusted,cn_public_2022_2026_cycles_1_0,public_schedule_without_transaction_override,False,,,complete
2024-04-05,0.00,360409.82,2,8873155.94,last_posted_transaction_or_prior_closing_balance,synb1_txn_5effd98e0076234d5f31e3d3,trusted,cn_public_2022_2026_cycles_1_0,public_schedule_without_transaction_override,False,,,complete
2024-04-06,0.00,5894.60,1,8867261.34,last_posted_transaction_or_prior_closing_balance,synb1_txn_ef4d5c2e8b535014390232dc,trusted,cn_public_2022_2026_cycles_1_0,public_schedule_without_transaction_override,False,,,complete
2024-04-07,0.00,310000.00,1,8557261.34,last_posted_transaction_or_prior_closing_balance,synb1_txn_56cdaffffbc2e8e5ba9fdc6d,trusted,cn_public_2022_2026_cycles_1_0,public_schedule_without_transaction_override,True,65,2024-04-08,complete
2024-04-08,0.00,0.00,0,8557261.34,last_posted_transaction_or_prior_closing_balance,,trusted,cn_public_2022_2026_cycles_1_0,public_schedule_without_transaction_override,True,66,2024-04-09,complete
2024-04-09,0.00,0.00,0,8557261.34,last_posted_transaction_or_prior_closing_balance,,trusted,cn_public_2022_2026_cycles_1_0,public_schedule_without_transaction_override,True,67,2024-04-10,complete
2024-04-10,0.00,0.00,0,8557261.34,last_posted_transaction_or_prior_closing_balance,,trusted,cn_public_2022_2026_cycles_1_0,public_schedule_without_transaction_override,True,68,2024-04-11,complete
2024-04-11,38463.00,0.00,1,8595724.34,last_posted_transaction_or_prior_closing_balance,synb1_txn_768f764533928fc1a4b7c014,trusted,cn_public_2022_2026_cycles_1_0,public_schedule_without_transaction_override,True,69,2024-04-12,complete
2024-04-12,0.00,0.00,0,8595724.34,last_posted_transaction_or_prior_closing_balance,,trusted,cn_public_2022_2026_cycles_1_0,public_schedule_without_transaction_override,True,70,2024-04-15,complete
2024-04-13,0.00,88806.97,1,8506917.37,last_posted_transaction_or_prior_closing_balance,synb1_txn_a2354d65f061316f11dc5b4a,trusted,cn_public_2022_2026_cycles_1_0,public_schedule_without_transaction_override,False,,,complete
2024-04-14,462264.68,7097.19,2,8962084.86,last_posted_transaction_or_prior_closing_balance,synb1_txn_09e773533d4408d00de1f8fc,trusted,cn_public_2022_2026_cycles_1_0,public_schedule_without_transaction_override,False,,,complete
2024-04-15,0.00,0.00,0,8962084.86,last_posted_transaction_or_prior_closing_balance,,trusted,cn_public_2022_2026_cycles_1_0,public_schedule_without_transaction_override,True,71,2024-04-16,complete
2024-04-16,0.00,317143.55,1,8644941.31,last_posted_transaction_or_prior_closing_balance,synb1_txn_c92e91840dab06d4f3eb6d3c,trusted,cn_public_2022_2026_cycles_1_0,public_schedule_without_transaction_override,True,72,2024-04-17,complete
2024-04-17,0.00,0.00,0,8644941.31,last_posted_transaction_or_prior_closing_balance,,trusted,cn_public_2022_2026_cycles_1_0,public_schedule_without_transaction_override,True,73,2024-04-18,complete
2024-04-18,0.00,73524.80,3,8571416.51,last_posted_transaction_or_prior_closing_balance,synb1_txn_756d89078a7f965482a50b46,trusted,cn_public_2022_2026_cycles_1_0,public_schedule_without_transaction_override,True,74,2024-04-19,complete
2024-04-19,100022.83,661629.97,2,8009809.37,last_posted_transaction_or_prior_closing_balance,synb1_txn_0019a8e39bffa72f02d32f99,trusted,cn_public_2022_2026_cycles_1_0,public_schedule_without_transaction_override,True,75,2024-04-22,complete
2024-04-20,72040.96,0.00,2,8081850.33,last_posted_transaction_or_prior_closing_balance,synb1_txn_920874d7c73a6c8d079415a2,trusted,cn_public_2022_2026_cycles_1_0,public_schedule_without_transaction_override,False,,,complete
2024-04-21,0.00,0.00,0,8081850.33,last_posted_transaction_or_prior_closing_balance,,trusted,cn_public_2022_2026_cycles_1_0,public_schedule_without_transaction_override,False,,,complete
2024-04-22,60170.61,25230.13,2,8116790.81,last_posted_transaction_or_prior_closing_balance,synb1_txn_baa10abc63c64b3a5ffaab39,trusted,cn_public_2022_2026_cycles_1_0,public_schedule_without_transaction_override,True,76,2024-04-23,complete
2024-04-23,561417.22,0.00,1,8678208.03,last_posted_transaction_or_prior_closing_balance,synb1_txn_8398c6160ec546f6271ae479,trusted,cn_public_2022_2026_cycles_1_0,public_schedule_without_transaction_override,True,77,2024-04-24,complete
2024-04-24,0.00,183328.26,1,8494879.77,last_posted_transaction_or_prior_closing_balance,synb1_txn_feb2865c94ded909c3ecb25b,trusted,cn_public_2022_2026_cycles_1_0,public_schedule_without_transaction_override,True,78,2024-04-25,complete
2024-04-25,24866.14,16719.28,2,8503026.63,last_posted_transaction_or_prior_closing_balance,synb1_txn_3d4d99d0fbfe403ca51d8c3b,trusted,cn_public_2022_2026_cycles_1_0,public_schedule_without_transaction_override,True,79,2024-04-26,complete
2024-04-26,5740.17,219007.93,3,8289758.87,last_posted_transaction_or_prior_closing_balance,synb1_txn_4491014706f95bee4cae1971,trusted,cn_public_2022_2026_cycles_1_0,public_schedule_without_transaction_override,True,80,2024-04-28,complete
2024-04-27,260543.53,0.00,2,8550302.40,last_posted_transaction_or_prior_closing_balance,synb1_txn_b0e6c4a61535e6fc5cd081fa,trusted,cn_public_2022_2026_cycles_1_0,public_schedule_without_transaction_override,False,,,complete
2024-04-28,0.00,0.00,0,8550302.40,last_posted_transaction_or_prior_closing_balance,,trusted,cn_public_2022_2026_cycles_1_0,public_schedule_without_transaction_override,True,81,2024-04-29,complete
2024-04-29,0.00,0.00,0,8550302.40,last_posted_transaction_or_prior_closing_balance,,trusted,cn_public_2022_2026_cycles_1_0,public_schedule_without_transaction_override,True,82,2024-04-30,complete
2024-04-30,0.00,0.00,0,8550302.40,last_posted_transaction_or_prior_closing_balance,,trusted,cn_public_2022_2026_cycles_1_0,public_schedule_without_transaction_override,True,83,2024-05-06,complete
2024-05-01,0.00,0.00,0,8550302.40,last_posted_transaction_or_prior_closing_balance,,trusted,cn_public_2022_2026_cycles_1_0,public_schedule_without_transaction_override,False,,,complete
2024-05-02,0.00,0.00,0,8550302.40,last_posted_transaction_or_prior_closing_balance,,trusted,cn_public_2022_2026_cycles_1_0,public_schedule_without_transaction_override,False,,,complete
2024-05-03,0.00,0.00,0,8550302.40,last_posted_transaction_or_prior_closing_balance,,trusted,cn_public_2022_2026_cycles_1_0,public_schedule_without_transaction_override,False,,,complete
2024-05-04,0.00,0.00,0,8550302.40,last_posted_transaction_or_prior_closing_balance,,trusted,cn_public_2022_2026_cycles_1_0,public_schedule_without_transaction_override,False,,,complete
2024-05-05,0.00,698819.13,3,7851483.27,last_posted_transaction_or_prior_closing_balance,synb1_txn_08dd6fd3657af85732e646f9,trusted,cn_public_2022_2026_cycles_1_0,public_schedule_without_transaction_override,False,,,complete
2024-05-06,497670.64,4348.64,2,8344805.27,last_posted_transaction_or_prior_closing_balance,synb1_txn_416f8b3582592aa323f3b5ce,trusted,cn_public_2022_2026_cycles_1_0,public_schedule_without_transaction_override,True,84,2024-05-07,complete
2024-05-07,0.00,310000.00,1,8034805.27,last_posted_transaction_or_prior_closing_balance,synb1_txn_6b30d8ce83124a465b586e84,trusted,cn_public_2022_2026_cycles_1_0,public_schedule_without_transaction_override,True,85,2024-05-08,complete
2024-05-08,0.00,16061.61,1,8018743.66,last_posted_transaction_or_prior_closing_balance,synb1_txn_4ab495fa28c33c0e0f082e93,trusted,cn_public_2022_2026_cycles_1_0,public_schedule_without_transaction_override,True,86,2024-05-09,complete
2024-05-09,0.00,0.00,0,8018743.66,last_posted_transaction_or_prior_closing_balance,,trusted,cn_public_2022_2026_cycles_1_0,public_schedule_without_transaction_override,True,87,2024-05-10,complete
2024-05-10,0.00,0.00,0,8018743.66,last_posted_transaction_or_prior_closing_balance,,trusted,cn_public_2022_2026_cycles_1_0,public_schedule_without_transaction_override,True,88,2024-05-11,complete
2024-05-11,0.00,13.73,1,8018729.93,last_posted_transaction_or_prior_closing_balance,synb1_txn_65c87cb495c9b555a5d31fbf,trusted,cn_public_2022_2026_cycles_1_0,public_schedule_without_transaction_override,True,89,2024-05-13,complete
2024-05-12,231518.71,0.00,1,8250248.64,last_posted_transaction_or_prior_closing_balance,synb1_txn_1a0cc2d307ae2a95c29b938e,trusted,cn_public_2022_2026_cycles_1_0,public_schedule_without_transaction_override,False,,,complete
2024-05-13,0.00,0.00,0,8250248.64,last_posted_transaction_or_prior_closing_balance,,trusted,cn_public_2022_2026_cycles_1_0,public_schedule_without_transaction_override,True,90,2024-05-14,complete
2024-05-14,0.00,0.00,0,8250248.64,last_posted_transaction_or_prior_closing_balance,,trusted,cn_public_2022_2026_cycles_1_0,public_schedule_without_transaction_override,True,91,2024-05-15,complete
2024-05-15,0.00,0.00,0,8250248.64,last_posted_transaction_or_prior_closing_balance,,trusted,cn_public_2022_2026_cycles_1_0,public_schedule_without_transaction_override,True,92,2024-05-16,complete
2024-05-16,0.00,0.00,0,8250248.64,last_posted_transaction_or_prior_closing_balance,,trusted,cn_public_2022_2026_cycles_1_0,public_schedule_without_transaction_override,True,93,2024-05-17,complete
2024-05-17,0.00,0.00,0,8250248.64,last_posted_transaction_or_prior_closing_balance,,trusted,cn_public_2022_2026_cycles_1_0,public_schedule_without_transaction_override,True,94,2024-05-20,complete
2024-05-18,0.00,719442.09,4,7530806.55,last_posted_transaction_or_prior_closing_balance,synb1_txn_ce8b62c9e597e4e98119ba45,trusted,cn_public_2022_2026_cycles_1_0,public_schedule_without_transaction_override,False,,,complete
2024-05-19,0.00,0.00,0,7530806.55,last_posted_transaction_or_prior_closing_balance,,trusted,cn_public_2022_2026_cycles_1_0,public_schedule_without_transaction_override,False,,,complete
2024-05-20,233439.21,62591.80,4,7701653.96,last_posted_transaction_or_prior_closing_balance,synb1_txn_05886c47eddf4d5d80140ddb,trusted,cn_public_2022_2026_cycles_1_0,public_schedule_without_transaction_override,True,95,2024-05-21,complete
2024-05-21,0.00,2529.37,1,7699124.59,last_posted_transaction_or_prior_closing_balance,synb1_txn_566cd303061de97eea082ece,trusted,cn_public_2022_2026_cycles_1_0,public_schedule_without_transaction_override,True,96,2024-05-22,complete
2024-05-22,639221.47,370077.24,2,7968268.82,last_posted_transaction_or_prior_closing_balance,synb1_txn_e5217ae338d8bded880cf04a,trusted,cn_public_2022_2026_cycles_1_0,public_schedule_without_transaction_override,True,97,2024-05-23,complete
2024-05-23,71172.55,37088.15,2,8002353.22,last_posted_transaction_or_prior_closing_balance,synb1_txn_0ba5bd51b249d07feccf34b6,trusted,cn_public_2022_2026_cycles_1_0,public_schedule_without_transaction_override,True,98,2024-05-24,complete
2024-05-24,0.00,0.00,0,8002353.22,last_posted_transaction_or_prior_closing_balance,,trusted,cn_public_2022_2026_cycles_1_0,public_schedule_without_transaction_override,True,99,2024-05-27,complete
2024-05-25,0.00,215604.04,2,7786749.18,last_posted_transaction_or_prior_closing_balance,synb1_txn_1c3ed3c83e58f3d747545196,trusted,cn_public_2022_2026_cycles_1_0,public_schedule_without_transaction_override,False,,,complete
2024-05-26,0.00,0.00,0,7786749.18,last_posted_transaction_or_prior_closing_balance,,trusted,cn_public_2022_2026_cycles_1_0,public_schedule_without_transaction_override,False,,,complete
2024-05-27,159316.63,0.00,1,7946065.81,last_posted_transaction_or_prior_closing_balance,synb1_txn_b614eb5ac7d92a9fcbd411d8,trusted,cn_public_2022_2026_cycles_1_0,public_schedule_without_transaction_override,True,100,2024-05-28,complete
2024-05-28,824360.79,0.00,3,8770426.60,last_posted_transaction_or_prior_closing_balance,synb1_txn_009d298b842be51191fc3b9b,trusted,cn_public_2022_2026_cycles_1_0,public_schedule_without_transaction_override,True,101,2024-05-29,complete
2024-05-29,0.00,0.00,0,8770426.60,last_posted_transaction_or_prior_closing_balance,,trusted,cn_public_2022_2026_cycles_1_0,public_schedule_without_transaction_override,True,102,2024-05-30,complete
2024-05-30,0.00,0.00,0,8770426.60,last_posted_transaction_or_prior_closing_balance,,trusted,cn_public_2022_2026_cycles_1_0,public_schedule_without_transaction_override,True,103,2024-05-31,complete
2024-05-31,0.00,0.00,0,8770426.60,last_posted_transaction_or_prior_closing_balance,,trusted,cn_public_2022_2026_cycles_1_0,public_schedule_without_transaction_override,True,104,2024-06-03,complete
2024-06-01,0.00,0.00,0,8770426.60,last_posted_transaction_or_prior_closing_balance,,trusted,cn_public_2022_2026_cycles_1_0,public_schedule_without_transaction_override,False,,,complete
2024-06-02,0.00,0.00,0,8770426.60,last_posted_transaction_or_prior_closing_balance,,trusted,cn_public_2022_2026_cycles_1_0,public_schedule_without_transaction_override,False,,,complete
2024-06-03,0.00,0.00,0,8770426.60,last_posted_transaction_or_prior_closing_balance,,trusted,cn_public_2022_2026_cycles_1_0,public_schedule_without_transaction_override,True,105,2024-06-04,complete
2024-06-04,55814.76,398057.67,3,8428183.69,last_posted_transaction_or_prior_closing_balance,synb1_txn_0ecc8f23fd81713930808296,trusted,cn_public_2022_2026_cycles_1_0,public_schedule_without_transaction_override,True,106,2024-06-05,complete
2024-06-05,0.00,74000.00,1,8354183.69,last_posted_transaction_or_prior_closing_balance,synb1_txn_867a6ecc2d84206f3655d074,trusted,cn_public_2022_2026_cycles_1_0,public_schedule_without_transaction_override,True,107,2024-06-06,complete
2024-06-06,214371.02,0.00,1,8568554.71,last_posted_transaction_or_prior_closing_balance,synb1_txn_2177f34fac8ea81e3ef6209f,trusted,cn_public_2022_2026_cycles_1_0,public_schedule_without_transaction_override,True,108,2024-06-07,complete
2024-06-07,0.00,318442.04,2,8250112.67,last_posted_transaction_or_prior_closing_balance,synb1_txn_0d2a11608bdd519c081d8b44,trusted,cn_public_2022_2026_cycles_1_0,public_schedule_without_transaction_override,True,109,2024-06-11,complete
2024-06-08,0.00,787486.12,3,7462626.55,last_posted_transaction_or_prior_closing_balance,synb1_txn_b21873de5a99606fdf7186e1,trusted,cn_public_2022_2026_cycles_1_0,public_schedule_without_transaction_override,False,,,complete
2024-06-09,0.00,2660.69,1,7459965.86,last_posted_transaction_or_prior_closing_balance,synb1_txn_fbb390476f757efa57209e70,trusted,cn_public_2022_2026_cycles_1_0,public_schedule_without_transaction_override,False,,,complete
2024-06-10,0.00,14001.27,1,7445964.59,last_posted_transaction_or_prior_closing_balance,synb1_txn_51a40457e863ac9cd4ca5c61,trusted,cn_public_2022_2026_cycles_1_0,public_schedule_without_transaction_override,False,,,complete
2024-06-11,0.00,0.00,0,7445964.59,last_posted_transaction_or_prior_closing_balance,,trusted,cn_public_2022_2026_cycles_1_0,public_schedule_without_transaction_override,True,110,2024-06-12,complete
2024-06-12,0.00,0.00,0,7445964.59,last_posted_transaction_or_prior_closing_balance,,trusted,cn_public_2022_2026_cycles_1_0,public_schedule_without_transaction_override,True,111,2024-06-13,complete
2024-06-13,61091.86,0.00,1,7507056.45,last_posted_transaction_or_prior_closing_balance,synb1_txn_47e0dfeecd163253f533ef0b,trusted,cn_public_2022_2026_cycles_1_0,public_schedule_without_transaction_override,True,112,2024-06-14,complete
2024-06-14,0.00,0.00,0,7507056.45,last_posted_transaction_or_prior_closing_balance,,trusted,cn_public_2022_2026_cycles_1_0,public_schedule_without_transaction_override,True,113,2024-06-17,complete
2024-06-15,0.00,0.00,0,7507056.45,last_posted_transaction_or_prior_closing_balance,,trusted,cn_public_2022_2026_cycles_1_0,public_schedule_without_transaction_override,False,,,complete
2024-06-16,94939.31,0.00,1,7601995.76,last_posted_transaction_or_prior_closing_balance,synb1_txn_4f573641a099c8526465f678,trusted,cn_public_2022_2026_cycles_1_0,public_schedule_without_transaction_override,False,,,complete
2024-06-17,130517.65,89110.03,2,7643403.38,last_posted_transaction_or_prior_closing_balance,synb1_txn_ac98ef6a4b5bd9af2c5127b8,trusted,cn_public_2022_2026_cycles_1_0,public_schedule_without_transaction_override,True,114,2024-06-18,complete
2024-06-18,0.00,70516.60,3,7572886.78,last_posted_transaction_or_prior_closing_balance,synb1_txn_67f9cac7ce507e6805a8b640,trusted,cn_public_2022_2026_cycles_1_0,public_schedule_without_transaction_override,True,115,2024-06-19,complete
2024-06-19,253657.85,169131.07,2,7657413.56,last_posted_transaction_or_prior_closing_balance,synb1_txn_81ab03334043139ce097b480,trusted,cn_public_2022_2026_cycles_1_0,public_schedule_without_transaction_override,True,116,2024-06-20,complete
2024-06-20,163535.71,334370.71,2,7486578.56,last_posted_transaction_or_prior_closing_balance,synb1_txn_4fc3527f7b1e1b7d8b3703dc,trusted,cn_public_2022_2026_cycles_1_0,public_schedule_without_transaction_override,True,117,2024-06-21,complete
2024-06-21,161184.93,0.00,1,7647763.49,last_posted_transaction_or_prior_closing_balance,synb1_txn_9f899c3bd00fbf9033c0e227,trusted,cn_public_2022_2026_cycles_1_0,public_schedule_without_transaction_override,True,118,2024-06-24,complete
2024-06-22,89767.85,0.00,1,7737531.34,last_posted_transaction_or_prior_closing_balance,synb1_txn_7314ecbd0cddf7ae97228ca4,trusted,cn_public_2022_2026_cycles_1_0,public_schedule_without_transaction_override,False,,,complete
2024-06-23,291758.02,0.00,1,8029289.36,last_posted_transaction_or_prior_closing_balance,synb1_txn_963f068f7737074aa06efbb1,trusted,cn_public_2022_2026_cycles_1_0,public_schedule_without_transaction_override,False,,,complete
2024-06-24,0.00,0.00,0,8029289.36,last_posted_transaction_or_prior_closing_balance,,trusted,cn_public_2022_2026_cycles_1_0,public_schedule_without_transaction_override,True,119,2024-06-25,complete
2024-06-25,450244.50,189593.79,3,8289940.07,last_posted_transaction_or_prior_closing_balance,synb1_txn_02149c5a799321ccaee360bf,trusted,cn_public_2022_2026_cycles_1_0,public_schedule_without_transaction_override,True,120,2024-06-26,complete
2024-06-26,287372.84,0.00,1,8577312.91,last_posted_transaction_or_prior_closing_balance,synb1_txn_4dfbe529e5cd9808bf8fa1d7,trusted,cn_public_2022_2026_cycles_1_0,public_schedule_without_transaction_override,True,121,2024-06-27,complete
2024-06-27,366970.87,50706.61,3,8893577.17,last_posted_transaction_or_prior_closing_balance,synb1_txn_3681598981e7b9c4a8c71017,trusted,cn_public_2022_2026_cycles_1_0,public_schedule_without_transaction_override,True,122,2024-06-28,complete
2024-06-28,59272.83,0.00,1,8952850.00,last_posted_transaction_or_prior_closing_balance,synb1_txn_a9218450fb57163b5c9d67a7,trusted,cn_public_2022_2026_cycles_1_0,public_schedule_without_transaction_override,True,123,2024-07-01,complete
2024-06-29,0.00,0.00,0,8952850.00,last_posted_transaction_or_prior_closing_balance,,trusted,cn_public_2022_2026_cycles_1_0,public_schedule_without_transaction_override,False,,,complete
2024-06-30,0.00,0.00,0,8952850.00,last_posted_transaction_or_prior_closing_balance,,trusted,cn_public_2022_2026_cycles_1_0,public_schedule_without_transaction_override,False,,,complete
2024-07-01,0.00,0.00,0,8952850.00,last_posted_transaction_or_prior_closing_balance,,trusted,cn_public_2022_2026_cycles_1_0,public_schedule_without_transaction_override,True,124,2024-07-02,complete
2024-07-02,0.00,0.00,0,8952850.00,last_posted_transaction_or_prior_closing_balance,,trusted,cn_public_2022_2026_cycles_1_0,public_schedule_without_transaction_override,True,125,2024-07-03,complete
2024-07-03,0.00,17973.94,1,8934876.06,last_posted_transaction_or_prior_closing_balance,synb1_txn_281f94cfd1a2a3f74d29f5ff,trusted,cn_public_2022_2026_cycles_1_0,public_schedule_without_transaction_override,True,126,2024-07-04,complete
2024-07-04,0.00,0.00,0,8934876.06,last_posted_transaction_or_prior_closing_balance,,trusted,cn_public_2022_2026_cycles_1_0,public_schedule_without_transaction_override,True,127,2024-07-05,complete
2024-07-05,0.00,74000.00,1,8860876.06,last_posted_transaction_or_prior_closing_balance,synb1_txn_5a0e49215df6c8eae09a97b0,trusted,cn_public_2022_2026_cycles_1_0,public_schedule_without_transaction_override,True,128,2024-07-08,complete
2024-07-06,288767.41,0.00,1,9149643.47,last_posted_transaction_or_prior_closing_balance,synb1_txn_293b1ee0f4cbb5ffc7055a95,trusted,cn_public_2022_2026_cycles_1_0,public_schedule_without_transaction_override,False,,,complete
2024-07-07,0.00,310000.00,1,8839643.47,last_posted_transaction_or_prior_closing_balance,synb1_txn_909fec4036efcd4774f16b52,trusted,cn_public_2022_2026_cycles_1_0,public_schedule_without_transaction_override,False,,,complete
2024-07-08,0.00,666207.05,1,8173436.42,last_posted_transaction_or_prior_closing_balance,synb1_txn_c53fb1a7d3c2677db7cb5a79,trusted,cn_public_2022_2026_cycles_1_0,public_schedule_without_transaction_override,True,129,2024-07-09,complete
2024-07-09,1023575.13,16166.62,3,9180844.93,last_posted_transaction_or_prior_closing_balance,synb1_txn_a0a96baeb046feb7a91fb219,trusted,cn_public_2022_2026_cycles_1_0,public_schedule_without_transaction_override,True,130,2024-07-10,complete
2024-07-10,958.98,71677.31,3,9110126.60,last_posted_transaction_or_prior_closing_balance,synb1_txn_63cab0a74694b27956e298e4,trusted,cn_public_2022_2026_cycles_1_0,public_schedule_without_transaction_override,True,131,2024-07-11,complete
2024-07-11,2381.34,0.00,1,9112507.94,last_posted_transaction_or_prior_closing_balance,synb1_txn_6b2fbe4467ef034b11ba52f1,trusted,cn_public_2022_2026_cycles_1_0,public_schedule_without_transaction_override,True,132,2024-07-12,complete
2024-07-12,118604.45,1604.26,2,9229508.13,last_posted_transaction_or_prior_closing_balance,synb1_txn_e61123b53dd2bd1ccabb79c6,trusted,cn_public_2022_2026_cycles_1_0,public_schedule_without_transaction_override,True,133,2024-07-15,complete
2024-07-13,0.00,0.00,0,9229508.13,last_posted_transaction_or_prior_closing_balance,,trusted,cn_public_2022_2026_cycles_1_0,public_schedule_without_transaction_override,False,,,complete
2024-07-14,0.00,0.00,0,9229508.13,last_posted_transaction_or_prior_closing_balance,,trusted,cn_public_2022_2026_cycles_1_0,public_schedule_without_transaction_override,False,,,complete
2024-07-15,0.00,0.00,0,9229508.13,last_posted_transaction_or_prior_closing_balance,,trusted,cn_public_2022_2026_cycles_1_0,public_schedule_without_transaction_override,True,134,2024-07-16,complete
2024-07-16,0.00,0.00,0,9229508.13,last_posted_transaction_or_prior_closing_balance,,trusted,cn_public_2022_2026_cycles_1_0,public_schedule_without_transaction_override,True,135,2024-07-17,complete
2024-07-17,0.00,625122.74,1,8604385.39,last_posted_transaction_or_prior_closing_balance,synb1_txn_9cdc7dc1191ad21af7926bb8,trusted,cn_public_2022_2026_cycles_1_0,public_schedule_without_transaction_override,True,136,2024-07-18,complete
2024-07-18,0.00,67468.60,3,8536916.79,last_posted_transaction_or_prior_closing_balance,synb1_txn_136021302eff1416c345a272,trusted,cn_public_2022_2026_cycles_1_0,public_schedule_without_transaction_override,True,137,2024-07-19,complete
2024-07-19,0.00,23620.55,1,8513296.24,last_posted_transaction_or_prior_closing_balance,synb1_txn_9e7a87a6b2ecda09b75f75b4,trusted,cn_public_2022_2026_cycles_1_0,public_schedule_without_transaction_override,True,138,2024-07-22,complete
2024-07-20,0.00,0.00,0,8513296.24,last_posted_transaction_or_prior_closing_balance,,trusted,cn_public_2022_2026_cycles_1_0,public_schedule_without_transaction_override,False,,,complete
2024-07-21,286946.29,0.00,1,8800242.53,last_posted_transaction_or_prior_closing_balance,synb1_txn_9e6ed5f24af10a90fe64927a,trusted,cn_public_2022_2026_cycles_1_0,public_schedule_without_transaction_override,False,,,complete
2024-07-22,914395.55,538393.58,3,9176244.50,last_posted_transaction_or_prior_closing_balance,synb1_txn_7534e4797c97d81294c7c736,trusted,cn_public_2022_2026_cycles_1_0,public_schedule_without_transaction_override,True,139,2024-07-23,complete
2024-07-23,0.00,0.00,0,9176244.50,last_posted_transaction_or_prior_closing_balance,,trusted,cn_public_2022_2026_cycles_1_0,public_schedule_without_transaction_override,True,140,2024-07-24,complete
2024-07-24,22186.33,51697.50,2,9146733.33,last_posted_transaction_or_prior_closing_balance,synb1_txn_a4755ed71aa87717fdb3539e,trusted,cn_public_2022_2026_cycles_1_0,public_schedule_without_transaction_override,True,141,2024-07-25,complete
2024-07-25,0.00,35549.26,1,9111184.07,last_posted_transaction_or_prior_closing_balance,synb1_txn_8c91de7fcf85252b6294657e,trusted,cn_public_2022_2026_cycles_1_0,public_schedule_without_transaction_override,True,142,2024-07-26,complete
2024-07-26,0.00,1171.19,1,9110012.88,last_posted_transaction_or_prior_closing_balance,synb1_txn_f895c336e929790b1b10bdcf,trusted,cn_public_2022_2026_cycles_1_0,public_schedule_without_transaction_override,True,143,2024-07-29,complete
2024-07-27,78884.52,0.00,1,9188897.40,last_posted_transaction_or_prior_closing_balance,synb1_txn_385ded9f9848881562a0d086,trusted,cn_public_2022_2026_cycles_1_0,public_schedule_without_transaction_override,False,,,complete
2024-07-28,0.00,0.00,0,9188897.40,last_posted_transaction_or_prior_closing_balance,,trusted,cn_public_2022_2026_cycles_1_0,public_schedule_without_transaction_override,False,,,complete
2024-07-29,0.00,0.00,0,9188897.40,last_posted_transaction_or_prior_closing_balance,,trusted,cn_public_2022_2026_cycles_1_0,public_schedule_without_transaction_override,True,144,2024-07-30,complete
2024-07-30,0.00,0.00,0,9188897.40,last_posted_transaction_or_prior_closing_balance,,trusted,cn_public_2022_2026_cycles_1_0,public_schedule_without_transaction_override,True,145,2024-07-31,complete
2024-07-31,0.00,0.00,0,9188897.40,last_posted_transaction_or_prior_closing_balance,,trusted,cn_public_2022_2026_cycles_1_0,public_schedule_without_transaction_override,True,146,2024-08-01,complete
2024-08-01,0.00,0.00,0,9188897.40,last_posted_transaction_or_prior_closing_balance,,trusted,cn_public_2022_2026_cycles_1_0,public_schedule_without_transaction_override,True,147,2024-08-02,complete
2024-08-02,62660.67,277526.43,2,8974031.64,last_posted_transaction_or_prior_closing_balance,synb1_txn_f670ef9c6be2ed24b0b437cf,trusted,cn_public_2022_2026_cycles_1_0,public_schedule_without_transaction_override,True,148,2024-08-05,complete
2024-08-03,116670.26,285007.26,2,8805694.64,last_posted_transaction_or_prior_closing_balance,synb1_txn_88832bee05aec437707757ea,trusted,cn_public_2022_2026_cycles_1_0,public_schedule_without_transaction_override,False,,,complete
2024-08-04,0.00,0.00,0,8805694.64,last_posted_transaction_or_prior_closing_balance,,trusted,cn_public_2022_2026_cycles_1_0,public_schedule_without_transaction_override,False,,,complete
2024-08-05,673187.62,93941.12,4,9384941.14,last_posted_transaction_or_prior_closing_balance,synb1_txn_b140c5e030ed1b668c83d1be,trusted,cn_public_2022_2026_cycles_1_0,public_schedule_without_transaction_override,True,149,2024-08-06,complete
2024-08-06,44218.41,0.00,1,9429159.55,last_posted_transaction_or_prior_closing_balance,synb1_txn_f19808960c968baea404d4b8,trusted,cn_public_2022_2026_cycles_1_0,public_schedule_without_transaction_override,True,150,2024-08-07,complete
2024-08-07,0.00,310000.00,1,9119159.55,last_posted_transaction_or_prior_closing_balance,synb1_txn_dc147fbfa5ed82ab617ce1a2,trusted,cn_public_2022_2026_cycles_1_0,public_schedule_without_transaction_override,True,151,2024-08-08,complete
2024-08-08,0.00,0.00,0,9119159.55,last_posted_transaction_or_prior_closing_balance,,trusted,cn_public_2022_2026_cycles_1_0,public_schedule_without_transaction_override,True,152,2024-08-09,complete
2024-08-09,0.00,0.00,0,9119159.55,last_posted_transaction_or_prior_closing_balance,,trusted,cn_public_2022_2026_cycles_1_0,public_schedule_without_transaction_override,True,153,2024-08-12,complete
2024-08-10,0.00,0.00,0,9119159.55,last_posted_transaction_or_prior_closing_balance,,trusted,cn_public_2022_2026_cycles_1_0,public_schedule_without_transaction_override,False,,,complete
2024-08-11,0.00,0.00,0,9119159.55,last_posted_transaction_or_prior_closing_balance,,trusted,cn_public_2022_2026_cycles_1_0,public_schedule_without_transaction_override,False,,,complete
2024-08-12,119224.94,0.00,1,9238384.49,last_posted_transaction_or_prior_closing_balance,synb1_txn_808b1fca4a5fb68880852a7c,trusted,cn_public_2022_2026_cycles_1_0,public_schedule_without_transaction_override,True,154,2024-08-13,complete
2024-08-13,469607.75,0.00,1,9707992.24,last_posted_transaction_or_prior_closing_balance,synb1_txn_3ee6f8bafd4fec34e4871dca,trusted,cn_public_2022_2026_cycles_1_0,public_schedule_without_transaction_override,True,155,2024-08-14,complete
2024-08-14,0.00,71492.77,1,9636499.47,last_posted_transaction_or_prior_closing_balance,synb1_txn_d256c0c2640446b4fc6d6193,trusted,cn_public_2022_2026_cycles_1_0,public_schedule_without_transaction_override,True,156,2024-08-15,complete
2024-08-15,0.00,268413.92,2,9368085.55,last_posted_transaction_or_prior_closing_balance,synb1_txn_4c42a4c6475a67f1129478f7,trusted,cn_public_2022_2026_cycles_1_0,public_schedule_without_transaction_override,True,157,2024-08-16,complete
2024-08-16,345838.89,0.00,1,9713924.44,last_posted_transaction_or_prior_closing_balance,synb1_txn_b352dadb4cb490770c84f57f,trusted,cn_public_2022_2026_cycles_1_0,public_schedule_without_transaction_override,True,158,2024-08-19,complete
2024-08-17,0.00,0.00,0,9713924.44,last_posted_transaction_or_prior_closing_balance,,trusted,cn_public_2022_2026_cycles_1_0,public_schedule_without_transaction_override,False,,,complete
2024-08-18,0.00,473440.07,1,9240484.37,last_posted_transaction_or_prior_closing_balance,synb1_txn_99d04c97b1b8ddb642efd69a,trusted,cn_public_2022_2026_cycles_1_0,public_schedule_without_transaction_override,False,,,complete
2024-08-19,0.00,75393.40,3,9165090.97,last_posted_transaction_or_prior_closing_balance,synb1_txn_71eb0e780e5d2b220b7f6686,trusted,cn_public_2022_2026_cycles_1_0,public_schedule_without_transaction_override,True,159,2024-08-20,complete
2024-08-20,0.00,0.00,0,9165090.97,last_posted_transaction_or_prior_closing_balance,,trusted,cn_public_2022_2026_cycles_1_0,public_schedule_without_transaction_override,True,160,2024-08-21,complete
2024-08-21,0.00,0.00,0,9165090.97,last_posted_transaction_or_prior_closing_balance,,trusted,cn_public_2022_2026_cycles_1_0,public_schedule_without_transaction_override,True,161,2024-08-22,complete
2024-08-22,0.00,100363.05,1,9064727.92,last_posted_transaction_or_prior_closing_balance,synb1_txn_050965943392a8ebe3251513,trusted,cn_public_2022_2026_cycles_1_0,public_schedule_without_transaction_override,True,162,2024-08-23,complete
2024-08-23,16.87,0.00,1,9064744.79,last_posted_transaction_or_prior_closing_balance,synb1_txn_efb1cd9ece85876cbf297c6b,trusted,cn_public_2022_2026_cycles_1_0,public_schedule_without_transaction_override,True,163,2024-08-26,complete
2024-08-24,29897.49,0.00,1,9094642.28,last_posted_transaction_or_prior_closing_balance,synb1_txn_12b57326325d2e383fc1ab59,trusted,cn_public_2022_2026_cycles_1_0,public_schedule_without_transaction_override,False,,,complete
2024-08-25,335278.89,0.00,1,9429921.17,last_posted_transaction_or_prior_closing_balance,synb1_txn_3a38e084c28e9e8a77ded43a,trusted,cn_public_2022_2026_cycles_1_0,public_schedule_without_transaction_override,False,,,complete
2024-08-26,489360.58,25029.77,2,9894251.98,last_posted_transaction_or_prior_closing_balance,synb1_txn_a3ef6036e485bf45d3ac5f77,trusted,cn_public_2022_2026_cycles_1_0,public_schedule_without_transaction_override,True,164,2024-08-27,complete
2024-08-27,0.00,581545.61,2,9312706.37,last_posted_transaction_or_prior_closing_balance,synb1_txn_6ff168599f8ae0ce571d6e8e,trusted,cn_public_2022_2026_cycles_1_0,public_schedule_without_transaction_override,True,165,2024-08-28,complete
2024-08-28,74537.63,0.00,1,9387244.00,last_posted_transaction_or_prior_closing_balance,synb1_txn_943323520f9d9a09601c9283,trusted,cn_public_2022_2026_cycles_1_0,public_schedule_without_transaction_override,True,166,2024-08-29,complete
2024-08-29,0.00,0.00,0,9387244.00,last_posted_transaction_or_prior_closing_balance,,trusted,cn_public_2022_2026_cycles_1_0,public_schedule_without_transaction_override,True,167,2024-08-30,complete
2024-08-30,0.00,0.00,0,9387244.00,last_posted_transaction_or_prior_closing_balance,,trusted,cn_public_2022_2026_cycles_1_0,public_schedule_without_transaction_override,True,168,2024-09-02,complete
2024-08-31,0.00,0.00,0,9387244.00,last_posted_transaction_or_prior_closing_balance,,trusted,cn_public_2022_2026_cycles_1_0,public_schedule_without_transaction_override,False,,,complete
2024-09-01,0.00,0.00,0,9387244.00,last_posted_transaction_or_prior_closing_balance,,trusted,cn_public_2022_2026_cycles_1_0,public_schedule_without_transaction_override,False,,,complete
2024-09-02,86791.19,0.00,1,9474035.19,last_posted_transaction_or_prior_closing_balance,synb1_txn_4cd76b0f152df715a80c8b11,trusted,cn_public_2022_2026_cycles_1_0,public_schedule_without_transaction_override,True,169,2024-09-03,complete
2024-09-03,232770.14,2410.30,2,9704395.03,last_posted_transaction_or_prior_closing_balance,synb1_txn_ac80eb1175698732f6a7e6eb,trusted,cn_public_2022_2026_cycles_1_0,public_schedule_without_transaction_override,True,170,2024-09-04,complete
2024-09-04,0.00,0.00,0,9704395.03,last_posted_transaction_or_prior_closing_balance,,trusted,cn_public_2022_2026_cycles_1_0,public_schedule_without_transaction_override,True,171,2024-09-05,complete
2024-09-05,0.00,87192.18,2,9617202.85,last_posted_transaction_or_prior_closing_balance,synb1_txn_b493a7501cd7fafee4375a55,trusted,cn_public_2022_2026_cycles_1_0,public_schedule_without_transaction_override,True,172,2024-09-06,complete
2024-09-06,331691.49,265134.92,2,9683759.42,last_posted_transaction_or_prior_closing_balance,synb1_txn_4970b82894fc0520d3757045,trusted,cn_public_2022_2026_cycles_1_0,public_schedule_without_transaction_override,True,173,2024-09-09,complete
2024-09-07,222017.34,74000.00,2,9831776.76,last_posted_transaction_or_prior_closing_balance,synb1_txn_2b13c5b35c61e236964a5387,trusted,cn_public_2022_2026_cycles_1_0,public_schedule_without_transaction_override,False,,,complete
2024-09-08,0.00,57079.99,2,9774696.77,last_posted_transaction_or_prior_closing_balance,synb1_txn_9f8b014e5f7aed518fd5a418,trusted,cn_public_2022_2026_cycles_1_0,public_schedule_without_transaction_override,False,,,complete
2024-09-09,0.00,0.00,0,9774696.77,last_posted_transaction_or_prior_closing_balance,,trusted,cn_public_2022_2026_cycles_1_0,public_schedule_without_transaction_override,True,174,2024-09-10,complete
2024-09-10,8869.42,0.00,1,9783566.19,last_posted_transaction_or_prior_closing_balance,synb1_txn_a70f4d13f8ba68c2ea4aed77,trusted,cn_public_2022_2026_cycles_1_0,public_schedule_without_transaction_override,True,175,2024-09-11,complete
2024-09-11,0.00,0.00,0,9783566.19,last_posted_transaction_or_prior_closing_balance,,trusted,cn_public_2022_2026_cycles_1_0,public_schedule_without_transaction_override,True,176,2024-09-12,complete
2024-09-12,24535.86,0.00,1,9808102.05,last_posted_transaction_or_prior_closing_balance,synb1_txn_bdd1183e33ea5944ad1e5999,trusted,cn_public_2022_2026_cycles_1_0,public_schedule_without_transaction_override,True,177,2024-09-13,complete
2024-09-13,0.00,142756.06,1,9665345.99,last_posted_transaction_or_prior_closing_balance,synb1_txn_f3f352da0f05785f6361d6e6,trusted,cn_public_2022_2026_cycles_1_0,public_schedule_without_transaction_override,True,178,2024-09-14,complete
2024-09-14,0.00,422480.08,1,9242865.91,last_posted_transaction_or_prior_closing_balance,synb1_txn_4e06c32231d1908561a42827,trusted,cn_public_2022_2026_cycles_1_0,public_schedule_without_transaction_override,True,179,2024-09-18,complete
2024-09-15,0.00,4362.50,1,9238503.41,last_posted_transaction_or_prior_closing_balance,synb1_txn_f7314b01e4397f00e28172ba,trusted,cn_public_2022_2026_cycles_1_0,public_schedule_without_transaction_override,False,,,complete
2024-09-16,0.00,0.00,0,9238503.41,last_posted_transaction_or_prior_closing_balance,,trusted,cn_public_2022_2026_cycles_1_0,public_schedule_without_transaction_override,False,,,complete
2024-09-17,72583.23,0.00,2,9311086.64,last_posted_transaction_or_prior_closing_balance,synb1_txn_d50c9d910343edbfff66db43,trusted,cn_public_2022_2026_cycles_1_0,public_schedule_without_transaction_override,False,,,complete
2024-09-18,0.00,72345.40,3,9238741.24,last_posted_transaction_or_prior_closing_balance,synb1_txn_a37b9c99b7e18f030ddd4361,trusted,cn_public_2022_2026_cycles_1_0,public_schedule_without_transaction_override,True,180,2024-09-19,complete
2024-09-19,71853.05,0.00,1,9310594.29,last_posted_transaction_or_prior_closing_balance,synb1_txn_964d1ee2c3069d78cf63e611,trusted,cn_public_2022_2026_cycles_1_0,public_schedule_without_transaction_override,True,181,2024-09-20,complete
2024-09-20,0.00,0.00,0,9310594.29,last_posted_transaction_or_prior_closing_balance,,trusted,cn_public_2022_2026_cycles_1_0,public_schedule_without_transaction_override,True,182,2024-09-23,complete
2024-09-21,0.00,0.00,0,9310594.29,last_posted_transaction_or_prior_closing_balance,,trusted,cn_public_2022_2026_cycles_1_0,public_schedule_without_transaction_override,False,,,complete
2024-09-22,0.00,0.00,0,9310594.29,last_posted_transaction_or_prior_closing_balance,,trusted,cn_public_2022_2026_cycles_1_0,public_schedule_without_transaction_override,False,,,complete
2024-09-23,104036.15,0.00,2,9414630.44,last_posted_transaction_or_prior_closing_balance,synb1_txn_710d2f95ad19f20af51ce530,trusted,cn_public_2022_2026_cycles_1_0,public_schedule_without_transaction_override,True,183,2024-09-24,complete
2024-09-24,71306.21,499351.97,2,8986584.68,last_posted_transaction_or_prior_closing_balance,synb1_txn_f37345c9b47e287f7857992f,trusted,cn_public_2022_2026_cycles_1_0,public_schedule_without_transaction_override,True,184,2024-09-25,complete
2024-09-25,0.00,0.00,0,8986584.68,last_posted_transaction_or_prior_closing_balance,,trusted,cn_public_2022_2026_cycles_1_0,public_schedule_without_transaction_override,True,185,2024-09-26,complete
2024-09-26,0.00,0.00,0,8986584.68,last_posted_transaction_or_prior_closing_balance,,trusted,cn_public_2022_2026_cycles_1_0,public_schedule_without_transaction_override,True,186,2024-09-27,complete
2024-09-27,82169.52,0.00,1,9068754.20,last_posted_transaction_or_prior_closing_balance,synb1_txn_509b7d168dce539aa692f575,trusted,cn_public_2022_2026_cycles_1_0,public_schedule_without_transaction_override,True,187,2024-09-29,complete
2024-09-28,17176.40,0.00,1,9085930.60,last_posted_transaction_or_prior_closing_balance,synb1_txn_2ed38d271a2fd1b291d01c25,trusted,cn_public_2022_2026_cycles_1_0,public_schedule_without_transaction_override,False,,,complete
2024-09-29,0.00,0.00,0,9085930.60,last_posted_transaction_or_prior_closing_balance,,trusted,cn_public_2022_2026_cycles_1_0,public_schedule_without_transaction_override,True,188,2024-09-30,complete
2024-09-30,0.00,0.00,0,9085930.60,last_posted_transaction_or_prior_closing_balance,,trusted,cn_public_2022_2026_cycles_1_0,public_schedule_without_transaction_override,True,189,2024-10-08,complete
2024-10-01,0.00,0.00,0,9085930.60,last_posted_transaction_or_prior_closing_balance,,trusted,cn_public_2022_2026_cycles_1_0,public_schedule_without_transaction_override,False,,,complete
2024-10-02,0.00,0.00,0,9085930.60,last_posted_transaction_or_prior_closing_balance,,trusted,cn_public_2022_2026_cycles_1_0,public_schedule_without_transaction_override,False,,,complete
2024-10-03,27962.61,1023.95,2,9112869.26,last_posted_transaction_or_prior_closing_balance,synb1_txn_80fa495938d127191838d63d,trusted,cn_public_2022_2026_cycles_1_0,public_schedule_without_transaction_override,False,,,complete
2024-10-04,0.00,0.00,0,9112869.26,last_posted_transaction_or_prior_closing_balance,,trusted,cn_public_2022_2026_cycles_1_0,public_schedule_without_transaction_override,False,,,complete
2024-10-05,0.00,81649.37,2,9031219.89,last_posted_transaction_or_prior_closing_balance,synb1_txn_b35816ba3c73a662cf9a1241,trusted,cn_public_2022_2026_cycles_1_0,public_schedule_without_transaction_override,False,,,complete
2024-10-06,0.00,0.00,0,9031219.89,last_posted_transaction_or_prior_closing_balance,,trusted,cn_public_2022_2026_cycles_1_0,public_schedule_without_transaction_override,False,,,complete
2024-10-07,0.00,74000.00,1,8957219.89,last_posted_transaction_or_prior_closing_balance,synb1_txn_a5f7ca6b3d34595a3eef6bdc,trusted,cn_public_2022_2026_cycles_1_0,public_schedule_without_transaction_override,False,,,complete
2024-10-08,0.00,724.44,1,8956495.45,last_posted_transaction_or_prior_closing_balance,synb1_txn_e271ab8b034fb4c14d309854,trusted,cn_public_2022_2026_cycles_1_0,public_schedule_without_transaction_override,True,190,2024-10-09,complete
2024-10-09,0.00,0.00,0,8956495.45,last_posted_transaction_or_prior_closing_balance,,trusted,cn_public_2022_2026_cycles_1_0,public_schedule_without_transaction_override,True,191,2024-10-10,complete
2024-10-10,0.00,0.00,0,8956495.45,last_posted_transaction_or_prior_closing_balance,,trusted,cn_public_2022_2026_cycles_1_0,public_schedule_without_transaction_override,True,192,2024-10-11,complete
2024-10-11,0.00,0.00,0,8956495.45,last_posted_transaction_or_prior_closing_balance,,trusted,cn_public_2022_2026_cycles_1_0,public_schedule_without_transaction_override,True,193,2024-10-12,complete
2024-10-12,0.00,0.00,0,8956495.45,last_posted_transaction_or_prior_closing_balance,,trusted,cn_public_2022_2026_cycles_1_0,public_schedule_without_transaction_override,True,194,2024-10-14,complete
2024-10-13,0.00,0.00,0,8956495.45,last_posted_transaction_or_prior_closing_balance,,trusted,cn_public_2022_2026_cycles_1_0,public_schedule_without_transaction_override,False,,,complete
2024-10-14,0.00,17467.46,1,8939027.99,last_posted_transaction_or_prior_closing_balance,synb1_txn_c328de8a5d99800858cde486,trusted,cn_public_2022_2026_cycles_1_0,public_schedule_without_transaction_override,True,195,2024-10-15,complete
2024-10-15,0.00,0.00,0,8939027.99,last_posted_transaction_or_prior_closing_balance,,trusted,cn_public_2022_2026_cycles_1_0,public_schedule_without_transaction_override,True,196,2024-10-16,complete
2024-10-16,0.00,0.00,0,8939027.99,last_posted_transaction_or_prior_closing_balance,,trusted,cn_public_2022_2026_cycles_1_0,public_schedule_without_transaction_override,True,197,2024-10-17,complete
2024-10-17,0.00,0.00,0,8939027.99,last_posted_transaction_or_prior_closing_balance,,trusted,cn_public_2022_2026_cycles_1_0,public_schedule_without_transaction_override,True,198,2024-10-18,complete
2024-10-18,0.00,10018.59,3,8929009.40,last_posted_transaction_or_prior_closing_balance,synb1_txn_40fdc8b3a3bd0b884357ddac,trusted,cn_public_2022_2026_cycles_1_0,public_schedule_without_transaction_override,True,199,2024-10-21,complete
2024-10-19,0.00,0.00,0,8929009.40,last_posted_transaction_or_prior_closing_balance,,trusted,cn_public_2022_2026_cycles_1_0,public_schedule_without_transaction_override,False,,,complete
2024-10-20,0.00,0.00,0,8929009.40,last_posted_transaction_or_prior_closing_balance,,trusted,cn_public_2022_2026_cycles_1_0,public_schedule_without_transaction_override,False,,,complete
2024-10-21,0.00,0.00,0,8929009.40,last_posted_transaction_or_prior_closing_balance,,trusted,cn_public_2022_2026_cycles_1_0,public_schedule_without_transaction_override,True,200,2024-10-22,complete
2024-10-22,0.00,0.00,0,8929009.40,last_posted_transaction_or_prior_closing_balance,,trusted,cn_public_2022_2026_cycles_1_0,public_schedule_without_transaction_override,True,201,2024-10-23,complete
2024-10-23,0.00,0.00,0,8929009.40,last_posted_transaction_or_prior_closing_balance,,trusted,cn_public_2022_2026_cycles_1_0,public_schedule_without_transaction_override,True,202,2024-10-24,complete
2024-10-24,90177.45,0.00,1,9019186.85,last_posted_transaction_or_prior_closing_balance,synb1_txn_b81d32ea86350600a90263d3,trusted,cn_public_2022_2026_cycles_1_0,public_schedule_without_transaction_override,True,203,2024-10-25,complete
2024-10-25,0.00,0.00,0,9019186.85,last_posted_transaction_or_prior_closing_balance,,trusted,cn_public_2022_2026_cycles_1_0,public_schedule_without_transaction_override,True,204,2024-10-28,complete
2024-10-26,0.00,4941.51,1,9014245.34,last_posted_transaction_or_prior_closing_balance,synb1_txn_e6ffa5220fffb9fbfd47c9ad,trusted,cn_public_2022_2026_cycles_1_0,public_schedule_without_transaction_override,False,,,complete
2024-10-27,62259.94,12030.68,2,9064474.60,last_posted_transaction_or_prior_closing_balance,synb1_txn_2d2edfdc5baf18fcf22277ab,trusted,cn_public_2022_2026_cycles_1_0,public_schedule_without_transaction_override,False,,,complete
2024-10-28,0.00,0.00,0,9064474.60,last_posted_transaction_or_prior_closing_balance,,trusted,cn_public_2022_2026_cycles_1_0,public_schedule_without_transaction_override,True,205,2024-10-29,complete
2024-10-29,0.00,0.00,0,9064474.60,last_posted_transaction_or_prior_closing_balance,,trusted,cn_public_2022_2026_cycles_1_0,public_schedule_without_transaction_override,True,206,2024-10-30,complete
2024-10-30,0.00,0.00,0,9064474.60,last_posted_transaction_or_prior_closing_balance,,trusted,cn_public_2022_2026_cycles_1_0,public_schedule_without_transaction_override,True,207,2024-10-31,complete
2024-10-31,0.00,0.00,0,9064474.60,last_posted_transaction_or_prior_closing_balance,,trusted,cn_public_2022_2026_cycles_1_0,public_schedule_without_transaction_override,True,208,2024-11-01,complete
2024-11-01,0.00,0.00,0,9064474.60,last_posted_transaction_or_prior_closing_balance,,trusted,cn_public_2022_2026_cycles_1_0,public_schedule_without_transaction_override,True,209,2024-11-04,complete
2024-11-02,0.00,0.00,0,9064474.60,last_posted_transaction_or_prior_closing_balance,,trusted,cn_public_2022_2026_cycles_1_0,public_schedule_without_transaction_override,False,,,complete
2024-11-03,33903.59,0.00,1,9098378.19,last_posted_transaction_or_prior_closing_balance,synb1_txn_2c0505c7ba0787ee7f3e7c32,trusted,cn_public_2022_2026_cycles_1_0,public_schedule_without_transaction_override,False,,,complete
2024-11-04,0.00,12002.97,1,9086375.22,last_posted_transaction_or_prior_closing_balance,synb1_txn_e89e50760265b193c491fa30,trusted,cn_public_2022_2026_cycles_1_0,public_schedule_without_transaction_override,True,210,2024-11-05,complete
2024-11-05,0.00,74000.00,1,9012375.22,last_posted_transaction_or_prior_closing_balance,synb1_txn_a126683c6069c81b9f037cdb,trusted,cn_public_2022_2026_cycles_1_0,public_schedule_without_transaction_override,True,211,2024-11-06,complete
2024-11-06,0.00,0.00,0,9012375.22,last_posted_transaction_or_prior_closing_balance,,trusted,cn_public_2022_2026_cycles_1_0,public_schedule_without_transaction_override,True,212,2024-11-07,complete
2024-11-07,0.00,74000.00,1,8938375.22,last_posted_transaction_or_prior_closing_balance,synb1_txn_d5536e20657cba73025273db,trusted,cn_public_2022_2026_cycles_1_0,public_schedule_without_transaction_override,True,213,2024-11-08,complete
2024-11-08,0.00,12988.29,1,8925386.93,last_posted_transaction_or_prior_closing_balance,synb1_txn_c92ae31b136655a19fa5c58c,trusted,cn_public_2022_2026_cycles_1_0,public_schedule_without_transaction_override,True,214,2024-11-11,complete
2024-11-09,0.00,15011.71,1,8910375.22,last_posted_transaction_or_prior_closing_balance,synb1_txn_74b0473b53f0fb41cc365225,trusted,cn_public_2022_2026_cycles_1_0,public_schedule_without_transaction_override,False,,,complete
2024-11-10,0.00,0.00,0,8910375.22,last_posted_transaction_or_prior_closing_balance,,trusted,cn_public_2022_2026_cycles_1_0,public_schedule_without_transaction_override,False,,,complete
2024-11-11,142185.61,11798.07,3,9040762.76,last_posted_transaction_or_prior_closing_balance,synb1_txn_7d1bc0dbf328fd0a9a59f4a0,trusted,cn_public_2022_2026_cycles_1_0,public_schedule_without_transaction_override,True,215,2024-11-12,complete
2024-11-12,108924.34,0.00,3,9149687.10,last_posted_transaction_or_prior_closing_balance,synb1_txn_aecfd3fd512270f0fb2bf256,trusted,cn_public_2022_2026_cycles_1_0,public_schedule_without_transaction_override,True,216,2024-11-13,complete
2024-11-13,41267.12,10955.29,2,9179998.93,last_posted_transaction_or_prior_closing_balance,synb1_txn_1a08c16cea266aedc773b5fe,trusted,cn_public_2022_2026_cycles_1_0,public_schedule_without_transaction_override,True,217,2024-11-14,complete
2024-11-14,0.00,1250.37,1,9178748.56,last_posted_transaction_or_prior_closing_balance,synb1_txn_f708df3b1fc698f72652a3e8,trusted,cn_public_2022_2026_cycles_1_0,public_schedule_without_transaction_override,True,218,2024-11-15,complete
2024-11-15,0.00,114048.00,3,9064700.56,last_posted_transaction_or_prior_closing_balance,synb1_txn_fe6a4258c5d5523dbffd7982,trusted,cn_public_2022_2026_cycles_1_0,public_schedule_without_transaction_override,True,219,2024-11-18,complete
2024-11-16,0.00,0.00,0,9064700.56,last_posted_transaction_or_prior_closing_balance,,trusted,cn_public_2022_2026_cycles_1_0,public_schedule_without_transaction_override,False,,,complete
2024-11-17,0.00,0.00,0,9064700.56,last_posted_transaction_or_prior_closing_balance,,trusted,cn_public_2022_2026_cycles_1_0,public_schedule_without_transaction_override,False,,,complete
2024-11-18,0.00,4592.00,2,9060108.56,last_posted_transaction_or_prior_closing_balance,synb1_txn_39f6d556f59ab6529cd9f1af,trusted,cn_public_2022_2026_cycles_1_0,public_schedule_without_transaction_override,True,220,2024-11-19,complete
2024-11-19,10557.51,0.00,1,9070666.07,last_posted_transaction_or_prior_closing_balance,synb1_txn_2d8070776aae2fc32e2dc0cd,trusted,cn_public_2022_2026_cycles_1_0,public_schedule_without_transaction_override,True,221,2024-11-20,complete
2024-11-20,64400.72,1900.69,2,9133166.10,last_posted_transaction_or_prior_closing_balance,synb1_txn_29fdd30e2ae99bd9816ac50f,trusted,cn_public_2022_2026_cycles_1_0,public_schedule_without_transaction_override,True,222,2024-11-21,complete
2024-11-21,23973.37,0.00,1,9157139.47,last_posted_transaction_or_prior_closing_balance,synb1_txn_580688ef03757b9c4a326206,trusted,cn_public_2022_2026_cycles_1_0,public_schedule_without_transaction_override,True,223,2024-11-22,complete
2024-11-22,16222.11,6088.61,2,9167272.97,last_posted_transaction_or_prior_closing_balance,synb1_txn_88fd64797e6c4543ac17c054,trusted,cn_public_2022_2026_cycles_1_0,public_schedule_without_transaction_override,True,224,2024-11-25,complete
2024-11-23,0.00,0.00,0,9167272.97,last_posted_transaction_or_prior_closing_balance,,trusted,cn_public_2022_2026_cycles_1_0,public_schedule_without_transaction_override,False,,,complete
2024-11-24,0.00,0.00,0,9167272.97,last_posted_transaction_or_prior_closing_balance,,trusted,cn_public_2022_2026_cycles_1_0,public_schedule_without_transaction_override,False,,,complete
2024-11-25,0.00,0.00,0,9167272.97,last_posted_transaction_or_prior_closing_balance,,trusted,cn_public_2022_2026_cycles_1_0,public_schedule_without_transaction_override,True,225,2024-11-26,complete
2024-11-26,9765.63,0.00,1,9177038.60,last_posted_transaction_or_prior_closing_balance,synb1_txn_33f27905bb6d08a6a31f1973,trusted,cn_public_2022_2026_cycles_1_0,public_schedule_without_transaction_override,True,226,2024-11-27,complete
2024-11-27,0.00,0.00,0,9177038.60,last_posted_transaction_or_prior_closing_balance,,trusted,cn_public_2022_2026_cycles_1_0,public_schedule_without_transaction_override,True,227,2024-11-28,complete
2024-11-28,0.00,0.00,0,9177038.60,last_posted_transaction_or_prior_closing_balance,,trusted,cn_public_2022_2026_cycles_1_0,public_schedule_without_transaction_override,True,228,2024-11-29,complete
2024-11-29,0.00,0.00,0,9177038.60,last_posted_transaction_or_prior_closing_balance,,trusted,cn_public_2022_2026_cycles_1_0,public_schedule_without_transaction_override,True,229,2024-12-02,complete
2024-11-30,0.00,0.00,0,9177038.60,last_posted_transaction_or_prior_closing_balance,,trusted,cn_public_2022_2026_cycles_1_0,public_schedule_without_transaction_override,False,,,complete
2024-12-01,0.00,0.00,0,9177038.60,last_posted_transaction_or_prior_closing_balance,,trusted,cn_public_2022_2026_cycles_1_0,public_schedule_without_transaction_override,False,,,complete
2024-12-02,0.00,27491.09,1,9149547.51,last_posted_transaction_or_prior_closing_balance,synb1_txn_d91ad46a6fc9ddfb76711ace,trusted,cn_public_2022_2026_cycles_1_0,public_schedule_without_transaction_override,True,230,2024-12-03,complete
2024-12-03,28419.65,0.00,1,9177967.16,last_posted_transaction_or_prior_closing_balance,synb1_txn_813bac08733f4c6fe3b46d0d,trusted,cn_public_2022_2026_cycles_1_0,public_schedule_without_transaction_override,True,231,2024-12-04,complete
2024-12-04,120986.23,0.00,2,9298953.39,last_posted_transaction_or_prior_closing_balance,synb1_txn_38f94bc72859f02cf3bdcf49,trusted,cn_public_2022_2026_cycles_1_0,public_schedule_without_transaction_override,True,232,2024-12-05,complete
2024-12-05,0.00,81778.32,2,9217175.07,last_posted_transaction_or_prior_closing_balance,synb1_txn_04495eba3795edd4dd0e3dfa,trusted,cn_public_2022_2026_cycles_1_0,public_schedule_without_transaction_override,True,233,2024-12-06,complete
2024-12-06,0.00,15044.00,1,9202131.07,last_posted_transaction_or_prior_closing_balance,synb1_txn_8b67579f8aec337abceee1eb,trusted,cn_public_2022_2026_cycles_1_0,public_schedule_without_transaction_override,True,234,2024-12-09,complete
2024-12-07,47726.40,74000.00,2,9175857.47,last_posted_transaction_or_prior_closing_balance,synb1_txn_78e6720ffd90b55f7a8b82bc,trusted,cn_public_2022_2026_cycles_1_0,public_schedule_without_transaction_override,False,,,complete
2024-12-08,0.00,0.00,0,9175857.47,last_posted_transaction_or_prior_closing_balance,,trusted,cn_public_2022_2026_cycles_1_0,public_schedule_without_transaction_override,False,,,complete
2024-12-09,0.00,4809.54,1,9171047.93,last_posted_transaction_or_prior_closing_balance,synb1_txn_6a67d1283f496b43fe21b753,trusted,cn_public_2022_2026_cycles_1_0,public_schedule_without_transaction_override,True,235,2024-12-10,complete
2024-12-10,77282.57,0.00,1,9248330.50,last_posted_transaction_or_prior_closing_balance,synb1_txn_c0c3a89e2a86129e12c5ad7c,trusted,cn_public_2022_2026_cycles_1_0,public_schedule_without_transaction_override,True,236,2024-12-11,complete
2024-12-11,0.00,44969.93,1,9203360.57,last_posted_transaction_or_prior_closing_balance,synb1_txn_234ca643171d11dbfaa156f2,trusted,cn_public_2022_2026_cycles_1_0,public_schedule_without_transaction_override,True,237,2024-12-12,complete
2024-12-12,0.00,0.00,0,9203360.57,last_posted_transaction_or_prior_closing_balance,,trusted,cn_public_2022_2026_cycles_1_0,public_schedule_without_transaction_override,True,238,2024-12-13,complete
2024-12-13,0.00,0.00,0,9203360.57,last_posted_transaction_or_prior_closing_balance,,trusted,cn_public_2022_2026_cycles_1_0,public_schedule_without_transaction_override,True,239,2024-12-16,complete
2024-12-14,43644.02,0.00,1,9247004.59,last_posted_transaction_or_prior_closing_balance,synb1_txn_afb183a71985c15c0423c869,trusted,cn_public_2022_2026_cycles_1_0,public_schedule_without_transaction_override,False,,,complete
2024-12-15,0.00,4302.05,1,9242702.54,last_posted_transaction_or_prior_closing_balance,synb1_txn_baccc1348e7cc90fbd9058fc,trusted,cn_public_2022_2026_cycles_1_0,public_schedule_without_transaction_override,False,,,complete
2024-12-16,0.00,107707.60,2,9134994.94,last_posted_transaction_or_prior_closing_balance,synb1_txn_2c8861e945ae06fb74444d66,trusted,cn_public_2022_2026_cycles_1_0,public_schedule_without_transaction_override,True,240,2024-12-17,complete
2024-12-17,0.00,24646.95,1,9110347.99,last_posted_transaction_or_prior_closing_balance,synb1_txn_2de77f047b196fea40318eb4,trusted,cn_public_2022_2026_cycles_1_0,public_schedule_without_transaction_override,True,241,2024-12-18,complete
2024-12-18,0.00,8772.41,3,9101575.58,last_posted_transaction_or_prior_closing_balance,synb1_txn_71ee8d789dc91d5d40da2d32,trusted,cn_public_2022_2026_cycles_1_0,public_schedule_without_transaction_override,True,242,2024-12-19,complete
2024-12-19,0.00,3611.00,1,9097964.58,last_posted_transaction_or_prior_closing_balance,synb1_txn_0ea9ef2bc0738458d26dd713,trusted,cn_public_2022_2026_cycles_1_0,public_schedule_without_transaction_override,True,243,2024-12-20,complete
2024-12-20,0.00,0.00,0,9097964.58,last_posted_transaction_or_prior_closing_balance,,trusted,cn_public_2022_2026_cycles_1_0,public_schedule_without_transaction_override,True,244,2024-12-23,complete
2024-12-21,17794.12,57447.12,3,9058311.58,last_posted_transaction_or_prior_closing_balance,synb1_txn_c497f5348b3e1449eb7e2bf3,trusted,cn_public_2022_2026_cycles_1_0,public_schedule_without_transaction_override,False,,,complete
2024-12-22,0.00,0.00,0,9058311.58,last_posted_transaction_or_prior_closing_balance,,trusted,cn_public_2022_2026_cycles_1_0,public_schedule_without_transaction_override,False,,,complete
2024-12-23,38453.33,0.00,2,9096764.91,last_posted_transaction_or_prior_closing_balance,synb1_txn_9723525ac78e7fb981bf9fa1,trusted,cn_public_2022_2026_cycles_1_0,public_schedule_without_transaction_override,True,245,2024-12-24,complete
2024-12-24,0.00,30431.47,1,9066333.44,last_posted_transaction_or_prior_closing_balance,synb1_txn_85454affb1cb6be3a250fc12,trusted,cn_public_2022_2026_cycles_1_0,public_schedule_without_transaction_override,True,246,2024-12-25,complete
2024-12-25,22493.68,0.00,1,9088827.12,last_posted_transaction_or_prior_closing_balance,synb1_txn_28ef290dae992079d1756d5c,trusted,cn_public_2022_2026_cycles_1_0,public_schedule_without_transaction_override,True,247,2024-12-26,complete
2024-12-26,0.00,0.00,0,9088827.12,last_posted_transaction_or_prior_closing_balance,,trusted,cn_public_2022_2026_cycles_1_0,public_schedule_without_transaction_override,True,248,2024-12-27,complete
2024-12-27,0.00,36764.52,1,9052062.60,last_posted_transaction_or_prior_closing_balance,synb1_txn_fa7eda7ac39661030247626a,trusted,cn_public_2022_2026_cycles_1_0,public_schedule_without_transaction_override,True,249,2024-12-30,complete
2024-12-28,0.00,0.00,0,9052062.60,last_posted_transaction_or_prior_closing_balance,,trusted,cn_public_2022_2026_cycles_1_0,public_schedule_without_transaction_override,False,,,complete
2024-12-29,0.00,0.00,0,9052062.60,last_posted_transaction_or_prior_closing_balance,,trusted,cn_public_2022_2026_cycles_1_0,public_schedule_without_transaction_override,False,,,complete
2024-12-30,0.00,0.00,0,9052062.60,last_posted_transaction_or_prior_closing_balance,,trusted,cn_public_2022_2026_cycles_1_0,public_schedule_without_transaction_override,True,250,2024-12-31,complete
2024-12-31,0.00,0.00,0,9052062.60,last_posted_transaction_or_prior_closing_balance,,trusted,cn_public_2022_2026_cycles_1_0,public_schedule_without_transaction_override,True,251,2025-01-02,complete
2025-01-01,0.00,0.00,0,9052062.60,last_posted_transaction_or_prior_closing_balance,,trusted,cn_public_2022_2026_cycles_1_0,public_schedule_without_transaction_override,False,,,complete
2025-01-02,0.00,145050.87,2,8907011.73,last_posted_transaction_or_prior_closing_balance,synb1_txn_3094dc39649387e795ed3c73,trusted,cn_public_2022_2026_cycles_1_0,public_schedule_without_transaction_override,True,252,2025-01-03,complete
2025-01-03,16307.56,1841.52,3,8921477.77,last_posted_transaction_or_prior_closing_balance,synb1_txn_d562ea7c9dfe2a4f19ad84e0,trusted,cn_public_2022_2026_cycles_1_0,public_schedule_without_transaction_override,True,253,2025-01-06,complete
2025-01-04,62743.67,49665.94,2,8934555.50,last_posted_transaction_or_prior_closing_balance,synb1_txn_6954206b5afe7156114e28b5,trusted,cn_public_2022_2026_cycles_1_0,public_schedule_without_transaction_override,False,,,complete
2025-01-05,0.00,74000.00,1,8860555.50,last_posted_transaction_or_prior_closing_balance,synb1_txn_b035ae4a85b87ad864354cda,trusted,cn_public_2022_2026_cycles_1_0,public_schedule_without_transaction_override,False,,,complete
2025-01-06,0.00,0.00,0,8860555.50,last_posted_transaction_or_prior_closing_balance,,trusted,cn_public_2022_2026_cycles_1_0,public_schedule_without_transaction_override,True,254,2025-01-07,complete
2025-01-07,3953.02,74000.00,2,8790508.52,last_posted_transaction_or_prior_closing_balance,synb1_txn_8a49aad46d05fd56388c362f,trusted,cn_public_2022_2026_cycles_1_0,public_schedule_without_transaction_override,True,255,2025-01-08,complete
2025-01-08,0.00,0.00,0,8790508.52,last_posted_transaction_or_prior_closing_balance,,trusted,cn_public_2022_2026_cycles_1_0,public_schedule_without_transaction_override,True,256,2025-01-09,complete
2025-01-09,38842.31,11669.70,2,8817681.13,last_posted_transaction_or_prior_closing_balance,synb1_txn_b47721af1c0e70369534dc3c,trusted,cn_public_2022_2026_cycles_1_0,public_schedule_without_transaction_override,True,257,2025-01-10,complete
2025-01-10,132610.22,0.00,1,8950291.35,last_posted_transaction_or_prior_closing_balance,synb1_txn_4fa9d7da70905e9b5871b6e5,trusted,cn_public_2022_2026_cycles_1_0,public_schedule_without_transaction_override,True,258,2025-01-13,complete
2025-01-11,0.00,0.00,0,8950291.35,last_posted_transaction_or_prior_closing_balance,,trusted,cn_public_2022_2026_cycles_1_0,public_schedule_without_transaction_override,False,,,complete
2025-01-12,0.00,0.00,0,8950291.35,last_posted_transaction_or_prior_closing_balance,,trusted,cn_public_2022_2026_cycles_1_0,public_schedule_without_transaction_override,False,,,complete
2025-01-13,0.00,0.00,0,8950291.35,last_posted_transaction_or_prior_closing_balance,,trusted,cn_public_2022_2026_cycles_1_0,public_schedule_without_transaction_override,True,259,2025-01-14,complete
2025-01-14,0.00,0.00,0,8950291.35,last_posted_transaction_or_prior_closing_balance,,trusted,cn_public_2022_2026_cycles_1_0,public_schedule_without_transaction_override,True,260,2025-01-15,complete
2025-01-15,0.00,0.00,0,8950291.35,last_posted_transaction_or_prior_closing_balance,,trusted,cn_public_2022_2026_cycles_1_0,public_schedule_without_transaction_override,True,261,2025-01-16,complete
2025-01-16,18315.29,4095.25,2,8964511.39,last_posted_transaction_or_prior_closing_balance,synb1_txn_350cf97791e0607cb5f7247e,trusted,cn_public_2022_2026_cycles_1_0,public_schedule_without_transaction_override,True,262,2025-01-17,complete
2025-01-17,1795.66,29804.88,2,8936502.17,last_posted_transaction_or_prior_closing_balance,synb1_txn_b9657e71de9463739af9b3dc,trusted,cn_public_2022_2026_cycles_1_0,public_schedule_without_transaction_override,True,263,2025-01-20,complete
2025-01-18,50877.83,0.00,2,8987380.00,last_posted_transaction_or_prior_closing_balance,synb1_txn_b957e3b1042a1ddd9712dcb5,trusted,cn_public_2022_2026_cycles_1_0,public_schedule_without_transaction_override,False,,,complete
2025-01-19,0.00,0.00,0,8987380.00,last_posted_transaction_or_prior_closing_balance,,trusted,cn_public_2022_2026_cycles_1_0,public_schedule_without_transaction_override,False,,,complete
2025-01-20,6777.03,25508.93,4,8968648.10,last_posted_transaction_or_prior_closing_balance,synb1_txn_fbc165949894a456f9b8245c,trusted,cn_public_2022_2026_cycles_1_0,public_schedule_without_transaction_override,True,264,2025-01-21,complete
2025-01-21,0.00,0.00,0,8968648.10,last_posted_transaction_or_prior_closing_balance,,trusted,cn_public_2022_2026_cycles_1_0,public_schedule_without_transaction_override,True,265,2025-01-22,complete
2025-01-22,0.00,77217.60,1,8891430.50,last_posted_transaction_or_prior_closing_balance,synb1_txn_166a05d5aff211c082ad0147,trusted,cn_public_2022_2026_cycles_1_0,public_schedule_without_transaction_override,True,266,2025-01-23,complete
2025-01-23,80184.13,0.00,1,8971614.63,last_posted_transaction_or_prior_closing_balance,synb1_txn_1919ceaa1f0135471fabc001,trusted,cn_public_2022_2026_cycles_1_0,public_schedule_without_transaction_override,True,267,2025-01-24,complete
2025-01-24,3549.79,0.00,1,8975164.42,last_posted_transaction_or_prior_closing_balance,synb1_txn_68b68f972c3f87159aafd627,trusted,cn_public_2022_2026_cycles_1_0,public_schedule_without_transaction_override,True,268,2025-01-26,complete
2025-01-25,0.00,0.00,0,8975164.42,last_posted_transaction_or_prior_closing_balance,,trusted,cn_public_2022_2026_cycles_1_0,public_schedule_without_transaction_override,False,,,complete
2025-01-26,15243.49,5569.31,2,8984838.60,last_posted_transaction_or_prior_closing_balance,synb1_txn_12a0f6c20fc93308cc673f86,trusted,cn_public_2022_2026_cycles_1_0,public_schedule_without_transaction_override,True,269,2025-01-27,complete
2025-01-27,0.00,0.00,0,8984838.60,last_posted_transaction_or_prior_closing_balance,,trusted,cn_public_2022_2026_cycles_1_0,public_schedule_without_transaction_override,True,270,2025-02-05,complete
2025-01-28,0.00,0.00,0,8984838.60,last_posted_transaction_or_prior_closing_balance,,trusted,cn_public_2022_2026_cycles_1_0,public_schedule_without_transaction_override,False,,,complete
2025-01-29,0.00,0.00,0,8984838.60,last_posted_transaction_or_prior_closing_balance,,trusted,cn_public_2022_2026_cycles_1_0,public_schedule_without_transaction_override,False,,,complete
2025-01-30,0.00,0.00,0,8984838.60,last_posted_transaction_or_prior_closing_balance,,trusted,cn_public_2022_2026_cycles_1_0,public_schedule_without_transaction_override,False,,,complete
2025-01-31,0.00,0.00,0,8984838.60,last_posted_transaction_or_prior_closing_balance,,trusted,cn_public_2022_2026_cycles_1_0,public_schedule_without_transaction_override,False,,,complete
2025-02-01,0.00,0.00,0,8984838.60,last_posted_transaction_or_prior_closing_balance,,trusted,cn_public_2022_2026_cycles_1_0,public_schedule_without_transaction_override,False,,,complete
2025-02-02,0.00,0.00,0,8984838.60,last_posted_transaction_or_prior_closing_balance,,trusted,cn_public_2022_2026_cycles_1_0,public_schedule_without_transaction_override,False,,,complete
2025-02-03,0.00,0.00,0,8984838.60,last_posted_transaction_or_prior_closing_balance,,trusted,cn_public_2022_2026_cycles_1_0,public_schedule_without_transaction_override,False,,,complete
2025-02-04,0.00,0.00,0,8984838.60,last_posted_transaction_or_prior_closing_balance,,trusted,cn_public_2022_2026_cycles_1_0,public_schedule_without_transaction_override,False,,,complete
2025-02-05,31388.89,74000.00,3,8942227.49,last_posted_transaction_or_prior_closing_balance,synb1_txn_810350e2104625e44edb3ec7,trusted,cn_public_2022_2026_cycles_1_0,public_schedule_without_transaction_override,True,271,2025-02-06,complete
2025-02-06,0.00,157.50,1,8942069.99,last_posted_transaction_or_prior_closing_balance,synb1_txn_5c0f368c199b9b9bc3630ecf,trusted,cn_public_2022_2026_cycles_1_0,public_schedule_without_transaction_override,True,272,2025-02-07,complete
2025-02-07,64316.66,77813.76,5,8928572.89,last_posted_transaction_or_prior_closing_balance,synb1_txn_012f4b764b5fb2f05e2c62e3,trusted,cn_public_2022_2026_cycles_1_0,public_schedule_without_transaction_override,True,273,2025-02-08,complete
2025-02-08,0.00,14691.96,1,8913880.93,last_posted_transaction_or_prior_closing_balance,synb1_txn_d809157b0b9c622094bf29c6,trusted,cn_public_2022_2026_cycles_1_0,public_schedule_without_transaction_override,True,274,2025-02-10,complete
2025-02-09,0.00,0.00,0,8913880.93,last_posted_transaction_or_prior_closing_balance,,trusted,cn_public_2022_2026_cycles_1_0,public_schedule_without_transaction_override,False,,,complete
2025-02-10,0.00,3058.69,1,8910822.24,last_posted_transaction_or_prior_closing_balance,synb1_txn_b0663e63bbbb6226f3e8a98a,trusted,cn_public_2022_2026_cycles_1_0,public_schedule_without_transaction_override,True,275,2025-02-11,complete
2025-02-11,0.00,23849.68,2,8886972.56,last_posted_transaction_or_prior_closing_balance,synb1_txn_fd0bb19f8d885d390a4202ee,trusted,cn_public_2022_2026_cycles_1_0,public_schedule_without_transaction_override,True,276,2025-02-12,complete
2025-02-12,0.00,126057.03,2,8760915.53,last_posted_transaction_or_prior_closing_balance,synb1_txn_b7448a3bb99c97b7e9f28523,trusted,cn_public_2022_2026_cycles_1_0,public_schedule_without_transaction_override,True,277,2025-02-13,complete
2025-02-13,0.00,0.00,0,8760915.53,last_posted_transaction_or_prior_closing_balance,,trusted,cn_public_2022_2026_cycles_1_0,public_schedule_without_transaction_override,True,278,2025-02-14,complete
2025-02-14,0.00,0.00,0,8760915.53,last_posted_transaction_or_prior_closing_balance,,trusted,cn_public_2022_2026_cycles_1_0,public_schedule_without_transaction_override,True,279,2025-02-17,complete
2025-02-15,90439.65,0.00,2,8851355.18,last_posted_transaction_or_prior_closing_balance,synb1_txn_4f2440bfcc2dc7d240ee8bb2,trusted,cn_public_2022_2026_cycles_1_0,public_schedule_without_transaction_override,False,,,complete
2025-02-16,0.00,0.00,0,8851355.18,last_posted_transaction_or_prior_closing_balance,,trusted,cn_public_2022_2026_cycles_1_0,public_schedule_without_transaction_override,False,,,complete
2025-02-17,532.78,47611.99,3,8804275.97,last_posted_transaction_or_prior_closing_balance,synb1_txn_b7dde00ef2de4de286a2b59b,trusted,cn_public_2022_2026_cycles_1_0,public_schedule_without_transaction_override,True,280,2025-02-18,complete
2025-02-18,0.00,11186.50,3,8793089.47,last_posted_transaction_or_prior_closing_balance,synb1_txn_8b6db14412277833a370c155,trusted,cn_public_2022_2026_cycles_1_0,public_schedule_without_transaction_override,True,281,2025-02-19,complete
2025-02-19,0.00,39323.30,1,8753766.17,last_posted_transaction_or_prior_closing_balance,synb1_txn_305ef911802e624ca17b74ba,trusted,cn_public_2022_2026_cycles_1_0,public_schedule_without_transaction_override,True,282,2025-02-20,complete
2025-02-20,0.00,0.00,0,8753766.17,last_posted_transaction_or_prior_closing_balance,,trusted,cn_public_2022_2026_cycles_1_0,public_schedule_without_transaction_override,True,283,2025-02-21,complete
2025-02-21,0.00,80922.72,2,8672843.45,last_posted_transaction_or_prior_closing_balance,synb1_txn_2dbbc237c0061976c659a996,trusted,cn_public_2022_2026_cycles_1_0,public_schedule_without_transaction_override,True,284,2025-02-24,complete
2025-02-22,0.00,0.00,0,8672843.45,last_posted_transaction_or_prior_closing_balance,,trusted,cn_public_2022_2026_cycles_1_0,public_schedule_without_transaction_override,False,,,complete
2025-02-23,0.00,0.00,0,8672843.45,last_posted_transaction_or_prior_closing_balance,,trusted,cn_public_2022_2026_cycles_1_0,public_schedule_without_transaction_override,False,,,complete
2025-02-24,21366.87,0.00,1,8694210.32,last_posted_transaction_or_prior_closing_balance,synb1_txn_bb5b639c719b5fa575507b06,trusted,cn_public_2022_2026_cycles_1_0,public_schedule_without_transaction_override,True,285,2025-02-25,complete
2025-02-25,137869.75,0.00,1,8832080.07,last_posted_transaction_or_prior_closing_balance,synb1_txn_a38d47d68c88be88058554cb,trusted,cn_public_2022_2026_cycles_1_0,public_schedule_without_transaction_override,True,286,2025-02-26,complete
2025-02-26,0.00,1274.09,1,8830805.98,last_posted_transaction_or_prior_closing_balance,synb1_txn_f04af4eb1e2b82f4f9c05b70,trusted,cn_public_2022_2026_cycles_1_0,public_schedule_without_transaction_override,True,287,2025-02-27,complete
2025-02-27,25285.40,5404.78,2,8850686.60,last_posted_transaction_or_prior_closing_balance,synb1_txn_fd2532e3007a3eead8243aa0,trusted,cn_public_2022_2026_cycles_1_0,public_schedule_without_transaction_override,True,288,2025-02-28,complete
2025-02-28,0.00,0.00,0,8850686.60,last_posted_transaction_or_prior_closing_balance,,trusted,cn_public_2022_2026_cycles_1_0,public_schedule_without_transaction_override,True,289,2025-03-03,complete
2025-03-01,0.00,0.00,0,8850686.60,last_posted_transaction_or_prior_closing_balance,,trusted,cn_public_2022_2026_cycles_1_0,public_schedule_without_transaction_override,False,,,complete
2025-03-02,74467.37,2860.31,2,8922293.66,last_posted_transaction_or_prior_closing_balance,synb1_txn_24b931804e9e102e0f9530a2,trusted,cn_public_2022_2026_cycles_1_0,public_schedule_without_transaction_override,False,,,complete
2025-03-03,0.00,0.00,0,8922293.66,last_posted_transaction_or_prior_closing_balance,,trusted,cn_public_2022_2026_cycles_1_0,public_schedule_without_transaction_override,True,290,2025-03-04,complete
2025-03-04,16724.60,0.00,1,8939018.26,last_posted_transaction_or_prior_closing_balance,synb1_txn_9cc120682afe35fcb9c03448,trusted,cn_public_2022_2026_cycles_1_0,public_schedule_without_transaction_override,True,291,2025-03-05,complete
2025-03-05,8063.99,74000.00,2,8873082.25,last_posted_transaction_or_prior_closing_balance,synb1_txn_6c0e74e36610088b36c69d39,trusted,cn_public_2022_2026_cycles_1_0,public_schedule_without_transaction_override,True,292,2025-03-06,complete
2025-03-06,0.00,104.45,1,8872977.80,last_posted_transaction_or_prior_closing_balance,synb1_txn_4482cfa019262ac790644879,trusted,cn_public_2022_2026_cycles_1_0,public_schedule_without_transaction_override,True,293,2025-03-07,complete
2025-03-07,161087.25,74000.00,3,8960065.05,last_posted_transaction_or_prior_closing_balance,synb1_txn_4e3263801ef18ecc6129e076,trusted,cn_public_2022_2026_cycles_1_0,public_schedule_without_transaction_override,True,294,2025-03-10,complete
2025-03-08,0.00,0.00,0,8960065.05,last_posted_transaction_or_prior_closing_balance,,trusted,cn_public_2022_2026_cycles_1_0,public_schedule_without_transaction_override,False,,,complete
2025-03-09,0.00,0.00,0,8960065.05,last_posted_transaction_or_prior_closing_balance,,trusted,cn_public_2022_2026_cycles_1_0,public_schedule_without_transaction_override,False,,,complete
2025-03-10,0.00,0.00,0,8960065.05,last_posted_transaction_or_prior_closing_balance,,trusted,cn_public_2022_2026_cycles_1_0,public_schedule_without_transaction_override,True,295,2025-03-11,complete
2025-03-11,0.00,0.00,0,8960065.05,last_posted_transaction_or_prior_closing_balance,,trusted,cn_public_2022_2026_cycles_1_0,public_schedule_without_transaction_override,True,296,2025-03-12,complete
2025-03-12,0.00,6896.02,1,8953169.03,last_posted_transaction_or_prior_closing_balance,synb1_txn_2dace4f132095cb2da83faf6,trusted,cn_public_2022_2026_cycles_1_0,public_schedule_without_transaction_override,True,297,2025-03-13,complete
2025-03-13,0.00,0.00,0,8953169.03,last_posted_transaction_or_prior_closing_balance,,trusted,cn_public_2022_2026_cycles_1_0,public_schedule_without_transaction_override,True,298,2025-03-14,complete
2025-03-14,32021.81,212663.87,3,8772526.97,last_posted_transaction_or_prior_closing_balance,synb1_txn_ff4e5ba32806dc54233049c6,trusted,cn_public_2022_2026_cycles_1_0,public_schedule_without_transaction_override,True,299,2025-03-17,complete
2025-03-15,0.00,0.00,0,8772526.97,last_posted_transaction_or_prior_closing_balance,,trusted,cn_public_2022_2026_cycles_1_0,public_schedule_without_transaction_override,False,,,complete
2025-03-16,0.00,0.00,0,8772526.97,last_posted_transaction_or_prior_closing_balance,,trusted,cn_public_2022_2026_cycles_1_0,public_schedule_without_transaction_override,False,,,complete
2025-03-17,0.00,49249.07,1,8723277.90,last_posted_transaction_or_prior_closing_balance,synb1_txn_ab9599cdaf5ba29bc0223b7f,trusted,cn_public_2022_2026_cycles_1_0,public_schedule_without_transaction_override,True,300,2025-03-18,complete
2025-03-18,0.00,4032.00,2,8719245.90,last_posted_transaction_or_prior_closing_balance,synb1_txn_3e12ef051403a328c2f4b680,trusted,cn_public_2022_2026_cycles_1_0,public_schedule_without_transaction_override,True,301,2025-03-19,complete
2025-03-19,0.00,0.00,0,8719245.90,last_posted_transaction_or_prior_closing_balance,,trusted,cn_public_2022_2026_cycles_1_0,public_schedule_without_transaction_override,True,302,2025-03-20,complete
2025-03-20,0.00,0.00,0,8719245.90,last_posted_transaction_or_prior_closing_balance,,trusted,cn_public_2022_2026_cycles_1_0,public_schedule_without_transaction_override,True,303,2025-03-21,complete
2025-03-21,0.00,58194.28,2,8661051.62,last_posted_transaction_or_prior_closing_balance,synb1_txn_6de13500bbed2fdf66ed32d2,trusted,cn_public_2022_2026_cycles_1_0,public_schedule_without_transaction_override,True,304,2025-03-24,complete
2025-03-22,58432.62,0.00,1,8719484.24,last_posted_transaction_or_prior_closing_balance,synb1_txn_08872cf785ac966b5831e0c0,trusted,cn_public_2022_2026_cycles_1_0,public_schedule_without_transaction_override,False,,,complete
2025-03-23,71848.14,0.00,1,8791332.38,last_posted_transaction_or_prior_closing_balance,synb1_txn_1bf75a392756655d7ce985b3,trusted,cn_public_2022_2026_cycles_1_0,public_schedule_without_transaction_override,False,,,complete
2025-03-24,22387.88,0.00,1,8813720.26,last_posted_transaction_or_prior_closing_balance,synb1_txn_dde2d57b644a9abc926763af,trusted,cn_public_2022_2026_cycles_1_0,public_schedule_without_transaction_override,True,305,2025-03-25,complete
2025-03-25,26166.34,0.00,1,8839886.60,last_posted_transaction_or_prior_closing_balance,synb1_txn_e40f75361b86406044e7d8b4,trusted,cn_public_2022_2026_cycles_1_0,public_schedule_without_transaction_override,True,306,2025-03-26,complete
2025-03-26,0.00,0.00,0,8839886.60,last_posted_transaction_or_prior_closing_balance,,trusted,cn_public_2022_2026_cycles_1_0,public_schedule_without_transaction_override,True,307,2025-03-27,complete
2025-03-27,0.00,0.00,0,8839886.60,last_posted_transaction_or_prior_closing_balance,,trusted,cn_public_2022_2026_cycles_1_0,public_schedule_without_transaction_override,True,308,2025-03-28,complete
2025-03-28,0.00,0.00,0,8839886.60,last_posted_transaction_or_prior_closing_balance,,trusted,cn_public_2022_2026_cycles_1_0,public_schedule_without_transaction_override,True,309,2025-03-31,complete
2025-03-29,0.00,0.00,0,8839886.60,last_posted_transaction_or_prior_closing_balance,,trusted,cn_public_2022_2026_cycles_1_0,public_schedule_without_transaction_override,False,,,complete
2025-03-30,0.00,0.00,0,8839886.60,last_posted_transaction_or_prior_closing_balance,,trusted,cn_public_2022_2026_cycles_1_0,public_schedule_without_transaction_override,False,,,complete
2025-03-31,0.00,0.00,0,8839886.60,last_posted_transaction_or_prior_closing_balance,,trusted,cn_public_2022_2026_cycles_1_0,public_schedule_without_transaction_override,True,310,2025-04-01,complete
2025-04-01,0.00,0.00,0,8839886.60,last_posted_transaction_or_prior_closing_balance,,trusted,cn_public_2022_2026_cycles_1_0,public_schedule_without_transaction_override,True,311,2025-04-02,complete
2025-04-02,0.00,7629.63,1,8832256.97,last_posted_transaction_or_prior_closing_balance,synb1_txn_16c886213d7e17bc72c9de45,trusted,cn_public_2022_2026_cycles_1_0,public_schedule_without_transaction_override,True,312,2025-04-03,complete
2025-04-03,0.00,92920.09,2,8739336.88,last_posted_transaction_or_prior_closing_balance,synb1_txn_7d1f9058c360f5b07e284543,trusted,cn_public_2022_2026_cycles_1_0,public_schedule_without_transaction_override,True,313,2025-04-07,complete
2025-04-04,0.00,0.00,0,8739336.88,last_posted_transaction_or_prior_closing_balance,,trusted,cn_public_2022_2026_cycles_1_0,public_schedule_without_transaction_override,False,,,complete
2025-04-05,0.00,74000.00,1,8665336.88,last_posted_transaction_or_prior_closing_balance,synb1_txn_39eb2604bca6130d8d23f118,trusted,cn_public_2022_2026_cycles_1_0,public_schedule_without_transaction_override,False,,,complete
2025-04-06,116345.92,0.00,2,8781682.80,last_posted_transaction_or_prior_closing_balance,synb1_txn_ddce80607957fe1a11dcbdab,trusted,cn_public_2022_2026_cycles_1_0,public_schedule_without_transaction_override,False,,,complete
2025-04-07,6141.51,74000.00,2,8713824.31,last_posted_transaction_or_prior_closing_balance,synb1_txn_0aee4e620811a22949feb01f,trusted,cn_public_2022_2026_cycles_1_0,public_schedule_without_transaction_override,True,314,2025-04-08,complete
2025-04-08,0.00,0.00,0,8713824.31,last_posted_transaction_or_prior_closing_balance,,trusted,cn_public_2022_2026_cycles_1_0,public_schedule_without_transaction_override,True,315,2025-04-09,complete
2025-04-09,107752.79,0.00,1,8821577.10,last_posted_transaction_or_prior_closing_balance,synb1_txn_d9afa9bf410074426d740e04,trusted,cn_public_2022_2026_cycles_1_0,public_schedule_without_transaction_override,True,316,2025-04-10,complete
2025-04-10,0.00,0.00,0,8821577.10,last_posted_transaction_or_prior_closing_balance,,trusted,cn_public_2022_2026_cycles_1_0,public_schedule_without_transaction_override,True,317,2025-04-11,complete
2025-04-11,0.00,0.00,0,8821577.10,last_posted_transaction_or_prior_closing_balance,,trusted,cn_public_2022_2026_cycles_1_0,public_schedule_without_transaction_override,True,318,2025-04-14,complete
2025-04-12,29008.97,0.00,1,8850586.07,last_posted_transaction_or_prior_closing_balance,synb1_txn_02e59898b0110a1fcd0aef0d,trusted,cn_public_2022_2026_cycles_1_0,public_schedule_without_transaction_override,False,,,complete
2025-04-13,0.00,0.00,0,8850586.07,last_posted_transaction_or_prior_closing_balance,,trusted,cn_public_2022_2026_cycles_1_0,public_schedule_without_transaction_override,False,,,complete
2025-04-14,64354.43,0.00,2,8914940.50,last_posted_transaction_or_prior_closing_balance,synb1_txn_9f9432e08273274eb70f42f9,trusted,cn_public_2022_2026_cycles_1_0,public_schedule_without_transaction_override,True,319,2025-04-15,complete
2025-04-15,6107.66,0.00,2,8921048.16,last_posted_transaction_or_prior_closing_balance,synb1_txn_9854614d1b676a1ebcc52b49,trusted,cn_public_2022_2026_cycles_1_0,public_schedule_without_transaction_override,True,320,2025-04-16,complete
2025-04-16,0.00,0.00,0,8921048.16,last_posted_transaction_or_prior_closing_balance,,trusted,cn_public_2022_2026_cycles_1_0,public_schedule_without_transaction_override,True,321,2025-04-17,complete
2025-04-17,0.00,0.00,0,8921048.16,last_posted_transaction_or_prior_closing_balance,,trusted,cn_public_2022_2026_cycles_1_0,public_schedule_without_transaction_override,True,322,2025-04-18,complete
2025-04-18,33516.88,4480.00,4,8950085.04,last_posted_transaction_or_prior_closing_balance,synb1_txn_c296f2c7071c04ace97ae93a,trusted,cn_public_2022_2026_cycles_1_0,public_schedule_without_transaction_override,True,323,2025-04-21,complete
2025-04-19,5018.32,64257.35,2,8890846.01,last_posted_transaction_or_prior_closing_balance,synb1_txn_db8caa6f0de4e373956607e9,trusted,cn_public_2022_2026_cycles_1_0,public_schedule_without_transaction_override,False,,,complete
2025-04-20,0.00,0.00,0,8890846.01,last_posted_transaction_or_prior_closing_balance,,trusted,cn_public_2022_2026_cycles_1_0,public_schedule_without_transaction_override,False,,,complete
2025-04-21,0.00,11.67,1,8890834.34,last_posted_transaction_or_prior_closing_balance,synb1_txn_6517a08f0e7605ea01452286,trusted,cn_public_2022_2026_cycles_1_0,public_schedule_without_transaction_override,True,324,2025-04-22,complete
2025-04-22,10421.95,0.00,1,8901256.29,last_posted_transaction_or_prior_closing_balance,synb1_txn_2a48e2ba6d8efa359e3bea4c,trusted,cn_public_2022_2026_cycles_1_0,public_schedule_without_transaction_override,True,325,2025-04-23,complete
2025-04-23,57701.29,0.00,1,8958957.58,last_posted_transaction_or_prior_closing_balance,synb1_txn_9d1ac6f4f152136d93f2d90c,trusted,cn_public_2022_2026_cycles_1_0,public_schedule_without_transaction_override,True,326,2025-04-24,complete
2025-04-24,34759.03,0.00,2,8993716.61,last_posted_transaction_or_prior_closing_balance,synb1_txn_ec4f056bf243ca7b80dfff7d,trusted,cn_public_2022_2026_cycles_1_0,public_schedule_without_transaction_override,True,327,2025-04-25,complete
2025-04-25,0.00,0.00,0,8993716.61,last_posted_transaction_or_prior_closing_balance,,trusted,cn_public_2022_2026_cycles_1_0,public_schedule_without_transaction_override,True,328,2025-04-27,complete
2025-04-26,0.00,23866.30,1,8969850.31,last_posted_transaction_or_prior_closing_balance,synb1_txn_c62aa979e24e9d39cd5433cd,trusted,cn_public_2022_2026_cycles_1_0,public_schedule_without_transaction_override,False,,,complete
2025-04-27,66039.10,16664.62,4,9019224.79,last_posted_transaction_or_prior_closing_balance,synb1_txn_f78db4707c17509ced232f86,trusted,cn_public_2022_2026_cycles_1_0,public_schedule_without_transaction_override,True,329,2025-04-28,complete
2025-04-28,29032.15,131098.34,3,8917158.60,last_posted_transaction_or_prior_closing_balance,synb1_txn_e1047c28664a91ad08f0dead,trusted,cn_public_2022_2026_cycles_1_0,public_schedule_without_transaction_override,True,330,2025-04-29,complete
2025-04-29,0.00,0.00,0,8917158.60,last_posted_transaction_or_prior_closing_balance,,trusted,cn_public_2022_2026_cycles_1_0,public_schedule_without_transaction_override,True,331,2025-04-30,complete
2025-04-30,0.00,0.00,0,8917158.60,last_posted_transaction_or_prior_closing_balance,,trusted,cn_public_2022_2026_cycles_1_0,public_schedule_without_transaction_override,True,332,2025-05-06,complete
2025-05-01,0.00,0.00,0,8917158.60,last_posted_transaction_or_prior_closing_balance,,trusted,cn_public_2022_2026_cycles_1_0,public_schedule_without_transaction_override,False,,,complete
2025-05-02,0.00,0.00,0,8917158.60,last_posted_transaction_or_prior_closing_balance,,trusted,cn_public_2022_2026_cycles_1_0,public_schedule_without_transaction_override,False,,,complete
2025-05-03,0.00,20006.03,2,8897152.57,last_posted_transaction_or_prior_closing_balance,synb1_txn_a6f48e724285817e8649dcda,trusted,cn_public_2022_2026_cycles_1_0,public_schedule_without_transaction_override,False,,,complete
2025-05-04,0.00,95557.57,1,8801595.00,last_posted_transaction_or_prior_closing_balance,synb1_txn_9c7c4819e85ef456cb427979,trusted,cn_public_2022_2026_cycles_1_0,public_schedule_without_transaction_override,False,,,complete
2025-05-05,0.00,89190.04,2,8712404.96,last_posted_transaction_or_prior_closing_balance,synb1_txn_7d381b9f628dd43e1160d07b,trusted,cn_public_2022_2026_cycles_1_0,public_schedule_without_transaction_override,False,,,complete
2025-05-06,0.00,0.00,0,8712404.96,last_posted_transaction_or_prior_closing_balance,,trusted,cn_public_2022_2026_cycles_1_0,public_schedule_without_transaction_override,True,333,2025-05-07,complete
2025-05-07,137265.50,74000.00,2,8775670.46,last_posted_transaction_or_prior_closing_balance,synb1_txn_5eecff310c88908fa170d785,trusted,cn_public_2022_2026_cycles_1_0,public_schedule_without_transaction_override,True,334,2025-05-08,complete
2025-05-08,43642.68,12809.96,3,8806503.18,last_posted_transaction_or_prior_closing_balance,synb1_txn_49fce356a4d178344da6b561,trusted,cn_public_2022_2026_cycles_1_0,public_schedule_without_transaction_override,True,335,2025-05-09,complete
2025-05-09,0.00,0.00,0,8806503.18,last_posted_transaction_or_prior_closing_balance,,trusted,cn_public_2022_2026_cycles_1_0,public_schedule_without_transaction_override,True,336,2025-05-12,complete
2025-05-10,0.00,0.00,0,8806503.18,last_posted_transaction_or_prior_closing_balance,,trusted,cn_public_2022_2026_cycles_1_0,public_schedule_without_transaction_override,False,,,complete
2025-05-11,0.00,0.00,0,8806503.18,last_posted_transaction_or_prior_closing_balance,,trusted,cn_public_2022_2026_cycles_1_0,public_schedule_without_transaction_override,False,,,complete
2025-05-12,8573.45,0.00,1,8815076.63,last_posted_transaction_or_prior_closing_balance,synb1_txn_931f6212b3d283df5b68bbde,trusted,cn_public_2022_2026_cycles_1_0,public_schedule_without_transaction_override,True,337,2025-05-13,complete
2025-05-13,0.00,48597.58,1,8766479.05,last_posted_transaction_or_prior_closing_balance,synb1_txn_dbf7bdd3de93b194d3ea6575,trusted,cn_public_2022_2026_cycles_1_0,public_schedule_without_transaction_override,True,338,2025-05-14,complete
2025-05-14,0.00,0.00,0,8766479.05,last_posted_transaction_or_prior_closing_balance,,trusted,cn_public_2022_2026_cycles_1_0,public_schedule_without_transaction_override,True,339,2025-05-15,complete
2025-05-15,0.00,0.00,0,8766479.05,last_posted_transaction_or_prior_closing_balance,,trusted,cn_public_2022_2026_cycles_1_0,public_schedule_without_transaction_override,True,340,2025-05-16,complete
2025-05-16,12915.87,20253.31,2,8759141.61,last_posted_transaction_or_prior_closing_balance,synb1_txn_83171d8bb3724be370d86627,trusted,cn_public_2022_2026_cycles_1_0,public_schedule_without_transaction_override,True,341,2025-05-19,complete
2025-05-17,0.00,0.00,0,8759141.61,last_posted_transaction_or_prior_closing_balance,,trusted,cn_public_2022_2026_cycles_1_0,public_schedule_without_transaction_override,False,,,complete
2025-05-18,284.31,0.00,1,8759425.92,last_posted_transaction_or_prior_closing_balance,synb1_txn_2fb187833cd3b7c7af682388,trusted,cn_public_2022_2026_cycles_1_0,public_schedule_without_transaction_override,False,,,complete
2025-05-19,18676.19,5318.26,5,8772783.85,last_posted_transaction_or_prior_closing_balance,synb1_txn_b49a9b0fb15d3df7dca34881,trusted,cn_public_2022_2026_cycles_1_0,public_schedule_without_transaction_override,True,342,2025-05-20,complete
2025-05-20,52878.51,0.00,1,8825662.36,last_posted_transaction_or_prior_closing_balance,synb1_txn_9315fccab65b12b94ab5c732,trusted,cn_public_2022_2026_cycles_1_0,public_schedule_without_transaction_override,True,343,2025-05-21,complete
2025-05-21,37086.10,0.00,1,8862748.46,last_posted_transaction_or_prior_closing_balance,synb1_txn_d2a80b5d4b5706979b13138c,trusted,cn_public_2022_2026_cycles_1_0,public_schedule_without_transaction_override,True,344,2025-05-22,complete
2025-05-22,0.00,0.00,0,8862748.46,last_posted_transaction_or_prior_closing_balance,,trusted,cn_public_2022_2026_cycles_1_0,public_schedule_without_transaction_override,True,345,2025-05-23,complete
2025-05-23,0.00,0.00,0,8862748.46,last_posted_transaction_or_prior_closing_balance,,trusted,cn_public_2022_2026_cycles_1_0,public_schedule_without_transaction_override,True,346,2025-05-26,complete
2025-05-24,0.00,0.00,0,8862748.46,last_posted_transaction_or_prior_closing_balance,,trusted,cn_public_2022_2026_cycles_1_0,public_schedule_without_transaction_override,False,,,complete
2025-05-25,36504.53,40957.15,2,8858295.84,last_posted_transaction_or_prior_closing_balance,synb1_txn_fecbc454cd4ee25e41168ab3,trusted,cn_public_2022_2026_cycles_1_0,public_schedule_without_transaction_override,False,,,complete
2025-05-26,9857.87,2159.70,2,8865994.01,last_posted_transaction_or_prior_closing_balance,synb1_txn_f6e865ecd659dc4e95e2c304,trusted,cn_public_2022_2026_cycles_1_0,public_schedule_without_transaction_override,True,347,2025-05-27,complete
2025-05-27,0.00,38254.53,1,8827739.48,last_posted_transaction_or_prior_closing_balance,synb1_txn_2b5f2292dd7301d545957cef,trusted,cn_public_2022_2026_cycles_1_0,public_schedule_without_transaction_override,True,348,2025-05-28,complete
2025-05-28,14.99,15879.87,2,8811874.60,last_posted_transaction_or_prior_closing_balance,synb1_txn_50a0f1e7608f1d4e11cace3c,trusted,cn_public_2022_2026_cycles_1_0,public_schedule_without_transaction_override,True,349,2025-05-29,complete
2025-05-29,0.00,0.00,0,8811874.60,last_posted_transaction_or_prior_closing_balance,,trusted,cn_public_2022_2026_cycles_1_0,public_schedule_without_transaction_override,True,350,2025-05-30,complete
2025-05-30,0.00,0.00,0,8811874.60,last_posted_transaction_or_prior_closing_balance,,trusted,cn_public_2022_2026_cycles_1_0,public_schedule_without_transaction_override,True,351,2025-06-03,complete
2025-05-31,0.00,0.00,0,8811874.60,last_posted_transaction_or_prior_closing_balance,,trusted,cn_public_2022_2026_cycles_1_0,public_schedule_without_transaction_override,False,,,complete
2025-06-01,0.00,0.00,0,8811874.60,last_posted_transaction_or_prior_closing_balance,,trusted,cn_public_2022_2026_cycles_1_0,public_schedule_without_transaction_override,False,,,complete
2025-06-02,0.00,8387.68,1,8803486.92,last_posted_transaction_or_prior_closing_balance,synb1_txn_ee72247c7add43d6a70e5c0c,trusted,cn_public_2022_2026_cycles_1_0,public_schedule_without_transaction_override,False,,,complete
2025-06-03,0.00,0.00,0,8803486.92,last_posted_transaction_or_prior_closing_balance,,trusted,cn_public_2022_2026_cycles_1_0,public_schedule_without_transaction_override,True,352,2025-06-04,complete
2025-06-04,16912.96,0.00,1,8820399.88,last_posted_transaction_or_prior_closing_balance,synb1_txn_a85023b8c43a1b1dde470a2b,trusted,cn_public_2022_2026_cycles_1_0,public_schedule_without_transaction_override,True,353,2025-06-05,complete
2025-06-05,0.00,74000.00,1,8746399.88,last_posted_transaction_or_prior_closing_balance,synb1_txn_a8699f23ff7a7a03099a8194,trusted,cn_public_2022_2026_cycles_1_0,public_schedule_without_transaction_override,True,354,2025-06-06,complete
2025-06-06,0.00,6215.74,1,8740184.14,last_posted_transaction_or_prior_closing_balance,synb1_txn_153b13eb44a9c2b880374cff,trusted,cn_public_2022_2026_cycles_1_0,public_schedule_without_transaction_override,True,355,2025-06-09,complete
2025-06-07,0.00,199244.54,2,8540939.60,last_posted_transaction_or_prior_closing_balance,synb1_txn_408ca65024d7f377234bafeb,trusted,cn_public_2022_2026_cycles_1_0,public_schedule_without_transaction_override,False,,,complete
2025-06-08,5827.11,0.00,1,8546766.71,last_posted_transaction_or_prior_closing_balance,synb1_txn_76e534615fb87e151138d921,trusted,cn_public_2022_2026_cycles_1_0,public_schedule_without_transaction_override,False,,,complete
2025-06-09,0.00,76869.22,3,8469897.49,last_posted_transaction_or_prior_closing_balance,synb1_txn_a12b5b64f7b9d23b5db92d12,trusted,cn_public_2022_2026_cycles_1_0,public_schedule_without_transaction_override,True,356,2025-06-10,complete
2025-06-10,3316.37,1952.63,2,8471261.23,last_posted_transaction_or_prior_closing_balance,synb1_txn_9019511b1f5b656f38604f7f,trusted,cn_public_2022_2026_cycles_1_0,public_schedule_without_transaction_override,True,357,2025-06-11,complete
2025-06-11,0.00,0.00,0,8471261.23,last_posted_transaction_or_prior_closing_balance,,trusted,cn_public_2022_2026_cycles_1_0,public_schedule_without_transaction_override,True,358,2025-06-12,complete
2025-06-12,119544.20,0.00,1,8590805.43,last_posted_transaction_or_prior_closing_balance,synb1_txn_517725c32efdcad8c93a0bc0,trusted,cn_public_2022_2026_cycles_1_0,public_schedule_without_transaction_override,True,359,2025-06-13,complete
2025-06-13,32064.08,15232.62,2,8607636.89,last_posted_transaction_or_prior_closing_balance,synb1_txn_619ff648f17ab47b7335cb5f,trusted,cn_public_2022_2026_cycles_1_0,public_schedule_without_transaction_override,True,360,2025-06-16,complete
2025-06-14,50454.14,22446.11,3,8635644.92,last_posted_transaction_or_prior_closing_balance,synb1_txn_e251a978fbd9a383b1cddabb,trusted,cn_public_2022_2026_cycles_1_0,public_schedule_without_transaction_override,False,,,complete
2025-06-15,0.00,3020.19,1,8632624.73,last_posted_transaction_or_prior_closing_balance,synb1_txn_776d7dc3c8ef04321955ed02,trusted,cn_public_2022_2026_cycles_1_0,public_schedule_without_transaction_override,False,,,complete
2025-06-16,0.00,0.00,0,8632624.73,last_posted_transaction_or_prior_closing_balance,,trusted,cn_public_2022_2026_cycles_1_0,public_schedule_without_transaction_override,True,361,2025-06-17,complete
2025-06-17,0.00,0.00,0,8632624.73,last_posted_transaction_or_prior_closing_balance,,trusted,cn_public_2022_2026_cycles_1_0,public_schedule_without_transaction_override,True,362,2025-06-18,complete
2025-06-18,0.00,9119.23,3,8623505.50,last_posted_transaction_or_prior_closing_balance,synb1_txn_445114d5cb8b0c6f1f9911ea,trusted,cn_public_2022_2026_cycles_1_0,public_schedule_without_transaction_override,True,363,2025-06-19,complete
2025-06-19,7499.75,0.00,1,8631005.25,last_posted_transaction_or_prior_closing_balance,synb1_txn_4d75d5ec943a3b8cda0ab171,trusted,cn_public_2022_2026_cycles_1_0,public_schedule_without_transaction_override,True,364,2025-06-20,complete
2025-06-20,44238.46,0.00,1,8675243.71,last_posted_transaction_or_prior_closing_balance,synb1_txn_6cd0956aa0c5cbbbe7ddfc5a,trusted,cn_public_2022_2026_cycles_1_0,public_schedule_without_transaction_override,True,365,2025-06-23,complete
2025-06-21,40906.87,1788.61,2,8714361.97,last_posted_transaction_or_prior_closing_balance,synb1_txn_ecf0a1df2633e274804b45e4,trusted,cn_public_2022_2026_cycles_1_0,public_schedule_without_transaction_override,False,,,complete
2025-06-22,0.00,0.00,0,8714361.97,last_posted_transaction_or_prior_closing_balance,,trusted,cn_public_2022_2026_cycles_1_0,public_schedule_without_transaction_override,False,,,complete
2025-06-23,0.00,21852.04,2,8692509.93,last_posted_transaction_or_prior_closing_balance,synb1_txn_8e8428d0555166803bd08e14,trusted,cn_public_2022_2026_cycles_1_0,public_schedule_without_transaction_override,True,366,2025-06-24,complete
2025-06-24,0.00,672.02,1,8691837.91,last_posted_transaction_or_prior_closing_balance,synb1_txn_fda4fa62540625b44c053f44,trusted,cn_public_2022_2026_cycles_1_0,public_schedule_without_transaction_override,True,367,2025-06-25,complete
2025-06-25,5608.86,0.00,1,8697446.77,last_posted_transaction_or_prior_closing_balance,synb1_txn_96a23f93c6e920c1c0dc4372,trusted,cn_public_2022_2026_cycles_1_0,public_schedule_without_transaction_override,True,368,2025-06-26,complete
2025-06-26,0.00,0.00,0,8697446.77,last_posted_transaction_or_prior_closing_balance,,trusted,cn_public_2022_2026_cycles_1_0,public_schedule_without_transaction_override,True,369,2025-06-27,complete
2025-06-27,0.00,0.00,0,8697446.77,last_posted_transaction_or_prior_closing_balance,,trusted,cn_public_2022_2026_cycles_1_0,public_schedule_without_transaction_override,True,370,2025-06-30,complete
2025-06-28,14127.20,26083.37,2,8685490.60,last_posted_transaction_or_prior_closing_balance,synb1_txn_9a15faf9acc642b74271f9ec,trusted,cn_public_2022_2026_cycles_1_0,public_schedule_without_transaction_override,False,,,complete
2025-06-29,0.00,0.00,0,8685490.60,last_posted_transaction_or_prior_closing_balance,,trusted,cn_public_2022_2026_cycles_1_0,public_schedule_without_transaction_override,False,,,complete
2025-06-30,0.00,0.00,0,8685490.60,last_posted_transaction_or_prior_closing_balance,,trusted,cn_public_2022_2026_cycles_1_0,public_schedule_without_transaction_override,True,371,2025-07-01,complete
2025-07-01,0.00,0.00,0,8685490.60,last_posted_transaction_or_prior_closing_balance,,trusted,cn_public_2022_2026_cycles_1_0,public_schedule_without_transaction_override,True,372,2025-07-02,complete
2025-07-02,0.00,0.00,0,8685490.60,last_posted_transaction_or_prior_closing_balance,,trusted,cn_public_2022_2026_cycles_1_0,public_schedule_without_transaction_override,True,373,2025-07-03,complete
2025-07-03,87222.06,0.00,1,8772712.66,last_posted_transaction_or_prior_closing_balance,synb1_txn_f8c651db5a86e32994a98800,trusted,cn_public_2022_2026_cycles_1_0,public_schedule_without_transaction_override,True,374,2025-07-04,complete
2025-07-04,15571.23,0.00,1,8788283.89,last_posted_transaction_or_prior_closing_balance,synb1_txn_72ab57b98cfb49d94acf5c77,trusted,cn_public_2022_2026_cycles_1_0,public_schedule_without_transaction_override,True,375,2025-07-07,complete
2025-07-05,0.00,74000.00,1,8714283.89,last_posted_transaction_or_prior_closing_balance,synb1_txn_dcf93083c2e5a5eb57fc71a7,trusted,cn_public_2022_2026_cycles_1_0,public_schedule_without_transaction_override,False,,,complete
2025-07-06,81896.80,0.00,3,8796180.69,last_posted_transaction_or_prior_closing_balance,synb1_txn_733bcf3224e62b1423f58e75,trusted,cn_public_2022_2026_cycles_1_0,public_schedule_without_transaction_override,False,,,complete
2025-07-07,0.00,74000.00,1,8722180.69,last_posted_transaction_or_prior_closing_balance,synb1_txn_e89bbabbde0fc21d2a4df946,trusted,cn_public_2022_2026_cycles_1_0,public_schedule_without_transaction_override,True,376,2025-07-08,complete
2025-07-08,0.00,0.00,0,8722180.69,last_posted_transaction_or_prior_closing_balance,,trusted,cn_public_2022_2026_cycles_1_0,public_schedule_without_transaction_override,True,377,2025-07-09,complete
2025-07-09,15199.37,0.00,1,8737380.06,last_posted_transaction_or_prior_closing_balance,synb1_txn_8f6aa2f66ed66f0f5e50da55,trusted,cn_public_2022_2026_cycles_1_0,public_schedule_without_transaction_override,True,378,2025-07-10,complete
2025-07-10,0.00,0.00,0,8737380.06,last_posted_transaction_or_prior_closing_balance,,trusted,cn_public_2022_2026_cycles_1_0,public_schedule_without_transaction_override,True,379,2025-07-11,complete
2025-07-11,0.00,0.00,0,8737380.06,last_posted_transaction_or_prior_closing_balance,,trusted,cn_public_2022_2026_cycles_1_0,public_schedule_without_transaction_override,True,380,2025-07-14,complete
2025-07-12,7805.06,0.00,1,8745185.12,last_posted_transaction_or_prior_closing_balance,synb1_txn_1afc159cc05171863326278e,trusted,cn_public_2022_2026_cycles_1_0,public_schedule_without_transaction_override,False,,,complete
2025-07-13,0.00,0.00,0,8745185.12,last_posted_transaction_or_prior_closing_balance,,trusted,cn_public_2022_2026_cycles_1_0,public_schedule_without_transaction_override,False,,,complete
2025-07-14,0.00,0.00,0,8745185.12,last_posted_transaction_or_prior_closing_balance,,trusted,cn_public_2022_2026_cycles_1_0,public_schedule_without_transaction_override,True,381,2025-07-15,complete
2025-07-15,0.00,170022.44,1,8575162.68,last_posted_transaction_or_prior_closing_balance,synb1_txn_3c3facd20af8395ccf97e7c1,trusted,cn_public_2022_2026_cycles_1_0,public_schedule_without_transaction_override,True,382,2025-07-16,complete
2025-07-16,8351.20,0.00,1,8583513.88,last_posted_transaction_or_prior_closing_balance,synb1_txn_86e616e3fd7c65a132a4585d,trusted,cn_public_2022_2026_cycles_1_0,public_schedule_without_transaction_override,True,383,2025-07-17,complete
2025-07-17,0.00,954.85,1,8582559.03,last_posted_transaction_or_prior_closing_balance,synb1_txn_d992fefc2b6d8fdc156d4209,trusted,cn_public_2022_2026_cycles_1_0,public_schedule_without_transaction_override,True,384,2025-07-18,complete
2025-07-18,0.00,3584.00,2,8578975.03,last_posted_transaction_or_prior_closing_balance,synb1_txn_a3dbb7efb09539cb37902081,trusted,cn_public_2022_2026_cycles_1_0,public_schedule_without_transaction_override,True,385,2025-07-21,complete
2025-07-19,0.00,10428.30,2,8568546.73,last_posted_transaction_or_prior_closing_balance,synb1_txn_fe354c2b711489dc279bef35,trusted,cn_public_2022_2026_cycles_1_0,public_schedule_without_transaction_override,False,,,complete
2025-07-20,0.00,0.00,0,8568546.73,last_posted_transaction_or_prior_closing_balance,,trusted,cn_public_2022_2026_cycles_1_0,public_schedule_without_transaction_override,False,,,complete
2025-07-21,0.00,0.00,0,8568546.73,last_posted_transaction_or_prior_closing_balance,,trusted,cn_public_2022_2026_cycles_1_0,public_schedule_without_transaction_override,True,386,2025-07-22,complete
2025-07-22,45716.19,11101.41,2,8603161.51,last_posted_transaction_or_prior_closing_balance,synb1_txn_6ce1b65ad591b058c52f9a5e,trusted,cn_public_2022_2026_cycles_1_0,public_schedule_without_transaction_override,True,387,2025-07-23,complete
2025-07-23,0.00,16616.85,1,8586544.66,last_posted_transaction_or_prior_closing_balance,synb1_txn_53db93cae4e29e342fa919db,trusted,cn_public_2022_2026_cycles_1_0,public_schedule_without_transaction_override,True,388,2025-07-24,complete
2025-07-24,19571.87,25802.08,2,8580314.45,last_posted_transaction_or_prior_closing_balance,synb1_txn_f2da8f41f2856125e214a4bb,trusted,cn_public_2022_2026_cycles_1_0,public_schedule_without_transaction_override,True,389,2025-07-25,complete
2025-07-25,39868.81,0.00,1,8620183.26,last_posted_transaction_or_prior_closing_balance,synb1_txn_7f3cd6581a825be3fa7080a5,trusted,cn_public_2022_2026_cycles_1_0,public_schedule_without_transaction_override,True,390,2025-07-28,complete
2025-07-26,0.00,51817.08,2,8568366.18,last_posted_transaction_or_prior_closing_balance,synb1_txn_977f78cc87e9ca373b8647ad,trusted,cn_public_2022_2026_cycles_1_0,public_schedule_without_transaction_override,False,,,complete
2025-07-27,0.00,1999.43,1,8566366.75,last_posted_transaction_or_prior_closing_balance,synb1_txn_d886b5ca8cc5b465716f2be4,trusted,cn_public_2022_2026_cycles_1_0,public_schedule_without_transaction_override,False,,,complete
2025-07-28,16497.41,6233.56,2,8576630.60,last_posted_transaction_or_prior_closing_balance,synb1_txn_673968f13c0197b3d9f7484f,trusted,cn_public_2022_2026_cycles_1_0,public_schedule_without_transaction_override,True,391,2025-07-29,complete
2025-07-29,0.00,0.00,0,8576630.60,last_posted_transaction_or_prior_closing_balance,,trusted,cn_public_2022_2026_cycles_1_0,public_schedule_without_transaction_override,True,392,2025-07-30,complete
2025-07-30,0.00,0.00,0,8576630.60,last_posted_transaction_or_prior_closing_balance,,trusted,cn_public_2022_2026_cycles_1_0,public_schedule_without_transaction_override,True,393,2025-07-31,complete
2025-07-31,0.00,0.00,0,8576630.60,last_posted_transaction_or_prior_closing_balance,,trusted,cn_public_2022_2026_cycles_1_0,public_schedule_without_transaction_override,True,394,2025-08-01,complete
2025-08-01,0.00,0.00,0,8576630.60,last_posted_transaction_or_prior_closing_balance,,trusted,cn_public_2022_2026_cycles_1_0,public_schedule_without_transaction_override,True,395,2025-08-04,complete
2025-08-02,0.00,24626.35,1,8552004.25,last_posted_transaction_or_prior_closing_balance,synb1_txn_5c8f575ff866f4e057e38f07,trusted,cn_public_2022_2026_cycles_1_0,public_schedule_without_transaction_override,False,,,complete
2025-08-03,0.00,0.00,0,8552004.25,last_posted_transaction_or_prior_closing_balance,,trusted,cn_public_2022_2026_cycles_1_0,public_schedule_without_transaction_override,False,,,complete
2025-08-04,34263.81,0.00,1,8586268.06,last_posted_transaction_or_prior_closing_balance,synb1_txn_e7c6ed09955d71a050d7cea1,trusted,cn_public_2022_2026_cycles_1_0,public_schedule_without_transaction_override,True,396,2025-08-05,complete
2025-08-05,0.00,79459.10,2,8506808.96,last_posted_transaction_or_prior_closing_balance,synb1_txn_24aa835837217b76bb9dc4dc,trusted,cn_public_2022_2026_cycles_1_0,public_schedule_without_transaction_override,True,397,2025-08-06,complete
2025-08-06,0.00,0.00,0,8506808.96,last_posted_transaction_or_prior_closing_balance,,trusted,cn_public_2022_2026_cycles_1_0,public_schedule_without_transaction_override,True,398,2025-08-07,complete
2025-08-07,0.00,74000.00,1,8432808.96,last_posted_transaction_or_prior_closing_balance,synb1_txn_00c00c9f15e072f3681ebf6a,trusted,cn_public_2022_2026_cycles_1_0,public_schedule_without_transaction_override,True,399,2025-08-08,complete
2025-08-08,9990.74,0.00,1,8442799.70,last_posted_transaction_or_prior_closing_balance,synb1_txn_6f1a6cd3afa7f7980b00771a,trusted,cn_public_2022_2026_cycles_1_0,public_schedule_without_transaction_override,True,400,2025-08-11,complete
2025-08-09,0.00,187550.07,3,8255249.63,last_posted_transaction_or_prior_closing_balance,synb1_txn_89b96c26df5df91cc5a19204,trusted,cn_public_2022_2026_cycles_1_0,public_schedule_without_transaction_override,False,,,complete
2025-08-10,180.87,5758.15,3,8249672.35,last_posted_transaction_or_prior_closing_balance,synb1_txn_f658a4b6af5084abbba22d5a,trusted,cn_public_2022_2026_cycles_1_0,public_schedule_without_transaction_override,False,,,complete
2025-08-11,0.00,0.00,0,8249672.35,last_posted_transaction_or_prior_closing_balance,,trusted,cn_public_2022_2026_cycles_1_0,public_schedule_without_transaction_override,True,401,2025-08-12,complete
2025-08-12,0.00,0.00,0,8249672.35,last_posted_transaction_or_prior_closing_balance,,trusted,cn_public_2022_2026_cycles_1_0,public_schedule_without_transaction_override,True,402,2025-08-13,complete
2025-08-13,0.00,0.00,0,8249672.35,last_posted_transaction_or_prior_closing_balance,,trusted,cn_public_2022_2026_cycles_1_0,public_schedule_without_transaction_override,True,403,2025-08-14,complete
2025-08-14,0.00,6111.16,1,8243561.19,last_posted_transaction_or_prior_closing_balance,synb1_txn_978eaaabbf7039e5cfba023f,trusted,cn_public_2022_2026_cycles_1_0,public_schedule_without_transaction_override,True,404,2025-08-15,complete
2025-08-15,0.00,0.00,0,8243561.19,last_posted_transaction_or_prior_closing_balance,,trusted,cn_public_2022_2026_cycles_1_0,public_schedule_without_transaction_override,True,405,2025-08-18,complete
2025-08-16,23267.68,0.00,1,8266828.87,last_posted_transaction_or_prior_closing_balance,synb1_txn_21c019931d950b59e2648c66,trusted,cn_public_2022_2026_cycles_1_0,public_schedule_without_transaction_override,False,,,complete
2025-08-17,9698.50,1696.16,3,8274831.21,last_posted_transaction_or_prior_closing_balance,synb1_txn_0808c3661cbe6ab89a26f544,trusted,cn_public_2022_2026_cycles_1_0,public_schedule_without_transaction_override,False,,,complete
2025-08-18,72274.35,3920.00,3,8343185.56,last_posted_transaction_or_prior_closing_balance,synb1_txn_f33c488d016ea1fbc05e2ab3,trusted,cn_public_2022_2026_cycles_1_0,public_schedule_without_transaction_override,True,406,2025-08-19,complete
2025-08-19,12775.83,0.00,3,8355961.39,last_posted_transaction_or_prior_closing_balance,synb1_txn_d427f77a09d54d9b94710cd5,trusted,cn_public_2022_2026_cycles_1_0,public_schedule_without_transaction_override,True,407,2025-08-20,complete
2025-08-20,23453.36,45544.28,2,8333870.47,last_posted_transaction_or_prior_closing_balance,synb1_txn_fd49258ab0b805d22cbd7d94,trusted,cn_public_2022_2026_cycles_1_0,public_schedule_without_transaction_override,True,408,2025-08-21,complete
2025-08-21,1565.59,21342.99,2,8314093.07,last_posted_transaction_or_prior_closing_balance,synb1_txn_7734eb3f24516b1d43e30b7e,trusted,cn_public_2022_2026_cycles_1_0,public_schedule_without_transaction_override,True,409,2025-08-22,complete
2025-08-22,904.57,0.00,1,8314997.64,last_posted_transaction_or_prior_closing_balance,synb1_txn_ed6ee95618ab0490b62a9353,trusted,cn_public_2022_2026_cycles_1_0,public_schedule_without_transaction_override,True,410,2025-08-25,complete
2025-08-23,0.00,0.00,0,8314997.64,last_posted_transaction_or_prior_closing_balance,,trusted,cn_public_2022_2026_cycles_1_0,public_schedule_without_transaction_override,False,,,complete
2025-08-24,79571.57,0.00,2,8394569.21,last_posted_transaction_or_prior_closing_balance,synb1_txn_90165ee1a3a8518ac1e58b38,trusted,cn_public_2022_2026_cycles_1_0,public_schedule_without_transaction_override,False,,,complete
2025-08-25,0.00,280.69,1,8394288.52,last_posted_transaction_or_prior_closing_balance,synb1_txn_cdbc07fd157f146784d3315d,trusted,cn_public_2022_2026_cycles_1_0,public_schedule_without_transaction_override,True,411,2025-08-26,complete
2025-08-26,4809.26,0.00,1,8399097.78,last_posted_transaction_or_prior_closing_balance,synb1_txn_47c70e3721656c2a32cc8539,trusted,cn_public_2022_2026_cycles_1_0,public_schedule_without_transaction_override,True,412,2025-08-27,complete
2025-08-27,47743.87,0.00,2,8446841.65,last_posted_transaction_or_prior_closing_balance,synb1_txn_d6e46d31b406b23f2d11dff7,trusted,cn_public_2022_2026_cycles_1_0,public_schedule_without_transaction_override,True,413,2025-08-28,complete
2025-08-28,0.00,171.05,1,8446670.60,last_posted_transaction_or_prior_closing_balance,synb1_txn_1580736c3d42cafc647f7e99,trusted,cn_public_2022_2026_cycles_1_0,public_schedule_without_transaction_override,True,414,2025-08-29,complete
2025-08-29,0.00,0.00,0,8446670.60,last_posted_transaction_or_prior_closing_balance,,trusted,cn_public_2022_2026_cycles_1_0,public_schedule_without_transaction_override,True,415,2025-09-01,complete
2025-08-30,0.00,0.00,0,8446670.60,last_posted_transaction_or_prior_closing_balance,,trusted,cn_public_2022_2026_cycles_1_0,public_schedule_without_transaction_override,False,,,complete
2025-08-31,0.00,0.00,0,8446670.60,last_posted_transaction_or_prior_closing_balance,,trusted,cn_public_2022_2026_cycles_1_0,public_schedule_without_transaction_override,False,,,complete
2025-09-01,0.00,0.00,0,8446670.60,last_posted_transaction_or_prior_closing_balance,,trusted,cn_public_2022_2026_cycles_1_0,public_schedule_without_transaction_override,True,416,2025-09-02,complete
2025-09-02,0.00,0.00,0,8446670.60,last_posted_transaction_or_prior_closing_balance,,trusted,cn_public_2022_2026_cycles_1_0,public_schedule_without_transaction_override,True,417,2025-09-03,complete
2025-09-03,9192.20,0.00,1,8455862.80,last_posted_transaction_or_prior_closing_balance,synb1_txn_eb84e3cb5e9412193715bbcd,trusted,cn_public_2022_2026_cycles_1_0,public_schedule_without_transaction_override,True,418,2025-09-04,complete
2025-09-04,6403.21,0.00,1,8462266.01,last_posted_transaction_or_prior_closing_balance,synb1_txn_80fe39173434c7bb82ee887f,trusted,cn_public_2022_2026_cycles_1_0,public_schedule_without_transaction_override,True,419,2025-09-05,complete
2025-09-05,53763.56,74000.00,3,8442029.57,last_posted_transaction_or_prior_closing_balance,synb1_txn_91f7b0a774f324f57a2ebdbf,trusted,cn_public_2022_2026_cycles_1_0,public_schedule_without_transaction_override,True,420,2025-09-08,complete
2025-09-06,0.00,0.00,0,8442029.57,last_posted_transaction_or_prior_closing_balance,,trusted,cn_public_2022_2026_cycles_1_0,public_schedule_without_transaction_override,False,,,complete
2025-09-07,0.00,74000.00,1,8368029.57,last_posted_transaction_or_prior_closing_balance,synb1_txn_83db7e774a1d56599258acda,trusted,cn_public_2022_2026_cycles_1_0,public_schedule_without_transaction_override,False,,,complete
2025-09-08,67519.55,0.00,1,8435549.12,last_posted_transaction_or_prior_closing_balance,synb1_txn_908501efafecb6c488b0a2f2,trusted,cn_public_2022_2026_cycles_1_0,public_schedule_without_transaction_override,True,421,2025-09-09,complete
2025-09-09,0.00,0.00,0,8435549.12,last_posted_transaction_or_prior_closing_balance,,trusted,cn_public_2022_2026_cycles_1_0,public_schedule_without_transaction_override,True,422,2025-09-10,complete
2025-09-10,0.00,0.00,0,8435549.12,last_posted_transaction_or_prior_closing_balance,,trusted,cn_public_2022_2026_cycles_1_0,public_schedule_without_transaction_override,True,423,2025-09-11,complete
2025-09-11,51965.13,0.00,1,8487514.25,last_posted_transaction_or_prior_closing_balance,synb1_txn_a48cdad58637c668d29d41d6,trusted,cn_public_2022_2026_cycles_1_0,public_schedule_without_transaction_override,True,424,2025-09-12,complete
2025-09-12,21433.73,0.00,2,8508947.98,last_posted_transaction_or_prior_closing_balance,synb1_txn_70c8c81b8c6dee9916aad2ea,trusted,cn_public_2022_2026_cycles_1_0,public_schedule_without_transaction_override,True,425,2025-09-15,complete
2025-09-13,0.00,16789.87,1,8492158.11,last_posted_transaction_or_prior_closing_balance,synb1_txn_57be5de2f9a418ca523f727e,trusted,cn_public_2022_2026_cycles_1_0,public_schedule_without_transaction_override,False,,,complete
2025-09-14,20067.99,23358.00,2,8488868.10,last_posted_transaction_or_prior_closing_balance,synb1_txn_70221afa86147d3c4dd27479,trusted,cn_public_2022_2026_cycles_1_0,public_schedule_without_transaction_override,False,,,complete
2025-09-15,8373.68,63290.90,3,8433950.88,last_posted_transaction_or_prior_closing_balance,synb1_txn_12cc0eb5754d96401d08c0da,trusted,cn_public_2022_2026_cycles_1_0,public_schedule_without_transaction_override,True,426,2025-09-16,complete
2025-09-16,0.00,5455.23,2,8428495.65,last_posted_transaction_or_prior_closing_balance,synb1_txn_7a6e9e4e9c96857606c8e46d,trusted,cn_public_2022_2026_cycles_1_0,public_schedule_without_transaction_override,True,427,2025-09-17,complete
2025-09-17,7650.08,90578.71,2,8345567.02,last_posted_transaction_or_prior_closing_balance,synb1_txn_7f394253c7662bd5fd2c2416,trusted,cn_public_2022_2026_cycles_1_0,public_schedule_without_transaction_override,True,428,2025-09-18,complete
2025-09-18,0.00,18250.72,3,8327316.30,last_posted_transaction_or_prior_closing_balance,synb1_txn_b0cd6545bc46d80c152d529b,trusted,cn_public_2022_2026_cycles_1_0,public_schedule_without_transaction_override,True,429,2025-09-19,complete
2025-09-19,0.00,48029.06,2,8279287.24,last_posted_transaction_or_prior_closing_balance,synb1_txn_5c29be2e73c8be11de731498,trusted,cn_public_2022_2026_cycles_1_0,public_schedule_without_transaction_override,True,430,2025-09-22,complete
2025-09-20,0.00,0.00,0,8279287.24,last_posted_transaction_or_prior_closing_balance,,trusted,cn_public_2022_2026_cycles_1_0,public_schedule_without_transaction_override,False,,,complete
2025-09-21,3318.65,0.00,1,8282605.89,last_posted_transaction_or_prior_closing_balance,synb1_txn_ee648f3ed8033161f1afe6b5,trusted,cn_public_2022_2026_cycles_1_0,public_schedule_without_transaction_override,False,,,complete
2025-09-22,7439.19,0.00,1,8290045.08,last_posted_transaction_or_prior_closing_balance,synb1_txn_6dd741fcda6651b1b593f575,trusted,cn_public_2022_2026_cycles_1_0,public_schedule_without_transaction_override,True,431,2025-09-23,complete
2025-09-23,33246.15,0.00,2,8323291.23,last_posted_transaction_or_prior_closing_balance,synb1_txn_f55cf47cb955d5a64237a1ad,trusted,cn_public_2022_2026_cycles_1_0,public_schedule_without_transaction_override,True,432,2025-09-24,complete
2025-09-24,0.00,0.00,0,8323291.23,last_posted_transaction_or_prior_closing_balance,,trusted,cn_public_2022_2026_cycles_1_0,public_schedule_without_transaction_override,True,433,2025-09-25,complete
2025-09-25,16703.00,16383.51,2,8323610.72,last_posted_transaction_or_prior_closing_balance,synb1_txn_1677f12afb6b27484753cdfc,trusted,cn_public_2022_2026_cycles_1_0,public_schedule_without_transaction_override,True,434,2025-09-26,complete
2025-09-26,0.00,0.00,0,8323610.72,last_posted_transaction_or_prior_closing_balance,,trusted,cn_public_2022_2026_cycles_1_0,public_schedule_without_transaction_override,True,435,2025-09-28,complete
2025-09-27,0.00,0.00,0,8323610.72,last_posted_transaction_or_prior_closing_balance,,trusted,cn_public_2022_2026_cycles_1_0,public_schedule_without_transaction_override,False,,,complete
2025-09-28,10623.88,0.00,1,8334234.60,last_posted_transaction_or_prior_closing_balance,synb1_txn_0807f882f65bfa860d659393,trusted,cn_public_2022_2026_cycles_1_0,public_schedule_without_transaction_override,True,436,2025-09-29,complete
2025-09-29,0.00,0.00,0,8334234.60,last_posted_transaction_or_prior_closing_balance,,trusted,cn_public_2022_2026_cycles_1_0,public_schedule_without_transaction_override,True,437,2025-09-30,complete
2025-09-30,0.00,0.00,0,8334234.60,last_posted_transaction_or_prior_closing_balance,,trusted,cn_public_2022_2026_cycles_1_0,public_schedule_without_transaction_override,True,438,2025-10-09,complete
2025-10-01,0.00,0.00,0,8334234.60,last_posted_transaction_or_prior_closing_balance,,trusted,cn_public_2022_2026_cycles_1_0,public_schedule_without_transaction_override,False,,,complete
2025-10-02,0.00,42327.15,1,8291907.45,last_posted_transaction_or_prior_closing_balance,synb1_txn_7518ecf5a54f213bee32548a,trusted,cn_public_2022_2026_cycles_1_0,public_schedule_without_transaction_override,False,,,complete
2025-10-03,98158.26,0.00,1,8390065.71,last_posted_transaction_or_prior_closing_balance,synb1_txn_bacaf3d9edce3dec078ed187,trusted,cn_public_2022_2026_cycles_1_0,public_schedule_without_transaction_override,False,,,complete
2025-10-04,0.00,9585.56,1,8380480.15,last_posted_transaction_or_prior_closing_balance,synb1_txn_7a9fe9257269942bbd2b0997,trusted,cn_public_2022_2026_cycles_1_0,public_schedule_without_transaction_override,False,,,complete
2025-10-05,0.00,74000.00,1,8306480.15,last_posted_transaction_or_prior_closing_balance,synb1_txn_2f2479f9da208bcf42f16744,trusted,cn_public_2022_2026_cycles_1_0,public_schedule_without_transaction_override,False,,,complete
2025-10-06,2688.66,0.00,1,8309168.81,last_posted_transaction_or_prior_closing_balance,synb1_txn_621605d057b91650d0dbae54,trusted,cn_public_2022_2026_cycles_1_0,public_schedule_without_transaction_override,False,,,complete
2025-10-07,0.00,74000.00,1,8235168.81,last_posted_transaction_or_prior_closing_balance,synb1_txn_3275d73d1f67bff506b371f8,trusted,cn_public_2022_2026_cycles_1_0,public_schedule_without_transaction_override,False,,,complete
2025-10-08,0.00,0.00,0,8235168.81,last_posted_transaction_or_prior_closing_balance,,trusted,cn_public_2022_2026_cycles_1_0,public_schedule_without_transaction_override,False,,,complete
2025-10-09,0.00,15327.04,1,8219841.77,last_posted_transaction_or_prior_closing_balance,synb1_txn_714a00b84ea6bf0e821233a7,trusted,cn_public_2022_2026_cycles_1_0,public_schedule_without_transaction_override,True,439,2025-10-10,complete
2025-10-10,0.00,60045.58,1,8159796.19,last_posted_transaction_or_prior_closing_balance,synb1_txn_875f11be60f2ef907d1b93d7,trusted,cn_public_2022_2026_cycles_1_0,public_schedule_without_transaction_override,True,440,2025-10-11,complete
2025-10-11,0.00,5974.01,2,8153822.18,last_posted_transaction_or_prior_closing_balance,synb1_txn_e5d827ac50e15a0933eb17b5,trusted,cn_public_2022_2026_cycles_1_0,public_schedule_without_transaction_override,True,441,2025-10-13,complete
2025-10-12,0.00,0.00,0,8153822.18,last_posted_transaction_or_prior_closing_balance,,trusted,cn_public_2022_2026_cycles_1_0,public_schedule_without_transaction_override,False,,,complete
2025-10-13,52170.05,11938.73,2,8194053.50,last_posted_transaction_or_prior_closing_balance,synb1_txn_2d5a1d53cefa44b232e7052a,trusted,cn_public_2022_2026_cycles_1_0,public_schedule_without_transaction_override,True,442,2025-10-14,complete
2025-10-14,0.00,0.00,0,8194053.50,last_posted_transaction_or_prior_closing_balance,,trusted,cn_public_2022_2026_cycles_1_0,public_schedule_without_transaction_override,True,443,2025-10-15,complete
2025-10-15,83116.12,0.00,2,8277169.62,last_posted_transaction_or_prior_closing_balance,synb1_txn_d57851cbaea06970ea218f90,trusted,cn_public_2022_2026_cycles_1_0,public_schedule_without_transaction_override,True,444,2025-10-16,complete
2025-10-16,0.00,0.00,0,8277169.62,last_posted_transaction_or_prior_closing_balance,,trusted,cn_public_2022_2026_cycles_1_0,public_schedule_without_transaction_override,True,445,2025-10-17,complete
2025-10-17,0.00,0.00,0,8277169.62,last_posted_transaction_or_prior_closing_balance,,trusted,cn_public_2022_2026_cycles_1_0,public_schedule_without_transaction_override,True,446,2025-10-20,complete
2025-10-18,0.00,3420.14,1,8273749.48,last_posted_transaction_or_prior_closing_balance,synb1_txn_14eb73026788a195f57d4706,trusted,cn_public_2022_2026_cycles_1_0,public_schedule_without_transaction_override,False,,,complete
2025-10-19,14599.26,456.97,2,8287891.77,last_posted_transaction_or_prior_closing_balance,synb1_txn_37a9e92e95cb61ff24940e32,trusted,cn_public_2022_2026_cycles_1_0,public_schedule_without_transaction_override,False,,,complete
2025-10-20,0.00,3696.00,2,8284195.77,last_posted_transaction_or_prior_closing_balance,synb1_txn_e3be5450133a19e9079727af,trusted,cn_public_2022_2026_cycles_1_0,public_schedule_without_transaction_override,True,447,2025-10-21,complete
2025-10-21,0.00,121718.42,2,8162477.35,last_posted_transaction_or_prior_closing_balance,synb1_txn_5951cba316fdf69ecf85e040,trusted,cn_public_2022_2026_cycles_1_0,public_schedule_without_transaction_override,True,448,2025-10-22,complete
2025-10-22,0.00,590.22,1,8161887.13,last_posted_transaction_or_prior_closing_balance,synb1_txn_bdfebdf2c130735ebfdcd5b4,trusted,cn_public_2022_2026_cycles_1_0,public_schedule_without_transaction_override,True,449,2025-10-23,complete
2025-10-23,12334.02,0.00,1,8174221.15,last_posted_transaction_or_prior_closing_balance,synb1_txn_ed44f4629564ec85696627d3,trusted,cn_public_2022_2026_cycles_1_0,public_schedule_without_transaction_override,True,450,2025-10-24,complete
2025-10-24,32014.45,10956.18,3,8195279.42,last_posted_transaction_or_prior_closing_balance,synb1_txn_4acf6e0568b3e13e0d2c5c37,trusted,cn_public_2022_2026_cycles_1_0,public_schedule_without_transaction_override,True,451,2025-10-27,complete
2025-10-25,0.00,0.00,0,8195279.42,last_posted_transaction_or_prior_closing_balance,,trusted,cn_public_2022_2026_cycles_1_0,public_schedule_without_transaction_override,False,,,complete
2025-10-26,5111.14,0.00,1,8200390.56,last_posted_transaction_or_prior_closing_balance,synb1_txn_fc7efd6df99db0b536e4ac9e,trusted,cn_public_2022_2026_cycles_1_0,public_schedule_without_transaction_override,False,,,complete
2025-10-27,0.00,0.00,0,8200390.56,last_posted_transaction_or_prior_closing_balance,,trusted,cn_public_2022_2026_cycles_1_0,public_schedule_without_transaction_override,True,452,2025-10-28,complete
2025-10-28,308.04,0.00,1,8200698.60,last_posted_transaction_or_prior_closing_balance,synb1_txn_a3888f43530c10116ca7c4c6,trusted,cn_public_2022_2026_cycles_1_0,public_schedule_without_transaction_override,True,453,2025-10-29,complete
2025-10-29,0.00,0.00,0,8200698.60,last_posted_transaction_or_prior_closing_balance,,trusted,cn_public_2022_2026_cycles_1_0,public_schedule_without_transaction_override,True,454,2025-10-30,complete
2025-10-30,0.00,0.00,0,8200698.60,last_posted_transaction_or_prior_closing_balance,,trusted,cn_public_2022_2026_cycles_1_0,public_schedule_without_transaction_override,True,455,2025-10-31,complete
2025-10-31,0.00,0.00,0,8200698.60,last_posted_transaction_or_prior_closing_balance,,trusted,cn_public_2022_2026_cycles_1_0,public_schedule_without_transaction_override,True,456,2025-11-03,complete
2025-11-01,0.00,0.00,0,8200698.60,last_posted_transaction_or_prior_closing_balance,,trusted,cn_public_2022_2026_cycles_1_0,public_schedule_without_transaction_override,False,,,complete
2025-11-02,17598.43,0.00,1,8218297.03,last_posted_transaction_or_prior_closing_balance,synb1_txn_e7a7095fd937169744337dc4,trusted,cn_public_2022_2026_cycles_1_0,public_schedule_without_transaction_override,False,,,complete
2025-11-03,0.00,31210.61,2,8187086.42,last_posted_transaction_or_prior_closing_balance,synb1_txn_beb91d7cd278da1c1b2a7fdd,trusted,cn_public_2022_2026_cycles_1_0,public_schedule_without_transaction_override,True,457,2025-11-04,complete
2025-11-04,0.00,0.00,0,8187086.42,last_posted_transaction_or_prior_closing_balance,,trusted,cn_public_2022_2026_cycles_1_0,public_schedule_without_transaction_override,True,458,2025-11-05,complete
2025-11-05,0.00,74000.00,1,8113086.42,last_posted_transaction_or_prior_closing_balance,synb1_txn_3ad844ad057169d0d00e1bfa,trusted,cn_public_2022_2026_cycles_1_0,public_schedule_without_transaction_override,True,459,2025-11-06,complete
2025-11-06,10148.18,96729.69,2,8026504.91,last_posted_transaction_or_prior_closing_balance,synb1_txn_8abe72041ce5abd9d099d617,trusted,cn_public_2022_2026_cycles_1_0,public_schedule_without_transaction_override,True,460,2025-11-07,complete
2025-11-07,54601.78,74000.00,2,8007106.69,last_posted_transaction_or_prior_closing_balance,synb1_txn_563563400d0015ea0cdeb693,trusted,cn_public_2022_2026_cycles_1_0,public_schedule_without_transaction_override,True,461,2025-11-10,complete
2025-11-08,0.00,0.00,0,8007106.69,last_posted_transaction_or_prior_closing_balance,,trusted,cn_public_2022_2026_cycles_1_0,public_schedule_without_transaction_override,False,,,complete
2025-11-09,117906.30,0.00,1,8125012.99,last_posted_transaction_or_prior_closing_balance,synb1_txn_0381297051718f38c080d7f4,trusted,cn_public_2022_2026_cycles_1_0,public_schedule_without_transaction_override,False,,,complete
2025-11-10,0.00,0.00,0,8125012.99,last_posted_transaction_or_prior_closing_balance,,trusted,cn_public_2022_2026_cycles_1_0,public_schedule_without_transaction_override,True,462,2025-11-11,complete
2025-11-11,43830.97,0.00,1,8168843.96,last_posted_transaction_or_prior_closing_balance,synb1_txn_1e4a6ea3607c5e7992cc64f6,trusted,cn_public_2022_2026_cycles_1_0,public_schedule_without_transaction_override,True,463,2025-11-12,complete
2025-11-12,0.00,0.00,0,8168843.96,last_posted_transaction_or_prior_closing_balance,,trusted,cn_public_2022_2026_cycles_1_0,public_schedule_without_transaction_override,True,464,2025-11-13,complete
2025-11-13,0.00,0.00,0,8168843.96,last_posted_transaction_or_prior_closing_balance,,trusted,cn_public_2022_2026_cycles_1_0,public_schedule_without_transaction_override,True,465,2025-11-14,complete
2025-11-14,0.00,0.00,0,8168843.96,last_posted_transaction_or_prior_closing_balance,,trusted,cn_public_2022_2026_cycles_1_0,public_schedule_without_transaction_override,True,466,2025-11-17,complete
2025-11-15,0.00,0.00,0,8168843.96,last_posted_transaction_or_prior_closing_balance,,trusted,cn_public_2022_2026_cycles_1_0,public_schedule_without_transaction_override,False,,,complete
2025-11-16,16997.66,369.18,2,8185472.44,last_posted_transaction_or_prior_closing_balance,synb1_txn_b855e0c7dfbde648479abc4c,trusted,cn_public_2022_2026_cycles_1_0,public_schedule_without_transaction_override,False,,,complete
2025-11-17,0.00,0.00,0,8185472.44,last_posted_transaction_or_prior_closing_balance,,trusted,cn_public_2022_2026_cycles_1_0,public_schedule_without_transaction_override,True,467,2025-11-18,complete
2025-11-18,0.00,3136.00,2,8182336.44,last_posted_transaction_or_prior_closing_balance,synb1_txn_15e3fa03c78729415e2e9dc1,trusted,cn_public_2022_2026_cycles_1_0,public_schedule_without_transaction_override,True,468,2025-11-19,complete
2025-11-19,0.00,0.00,0,8182336.44,last_posted_transaction_or_prior_closing_balance,,trusted,cn_public_2022_2026_cycles_1_0,public_schedule_without_transaction_override,True,469,2025-11-20,complete
2025-11-20,0.00,0.00,0,8182336.44,last_posted_transaction_or_prior_closing_balance,,trusted,cn_public_2022_2026_cycles_1_0,public_schedule_without_transaction_override,True,470,2025-11-21,complete
2025-11-21,0.00,0.00,0,8182336.44,last_posted_transaction_or_prior_closing_balance,,trusted,cn_public_2022_2026_cycles_1_0,public_schedule_without_transaction_override,True,471,2025-11-24,complete
2025-11-22,14041.96,47362.17,3,8149016.23,last_posted_transaction_or_prior_closing_balance,synb1_txn_0cac32bce4def2f68e1214c7,trusted,cn_public_2022_2026_cycles_1_0,public_schedule_without_transaction_override,False,,,complete
2025-11-23,21162.73,0.00,1,8170178.96,last_posted_transaction_or_prior_closing_balance,synb1_txn_0b2c338dcb3284e67a4dfae2,trusted,cn_public_2022_2026_cycles_1_0,public_schedule_without_transaction_override,False,,,complete
2025-11-24,0.00,284.70,1,8169894.26,last_posted_transaction_or_prior_closing_balance,synb1_txn_34255827b6a102245c846e59,trusted,cn_public_2022_2026_cycles_1_0,public_schedule_without_transaction_override,True,472,2025-11-25,complete
2025-11-25,0.00,57494.31,1,8112399.95,last_posted_transaction_or_prior_closing_balance,synb1_txn_4720dd45312bf9bbe020134a,trusted,cn_public_2022_2026_cycles_1_0,public_schedule_without_transaction_override,True,473,2025-11-26,complete
2025-11-26,0.00,1244.02,1,8111155.93,last_posted_transaction_or_prior_closing_balance,synb1_txn_4eefda8cf7943fe9666374dc,trusted,cn_public_2022_2026_cycles_1_0,public_schedule_without_transaction_override,True,474,2025-11-27,complete
2025-11-27,1411.99,0.00,1,8112567.92,last_posted_transaction_or_prior_closing_balance,synb1_txn_374993e6e853d889f5f5fcb0,trusted,cn_public_2022_2026_cycles_1_0,public_schedule_without_transaction_override,True,475,2025-11-28,complete
2025-11-28,0.00,27881.32,1,8084686.60,last_posted_transaction_or_prior_closing_balance,synb1_txn_488584099e9b7b5ff3f1321f,trusted,cn_public_2022_2026_cycles_1_0,public_schedule_without_transaction_override,True,476,2025-12-01,complete
2025-11-29,0.00,0.00,0,8084686.60,last_posted_transaction_or_prior_closing_balance,,trusted,cn_public_2022_2026_cycles_1_0,public_schedule_without_transaction_override,False,,,complete
2025-11-30,0.00,0.00,0,8084686.60,last_posted_transaction_or_prior_closing_balance,,trusted,cn_public_2022_2026_cycles_1_0,public_schedule_without_transaction_override,False,,,complete
2025-12-01,0.00,0.00,0,8084686.60,last_posted_transaction_or_prior_closing_balance,,trusted,cn_public_2022_2026_cycles_1_0,public_schedule_without_transaction_override,True,477,2025-12-02,complete
2025-12-02,0.00,10068.70,1,8074617.90,last_posted_transaction_or_prior_closing_balance,synb1_txn_baf665fd9891e79334d12d77,trusted,cn_public_2022_2026_cycles_1_0,public_schedule_without_transaction_override,True,478,2025-12-03,complete
2025-12-03,0.00,0.00,0,8074617.90,last_posted_transaction_or_prior_closing_balance,,trusted,cn_public_2022_2026_cycles_1_0,public_schedule_without_transaction_override,True,479,2025-12-04,complete
2025-12-04,10615.16,9435.68,2,8075797.38,last_posted_transaction_or_prior_closing_balance,synb1_txn_364a5bebfae13fa4512374ad,trusted,cn_public_2022_2026_cycles_1_0,public_schedule_without_transaction_override,True,480,2025-12-05,complete
2025-12-05,63661.50,74000.00,2,8065458.88,last_posted_transaction_or_prior_closing_balance,synb1_txn_2e50e16f1e264f602c8e1452,trusted,cn_public_2022_2026_cycles_1_0,public_schedule_without_transaction_override,True,481,2025-12-08,complete
2025-12-06,0.00,0.00,0,8065458.88,last_posted_transaction_or_prior_closing_balance,,trusted,cn_public_2022_2026_cycles_1_0,public_schedule_without_transaction_override,False,,,complete
2025-12-07,32102.58,122610.50,3,7974950.96,last_posted_transaction_or_prior_closing_balance,synb1_txn_4abf4c0d89d26477d14ac775,trusted,cn_public_2022_2026_cycles_1_0,public_schedule_without_transaction_override,False,,,complete
2025-12-08,0.00,0.00,0,7974950.96,last_posted_transaction_or_prior_closing_balance,,trusted,cn_public_2022_2026_cycles_1_0,public_schedule_without_transaction_override,True,482,2025-12-09,complete
2025-12-09,0.00,0.00,0,7974950.96,last_posted_transaction_or_prior_closing_balance,,trusted,cn_public_2022_2026_cycles_1_0,public_schedule_without_transaction_override,True,483,2025-12-10,complete
2025-12-10,31844.22,0.00,1,8006795.18,last_posted_transaction_or_prior_closing_balance,synb1_txn_7d9f905185544501110f15e4,trusted,cn_public_2022_2026_cycles_1_0,public_schedule_without_transaction_override,True,484,2025-12-11,complete
2025-12-11,0.00,30667.47,1,7976127.71,last_posted_transaction_or_prior_closing_balance,synb1_txn_b42219b2e1374ba9a88b8866,trusted,cn_public_2022_2026_cycles_1_0,public_schedule_without_transaction_override,True,485,2025-12-12,complete
2025-12-12,0.00,0.00,0,7976127.71,last_posted_transaction_or_prior_closing_balance,,trusted,cn_public_2022_2026_cycles_1_0,public_schedule_without_transaction_override,True,486,2025-12-15,complete
2025-12-13,0.00,0.00,0,7976127.71,last_posted_transaction_or_prior_closing_balance,,trusted,cn_public_2022_2026_cycles_1_0,public_schedule_without_transaction_override,False,,,complete
2025-12-14,0.00,8495.62,1,7967632.09,last_posted_transaction_or_prior_closing_balance,synb1_txn_2051f22c57b6b1d104f6bf1b,trusted,cn_public_2022_2026_cycles_1_0,public_schedule_without_transaction_override,False,,,complete
2025-12-15,16499.28,0.00,1,7984131.37,last_posted_transaction_or_prior_closing_balance,synb1_txn_f0ebbbf9fd8d4a000708cc44,trusted,cn_public_2022_2026_cycles_1_0,public_schedule_without_transaction_override,True,487,2025-12-16,complete
2025-12-16,0.00,0.00,0,7984131.37,last_posted_transaction_or_prior_closing_balance,,trusted,cn_public_2022_2026_cycles_1_0,public_schedule_without_transaction_override,True,488,2025-12-17,complete
2025-12-17,18922.87,0.00,1,8003054.24,last_posted_transaction_or_prior_closing_balance,synb1_txn_08258fd1e91aa37da9665359,trusted,cn_public_2022_2026_cycles_1_0,public_schedule_without_transaction_override,True,489,2025-12-18,complete
2025-12-18,0.00,3472.00,2,7999582.24,last_posted_transaction_or_prior_closing_balance,synb1_txn_4a6bb1c9f82595ee8397eccf,trusted,cn_public_2022_2026_cycles_1_0,public_schedule_without_transaction_override,True,490,2025-12-19,complete
2025-12-19,17117.54,2163.68,2,8014536.10,last_posted_transaction_or_prior_closing_balance,synb1_txn_7dceac7faa3259f3a493e362,trusted,cn_public_2022_2026_cycles_1_0,public_schedule_without_transaction_override,True,491,2025-12-22,complete
2025-12-20,0.00,0.00,0,8014536.10,last_posted_transaction_or_prior_closing_balance,,trusted,cn_public_2022_2026_cycles_1_0,public_schedule_without_transaction_override,False,,,complete
2025-12-21,0.00,65228.32,1,7949307.78,last_posted_transaction_or_prior_closing_balance,synb1_txn_a2c6026f6e980d2c0da295e5,trusted,cn_public_2022_2026_cycles_1_0,public_schedule_without_transaction_override,False,,,complete
2025-12-22,28016.35,91470.03,2,7885854.10,last_posted_transaction_or_prior_closing_balance,synb1_txn_6c0debbb1054532e06f65846,trusted,cn_public_2022_2026_cycles_1_0,public_schedule_without_transaction_override,True,492,2025-12-23,complete
2025-12-23,0.00,0.00,0,7885854.10,last_posted_transaction_or_prior_closing_balance,,trusted,cn_public_2022_2026_cycles_1_0,public_schedule_without_transaction_override,True,493,2025-12-24,complete
2025-12-24,0.00,0.00,0,7885854.10,last_posted_transaction_or_prior_closing_balance,,trusted,cn_public_2022_2026_cycles_1_0,public_schedule_without_transaction_override,True,494,2025-12-25,complete
2025-12-25,18596.35,0.00,1,7904450.45,last_posted_transaction_or_prior_closing_balance,synb1_txn_24db2a8e032546096bfa2339,trusted,cn_public_2022_2026_cycles_1_0,public_schedule_without_transaction_override,True,495,2025-12-26,complete
2025-12-26,0.00,0.00,0,7904450.45,last_posted_transaction_or_prior_closing_balance,,trusted,cn_public_2022_2026_cycles_1_0,public_schedule_without_transaction_override,True,496,2025-12-29,complete
2025-12-27,34416.56,0.00,2,7938867.01,last_posted_transaction_or_prior_closing_balance,synb1_txn_9ff36ade91b6e3dfe1325d41,trusted,cn_public_2022_2026_cycles_1_0,public_schedule_without_transaction_override,False,,,complete
2025-12-28,8707.59,0.00,1,7947574.60,last_posted_transaction_or_prior_closing_balance,synb1_txn_35c3ca6f27268d9fc8f9ed48,trusted,cn_public_2022_2026_cycles_1_0,public_schedule_without_transaction_override,False,,,complete
2025-12-29,0.00,0.00,0,7947574.60,last_posted_transaction_or_prior_closing_balance,,trusted,cn_public_2022_2026_cycles_1_0,public_schedule_without_transaction_override,True,497,2025-12-30,complete
2025-12-30,0.00,0.00,0,7947574.60,last_posted_transaction_or_prior_closing_balance,,trusted,cn_public_2022_2026_cycles_1_0,public_schedule_without_transaction_override,True,498,2025-12-31,complete
2025-12-31,0.00,0.00,0,7947574.60,last_posted_transaction_or_prior_closing_balance,,trusted,cn_public_2022_2026_cycles_1_0,public_schedule_without_transaction_override,True,499,2026-01-04,complete
